yil;donem;kadro_kodu;kurum;unvan;il;ogrenim;kontenjan;bos_kadro;min_puan;max_puan;nitelik_kodlari;nitelikler;kadro_guid
2016;4;901800849;Gıda, Tarım ve Hayvancılık Bakanlığı;Mühendis;İzmir;Lisans;1;;92.204;92.204;"4799;3191";4799 - Aşağıdaki lisans programlarından birinden mezun olmak. | 3191 - Gıda Mühendisliği;922a39c6-c20a-e611-80c6-a0369f7d1486
2016;4;901800831;Gıda, Tarım ve Hayvancılık Bakanlığı;Mühendis;İzmir;Lisans;1;;91.888;91.888;"4799;3191";4799 - Aşağıdaki lisans programlarından birinden mezun olmak. | 3191 - Gıda Mühendisliği;892a39c6-c20a-e611-80c6-a0369f7d1486
2016;4;901800835;Gıda, Tarım ve Hayvancılık Bakanlığı;Mühendis;İzmir;Lisans;1;;91.861;91.861;"4799;3191";4799 - Aşağıdaki lisans programlarından birinden mezun olmak. | 3191 - Gıda Mühendisliği;8b2a39c6-c20a-e611-80c6-a0369f7d1486
2016;4;901800183;Gıda, Tarım ve Hayvancılık Bakanlığı;Mühendis;Aydın;Lisans;2;;91.85;91.984;"4799;3191";4799 - Aşağıdaki lisans programlarından birinden mezun olmak. | 3191 - Gıda Mühendisliği;592939c6-c20a-e611-80c6-a0369f7d1486
2016;4;901800129;Gıda, Tarım ve Hayvancılık Bakanlığı;Mühendis;Antalya;Lisans;2;;91.641;91.65;"4799;3191";4799 - Aşağıdaki lisans programlarından birinden mezun olmak. | 3191 - Gıda Mühendisliği;4b2939c6-c20a-e611-80c6-a0369f7d1486
2016;4;901800833;Gıda, Tarım ve Hayvancılık Bakanlığı;Mühendis;İzmir;Lisans;1;;91.619;91.619;"4799;3191";4799 - Aşağıdaki lisans programlarından birinden mezun olmak. | 3191 - Gıda Mühendisliği;8a2a39c6-c20a-e611-80c6-a0369f7d1486
2016;4;901800677;Gıda, Tarım ve Hayvancılık Bakanlığı;Mühendis;Hatay;Lisans;1;;91.617;91.617;"4799;3191";4799 - Aşağıdaki lisans programlarından birinden mezun olmak. | 3191 - Gıda Mühendisliği;402a39c6-c20a-e611-80c6-a0369f7d1486
2016;4;901801551;Gıda, Tarım ve Hayvancılık Bakanlığı;Mühendis;Tekirdağ;Lisans;1;;91.362;91.362;"4799;3191";4799 - Aşağıdaki lisans programlarından birinden mezun olmak. | 3191 - Gıda Mühendisliği;b22b39c6-c20a-e611-80c6-a0369f7d1486
2016;4;901800769;Gıda, Tarım ve Hayvancılık Bakanlığı;Mühendis;İstanbul;Lisans;1;;91.269;91.269;"4799;3191";4799 - Aşağıdaki lisans programlarından birinden mezun olmak. | 3191 - Gıda Mühendisliği;6a2a39c6-c20a-e611-80c6-a0369f7d1486
2016;4;901801535;Gıda, Tarım ve Hayvancılık Bakanlığı;Mühendis;Tekirdağ;Lisans;1;;91.227;91.227;"4799;3191";4799 - Aşağıdaki lisans programlarından birinden mezun olmak. | 3191 - Gıda Mühendisliği;aa2b39c6-c20a-e611-80c6-a0369f7d1486
2016;4;901800127;Gıda, Tarım ve Hayvancılık Bakanlığı;Mühendis;Antalya;Lisans;3;;91.184;91.386;"4799;3191";4799 - Aşağıdaki lisans programlarından birinden mezun olmak. | 3191 - Gıda Mühendisliği;4a2939c6-c20a-e611-80c6-a0369f7d1486
2016;4;901800353;Gıda, Tarım ve Hayvancılık Bakanlığı;Mühendis;Bursa;Lisans;1;;91.153;91.153;"4799;3191";4799 - Aşağıdaki lisans programlarından birinden mezun olmak. | 3191 - Gıda Mühendisliği;a22939c6-c20a-e611-80c6-a0369f7d1486
2016;4;901801075;Gıda, Tarım ve Hayvancılık Bakanlığı;Mühendis;Konya;Lisans;1;;91.034;91.034;"4799;3191";4799 - Aşağıdaki lisans programlarından birinden mezun olmak. | 3191 - Gıda Mühendisliği;e62a39c6-c20a-e611-80c6-a0369f7d1486
2016;4;901800125;Gıda, Tarım ve Hayvancılık Bakanlığı;Mühendis;Antalya;Lisans;1;;91.023;91.023;"4799;3191";4799 - Aşağıdaki lisans programlarından birinden mezun olmak. | 3191 - Gıda Mühendisliği;492939c6-c20a-e611-80c6-a0369f7d1486
2016;4;901800845;Gıda, Tarım ve Hayvancılık Bakanlığı;Mühendis;İzmir;Lisans;1;;90.994;90.994;"4799;3191";4799 - Aşağıdaki lisans programlarından birinden mezun olmak. | 3191 - Gıda Mühendisliği;902a39c6-c20a-e611-80c6-a0369f7d1486
2016;4;901801569;Gıda, Tarım ve Hayvancılık Bakanlığı;Mühendis;Trabzon;Lisans;1;;90.981;90.981;"4799;3191";4799 - Aşağıdaki lisans programlarından birinden mezun olmak. | 3191 - Gıda Mühendisliği;bb2b39c6-c20a-e611-80c6-a0369f7d1486
2016;4;901800855;Gıda, Tarım ve Hayvancılık Bakanlığı;Mühendis;İzmir;Lisans;1;;90.933;90.933;"4799;3191";4799 - Aşağıdaki lisans programlarından birinden mezun olmak. | 3191 - Gıda Mühendisliği;952a39c6-c20a-e611-80c6-a0369f7d1486
2016;4;901800825;Gıda, Tarım ve Hayvancılık Bakanlığı;Mühendis;İzmir;Lisans;1;;90.816;90.816;"4799;3191";4799 - Aşağıdaki lisans programlarından birinden mezun olmak. | 3191 - Gıda Mühendisliği;862a39c6-c20a-e611-80c6-a0369f7d1486
2016;4;901800721;Gıda, Tarım ve Hayvancılık Bakanlığı;Mühendis;İstanbul;Lisans;1;;90.733;90.733;"4799;3191";4799 - Aşağıdaki lisans programlarından birinden mezun olmak. | 3191 - Gıda Mühendisliği;522a39c6-c20a-e611-80c6-a0369f7d1486
2016;4;901800005;Gıda, Tarım ve Hayvancılık Bakanlığı;Mühendis;Adana;Lisans;1;;90.677;90.677;"4799;3191";4799 - Aşağıdaki lisans programlarından birinden mezun olmak. | 3191 - Gıda Mühendisliği;0f2939c6-c20a-e611-80c6-a0369f7d1486
2016;4;901801563;Gıda, Tarım ve Hayvancılık Bakanlığı;Mühendis;Trabzon;Lisans;1;;90.596;90.596;"4799;3191";4799 - Aşağıdaki lisans programlarından birinden mezun olmak. | 3191 - Gıda Mühendisliği;b82b39c6-c20a-e611-80c6-a0369f7d1486
2016;4;901800763;Gıda, Tarım ve Hayvancılık Bakanlığı;Mühendis;İstanbul;Lisans;1;;90.431;90.431;"4799;3191";4799 - Aşağıdaki lisans programlarından birinden mezun olmak. | 3191 - Gıda Mühendisliği;672a39c6-c20a-e611-80c6-a0369f7d1486
2016;4;901800851;Gıda, Tarım ve Hayvancılık Bakanlığı;Mühendis;İzmir;Lisans;1;;90.411;90.411;"4799;3191";4799 - Aşağıdaki lisans programlarından birinden mezun olmak. | 3191 - Gıda Mühendisliği;932a39c6-c20a-e611-80c6-a0369f7d1486
2016;4;901800487;Gıda, Tarım ve Hayvancılık Bakanlığı;Mühendis;Erzincan;Lisans;1;;90.369;90.369;"4799;3191";4799 - Aşağıdaki lisans programlarından birinden mezun olmak. | 3191 - Gıda Mühendisliği;e12939c6-c20a-e611-80c6-a0369f7d1486
2016;4;901801119;Gıda, Tarım ve Hayvancılık Bakanlığı;Mühendis;Kütahya;Lisans;1;;90.356;90.356;"4799;3191";4799 - Aşağıdaki lisans programlarından birinden mezun olmak. | 3191 - Gıda Mühendisliği;fc2a39c6-c20a-e611-80c6-a0369f7d1486
2016;4;901800823;Gıda, Tarım ve Hayvancılık Bakanlığı;Mühendis;İzmir;Lisans;2;;90.345;90.629;"4799;3191";4799 - Aşağıdaki lisans programlarından birinden mezun olmak. | 3191 - Gıda Mühendisliği;852a39c6-c20a-e611-80c6-a0369f7d1486
2016;4;901800841;Gıda, Tarım ve Hayvancılık Bakanlığı;Mühendis;İzmir;Lisans;2;;90.288;90.669;"4799;3191";4799 - Aşağıdaki lisans programlarından birinden mezun olmak. | 3191 - Gıda Mühendisliği;8e2a39c6-c20a-e611-80c6-a0369f7d1486
2016;4;901800773;Gıda, Tarım ve Hayvancılık Bakanlığı;Mühendis;İstanbul;Lisans;1;;90.18;90.18;"4799;3191";4799 - Aşağıdaki lisans programlarından birinden mezun olmak. | 3191 - Gıda Mühendisliği;6c2a39c6-c20a-e611-80c6-a0369f7d1486
2016;4;901801315;Gıda, Tarım ve Hayvancılık Bakanlığı;Mühendis;Osmaniye;Lisans;1;;90.149;90.149;"4799;3191";4799 - Aşağıdaki lisans programlarından birinden mezun olmak. | 3191 - Gıda Mühendisliği;542c39c6-c20a-e611-80c6-a0369f7d1486
2016;4;901801033;Gıda, Tarım ve Hayvancılık Bakanlığı;Mühendis;Kocaeli;Lisans;1;;90.101;90.101;"4799;3191";4799 - Aşağıdaki lisans programlarından birinden mezun olmak. | 3191 - Gıda Mühendisliği;d12a39c6-c20a-e611-80c6-a0369f7d1486
2016;4;901800765;Gıda, Tarım ve Hayvancılık Bakanlığı;Mühendis;İstanbul;Lisans;1;;90.059;90.059;"4799;3191";4799 - Aşağıdaki lisans programlarından birinden mezun olmak. | 3191 - Gıda Mühendisliği;682a39c6-c20a-e611-80c6-a0369f7d1486
2016;4;901801131;Gıda, Tarım ve Hayvancılık Bakanlığı;Mühendis;Malatya;Lisans;2;;90.024;91.192;"4799;3191";4799 - Aşağıdaki lisans programlarından birinden mezun olmak. | 3191 - Gıda Mühendisliği;022b39c6-c20a-e611-80c6-a0369f7d1486
2016;4;901800843;Gıda, Tarım ve Hayvancılık Bakanlığı;Mühendis;İzmir;Lisans;1;;89.936;89.936;"4799;3191";4799 - Aşağıdaki lisans programlarından birinden mezun olmak. | 3191 - Gıda Mühendisliği;8f2a39c6-c20a-e611-80c6-a0369f7d1486
2016;4;901800115;Gıda, Tarım ve Hayvancılık Bakanlığı;Mühendis;Antalya;Lisans;1;;89.912;89.912;"4799;3191";4799 - Aşağıdaki lisans programlarından birinden mezun olmak. | 3191 - Gıda Mühendisliği;442939c6-c20a-e611-80c6-a0369f7d1486
2016;4;901801375;Gıda, Tarım ve Hayvancılık Bakanlığı;Mühendis;Samsun;Lisans;2;;89.899;90.686;"4799;3191";4799 - Aşağıdaki lisans programlarından birinden mezun olmak. | 3191 - Gıda Mühendisliği;842b39c6-c20a-e611-80c6-a0369f7d1486
2016;4;901800779;Gıda, Tarım ve Hayvancılık Bakanlığı;Mühendis;İstanbul;Lisans;1;;89.855;89.855;"4799;3191";4799 - Aşağıdaki lisans programlarından birinden mezun olmak. | 3191 - Gıda Mühendisliği;6f2a39c6-c20a-e611-80c6-a0369f7d1486
2016;4;901800857;Gıda, Tarım ve Hayvancılık Bakanlığı;Mühendis;İzmir;Lisans;1;;89.833;89.833;"4799;3191";4799 - Aşağıdaki lisans programlarından birinden mezun olmak. | 3191 - Gıda Mühendisliği;962a39c6-c20a-e611-80c6-a0369f7d1486
2016;4;901800853;Gıda, Tarım ve Hayvancılık Bakanlığı;Mühendis;İzmir;Lisans;1;;89.795;89.795;"4799;3191";4799 - Aşağıdaki lisans programlarından birinden mezun olmak. | 3191 - Gıda Mühendisliği;942a39c6-c20a-e611-80c6-a0369f7d1486
2016;4;901800615;Gıda, Tarım ve Hayvancılık Bakanlığı;Mühendis;Giresun;Lisans;1;;89.786;89.786;"4799;3191";4799 - Aşağıdaki lisans programlarından birinden mezun olmak. | 3191 - Gıda Mühendisliği;212a39c6-c20a-e611-80c6-a0369f7d1486
2016;4;901800437;Gıda, Tarım ve Hayvancılık Bakanlığı;Mühendis;Düzce;Lisans;1;;89.714;89.714;"4799;3191";4799 - Aşağıdaki lisans programlarından birinden mezun olmak. | 3191 - Gıda Mühendisliği;552c39c6-c20a-e611-80c6-a0369f7d1486
2016;4;901800365;Gıda, Tarım ve Hayvancılık Bakanlığı;Mühendis;Bursa;Lisans;4;;89.652;90.856;"4799;3191";4799 - Aşağıdaki lisans programlarından birinden mezun olmak. | 3191 - Gıda Mühendisliği;a82939c6-c20a-e611-80c6-a0369f7d1486
2016;4;901800361;Gıda, Tarım ve Hayvancılık Bakanlığı;Mühendis;Bursa;Lisans;2;;89.617;90.763;"4799;3191";4799 - Aşağıdaki lisans programlarından birinden mezun olmak. | 3191 - Gıda Mühendisliği;a62939c6-c20a-e611-80c6-a0369f7d1486
2016;4;901801541;Gıda, Tarım ve Hayvancılık Bakanlığı;Mühendis;Tekirdağ;Lisans;1;;89.579;89.579;"4799;3191";4799 - Aşağıdaki lisans programlarından birinden mezun olmak. | 3191 - Gıda Mühendisliği;ad2b39c6-c20a-e611-80c6-a0369f7d1486
2016;4;901800355;Gıda, Tarım ve Hayvancılık Bakanlığı;Mühendis;Bursa;Lisans;1;;89.573;89.573;"4799;3191";4799 - Aşağıdaki lisans programlarından birinden mezun olmak. | 3191 - Gıda Mühendisliği;a32939c6-c20a-e611-80c6-a0369f7d1486
2016;4;901800235;Gıda, Tarım ve Hayvancılık Bakanlığı;Mühendis;Batman;Lisans;1;;89.522;89.522;"4799;3191";4799 - Aşağıdaki lisans programlarından birinden mezun olmak. | 3191 - Gıda Mühendisliği;242c39c6-c20a-e611-80c6-a0369f7d1486
2016;4;901801579;Gıda, Tarım ve Hayvancılık Bakanlığı;Mühendis;Trabzon;Lisans;1;;89.509;89.509;"4799;3191";4799 - Aşağıdaki lisans programlarından birinden mezun olmak. | 3191 - Gıda Mühendisliği;c02b39c6-c20a-e611-80c6-a0369f7d1486
2016;4;901801281;Gıda, Tarım ve Hayvancılık Bakanlığı;Mühendis;Niğde;Lisans;1;;89.489;89.489;"4799;3191";4799 - Aşağıdaki lisans programlarından birinden mezun olmak. | 3191 - Gıda Mühendisliği;572b39c6-c20a-e611-80c6-a0369f7d1486
2016;4;901800729;Gıda, Tarım ve Hayvancılık Bakanlığı;Mühendis;İstanbul;Lisans;2;;89.443;89.98;"4799;3191";4799 - Aşağıdaki lisans programlarından birinden mezun olmak. | 3191 - Gıda Mühendisliği;562a39c6-c20a-e611-80c6-a0369f7d1486
2016;4;901801091;Gıda, Tarım ve Hayvancılık Bakanlığı;Mühendis;Konya;Lisans;1;;89.439;89.439;"4799;3191";4799 - Aşağıdaki lisans programlarından birinden mezun olmak. | 3191 - Gıda Mühendisliği;ee2a39c6-c20a-e611-80c6-a0369f7d1486
2016;4;901800667;Gıda, Tarım ve Hayvancılık Bakanlığı;Mühendis;Hatay;Lisans;1;;89.28;89.28;"4799;3191";4799 - Aşağıdaki lisans programlarından birinden mezun olmak. | 3191 - Gıda Mühendisliği;3b2a39c6-c20a-e611-80c6-a0369f7d1486
2016;4;901800013;Gıda, Tarım ve Hayvancılık Bakanlığı;Mühendis;Adana;Lisans;4;;89.225;90.064;"4799;3191";4799 - Aşağıdaki lisans programlarından birinden mezun olmak. | 3191 - Gıda Mühendisliği;132939c6-c20a-e611-80c6-a0369f7d1486
2016;4;901800861;Gıda, Tarım ve Hayvancılık Bakanlığı;Mühendis;Kahramanmaraş;Lisans;2;;89.225;89.298;"4799;3191";4799 - Aşağıdaki lisans programlarından birinden mezun olmak. | 3191 - Gıda Mühendisliği;172b39c6-c20a-e611-80c6-a0369f7d1486
2016;4;901801327;Gıda, Tarım ve Hayvancılık Bakanlığı;Mühendis;Sakarya;Lisans;1;;89.21;89.21;"4799;3191";4799 - Aşağıdaki lisans programlarından birinden mezun olmak. | 3191 - Gıda Mühendisliği;6c2b39c6-c20a-e611-80c6-a0369f7d1486
2016;4;901801031;Gıda, Tarım ve Hayvancılık Bakanlığı;Mühendis;Kocaeli;Lisans;3;;89.144;93.663;"4799;3191";4799 - Aşağıdaki lisans programlarından birinden mezun olmak. | 3191 - Gıda Mühendisliği;d02a39c6-c20a-e611-80c6-a0369f7d1486
2016;4;901801231;Gıda, Tarım ve Hayvancılık Bakanlığı;Mühendis;Muğla;Lisans;1;;89.142;89.142;"4799;3191";4799 - Aşağıdaki lisans programlarından birinden mezun olmak. | 3191 - Gıda Mühendisliği;3e2b39c6-c20a-e611-80c6-a0369f7d1486
2016;4;901801385;Gıda, Tarım ve Hayvancılık Bakanlığı;Mühendis;Siirt;Lisans;1;;89.142;89.142;"4799;3191";4799 - Aşağıdaki lisans programlarından birinden mezun olmak. | 3191 - Gıda Mühendisliği;892b39c6-c20a-e611-80c6-a0369f7d1486
2016;4;901800975;Gıda, Tarım ve Hayvancılık Bakanlığı;Mühendis;Kayseri;Lisans;4;;89.115;90.763;"4799;3191";4799 - Aşağıdaki lisans programlarından birinden mezun olmak. | 3191 - Gıda Mühendisliği;ba2a39c6-c20a-e611-80c6-a0369f7d1486
2016;4;901800967;Gıda, Tarım ve Hayvancılık Bakanlığı;Mühendis;Kayseri;Lisans;1;;89.109;89.109;"4799;3191";4799 - Aşağıdaki lisans programlarından birinden mezun olmak. | 3191 - Gıda Mühendisliği;b62a39c6-c20a-e611-80c6-a0369f7d1486
2016;4;901801377;Gıda, Tarım ve Hayvancılık Bakanlığı;Mühendis;Samsun;Lisans;1;;89.093;89.093;"4799;3191";4799 - Aşağıdaki lisans programlarından birinden mezun olmak. | 3191 - Gıda Mühendisliği;852b39c6-c20a-e611-80c6-a0369f7d1486
2016;4;901800021;Gıda, Tarım ve Hayvancılık Bakanlığı;Mühendis;Afyonkarahisar;Lisans;2;;89.085;89.987;"4799;3191";4799 - Aşağıdaki lisans programlarından birinden mezun olmak. | 3191 - Gıda Mühendisliği;172939c6-c20a-e611-80c6-a0369f7d1486
2016;4;901800055;Gıda, Tarım ve Hayvancılık Bakanlığı;Mühendis;Afyonkarahisar;Lisans;1;;89.082;89.082;"4803;8196;4825;5135;4831;3202;8258;8289;4845;3385;3386;4212;6131;8147;8158;9048;9269;4846;9114;4853;3325;3383;3384;8221;8263;4854;9106;4857;3382";4803 - Aşağıdaki lisans programlarından birinden mezun olmak. | 8196 - Gıda Bilimi ve Teknolojisi | 4825 - Aşağıdaki lisans programlarından birinden mezun olmak. | 5135 - Ziraat Mühendisliği | 4831 - Aşağıdaki lisans programlarından birinden mezun olmak. | 3202 - Hayvansal Üretim | 8258 - Süt Teknolojisi | 8289 - Zootekni / Zooteknik | 4845 - Aşağıdaki lisans programlarından birinden mezun olmak. | 3385 - Tarla Bitkileri | 3386 - Toprak | 4212 - Bahçe ve Tarla Bitkileri | 6131 - Bitkisel Üretim | 8147 - Bahçe Bitkileri | 8158 - Bitki Koruma | 9048 - Toprak Bilimi ve Bitki Besleme | 9269 - Bitkisel Üretim ve Teknolojileri | 4846 - Aşağıdaki lisans programlarından birinden mezun olmak. | 9114 - Biyosistem Mühendisliği | 4853 - Aşağıdaki lisans programlarından birinden mezun olmak. | 3325 - Tarım Teknolojisi | 3383 - Tarım Makineleri | 3384 - Tarımsal Yapılar ve Sulama | 8221 - Kültürteknik | 8263 - Tarımsal Mekanizasyon | 4854 - Aşağıdaki lisans programlarından birinden mezun olmak. | 9106 - Tarımsal Biyoteknoloji | 4857 - Aşağıdaki lisans programlarından birinden mezun olmak. | 3382 - Tarım Ekonomisi;282939c6-c20a-e611-80c6-a0369f7d1486
2016;4;901800007;Gıda, Tarım ve Hayvancılık Bakanlığı;Mühendis;Adana;Lisans;1;;89.067;89.067;"4799;3191";4799 - Aşağıdaki lisans programlarından birinden mezun olmak. | 3191 - Gıda Mühendisliği;102939c6-c20a-e611-80c6-a0369f7d1486
2016;4;901800809;Gıda, Tarım ve Hayvancılık Bakanlığı;Mühendis;İstanbul;Lisans;1;;89.051;89.051;"4799;3191";4799 - Aşağıdaki lisans programlarından birinden mezun olmak. | 3191 - Gıda Mühendisliği;7e2a39c6-c20a-e611-80c6-a0369f7d1486
2016;4;901801361;Gıda, Tarım ve Hayvancılık Bakanlığı;Mühendis;Sakarya;Lisans;1;;89.029;89.029;"4799;3191";4799 - Aşağıdaki lisans programlarından birinden mezun olmak. | 3191 - Gıda Mühendisliği;7d2b39c6-c20a-e611-80c6-a0369f7d1486
2016;4;901800195;Gıda, Tarım ve Hayvancılık Bakanlığı;Mühendis;Aydın;Lisans;1;;89.021;89.021;"4799;3191";4799 - Aşağıdaki lisans programlarından birinden mezun olmak. | 3191 - Gıda Mühendisliği;5f2939c6-c20a-e611-80c6-a0369f7d1486
2016;4;901801151;Gıda, Tarım ve Hayvancılık Bakanlığı;Mühendis;Manisa;Lisans;1;;89.016;89.016;"4799;3191";4799 - Aşağıdaki lisans programlarından birinden mezun olmak. | 3191 - Gıda Mühendisliği;0c2b39c6-c20a-e611-80c6-a0369f7d1486
2016;4;901801683;Gıda, Tarım ve Hayvancılık Bakanlığı;Mühendis;Zonguldak;Lisans;2;;89.012;89.943;"4799;3191";4799 - Aşağıdaki lisans programlarından birinden mezun olmak. | 3191 - Gıda Mühendisliği;0e2c39c6-c20a-e611-80c6-a0369f7d1486
2016;4;901801531;Gıda, Tarım ve Hayvancılık Bakanlığı;Mühendis;Tekirdağ;Lisans;1;;88.963;88.963;"4799;3191";4799 - Aşağıdaki lisans programlarından birinden mezun olmak. | 3191 - Gıda Mühendisliği;a82b39c6-c20a-e611-80c6-a0369f7d1486
2016;4;901800819;Gıda, Tarım ve Hayvancılık Bakanlığı;Mühendis;İstanbul;Lisans;1;;88.935;88.935;"4799;3191";4799 - Aşağıdaki lisans programlarından birinden mezun olmak. | 3191 - Gıda Mühendisliği;832a39c6-c20a-e611-80c6-a0369f7d1486
2016;4;901800739;Gıda, Tarım ve Hayvancılık Bakanlığı;Mühendis;İstanbul;Lisans;2;;88.933;90.308;"4799;3191";4799 - Aşağıdaki lisans programlarından birinden mezun olmak. | 3191 - Gıda Mühendisliği;5b2a39c6-c20a-e611-80c6-a0369f7d1486
2016;4;901800359;Gıda, Tarım ve Hayvancılık Bakanlığı;Mühendis;Bursa;Lisans;1;;88.92;88.92;"4799;3191";4799 - Aşağıdaki lisans programlarından birinden mezun olmak. | 3191 - Gıda Mühendisliği;a52939c6-c20a-e611-80c6-a0369f7d1486
2016;4;901801127;Gıda, Tarım ve Hayvancılık Bakanlığı;Mühendis;Kütahya;Lisans;1;;88.886;88.886;"4799;3191";4799 - Aşağıdaki lisans programlarından birinden mezun olmak. | 3191 - Gıda Mühendisliği;002b39c6-c20a-e611-80c6-a0369f7d1486
2016;4;901801373;Gıda, Tarım ve Hayvancılık Bakanlığı;Mühendis;Samsun;Lisans;1;;88.869;88.869;"4799;3191";4799 - Aşağıdaki lisans programlarından birinden mezun olmak. | 3191 - Gıda Mühendisliği;832b39c6-c20a-e611-80c6-a0369f7d1486
2016;4;901800887;Gıda, Tarım ve Hayvancılık Bakanlığı;Mühendis;Kahramanmaraş;Lisans;1;;88.851;88.851;"4799;3191";4799 - Aşağıdaki lisans programlarından birinden mezun olmak. | 3191 - Gıda Mühendisliği;242b39c6-c20a-e611-80c6-a0369f7d1486
2016;4;901801147;Gıda, Tarım ve Hayvancılık Bakanlığı;Mühendis;Manisa;Lisans;5;;88.845;91.881;"4799;3191";4799 - Aşağıdaki lisans programlarından birinden mezun olmak. | 3191 - Gıda Mühendisliği;0a2b39c6-c20a-e611-80c6-a0369f7d1486
2016;4;901800197;Gıda, Tarım ve Hayvancılık Bakanlığı;Mühendis;Aydın;Lisans;2;;88.796;89.098;"4799;3191";4799 - Aşağıdaki lisans programlarından birinden mezun olmak. | 3191 - Gıda Mühendisliği;602939c6-c20a-e611-80c6-a0369f7d1486
2016;4;901800885;Gıda, Tarım ve Hayvancılık Bakanlığı;Mühendis;Kahramanmaraş;Lisans;1;;88.792;88.792;"4799;3191";4799 - Aşağıdaki lisans programlarından birinden mezun olmak. | 3191 - Gıda Mühendisliği;232b39c6-c20a-e611-80c6-a0369f7d1486
2016;4;901800759;Gıda, Tarım ve Hayvancılık Bakanlığı;Mühendis;İstanbul;Lisans;1;;88.73;88.73;"4799;3191";4799 - Aşağıdaki lisans programlarından birinden mezun olmak. | 3191 - Gıda Mühendisliği;652a39c6-c20a-e611-80c6-a0369f7d1486
2016;4;901800003;Gıda, Tarım ve Hayvancılık Bakanlığı;Mühendis;Adana;Lisans;2;;88.721;88.746;"4799;3191";4799 - Aşağıdaki lisans programlarından birinden mezun olmak. | 3191 - Gıda Mühendisliği;0e2939c6-c20a-e611-80c6-a0369f7d1486
2016;4;901800215;Gıda, Tarım ve Hayvancılık Bakanlığı;Mühendis;Balıkesir;Lisans;1;;88.721;88.721;"4799;3191";4799 - Aşağıdaki lisans programlarından birinden mezun olmak. | 3191 - Gıda Mühendisliği;692939c6-c20a-e611-80c6-a0369f7d1486
2016;4;901801169;Gıda, Tarım ve Hayvancılık Bakanlığı;Mühendis;Manisa;Lisans;1;;88.691;88.691;"4799;3191";4799 - Aşağıdaki lisans programlarından birinden mezun olmak. | 3191 - Gıda Mühendisliği;152b39c6-c20a-e611-80c6-a0369f7d1486
2016;4;901800397;Gıda, Tarım ve Hayvancılık Bakanlığı;Mühendis;Çorum;Lisans;1;;88.671;88.671;"4799;3191";4799 - Aşağıdaki lisans programlarından birinden mezun olmak. | 3191 - Gıda Mühendisliği;b82939c6-c20a-e611-80c6-a0369f7d1486
2016;4;901800795;Gıda, Tarım ve Hayvancılık Bakanlığı;Mühendis;İstanbul;Lisans;2;;88.671;88.812;"4799;3191";4799 - Aşağıdaki lisans programlarından birinden mezun olmak. | 3191 - Gıda Mühendisliği;772a39c6-c20a-e611-80c6-a0369f7d1486
2016;4;901800107;Gıda, Tarım ve Hayvancılık Bakanlığı;Mühendis;Antalya;Lisans;4;;88.666;89.454;"4799;3191";4799 - Aşağıdaki lisans programlarından birinden mezun olmak. | 3191 - Gıda Mühendisliği;402939c6-c20a-e611-80c6-a0369f7d1486
2016;4;901800395;Gıda, Tarım ve Hayvancılık Bakanlığı;Mühendis;Çorum;Lisans;1;;88.662;88.662;"4799;3191";4799 - Aşağıdaki lisans programlarından birinden mezun olmak. | 3191 - Gıda Mühendisliği;b72939c6-c20a-e611-80c6-a0369f7d1486
2016;4;901800973;Gıda, Tarım ve Hayvancılık Bakanlığı;Mühendis;Kayseri;Lisans;4;;88.64;88.873;"4799;3191";4799 - Aşağıdaki lisans programlarından birinden mezun olmak. | 3191 - Gıda Mühendisliği;b92a39c6-c20a-e611-80c6-a0369f7d1486
2016;4;901801545;Gıda, Tarım ve Hayvancılık Bakanlığı;Mühendis;Tekirdağ;Lisans;1;;88.638;88.638;"4799;3191";4799 - Aşağıdaki lisans programlarından birinden mezun olmak. | 3191 - Gıda Mühendisliği;af2b39c6-c20a-e611-80c6-a0369f7d1486
2016;4;901800121;Gıda, Tarım ve Hayvancılık Bakanlığı;Mühendis;Antalya;Lisans;3;;88.62;89.716;"4799;3191";4799 - Aşağıdaki lisans programlarından birinden mezun olmak. | 3191 - Gıda Mühendisliği;472939c6-c20a-e611-80c6-a0369f7d1486
2016;4;901800225;Gıda, Tarım ve Hayvancılık Bakanlığı;Mühendis;Balıkesir;Lisans;2;;88.6;89.17;"4799;3191";4799 - Aşağıdaki lisans programlarından birinden mezun olmak. | 3191 - Gıda Mühendisliği;6e2939c6-c20a-e611-80c6-a0369f7d1486
2016;4;901800621;Gıda, Tarım ve Hayvancılık Bakanlığı;Mühendis;Gümüşhane;Lisans;1;;88.6;88.6;"4799;3191";4799 - Aşağıdaki lisans programlarından birinden mezun olmak. | 3191 - Gıda Mühendisliği;242a39c6-c20a-e611-80c6-a0369f7d1486
2016;4;901800713;Gıda, Tarım ve Hayvancılık Bakanlığı;Mühendis;İstanbul;Lisans;6;;88.585;89.731;"4799;3191";4799 - Aşağıdaki lisans programlarından birinden mezun olmak. | 3191 - Gıda Mühendisliği;4e2a39c6-c20a-e611-80c6-a0369f7d1486
2016;4;901800211;Gıda, Tarım ve Hayvancılık Bakanlığı;Mühendis;Balıkesir;Lisans;2;;88.548;89.016;"4799;3191";4799 - Aşağıdaki lisans programlarından birinden mezun olmak. | 3191 - Gıda Mühendisliği;672939c6-c20a-e611-80c6-a0369f7d1486
2016;4;901800837;Gıda, Tarım ve Hayvancılık Bakanlığı;Mühendis;İzmir;Lisans;1;;88.523;88.523;"4799;3191";4799 - Aşağıdaki lisans programlarından birinden mezun olmak. | 3191 - Gıda Mühendisliği;8c2a39c6-c20a-e611-80c6-a0369f7d1486
2016;4;901801163;Gıda, Tarım ve Hayvancılık Bakanlığı;Mühendis;Manisa;Lisans;1;;88.51;88.51;"4799;3191";4799 - Aşağıdaki lisans programlarından birinden mezun olmak. | 3191 - Gıda Mühendisliği;122b39c6-c20a-e611-80c6-a0369f7d1486
2016;4;901801225;Gıda, Tarım ve Hayvancılık Bakanlığı;Mühendis;Muğla;Lisans;3;;88.455;89.773;"4799;3191";4799 - Aşağıdaki lisans programlarından birinden mezun olmak. | 3191 - Gıda Mühendisliği;3b2b39c6-c20a-e611-80c6-a0369f7d1486
2016;4;901800117;Gıda, Tarım ve Hayvancılık Bakanlığı;Mühendis;Antalya;Lisans;2;;88.431;88.576;"4799;3191";4799 - Aşağıdaki lisans programlarından birinden mezun olmak. | 3191 - Gıda Mühendisliği;452939c6-c20a-e611-80c6-a0369f7d1486
2016;4;901801329;Gıda, Tarım ve Hayvancılık Bakanlığı;Mühendis;Sakarya;Lisans;1;;88.427;88.427;"4799;3191";4799 - Aşağıdaki lisans programlarından birinden mezun olmak. | 3191 - Gıda Mühendisliği;6d2b39c6-c20a-e611-80c6-a0369f7d1486
2016;4;901800827;Gıda, Tarım ve Hayvancılık Bakanlığı;Mühendis;İzmir;Lisans;3;;88.416;89.327;"4799;3191";4799 - Aşağıdaki lisans programlarından birinden mezun olmak. | 3191 - Gıda Mühendisliği;872a39c6-c20a-e611-80c6-a0369f7d1486
2016;4;901800119;Gıda, Tarım ve Hayvancılık Bakanlığı;Mühendis;Antalya;Lisans;1;;88.407;88.407;"4799;3191";4799 - Aşağıdaki lisans programlarından birinden mezun olmak. | 3191 - Gıda Mühendisliği;462939c6-c20a-e611-80c6-a0369f7d1486
2016;4;901800109;Gıda, Tarım ve Hayvancılık Bakanlığı;Mühendis;Antalya;Lisans;1;;88.402;88.402;"4799;3191";4799 - Aşağıdaki lisans programlarından birinden mezun olmak. | 3191 - Gıda Mühendisliği;412939c6-c20a-e611-80c6-a0369f7d1486
2016;4;901800787;Gıda, Tarım ve Hayvancılık Bakanlığı;Mühendis;İstanbul;Lisans;2;;88.385;90.968;"4799;3191";4799 - Aşağıdaki lisans programlarından birinden mezun olmak. | 3191 - Gıda Mühendisliği;732a39c6-c20a-e611-80c6-a0369f7d1486
2016;4;901800099;Gıda, Tarım ve Hayvancılık Bakanlığı;Mühendis;Aksaray;Lisans;1;;88.385;88.385;"4799;3191";4799 - Aşağıdaki lisans programlarından birinden mezun olmak. | 3191 - Gıda Mühendisliği;122c39c6-c20a-e611-80c6-a0369f7d1486
2016;4;901801629;Gıda, Tarım ve Hayvancılık Bakanlığı;Mühendis;Yalova;Lisans;2;;88.367;91.815;"4799;3191";4799 - Aşağıdaki lisans programlarından birinden mezun olmak. | 3191 - Gıda Mühendisliği;4b2c39c6-c20a-e611-80c6-a0369f7d1486
2016;4;901801369;Gıda, Tarım ve Hayvancılık Bakanlığı;Mühendis;Samsun;Lisans;1;;88.358;88.358;"4799;3191";4799 - Aşağıdaki lisans programlarından birinden mezun olmak. | 3191 - Gıda Mühendisliği;812b39c6-c20a-e611-80c6-a0369f7d1486
2016;4;901800743;Gıda, Tarım ve Hayvancılık Bakanlığı;Mühendis;İstanbul;Lisans;1;;88.341;88.341;"4799;3191";4799 - Aşağıdaki lisans programlarından birinden mezun olmak. | 3191 - Gıda Mühendisliği;5d2a39c6-c20a-e611-80c6-a0369f7d1486
2016;4;901801573;Gıda, Tarım ve Hayvancılık Bakanlığı;Mühendis;Trabzon;Lisans;1;;88.339;88.339;"4799;3191";4799 - Aşağıdaki lisans programlarından birinden mezun olmak. | 3191 - Gıda Mühendisliği;bd2b39c6-c20a-e611-80c6-a0369f7d1486
2016;4;901801371;Gıda, Tarım ve Hayvancılık Bakanlığı;Mühendis;Samsun;Lisans;1;;88.319;88.319;"4799;3191";4799 - Aşağıdaki lisans programlarından birinden mezun olmak. | 3191 - Gıda Mühendisliği;822b39c6-c20a-e611-80c6-a0369f7d1486
2016;4;901801241;Gıda, Tarım ve Hayvancılık Bakanlığı;Mühendis;Muğla;Lisans;1;;88.31;88.31;"4799;3191";4799 - Aşağıdaki lisans programlarından birinden mezun olmak. | 3191 - Gıda Mühendisliği;432b39c6-c20a-e611-80c6-a0369f7d1486
2016;4;901800671;Gıda, Tarım ve Hayvancılık Bakanlığı;Mühendis;Hatay;Lisans;1;;88.292;88.292;"4799;3191";4799 - Aşağıdaki lisans programlarından birinden mezun olmak. | 3191 - Gıda Mühendisliği;3d2a39c6-c20a-e611-80c6-a0369f7d1486
2016;4;901801363;Gıda, Tarım ve Hayvancılık Bakanlığı;Mühendis;Sakarya;Lisans;1;;88.259;88.259;"4803;8196;4825;5135;4831;3202;8258;8289;4845;3385;3386;4212;6131;8147;8158;9048;9269;4846;9114;4853;3325;3383;3384;8221;8263;4854;9106;4857;3382";4803 - Aşağıdaki lisans programlarından birinden mezun olmak. | 8196 - Gıda Bilimi ve Teknolojisi | 4825 - Aşağıdaki lisans programlarından birinden mezun olmak. | 5135 - Ziraat Mühendisliği | 4831 - Aşağıdaki lisans programlarından birinden mezun olmak. | 3202 - Hayvansal Üretim | 8258 - Süt Teknolojisi | 8289 - Zootekni / Zooteknik | 4845 - Aşağıdaki lisans programlarından birinden mezun olmak. | 3385 - Tarla Bitkileri | 3386 - Toprak | 4212 - Bahçe ve Tarla Bitkileri | 6131 - Bitkisel Üretim | 8147 - Bahçe Bitkileri | 8158 - Bitki Koruma | 9048 - Toprak Bilimi ve Bitki Besleme | 9269 - Bitkisel Üretim ve Teknolojileri | 4846 - Aşağıdaki lisans programlarından birinden mezun olmak. | 9114 - Biyosistem Mühendisliği | 4853 - Aşağıdaki lisans programlarından birinden mezun olmak. | 3325 - Tarım Teknolojisi | 3383 - Tarım Makineleri | 3384 - Tarımsal Yapılar ve Sulama | 8221 - Kültürteknik | 8263 - Tarımsal Mekanizasyon | 4854 - Aşağıdaki lisans programlarından birinden mezun olmak. | 9106 - Tarımsal Biyoteknoloji | 4857 - Aşağıdaki lisans programlarından birinden mezun olmak. | 3382 - Tarım Ekonomisi;7e2b39c6-c20a-e611-80c6-a0369f7d1486
2016;4;901800703;Gıda, Tarım ve Hayvancılık Bakanlığı;Mühendis;Isparta;Lisans;1;;88.255;88.255;"4799;3191";4799 - Aşağıdaki lisans programlarından birinden mezun olmak. | 3191 - Gıda Mühendisliği;442a39c6-c20a-e611-80c6-a0369f7d1486
2016;4;901801367;Gıda, Tarım ve Hayvancılık Bakanlığı;Mühendis;Samsun;Lisans;1;;88.255;88.255;"4799;3191";4799 - Aşağıdaki lisans programlarından birinden mezun olmak. | 3191 - Gıda Mühendisliği;802b39c6-c20a-e611-80c6-a0369f7d1486
2016;4;901800187;Gıda, Tarım ve Hayvancılık Bakanlığı;Mühendis;Aydın;Lisans;2;;88.242;88.717;"4799;3191";4799 - Aşağıdaki lisans programlarından birinden mezun olmak. | 3191 - Gıda Mühendisliği;5b2939c6-c20a-e611-80c6-a0369f7d1486
2016;4;901801235;Gıda, Tarım ve Hayvancılık Bakanlığı;Mühendis;Muğla;Lisans;1;;88.224;88.224;"4799;3191";4799 - Aşağıdaki lisans programlarından birinden mezun olmak. | 3191 - Gıda Mühendisliği;402b39c6-c20a-e611-80c6-a0369f7d1486
2016;4;901800203;Gıda, Tarım ve Hayvancılık Bakanlığı;Mühendis;Aydın;Lisans;1;;88.207;88.207;"4799;3191";4799 - Aşağıdaki lisans programlarından birinden mezun olmak. | 3191 - Gıda Mühendisliği;632939c6-c20a-e611-80c6-a0369f7d1486
2016;4;901800883;Gıda, Tarım ve Hayvancılık Bakanlığı;Mühendis;Kahramanmaraş;Lisans;1;;88.202;88.202;"4799;3191";4799 - Aşağıdaki lisans programlarından birinden mezun olmak. | 3191 - Gıda Mühendisliği;222b39c6-c20a-e611-80c6-a0369f7d1486
2016;4;901800111;Gıda, Tarım ve Hayvancılık Bakanlığı;Mühendis;Antalya;Lisans;2;;88.182;88.259;"4799;3191";4799 - Aşağıdaki lisans programlarından birinden mezun olmak. | 3191 - Gıda Mühendisliği;422939c6-c20a-e611-80c6-a0369f7d1486
2016;4;901800349;Gıda, Tarım ve Hayvancılık Bakanlığı;Mühendis;Bursa;Lisans;3;;88.176;89.639;"4799;3191";4799 - Aşağıdaki lisans programlarından birinden mezun olmak. | 3191 - Gıda Mühendisliği;a02939c6-c20a-e611-80c6-a0369f7d1486
2016;4;901800405;Gıda, Tarım ve Hayvancılık Bakanlığı;Mühendis;Denizli;Lisans;1;;88.138;88.138;"4799;3191";4799 - Aşağıdaki lisans programlarından birinden mezun olmak. | 3191 - Gıda Mühendisliği;bc2939c6-c20a-e611-80c6-a0369f7d1486
2016;4;901801309;Gıda, Tarım ve Hayvancılık Bakanlığı;Mühendis;Ordu;Lisans;1;;88.134;88.134;"4799;3191";4799 - Aşağıdaki lisans programlarından birinden mezun olmak. | 3191 - Gıda Mühendisliği;652b39c6-c20a-e611-80c6-a0369f7d1486
2016;4;901800889;Gıda, Tarım ve Hayvancılık Bakanlığı;Mühendis;Karabük;Lisans;1;;88.121;88.121;"4799;3191";4799 - Aşağıdaki lisans programlarından birinden mezun olmak. | 3191 - Gıda Mühendisliği;4d2c39c6-c20a-e611-80c6-a0369f7d1486
2016;4;901800367;Gıda, Tarım ve Hayvancılık Bakanlığı;Mühendis;Bursa;Lisans;1;;88.099;88.099;"4799;3191";4799 - Aşağıdaki lisans programlarından birinden mezun olmak. | 3191 - Gıda Mühendisliği;a92939c6-c20a-e611-80c6-a0369f7d1486
2016;4;901800805;Gıda, Tarım ve Hayvancılık Bakanlığı;Mühendis;İstanbul;Lisans;1;;88.072;88.072;"4799;3191";4799 - Aşağıdaki lisans programlarından birinden mezun olmak. | 3191 - Gıda Mühendisliği;7c2a39c6-c20a-e611-80c6-a0369f7d1486
2016;4;901801159;Gıda, Tarım ve Hayvancılık Bakanlığı;Mühendis;Manisa;Lisans;1;;88.046;88.046;"4799;3191";4799 - Aşağıdaki lisans programlarından birinden mezun olmak. | 3191 - Gıda Mühendisliği;102b39c6-c20a-e611-80c6-a0369f7d1486
2016;4;901800345;Gıda, Tarım ve Hayvancılık Bakanlığı;Mühendis;Bursa;Lisans;2;;88.044;89.357;"4799;3191";4799 - Aşağıdaki lisans programlarından birinden mezun olmak. | 3191 - Gıda Mühendisliği;9e2939c6-c20a-e611-80c6-a0369f7d1486
2016;4;901800341;Gıda, Tarım ve Hayvancılık Bakanlığı;Mühendis;Burdur;Lisans;1;;88.013;88.013;"4799;3191";4799 - Aşağıdaki lisans programlarından birinden mezun olmak. | 3191 - Gıda Mühendisliği;9c2939c6-c20a-e611-80c6-a0369f7d1486
2016;4;901800189;Gıda, Tarım ve Hayvancılık Bakanlığı;Mühendis;Aydın;Lisans;1;;88.004;88.004;"4799;3191";4799 - Aşağıdaki lisans programlarından birinden mezun olmak. | 3191 - Gıda Mühendisliği;5c2939c6-c20a-e611-80c6-a0369f7d1486
2016;4;901801209;Gıda, Tarım ve Hayvancılık Bakanlığı;Mühendis;Mersin;Lisans;1;;87.987;87.987;"4799;3191";4799 - Aşağıdaki lisans programlarından birinden mezun olmak. | 3191 - Gıda Mühendisliği;4a2a39c6-c20a-e611-80c6-a0369f7d1486
2016;4;901800009;Gıda, Tarım ve Hayvancılık Bakanlığı;Mühendis;Adana;Lisans;1;;87.982;87.982;"4799;3191";4799 - Aşağıdaki lisans programlarından birinden mezun olmak. | 3191 - Gıda Mühendisliği;112939c6-c20a-e611-80c6-a0369f7d1486
2016;4;901800407;Gıda, Tarım ve Hayvancılık Bakanlığı;Mühendis;Denizli;Lisans;1;;87.982;87.982;"4799;3191";4799 - Aşağıdaki lisans programlarından birinden mezun olmak. | 3191 - Gıda Mühendisliği;bd2939c6-c20a-e611-80c6-a0369f7d1486
2016;4;901801227;Gıda, Tarım ve Hayvancılık Bakanlığı;Mühendis;Muğla;Lisans;1;;87.951;87.951;"4799;3191";4799 - Aşağıdaki lisans programlarından birinden mezun olmak. | 3191 - Gıda Mühendisliği;3c2b39c6-c20a-e611-80c6-a0369f7d1486
2016;4;901800675;Gıda, Tarım ve Hayvancılık Bakanlığı;Mühendis;Hatay;Lisans;1;;87.936;87.936;"4799;3191";4799 - Aşağıdaki lisans programlarından birinden mezun olmak. | 3191 - Gıda Mühendisliği;3f2a39c6-c20a-e611-80c6-a0369f7d1486
2016;4;901800103;Gıda, Tarım ve Hayvancılık Bakanlığı;Mühendis;Amasya;Lisans;2;;87.901;90.746;"4799;3191";4799 - Aşağıdaki lisans programlarından birinden mezun olmak. | 3191 - Gıda Mühendisliği;3e2939c6-c20a-e611-80c6-a0369f7d1486
2016;4;901801561;Gıda, Tarım ve Hayvancılık Bakanlığı;Mühendis;Trabzon;Lisans;1;;87.861;87.861;"4689;3233;4298;8324;9034";4689 - Aşağıdaki lisans programlarından birinden mezun olmak. | 3233 - Jeodezi ve Fotogrametri Mühendisliği | 4298 - Jeodezi ve Haritacılık | 8324 - Harita Mühendisliği | 9034 - Geomatik Mühendisliği;b72b39c6-c20a-e611-80c6-a0369f7d1486
2016;4;901800401;Gıda, Tarım ve Hayvancılık Bakanlığı;Mühendis;Denizli;Lisans;1;;87.844;87.844;"4799;3191";4799 - Aşağıdaki lisans programlarından birinden mezun olmak. | 3191 - Gıda Mühendisliği;ba2939c6-c20a-e611-80c6-a0369f7d1486
2016;4;901801035;Gıda, Tarım ve Hayvancılık Bakanlığı;Mühendis;Kocaeli;Lisans;2;;87.835;89.789;"4799;3191";4799 - Aşağıdaki lisans programlarından birinden mezun olmak. | 3191 - Gıda Mühendisliği;d22a39c6-c20a-e611-80c6-a0369f7d1486
2016;4;901801565;Gıda, Tarım ve Hayvancılık Bakanlığı;Mühendis;Trabzon;Lisans;1;;87.813;87.813;"4799;3191";4799 - Aşağıdaki lisans programlarından birinden mezun olmak. | 3191 - Gıda Mühendisliği;b92b39c6-c20a-e611-80c6-a0369f7d1486
2016;4;901800789;Gıda, Tarım ve Hayvancılık Bakanlığı;Mühendis;İstanbul;Lisans;2;;87.8;88.829;"4799;3191";4799 - Aşağıdaki lisans programlarından birinden mezun olmak. | 3191 - Gıda Mühendisliği;742a39c6-c20a-e611-80c6-a0369f7d1486
2016;4;901800813;Gıda, Tarım ve Hayvancılık Bakanlığı;Mühendis;İstanbul;Lisans;1;;87.795;87.795;"4799;3191";4799 - Aşağıdaki lisans programlarından birinden mezun olmak. | 3191 - Gıda Mühendisliği;802a39c6-c20a-e611-80c6-a0369f7d1486
2016;4;901801379;Gıda, Tarım ve Hayvancılık Bakanlığı;Mühendis;Samsun;Lisans;1;;87.788;87.788;"4799;3191";4799 - Aşağıdaki lisans programlarından birinden mezun olmak. | 3191 - Gıda Mühendisliği;862b39c6-c20a-e611-80c6-a0369f7d1486
2016;4;901800227;Gıda, Tarım ve Hayvancılık Bakanlığı;Mühendis;Balıkesir;Lisans;2;;87.769;88.301;"4799;3191";4799 - Aşağıdaki lisans programlarından birinden mezun olmak. | 3191 - Gıda Mühendisliği;6f2939c6-c20a-e611-80c6-a0369f7d1486
2016;4;901800479;Gıda, Tarım ve Hayvancılık Bakanlığı;Mühendis;Elazığ;Lisans;2;;87.762;88.924;"4799;3191";4799 - Aşağıdaki lisans programlarından birinden mezun olmak. | 3191 - Gıda Mühendisliği;dd2939c6-c20a-e611-80c6-a0369f7d1486
2016;4;901801057;Gıda, Tarım ve Hayvancılık Bakanlığı;Mühendis;Kocaeli;Lisans;5;;87.758;90.176;"4799;3191";4799 - Aşağıdaki lisans programlarından birinden mezun olmak. | 3191 - Gıda Mühendisliği;dd2a39c6-c20a-e611-80c6-a0369f7d1486
2016;4;901800229;Gıda, Tarım ve Hayvancılık Bakanlığı;Mühendis;Bartın;Lisans;1;;87.751;87.751;"4799;3191";4799 - Aşağıdaki lisans programlarından birinden mezun olmak. | 3191 - Gıda Mühendisliği;332c39c6-c20a-e611-80c6-a0369f7d1486
2016;4;901800217;Gıda, Tarım ve Hayvancılık Bakanlığı;Mühendis;Balıkesir;Lisans;2;;87.725;87.896;"4799;3191";4799 - Aşağıdaki lisans programlarından birinden mezun olmak. | 3191 - Gıda Mühendisliği;6a2939c6-c20a-e611-80c6-a0369f7d1486
2016;4;901800777;Gıda, Tarım ve Hayvancılık Bakanlığı;Mühendis;İstanbul;Lisans;1;;87.718;87.718;"4799;3191";4799 - Aşağıdaki lisans programlarından birinden mezun olmak. | 3191 - Gıda Mühendisliği;6e2a39c6-c20a-e611-80c6-a0369f7d1486
2016;4;901800459;Gıda, Tarım ve Hayvancılık Bakanlığı;Mühendis;Edirne;Lisans;2;;87.709;87.885;"4799;3191";4799 - Aşağıdaki lisans programlarından birinden mezun olmak. | 3191 - Gıda Mühendisliği;d32939c6-c20a-e611-80c6-a0369f7d1486
2016;4;901801595;Gıda, Tarım ve Hayvancılık Bakanlığı;Mühendis;Uşak;Lisans;1;;87.692;87.692;"4799;3191";4799 - Aşağıdaki lisans programlarından birinden mezun olmak. | 3191 - Gıda Mühendisliği;e42b39c6-c20a-e611-80c6-a0369f7d1486
2016;4;901800561;Gıda, Tarım ve Hayvancılık Bakanlığı;Mühendis;Erzurum;Lisans;1;;87.687;87.687;"4799;3191";4799 - Aşağıdaki lisans programlarından birinden mezun olmak. | 3191 - Gıda Mühendisliği;062a39c6-c20a-e611-80c6-a0369f7d1486
2016;4;901801051;Gıda, Tarım ve Hayvancılık Bakanlığı;Mühendis;Kocaeli;Lisans;1;;87.632;87.632;"4799;3191";4799 - Aşağıdaki lisans programlarından birinden mezun olmak. | 3191 - Gıda Mühendisliği;da2a39c6-c20a-e611-80c6-a0369f7d1486
2016;4;901801217;Gıda, Tarım ve Hayvancılık Bakanlığı;Mühendis;Muğla;Lisans;5;;87.617;90.893;"4799;3191";4799 - Aşağıdaki lisans programlarından birinden mezun olmak. | 3191 - Gıda Mühendisliği;372b39c6-c20a-e611-80c6-a0369f7d1486
2016;4;901800363;Gıda, Tarım ve Hayvancılık Bakanlığı;Mühendis;Bursa;Lisans;3;;87.597;87.736;"4799;3191";4799 - Aşağıdaki lisans programlarından birinden mezun olmak. | 3191 - Gıda Mühendisliği;a72939c6-c20a-e611-80c6-a0369f7d1486
2016;4;901800715;Gıda, Tarım ve Hayvancılık Bakanlığı;Mühendis;İstanbul;Lisans;1;;87.588;87.588;"4818;8337;4819;3320";4818 - Aşağıdaki lisans programlarından birinden mezun olmak. | 8337 - Su Ürünleri Mühendisliği | 4819 - Aşağıdaki lisans programlarından birinden mezun olmak. | 3320 - Su Ürünleri;4f2a39c6-c20a-e611-80c6-a0369f7d1486
2016;4;901801575;Gıda, Tarım ve Hayvancılık Bakanlığı;Mühendis;Trabzon;Lisans;1;;87.582;87.582;"4799;3191";4799 - Aşağıdaki lisans programlarından birinden mezun olmak. | 3191 - Gıda Mühendisliği;be2b39c6-c20a-e611-80c6-a0369f7d1486
2016;4;901800669;Gıda, Tarım ve Hayvancılık Bakanlığı;Mühendis;Hatay;Lisans;1;;87.571;87.571;"4799;3191";4799 - Aşağıdaki lisans programlarından birinden mezun olmak. | 3191 - Gıda Mühendisliği;3c2a39c6-c20a-e611-80c6-a0369f7d1486
2016;4;901800027;Gıda, Tarım ve Hayvancılık Bakanlığı;Mühendis;Afyonkarahisar;Lisans;1;;87.564;87.564;"4799;3191";4799 - Aşağıdaki lisans programlarından birinden mezun olmak. | 3191 - Gıda Mühendisliği;1a2939c6-c20a-e611-80c6-a0369f7d1486
2016;4;901800893;Gıda, Tarım ve Hayvancılık Bakanlığı;Mühendis;Karaman;Lisans;1;;87.562;87.562;"4799;3191";4799 - Aşağıdaki lisans programlarından birinden mezun olmak. | 3191 - Gıda Mühendisliği;1c2c39c6-c20a-e611-80c6-a0369f7d1486
2016;4;901801657;Gıda, Tarım ve Hayvancılık Bakanlığı;Mühendis;Yozgat;Lisans;1;;87.54;87.54;"4799;3191";4799 - Aşağıdaki lisans programlarından birinden mezun olmak. | 3191 - Gıda Mühendisliği;012c39c6-c20a-e611-80c6-a0369f7d1486
2016;4;901801559;Gıda, Tarım ve Hayvancılık Bakanlığı;Mühendis;Tokat;Lisans;1;;87.529;87.529;"4799;3191";4799 - Aşağıdaki lisans programlarından birinden mezun olmak. | 3191 - Gıda Mühendisliği;b62b39c6-c20a-e611-80c6-a0369f7d1486
2016;4;901800193;Gıda, Tarım ve Hayvancılık Bakanlığı;Mühendis;Aydın;Lisans;1;;87.52;87.52;"4799;3191";4799 - Aşağıdaki lisans programlarından birinden mezun olmak. | 3191 - Gıda Mühendisliği;5e2939c6-c20a-e611-80c6-a0369f7d1486
2016;4;901800403;Gıda, Tarım ve Hayvancılık Bakanlığı;Mühendis;Denizli;Lisans;2;;87.52;87.654;"4799;3191";4799 - Aşağıdaki lisans programlarından birinden mezun olmak. | 3191 - Gıda Mühendisliği;bb2939c6-c20a-e611-80c6-a0369f7d1486
2016;4;901800199;Gıda, Tarım ve Hayvancılık Bakanlığı;Mühendis;Aydın;Lisans;1;;87.516;87.516;"4818;8337;4819;3320";4818 - Aşağıdaki lisans programlarından birinden mezun olmak. | 8337 - Su Ürünleri Mühendisliği | 4819 - Aşağıdaki lisans programlarından birinden mezun olmak. | 3320 - Su Ürünleri;612939c6-c20a-e611-80c6-a0369f7d1486
2016;4;901800011;Gıda, Tarım ve Hayvancılık Bakanlığı;Mühendis;Adana;Lisans;1;;87.507;87.507;"4799;3191";4799 - Aşağıdaki lisans programlarından birinden mezun olmak. | 3191 - Gıda Mühendisliği;122939c6-c20a-e611-80c6-a0369f7d1486
2016;4;901801153;Gıda, Tarım ve Hayvancılık Bakanlığı;Mühendis;Manisa;Lisans;1;;87.494;87.494;"4799;3191";4799 - Aşağıdaki lisans programlarından birinden mezun olmak. | 3191 - Gıda Mühendisliği;0d2b39c6-c20a-e611-80c6-a0369f7d1486
2016;4;901801229;Gıda, Tarım ve Hayvancılık Bakanlığı;Mühendis;Muğla;Lisans;3;;87.485;88.259;"4799;3191";4799 - Aşağıdaki lisans programlarından birinden mezun olmak. | 3191 - Gıda Mühendisliği;3d2b39c6-c20a-e611-80c6-a0369f7d1486
2016;4;901801061;Gıda, Tarım ve Hayvancılık Bakanlığı;Mühendis;Konya;Lisans;2;;87.458;87.815;"4799;3191";4799 - Aşağıdaki lisans programlarından birinden mezun olmak. | 3191 - Gıda Mühendisliği;df2a39c6-c20a-e611-80c6-a0369f7d1486
2016;4;901800979;Gıda, Tarım ve Hayvancılık Bakanlığı;Mühendis;Kayseri;Lisans;1;;87.454;87.454;"4799;3191";4799 - Aşağıdaki lisans programlarından birinden mezun olmak. | 3191 - Gıda Mühendisliği;bc2a39c6-c20a-e611-80c6-a0369f7d1486
2016;4;901800757;Gıda, Tarım ve Hayvancılık Bakanlığı;Mühendis;İstanbul;Lisans;1;;87.441;87.441;"4799;3191";4799 - Aşağıdaki lisans programlarından birinden mezun olmak. | 3191 - Gıda Mühendisliği;642a39c6-c20a-e611-80c6-a0369f7d1486
2016;4;901800223;Gıda, Tarım ve Hayvancılık Bakanlığı;Mühendis;Balıkesir;Lisans;1;;87.432;87.432;"4799;3191";4799 - Aşağıdaki lisans programlarından birinden mezun olmak. | 3191 - Gıda Mühendisliği;6d2939c6-c20a-e611-80c6-a0369f7d1486
2016;4;901801053;Gıda, Tarım ve Hayvancılık Bakanlığı;Mühendis;Kocaeli;Lisans;1;;87.41;87.41;"4799;3191";4799 - Aşağıdaki lisans programlarından birinden mezun olmak. | 3191 - Gıda Mühendisliği;db2a39c6-c20a-e611-80c6-a0369f7d1486
2016;4;901801167;Gıda, Tarım ve Hayvancılık Bakanlığı;Mühendis;Manisa;Lisans;1;;87.379;87.379;"4799;3191";4799 - Aşağıdaki lisans programlarından birinden mezun olmak. | 3191 - Gıda Mühendisliği;142b39c6-c20a-e611-80c6-a0369f7d1486
2016;4;901800435;Gıda, Tarım ve Hayvancılık Bakanlığı;Mühendis;Diyarbakır;Lisans;2;;87.355;87.395;"4799;3191";4799 - Aşağıdaki lisans programlarından birinden mezun olmak. | 3191 - Gıda Mühendisliği;cb2939c6-c20a-e611-80c6-a0369f7d1486
2016;4;901800581;Gıda, Tarım ve Hayvancılık Bakanlığı;Mühendis;Gaziantep;Lisans;1;;87.344;87.344;"4799;3191";4799 - Aşağıdaki lisans programlarından birinden mezun olmak. | 3191 - Gıda Mühendisliği;102a39c6-c20a-e611-80c6-a0369f7d1486
2016;4;901801239;Gıda, Tarım ve Hayvancılık Bakanlığı;Mühendis;Muğla;Lisans;1;;87.315;87.315;"4799;3191";4799 - Aşağıdaki lisans programlarından birinden mezun olmak. | 3191 - Gıda Mühendisliği;422b39c6-c20a-e611-80c6-a0369f7d1486
2016;4;901801099;Gıda, Tarım ve Hayvancılık Bakanlığı;Mühendis;Konya;Lisans;2;;87.313;88.792;"4799;3191";4799 - Aşağıdaki lisans programlarından birinden mezun olmak. | 3191 - Gıda Mühendisliği;f22a39c6-c20a-e611-80c6-a0369f7d1486
2016;4;901801247;Gıda, Tarım ve Hayvancılık Bakanlığı;Mühendis;Muş;Lisans;1;;87.302;87.302;"4799;3191";4799 - Aşağıdaki lisans programlarından birinden mezun olmak. | 3191 - Gıda Mühendisliği;462b39c6-c20a-e611-80c6-a0369f7d1486
2016;4;901801219;Gıda, Tarım ve Hayvancılık Bakanlığı;Mühendis;Muğla;Lisans;3;;87.296;87.943;"4799;3191";4799 - Aşağıdaki lisans programlarından birinden mezun olmak. | 3191 - Gıda Mühendisliği;382b39c6-c20a-e611-80c6-a0369f7d1486
2016;4;901801207;Gıda, Tarım ve Hayvancılık Bakanlığı;Mühendis;Mersin;Lisans;1;;87.28;87.28;"4799;3191";4799 - Aşağıdaki lisans programlarından birinden mezun olmak. | 3191 - Gıda Mühendisliği;492a39c6-c20a-e611-80c6-a0369f7d1486
2016;4;901801085;Gıda, Tarım ve Hayvancılık Bakanlığı;Mühendis;Konya;Lisans;2;;87.274;87.749;"4799;3191";4799 - Aşağıdaki lisans programlarından birinden mezun olmak. | 3191 - Gıda Mühendisliği;eb2a39c6-c20a-e611-80c6-a0369f7d1486
2016;4;901801043;Gıda, Tarım ve Hayvancılık Bakanlığı;Mühendis;Kocaeli;Lisans;1;;87.256;87.256;"4799;3191";4799 - Aşağıdaki lisans programlarından birinden mezun olmak. | 3191 - Gıda Mühendisliği;d62a39c6-c20a-e611-80c6-a0369f7d1486
2016;4;901800017;Gıda, Tarım ve Hayvancılık Bakanlığı;Mühendis;Adıyaman;Lisans;2;;87.247;88.631;"4799;3191";4799 - Aşağıdaki lisans programlarından birinden mezun olmak. | 3191 - Gıda Mühendisliği;152939c6-c20a-e611-80c6-a0369f7d1486
2016;4;901800041;Gıda, Tarım ve Hayvancılık Bakanlığı;Mühendis;Afyonkarahisar;Lisans;1;;87.23;87.23;"4799;3191";4799 - Aşağıdaki lisans programlarından birinden mezun olmak. | 3191 - Gıda Mühendisliği;212939c6-c20a-e611-80c6-a0369f7d1486
2016;4;901801381;Gıda, Tarım ve Hayvancılık Bakanlığı;Mühendis;Samsun;Lisans;2;;87.212;87.23;"4799;3191";4799 - Aşağıdaki lisans programlarından birinden mezun olmak. | 3191 - Gıda Mühendisliği;872b39c6-c20a-e611-80c6-a0369f7d1486
2016;4;901800585;Gıda, Tarım ve Hayvancılık Bakanlığı;Mühendis;Gaziantep;Lisans;6;;87.21;88.281;"4799;3191";4799 - Aşağıdaki lisans programlarından birinden mezun olmak. | 3191 - Gıda Mühendisliği;122a39c6-c20a-e611-80c6-a0369f7d1486
2016;4;901800725;Gıda, Tarım ve Hayvancılık Bakanlığı;Mühendis;İstanbul;Lisans;2;;87.19;87.558;"4799;3191";4799 - Aşağıdaki lisans programlarından birinden mezun olmak. | 3191 - Gıda Mühendisliği;542a39c6-c20a-e611-80c6-a0369f7d1486
2016;4;901801287;Gıda, Tarım ve Hayvancılık Bakanlığı;Mühendis;Ordu;Lisans;1;;87.19;87.19;"4799;3191";4799 - Aşağıdaki lisans programlarından birinden mezun olmak. | 3191 - Gıda Mühendisliği;5a2b39c6-c20a-e611-80c6-a0369f7d1486
2016;4;901800357;Gıda, Tarım ve Hayvancılık Bakanlığı;Mühendis;Bursa;Lisans;2;;87.148;87.164;"4799;3191";4799 - Aşağıdaki lisans programlarından birinden mezun olmak. | 3191 - Gıda Mühendisliği;a42939c6-c20a-e611-80c6-a0369f7d1486
2016;4;901801001;Gıda, Tarım ve Hayvancılık Bakanlığı;Mühendis;Kırklareli;Lisans;1;;87.133;87.133;"4799;3191";4799 - Aşağıdaki lisans programlarından birinden mezun olmak. | 3191 - Gıda Mühendisliği;c62a39c6-c20a-e611-80c6-a0369f7d1486
2016;4;901800377;Gıda, Tarım ve Hayvancılık Bakanlığı;Mühendis;Çanakkale;Lisans;1;;87.109;87.109;"4799;3191";4799 - Aşağıdaki lisans programlarından birinden mezun olmak. | 3191 - Gıda Mühendisliği;ae2939c6-c20a-e611-80c6-a0369f7d1486
2016;4;901800971;Gıda, Tarım ve Hayvancılık Bakanlığı;Mühendis;Kayseri;Lisans;1;;87.1;87.1;"4799;3191";4799 - Aşağıdaki lisans programlarından birinden mezun olmak. | 3191 - Gıda Mühendisliği;b82a39c6-c20a-e611-80c6-a0369f7d1486
2016;4;901800969;Gıda, Tarım ve Hayvancılık Bakanlığı;Mühendis;Kayseri;Lisans;1;;87.087;87.087;"4799;3191";4799 - Aşağıdaki lisans programlarından birinden mezun olmak. | 3191 - Gıda Mühendisliği;b72a39c6-c20a-e611-80c6-a0369f7d1486
2016;4;901801571;Gıda, Tarım ve Hayvancılık Bakanlığı;Mühendis;Trabzon;Lisans;1;;87.082;87.082;"4799;3191";4799 - Aşağıdaki lisans programlarından birinden mezun olmak. | 3191 - Gıda Mühendisliği;bc2b39c6-c20a-e611-80c6-a0369f7d1486
2016;4;901800373;Gıda, Tarım ve Hayvancılık Bakanlığı;Mühendis;Çanakkale;Lisans;1;;87.073;87.073;"4799;3191";4799 - Aşağıdaki lisans programlarından birinden mezun olmak. | 3191 - Gıda Mühendisliği;ac2939c6-c20a-e611-80c6-a0369f7d1486
2016;4;901800981;Gıda, Tarım ve Hayvancılık Bakanlığı;Mühendis;Kayseri;Lisans;1;;87.056;87.056;"4799;3191";4799 - Aşağıdaki lisans programlarından birinden mezun olmak. | 3191 - Gıda Mühendisliği;bd2a39c6-c20a-e611-80c6-a0369f7d1486
2016;4;901800191;Gıda, Tarım ve Hayvancılık Bakanlığı;Mühendis;Aydın;Lisans;1;;87.021;87.021;"4799;3191";4799 - Aşağıdaki lisans programlarından birinden mezun olmak. | 3191 - Gıda Mühendisliği;5d2939c6-c20a-e611-80c6-a0369f7d1486
2016;4;901801335;Gıda, Tarım ve Hayvancılık Bakanlığı;Mühendis;Sakarya;Lisans;1;;87.021;87.021;"4799;3191";4799 - Aşağıdaki lisans programlarından birinden mezun olmak. | 3191 - Gıda Mühendisliği;702b39c6-c20a-e611-80c6-a0369f7d1486
2016;4;901801059;Gıda, Tarım ve Hayvancılık Bakanlığı;Mühendis;Kocaeli;Lisans;1;;87.01;87.01;"4799;3191";4799 - Aşağıdaki lisans programlarından birinden mezun olmak. | 3191 - Gıda Mühendisliği;de2a39c6-c20a-e611-80c6-a0369f7d1486
2016;4;901800989;Gıda, Tarım ve Hayvancılık Bakanlığı;Mühendis;Kırklareli;Lisans;1;;87.001;87.001;"4799;3191";4799 - Aşağıdaki lisans programlarından birinden mezun olmak. | 3191 - Gıda Mühendisliği;c02a39c6-c20a-e611-80c6-a0369f7d1486
2016;4;901801079;Gıda, Tarım ve Hayvancılık Bakanlığı;Mühendis;Konya;Lisans;1;;86.994;86.994;"4799;3191";4799 - Aşağıdaki lisans programlarından birinden mezun olmak. | 3191 - Gıda Mühendisliği;e82a39c6-c20a-e611-80c6-a0369f7d1486
2016;4;901800847;Gıda, Tarım ve Hayvancılık Bakanlığı;Mühendis;İzmir;Lisans;1;;86.95;86.95;"4799;3191";4799 - Aşağıdaki lisans programlarından birinden mezun olmak. | 3191 - Gıda Mühendisliği;912a39c6-c20a-e611-80c6-a0369f7d1486
2016;4;901801067;Gıda, Tarım ve Hayvancılık Bakanlığı;Mühendis;Konya;Lisans;1;;86.95;86.95;"4799;3191";4799 - Aşağıdaki lisans programlarından birinden mezun olmak. | 3191 - Gıda Mühendisliği;e22a39c6-c20a-e611-80c6-a0369f7d1486
2016;4;901800783;Gıda, Tarım ve Hayvancılık Bakanlığı;Mühendis;İstanbul;Lisans;3;;86.944;87.696;"4799;3191";4799 - Aşağıdaki lisans programlarından birinden mezun olmak. | 3191 - Gıda Mühendisliği;712a39c6-c20a-e611-80c6-a0369f7d1486
2016;4;901801165;Gıda, Tarım ve Hayvancılık Bakanlığı;Mühendis;Manisa;Lisans;1;;86.939;86.939;"4799;3191";4799 - Aşağıdaki lisans programlarından birinden mezun olmak. | 3191 - Gıda Mühendisliği;132b39c6-c20a-e611-80c6-a0369f7d1486
2016;4;901800391;Gıda, Tarım ve Hayvancılık Bakanlığı;Mühendis;Çanakkale;Lisans;1;;86.93;86.93;"4799;3191";4799 - Aşağıdaki lisans programlarından birinden mezun olmak. | 3191 - Gıda Mühendisliği;b52939c6-c20a-e611-80c6-a0369f7d1486
2016;4;901800587;Gıda, Tarım ve Hayvancılık Bakanlığı;Mühendis;Gaziantep;Lisans;6;;86.911;90.369;"4799;3191";4799 - Aşağıdaki lisans programlarından birinden mezun olmak. | 3191 - Gıda Mühendisliği;132a39c6-c20a-e611-80c6-a0369f7d1486
2016;4;901800877;Gıda, Tarım ve Hayvancılık Bakanlığı;Mühendis;Kahramanmaraş;Lisans;1;;86.884;86.884;"4799;3191";4799 - Aşağıdaki lisans programlarından birinden mezun olmak. | 3191 - Gıda Mühendisliği;1f2b39c6-c20a-e611-80c6-a0369f7d1486
2016;4;901801343;Gıda, Tarım ve Hayvancılık Bakanlığı;Mühendis;Sakarya;Lisans;1;;86.882;86.882;"4799;3191";4799 - Aşağıdaki lisans programlarından birinden mezun olmak. | 3191 - Gıda Mühendisliği;742b39c6-c20a-e611-80c6-a0369f7d1486
2016;4;901801213;Gıda, Tarım ve Hayvancılık Bakanlığı;Mühendis;Mersin;Lisans;2;;86.867;87.606;"4799;3191";4799 - Aşağıdaki lisans programlarından birinden mezun olmak. | 3191 - Gıda Mühendisliği;4c2a39c6-c20a-e611-80c6-a0369f7d1486
2016;4;901800897;Gıda, Tarım ve Hayvancılık Bakanlığı;Mühendis;Karaman;Lisans;1;;86.864;86.864;"4799;3191";4799 - Aşağıdaki lisans programlarından birinden mezun olmak. | 3191 - Gıda Mühendisliği;1e2c39c6-c20a-e611-80c6-a0369f7d1486
2016;4;901800801;Gıda, Tarım ve Hayvancılık Bakanlığı;Mühendis;İstanbul;Lisans;1;;86.856;86.856;"4799;3191";4799 - Aşağıdaki lisans programlarından birinden mezun olmak. | 3191 - Gıda Mühendisliği;7a2a39c6-c20a-e611-80c6-a0369f7d1486
2016;4;901800749;Gıda, Tarım ve Hayvancılık Bakanlığı;Mühendis;İstanbul;Lisans;4;;86.853;88.644;"4799;3191";4799 - Aşağıdaki lisans programlarından birinden mezun olmak. | 3191 - Gıda Mühendisliği;602a39c6-c20a-e611-80c6-a0369f7d1486
2016;4;901801155;Gıda, Tarım ve Hayvancılık Bakanlığı;Mühendis;Manisa;Lisans;1;;86.805;86.805;"4799;3191";4799 - Aşağıdaki lisans programlarından birinden mezun olmak. | 3191 - Gıda Mühendisliği;0e2b39c6-c20a-e611-80c6-a0369f7d1486
2016;4;901801237;Gıda, Tarım ve Hayvancılık Bakanlığı;Mühendis;Muğla;Lisans;1;;86.779;86.779;"4799;3191";4799 - Aşağıdaki lisans programlarından birinden mezun olmak. | 3191 - Gıda Mühendisliği;412b39c6-c20a-e611-80c6-a0369f7d1486
2016;4;901800817;Gıda, Tarım ve Hayvancılık Bakanlığı;Mühendis;İstanbul;Lisans;2;;86.77;88.576;"4799;3191";4799 - Aşağıdaki lisans programlarından birinden mezun olmak. | 3191 - Gıda Mühendisliği;822a39c6-c20a-e611-80c6-a0369f7d1486
2016;4;901800205;Gıda, Tarım ve Hayvancılık Bakanlığı;Mühendis;Aydın;Lisans;1;;86.752;86.752;"4799;3191";4799 - Aşağıdaki lisans programlarından birinden mezun olmak. | 3191 - Gıda Mühendisliği;642939c6-c20a-e611-80c6-a0369f7d1486
2016;4;901800207;Gıda, Tarım ve Hayvancılık Bakanlığı;Mühendis;Aydın;Lisans;1;;86.75;86.75;"4799;3191";4799 - Aşağıdaki lisans programlarından birinden mezun olmak. | 3191 - Gıda Mühendisliği;652939c6-c20a-e611-80c6-a0369f7d1486
2016;4;901801157;Gıda, Tarım ve Hayvancılık Bakanlığı;Mühendis;Manisa;Lisans;1;;86.735;86.735;"4799;3191";4799 - Aşağıdaki lisans programlarından birinden mezun olmak. | 3191 - Gıda Mühendisliği;0f2b39c6-c20a-e611-80c6-a0369f7d1486
2016;4;901800573;Gıda, Tarım ve Hayvancılık Bakanlığı;Mühendis;Gaziantep;Lisans;2;;86.732;89.179;"4799;3191";4799 - Aşağıdaki lisans programlarından birinden mezun olmak. | 3191 - Gıda Mühendisliği;0c2a39c6-c20a-e611-80c6-a0369f7d1486
2016;4;901800735;Gıda, Tarım ve Hayvancılık Bakanlığı;Mühendis;İstanbul;Lisans;3;;86.724;87.577;"4799;3191";4799 - Aşağıdaki lisans programlarından birinden mezun olmak. | 3191 - Gıda Mühendisliği;592a39c6-c20a-e611-80c6-a0369f7d1486
2016;4;901800101;Gıda, Tarım ve Hayvancılık Bakanlığı;Mühendis;Amasya;Lisans;1;;86.715;86.715;"4689;3233;4298;8324;9034";4689 - Aşağıdaki lisans programlarından birinden mezun olmak. | 3233 - Jeodezi ve Fotogrametri Mühendisliği | 4298 - Jeodezi ve Haritacılık | 8324 - Harita Mühendisliği | 9034 - Geomatik Mühendisliği;3d2939c6-c20a-e611-80c6-a0369f7d1486
2016;4;901801625;Gıda, Tarım ve Hayvancılık Bakanlığı;Mühendis;Van;Lisans;1;;86.695;86.695;"4799;3191";4799 - Aşağıdaki lisans programlarından birinden mezun olmak. | 3191 - Gıda Mühendisliği;f32b39c6-c20a-e611-80c6-a0369f7d1486
2016;4;901800201;Gıda, Tarım ve Hayvancılık Bakanlığı;Mühendis;Aydın;Lisans;1;;86.693;86.693;"4799;3191";4799 - Aşağıdaki lisans programlarından birinden mezun olmak. | 3191 - Gıda Mühendisliği;622939c6-c20a-e611-80c6-a0369f7d1486
2016;4;901801055;Gıda, Tarım ve Hayvancılık Bakanlığı;Mühendis;Kocaeli;Lisans;1;;86.693;86.693;"4799;3191";4799 - Aşağıdaki lisans programlarından birinden mezun olmak. | 3191 - Gıda Mühendisliği;dc2a39c6-c20a-e611-80c6-a0369f7d1486
2016;4;901801049;Gıda, Tarım ve Hayvancılık Bakanlığı;Mühendis;Kocaeli;Lisans;1;;86.675;86.675;"4799;3191";4799 - Aşağıdaki lisans programlarından birinden mezun olmak. | 3191 - Gıda Mühendisliği;d92a39c6-c20a-e611-80c6-a0369f7d1486
2016;4;901801039;Gıda, Tarım ve Hayvancılık Bakanlığı;Mühendis;Kocaeli;Lisans;1;;86.673;86.673;"4799;3191";4799 - Aşağıdaki lisans programlarından birinden mezun olmak. | 3191 - Gıda Mühendisliği;d42a39c6-c20a-e611-80c6-a0369f7d1486
2016;4;901800595;Gıda, Tarım ve Hayvancılık Bakanlığı;Mühendis;Giresun;Lisans;2;;86.671;88.182;"4799;3191";4799 - Aşağıdaki lisans programlarından birinden mezun olmak. | 3191 - Gıda Mühendisliği;172a39c6-c20a-e611-80c6-a0369f7d1486
2016;4;901801413;Gıda, Tarım ve Hayvancılık Bakanlığı;Mühendis;Sinop;Lisans;1;;86.662;86.662;"4799;3191";4799 - Aşağıdaki lisans programlarından birinden mezun olmak. | 3191 - Gıda Mühendisliği;972b39c6-c20a-e611-80c6-a0369f7d1486
2016;4;901801211;Gıda, Tarım ve Hayvancılık Bakanlığı;Mühendis;Mersin;Lisans;1;;86.649;86.649;"4799;3191";4799 - Aşağıdaki lisans programlarından birinden mezun olmak. | 3191 - Gıda Mühendisliği;4b2a39c6-c20a-e611-80c6-a0369f7d1486
2016;4;901801047;Gıda, Tarım ve Hayvancılık Bakanlığı;Mühendis;Kocaeli;Lisans;1;;86.642;86.642;"4799;3191";4799 - Aşağıdaki lisans programlarından birinden mezun olmak. | 3191 - Gıda Mühendisliği;d82a39c6-c20a-e611-80c6-a0369f7d1486
2016;4;901800483;Gıda, Tarım ve Hayvancılık Bakanlığı;Mühendis;Elazığ;Lisans;1;;86.62;86.62;"4799;3191";4799 - Aşağıdaki lisans programlarından birinden mezun olmak. | 3191 - Gıda Mühendisliği;df2939c6-c20a-e611-80c6-a0369f7d1486
2016;4;901800185;Gıda, Tarım ve Hayvancılık Bakanlığı;Mühendis;Aydın;Lisans;1;;86.616;86.616;"4799;3191";4799 - Aşağıdaki lisans programlarından birinden mezun olmak. | 3191 - Gıda Mühendisliği;5a2939c6-c20a-e611-80c6-a0369f7d1486
2016;4;901800985;Gıda, Tarım ve Hayvancılık Bakanlığı;Mühendis;Kayseri;Lisans;1;;86.614;86.614;"4799;3191";4799 - Aşağıdaki lisans programlarından birinden mezun olmak. | 3191 - Gıda Mühendisliği;bf2a39c6-c20a-e611-80c6-a0369f7d1486
2016;4;901800753;Gıda, Tarım ve Hayvancılık Bakanlığı;Mühendis;İstanbul;Lisans;2;;86.611;86.746;"4799;3191";4799 - Aşağıdaki lisans programlarından birinden mezun olmak. | 3191 - Gıda Mühendisliği;622a39c6-c20a-e611-80c6-a0369f7d1486
2016;4;901800745;Gıda, Tarım ve Hayvancılık Bakanlığı;Mühendis;İstanbul;Lisans;2;;86.598;86.664;"4799;3191";4799 - Aşağıdaki lisans programlarından birinden mezun olmak. | 3191 - Gıda Mühendisliği;5e2a39c6-c20a-e611-80c6-a0369f7d1486
2016;4;901801581;Gıda, Tarım ve Hayvancılık Bakanlığı;Mühendis;Trabzon;Lisans;1;;86.596;86.596;"4799;3191";4799 - Aşağıdaki lisans programlarından birinden mezun olmak. | 3191 - Gıda Mühendisliği;c12b39c6-c20a-e611-80c6-a0369f7d1486
2016;4;901800873;Gıda, Tarım ve Hayvancılık Bakanlığı;Mühendis;Kahramanmaraş;Lisans;2;;86.585;86.62;"4799;3191";4799 - Aşağıdaki lisans programlarından birinden mezun olmak. | 3191 - Gıda Mühendisliği;1d2b39c6-c20a-e611-80c6-a0369f7d1486
2016;4;901800159;Gıda, Tarım ve Hayvancılık Bakanlığı;Mühendis;Artvin;Lisans;2;;86.541;86.589;"4799;3191";4799 - Aşağıdaki lisans programlarından birinden mezun olmak. | 3191 - Gıda Mühendisliği;4d2939c6-c20a-e611-80c6-a0369f7d1486
2016;4;901800239;Gıda, Tarım ve Hayvancılık Bakanlığı;Mühendis;Bayburt;Lisans;1;;86.523;86.523;"4799;3191";4799 - Aşağıdaki lisans programlarından birinden mezun olmak. | 3191 - Gıda Mühendisliği;142c39c6-c20a-e611-80c6-a0369f7d1486
2016;4;901801293;Gıda, Tarım ve Hayvancılık Bakanlığı;Mühendis;Ordu;Lisans;1;;86.512;86.512;"4799;3191";4799 - Aşağıdaki lisans programlarından birinden mezun olmak. | 3191 - Gıda Mühendisliği;5d2b39c6-c20a-e611-80c6-a0369f7d1486
2016;4;901800761;Gıda, Tarım ve Hayvancılık Bakanlığı;Mühendis;İstanbul;Lisans;1;;86.504;86.504;"4799;3191";4799 - Aşağıdaki lisans programlarından birinden mezun olmak. | 3191 - Gıda Mühendisliği;662a39c6-c20a-e611-80c6-a0369f7d1486
2016;4;901800983;Gıda, Tarım ve Hayvancılık Bakanlığı;Mühendis;Kayseri;Lisans;1;;86.416;86.416;"4799;3191";4799 - Aşağıdaki lisans programlarından birinden mezun olmak. | 3191 - Gıda Mühendisliği;be2a39c6-c20a-e611-80c6-a0369f7d1486
2016;4;901800881;Gıda, Tarım ve Hayvancılık Bakanlığı;Mühendis;Kahramanmaraş;Lisans;1;;86.416;86.416;"4799;3191";4799 - Aşağıdaki lisans programlarından birinden mezun olmak. | 3191 - Gıda Mühendisliği;212b39c6-c20a-e611-80c6-a0369f7d1486
2016;4;901800579;Gıda, Tarım ve Hayvancılık Bakanlığı;Mühendis;Gaziantep;Lisans;2;;86.407;86.836;"4799;3191";4799 - Aşağıdaki lisans programlarından birinden mezun olmak. | 3191 - Gıda Mühendisliği;0f2a39c6-c20a-e611-80c6-a0369f7d1486
2016;4;901801447;Gıda, Tarım ve Hayvancılık Bakanlığı;Mühendis;Şanlıurfa;Lisans;8;;86.407;86.713;"4799;3191";4799 - Aşağıdaki lisans programlarından birinden mezun olmak. | 3191 - Gıda Mühendisliği;c92b39c6-c20a-e611-80c6-a0369f7d1486
2016;4;901800257;Gıda, Tarım ve Hayvancılık Bakanlığı;Mühendis;Bingöl;Lisans;1;;86.391;86.391;"4799;3191";4799 - Aşağıdaki lisans programlarından birinden mezun olmak. | 3191 - Gıda Mühendisliği;722939c6-c20a-e611-80c6-a0369f7d1486
2016;4;901800523;Gıda, Tarım ve Hayvancılık Bakanlığı;Mühendis;Erzurum;Lisans;1;;86.391;86.391;"4799;3191";4799 - Aşağıdaki lisans programlarından birinden mezun olmak. | 3191 - Gıda Mühendisliği;f32939c6-c20a-e611-80c6-a0369f7d1486
2016;4;901800131;Gıda, Tarım ve Hayvancılık Bakanlığı;Mühendis;Ardahan;Lisans;1;;86.391;86.391;"4799;3191";4799 - Aşağıdaki lisans programlarından birinden mezun olmak. | 3191 - Gıda Mühendisliği;352c39c6-c20a-e611-80c6-a0369f7d1486
2016;4;901800583;Gıda, Tarım ve Hayvancılık Bakanlığı;Mühendis;Gaziantep;Lisans;1;;86.382;86.382;"4799;3191";4799 - Aşağıdaki lisans programlarından birinden mezun olmak. | 3191 - Gıda Mühendisliği;112a39c6-c20a-e611-80c6-a0369f7d1486
2016;4;901801481;Gıda, Tarım ve Hayvancılık Bakanlığı;Mühendis;Şanlıurfa;Lisans;1;;86.367;86.367;"4799;3191";4799 - Aşağıdaki lisans programlarından birinden mezun olmak. | 3191 - Gıda Mühendisliği;da2b39c6-c20a-e611-80c6-a0369f7d1486
2016;4;901800423;Gıda, Tarım ve Hayvancılık Bakanlığı;Mühendis;Diyarbakır;Lisans;1;;86.361;86.361;"4799;3191";4799 - Aşağıdaki lisans programlarından birinden mezun olmak. | 3191 - Gıda Mühendisliği;c52939c6-c20a-e611-80c6-a0369f7d1486
2016;4;901800683;Gıda, Tarım ve Hayvancılık Bakanlığı;Mühendis;Iğdır;Lisans;1;;86.361;86.361;"4799;3191";4799 - Aşağıdaki lisans programlarından birinden mezun olmak. | 3191 - Gıda Mühendisliği;432c39c6-c20a-e611-80c6-a0369f7d1486
2016;4;901800869;Gıda, Tarım ve Hayvancılık Bakanlığı;Mühendis;Kahramanmaraş;Lisans;1;;86.273;86.273;"4799;3191";4799 - Aşağıdaki lisans programlarından birinden mezun olmak. | 3191 - Gıda Mühendisliği;1b2b39c6-c20a-e611-80c6-a0369f7d1486
2016;4;901800433;Gıda, Tarım ve Hayvancılık Bakanlığı;Mühendis;Diyarbakır;Lisans;1;;86.251;86.251;"4799;3191";4799 - Aşağıdaki lisans programlarından birinden mezun olmak. | 3191 - Gıda Mühendisliği;ca2939c6-c20a-e611-80c6-a0369f7d1486
2016;4;901801037;Gıda, Tarım ve Hayvancılık Bakanlığı;Mühendis;Kocaeli;Lisans;1;;86.233;86.233;"4799;3191";4799 - Aşağıdaki lisans programlarından birinden mezun olmak. | 3191 - Gıda Mühendisliği;d32a39c6-c20a-e611-80c6-a0369f7d1486
2016;4;901801457;Gıda, Tarım ve Hayvancılık Bakanlığı;Mühendis;Şanlıurfa;Lisans;2;;86.222;86.312;"4799;3191";4799 - Aşağıdaki lisans programlarından birinden mezun olmak. | 3191 - Gıda Mühendisliği;ce2b39c6-c20a-e611-80c6-a0369f7d1486
2016;4;901800567;Gıda, Tarım ve Hayvancılık Bakanlığı;Mühendis;Gaziantep;Lisans;1;;86.213;86.213;"4799;3191";4799 - Aşağıdaki lisans programlarından birinden mezun olmak. | 3191 - Gıda Mühendisliği;092a39c6-c20a-e611-80c6-a0369f7d1486
2016;4;901800589;Gıda, Tarım ve Hayvancılık Bakanlığı;Mühendis;Gaziantep;Lisans;1;;86.213;86.213;"4799;3191";4799 - Aşağıdaki lisans programlarından birinden mezun olmak. | 3191 - Gıda Mühendisliği;142a39c6-c20a-e611-80c6-a0369f7d1486
2016;4;901801023;Gıda, Tarım ve Hayvancılık Bakanlığı;Mühendis;Kilis;Lisans;1;;86.202;86.202;"4799;3191";4799 - Aşağıdaki lisans programlarından birinden mezun olmak. | 3191 - Gıda Mühendisliği;4f2c39c6-c20a-e611-80c6-a0369f7d1486
2016;4;901801485;Gıda, Tarım ve Hayvancılık Bakanlığı;Mühendis;Şanlıurfa;Lisans;2;;86.2;86.261;"4799;3191";4799 - Aşağıdaki lisans programlarından birinden mezun olmak. | 3191 - Gıda Mühendisliği;dc2b39c6-c20a-e611-80c6-a0369f7d1486
2016;4;901800079;Gıda, Tarım ve Hayvancılık Bakanlığı;Mühendis;Ağrı;Lisans;1;;86.196;86.196;"4799;3191";4799 - Aşağıdaki lisans programlarından birinden mezun olmak. | 3191 - Gıda Mühendisliği;342939c6-c20a-e611-80c6-a0369f7d1486
2016;4;901800413;Gıda, Tarım ve Hayvancılık Bakanlığı;Mühendis;Diyarbakır;Lisans;1;;86.16;86.16;"4799;3191";4799 - Aşağıdaki lisans programlarından birinden mezun olmak. | 3191 - Gıda Mühendisliği;c02939c6-c20a-e611-80c6-a0369f7d1486
2016;4;901800311;Gıda, Tarım ve Hayvancılık Bakanlığı;Mühendis;Bitlis;Lisans;1;;86.147;86.147;"4799;3191";4799 - Aşağıdaki lisans programlarından birinden mezun olmak. | 3191 - Gıda Mühendisliği;8d2939c6-c20a-e611-80c6-a0369f7d1486
2016;4;901801475;Gıda, Tarım ve Hayvancılık Bakanlığı;Mühendis;Şanlıurfa;Lisans;1;;86.114;86.114;"4799;3191";4799 - Aşağıdaki lisans programlarından birinden mezun olmak. | 3191 - Gıda Mühendisliği;d72b39c6-c20a-e611-80c6-a0369f7d1486
2016;4;901801469;Gıda, Tarım ve Hayvancılık Bakanlığı;Mühendis;Şanlıurfa;Lisans;1;;86.079;86.079;"4799;3191";4799 - Aşağıdaki lisans programlarından birinden mezun olmak. | 3191 - Gıda Mühendisliği;d42b39c6-c20a-e611-80c6-a0369f7d1486
2016;4;901800419;Gıda, Tarım ve Hayvancılık Bakanlığı;Mühendis;Diyarbakır;Lisans;1;;86.074;86.074;"4799;3191";4799 - Aşağıdaki lisans programlarından birinden mezun olmak. | 3191 - Gıda Mühendisliği;c32939c6-c20a-e611-80c6-a0369f7d1486
2016;4;901801173;Gıda, Tarım ve Hayvancılık Bakanlığı;Mühendis;Mardin;Lisans;3;;86.048;88.125;"4799;3191";4799 - Aşağıdaki lisans programlarından birinden mezun olmak. | 3191 - Gıda Mühendisliği;262b39c6-c20a-e611-80c6-a0369f7d1486
2016;4;901801177;Gıda, Tarım ve Hayvancılık Bakanlığı;Mühendis;Mardin;Lisans;1;;86.035;86.035;"4799;3191";4799 - Aşağıdaki lisans programlarından birinden mezun olmak. | 3191 - Gıda Mühendisliği;282b39c6-c20a-e611-80c6-a0369f7d1486
2016;4;901801449;Gıda, Tarım ve Hayvancılık Bakanlığı;Mühendis;Şanlıurfa;Lisans;2;;86.031;86.066;"4799;3191";4799 - Aşağıdaki lisans programlarından birinden mezun olmak. | 3191 - Gıda Mühendisliği;ca2b39c6-c20a-e611-80c6-a0369f7d1486
2016;4;901800431;Gıda, Tarım ve Hayvancılık Bakanlığı;Mühendis;Diyarbakır;Lisans;3;;86.024;86.519;"4799;3191";4799 - Aşağıdaki lisans programlarından birinden mezun olmak. | 3191 - Gıda Mühendisliği;c92939c6-c20a-e611-80c6-a0369f7d1486
2016;4;901801463;Gıda, Tarım ve Hayvancılık Bakanlığı;Mühendis;Şanlıurfa;Lisans;1;;85.993;85.993;"4799;3191";4799 - Aşağıdaki lisans programlarından birinden mezun olmak. | 3191 - Gıda Mühendisliği;d12b39c6-c20a-e611-80c6-a0369f7d1486
2016;4;901800415;Gıda, Tarım ve Hayvancılık Bakanlığı;Mühendis;Diyarbakır;Lisans;1;;85.984;85.984;"4799;3191";4799 - Aşağıdaki lisans programlarından birinden mezun olmak. | 3191 - Gıda Mühendisliği;c12939c6-c20a-e611-80c6-a0369f7d1486
2016;4;901801495;Gıda, Tarım ve Hayvancılık Bakanlığı;Mühendis;Şanlıurfa;Lisans;2;;85.949;86.002;"4799;3191";4799 - Aşağıdaki lisans programlarından birinden mezun olmak. | 3191 - Gıda Mühendisliği;e12b39c6-c20a-e611-80c6-a0369f7d1486
2016;4;901801189;Gıda, Tarım ve Hayvancılık Bakanlığı;Mühendis;Mardin;Lisans;1;;85.94;85.94;"4799;3191";4799 - Aşağıdaki lisans programlarından birinden mezun olmak. | 3191 - Gıda Mühendisliği;2e2b39c6-c20a-e611-80c6-a0369f7d1486
2016;4;901801505;Gıda, Tarım ve Hayvancılık Bakanlığı;Mühendis;Şırnak;Lisans;1;;85.91;85.91;"4799;3191";4799 - Aşağıdaki lisans programlarından birinden mezun olmak. | 3191 - Gıda Mühendisliği;272c39c6-c20a-e611-80c6-a0369f7d1486
2016;4;901800643;Gıda, Tarım ve Hayvancılık Bakanlığı;Mühendis;Hakkari;Lisans;1;;85.901;85.901;"4799;3191";4799 - Aşağıdaki lisans programlarından birinden mezun olmak. | 3191 - Gıda Mühendisliği;2f2a39c6-c20a-e611-80c6-a0369f7d1486
2016;4;901801365;Gıda, Tarım ve Hayvancılık Bakanlığı;Veteriner Hekim;Sakarya;Lisans;1;;85.641;85.641;"4607;6373";4607 - Aşağıdaki lisans programlarından birinden mezun olmak. | 6373 - Veteriner;7f2b39c6-c20a-e611-80c6-a0369f7d1486
2016;4;901801161;Gıda, Tarım ve Hayvancılık Bakanlığı;Mühendis;Manisa;Lisans;1;;85.577;85.577;"4799;3191";4799 - Aşağıdaki lisans programlarından birinden mezun olmak. | 3191 - Gıda Mühendisliği;112b39c6-c20a-e611-80c6-a0369f7d1486
2016;4;901801319;Gıda, Tarım ve Hayvancılık Bakanlığı;Mühendis;Rize;Lisans;1;;85.542;85.542;"4818;8337;4819;3320";4818 - Aşağıdaki lisans programlarından birinden mezun olmak. | 8337 - Su Ürünleri Mühendisliği | 4819 - Aşağıdaki lisans programlarından birinden mezun olmak. | 3320 - Su Ürünleri;682b39c6-c20a-e611-80c6-a0369f7d1486
2016;4;901801123;Gıda, Tarım ve Hayvancılık Bakanlığı;Veteriner Hekim;Kütahya;Lisans;1;;85.3;85.3;"4607;6373";4607 - Aşağıdaki lisans programlarından birinden mezun olmak. | 6373 - Veteriner;fe2a39c6-c20a-e611-80c6-a0369f7d1486
2016;4;901800383;Gıda, Tarım ve Hayvancılık Bakanlığı;Mühendis;Çanakkale;Lisans;2;;85.227;88.33;"4803;8196;4825;5135;4831;3202;8258;8289;4845;3385;3386;4212;6131;8147;8158;9048;9269;4846;9114;4853;3325;3383;3384;8221;8263;4854;9106;4857;3382";4803 - Aşağıdaki lisans programlarından birinden mezun olmak. | 8196 - Gıda Bilimi ve Teknolojisi | 4825 - Aşağıdaki lisans programlarından birinden mezun olmak. | 5135 - Ziraat Mühendisliği | 4831 - Aşağıdaki lisans programlarından birinden mezun olmak. | 3202 - Hayvansal Üretim | 8258 - Süt Teknolojisi | 8289 - Zootekni / Zooteknik | 4845 - Aşağıdaki lisans programlarından birinden mezun olmak. | 3385 - Tarla Bitkileri | 3386 - Toprak | 4212 - Bahçe ve Tarla Bitkileri | 6131 - Bitkisel Üretim | 8147 - Bahçe Bitkileri | 8158 - Bitki Koruma | 9048 - Toprak Bilimi ve Bitki Besleme | 9269 - Bitkisel Üretim ve Teknolojileri | 4846 - Aşağıdaki lisans programlarından birinden mezun olmak. | 9114 - Biyosistem Mühendisliği | 4853 - Aşağıdaki lisans programlarından birinden mezun olmak. | 3325 - Tarım Teknolojisi | 3383 - Tarım Makineleri | 3384 - Tarımsal Yapılar ve Sulama | 8221 - Kültürteknik | 8263 - Tarımsal Mekanizasyon | 4854 - Aşağıdaki lisans programlarından birinden mezun olmak. | 9106 - Tarımsal Biyoteknoloji | 4857 - Aşağıdaki lisans programlarından birinden mezun olmak. | 3382 - Tarım Ekonomisi;b12939c6-c20a-e611-80c6-a0369f7d1486
2016;4;901800347;Gıda, Tarım ve Hayvancılık Bakanlığı;Mühendis;Bursa;Lisans;1;;85.177;85.177;"4818;8337;4819;3320";4818 - Aşağıdaki lisans programlarından birinden mezun olmak. | 8337 - Su Ürünleri Mühendisliği | 4819 - Aşağıdaki lisans programlarından birinden mezun olmak. | 3320 - Su Ürünleri;9f2939c6-c20a-e611-80c6-a0369f7d1486
2016;4;901801223;Gıda, Tarım ve Hayvancılık Bakanlığı;Mühendis;Muğla;Lisans;1;;85.093;85.093;"4818;8337;4819;3320";4818 - Aşağıdaki lisans programlarından birinden mezun olmak. | 8337 - Su Ürünleri Mühendisliği | 4819 - Aşağıdaki lisans programlarından birinden mezun olmak. | 3320 - Su Ürünleri;3a2b39c6-c20a-e611-80c6-a0369f7d1486
2016;4;901800741;Gıda, Tarım ve Hayvancılık Bakanlığı;Mühendis;İstanbul;Lisans;1;;85.078;85.078;"4818;8337;4819;3320";4818 - Aşağıdaki lisans programlarından birinden mezun olmak. | 8337 - Su Ürünleri Mühendisliği | 4819 - Aşağıdaki lisans programlarından birinden mezun olmak. | 3320 - Su Ürünleri;5c2a39c6-c20a-e611-80c6-a0369f7d1486
2016;4;901800375;Gıda, Tarım ve Hayvancılık Bakanlığı;Mühendis;Çanakkale;Lisans;1;;84.955;84.955;"4803;8196;4825;5135;4831;3202;8258;8289;4845;3385;3386;4212;6131;8147;8158;9048;9269;4846;9114;4853;3325;3383;3384;8221;8263;4854;9106;4857;3382";4803 - Aşağıdaki lisans programlarından birinden mezun olmak. | 8196 - Gıda Bilimi ve Teknolojisi | 4825 - Aşağıdaki lisans programlarından birinden mezun olmak. | 5135 - Ziraat Mühendisliği | 4831 - Aşağıdaki lisans programlarından birinden mezun olmak. | 3202 - Hayvansal Üretim | 8258 - Süt Teknolojisi | 8289 - Zootekni / Zooteknik | 4845 - Aşağıdaki lisans programlarından birinden mezun olmak. | 3385 - Tarla Bitkileri | 3386 - Toprak | 4212 - Bahçe ve Tarla Bitkileri | 6131 - Bitkisel Üretim | 8147 - Bahçe Bitkileri | 8158 - Bitki Koruma | 9048 - Toprak Bilimi ve Bitki Besleme | 9269 - Bitkisel Üretim ve Teknolojileri | 4846 - Aşağıdaki lisans programlarından birinden mezun olmak. | 9114 - Biyosistem Mühendisliği | 4853 - Aşağıdaki lisans programlarından birinden mezun olmak. | 3325 - Tarım Teknolojisi | 3383 - Tarım Makineleri | 3384 - Tarımsal Yapılar ve Sulama | 8221 - Kültürteknik | 8263 - Tarımsal Mekanizasyon | 4854 - Aşağıdaki lisans programlarından birinden mezun olmak. | 9106 - Tarımsal Biyoteknoloji | 4857 - Aşağıdaki lisans programlarından birinden mezun olmak. | 3382 - Tarım Ekonomisi;ad2939c6-c20a-e611-80c6-a0369f7d1486
2016;4;901801233;Gıda, Tarım ve Hayvancılık Bakanlığı;Mühendis;Muğla;Lisans;1;;84.787;84.787;"4818;8337;4819;3320";4818 - Aşağıdaki lisans programlarından birinden mezun olmak. | 8337 - Su Ürünleri Mühendisliği | 4819 - Aşağıdaki lisans programlarından birinden mezun olmak. | 3320 - Su Ürünleri;3f2b39c6-c20a-e611-80c6-a0369f7d1486
2016;4;901800679;Gıda, Tarım ve Hayvancılık Bakanlığı;Mühendis;Hatay;Lisans;1;;84.697;84.697;"4818;8337;4819;3320";4818 - Aşağıdaki lisans programlarından birinden mezun olmak. | 8337 - Su Ürünleri Mühendisliği | 4819 - Aşağıdaki lisans programlarından birinden mezun olmak. | 3320 - Su Ürünleri;412a39c6-c20a-e611-80c6-a0369f7d1486
2016;4;901800489;Gıda, Tarım ve Hayvancılık Bakanlığı;Mühendis;Erzincan;Lisans;1;;84.556;84.556;"4818;8337;4819;3320";4818 - Aşağıdaki lisans programlarından birinden mezun olmak. | 8337 - Su Ürünleri Mühendisliği | 4819 - Aşağıdaki lisans programlarından birinden mezun olmak. | 3320 - Su Ürünleri;e22939c6-c20a-e611-80c6-a0369f7d1486
2016;4;901800829;Gıda, Tarım ve Hayvancılık Bakanlığı;Mühendis;İzmir;Lisans;1;;84.393;84.393;"4818;8337;4819;3320";4818 - Aşağıdaki lisans programlarından birinden mezun olmak. | 8337 - Su Ürünleri Mühendisliği | 4819 - Aşağıdaki lisans programlarından birinden mezun olmak. | 3320 - Su Ürünleri;882a39c6-c20a-e611-80c6-a0369f7d1486
2016;4;901800441;Gıda, Tarım ve Hayvancılık Bakanlığı;Mühendis;Düzce;Lisans;1;;84.303;84.303;"4818;8337;4819;3320";4818 - Aşağıdaki lisans programlarından birinden mezun olmak. | 8337 - Su Ürünleri Mühendisliği | 4819 - Aşağıdaki lisans programlarından birinden mezun olmak. | 3320 - Su Ürünleri;572c39c6-c20a-e611-80c6-a0369f7d1486
2016;4;901800387;Gıda, Tarım ve Hayvancılık Bakanlığı;Mühendis;Çanakkale;Lisans;1;;84.268;84.268;"4803;8196;4825;5135;4831;3202;8258;8289;4845;3385;3386;4212;6131;8147;8158;9048;9269;4846;9114;4853;3325;3383;3384;8221;8263;4854;9106;4857;3382";4803 - Aşağıdaki lisans programlarından birinden mezun olmak. | 8196 - Gıda Bilimi ve Teknolojisi | 4825 - Aşağıdaki lisans programlarından birinden mezun olmak. | 5135 - Ziraat Mühendisliği | 4831 - Aşağıdaki lisans programlarından birinden mezun olmak. | 3202 - Hayvansal Üretim | 8258 - Süt Teknolojisi | 8289 - Zootekni / Zooteknik | 4845 - Aşağıdaki lisans programlarından birinden mezun olmak. | 3385 - Tarla Bitkileri | 3386 - Toprak | 4212 - Bahçe ve Tarla Bitkileri | 6131 - Bitkisel Üretim | 8147 - Bahçe Bitkileri | 8158 - Bitki Koruma | 9048 - Toprak Bilimi ve Bitki Besleme | 9269 - Bitkisel Üretim ve Teknolojileri | 4846 - Aşağıdaki lisans programlarından birinden mezun olmak. | 9114 - Biyosistem Mühendisliği | 4853 - Aşağıdaki lisans programlarından birinden mezun olmak. | 3325 - Tarım Teknolojisi | 3383 - Tarım Makineleri | 3384 - Tarımsal Yapılar ve Sulama | 8221 - Kültürteknik | 8263 - Tarımsal Mekanizasyon | 4854 - Aşağıdaki lisans programlarından birinden mezun olmak. | 9106 - Tarımsal Biyoteknoloji | 4857 - Aşağıdaki lisans programlarından birinden mezun olmak. | 3382 - Tarım Ekonomisi;b32939c6-c20a-e611-80c6-a0369f7d1486
2016;4;901800447;Gıda, Tarım ve Hayvancılık Bakanlığı;Mühendis;Edirne;Lisans;3;;84.083;86.504;"4803;8196;4825;5135;4831;3202;8258;8289;4845;3385;3386;4212;6131;8147;8158;9048;9269;4846;9114;4853;3325;3383;3384;8221;8263;4854;9106;4857;3382";4803 - Aşağıdaki lisans programlarından birinden mezun olmak. | 8196 - Gıda Bilimi ve Teknolojisi | 4825 - Aşağıdaki lisans programlarından birinden mezun olmak. | 5135 - Ziraat Mühendisliği | 4831 - Aşağıdaki lisans programlarından birinden mezun olmak. | 3202 - Hayvansal Üretim | 8258 - Süt Teknolojisi | 8289 - Zootekni / Zooteknik | 4845 - Aşağıdaki lisans programlarından birinden mezun olmak. | 3385 - Tarla Bitkileri | 3386 - Toprak | 4212 - Bahçe ve Tarla Bitkileri | 6131 - Bitkisel Üretim | 8147 - Bahçe Bitkileri | 8158 - Bitki Koruma | 9048 - Toprak Bilimi ve Bitki Besleme | 9269 - Bitkisel Üretim ve Teknolojileri | 4846 - Aşağıdaki lisans programlarından birinden mezun olmak. | 9114 - Biyosistem Mühendisliği | 4853 - Aşağıdaki lisans programlarından birinden mezun olmak. | 3325 - Tarım Teknolojisi | 3383 - Tarım Makineleri | 3384 - Tarımsal Yapılar ve Sulama | 8221 - Kültürteknik | 8263 - Tarımsal Mekanizasyon | 4854 - Aşağıdaki lisans programlarından birinden mezun olmak. | 9106 - Tarımsal Biyoteknoloji | 4857 - Aşağıdaki lisans programlarından birinden mezun olmak. | 3382 - Tarım Ekonomisi;cd2939c6-c20a-e611-80c6-a0369f7d1486
2016;4;901800665;Gıda, Tarım ve Hayvancılık Bakanlığı;Mühendis;Hatay;Lisans;1;;83.973;83.973;"4863;3116";4863 - Aşağıdaki lisans programlarından birinden mezun olmak. | 3116 - Balıkçılık Teknolojisi Mühendisliği;3a2a39c6-c20a-e611-80c6-a0369f7d1486
2016;4;901800839;Gıda, Tarım ve Hayvancılık Bakanlığı;Mühendis;İzmir;Lisans;1;;83.929;83.929;"4818;8337;4819;3320";4818 - Aşağıdaki lisans programlarından birinden mezun olmak. | 8337 - Su Ürünleri Mühendisliği | 4819 - Aşağıdaki lisans programlarından birinden mezun olmak. | 3320 - Su Ürünleri;8d2a39c6-c20a-e611-80c6-a0369f7d1486
2016;4;901800221;Gıda, Tarım ve Hayvancılık Bakanlığı;Mühendis;Balıkesir;Lisans;1;;83.901;83.901;"4818;8337;4819;3320";4818 - Aşağıdaki lisans programlarından birinden mezun olmak. | 8337 - Su Ürünleri Mühendisliği | 4819 - Aşağıdaki lisans programlarından birinden mezun olmak. | 3320 - Su Ürünleri;6c2939c6-c20a-e611-80c6-a0369f7d1486
2016;4;901800807;Gıda, Tarım ve Hayvancılık Bakanlığı;Mühendis;İstanbul;Lisans;2;;83.832;85.975;"4818;8337;4819;3320";4818 - Aşağıdaki lisans programlarından birinden mezun olmak. | 8337 - Su Ürünleri Mühendisliği | 4819 - Aşağıdaki lisans programlarından birinden mezun olmak. | 3320 - Su Ürünleri;7d2a39c6-c20a-e611-80c6-a0369f7d1486
2016;4;901800859;Gıda, Tarım ve Hayvancılık Bakanlığı;Mühendis;Kahramanmaraş;Lisans;1;;83.751;83.751;"4689;3233;4298;8324;9034";4689 - Aşağıdaki lisans programlarından birinden mezun olmak. | 3233 - Jeodezi ve Fotogrametri Mühendisliği | 4298 - Jeodezi ve Haritacılık | 8324 - Harita Mühendisliği | 9034 - Geomatik Mühendisliği;162b39c6-c20a-e611-80c6-a0369f7d1486
2016;4;901801101;Gıda, Tarım ve Hayvancılık Bakanlığı;Mühendis;Konya;Lisans;1;;83.648;83.648;"4818;8337;4819;3320";4818 - Aşağıdaki lisans programlarından birinden mezun olmak. | 8337 - Su Ürünleri Mühendisliği | 4819 - Aşağıdaki lisans programlarından birinden mezun olmak. | 3320 - Su Ürünleri;f32a39c6-c20a-e611-80c6-a0369f7d1486
2016;4;901800821;Gıda, Tarım ve Hayvancılık Bakanlığı;Mühendis;İzmir;Lisans;1;;83.606;83.606;"4689;3233;4298;8324;9034";4689 - Aşağıdaki lisans programlarından birinden mezun olmak. | 3233 - Jeodezi ve Fotogrametri Mühendisliği | 4298 - Jeodezi ve Haritacılık | 8324 - Harita Mühendisliği | 9034 - Geomatik Mühendisliği;842a39c6-c20a-e611-80c6-a0369f7d1486
2016;4;901801307;Gıda, Tarım ve Hayvancılık Bakanlığı;Mühendis;Ordu;Lisans;1;;83.553;83.553;"4818;8337;4819;3320";4818 - Aşağıdaki lisans programlarından birinden mezun olmak. | 8337 - Su Ürünleri Mühendisliği | 4819 - Aşağıdaki lisans programlarından birinden mezun olmak. | 3320 - Su Ürünleri;642b39c6-c20a-e611-80c6-a0369f7d1486
2016;4;901800865;Gıda, Tarım ve Hayvancılık Bakanlığı;Mühendis;Kahramanmaraş;Lisans;1;;83.489;83.489;"4818;8337;4819;3320";4818 - Aşağıdaki lisans programlarından birinden mezun olmak. | 8337 - Su Ürünleri Mühendisliği | 4819 - Aşağıdaki lisans programlarından birinden mezun olmak. | 3320 - Su Ürünleri;192b39c6-c20a-e611-80c6-a0369f7d1486
2016;4;901800781;Gıda, Tarım ve Hayvancılık Bakanlığı;Mühendis;İstanbul;Lisans;1;;83.476;83.476;"4818;8337;4819;3320";4818 - Aşağıdaki lisans programlarından birinden mezun olmak. | 8337 - Su Ürünleri Mühendisliği | 4819 - Aşağıdaki lisans programlarından birinden mezun olmak. | 3320 - Su Ürünleri;702a39c6-c20a-e611-80c6-a0369f7d1486
2016;4;901801243;Gıda, Tarım ve Hayvancılık Bakanlığı;Mühendis;Muğla;Lisans;1;;83.463;83.463;"4818;8337;4819;3320";4818 - Aşağıdaki lisans programlarından birinden mezun olmak. | 8337 - Su Ürünleri Mühendisliği | 4819 - Aşağıdaki lisans programlarından birinden mezun olmak. | 3320 - Su Ürünleri;442b39c6-c20a-e611-80c6-a0369f7d1486
2016;4;901801171;Gıda, Tarım ve Hayvancılık Bakanlığı;Mühendis;Mardin;Lisans;1;;83.43;83.43;"4689;3233;4298;8324;9034";4689 - Aşağıdaki lisans programlarından birinden mezun olmak. | 3233 - Jeodezi ve Fotogrametri Mühendisliği | 4298 - Jeodezi ve Haritacılık | 8324 - Harita Mühendisliği | 9034 - Geomatik Mühendisliği;252b39c6-c20a-e611-80c6-a0369f7d1486
2016;4;901801149;Gıda, Tarım ve Hayvancılık Bakanlığı;Mühendis;Manisa;Lisans;2;;83.372;90.242;"4818;8337;4819;3320";4818 - Aşağıdaki lisans programlarından birinden mezun olmak. | 8337 - Su Ürünleri Mühendisliği | 4819 - Aşağıdaki lisans programlarından birinden mezun olmak. | 3320 - Su Ürünleri;0b2b39c6-c20a-e611-80c6-a0369f7d1486
2016;4;901800343;Gıda, Tarım ve Hayvancılık Bakanlığı;Mühendis;Bursa;Lisans;2;;83.364;83.375;"4689;3233;4298;8324;9034";4689 - Aşağıdaki lisans programlarından birinden mezun olmak. | 3233 - Jeodezi ve Fotogrametri Mühendisliği | 4298 - Jeodezi ve Haritacılık | 8324 - Harita Mühendisliği | 9034 - Geomatik Mühendisliği;9d2939c6-c20a-e611-80c6-a0369f7d1486
2016;4;901800123;Gıda, Tarım ve Hayvancılık Bakanlığı;Mühendis;Antalya;Lisans;1;;83.35;83.35;"4818;8337;4819;3320";4818 - Aşağıdaki lisans programlarından birinden mezun olmak. | 8337 - Su Ürünleri Mühendisliği | 4819 - Aşağıdaki lisans programlarından birinden mezun olmak. | 3320 - Su Ürünleri;482939c6-c20a-e611-80c6-a0369f7d1486
2016;4;901800113;Gıda, Tarım ve Hayvancılık Bakanlığı;Mühendis;Antalya;Lisans;1;;83.346;83.346;"4818;8337;4819;3320";4818 - Aşağıdaki lisans programlarından birinden mezun olmak. | 8337 - Su Ürünleri Mühendisliği | 4819 - Aşağıdaki lisans programlarından birinden mezun olmak. | 3320 - Su Ürünleri;432939c6-c20a-e611-80c6-a0369f7d1486
2016;4;901801077;Gıda, Tarım ve Hayvancılık Bakanlığı;Veteriner Hekim;Konya;Lisans;2;;83.342;83.63;"4607;6373";4607 - Aşağıdaki lisans programlarından birinden mezun olmak. | 6373 - Veteriner;e72a39c6-c20a-e611-80c6-a0369f7d1486
2016;4;901801353;Gıda, Tarım ve Hayvancılık Bakanlığı;Mühendis;Sakarya;Lisans;1;;83.309;83.309;"4803;8196;4825;5135;4831;3202;8258;8289;4845;3385;3386;4212;6131;8147;8158;9048;9269;4846;9114;4853;3325;3383;3384;8221;8263;4854;9106;4857;3382";4803 - Aşağıdaki lisans programlarından birinden mezun olmak. | 8196 - Gıda Bilimi ve Teknolojisi | 4825 - Aşağıdaki lisans programlarından birinden mezun olmak. | 5135 - Ziraat Mühendisliği | 4831 - Aşağıdaki lisans programlarından birinden mezun olmak. | 3202 - Hayvansal Üretim | 8258 - Süt Teknolojisi | 8289 - Zootekni / Zooteknik | 4845 - Aşağıdaki lisans programlarından birinden mezun olmak. | 3385 - Tarla Bitkileri | 3386 - Toprak | 4212 - Bahçe ve Tarla Bitkileri | 6131 - Bitkisel Üretim | 8147 - Bahçe Bitkileri | 8158 - Bitki Koruma | 9048 - Toprak Bilimi ve Bitki Besleme | 9269 - Bitkisel Üretim ve Teknolojileri | 4846 - Aşağıdaki lisans programlarından birinden mezun olmak. | 9114 - Biyosistem Mühendisliği | 4853 - Aşağıdaki lisans programlarından birinden mezun olmak. | 3325 - Tarım Teknolojisi | 3383 - Tarım Makineleri | 3384 - Tarımsal Yapılar ve Sulama | 8221 - Kültürteknik | 8263 - Tarımsal Mekanizasyon | 4854 - Aşağıdaki lisans programlarından birinden mezun olmak. | 9106 - Tarımsal Biyoteknoloji | 4857 - Aşağıdaki lisans programlarından birinden mezun olmak. | 3382 - Tarım Ekonomisi;792b39c6-c20a-e611-80c6-a0369f7d1486
2016;4;901800001;Gıda, Tarım ve Hayvancılık Bakanlığı;Mühendis;Adana;Lisans;1;;83.293;83.293;"4689;3233;4298;8324;9034";4689 - Aşağıdaki lisans programlarından birinden mezun olmak. | 3233 - Jeodezi ve Fotogrametri Mühendisliği | 4298 - Jeodezi ve Haritacılık | 8324 - Harita Mühendisliği | 9034 - Geomatik Mühendisliği;0d2939c6-c20a-e611-80c6-a0369f7d1486
2016;4;901801631;Gıda, Tarım ve Hayvancılık Bakanlığı;Mühendis;Yalova;Lisans;1;;83.293;83.293;"4818;8337;4819;3320";4818 - Aşağıdaki lisans programlarından birinden mezun olmak. | 8337 - Su Ürünleri Mühendisliği | 4819 - Aşağıdaki lisans programlarından birinden mezun olmak. | 3320 - Su Ürünleri;4c2c39c6-c20a-e611-80c6-a0369f7d1486
2016;4;901801549;Gıda, Tarım ve Hayvancılık Bakanlığı;Veteriner Hekim;Tekirdağ;Lisans;1;;83.287;83.287;"4607;6373";4607 - Aşağıdaki lisans programlarından birinden mezun olmak. | 6373 - Veteriner;b12b39c6-c20a-e611-80c6-a0369f7d1486
2016;4;901801105;Gıda, Tarım ve Hayvancılık Bakanlığı;Mühendis;Kütahya;Lisans;4;;83.271;86.845;"4803;8196;4825;5135;4831;3202;8258;8289;4845;3385;3386;4212;6131;8147;8158;9048;9269;4846;9114;4853;3325;3383;3384;8221;8263;4854;9106;4857;3382";4803 - Aşağıdaki lisans programlarından birinden mezun olmak. | 8196 - Gıda Bilimi ve Teknolojisi | 4825 - Aşağıdaki lisans programlarından birinden mezun olmak. | 5135 - Ziraat Mühendisliği | 4831 - Aşağıdaki lisans programlarından birinden mezun olmak. | 3202 - Hayvansal Üretim | 8258 - Süt Teknolojisi | 8289 - Zootekni / Zooteknik | 4845 - Aşağıdaki lisans programlarından birinden mezun olmak. | 3385 - Tarla Bitkileri | 3386 - Toprak | 4212 - Bahçe ve Tarla Bitkileri | 6131 - Bitkisel Üretim | 8147 - Bahçe Bitkileri | 8158 - Bitki Koruma | 9048 - Toprak Bilimi ve Bitki Besleme | 9269 - Bitkisel Üretim ve Teknolojileri | 4846 - Aşağıdaki lisans programlarından birinden mezun olmak. | 9114 - Biyosistem Mühendisliği | 4853 - Aşağıdaki lisans programlarından birinden mezun olmak. | 3325 - Tarım Teknolojisi | 3383 - Tarım Makineleri | 3384 - Tarımsal Yapılar ve Sulama | 8221 - Kültürteknik | 8263 - Tarımsal Mekanizasyon | 4854 - Aşağıdaki lisans programlarından birinden mezun olmak. | 9106 - Tarımsal Biyoteknoloji | 4857 - Aşağıdaki lisans programlarından birinden mezun olmak. | 3382 - Tarım Ekonomisi;f52a39c6-c20a-e611-80c6-a0369f7d1486
2016;4;901800209;Gıda, Tarım ve Hayvancılık Bakanlığı;Mühendis;Balıkesir;Lisans;1;;83.265;83.265;"4818;8337;4819;3320";4818 - Aşağıdaki lisans programlarından birinden mezun olmak. | 8337 - Su Ürünleri Mühendisliği | 4819 - Aşağıdaki lisans programlarından birinden mezun olmak. | 3320 - Su Ürünleri;662939c6-c20a-e611-80c6-a0369f7d1486
2016;4;901800037;Gıda, Tarım ve Hayvancılık Bakanlığı;Mühendis;Afyonkarahisar;Lisans;1;;83.249;83.249;"4803;8196;4825;5135;4831;3202;8258;8289;4845;3385;3386;4212;6131;8147;8158;9048;9269;4846;9114;4853;3325;3383;3384;8221;8263;4854;9106;4857;3382";4803 - Aşağıdaki lisans programlarından birinden mezun olmak. | 8196 - Gıda Bilimi ve Teknolojisi | 4825 - Aşağıdaki lisans programlarından birinden mezun olmak. | 5135 - Ziraat Mühendisliği | 4831 - Aşağıdaki lisans programlarından birinden mezun olmak. | 3202 - Hayvansal Üretim | 8258 - Süt Teknolojisi | 8289 - Zootekni / Zooteknik | 4845 - Aşağıdaki lisans programlarından birinden mezun olmak. | 3385 - Tarla Bitkileri | 3386 - Toprak | 4212 - Bahçe ve Tarla Bitkileri | 6131 - Bitkisel Üretim | 8147 - Bahçe Bitkileri | 8158 - Bitki Koruma | 9048 - Toprak Bilimi ve Bitki Besleme | 9269 - Bitkisel Üretim ve Teknolojileri | 4846 - Aşağıdaki lisans programlarından birinden mezun olmak. | 9114 - Biyosistem Mühendisliği | 4853 - Aşağıdaki lisans programlarından birinden mezun olmak. | 3325 - Tarım Teknolojisi | 3383 - Tarım Makineleri | 3384 - Tarımsal Yapılar ve Sulama | 8221 - Kültürteknik | 8263 - Tarımsal Mekanizasyon | 4854 - Aşağıdaki lisans programlarından birinden mezun olmak. | 9106 - Tarımsal Biyoteknoloji | 4857 - Aşağıdaki lisans programlarından birinden mezun olmak. | 3382 - Tarım Ekonomisi;1f2939c6-c20a-e611-80c6-a0369f7d1486
2016;4;901801045;Gıda, Tarım ve Hayvancılık Bakanlığı;Mühendis;Kocaeli;Lisans;1;;83.236;83.236;"4818;8337;4819;3320";4818 - Aşağıdaki lisans programlarından birinden mezun olmak. | 8337 - Su Ürünleri Mühendisliği | 4819 - Aşağıdaki lisans programlarından birinden mezun olmak. | 3320 - Su Ürünleri;d72a39c6-c20a-e611-80c6-a0369f7d1486
2016;4;901801317;Gıda, Tarım ve Hayvancılık Bakanlığı;Mühendis;Rize;Lisans;1;;83.236;83.236;"4689;3233;4298;8324;9034";4689 - Aşağıdaki lisans programlarından birinden mezun olmak. | 3233 - Jeodezi ve Fotogrametri Mühendisliği | 4298 - Jeodezi ve Haritacılık | 8324 - Harita Mühendisliği | 9034 - Geomatik Mühendisliği;672b39c6-c20a-e611-80c6-a0369f7d1486
2016;4;901800023;Gıda, Tarım ve Hayvancılık Bakanlığı;Mühendis;Afyonkarahisar;Lisans;1;;83.234;83.234;"4803;8196;4825;5135;4831;3202;8258;8289;4845;3385;3386;4212;6131;8147;8158;9048;9269;4846;9114;4853;3325;3383;3384;8221;8263;4854;9106;4857;3382";4803 - Aşağıdaki lisans programlarından birinden mezun olmak. | 8196 - Gıda Bilimi ve Teknolojisi | 4825 - Aşağıdaki lisans programlarından birinden mezun olmak. | 5135 - Ziraat Mühendisliği | 4831 - Aşağıdaki lisans programlarından birinden mezun olmak. | 3202 - Hayvansal Üretim | 8258 - Süt Teknolojisi | 8289 - Zootekni / Zooteknik | 4845 - Aşağıdaki lisans programlarından birinden mezun olmak. | 3385 - Tarla Bitkileri | 3386 - Toprak | 4212 - Bahçe ve Tarla Bitkileri | 6131 - Bitkisel Üretim | 8147 - Bahçe Bitkileri | 8158 - Bitki Koruma | 9048 - Toprak Bilimi ve Bitki Besleme | 9269 - Bitkisel Üretim ve Teknolojileri | 4846 - Aşağıdaki lisans programlarından birinden mezun olmak. | 9114 - Biyosistem Mühendisliği | 4853 - Aşağıdaki lisans programlarından birinden mezun olmak. | 3325 - Tarım Teknolojisi | 3383 - Tarım Makineleri | 3384 - Tarımsal Yapılar ve Sulama | 8221 - Kültürteknik | 8263 - Tarımsal Mekanizasyon | 4854 - Aşağıdaki lisans programlarından birinden mezun olmak. | 9106 - Tarımsal Biyoteknoloji | 4857 - Aşağıdaki lisans programlarından birinden mezun olmak. | 3382 - Tarım Ekonomisi;182939c6-c20a-e611-80c6-a0369f7d1486
2016;4;901800603;Gıda, Tarım ve Hayvancılık Bakanlığı;Mühendis;Giresun;Lisans;1;;83.214;83.214;"4803;8196;4825;5135;4831;3202;8258;8289;4845;3385;3386;4212;6131;8147;8158;9048;9269;4846;9114;4853;3325;3383;3384;8221;8263;4854;9106;4857;3382";4803 - Aşağıdaki lisans programlarından birinden mezun olmak. | 8196 - Gıda Bilimi ve Teknolojisi | 4825 - Aşağıdaki lisans programlarından birinden mezun olmak. | 5135 - Ziraat Mühendisliği | 4831 - Aşağıdaki lisans programlarından birinden mezun olmak. | 3202 - Hayvansal Üretim | 8258 - Süt Teknolojisi | 8289 - Zootekni / Zooteknik | 4845 - Aşağıdaki lisans programlarından birinden mezun olmak. | 3385 - Tarla Bitkileri | 3386 - Toprak | 4212 - Bahçe ve Tarla Bitkileri | 6131 - Bitkisel Üretim | 8147 - Bahçe Bitkileri | 8158 - Bitki Koruma | 9048 - Toprak Bilimi ve Bitki Besleme | 9269 - Bitkisel Üretim ve Teknolojileri | 4846 - Aşağıdaki lisans programlarından birinden mezun olmak. | 9114 - Biyosistem Mühendisliği | 4853 - Aşağıdaki lisans programlarından birinden mezun olmak. | 3325 - Tarım Teknolojisi | 3383 - Tarım Makineleri | 3384 - Tarımsal Yapılar ve Sulama | 8221 - Kültürteknik | 8263 - Tarımsal Mekanizasyon | 4854 - Aşağıdaki lisans programlarından birinden mezun olmak. | 9106 - Tarımsal Biyoteknoloji | 4857 - Aşağıdaki lisans programlarından birinden mezun olmak. | 3382 - Tarım Ekonomisi;1b2a39c6-c20a-e611-80c6-a0369f7d1486
2016;4;901801331;Gıda, Tarım ve Hayvancılık Bakanlığı;Mühendis;Sakarya;Lisans;2;;83.168;83.236;"4803;8196;4825;5135;4831;3202;8258;8289;4845;3385;3386;4212;6131;8147;8158;9048;9269;4846;9114;4853;3325;3383;3384;8221;8263;4854;9106;4857;3382";4803 - Aşağıdaki lisans programlarından birinden mezun olmak. | 8196 - Gıda Bilimi ve Teknolojisi | 4825 - Aşağıdaki lisans programlarından birinden mezun olmak. | 5135 - Ziraat Mühendisliği | 4831 - Aşağıdaki lisans programlarından birinden mezun olmak. | 3202 - Hayvansal Üretim | 8258 - Süt Teknolojisi | 8289 - Zootekni / Zooteknik | 4845 - Aşağıdaki lisans programlarından birinden mezun olmak. | 3385 - Tarla Bitkileri | 3386 - Toprak | 4212 - Bahçe ve Tarla Bitkileri | 6131 - Bitkisel Üretim | 8147 - Bahçe Bitkileri | 8158 - Bitki Koruma | 9048 - Toprak Bilimi ve Bitki Besleme | 9269 - Bitkisel Üretim ve Teknolojileri | 4846 - Aşağıdaki lisans programlarından birinden mezun olmak. | 9114 - Biyosistem Mühendisliği | 4853 - Aşağıdaki lisans programlarından birinden mezun olmak. | 3325 - Tarım Teknolojisi | 3383 - Tarım Makineleri | 3384 - Tarımsal Yapılar ve Sulama | 8221 - Kültürteknik | 8263 - Tarımsal Mekanizasyon | 4854 - Aşağıdaki lisans programlarından birinden mezun olmak. | 9106 - Tarımsal Biyoteknoloji | 4857 - Aşağıdaki lisans programlarından birinden mezun olmak. | 3382 - Tarım Ekonomisi;6e2b39c6-c20a-e611-80c6-a0369f7d1486
2016;4;901800899;Gıda, Tarım ve Hayvancılık Bakanlığı;Mühendis;Karaman;Lisans;1;;83.164;83.164;"4803;8196;4825;5135;4831;3202;8258;8289;4845;3385;3386;4212;6131;8147;8158;9048;9269;4846;9114;4853;3325;3383;3384;8221;8263;4854;9106;4857;3382";4803 - Aşağıdaki lisans programlarından birinden mezun olmak. | 8196 - Gıda Bilimi ve Teknolojisi | 4825 - Aşağıdaki lisans programlarından birinden mezun olmak. | 5135 - Ziraat Mühendisliği | 4831 - Aşağıdaki lisans programlarından birinden mezun olmak. | 3202 - Hayvansal Üretim | 8258 - Süt Teknolojisi | 8289 - Zootekni / Zooteknik | 4845 - Aşağıdaki lisans programlarından birinden mezun olmak. | 3385 - Tarla Bitkileri | 3386 - Toprak | 4212 - Bahçe ve Tarla Bitkileri | 6131 - Bitkisel Üretim | 8147 - Bahçe Bitkileri | 8158 - Bitki Koruma | 9048 - Toprak Bilimi ve Bitki Besleme | 9269 - Bitkisel Üretim ve Teknolojileri | 4846 - Aşağıdaki lisans programlarından birinden mezun olmak. | 9114 - Biyosistem Mühendisliği | 4853 - Aşağıdaki lisans programlarından birinden mezun olmak. | 3325 - Tarım Teknolojisi | 3383 - Tarım Makineleri | 3384 - Tarımsal Yapılar ve Sulama | 8221 - Kültürteknik | 8263 - Tarımsal Mekanizasyon | 4854 - Aşağıdaki lisans programlarından birinden mezun olmak. | 9106 - Tarımsal Biyoteknoloji | 4857 - Aşağıdaki lisans programlarından birinden mezun olmak. | 3382 - Tarım Ekonomisi;1f2c39c6-c20a-e611-80c6-a0369f7d1486
2016;4;901800253;Gıda, Tarım ve Hayvancılık Bakanlığı;Mühendis;Bilecik;Lisans;1;;83.146;83.146;"4689;3233;4298;8324;9034";4689 - Aşağıdaki lisans programlarından birinden mezun olmak. | 3233 - Jeodezi ve Fotogrametri Mühendisliği | 4298 - Jeodezi ve Haritacılık | 8324 - Harita Mühendisliği | 9034 - Geomatik Mühendisliği;702939c6-c20a-e611-80c6-a0369f7d1486
2016;4;901800351;Gıda, Tarım ve Hayvancılık Bakanlığı;Mühendis;Bursa;Lisans;1;;83.144;83.144;"4818;8337;4819;3320";4818 - Aşağıdaki lisans programlarından birinden mezun olmak. | 8337 - Su Ürünleri Mühendisliği | 4819 - Aşağıdaki lisans programlarından birinden mezun olmak. | 3320 - Su Ürünleri;a12939c6-c20a-e611-80c6-a0369f7d1486
2016;4;901800461;Gıda, Tarım ve Hayvancılık Bakanlığı;Mühendis;Edirne;Lisans;2;;83.133;83.229;"4803;8196;4825;5135;4831;3202;8258;8289;4845;3385;3386;4212;6131;8147;8158;9048;9269;4846;9114;4853;3325;3383;3384;8221;8263;4854;9106;4857;3382";4803 - Aşağıdaki lisans programlarından birinden mezun olmak. | 8196 - Gıda Bilimi ve Teknolojisi | 4825 - Aşağıdaki lisans programlarından birinden mezun olmak. | 5135 - Ziraat Mühendisliği | 4831 - Aşağıdaki lisans programlarından birinden mezun olmak. | 3202 - Hayvansal Üretim | 8258 - Süt Teknolojisi | 8289 - Zootekni / Zooteknik | 4845 - Aşağıdaki lisans programlarından birinden mezun olmak. | 3385 - Tarla Bitkileri | 3386 - Toprak | 4212 - Bahçe ve Tarla Bitkileri | 6131 - Bitkisel Üretim | 8147 - Bahçe Bitkileri | 8158 - Bitki Koruma | 9048 - Toprak Bilimi ve Bitki Besleme | 9269 - Bitkisel Üretim ve Teknolojileri | 4846 - Aşağıdaki lisans programlarından birinden mezun olmak. | 9114 - Biyosistem Mühendisliği | 4853 - Aşağıdaki lisans programlarından birinden mezun olmak. | 3325 - Tarım Teknolojisi | 3383 - Tarım Makineleri | 3384 - Tarımsal Yapılar ve Sulama | 8221 - Kültürteknik | 8263 - Tarımsal Mekanizasyon | 4854 - Aşağıdaki lisans programlarından birinden mezun olmak. | 9106 - Tarımsal Biyoteknoloji | 4857 - Aşağıdaki lisans programlarından birinden mezun olmak. | 3382 - Tarım Ekonomisi;d42939c6-c20a-e611-80c6-a0369f7d1486
2016;4;901801529;Gıda, Tarım ve Hayvancılık Bakanlığı;Mühendis;Tekirdağ;Lisans;1;;83.133;83.133;"4689;3233;4298;8324;9034";4689 - Aşağıdaki lisans programlarından birinden mezun olmak. | 3233 - Jeodezi ve Fotogrametri Mühendisliği | 4298 - Jeodezi ve Haritacılık | 8324 - Harita Mühendisliği | 9034 - Geomatik Mühendisliği;a72b39c6-c20a-e611-80c6-a0369f7d1486
2016;4;901800463;Gıda, Tarım ve Hayvancılık Bakanlığı;Mühendis;Edirne;Lisans;1;;83.117;83.117;"4818;8337;4819;3320";4818 - Aşağıdaki lisans programlarından birinden mezun olmak. | 8337 - Su Ürünleri Mühendisliği | 4819 - Aşağıdaki lisans programlarından birinden mezun olmak. | 3320 - Su Ürünleri;d52939c6-c20a-e611-80c6-a0369f7d1486
2016;4;901801115;Gıda, Tarım ve Hayvancılık Bakanlığı;Mühendis;Kütahya;Lisans;1;;83.005;83.005;"4803;8196;4825;5135;4831;3202;8258;8289;4845;3385;3386;4212;6131;8147;8158;9048;9269;4846;9114;4853;3325;3383;3384;8221;8263;4854;9106;4857;3382";4803 - Aşağıdaki lisans programlarından birinden mezun olmak. | 8196 - Gıda Bilimi ve Teknolojisi | 4825 - Aşağıdaki lisans programlarından birinden mezun olmak. | 5135 - Ziraat Mühendisliği | 4831 - Aşağıdaki lisans programlarından birinden mezun olmak. | 3202 - Hayvansal Üretim | 8258 - Süt Teknolojisi | 8289 - Zootekni / Zooteknik | 4845 - Aşağıdaki lisans programlarından birinden mezun olmak. | 3385 - Tarla Bitkileri | 3386 - Toprak | 4212 - Bahçe ve Tarla Bitkileri | 6131 - Bitkisel Üretim | 8147 - Bahçe Bitkileri | 8158 - Bitki Koruma | 9048 - Toprak Bilimi ve Bitki Besleme | 9269 - Bitkisel Üretim ve Teknolojileri | 4846 - Aşağıdaki lisans programlarından birinden mezun olmak. | 9114 - Biyosistem Mühendisliği | 4853 - Aşağıdaki lisans programlarından birinden mezun olmak. | 3325 - Tarım Teknolojisi | 3383 - Tarım Makineleri | 3384 - Tarımsal Yapılar ve Sulama | 8221 - Kültürteknik | 8263 - Tarımsal Mekanizasyon | 4854 - Aşağıdaki lisans programlarından birinden mezun olmak. | 9106 - Tarımsal Biyoteknoloji | 4857 - Aşağıdaki lisans programlarından birinden mezun olmak. | 3382 - Tarım Ekonomisi;fa2a39c6-c20a-e611-80c6-a0369f7d1486
2016;4;901801675;Gıda, Tarım ve Hayvancılık Bakanlığı;Mühendis;Zonguldak;Lisans;1;;82.961;82.961;"4803;8196;4825;5135;4831;3202;8258;8289;4845;3385;3386;4212;6131;8147;8158;9048;9269;4846;9114;4853;3325;3383;3384;8221;8263;4854;9106;4857;3382";4803 - Aşağıdaki lisans programlarından birinden mezun olmak. | 8196 - Gıda Bilimi ve Teknolojisi | 4825 - Aşağıdaki lisans programlarından birinden mezun olmak. | 5135 - Ziraat Mühendisliği | 4831 - Aşağıdaki lisans programlarından birinden mezun olmak. | 3202 - Hayvansal Üretim | 8258 - Süt Teknolojisi | 8289 - Zootekni / Zooteknik | 4845 - Aşağıdaki lisans programlarından birinden mezun olmak. | 3385 - Tarla Bitkileri | 3386 - Toprak | 4212 - Bahçe ve Tarla Bitkileri | 6131 - Bitkisel Üretim | 8147 - Bahçe Bitkileri | 8158 - Bitki Koruma | 9048 - Toprak Bilimi ve Bitki Besleme | 9269 - Bitkisel Üretim ve Teknolojileri | 4846 - Aşağıdaki lisans programlarından birinden mezun olmak. | 9114 - Biyosistem Mühendisliği | 4853 - Aşağıdaki lisans programlarından birinden mezun olmak. | 3325 - Tarım Teknolojisi | 3383 - Tarım Makineleri | 3384 - Tarımsal Yapılar ve Sulama | 8221 - Kültürteknik | 8263 - Tarımsal Mekanizasyon | 4854 - Aşağıdaki lisans programlarından birinden mezun olmak. | 9106 - Tarımsal Biyoteknoloji | 4857 - Aşağıdaki lisans programlarından birinden mezun olmak. | 3382 - Tarım Ekonomisi;0a2c39c6-c20a-e611-80c6-a0369f7d1486
2016;4;901800443;Gıda, Tarım ve Hayvancılık Bakanlığı;Mühendis;Düzce;Lisans;1;;82.935;82.935;"4818;8337;4819;3320";4818 - Aşağıdaki lisans programlarından birinden mezun olmak. | 8337 - Su Ürünleri Mühendisliği | 4819 - Aşağıdaki lisans programlarından birinden mezun olmak. | 3320 - Su Ürünleri;582c39c6-c20a-e611-80c6-a0369f7d1486
2016;4;901801083;Gıda, Tarım ve Hayvancılık Bakanlığı;Mühendis;Konya;Lisans;1;;82.933;82.933;"4803;8196;4825;5135;4831;3202;8258;8289;4845;3385;3386;4212;6131;8147;8158;9048;9269;4846;9114;4853;3325;3383;3384;8221;8263;4854;9106;4857;3382";4803 - Aşağıdaki lisans programlarından birinden mezun olmak. | 8196 - Gıda Bilimi ve Teknolojisi | 4825 - Aşağıdaki lisans programlarından birinden mezun olmak. | 5135 - Ziraat Mühendisliği | 4831 - Aşağıdaki lisans programlarından birinden mezun olmak. | 3202 - Hayvansal Üretim | 8258 - Süt Teknolojisi | 8289 - Zootekni / Zooteknik | 4845 - Aşağıdaki lisans programlarından birinden mezun olmak. | 3385 - Tarla Bitkileri | 3386 - Toprak | 4212 - Bahçe ve Tarla Bitkileri | 6131 - Bitkisel Üretim | 8147 - Bahçe Bitkileri | 8158 - Bitki Koruma | 9048 - Toprak Bilimi ve Bitki Besleme | 9269 - Bitkisel Üretim ve Teknolojileri | 4846 - Aşağıdaki lisans programlarından birinden mezun olmak. | 9114 - Biyosistem Mühendisliği | 4853 - Aşağıdaki lisans programlarından birinden mezun olmak. | 3325 - Tarım Teknolojisi | 3383 - Tarım Makineleri | 3384 - Tarımsal Yapılar ve Sulama | 8221 - Kültürteknik | 8263 - Tarımsal Mekanizasyon | 4854 - Aşağıdaki lisans programlarından birinden mezun olmak. | 9106 - Tarımsal Biyoteknoloji | 4857 - Aşağıdaki lisans programlarından birinden mezun olmak. | 3382 - Tarım Ekonomisi;ea2a39c6-c20a-e611-80c6-a0369f7d1486
2016;4;901800465;Gıda, Tarım ve Hayvancılık Bakanlığı;Veteriner Hekim;Edirne;Lisans;1;;82.882;82.882;"4607;6373";4607 - Aşağıdaki lisans programlarından birinden mezun olmak. | 6373 - Veteriner;d62939c6-c20a-e611-80c6-a0369f7d1486
2016;4;901800705;Gıda, Tarım ve Hayvancılık Bakanlığı;Mühendis;Isparta;Lisans;1;;82.873;82.873;"4818;8337;4819;3320";4818 - Aşağıdaki lisans programlarından birinden mezun olmak. | 8337 - Su Ürünleri Mühendisliği | 4819 - Aşağıdaki lisans programlarından birinden mezun olmak. | 3320 - Su Ürünleri;452a39c6-c20a-e611-80c6-a0369f7d1486
2016;4;901800931;Gıda, Tarım ve Hayvancılık Bakanlığı;Mühendis;Kastamonu;Lisans;1;;82.871;82.871;"4689;3233;4298;8324;9034";4689 - Aşağıdaki lisans programlarından birinden mezun olmak. | 3233 - Jeodezi ve Fotogrametri Mühendisliği | 4298 - Jeodezi ve Haritacılık | 8324 - Harita Mühendisliği | 9034 - Geomatik Mühendisliği;a42a39c6-c20a-e611-80c6-a0369f7d1486
2016;4;901801411;Gıda, Tarım ve Hayvancılık Bakanlığı;Mühendis;Sinop;Lisans;1;;82.869;82.869;"4689;3233;4298;8324;9034";4689 - Aşağıdaki lisans programlarından birinden mezun olmak. | 3233 - Jeodezi ve Fotogrametri Mühendisliği | 4298 - Jeodezi ve Haritacılık | 8324 - Harita Mühendisliği | 9034 - Geomatik Mühendisliği;962b39c6-c20a-e611-80c6-a0369f7d1486
2016;4;901800369;Gıda, Tarım ve Hayvancılık Bakanlığı;Mühendis;Çanakkale;Lisans;1;;82.805;82.805;"4818;8337;4819;3320";4818 - Aşağıdaki lisans programlarından birinden mezun olmak. | 8337 - Su Ürünleri Mühendisliği | 4819 - Aşağıdaki lisans programlarından birinden mezun olmak. | 3320 - Su Ürünleri;aa2939c6-c20a-e611-80c6-a0369f7d1486
2016;4;901800287;Gıda, Tarım ve Hayvancılık Bakanlığı;Mühendis;Bitlis;Lisans;1;;82.798;82.798;"4689;3233;4298;8324;9034";4689 - Aşağıdaki lisans programlarından birinden mezun olmak. | 3233 - Jeodezi ve Fotogrametri Mühendisliği | 4298 - Jeodezi ve Haritacılık | 8324 - Harita Mühendisliği | 9034 - Geomatik Mühendisliği;812939c6-c20a-e611-80c6-a0369f7d1486
2016;4;901800445;Gıda, Tarım ve Hayvancılık Bakanlığı;Mühendis;Edirne;Lisans;1;;82.756;82.756;"4689;3233;4298;8324;9034";4689 - Aşağıdaki lisans programlarından birinden mezun olmak. | 3233 - Jeodezi ve Fotogrametri Mühendisliği | 4298 - Jeodezi ve Haritacılık | 8324 - Harita Mühendisliği | 9034 - Geomatik Mühendisliği;cc2939c6-c20a-e611-80c6-a0369f7d1486
2016;4;901801487;Gıda, Tarım ve Hayvancılık Bakanlığı;Mühendis;Şanlıurfa;Lisans;1;;82.743;82.743;"4818;8337;4819;3320";4818 - Aşağıdaki lisans programlarından birinden mezun olmak. | 8337 - Su Ürünleri Mühendisliği | 4819 - Aşağıdaki lisans programlarından birinden mezun olmak. | 3320 - Su Ürünleri;dd2b39c6-c20a-e611-80c6-a0369f7d1486
2016;4;901800379;Gıda, Tarım ve Hayvancılık Bakanlığı;Mühendis;Çanakkale;Lisans;1;;82.735;82.735;"4818;8337;4819;3320";4818 - Aşağıdaki lisans programlarından birinden mezun olmak. | 8337 - Su Ürünleri Mühendisliği | 4819 - Aşağıdaki lisans programlarından birinden mezun olmak. | 3320 - Su Ürünleri;af2939c6-c20a-e611-80c6-a0369f7d1486
2016;4;901800563;Gıda, Tarım ve Hayvancılık Bakanlığı;Mühendis;Eskişehir;Lisans;2;;82.684;83.293;"4689;3233;4298;8324;9034";4689 - Aşağıdaki lisans programlarından birinden mezun olmak. | 3233 - Jeodezi ve Fotogrametri Mühendisliği | 4298 - Jeodezi ve Haritacılık | 8324 - Harita Mühendisliği | 9034 - Geomatik Mühendisliği;072a39c6-c20a-e611-80c6-a0369f7d1486
2016;4;901800719;Gıda, Tarım ve Hayvancılık Bakanlığı;Mühendis;İstanbul;Lisans;1;;82.666;82.666;"4818;8337;4819;3320";4818 - Aşağıdaki lisans programlarından birinden mezun olmak. | 8337 - Su Ürünleri Mühendisliği | 4819 - Aşağıdaki lisans programlarından birinden mezun olmak. | 3320 - Su Ürünleri;512a39c6-c20a-e611-80c6-a0369f7d1486
2016;4;901801283;Gıda, Tarım ve Hayvancılık Bakanlığı;Mühendis;Ordu;Lisans;1;;82.664;82.664;"4689;3233;4298;8324;9034";4689 - Aşağıdaki lisans programlarından birinden mezun olmak. | 3233 - Jeodezi ve Fotogrametri Mühendisliği | 4298 - Jeodezi ve Haritacılık | 8324 - Harita Mühendisliği | 9034 - Geomatik Mühendisliği;582b39c6-c20a-e611-80c6-a0369f7d1486
2016;4;901800105;Gıda, Tarım ve Hayvancılık Bakanlığı;Mühendis;Antalya;Lisans;1;;82.647;82.647;"4689;3233;4298;8324;9034";4689 - Aşağıdaki lisans programlarından birinden mezun olmak. | 3233 - Jeodezi ve Fotogrametri Mühendisliği | 4298 - Jeodezi ve Haritacılık | 8324 - Harita Mühendisliği | 9034 - Geomatik Mühendisliği;3f2939c6-c20a-e611-80c6-a0369f7d1486
2016;4;901801145;Gıda, Tarım ve Hayvancılık Bakanlığı;Mühendis;Manisa;Lisans;1;;82.622;82.622;"4689;3233;4298;8324;9034";4689 - Aşağıdaki lisans programlarından birinden mezun olmak. | 3233 - Jeodezi ve Fotogrametri Mühendisliği | 4298 - Jeodezi ve Haritacılık | 8324 - Harita Mühendisliği | 9034 - Geomatik Mühendisliği;092b39c6-c20a-e611-80c6-a0369f7d1486
2016;4;901801215;Gıda, Tarım ve Hayvancılık Bakanlığı;Mühendis;Muğla;Lisans;1;;82.609;82.609;"4689;3233;4298;8324;9034";4689 - Aşağıdaki lisans programlarından birinden mezun olmak. | 3233 - Jeodezi ve Fotogrametri Mühendisliği | 4298 - Jeodezi ve Haritacılık | 8324 - Harita Mühendisliği | 9034 - Geomatik Mühendisliği;362b39c6-c20a-e611-80c6-a0369f7d1486
2016;4;901801093;Gıda, Tarım ve Hayvancılık Bakanlığı;Mühendis;Konya;Lisans;2;;82.596;84.332;"4803;8196;4825;5135;4831;3202;8258;8289;4845;3385;3386;4212;6131;8147;8158;9048;9269;4846;9114;4853;3325;3383;3384;8221;8263;4854;9106;4857;3382";4803 - Aşağıdaki lisans programlarından birinden mezun olmak. | 8196 - Gıda Bilimi ve Teknolojisi | 4825 - Aşağıdaki lisans programlarından birinden mezun olmak. | 5135 - Ziraat Mühendisliği | 4831 - Aşağıdaki lisans programlarından birinden mezun olmak. | 3202 - Hayvansal Üretim | 8258 - Süt Teknolojisi | 8289 - Zootekni / Zooteknik | 4845 - Aşağıdaki lisans programlarından birinden mezun olmak. | 3385 - Tarla Bitkileri | 3386 - Toprak | 4212 - Bahçe ve Tarla Bitkileri | 6131 - Bitkisel Üretim | 8147 - Bahçe Bitkileri | 8158 - Bitki Koruma | 9048 - Toprak Bilimi ve Bitki Besleme | 9269 - Bitkisel Üretim ve Teknolojileri | 4846 - Aşağıdaki lisans programlarından birinden mezun olmak. | 9114 - Biyosistem Mühendisliği | 4853 - Aşağıdaki lisans programlarından birinden mezun olmak. | 3325 - Tarım Teknolojisi | 3383 - Tarım Makineleri | 3384 - Tarımsal Yapılar ve Sulama | 8221 - Kültürteknik | 8263 - Tarımsal Mekanizasyon | 4854 - Aşağıdaki lisans programlarından birinden mezun olmak. | 9106 - Tarımsal Biyoteknoloji | 4857 - Aşağıdaki lisans programlarından birinden mezun olmak. | 3382 - Tarım Ekonomisi;ef2a39c6-c20a-e611-80c6-a0369f7d1486
2016;4;901800987;Gıda, Tarım ve Hayvancılık Bakanlığı;Mühendis;Kırıkkale;Lisans;1;;82.58;82.58;"4689;3233;4298;8324;9034";4689 - Aşağıdaki lisans programlarından birinden mezun olmak. | 3233 - Jeodezi ve Fotogrametri Mühendisliği | 4298 - Jeodezi ve Haritacılık | 8324 - Harita Mühendisliği | 9034 - Geomatik Mühendisliği;222c39c6-c20a-e611-80c6-a0369f7d1486
2016;4;901800591;Gıda, Tarım ve Hayvancılık Bakanlığı;Mühendis;Giresun;Lisans;1;;82.574;82.574;"4689;3233;4298;8324;9034";4689 - Aşağıdaki lisans programlarından birinden mezun olmak. | 3233 - Jeodezi ve Fotogrametri Mühendisliği | 4298 - Jeodezi ve Haritacılık | 8324 - Harita Mühendisliği | 9034 - Geomatik Mühendisliği;152a39c6-c20a-e611-80c6-a0369f7d1486
2016;4;901800399;Gıda, Tarım ve Hayvancılık Bakanlığı;Mühendis;Denizli;Lisans;1;;82.554;82.554;"4689;3233;4298;8324;9034";4689 - Aşağıdaki lisans programlarından birinden mezun olmak. | 3233 - Jeodezi ve Fotogrametri Mühendisliği | 4298 - Jeodezi ve Haritacılık | 8324 - Harita Mühendisliği | 9034 - Geomatik Mühendisliği;b92939c6-c20a-e611-80c6-a0369f7d1486
2016;4;901801313;Gıda, Tarım ve Hayvancılık Bakanlığı;Mühendis;Osmaniye;Lisans;1;;82.528;82.528;"4689;3233;4298;8324;9034";4689 - Aşağıdaki lisans programlarından birinden mezun olmak. | 3233 - Jeodezi ve Fotogrametri Mühendisliği | 4298 - Jeodezi ve Haritacılık | 8324 - Harita Mühendisliği | 9034 - Geomatik Mühendisliği;532c39c6-c20a-e611-80c6-a0369f7d1486
2016;4;901801597;Gıda, Tarım ve Hayvancılık Bakanlığı;Mühendis;Uşak;Lisans;1;;82.517;82.517;"4818;8337;4819;3320";4818 - Aşağıdaki lisans programlarından birinden mezun olmak. | 8337 - Su Ürünleri Mühendisliği | 4819 - Aşağıdaki lisans programlarından birinden mezun olmak. | 3320 - Su Ürünleri;e52b39c6-c20a-e611-80c6-a0369f7d1486
2016;4;901800049;Gıda, Tarım ve Hayvancılık Bakanlığı;Mühendis;Afyonkarahisar;Lisans;1;;82.501;82.501;"4803;8196;4825;5135;4831;3202;8258;8289;4845;3385;3386;4212;6131;8147;8158;9048;9269;4846;9114;4853;3325;3383;3384;8221;8263;4854;9106;4857;3382";4803 - Aşağıdaki lisans programlarından birinden mezun olmak. | 8196 - Gıda Bilimi ve Teknolojisi | 4825 - Aşağıdaki lisans programlarından birinden mezun olmak. | 5135 - Ziraat Mühendisliği | 4831 - Aşağıdaki lisans programlarından birinden mezun olmak. | 3202 - Hayvansal Üretim | 8258 - Süt Teknolojisi | 8289 - Zootekni / Zooteknik | 4845 - Aşağıdaki lisans programlarından birinden mezun olmak. | 3385 - Tarla Bitkileri | 3386 - Toprak | 4212 - Bahçe ve Tarla Bitkileri | 6131 - Bitkisel Üretim | 8147 - Bahçe Bitkileri | 8158 - Bitki Koruma | 9048 - Toprak Bilimi ve Bitki Besleme | 9269 - Bitkisel Üretim ve Teknolojileri | 4846 - Aşağıdaki lisans programlarından birinden mezun olmak. | 9114 - Biyosistem Mühendisliği | 4853 - Aşağıdaki lisans programlarından birinden mezun olmak. | 3325 - Tarım Teknolojisi | 3383 - Tarım Makineleri | 3384 - Tarımsal Yapılar ve Sulama | 8221 - Kültürteknik | 8263 - Tarımsal Mekanizasyon | 4854 - Aşağıdaki lisans programlarından birinden mezun olmak. | 9106 - Tarımsal Biyoteknoloji | 4857 - Aşağıdaki lisans programlarından birinden mezun olmak. | 3382 - Tarım Ekonomisi;252939c6-c20a-e611-80c6-a0369f7d1486
2016;4;901801087;Gıda, Tarım ve Hayvancılık Bakanlığı;Mühendis;Konya;Lisans;1;;82.499;82.499;"4803;8196;4825;5135;4831;3202;8258;8289;4845;3385;3386;4212;6131;8147;8158;9048;9269;4846;9114;4853;3325;3383;3384;8221;8263;4854;9106;4857;3382";4803 - Aşağıdaki lisans programlarından birinden mezun olmak. | 8196 - Gıda Bilimi ve Teknolojisi | 4825 - Aşağıdaki lisans programlarından birinden mezun olmak. | 5135 - Ziraat Mühendisliği | 4831 - Aşağıdaki lisans programlarından birinden mezun olmak. | 3202 - Hayvansal Üretim | 8258 - Süt Teknolojisi | 8289 - Zootekni / Zooteknik | 4845 - Aşağıdaki lisans programlarından birinden mezun olmak. | 3385 - Tarla Bitkileri | 3386 - Toprak | 4212 - Bahçe ve Tarla Bitkileri | 6131 - Bitkisel Üretim | 8147 - Bahçe Bitkileri | 8158 - Bitki Koruma | 9048 - Toprak Bilimi ve Bitki Besleme | 9269 - Bitkisel Üretim ve Teknolojileri | 4846 - Aşağıdaki lisans programlarından birinden mezun olmak. | 9114 - Biyosistem Mühendisliği | 4853 - Aşağıdaki lisans programlarından birinden mezun olmak. | 3325 - Tarım Teknolojisi | 3383 - Tarım Makineleri | 3384 - Tarımsal Yapılar ve Sulama | 8221 - Kültürteknik | 8263 - Tarımsal Mekanizasyon | 4854 - Aşağıdaki lisans programlarından birinden mezun olmak. | 9106 - Tarımsal Biyoteknoloji | 4857 - Aşağıdaki lisans programlarından birinden mezun olmak. | 3382 - Tarım Ekonomisi;ec2a39c6-c20a-e611-80c6-a0369f7d1486
2016;4;901800699;Gıda, Tarım ve Hayvancılık Bakanlığı;Mühendis;Isparta;Lisans;1;;82.479;82.479;"4689;3233;4298;8324;9034";4689 - Aşağıdaki lisans programlarından birinden mezun olmak. | 3233 - Jeodezi ve Fotogrametri Mühendisliği | 4298 - Jeodezi ve Haritacılık | 8324 - Harita Mühendisliği | 9034 - Geomatik Mühendisliği;422a39c6-c20a-e611-80c6-a0369f7d1486
2016;4;901801113;Gıda, Tarım ve Hayvancılık Bakanlığı;Mühendis;Kütahya;Lisans;1;;82.473;82.473;"4803;8196;4825;5135;4831;3202;8258;8289;4845;3385;3386;4212;6131;8147;8158;9048;9269;4846;9114;4853;3325;3383;3384;8221;8263;4854;9106;4857;3382";4803 - Aşağıdaki lisans programlarından birinden mezun olmak. | 8196 - Gıda Bilimi ve Teknolojisi | 4825 - Aşağıdaki lisans programlarından birinden mezun olmak. | 5135 - Ziraat Mühendisliği | 4831 - Aşağıdaki lisans programlarından birinden mezun olmak. | 3202 - Hayvansal Üretim | 8258 - Süt Teknolojisi | 8289 - Zootekni / Zooteknik | 4845 - Aşağıdaki lisans programlarından birinden mezun olmak. | 3385 - Tarla Bitkileri | 3386 - Toprak | 4212 - Bahçe ve Tarla Bitkileri | 6131 - Bitkisel Üretim | 8147 - Bahçe Bitkileri | 8158 - Bitki Koruma | 9048 - Toprak Bilimi ve Bitki Besleme | 9269 - Bitkisel Üretim ve Teknolojileri | 4846 - Aşağıdaki lisans programlarından birinden mezun olmak. | 9114 - Biyosistem Mühendisliği | 4853 - Aşağıdaki lisans programlarından birinden mezun olmak. | 3325 - Tarım Teknolojisi | 3383 - Tarım Makineleri | 3384 - Tarımsal Yapılar ve Sulama | 8221 - Kültürteknik | 8263 - Tarımsal Mekanizasyon | 4854 - Aşağıdaki lisans programlarından birinden mezun olmak. | 9106 - Tarımsal Biyoteknoloji | 4857 - Aşağıdaki lisans programlarından birinden mezun olmak. | 3382 - Tarım Ekonomisi;f92a39c6-c20a-e611-80c6-a0369f7d1486
2016;4;901800673;Gıda, Tarım ve Hayvancılık Bakanlığı;Mühendis;Hatay;Lisans;1;;82.451;82.451;"4818;8337;4819;3320";4818 - Aşağıdaki lisans programlarından birinden mezun olmak. | 8337 - Su Ürünleri Mühendisliği | 4819 - Aşağıdaki lisans programlarından birinden mezun olmak. | 3320 - Su Ürünleri;3e2a39c6-c20a-e611-80c6-a0369f7d1486
2016;4;901801339;Gıda, Tarım ve Hayvancılık Bakanlığı;Mühendis;Sakarya;Lisans;1;;82.451;82.451;"4803;8196;4825;5135;4831;3202;8258;8289;4845;3385;3386;4212;6131;8147;8158;9048;9269;4846;9114;4853;3325;3383;3384;8221;8263;4854;9106;4857;3382";4803 - Aşağıdaki lisans programlarından birinden mezun olmak. | 8196 - Gıda Bilimi ve Teknolojisi | 4825 - Aşağıdaki lisans programlarından birinden mezun olmak. | 5135 - Ziraat Mühendisliği | 4831 - Aşağıdaki lisans programlarından birinden mezun olmak. | 3202 - Hayvansal Üretim | 8258 - Süt Teknolojisi | 8289 - Zootekni / Zooteknik | 4845 - Aşağıdaki lisans programlarından birinden mezun olmak. | 3385 - Tarla Bitkileri | 3386 - Toprak | 4212 - Bahçe ve Tarla Bitkileri | 6131 - Bitkisel Üretim | 8147 - Bahçe Bitkileri | 8158 - Bitki Koruma | 9048 - Toprak Bilimi ve Bitki Besleme | 9269 - Bitkisel Üretim ve Teknolojileri | 4846 - Aşağıdaki lisans programlarından birinden mezun olmak. | 9114 - Biyosistem Mühendisliği | 4853 - Aşağıdaki lisans programlarından birinden mezun olmak. | 3325 - Tarım Teknolojisi | 3383 - Tarım Makineleri | 3384 - Tarımsal Yapılar ve Sulama | 8221 - Kültürteknik | 8263 - Tarımsal Mekanizasyon | 4854 - Aşağıdaki lisans programlarından birinden mezun olmak. | 9106 - Tarımsal Biyoteknoloji | 4857 - Aşağıdaki lisans programlarından birinden mezun olmak. | 3382 - Tarım Ekonomisi;722b39c6-c20a-e611-80c6-a0369f7d1486
2016;4;901801205;Gıda, Tarım ve Hayvancılık Bakanlığı;Mühendis;Mersin;Lisans;1;;82.444;82.444;"4689;3233;4298;8324;9034";4689 - Aşağıdaki lisans programlarından birinden mezun olmak. | 3233 - Jeodezi ve Fotogrametri Mühendisliği | 4298 - Jeodezi ve Haritacılık | 8324 - Harita Mühendisliği | 9034 - Geomatik Mühendisliği;482a39c6-c20a-e611-80c6-a0369f7d1486
2016;4;901800019;Gıda, Tarım ve Hayvancılık Bakanlığı;Mühendis;Afyonkarahisar;Lisans;1;;82.437;82.437;"4689;3233;4298;8324;9034";4689 - Aşağıdaki lisans programlarından birinden mezun olmak. | 3233 - Jeodezi ve Fotogrametri Mühendisliği | 4298 - Jeodezi ve Haritacılık | 8324 - Harita Mühendisliği | 9034 - Geomatik Mühendisliği;162939c6-c20a-e611-80c6-a0369f7d1486
2016;4;901801301;Gıda, Tarım ve Hayvancılık Bakanlığı;Mühendis;Ordu;Lisans;1;;82.435;82.435;"4818;8337;4819;3320";4818 - Aşağıdaki lisans programlarından birinden mezun olmak. | 8337 - Su Ürünleri Mühendisliği | 4819 - Aşağıdaki lisans programlarından birinden mezun olmak. | 3320 - Su Ürünleri;612b39c6-c20a-e611-80c6-a0369f7d1486
2016;4;901800245;Gıda, Tarım ve Hayvancılık Bakanlığı;Mühendis;Bayburt;Lisans;1;;82.413;82.413;"4803;8196;4825;5135;4831;3202;8258;8289;4845;3385;3386;4212;6131;8147;8158;9048;9269;4846;9114;4853;3325;3383;3384;8221;8263;4854;9106;4857;3382";4803 - Aşağıdaki lisans programlarından birinden mezun olmak. | 8196 - Gıda Bilimi ve Teknolojisi | 4825 - Aşağıdaki lisans programlarından birinden mezun olmak. | 5135 - Ziraat Mühendisliği | 4831 - Aşağıdaki lisans programlarından birinden mezun olmak. | 3202 - Hayvansal Üretim | 8258 - Süt Teknolojisi | 8289 - Zootekni / Zooteknik | 4845 - Aşağıdaki lisans programlarından birinden mezun olmak. | 3385 - Tarla Bitkileri | 3386 - Toprak | 4212 - Bahçe ve Tarla Bitkileri | 6131 - Bitkisel Üretim | 8147 - Bahçe Bitkileri | 8158 - Bitki Koruma | 9048 - Toprak Bilimi ve Bitki Besleme | 9269 - Bitkisel Üretim ve Teknolojileri | 4846 - Aşağıdaki lisans programlarından birinden mezun olmak. | 9114 - Biyosistem Mühendisliği | 4853 - Aşağıdaki lisans programlarından birinden mezun olmak. | 3325 - Tarım Teknolojisi | 3383 - Tarım Makineleri | 3384 - Tarımsal Yapılar ve Sulama | 8221 - Kültürteknik | 8263 - Tarımsal Mekanizasyon | 4854 - Aşağıdaki lisans programlarından birinden mezun olmak. | 9106 - Tarımsal Biyoteknoloji | 4857 - Aşağıdaki lisans programlarından birinden mezun olmak. | 3382 - Tarım Ekonomisi;172c39c6-c20a-e611-80c6-a0369f7d1486
2016;4;901800339;Gıda, Tarım ve Hayvancılık Bakanlığı;Mühendis;Burdur;Lisans;1;;82.393;82.393;"4689;3233;4298;8324;9034";4689 - Aşağıdaki lisans programlarından birinden mezun olmak. | 3233 - Jeodezi ve Fotogrametri Mühendisliği | 4298 - Jeodezi ve Haritacılık | 8324 - Harita Mühendisliği | 9034 - Geomatik Mühendisliği;9b2939c6-c20a-e611-80c6-a0369f7d1486
2016;4;901801277;Gıda, Tarım ve Hayvancılık Bakanlığı;Mühendis;Niğde;Lisans;1;;82.387;82.387;"4689;3233;4298;8324;9034";4689 - Aşağıdaki lisans programlarından birinden mezun olmak. | 3233 - Jeodezi ve Fotogrametri Mühendisliği | 4298 - Jeodezi ve Haritacılık | 8324 - Harita Mühendisliği | 9034 - Geomatik Mühendisliği;552b39c6-c20a-e611-80c6-a0369f7d1486
2016;4;901800053;Gıda, Tarım ve Hayvancılık Bakanlığı;Mühendis;Afyonkarahisar;Lisans;1;;82.387;82.387;"4803;8196;4825;5135;4831;3202;8258;8289;4845;3385;3386;4212;6131;8147;8158;9048;9269;4846;9114;4853;3325;3383;3384;8221;8263;4854;9106;4857;3382";4803 - Aşağıdaki lisans programlarından birinden mezun olmak. | 8196 - Gıda Bilimi ve Teknolojisi | 4825 - Aşağıdaki lisans programlarından birinden mezun olmak. | 5135 - Ziraat Mühendisliği | 4831 - Aşağıdaki lisans programlarından birinden mezun olmak. | 3202 - Hayvansal Üretim | 8258 - Süt Teknolojisi | 8289 - Zootekni / Zooteknik | 4845 - Aşağıdaki lisans programlarından birinden mezun olmak. | 3385 - Tarla Bitkileri | 3386 - Toprak | 4212 - Bahçe ve Tarla Bitkileri | 6131 - Bitkisel Üretim | 8147 - Bahçe Bitkileri | 8158 - Bitki Koruma | 9048 - Toprak Bilimi ve Bitki Besleme | 9269 - Bitkisel Üretim ve Teknolojileri | 4846 - Aşağıdaki lisans programlarından birinden mezun olmak. | 9114 - Biyosistem Mühendisliği | 4853 - Aşağıdaki lisans programlarından birinden mezun olmak. | 3325 - Tarım Teknolojisi | 3383 - Tarım Makineleri | 3384 - Tarımsal Yapılar ve Sulama | 8221 - Kültürteknik | 8263 - Tarımsal Mekanizasyon | 4854 - Aşağıdaki lisans programlarından birinden mezun olmak. | 9106 - Tarımsal Biyoteknoloji | 4857 - Aşağıdaki lisans programlarından birinden mezun olmak. | 3382 - Tarım Ekonomisi;272939c6-c20a-e611-80c6-a0369f7d1486
2016;4;901800965;Gıda, Tarım ve Hayvancılık Bakanlığı;Mühendis;Kayseri;Lisans;2;;82.354;82.358;"4689;3233;4298;8324;9034";4689 - Aşağıdaki lisans programlarından birinden mezun olmak. | 3233 - Jeodezi ve Fotogrametri Mühendisliği | 4298 - Jeodezi ve Haritacılık | 8324 - Harita Mühendisliği | 9034 - Geomatik Mühendisliği;b52a39c6-c20a-e611-80c6-a0369f7d1486
2016;4;901801349;Gıda, Tarım ve Hayvancılık Bakanlığı;Mühendis;Sakarya;Lisans;1;;82.341;82.341;"4803;8196;4825;5135;4831;3202;8258;8289;4845;3385;3386;4212;6131;8147;8158;9048;9269;4846;9114;4853;3325;3383;3384;8221;8263;4854;9106;4857;3382";4803 - Aşağıdaki lisans programlarından birinden mezun olmak. | 8196 - Gıda Bilimi ve Teknolojisi | 4825 - Aşağıdaki lisans programlarından birinden mezun olmak. | 5135 - Ziraat Mühendisliği | 4831 - Aşağıdaki lisans programlarından birinden mezun olmak. | 3202 - Hayvansal Üretim | 8258 - Süt Teknolojisi | 8289 - Zootekni / Zooteknik | 4845 - Aşağıdaki lisans programlarından birinden mezun olmak. | 3385 - Tarla Bitkileri | 3386 - Toprak | 4212 - Bahçe ve Tarla Bitkileri | 6131 - Bitkisel Üretim | 8147 - Bahçe Bitkileri | 8158 - Bitki Koruma | 9048 - Toprak Bilimi ve Bitki Besleme | 9269 - Bitkisel Üretim ve Teknolojileri | 4846 - Aşağıdaki lisans programlarından birinden mezun olmak. | 9114 - Biyosistem Mühendisliği | 4853 - Aşağıdaki lisans programlarından birinden mezun olmak. | 3325 - Tarım Teknolojisi | 3383 - Tarım Makineleri | 3384 - Tarımsal Yapılar ve Sulama | 8221 - Kültürteknik | 8263 - Tarımsal Mekanizasyon | 4854 - Aşağıdaki lisans programlarından birinden mezun olmak. | 9106 - Tarımsal Biyoteknoloji | 4857 - Aşağıdaki lisans programlarından birinden mezun olmak. | 3382 - Tarım Ekonomisi;772b39c6-c20a-e611-80c6-a0369f7d1486
2016;4;901800733;Gıda, Tarım ve Hayvancılık Bakanlığı;Veteriner Hekim;İstanbul;Lisans;1;;82.321;82.321;"4607;6373";4607 - Aşağıdaki lisans programlarından birinden mezun olmak. | 6373 - Veteriner;582a39c6-c20a-e611-80c6-a0369f7d1486
2016;4;901800097;Gıda, Tarım ve Hayvancılık Bakanlığı;Mühendis;Aksaray;Lisans;2;;82.308;82.376;"4689;3233;4298;8324;9034";4689 - Aşağıdaki lisans programlarından birinden mezun olmak. | 3233 - Jeodezi ve Fotogrametri Mühendisliği | 4298 - Jeodezi ve Haritacılık | 8324 - Harita Mühendisliği | 9034 - Geomatik Mühendisliği;112c39c6-c20a-e611-80c6-a0369f7d1486
2016;4;901800317;Gıda, Tarım ve Hayvancılık Bakanlığı;Mühendis;Bolu;Lisans;2;;82.29;82.363;"4803;8196;4825;5135;4831;3202;8258;8289;4845;3385;3386;4212;6131;8147;8158;9048;9269;4846;9114;4853;3325;3383;3384;8221;8263;4854;9106;4857;3382";4803 - Aşağıdaki lisans programlarından birinden mezun olmak. | 8196 - Gıda Bilimi ve Teknolojisi | 4825 - Aşağıdaki lisans programlarından birinden mezun olmak. | 5135 - Ziraat Mühendisliği | 4831 - Aşağıdaki lisans programlarından birinden mezun olmak. | 3202 - Hayvansal Üretim | 8258 - Süt Teknolojisi | 8289 - Zootekni / Zooteknik | 4845 - Aşağıdaki lisans programlarından birinden mezun olmak. | 3385 - Tarla Bitkileri | 3386 - Toprak | 4212 - Bahçe ve Tarla Bitkileri | 6131 - Bitkisel Üretim | 8147 - Bahçe Bitkileri | 8158 - Bitki Koruma | 9048 - Toprak Bilimi ve Bitki Besleme | 9269 - Bitkisel Üretim ve Teknolojileri | 4846 - Aşağıdaki lisans programlarından birinden mezun olmak. | 9114 - Biyosistem Mühendisliği | 4853 - Aşağıdaki lisans programlarından birinden mezun olmak. | 3325 - Tarım Teknolojisi | 3383 - Tarım Makineleri | 3384 - Tarımsal Yapılar ve Sulama | 8221 - Kültürteknik | 8263 - Tarımsal Mekanizasyon | 4854 - Aşağıdaki lisans programlarından birinden mezun olmak. | 9106 - Tarımsal Biyoteknoloji | 4857 - Aşağıdaki lisans programlarından birinden mezun olmak. | 3382 - Tarım Ekonomisi;902939c6-c20a-e611-80c6-a0369f7d1486
2016;4;901801427;Gıda, Tarım ve Hayvancılık Bakanlığı;Veteriner Hekim;Sivas;Lisans;1;;82.29;82.29;"4607;6373";4607 - Aşağıdaki lisans programlarından birinden mezun olmak. | 6373 - Veteriner;9e2b39c6-c20a-e611-80c6-a0369f7d1486
2016;4;901800029;Gıda, Tarım ve Hayvancılık Bakanlığı;Mühendis;Afyonkarahisar;Lisans;4;;82.286;83.207;"4803;8196;4825;5135;4831;3202;8258;8289;4845;3385;3386;4212;6131;8147;8158;9048;9269;4846;9114;4853;3325;3383;3384;8221;8263;4854;9106;4857;3382";4803 - Aşağıdaki lisans programlarından birinden mezun olmak. | 8196 - Gıda Bilimi ve Teknolojisi | 4825 - Aşağıdaki lisans programlarından birinden mezun olmak. | 5135 - Ziraat Mühendisliği | 4831 - Aşağıdaki lisans programlarından birinden mezun olmak. | 3202 - Hayvansal Üretim | 8258 - Süt Teknolojisi | 8289 - Zootekni / Zooteknik | 4845 - Aşağıdaki lisans programlarından birinden mezun olmak. | 3385 - Tarla Bitkileri | 3386 - Toprak | 4212 - Bahçe ve Tarla Bitkileri | 6131 - Bitkisel Üretim | 8147 - Bahçe Bitkileri | 8158 - Bitki Koruma | 9048 - Toprak Bilimi ve Bitki Besleme | 9269 - Bitkisel Üretim ve Teknolojileri | 4846 - Aşağıdaki lisans programlarından birinden mezun olmak. | 9114 - Biyosistem Mühendisliği | 4853 - Aşağıdaki lisans programlarından birinden mezun olmak. | 3325 - Tarım Teknolojisi | 3383 - Tarım Makineleri | 3384 - Tarımsal Yapılar ve Sulama | 8221 - Kültürteknik | 8263 - Tarımsal Mekanizasyon | 4854 - Aşağıdaki lisans programlarından birinden mezun olmak. | 9106 - Tarımsal Biyoteknoloji | 4857 - Aşağıdaki lisans programlarından birinden mezun olmak. | 3382 - Tarım Ekonomisi;1b2939c6-c20a-e611-80c6-a0369f7d1486
2016;4;901800799;Gıda, Tarım ve Hayvancılık Bakanlığı;Mühendis;İstanbul;Lisans;1;;82.281;82.281;"4818;8337;4819;3320";4818 - Aşağıdaki lisans programlarından birinden mezun olmak. | 8337 - Su Ürünleri Mühendisliği | 4819 - Aşağıdaki lisans programlarından birinden mezun olmak. | 3320 - Su Ürünleri;792a39c6-c20a-e611-80c6-a0369f7d1486
2016;4;901801179;Gıda, Tarım ve Hayvancılık Bakanlığı;Mühendis;Mardin;Lisans;8;;82.277;85.056;"4803;8196;4825;5135;4831;3202;8258;8289;4845;3385;3386;4212;6131;8147;8158;9048;9269;4846;9114;4853;3325;3383;3384;8221;8263;4854;9106;4857;3382";4803 - Aşağıdaki lisans programlarından birinden mezun olmak. | 8196 - Gıda Bilimi ve Teknolojisi | 4825 - Aşağıdaki lisans programlarından birinden mezun olmak. | 5135 - Ziraat Mühendisliği | 4831 - Aşağıdaki lisans programlarından birinden mezun olmak. | 3202 - Hayvansal Üretim | 8258 - Süt Teknolojisi | 8289 - Zootekni / Zooteknik | 4845 - Aşağıdaki lisans programlarından birinden mezun olmak. | 3385 - Tarla Bitkileri | 3386 - Toprak | 4212 - Bahçe ve Tarla Bitkileri | 6131 - Bitkisel Üretim | 8147 - Bahçe Bitkileri | 8158 - Bitki Koruma | 9048 - Toprak Bilimi ve Bitki Besleme | 9269 - Bitkisel Üretim ve Teknolojileri | 4846 - Aşağıdaki lisans programlarından birinden mezun olmak. | 9114 - Biyosistem Mühendisliği | 4853 - Aşağıdaki lisans programlarından birinden mezun olmak. | 3325 - Tarım Teknolojisi | 3383 - Tarım Makineleri | 3384 - Tarımsal Yapılar ve Sulama | 8221 - Kültürteknik | 8263 - Tarımsal Mekanizasyon | 4854 - Aşağıdaki lisans programlarından birinden mezun olmak. | 9106 - Tarımsal Biyoteknoloji | 4857 - Aşağıdaki lisans programlarından birinden mezun olmak. | 3382 - Tarım Ekonomisi;292b39c6-c20a-e611-80c6-a0369f7d1486
2016;4;901800033;Gıda, Tarım ve Hayvancılık Bakanlığı;Mühendis;Afyonkarahisar;Lisans;1;;82.264;82.264;"4803;8196;4825;5135;4831;3202;8258;8289;4845;3385;3386;4212;6131;8147;8158;9048;9269;4846;9114;4853;3325;3383;3384;8221;8263;4854;9106;4857;3382";4803 - Aşağıdaki lisans programlarından birinden mezun olmak. | 8196 - Gıda Bilimi ve Teknolojisi | 4825 - Aşağıdaki lisans programlarından birinden mezun olmak. | 5135 - Ziraat Mühendisliği | 4831 - Aşağıdaki lisans programlarından birinden mezun olmak. | 3202 - Hayvansal Üretim | 8258 - Süt Teknolojisi | 8289 - Zootekni / Zooteknik | 4845 - Aşağıdaki lisans programlarından birinden mezun olmak. | 3385 - Tarla Bitkileri | 3386 - Toprak | 4212 - Bahçe ve Tarla Bitkileri | 6131 - Bitkisel Üretim | 8147 - Bahçe Bitkileri | 8158 - Bitki Koruma | 9048 - Toprak Bilimi ve Bitki Besleme | 9269 - Bitkisel Üretim ve Teknolojileri | 4846 - Aşağıdaki lisans programlarından birinden mezun olmak. | 9114 - Biyosistem Mühendisliği | 4853 - Aşağıdaki lisans programlarından birinden mezun olmak. | 3325 - Tarım Teknolojisi | 3383 - Tarım Makineleri | 3384 - Tarımsal Yapılar ve Sulama | 8221 - Kültürteknik | 8263 - Tarımsal Mekanizasyon | 4854 - Aşağıdaki lisans programlarından birinden mezun olmak. | 9106 - Tarımsal Biyoteknoloji | 4857 - Aşağıdaki lisans programlarından birinden mezun olmak. | 3382 - Tarım Ekonomisi;1d2939c6-c20a-e611-80c6-a0369f7d1486
2016;4;901801451;Gıda, Tarım ve Hayvancılık Bakanlığı;Mühendis;Şanlıurfa;Lisans;1;;82.233;82.233;"4818;8337;4819;3320";4818 - Aşağıdaki lisans programlarından birinden mezun olmak. | 8337 - Su Ürünleri Mühendisliği | 4819 - Aşağıdaki lisans programlarından birinden mezun olmak. | 3320 - Su Ürünleri;cb2b39c6-c20a-e611-80c6-a0369f7d1486
2016;4;901800895;Gıda, Tarım ve Hayvancılık Bakanlığı;Mühendis;Karaman;Lisans;1;;82.215;82.215;"4803;8196;4825;5135;4831;3202;8258;8289;4845;3385;3386;4212;6131;8147;8158;9048;9269;4846;9114;4853;3325;3383;3384;8221;8263;4854;9106;4857;3382";4803 - Aşağıdaki lisans programlarından birinden mezun olmak. | 8196 - Gıda Bilimi ve Teknolojisi | 4825 - Aşağıdaki lisans programlarından birinden mezun olmak. | 5135 - Ziraat Mühendisliği | 4831 - Aşağıdaki lisans programlarından birinden mezun olmak. | 3202 - Hayvansal Üretim | 8258 - Süt Teknolojisi | 8289 - Zootekni / Zooteknik | 4845 - Aşağıdaki lisans programlarından birinden mezun olmak. | 3385 - Tarla Bitkileri | 3386 - Toprak | 4212 - Bahçe ve Tarla Bitkileri | 6131 - Bitkisel Üretim | 8147 - Bahçe Bitkileri | 8158 - Bitki Koruma | 9048 - Toprak Bilimi ve Bitki Besleme | 9269 - Bitkisel Üretim ve Teknolojileri | 4846 - Aşağıdaki lisans programlarından birinden mezun olmak. | 9114 - Biyosistem Mühendisliği | 4853 - Aşağıdaki lisans programlarından birinden mezun olmak. | 3325 - Tarım Teknolojisi | 3383 - Tarım Makineleri | 3384 - Tarımsal Yapılar ve Sulama | 8221 - Kültürteknik | 8263 - Tarımsal Mekanizasyon | 4854 - Aşağıdaki lisans programlarından birinden mezun olmak. | 9106 - Tarımsal Biyoteknoloji | 4857 - Aşağıdaki lisans programlarından birinden mezun olmak. | 3382 - Tarım Ekonomisi;1d2c39c6-c20a-e611-80c6-a0369f7d1486
2016;4;901800371;Gıda, Tarım ve Hayvancılık Bakanlığı;Veteriner Hekim;Çanakkale;Lisans;1;;82.198;82.198;"4607;6373";4607 - Aşağıdaki lisans programlarından birinden mezun olmak. | 6373 - Veteriner;ab2939c6-c20a-e611-80c6-a0369f7d1486
2016;4;901801567;Gıda, Tarım ve Hayvancılık Bakanlığı;Mühendis;Trabzon;Lisans;1;;82.195;82.195;"4818;8337;4819;3320";4818 - Aşağıdaki lisans programlarından birinden mezun olmak. | 8337 - Su Ürünleri Mühendisliği | 4819 - Aşağıdaki lisans programlarından birinden mezun olmak. | 3320 - Su Ürünleri;ba2b39c6-c20a-e611-80c6-a0369f7d1486
2016;4;901800903;Gıda, Tarım ve Hayvancılık Bakanlığı;Mühendis;Karaman;Lisans;1;;82.18;82.18;"4803;8196;4825;5135;4831;3202;8258;8289;4845;3385;3386;4212;6131;8147;8158;9048;9269;4846;9114;4853;3325;3383;3384;8221;8263;4854;9106;4857;3382";4803 - Aşağıdaki lisans programlarından birinden mezun olmak. | 8196 - Gıda Bilimi ve Teknolojisi | 4825 - Aşağıdaki lisans programlarından birinden mezun olmak. | 5135 - Ziraat Mühendisliği | 4831 - Aşağıdaki lisans programlarından birinden mezun olmak. | 3202 - Hayvansal Üretim | 8258 - Süt Teknolojisi | 8289 - Zootekni / Zooteknik | 4845 - Aşağıdaki lisans programlarından birinden mezun olmak. | 3385 - Tarla Bitkileri | 3386 - Toprak | 4212 - Bahçe ve Tarla Bitkileri | 6131 - Bitkisel Üretim | 8147 - Bahçe Bitkileri | 8158 - Bitki Koruma | 9048 - Toprak Bilimi ve Bitki Besleme | 9269 - Bitkisel Üretim ve Teknolojileri | 4846 - Aşağıdaki lisans programlarından birinden mezun olmak. | 9114 - Biyosistem Mühendisliği | 4853 - Aşağıdaki lisans programlarından birinden mezun olmak. | 3325 - Tarım Teknolojisi | 3383 - Tarım Makineleri | 3384 - Tarımsal Yapılar ve Sulama | 8221 - Kültürteknik | 8263 - Tarımsal Mekanizasyon | 4854 - Aşağıdaki lisans programlarından birinden mezun olmak. | 9106 - Tarımsal Biyoteknoloji | 4857 - Aşağıdaki lisans programlarından birinden mezun olmak. | 3382 - Tarım Ekonomisi;212c39c6-c20a-e611-80c6-a0369f7d1486
2016;4;901800565;Gıda, Tarım ve Hayvancılık Bakanlığı;Mühendis;Gaziantep;Lisans;2;;82.178;87.529;"4689;3233;4298;8324;9034";4689 - Aşağıdaki lisans programlarından birinden mezun olmak. | 3233 - Jeodezi ve Fotogrametri Mühendisliği | 4298 - Jeodezi ve Haritacılık | 8324 - Harita Mühendisliği | 9034 - Geomatik Mühendisliği;082a39c6-c20a-e611-80c6-a0369f7d1486
2016;4;901800901;Gıda, Tarım ve Hayvancılık Bakanlığı;Mühendis;Karaman;Lisans;2;;82.178;82.301;"4803;8196;4825;5135;4831;3202;8258;8289;4845;3385;3386;4212;6131;8147;8158;9048;9269;4846;9114;4853;3325;3383;3384;8221;8263;4854;9106;4857;3382";4803 - Aşağıdaki lisans programlarından birinden mezun olmak. | 8196 - Gıda Bilimi ve Teknolojisi | 4825 - Aşağıdaki lisans programlarından birinden mezun olmak. | 5135 - Ziraat Mühendisliği | 4831 - Aşağıdaki lisans programlarından birinden mezun olmak. | 3202 - Hayvansal Üretim | 8258 - Süt Teknolojisi | 8289 - Zootekni / Zooteknik | 4845 - Aşağıdaki lisans programlarından birinden mezun olmak. | 3385 - Tarla Bitkileri | 3386 - Toprak | 4212 - Bahçe ve Tarla Bitkileri | 6131 - Bitkisel Üretim | 8147 - Bahçe Bitkileri | 8158 - Bitki Koruma | 9048 - Toprak Bilimi ve Bitki Besleme | 9269 - Bitkisel Üretim ve Teknolojileri | 4846 - Aşağıdaki lisans programlarından birinden mezun olmak. | 9114 - Biyosistem Mühendisliği | 4853 - Aşağıdaki lisans programlarından birinden mezun olmak. | 3325 - Tarım Teknolojisi | 3383 - Tarım Makineleri | 3384 - Tarımsal Yapılar ve Sulama | 8221 - Kültürteknik | 8263 - Tarımsal Mekanizasyon | 4854 - Aşağıdaki lisans programlarından birinden mezun olmak. | 9106 - Tarımsal Biyoteknoloji | 4857 - Aşağıdaki lisans programlarından birinden mezun olmak. | 3382 - Tarım Ekonomisi;202c39c6-c20a-e611-80c6-a0369f7d1486
2016;4;901800451;Gıda, Tarım ve Hayvancılık Bakanlığı;Mühendis;Edirne;Lisans;2;;82.173;82.572;"4803;8196;4825;5135;4831;3202;8258;8289;4845;3385;3386;4212;6131;8147;8158;9048;9269;4846;9114;4853;3325;3383;3384;8221;8263;4854;9106;4857;3382";4803 - Aşağıdaki lisans programlarından birinden mezun olmak. | 8196 - Gıda Bilimi ve Teknolojisi | 4825 - Aşağıdaki lisans programlarından birinden mezun olmak. | 5135 - Ziraat Mühendisliği | 4831 - Aşağıdaki lisans programlarından birinden mezun olmak. | 3202 - Hayvansal Üretim | 8258 - Süt Teknolojisi | 8289 - Zootekni / Zooteknik | 4845 - Aşağıdaki lisans programlarından birinden mezun olmak. | 3385 - Tarla Bitkileri | 3386 - Toprak | 4212 - Bahçe ve Tarla Bitkileri | 6131 - Bitkisel Üretim | 8147 - Bahçe Bitkileri | 8158 - Bitki Koruma | 9048 - Toprak Bilimi ve Bitki Besleme | 9269 - Bitkisel Üretim ve Teknolojileri | 4846 - Aşağıdaki lisans programlarından birinden mezun olmak. | 9114 - Biyosistem Mühendisliği | 4853 - Aşağıdaki lisans programlarından birinden mezun olmak. | 3325 - Tarım Teknolojisi | 3383 - Tarım Makineleri | 3384 - Tarımsal Yapılar ve Sulama | 8221 - Kültürteknik | 8263 - Tarımsal Mekanizasyon | 4854 - Aşağıdaki lisans programlarından birinden mezun olmak. | 9106 - Tarımsal Biyoteknoloji | 4857 - Aşağıdaki lisans programlarından birinden mezun olmak. | 3382 - Tarım Ekonomisi;cf2939c6-c20a-e611-80c6-a0369f7d1486
2016;4;901801555;Gıda, Tarım ve Hayvancılık Bakanlığı;Mühendis;Tokat;Lisans;2;;82.145;82.147;"4689;3233;4298;8324;9034";4689 - Aşağıdaki lisans programlarından birinden mezun olmak. | 3233 - Jeodezi ve Fotogrametri Mühendisliği | 4298 - Jeodezi ve Haritacılık | 8324 - Harita Mühendisliği | 9034 - Geomatik Mühendisliği;b42b39c6-c20a-e611-80c6-a0369f7d1486
2016;4;901800321;Gıda, Tarım ve Hayvancılık Bakanlığı;Mühendis;Bolu;Lisans;1;;82.138;82.138;"4803;8196;4825;5135;4831;3202;8258;8289;4845;3385;3386;4212;6131;8147;8158;9048;9269;4846;9114;4853;3325;3383;3384;8221;8263;4854;9106;4857;3382";4803 - Aşağıdaki lisans programlarından birinden mezun olmak. | 8196 - Gıda Bilimi ve Teknolojisi | 4825 - Aşağıdaki lisans programlarından birinden mezun olmak. | 5135 - Ziraat Mühendisliği | 4831 - Aşağıdaki lisans programlarından birinden mezun olmak. | 3202 - Hayvansal Üretim | 8258 - Süt Teknolojisi | 8289 - Zootekni / Zooteknik | 4845 - Aşağıdaki lisans programlarından birinden mezun olmak. | 3385 - Tarla Bitkileri | 3386 - Toprak | 4212 - Bahçe ve Tarla Bitkileri | 6131 - Bitkisel Üretim | 8147 - Bahçe Bitkileri | 8158 - Bitki Koruma | 9048 - Toprak Bilimi ve Bitki Besleme | 9269 - Bitkisel Üretim ve Teknolojileri | 4846 - Aşağıdaki lisans programlarından birinden mezun olmak. | 9114 - Biyosistem Mühendisliği | 4853 - Aşağıdaki lisans programlarından birinden mezun olmak. | 3325 - Tarım Teknolojisi | 3383 - Tarım Makineleri | 3384 - Tarımsal Yapılar ve Sulama | 8221 - Kültürteknik | 8263 - Tarımsal Mekanizasyon | 4854 - Aşağıdaki lisans programlarından birinden mezun olmak. | 9106 - Tarımsal Biyoteknoloji | 4857 - Aşağıdaki lisans programlarından birinden mezun olmak. | 3382 - Tarım Ekonomisi;922939c6-c20a-e611-80c6-a0369f7d1486
2016;4;901800389;Gıda, Tarım ve Hayvancılık Bakanlığı;Veteriner Hekim;Çanakkale;Lisans;1;;82.127;82.127;"4607;6373";4607 - Aşağıdaki lisans programlarından birinden mezun olmak. | 6373 - Veteriner;b42939c6-c20a-e611-80c6-a0369f7d1486
2016;4;901800991;Gıda, Tarım ve Hayvancılık Bakanlığı;Mühendis;Kırklareli;Lisans;9;;82.123;85.036;"4803;8196;4825;5135;4831;3202;8258;8289;4845;3385;3386;4212;6131;8147;8158;9048;9269;4846;9114;4853;3325;3383;3384;8221;8263;4854;9106;4857;3382";4803 - Aşağıdaki lisans programlarından birinden mezun olmak. | 8196 - Gıda Bilimi ve Teknolojisi | 4825 - Aşağıdaki lisans programlarından birinden mezun olmak. | 5135 - Ziraat Mühendisliği | 4831 - Aşağıdaki lisans programlarından birinden mezun olmak. | 3202 - Hayvansal Üretim | 8258 - Süt Teknolojisi | 8289 - Zootekni / Zooteknik | 4845 - Aşağıdaki lisans programlarından birinden mezun olmak. | 3385 - Tarla Bitkileri | 3386 - Toprak | 4212 - Bahçe ve Tarla Bitkileri | 6131 - Bitkisel Üretim | 8147 - Bahçe Bitkileri | 8158 - Bitki Koruma | 9048 - Toprak Bilimi ve Bitki Besleme | 9269 - Bitkisel Üretim ve Teknolojileri | 4846 - Aşağıdaki lisans programlarından birinden mezun olmak. | 9114 - Biyosistem Mühendisliği | 4853 - Aşağıdaki lisans programlarından birinden mezun olmak. | 3325 - Tarım Teknolojisi | 3383 - Tarım Makineleri | 3384 - Tarımsal Yapılar ve Sulama | 8221 - Kültürteknik | 8263 - Tarımsal Mekanizasyon | 4854 - Aşağıdaki lisans programlarından birinden mezun olmak. | 9106 - Tarımsal Biyoteknoloji | 4857 - Aşağıdaki lisans programlarından birinden mezun olmak. | 3382 - Tarım Ekonomisi;c12a39c6-c20a-e611-80c6-a0369f7d1486
2016;4;901801357;Gıda, Tarım ve Hayvancılık Bakanlığı;Mühendis;Sakarya;Lisans;2;;82.118;82.33;"4803;8196;4825;5135;4831;3202;8258;8289;4845;3385;3386;4212;6131;8147;8158;9048;9269;4846;9114;4853;3325;3383;3384;8221;8263;4854;9106;4857;3382";4803 - Aşağıdaki lisans programlarından birinden mezun olmak. | 8196 - Gıda Bilimi ve Teknolojisi | 4825 - Aşağıdaki lisans programlarından birinden mezun olmak. | 5135 - Ziraat Mühendisliği | 4831 - Aşağıdaki lisans programlarından birinden mezun olmak. | 3202 - Hayvansal Üretim | 8258 - Süt Teknolojisi | 8289 - Zootekni / Zooteknik | 4845 - Aşağıdaki lisans programlarından birinden mezun olmak. | 3385 - Tarla Bitkileri | 3386 - Toprak | 4212 - Bahçe ve Tarla Bitkileri | 6131 - Bitkisel Üretim | 8147 - Bahçe Bitkileri | 8158 - Bitki Koruma | 9048 - Toprak Bilimi ve Bitki Besleme | 9269 - Bitkisel Üretim ve Teknolojileri | 4846 - Aşağıdaki lisans programlarından birinden mezun olmak. | 9114 - Biyosistem Mühendisliği | 4853 - Aşağıdaki lisans programlarından birinden mezun olmak. | 3325 - Tarım Teknolojisi | 3383 - Tarım Makineleri | 3384 - Tarımsal Yapılar ve Sulama | 8221 - Kültürteknik | 8263 - Tarımsal Mekanizasyon | 4854 - Aşağıdaki lisans programlarından birinden mezun olmak. | 9106 - Tarımsal Biyoteknoloji | 4857 - Aşağıdaki lisans programlarından birinden mezun olmak. | 3382 - Tarım Ekonomisi;7b2b39c6-c20a-e611-80c6-a0369f7d1486
2016;4;901800409;Gıda, Tarım ve Hayvancılık Bakanlığı;Mühendis;Diyarbakır;Lisans;2;;82.112;82.134;"4689;3233;4298;8324;9034";4689 - Aşağıdaki lisans programlarından birinden mezun olmak. | 3233 - Jeodezi ve Fotogrametri Mühendisliği | 4298 - Jeodezi ve Haritacılık | 8324 - Harita Mühendisliği | 9034 - Geomatik Mühendisliği;be2939c6-c20a-e611-80c6-a0369f7d1486
2016;4;901801553;Gıda, Tarım ve Hayvancılık Bakanlığı;Veteriner Hekim;Tekirdağ;Lisans;1;;82.105;82.105;"4607;6373";4607 - Aşağıdaki lisans programlarından birinden mezun olmak. | 6373 - Veteriner;b32b39c6-c20a-e611-80c6-a0369f7d1486
2016;4;901800477;Gıda, Tarım ve Hayvancılık Bakanlığı;Mühendis;Elazığ;Lisans;2;;82.081;82.085;"4689;3233;4298;8324;9034";4689 - Aşağıdaki lisans programlarından birinden mezun olmak. | 3233 - Jeodezi ve Fotogrametri Mühendisliği | 4298 - Jeodezi ve Haritacılık | 8324 - Harita Mühendisliği | 9034 - Geomatik Mühendisliği;dc2939c6-c20a-e611-80c6-a0369f7d1486
2016;4;901801019;Gıda, Tarım ve Hayvancılık Bakanlığı;Mühendis;Kırşehir;Lisans;1;;82.079;82.079;"4689;3233;4298;8324;9034";4689 - Aşağıdaki lisans programlarından birinden mezun olmak. | 3233 - Jeodezi ve Fotogrametri Mühendisliği | 4298 - Jeodezi ve Haritacılık | 8324 - Harita Mühendisliği | 9034 - Geomatik Mühendisliği;cf2a39c6-c20a-e611-80c6-a0369f7d1486
2016;4;901801671;Gıda, Tarım ve Hayvancılık Bakanlığı;Mühendis;Zonguldak;Lisans;8;;82.052;84.776;"4803;8196;4825;5135;4831;3202;8258;8289;4845;3385;3386;4212;6131;8147;8158;9048;9269;4846;9114;4853;3325;3383;3384;8221;8263;4854;9106;4857;3382";4803 - Aşağıdaki lisans programlarından birinden mezun olmak. | 8196 - Gıda Bilimi ve Teknolojisi | 4825 - Aşağıdaki lisans programlarından birinden mezun olmak. | 5135 - Ziraat Mühendisliği | 4831 - Aşağıdaki lisans programlarından birinden mezun olmak. | 3202 - Hayvansal Üretim | 8258 - Süt Teknolojisi | 8289 - Zootekni / Zooteknik | 4845 - Aşağıdaki lisans programlarından birinden mezun olmak. | 3385 - Tarla Bitkileri | 3386 - Toprak | 4212 - Bahçe ve Tarla Bitkileri | 6131 - Bitkisel Üretim | 8147 - Bahçe Bitkileri | 8158 - Bitki Koruma | 9048 - Toprak Bilimi ve Bitki Besleme | 9269 - Bitkisel Üretim ve Teknolojileri | 4846 - Aşağıdaki lisans programlarından birinden mezun olmak. | 9114 - Biyosistem Mühendisliği | 4853 - Aşağıdaki lisans programlarından birinden mezun olmak. | 3325 - Tarım Teknolojisi | 3383 - Tarım Makineleri | 3384 - Tarımsal Yapılar ve Sulama | 8221 - Kültürteknik | 8263 - Tarımsal Mekanizasyon | 4854 - Aşağıdaki lisans programlarından birinden mezun olmak. | 9106 - Tarımsal Biyoteknoloji | 4857 - Aşağıdaki lisans programlarından birinden mezun olmak. | 3382 - Tarım Ekonomisi;082c39c6-c20a-e611-80c6-a0369f7d1486
2016;4;901800891;Gıda, Tarım ve Hayvancılık Bakanlığı;Mühendis;Karaman;Lisans;2;;82.05;82.31;"4689;3233;4298;8324;9034";4689 - Aşağıdaki lisans programlarından birinden mezun olmak. | 3233 - Jeodezi ve Fotogrametri Mühendisliği | 4298 - Jeodezi ve Haritacılık | 8324 - Harita Mühendisliği | 9034 - Geomatik Mühendisliği;1b2c39c6-c20a-e611-80c6-a0369f7d1486
2016;4;901801015;Gıda, Tarım ve Hayvancılık Bakanlığı;Mühendis;Kırklareli;Lisans;1;;82.026;82.026;"4818;8337;4819;3320";4818 - Aşağıdaki lisans programlarından birinden mezun olmak. | 8337 - Su Ürünleri Mühendisliği | 4819 - Aşağıdaki lisans programlarından birinden mezun olmak. | 3320 - Su Ürünleri;cd2a39c6-c20a-e611-80c6-a0369f7d1486
2016;4;901801041;Gıda, Tarım ve Hayvancılık Bakanlığı;Mühendis;Kocaeli;Lisans;2;;82.026;82.16;"4818;8337;4819;3320";4818 - Aşağıdaki lisans programlarından birinden mezun olmak. | 8337 - Su Ürünleri Mühendisliği | 4819 - Aşağıdaki lisans programlarından birinden mezun olmak. | 3320 - Su Ürünleri;d52a39c6-c20a-e611-80c6-a0369f7d1486
2016;4;901800385;Gıda, Tarım ve Hayvancılık Bakanlığı;Veteriner Hekim;Çanakkale;Lisans;1;;81.991;81.991;"4607;6373";4607 - Aşağıdaki lisans programlarından birinden mezun olmak. | 6373 - Veteriner;b22939c6-c20a-e611-80c6-a0369f7d1486
2016;4;901801415;Gıda, Tarım ve Hayvancılık Bakanlığı;Mühendis;Sivas;Lisans;2;;81.973;82.035;"4689;3233;4298;8324;9034";4689 - Aşağıdaki lisans programlarından birinden mezun olmak. | 3233 - Jeodezi ve Fotogrametri Mühendisliği | 4298 - Jeodezi ve Haritacılık | 8324 - Harita Mühendisliği | 9034 - Geomatik Mühendisliği;982b39c6-c20a-e611-80c6-a0369f7d1486
2016;4;901800015;Gıda, Tarım ve Hayvancılık Bakanlığı;Mühendis;Adıyaman;Lisans;1;;81.969;81.969;"4689;3233;4298;8324;9034";4689 - Aşağıdaki lisans programlarından birinden mezun olmak. | 3233 - Jeodezi ve Fotogrametri Mühendisliği | 4298 - Jeodezi ve Haritacılık | 8324 - Harita Mühendisliği | 9034 - Geomatik Mühendisliği;142939c6-c20a-e611-80c6-a0369f7d1486
2016;4;901800393;Gıda, Tarım ve Hayvancılık Bakanlığı;Mühendis;Çankırı;Lisans;1;;81.962;81.962;"4818;8337;4819;3320";4818 - Aşağıdaki lisans programlarından birinden mezun olmak. | 8337 - Su Ürünleri Mühendisliği | 4819 - Aşağıdaki lisans programlarından birinden mezun olmak. | 3320 - Su Ürünleri;b62939c6-c20a-e611-80c6-a0369f7d1486
2016;4;901800933;Gıda, Tarım ve Hayvancılık Bakanlığı;Mühendis;Kastamonu;Lisans;2;;81.955;81.997;"4803;8196;4825;5135;4831;3202;8258;8289;4845;3385;3386;4212;6131;8147;8158;9048;9269;4846;9114;4853;3325;3383;3384;8221;8263;4854;9106;4857;3382";4803 - Aşağıdaki lisans programlarından birinden mezun olmak. | 8196 - Gıda Bilimi ve Teknolojisi | 4825 - Aşağıdaki lisans programlarından birinden mezun olmak. | 5135 - Ziraat Mühendisliği | 4831 - Aşağıdaki lisans programlarından birinden mezun olmak. | 3202 - Hayvansal Üretim | 8258 - Süt Teknolojisi | 8289 - Zootekni / Zooteknik | 4845 - Aşağıdaki lisans programlarından birinden mezun olmak. | 3385 - Tarla Bitkileri | 3386 - Toprak | 4212 - Bahçe ve Tarla Bitkileri | 6131 - Bitkisel Üretim | 8147 - Bahçe Bitkileri | 8158 - Bitki Koruma | 9048 - Toprak Bilimi ve Bitki Besleme | 9269 - Bitkisel Üretim ve Teknolojileri | 4846 - Aşağıdaki lisans programlarından birinden mezun olmak. | 9114 - Biyosistem Mühendisliği | 4853 - Aşağıdaki lisans programlarından birinden mezun olmak. | 3325 - Tarım Teknolojisi | 3383 - Tarım Makineleri | 3384 - Tarımsal Yapılar ve Sulama | 8221 - Kültürteknik | 8263 - Tarımsal Mekanizasyon | 4854 - Aşağıdaki lisans programlarından birinden mezun olmak. | 9106 - Tarımsal Biyoteknoloji | 4857 - Aşağıdaki lisans programlarından birinden mezun olmak. | 3382 - Tarım Ekonomisi;a52a39c6-c20a-e611-80c6-a0369f7d1486
2016;4;901800325;Gıda, Tarım ve Hayvancılık Bakanlığı;Mühendis;Bolu;Lisans;1;;81.954;81.954;"4803;8196;4825;5135;4831;3202;8258;8289;4845;3385;3386;4212;6131;8147;8158;9048;9269;4846;9114;4853;3325;3383;3384;8221;8263;4854;9106;4857;3382";4803 - Aşağıdaki lisans programlarından birinden mezun olmak. | 8196 - Gıda Bilimi ve Teknolojisi | 4825 - Aşağıdaki lisans programlarından birinden mezun olmak. | 5135 - Ziraat Mühendisliği | 4831 - Aşağıdaki lisans programlarından birinden mezun olmak. | 3202 - Hayvansal Üretim | 8258 - Süt Teknolojisi | 8289 - Zootekni / Zooteknik | 4845 - Aşağıdaki lisans programlarından birinden mezun olmak. | 3385 - Tarla Bitkileri | 3386 - Toprak | 4212 - Bahçe ve Tarla Bitkileri | 6131 - Bitkisel Üretim | 8147 - Bahçe Bitkileri | 8158 - Bitki Koruma | 9048 - Toprak Bilimi ve Bitki Besleme | 9269 - Bitkisel Üretim ve Teknolojileri | 4846 - Aşağıdaki lisans programlarından birinden mezun olmak. | 9114 - Biyosistem Mühendisliği | 4853 - Aşağıdaki lisans programlarından birinden mezun olmak. | 3325 - Tarım Teknolojisi | 3383 - Tarım Makineleri | 3384 - Tarımsal Yapılar ve Sulama | 8221 - Kültürteknik | 8263 - Tarımsal Mekanizasyon | 4854 - Aşağıdaki lisans programlarından birinden mezun olmak. | 9106 - Tarımsal Biyoteknoloji | 4857 - Aşağıdaki lisans programlarından birinden mezun olmak. | 3382 - Tarım Ekonomisi;942939c6-c20a-e611-80c6-a0369f7d1486
2016;4;901801459;Gıda, Tarım ve Hayvancılık Bakanlığı;Mühendis;Şanlıurfa;Lisans;1;;81.953;81.953;"4803;8196;4825;5135;4831;3202;8258;8289;4845;3385;3386;4212;6131;8147;8158;9048;9269;4846;9114;4853;3325;3383;3384;8221;8263;4854;9106;4857;3382";4803 - Aşağıdaki lisans programlarından birinden mezun olmak. | 8196 - Gıda Bilimi ve Teknolojisi | 4825 - Aşağıdaki lisans programlarından birinden mezun olmak. | 5135 - Ziraat Mühendisliği | 4831 - Aşağıdaki lisans programlarından birinden mezun olmak. | 3202 - Hayvansal Üretim | 8258 - Süt Teknolojisi | 8289 - Zootekni / Zooteknik | 4845 - Aşağıdaki lisans programlarından birinden mezun olmak. | 3385 - Tarla Bitkileri | 3386 - Toprak | 4212 - Bahçe ve Tarla Bitkileri | 6131 - Bitkisel Üretim | 8147 - Bahçe Bitkileri | 8158 - Bitki Koruma | 9048 - Toprak Bilimi ve Bitki Besleme | 9269 - Bitkisel Üretim ve Teknolojileri | 4846 - Aşağıdaki lisans programlarından birinden mezun olmak. | 9114 - Biyosistem Mühendisliği | 4853 - Aşağıdaki lisans programlarından birinden mezun olmak. | 3325 - Tarım Teknolojisi | 3383 - Tarım Makineleri | 3384 - Tarımsal Yapılar ve Sulama | 8221 - Kültürteknik | 8263 - Tarımsal Mekanizasyon | 4854 - Aşağıdaki lisans programlarından birinden mezun olmak. | 9106 - Tarımsal Biyoteknoloji | 4857 - Aşağıdaki lisans programlarından birinden mezun olmak. | 3382 - Tarım Ekonomisi;cf2b39c6-c20a-e611-80c6-a0369f7d1486
2016;4;901800233;Gıda, Tarım ve Hayvancılık Bakanlığı;Mühendis;Batman;Lisans;1;;81.936;81.936;"4689;3233;4298;8324;9034";4689 - Aşağıdaki lisans programlarından birinden mezun olmak. | 3233 - Jeodezi ve Fotogrametri Mühendisliği | 4298 - Jeodezi ve Haritacılık | 8324 - Harita Mühendisliği | 9034 - Geomatik Mühendisliği;232c39c6-c20a-e611-80c6-a0369f7d1486
2016;4;901801679;Gıda, Tarım ve Hayvancılık Bakanlığı;Mühendis;Zonguldak;Lisans;1;;81.923;81.923;"4803;8196;4825;5135;4831;3202;8258;8289;4845;3385;3386;4212;6131;8147;8158;9048;9269;4846;9114;4853;3325;3383;3384;8221;8263;4854;9106;4857;3382";4803 - Aşağıdaki lisans programlarından birinden mezun olmak. | 8196 - Gıda Bilimi ve Teknolojisi | 4825 - Aşağıdaki lisans programlarından birinden mezun olmak. | 5135 - Ziraat Mühendisliği | 4831 - Aşağıdaki lisans programlarından birinden mezun olmak. | 3202 - Hayvansal Üretim | 8258 - Süt Teknolojisi | 8289 - Zootekni / Zooteknik | 4845 - Aşağıdaki lisans programlarından birinden mezun olmak. | 3385 - Tarla Bitkileri | 3386 - Toprak | 4212 - Bahçe ve Tarla Bitkileri | 6131 - Bitkisel Üretim | 8147 - Bahçe Bitkileri | 8158 - Bitki Koruma | 9048 - Toprak Bilimi ve Bitki Besleme | 9269 - Bitkisel Üretim ve Teknolojileri | 4846 - Aşağıdaki lisans programlarından birinden mezun olmak. | 9114 - Biyosistem Mühendisliği | 4853 - Aşağıdaki lisans programlarından birinden mezun olmak. | 3325 - Tarım Teknolojisi | 3383 - Tarım Makineleri | 3384 - Tarımsal Yapılar ve Sulama | 8221 - Kültürteknik | 8263 - Tarımsal Mekanizasyon | 4854 - Aşağıdaki lisans programlarından birinden mezun olmak. | 9106 - Tarımsal Biyoteknoloji | 4857 - Aşağıdaki lisans programlarından birinden mezun olmak. | 3382 - Tarım Ekonomisi;0c2c39c6-c20a-e611-80c6-a0369f7d1486
2016;4;901800951;Gıda, Tarım ve Hayvancılık Bakanlığı;Mühendis;Kastamonu;Lisans;1;;81.92;81.92;"4803;8196;4825;5135;4831;3202;8258;8289;4845;3385;3386;4212;6131;8147;8158;9048;9269;4846;9114;4853;3325;3383;3384;8221;8263;4854;9106;4857;3382";4803 - Aşağıdaki lisans programlarından birinden mezun olmak. | 8196 - Gıda Bilimi ve Teknolojisi | 4825 - Aşağıdaki lisans programlarından birinden mezun olmak. | 5135 - Ziraat Mühendisliği | 4831 - Aşağıdaki lisans programlarından birinden mezun olmak. | 3202 - Hayvansal Üretim | 8258 - Süt Teknolojisi | 8289 - Zootekni / Zooteknik | 4845 - Aşağıdaki lisans programlarından birinden mezun olmak. | 3385 - Tarla Bitkileri | 3386 - Toprak | 4212 - Bahçe ve Tarla Bitkileri | 6131 - Bitkisel Üretim | 8147 - Bahçe Bitkileri | 8158 - Bitki Koruma | 9048 - Toprak Bilimi ve Bitki Besleme | 9269 - Bitkisel Üretim ve Teknolojileri | 4846 - Aşağıdaki lisans programlarından birinden mezun olmak. | 9114 - Biyosistem Mühendisliği | 4853 - Aşağıdaki lisans programlarından birinden mezun olmak. | 3325 - Tarım Teknolojisi | 3383 - Tarım Makineleri | 3384 - Tarımsal Yapılar ve Sulama | 8221 - Kültürteknik | 8263 - Tarımsal Mekanizasyon | 4854 - Aşağıdaki lisans programlarından birinden mezun olmak. | 9106 - Tarımsal Biyoteknoloji | 4857 - Aşağıdaki lisans programlarından birinden mezun olmak. | 3382 - Tarım Ekonomisi;ae2a39c6-c20a-e611-80c6-a0369f7d1486
2016;4;901800051;Gıda, Tarım ve Hayvancılık Bakanlığı;Veteriner Hekim;Afyonkarahisar;Lisans;1;;81.918;81.918;"4607;6373";4607 - Aşağıdaki lisans programlarından birinden mezun olmak. | 6373 - Veteriner;262939c6-c20a-e611-80c6-a0369f7d1486
2016;4;901801635;Gıda, Tarım ve Hayvancılık Bakanlığı;Mühendis;Yozgat;Lisans;2;;81.914;82.147;"4803;8196;4825;5135;4831;3202;8258;8289;4845;3385;3386;4212;6131;8147;8158;9048;9269;4846;9114;4853;3325;3383;3384;8221;8263;4854;9106;4857;3382";4803 - Aşağıdaki lisans programlarından birinden mezun olmak. | 8196 - Gıda Bilimi ve Teknolojisi | 4825 - Aşağıdaki lisans programlarından birinden mezun olmak. | 5135 - Ziraat Mühendisliği | 4831 - Aşağıdaki lisans programlarından birinden mezun olmak. | 3202 - Hayvansal Üretim | 8258 - Süt Teknolojisi | 8289 - Zootekni / Zooteknik | 4845 - Aşağıdaki lisans programlarından birinden mezun olmak. | 3385 - Tarla Bitkileri | 3386 - Toprak | 4212 - Bahçe ve Tarla Bitkileri | 6131 - Bitkisel Üretim | 8147 - Bahçe Bitkileri | 8158 - Bitki Koruma | 9048 - Toprak Bilimi ve Bitki Besleme | 9269 - Bitkisel Üretim ve Teknolojileri | 4846 - Aşağıdaki lisans programlarından birinden mezun olmak. | 9114 - Biyosistem Mühendisliği | 4853 - Aşağıdaki lisans programlarından birinden mezun olmak. | 3325 - Tarım Teknolojisi | 3383 - Tarım Makineleri | 3384 - Tarımsal Yapılar ve Sulama | 8221 - Kültürteknik | 8263 - Tarımsal Mekanizasyon | 4854 - Aşağıdaki lisans programlarından birinden mezun olmak. | 9106 - Tarımsal Biyoteknoloji | 4857 - Aşağıdaki lisans programlarından birinden mezun olmak. | 3382 - Tarım Ekonomisi;f62b39c6-c20a-e611-80c6-a0369f7d1486
2016;4;901800481;Gıda, Tarım ve Hayvancılık Bakanlığı;Mühendis;Elazığ;Lisans;1;;81.907;81.907;"4863;3116";4863 - Aşağıdaki lisans programlarından birinden mezun olmak. | 3116 - Balıkçılık Teknolojisi Mühendisliği;de2939c6-c20a-e611-80c6-a0369f7d1486
2016;4;901800517;Gıda, Tarım ve Hayvancılık Bakanlığı;Mühendis;Erzurum;Lisans;2;;81.872;81.945;"4689;3233;4298;8324;9034";4689 - Aşağıdaki lisans programlarından birinden mezun olmak. | 3233 - Jeodezi ve Fotogrametri Mühendisliği | 4298 - Jeodezi ve Haritacılık | 8324 - Harita Mühendisliği | 9034 - Geomatik Mühendisliği;f02939c6-c20a-e611-80c6-a0369f7d1486
2016;4;901800609;Gıda, Tarım ve Hayvancılık Bakanlığı;Mühendis;Giresun;Lisans;1;;81.87;81.87;"4803;8196;4825;5135;4831;3202;8258;8289;4845;3385;3386;4212;6131;8147;8158;9048;9269;4846;9114;4853;3325;3383;3384;8221;8263;4854;9106;4857;3382";4803 - Aşağıdaki lisans programlarından birinden mezun olmak. | 8196 - Gıda Bilimi ve Teknolojisi | 4825 - Aşağıdaki lisans programlarından birinden mezun olmak. | 5135 - Ziraat Mühendisliği | 4831 - Aşağıdaki lisans programlarından birinden mezun olmak. | 3202 - Hayvansal Üretim | 8258 - Süt Teknolojisi | 8289 - Zootekni / Zooteknik | 4845 - Aşağıdaki lisans programlarından birinden mezun olmak. | 3385 - Tarla Bitkileri | 3386 - Toprak | 4212 - Bahçe ve Tarla Bitkileri | 6131 - Bitkisel Üretim | 8147 - Bahçe Bitkileri | 8158 - Bitki Koruma | 9048 - Toprak Bilimi ve Bitki Besleme | 9269 - Bitkisel Üretim ve Teknolojileri | 4846 - Aşağıdaki lisans programlarından birinden mezun olmak. | 9114 - Biyosistem Mühendisliği | 4853 - Aşağıdaki lisans programlarından birinden mezun olmak. | 3325 - Tarım Teknolojisi | 3383 - Tarım Makineleri | 3384 - Tarımsal Yapılar ve Sulama | 8221 - Kültürteknik | 8263 - Tarımsal Mekanizasyon | 4854 - Aşağıdaki lisans programlarından birinden mezun olmak. | 9106 - Tarımsal Biyoteknoloji | 4857 - Aşağıdaki lisans programlarından birinden mezun olmak. | 3382 - Tarım Ekonomisi;1e2a39c6-c20a-e611-80c6-a0369f7d1486
2016;4;901800619;Gıda, Tarım ve Hayvancılık Bakanlığı;Mühendis;Gümüşhane;Lisans;1;;81.857;81.857;"4689;3233;4298;8324;9034";4689 - Aşağıdaki lisans programlarından birinden mezun olmak. | 3233 - Jeodezi ve Fotogrametri Mühendisliği | 4298 - Jeodezi ve Haritacılık | 8324 - Harita Mühendisliği | 9034 - Geomatik Mühendisliği;232a39c6-c20a-e611-80c6-a0369f7d1486
2016;4;901801445;Gıda, Tarım ve Hayvancılık Bakanlığı;Mühendis;Şanlıurfa;Lisans;4;;81.843;81.96;"4689;3233;4298;8324;9034";4689 - Aşağıdaki lisans programlarından birinden mezun olmak. | 3233 - Jeodezi ve Fotogrametri Mühendisliği | 4298 - Jeodezi ve Haritacılık | 8324 - Harita Mühendisliği | 9034 - Geomatik Mühendisliği;c82b39c6-c20a-e611-80c6-a0369f7d1486
2016;4;901800605;Gıda, Tarım ve Hayvancılık Bakanlığı;Mühendis;Giresun;Lisans;1;;81.843;81.843;"4803;8196;4825;5135;4831;3202;8258;8289;4845;3385;3386;4212;6131;8147;8158;9048;9269;4846;9114;4853;3325;3383;3384;8221;8263;4854;9106;4857;3382";4803 - Aşağıdaki lisans programlarından birinden mezun olmak. | 8196 - Gıda Bilimi ve Teknolojisi | 4825 - Aşağıdaki lisans programlarından birinden mezun olmak. | 5135 - Ziraat Mühendisliği | 4831 - Aşağıdaki lisans programlarından birinden mezun olmak. | 3202 - Hayvansal Üretim | 8258 - Süt Teknolojisi | 8289 - Zootekni / Zooteknik | 4845 - Aşağıdaki lisans programlarından birinden mezun olmak. | 3385 - Tarla Bitkileri | 3386 - Toprak | 4212 - Bahçe ve Tarla Bitkileri | 6131 - Bitkisel Üretim | 8147 - Bahçe Bitkileri | 8158 - Bitki Koruma | 9048 - Toprak Bilimi ve Bitki Besleme | 9269 - Bitkisel Üretim ve Teknolojileri | 4846 - Aşağıdaki lisans programlarından birinden mezun olmak. | 9114 - Biyosistem Mühendisliği | 4853 - Aşağıdaki lisans programlarından birinden mezun olmak. | 3325 - Tarım Teknolojisi | 3383 - Tarım Makineleri | 3384 - Tarımsal Yapılar ve Sulama | 8221 - Kültürteknik | 8263 - Tarımsal Mekanizasyon | 4854 - Aşağıdaki lisans programlarından birinden mezun olmak. | 9106 - Tarımsal Biyoteknoloji | 4857 - Aşağıdaki lisans programlarından birinden mezun olmak. | 3382 - Tarım Ekonomisi;1c2a39c6-c20a-e611-80c6-a0369f7d1486
2016;4;901800061;Gıda, Tarım ve Hayvancılık Bakanlığı;Mühendis;Afyonkarahisar;Lisans;2;;81.835;82.268;"4803;8196;4825;5135;4831;3202;8258;8289;4845;3385;3386;4212;6131;8147;8158;9048;9269;4846;9114;4853;3325;3383;3384;8221;8263;4854;9106;4857;3382";4803 - Aşağıdaki lisans programlarından birinden mezun olmak. | 8196 - Gıda Bilimi ve Teknolojisi | 4825 - Aşağıdaki lisans programlarından birinden mezun olmak. | 5135 - Ziraat Mühendisliği | 4831 - Aşağıdaki lisans programlarından birinden mezun olmak. | 3202 - Hayvansal Üretim | 8258 - Süt Teknolojisi | 8289 - Zootekni / Zooteknik | 4845 - Aşağıdaki lisans programlarından birinden mezun olmak. | 3385 - Tarla Bitkileri | 3386 - Toprak | 4212 - Bahçe ve Tarla Bitkileri | 6131 - Bitkisel Üretim | 8147 - Bahçe Bitkileri | 8158 - Bitki Koruma | 9048 - Toprak Bilimi ve Bitki Besleme | 9269 - Bitkisel Üretim ve Teknolojileri | 4846 - Aşağıdaki lisans programlarından birinden mezun olmak. | 9114 - Biyosistem Mühendisliği | 4853 - Aşağıdaki lisans programlarından birinden mezun olmak. | 3325 - Tarım Teknolojisi | 3383 - Tarım Makineleri | 3384 - Tarımsal Yapılar ve Sulama | 8221 - Kültürteknik | 8263 - Tarımsal Mekanizasyon | 4854 - Aşağıdaki lisans programlarından birinden mezun olmak. | 9106 - Tarımsal Biyoteknoloji | 4857 - Aşağıdaki lisans programlarından birinden mezun olmak. | 3382 - Tarım Ekonomisi;2b2939c6-c20a-e611-80c6-a0369f7d1486
2016;4;901800485;Gıda, Tarım ve Hayvancılık Bakanlığı;Mühendis;Erzincan;Lisans;2;;81.835;82.055;"4689;3233;4298;8324;9034";4689 - Aşağıdaki lisans programlarından birinden mezun olmak. | 3233 - Jeodezi ve Fotogrametri Mühendisliği | 4298 - Jeodezi ve Haritacılık | 8324 - Harita Mühendisliği | 9034 - Geomatik Mühendisliği;e02939c6-c20a-e611-80c6-a0369f7d1486
2016;4;901800707;Gıda, Tarım ve Hayvancılık Bakanlığı;Mühendis;Isparta;Lisans;1;;81.835;81.835;"4818;8337;4819;3320";4818 - Aşağıdaki lisans programlarından birinden mezun olmak. | 8337 - Su Ürünleri Mühendisliği | 4819 - Aşağıdaki lisans programlarından birinden mezun olmak. | 3320 - Su Ürünleri;462a39c6-c20a-e611-80c6-a0369f7d1486
2016;4;901801275;Gıda, Tarım ve Hayvancılık Bakanlığı;Mühendis;Nevşehir;Lisans;1;;81.828;81.828;"4818;8337;4819;3320";4818 - Aşağıdaki lisans programlarından birinden mezun olmak. | 8337 - Su Ürünleri Mühendisliği | 4819 - Aşağıdaki lisans programlarından birinden mezun olmak. | 3320 - Su Ürünleri;542b39c6-c20a-e611-80c6-a0369f7d1486
2016;4;901801069;Gıda, Tarım ve Hayvancılık Bakanlığı;Mühendis;Konya;Lisans;2;;81.824;81.923;"4803;8196;4825;5135;4831;3202;8258;8289;4845;3385;3386;4212;6131;8147;8158;9048;9269;4846;9114;4853;3325;3383;3384;8221;8263;4854;9106;4857;3382";4803 - Aşağıdaki lisans programlarından birinden mezun olmak. | 8196 - Gıda Bilimi ve Teknolojisi | 4825 - Aşağıdaki lisans programlarından birinden mezun olmak. | 5135 - Ziraat Mühendisliği | 4831 - Aşağıdaki lisans programlarından birinden mezun olmak. | 3202 - Hayvansal Üretim | 8258 - Süt Teknolojisi | 8289 - Zootekni / Zooteknik | 4845 - Aşağıdaki lisans programlarından birinden mezun olmak. | 3385 - Tarla Bitkileri | 3386 - Toprak | 4212 - Bahçe ve Tarla Bitkileri | 6131 - Bitkisel Üretim | 8147 - Bahçe Bitkileri | 8158 - Bitki Koruma | 9048 - Toprak Bilimi ve Bitki Besleme | 9269 - Bitkisel Üretim ve Teknolojileri | 4846 - Aşağıdaki lisans programlarından birinden mezun olmak. | 9114 - Biyosistem Mühendisliği | 4853 - Aşağıdaki lisans programlarından birinden mezun olmak. | 3325 - Tarım Teknolojisi | 3383 - Tarım Makineleri | 3384 - Tarımsal Yapılar ve Sulama | 8221 - Kültürteknik | 8263 - Tarımsal Mekanizasyon | 4854 - Aşağıdaki lisans programlarından birinden mezun olmak. | 9106 - Tarımsal Biyoteknoloji | 4857 - Aşağıdaki lisans programlarından birinden mezun olmak. | 3382 - Tarım Ekonomisi;e32a39c6-c20a-e611-80c6-a0369f7d1486
2016;4;901801687;Gıda, Tarım ve Hayvancılık Bakanlığı;Mühendis;Zonguldak;Lisans;1;;81.819;81.819;"4818;8337;4819;3320";4818 - Aşağıdaki lisans programlarından birinden mezun olmak. | 8337 - Su Ürünleri Mühendisliği | 4819 - Aşağıdaki lisans programlarından birinden mezun olmak. | 3320 - Su Ürünleri;102c39c6-c20a-e611-80c6-a0369f7d1486
2016;4;901800785;Gıda, Tarım ve Hayvancılık Bakanlığı;Veteriner Hekim;İstanbul;Lisans;1;;81.808;81.808;"4607;6373";4607 - Aşağıdaki lisans programlarından birinden mezun olmak. | 6373 - Veteriner;722a39c6-c20a-e611-80c6-a0369f7d1486
2016;4;901800333;Gıda, Tarım ve Hayvancılık Bakanlığı;Mühendis;Bolu;Lisans;1;;81.806;81.806;"4818;8337;4819;3320";4818 - Aşağıdaki lisans programlarından birinden mezun olmak. | 8337 - Su Ürünleri Mühendisliği | 4819 - Aşağıdaki lisans programlarından birinden mezun olmak. | 3320 - Su Ürünleri;982939c6-c20a-e611-80c6-a0369f7d1486
2016;4;901801599;Gıda, Tarım ve Hayvancılık Bakanlığı;Mühendis;Van;Lisans;2;;81.797;81.857;"4689;3233;4298;8324;9034";4689 - Aşağıdaki lisans programlarından birinden mezun olmak. | 3233 - Jeodezi ve Fotogrametri Mühendisliği | 4298 - Jeodezi ve Haritacılık | 8324 - Harita Mühendisliği | 9034 - Geomatik Mühendisliği;e62b39c6-c20a-e611-80c6-a0369f7d1486
2016;4;901801677;Gıda, Tarım ve Hayvancılık Bakanlığı;Mühendis;Zonguldak;Lisans;1;;81.771;81.771;"4818;8337;4819;3320";4818 - Aşağıdaki lisans programlarından birinden mezun olmak. | 8337 - Su Ürünleri Mühendisliği | 4819 - Aşağıdaki lisans programlarından birinden mezun olmak. | 3320 - Su Ürünleri;0b2c39c6-c20a-e611-80c6-a0369f7d1486
2016;4;901800905;Gıda, Tarım ve Hayvancılık Bakanlığı;Mühendis;Kars;Lisans;1;;81.749;81.749;"4689;3233;4298;8324;9034";4689 - Aşağıdaki lisans programlarından birinden mezun olmak. | 3233 - Jeodezi ve Fotogrametri Mühendisliği | 4298 - Jeodezi ve Haritacılık | 8324 - Harita Mühendisliği | 9034 - Geomatik Mühendisliği;972a39c6-c20a-e611-80c6-a0369f7d1486
2016;4;901800949;Gıda, Tarım ve Hayvancılık Bakanlığı;Veteriner Hekim;Kastamonu;Lisans;1;;81.749;81.749;"4607;6373";4607 - Aşağıdaki lisans programlarından birinden mezun olmak. | 6373 - Veteriner;ad2a39c6-c20a-e611-80c6-a0369f7d1486
2016;4;901800237;Gıda, Tarım ve Hayvancılık Bakanlığı;Mühendis;Bayburt;Lisans;1;;81.744;81.744;"4689;3233;4298;8324;9034";4689 - Aşağıdaki lisans programlarından birinden mezun olmak. | 3233 - Jeodezi ve Fotogrametri Mühendisliği | 4298 - Jeodezi ve Haritacılık | 8324 - Harita Mühendisliği | 9034 - Geomatik Mühendisliği;132c39c6-c20a-e611-80c6-a0369f7d1486
2016;4;901801345;Gıda, Tarım ve Hayvancılık Bakanlığı;Mühendis;Sakarya;Lisans;2;;81.736;82.277;"4803;8196;4825;5135;4831;3202;8258;8289;4845;3385;3386;4212;6131;8147;8158;9048;9269;4846;9114;4853;3325;3383;3384;8221;8263;4854;9106;4857;3382";4803 - Aşağıdaki lisans programlarından birinden mezun olmak. | 8196 - Gıda Bilimi ve Teknolojisi | 4825 - Aşağıdaki lisans programlarından birinden mezun olmak. | 5135 - Ziraat Mühendisliği | 4831 - Aşağıdaki lisans programlarından birinden mezun olmak. | 3202 - Hayvansal Üretim | 8258 - Süt Teknolojisi | 8289 - Zootekni / Zooteknik | 4845 - Aşağıdaki lisans programlarından birinden mezun olmak. | 3385 - Tarla Bitkileri | 3386 - Toprak | 4212 - Bahçe ve Tarla Bitkileri | 6131 - Bitkisel Üretim | 8147 - Bahçe Bitkileri | 8158 - Bitki Koruma | 9048 - Toprak Bilimi ve Bitki Besleme | 9269 - Bitkisel Üretim ve Teknolojileri | 4846 - Aşağıdaki lisans programlarından birinden mezun olmak. | 9114 - Biyosistem Mühendisliği | 4853 - Aşağıdaki lisans programlarından birinden mezun olmak. | 3325 - Tarım Teknolojisi | 3383 - Tarım Makineleri | 3384 - Tarımsal Yapılar ve Sulama | 8221 - Kültürteknik | 8263 - Tarımsal Mekanizasyon | 4854 - Aşağıdaki lisans programlarından birinden mezun olmak. | 9106 - Tarımsal Biyoteknoloji | 4857 - Aşağıdaki lisans programlarından birinden mezun olmak. | 3382 - Tarım Ekonomisi;752b39c6-c20a-e611-80c6-a0369f7d1486
2016;4;901800231;Gıda, Tarım ve Hayvancılık Bakanlığı;Mühendis;Bartın;Lisans;1;;81.722;81.722;"4818;8337;4819;3320";4818 - Aşağıdaki lisans programlarından birinden mezun olmak. | 8337 - Su Ürünleri Mühendisliği | 4819 - Aşağıdaki lisans programlarından birinden mezun olmak. | 3320 - Su Ürünleri;342c39c6-c20a-e611-80c6-a0369f7d1486
2016;4;901801245;Gıda, Tarım ve Hayvancılık Bakanlığı;Mühendis;Muş;Lisans;2;;81.718;83.318;"4689;3233;4298;8324;9034";4689 - Aşağıdaki lisans programlarından birinden mezun olmak. | 3233 - Jeodezi ve Fotogrametri Mühendisliği | 4298 - Jeodezi ve Haritacılık | 8324 - Harita Mühendisliği | 9034 - Geomatik Mühendisliği;452b39c6-c20a-e611-80c6-a0369f7d1486
2016;4;901801501;Gıda, Tarım ve Hayvancılık Bakanlığı;Mühendis;Şırnak;Lisans;1;;81.716;81.716;"4689;3233;4298;8324;9034";4689 - Aşağıdaki lisans programlarından birinden mezun olmak. | 3233 - Jeodezi ve Fotogrametri Mühendisliği | 4298 - Jeodezi ve Haritacılık | 8324 - Harita Mühendisliği | 9034 - Geomatik Mühendisliği;252c39c6-c20a-e611-80c6-a0369f7d1486
2016;4;901801137;Gıda, Tarım ve Hayvancılık Bakanlığı;Mühendis;Malatya;Lisans;3;;81.689;82.752;"4803;8196;4825;5135;4831;3202;8258;8289;4845;3385;3386;4212;6131;8147;8158;9048;9269;4846;9114;4853;3325;3383;3384;8221;8263;4854;9106;4857;3382";4803 - Aşağıdaki lisans programlarından birinden mezun olmak. | 8196 - Gıda Bilimi ve Teknolojisi | 4825 - Aşağıdaki lisans programlarından birinden mezun olmak. | 5135 - Ziraat Mühendisliği | 4831 - Aşağıdaki lisans programlarından birinden mezun olmak. | 3202 - Hayvansal Üretim | 8258 - Süt Teknolojisi | 8289 - Zootekni / Zooteknik | 4845 - Aşağıdaki lisans programlarından birinden mezun olmak. | 3385 - Tarla Bitkileri | 3386 - Toprak | 4212 - Bahçe ve Tarla Bitkileri | 6131 - Bitkisel Üretim | 8147 - Bahçe Bitkileri | 8158 - Bitki Koruma | 9048 - Toprak Bilimi ve Bitki Besleme | 9269 - Bitkisel Üretim ve Teknolojileri | 4846 - Aşağıdaki lisans programlarından birinden mezun olmak. | 9114 - Biyosistem Mühendisliği | 4853 - Aşağıdaki lisans programlarından birinden mezun olmak. | 3325 - Tarım Teknolojisi | 3383 - Tarım Makineleri | 3384 - Tarımsal Yapılar ve Sulama | 8221 - Kültürteknik | 8263 - Tarımsal Mekanizasyon | 4854 - Aşağıdaki lisans programlarından birinden mezun olmak. | 9106 - Tarımsal Biyoteknoloji | 4857 - Aşağıdaki lisans programlarından birinden mezun olmak. | 3382 - Tarım Ekonomisi;052b39c6-c20a-e611-80c6-a0369f7d1486
2016;4;901800067;Gıda, Tarım ve Hayvancılık Bakanlığı;Mühendis;Ağrı;Lisans;2;;81.672;82.341;"4689;3233;4298;8324;9034";4689 - Aşağıdaki lisans programlarından birinden mezun olmak. | 3233 - Jeodezi ve Fotogrametri Mühendisliği | 4298 - Jeodezi ve Haritacılık | 8324 - Harita Mühendisliği | 9034 - Geomatik Mühendisliği;2e2939c6-c20a-e611-80c6-a0369f7d1486
2016;4;901801585;Gıda, Tarım ve Hayvancılık Bakanlığı;Mühendis;Trabzon;Lisans;1;;81.672;81.672;"4818;8337;4819;3320";4818 - Aşağıdaki lisans programlarından birinden mezun olmak. | 8337 - Su Ürünleri Mühendisliği | 4819 - Aşağıdaki lisans programlarından birinden mezun olmak. | 3320 - Su Ürünleri;c32b39c6-c20a-e611-80c6-a0369f7d1486
2016;4;901800473;Gıda, Tarım ve Hayvancılık Bakanlığı;Mühendis;Edirne;Lisans;5;;81.654;81.956;"4803;8196;4825;5135;4831;3202;8258;8289;4845;3385;3386;4212;6131;8147;8158;9048;9269;4846;9114;4853;3325;3383;3384;8221;8263;4854;9106;4857;3382";4803 - Aşağıdaki lisans programlarından birinden mezun olmak. | 8196 - Gıda Bilimi ve Teknolojisi | 4825 - Aşağıdaki lisans programlarından birinden mezun olmak. | 5135 - Ziraat Mühendisliği | 4831 - Aşağıdaki lisans programlarından birinden mezun olmak. | 3202 - Hayvansal Üretim | 8258 - Süt Teknolojisi | 8289 - Zootekni / Zooteknik | 4845 - Aşağıdaki lisans programlarından birinden mezun olmak. | 3385 - Tarla Bitkileri | 3386 - Toprak | 4212 - Bahçe ve Tarla Bitkileri | 6131 - Bitkisel Üretim | 8147 - Bahçe Bitkileri | 8158 - Bitki Koruma | 9048 - Toprak Bilimi ve Bitki Besleme | 9269 - Bitkisel Üretim ve Teknolojileri | 4846 - Aşağıdaki lisans programlarından birinden mezun olmak. | 9114 - Biyosistem Mühendisliği | 4853 - Aşağıdaki lisans programlarından birinden mezun olmak. | 3325 - Tarım Teknolojisi | 3383 - Tarım Makineleri | 3384 - Tarımsal Yapılar ve Sulama | 8221 - Kültürteknik | 8263 - Tarımsal Mekanizasyon | 4854 - Aşağıdaki lisans programlarından birinden mezun olmak. | 9106 - Tarımsal Biyoteknoloji | 4857 - Aşağıdaki lisans programlarından birinden mezun olmak. | 3382 - Tarım Ekonomisi;da2939c6-c20a-e611-80c6-a0369f7d1486
2016;4;901801021;Gıda, Tarım ve Hayvancılık Bakanlığı;Mühendis;Kilis;Lisans;1;;81.654;81.654;"4689;3233;4298;8324;9034";4689 - Aşağıdaki lisans programlarından birinden mezun olmak. | 3233 - Jeodezi ve Fotogrametri Mühendisliği | 4298 - Jeodezi ve Haritacılık | 8324 - Harita Mühendisliği | 9034 - Geomatik Mühendisliği;4e2c39c6-c20a-e611-80c6-a0369f7d1486
2016;4;901800255;Gıda, Tarım ve Hayvancılık Bakanlığı;Mühendis;Bingöl;Lisans;1;;81.652;81.652;"4689;3233;4298;8324;9034";4689 - Aşağıdaki lisans programlarından birinden mezun olmak. | 3233 - Jeodezi ve Fotogrametri Mühendisliği | 4298 - Jeodezi ve Haritacılık | 8324 - Harita Mühendisliği | 9034 - Geomatik Mühendisliği;712939c6-c20a-e611-80c6-a0369f7d1486
2016;4;901800947;Gıda, Tarım ve Hayvancılık Bakanlığı;Mühendis;Kastamonu;Lisans;1;;81.65;81.65;"4803;8196;4825;5135;4831;3202;8258;8289;4845;3385;3386;4212;6131;8147;8158;9048;9269;4846;9114;4853;3325;3383;3384;8221;8263;4854;9106;4857;3382";4803 - Aşağıdaki lisans programlarından birinden mezun olmak. | 8196 - Gıda Bilimi ve Teknolojisi | 4825 - Aşağıdaki lisans programlarından birinden mezun olmak. | 5135 - Ziraat Mühendisliği | 4831 - Aşağıdaki lisans programlarından birinden mezun olmak. | 3202 - Hayvansal Üretim | 8258 - Süt Teknolojisi | 8289 - Zootekni / Zooteknik | 4845 - Aşağıdaki lisans programlarından birinden mezun olmak. | 3385 - Tarla Bitkileri | 3386 - Toprak | 4212 - Bahçe ve Tarla Bitkileri | 6131 - Bitkisel Üretim | 8147 - Bahçe Bitkileri | 8158 - Bitki Koruma | 9048 - Toprak Bilimi ve Bitki Besleme | 9269 - Bitkisel Üretim ve Teknolojileri | 4846 - Aşağıdaki lisans programlarından birinden mezun olmak. | 9114 - Biyosistem Mühendisliği | 4853 - Aşağıdaki lisans programlarından birinden mezun olmak. | 3325 - Tarım Teknolojisi | 3383 - Tarım Makineleri | 3384 - Tarımsal Yapılar ve Sulama | 8221 - Kültürteknik | 8263 - Tarımsal Mekanizasyon | 4854 - Aşağıdaki lisans programlarından birinden mezun olmak. | 9106 - Tarımsal Biyoteknoloji | 4857 - Aşağıdaki lisans programlarından birinden mezun olmak. | 3382 - Tarım Ekonomisi;ac2a39c6-c20a-e611-80c6-a0369f7d1486
2016;4;901801009;Gıda, Tarım ve Hayvancılık Bakanlığı;Mühendis;Kırklareli;Lisans;1;;81.645;81.645;"4803;8196;4825;5135;4831;3202;8258;8289;4845;3385;3386;4212;6131;8147;8158;9048;9269;4846;9114;4853;3325;3383;3384;8221;8263;4854;9106;4857;3382";4803 - Aşağıdaki lisans programlarından birinden mezun olmak. | 8196 - Gıda Bilimi ve Teknolojisi | 4825 - Aşağıdaki lisans programlarından birinden mezun olmak. | 5135 - Ziraat Mühendisliği | 4831 - Aşağıdaki lisans programlarından birinden mezun olmak. | 3202 - Hayvansal Üretim | 8258 - Süt Teknolojisi | 8289 - Zootekni / Zooteknik | 4845 - Aşağıdaki lisans programlarından birinden mezun olmak. | 3385 - Tarla Bitkileri | 3386 - Toprak | 4212 - Bahçe ve Tarla Bitkileri | 6131 - Bitkisel Üretim | 8147 - Bahçe Bitkileri | 8158 - Bitki Koruma | 9048 - Toprak Bilimi ve Bitki Besleme | 9269 - Bitkisel Üretim ve Teknolojileri | 4846 - Aşağıdaki lisans programlarından birinden mezun olmak. | 9114 - Biyosistem Mühendisliği | 4853 - Aşağıdaki lisans programlarından birinden mezun olmak. | 3325 - Tarım Teknolojisi | 3383 - Tarım Makineleri | 3384 - Tarımsal Yapılar ve Sulama | 8221 - Kültürteknik | 8263 - Tarımsal Mekanizasyon | 4854 - Aşağıdaki lisans programlarından birinden mezun olmak. | 9106 - Tarımsal Biyoteknoloji | 4857 - Aşağıdaki lisans programlarından birinden mezun olmak. | 3382 - Tarım Ekonomisi;ca2a39c6-c20a-e611-80c6-a0369f7d1486
2016;4;901800681;Gıda, Tarım ve Hayvancılık Bakanlığı;Mühendis;Iğdır;Lisans;1;;81.645;81.645;"4689;3233;4298;8324;9034";4689 - Aşağıdaki lisans programlarından birinden mezun olmak. | 3233 - Jeodezi ve Fotogrametri Mühendisliği | 4298 - Jeodezi ve Haritacılık | 8324 - Harita Mühendisliği | 9034 - Geomatik Mühendisliği;422c39c6-c20a-e611-80c6-a0369f7d1486
2016;4;901800709;Gıda, Tarım ve Hayvancılık Bakanlığı;Mühendis;Isparta;Lisans;1;;81.623;81.623;"4818;8337;4819;3320";4818 - Aşağıdaki lisans programlarından birinden mezun olmak. | 8337 - Su Ürünleri Mühendisliği | 4819 - Aşağıdaki lisans programlarından birinden mezun olmak. | 3320 - Su Ürünleri;472a39c6-c20a-e611-80c6-a0369f7d1486
2016;4;901801005;Gıda, Tarım ve Hayvancılık Bakanlığı;Mühendis;Kırklareli;Lisans;2;;81.564;81.993;"4803;8196;4825;5135;4831;3202;8258;8289;4845;3385;3386;4212;6131;8147;8158;9048;9269;4846;9114;4853;3325;3383;3384;8221;8263;4854;9106;4857;3382";4803 - Aşağıdaki lisans programlarından birinden mezun olmak. | 8196 - Gıda Bilimi ve Teknolojisi | 4825 - Aşağıdaki lisans programlarından birinden mezun olmak. | 5135 - Ziraat Mühendisliği | 4831 - Aşağıdaki lisans programlarından birinden mezun olmak. | 3202 - Hayvansal Üretim | 8258 - Süt Teknolojisi | 8289 - Zootekni / Zooteknik | 4845 - Aşağıdaki lisans programlarından birinden mezun olmak. | 3385 - Tarla Bitkileri | 3386 - Toprak | 4212 - Bahçe ve Tarla Bitkileri | 6131 - Bitkisel Üretim | 8147 - Bahçe Bitkileri | 8158 - Bitki Koruma | 9048 - Toprak Bilimi ve Bitki Besleme | 9269 - Bitkisel Üretim ve Teknolojileri | 4846 - Aşağıdaki lisans programlarından birinden mezun olmak. | 9114 - Biyosistem Mühendisliği | 4853 - Aşağıdaki lisans programlarından birinden mezun olmak. | 3325 - Tarım Teknolojisi | 3383 - Tarım Makineleri | 3384 - Tarımsal Yapılar ve Sulama | 8221 - Kültürteknik | 8263 - Tarımsal Mekanizasyon | 4854 - Aşağıdaki lisans programlarından birinden mezun olmak. | 9106 - Tarımsal Biyoteknoloji | 4857 - Aşağıdaki lisans programlarından birinden mezun olmak. | 3382 - Tarım Ekonomisi;c82a39c6-c20a-e611-80c6-a0369f7d1486
2016;4;901801383;Gıda, Tarım ve Hayvancılık Bakanlığı;Mühendis;Siirt;Lisans;1;;81.564;81.564;"4689;3233;4298;8324;9034";4689 - Aşağıdaki lisans programlarından birinden mezun olmak. | 3233 - Jeodezi ve Fotogrametri Mühendisliği | 4298 - Jeodezi ve Haritacılık | 8324 - Harita Mühendisliği | 9034 - Geomatik Mühendisliği;882b39c6-c20a-e611-80c6-a0369f7d1486
2016;4;901800381;Gıda, Tarım ve Hayvancılık Bakanlığı;Veteriner Hekim;Çanakkale;Lisans;1;;81.549;81.549;"4607;6373";4607 - Aşağıdaki lisans programlarından birinden mezun olmak. | 6373 - Veteriner;b02939c6-c20a-e611-80c6-a0369f7d1486
2016;4;901800771;Gıda, Tarım ve Hayvancılık Bakanlığı;Veteriner Hekim;İstanbul;Lisans;1;;81.549;81.549;"4607;6373";4607 - Aşağıdaki lisans programlarından birinden mezun olmak. | 6373 - Veteriner;6b2a39c6-c20a-e611-80c6-a0369f7d1486
2016;4;901800455;Gıda, Tarım ve Hayvancılık Bakanlığı;Mühendis;Edirne;Lisans;3;;81.522;81.89;"4803;8196;4825;5135;4831;3202;8258;8289;4845;3385;3386;4212;6131;8147;8158;9048;9269;4846;9114;4853;3325;3383;3384;8221;8263;4854;9106;4857;3382";4803 - Aşağıdaki lisans programlarından birinden mezun olmak. | 8196 - Gıda Bilimi ve Teknolojisi | 4825 - Aşağıdaki lisans programlarından birinden mezun olmak. | 5135 - Ziraat Mühendisliği | 4831 - Aşağıdaki lisans programlarından birinden mezun olmak. | 3202 - Hayvansal Üretim | 8258 - Süt Teknolojisi | 8289 - Zootekni / Zooteknik | 4845 - Aşağıdaki lisans programlarından birinden mezun olmak. | 3385 - Tarla Bitkileri | 3386 - Toprak | 4212 - Bahçe ve Tarla Bitkileri | 6131 - Bitkisel Üretim | 8147 - Bahçe Bitkileri | 8158 - Bitki Koruma | 9048 - Toprak Bilimi ve Bitki Besleme | 9269 - Bitkisel Üretim ve Teknolojileri | 4846 - Aşağıdaki lisans programlarından birinden mezun olmak. | 9114 - Biyosistem Mühendisliği | 4853 - Aşağıdaki lisans programlarından birinden mezun olmak. | 3325 - Tarım Teknolojisi | 3383 - Tarım Makineleri | 3384 - Tarımsal Yapılar ve Sulama | 8221 - Kültürteknik | 8263 - Tarımsal Mekanizasyon | 4854 - Aşağıdaki lisans programlarından birinden mezun olmak. | 9106 - Tarımsal Biyoteknoloji | 4857 - Aşağıdaki lisans programlarından birinden mezun olmak. | 3382 - Tarım Ekonomisi;d12939c6-c20a-e611-80c6-a0369f7d1486
2016;4;901800043;Gıda, Tarım ve Hayvancılık Bakanlığı;Mühendis;Afyonkarahisar;Lisans;5;;81.516;82.58;"4803;8196;4825;5135;4831;3202;8258;8289;4845;3385;3386;4212;6131;8147;8158;9048;9269;4846;9114;4853;3325;3383;3384;8221;8263;4854;9106;4857;3382";4803 - Aşağıdaki lisans programlarından birinden mezun olmak. | 8196 - Gıda Bilimi ve Teknolojisi | 4825 - Aşağıdaki lisans programlarından birinden mezun olmak. | 5135 - Ziraat Mühendisliği | 4831 - Aşağıdaki lisans programlarından birinden mezun olmak. | 3202 - Hayvansal Üretim | 8258 - Süt Teknolojisi | 8289 - Zootekni / Zooteknik | 4845 - Aşağıdaki lisans programlarından birinden mezun olmak. | 3385 - Tarla Bitkileri | 3386 - Toprak | 4212 - Bahçe ve Tarla Bitkileri | 6131 - Bitkisel Üretim | 8147 - Bahçe Bitkileri | 8158 - Bitki Koruma | 9048 - Toprak Bilimi ve Bitki Besleme | 9269 - Bitkisel Üretim ve Teknolojileri | 4846 - Aşağıdaki lisans programlarından birinden mezun olmak. | 9114 - Biyosistem Mühendisliği | 4853 - Aşağıdaki lisans programlarından birinden mezun olmak. | 3325 - Tarım Teknolojisi | 3383 - Tarım Makineleri | 3384 - Tarımsal Yapılar ve Sulama | 8221 - Kültürteknik | 8263 - Tarımsal Mekanizasyon | 4854 - Aşağıdaki lisans programlarından birinden mezun olmak. | 9106 - Tarımsal Biyoteknoloji | 4857 - Aşağıdaki lisans programlarından birinden mezun olmak. | 3382 - Tarım Ekonomisi;222939c6-c20a-e611-80c6-a0369f7d1486
2016;4;901801109;Gıda, Tarım ve Hayvancılık Bakanlığı;Mühendis;Kütahya;Lisans;2;;81.511;81.61;"4803;8196;4825;5135;4831;3202;8258;8289;4845;3385;3386;4212;6131;8147;8158;9048;9269;4846;9114;4853;3325;3383;3384;8221;8263;4854;9106;4857;3382";4803 - Aşağıdaki lisans programlarından birinden mezun olmak. | 8196 - Gıda Bilimi ve Teknolojisi | 4825 - Aşağıdaki lisans programlarından birinden mezun olmak. | 5135 - Ziraat Mühendisliği | 4831 - Aşağıdaki lisans programlarından birinden mezun olmak. | 3202 - Hayvansal Üretim | 8258 - Süt Teknolojisi | 8289 - Zootekni / Zooteknik | 4845 - Aşağıdaki lisans programlarından birinden mezun olmak. | 3385 - Tarla Bitkileri | 3386 - Toprak | 4212 - Bahçe ve Tarla Bitkileri | 6131 - Bitkisel Üretim | 8147 - Bahçe Bitkileri | 8158 - Bitki Koruma | 9048 - Toprak Bilimi ve Bitki Besleme | 9269 - Bitkisel Üretim ve Teknolojileri | 4846 - Aşağıdaki lisans programlarından birinden mezun olmak. | 9114 - Biyosistem Mühendisliği | 4853 - Aşağıdaki lisans programlarından birinden mezun olmak. | 3325 - Tarım Teknolojisi | 3383 - Tarım Makineleri | 3384 - Tarımsal Yapılar ve Sulama | 8221 - Kültürteknik | 8263 - Tarımsal Mekanizasyon | 4854 - Aşağıdaki lisans programlarından birinden mezun olmak. | 9106 - Tarımsal Biyoteknoloji | 4857 - Aşağıdaki lisans programlarından birinden mezun olmak. | 3382 - Tarım Ekonomisi;f72a39c6-c20a-e611-80c6-a0369f7d1486
2016;4;901800997;Gıda, Tarım ve Hayvancılık Bakanlığı;Mühendis;Kırklareli;Lisans;1;;81.507;81.507;"4803;8196;4825;5135;4831;3202;8258;8289;4845;3385;3386;4212;6131;8147;8158;9048;9269;4846;9114;4853;3325;3383;3384;8221;8263;4854;9106;4857;3382";4803 - Aşağıdaki lisans programlarından birinden mezun olmak. | 8196 - Gıda Bilimi ve Teknolojisi | 4825 - Aşağıdaki lisans programlarından birinden mezun olmak. | 5135 - Ziraat Mühendisliği | 4831 - Aşağıdaki lisans programlarından birinden mezun olmak. | 3202 - Hayvansal Üretim | 8258 - Süt Teknolojisi | 8289 - Zootekni / Zooteknik | 4845 - Aşağıdaki lisans programlarından birinden mezun olmak. | 3385 - Tarla Bitkileri | 3386 - Toprak | 4212 - Bahçe ve Tarla Bitkileri | 6131 - Bitkisel Üretim | 8147 - Bahçe Bitkileri | 8158 - Bitki Koruma | 9048 - Toprak Bilimi ve Bitki Besleme | 9269 - Bitkisel Üretim ve Teknolojileri | 4846 - Aşağıdaki lisans programlarından birinden mezun olmak. | 9114 - Biyosistem Mühendisliği | 4853 - Aşağıdaki lisans programlarından birinden mezun olmak. | 3325 - Tarım Teknolojisi | 3383 - Tarım Makineleri | 3384 - Tarımsal Yapılar ve Sulama | 8221 - Kültürteknik | 8263 - Tarımsal Mekanizasyon | 4854 - Aşağıdaki lisans programlarından birinden mezun olmak. | 9106 - Tarımsal Biyoteknoloji | 4857 - Aşağıdaki lisans programlarından birinden mezun olmak. | 3382 - Tarım Ekonomisi;c42a39c6-c20a-e611-80c6-a0369f7d1486
2016;4;901801355;Gıda, Tarım ve Hayvancılık Bakanlığı;Veteriner Hekim;Sakarya;Lisans;1;;81.485;81.485;"4607;6373";4607 - Aşağıdaki lisans programlarından birinden mezun olmak. | 6373 - Veteriner;7a2b39c6-c20a-e611-80c6-a0369f7d1486
2016;4;901801117;Gıda, Tarım ve Hayvancılık Bakanlığı;Mühendis;Kütahya;Lisans;2;;81.443;82.154;"4803;8196;4825;5135;4831;3202;8258;8289;4845;3385;3386;4212;6131;8147;8158;9048;9269;4846;9114;4853;3325;3383;3384;8221;8263;4854;9106;4857;3382";4803 - Aşağıdaki lisans programlarından birinden mezun olmak. | 8196 - Gıda Bilimi ve Teknolojisi | 4825 - Aşağıdaki lisans programlarından birinden mezun olmak. | 5135 - Ziraat Mühendisliği | 4831 - Aşağıdaki lisans programlarından birinden mezun olmak. | 3202 - Hayvansal Üretim | 8258 - Süt Teknolojisi | 8289 - Zootekni / Zooteknik | 4845 - Aşağıdaki lisans programlarından birinden mezun olmak. | 3385 - Tarla Bitkileri | 3386 - Toprak | 4212 - Bahçe ve Tarla Bitkileri | 6131 - Bitkisel Üretim | 8147 - Bahçe Bitkileri | 8158 - Bitki Koruma | 9048 - Toprak Bilimi ve Bitki Besleme | 9269 - Bitkisel Üretim ve Teknolojileri | 4846 - Aşağıdaki lisans programlarından birinden mezun olmak. | 9114 - Biyosistem Mühendisliği | 4853 - Aşağıdaki lisans programlarından birinden mezun olmak. | 3325 - Tarım Teknolojisi | 3383 - Tarım Makineleri | 3384 - Tarımsal Yapılar ve Sulama | 8221 - Kültürteknik | 8263 - Tarımsal Mekanizasyon | 4854 - Aşağıdaki lisans programlarından birinden mezun olmak. | 9106 - Tarımsal Biyoteknoloji | 4857 - Aşağıdaki lisans programlarından birinden mezun olmak. | 3382 - Tarım Ekonomisi;fb2a39c6-c20a-e611-80c6-a0369f7d1486
2016;4;901801321;Gıda, Tarım ve Hayvancılık Bakanlığı;Mühendis;Rize;Lisans;1;;81.43;81.43;"4818;8337;4819;3320";4818 - Aşağıdaki lisans programlarından birinden mezun olmak. | 8337 - Su Ürünleri Mühendisliği | 4819 - Aşağıdaki lisans programlarından birinden mezun olmak. | 3320 - Su Ürünleri;692b39c6-c20a-e611-80c6-a0369f7d1486
2016;4;901801685;Gıda, Tarım ve Hayvancılık Bakanlığı;Veteriner Hekim;Zonguldak;Lisans;1;;81.425;81.425;"4607;6373";4607 - Aşağıdaki lisans programlarından birinden mezun olmak. | 6373 - Veteriner;0f2c39c6-c20a-e611-80c6-a0369f7d1486
2016;4;901801143;Gıda, Tarım ve Hayvancılık Bakanlığı;Mühendis;Malatya;Lisans;2;;81.412;81.78;"4803;8196;4825;5135;4831;3202;8258;8289;4845;3385;3386;4212;6131;8147;8158;9048;9269;4846;9114;4853;3325;3383;3384;8221;8263;4854;9106;4857;3382";4803 - Aşağıdaki lisans programlarından birinden mezun olmak. | 8196 - Gıda Bilimi ve Teknolojisi | 4825 - Aşağıdaki lisans programlarından birinden mezun olmak. | 5135 - Ziraat Mühendisliği | 4831 - Aşağıdaki lisans programlarından birinden mezun olmak. | 3202 - Hayvansal Üretim | 8258 - Süt Teknolojisi | 8289 - Zootekni / Zooteknik | 4845 - Aşağıdaki lisans programlarından birinden mezun olmak. | 3385 - Tarla Bitkileri | 3386 - Toprak | 4212 - Bahçe ve Tarla Bitkileri | 6131 - Bitkisel Üretim | 8147 - Bahçe Bitkileri | 8158 - Bitki Koruma | 9048 - Toprak Bilimi ve Bitki Besleme | 9269 - Bitkisel Üretim ve Teknolojileri | 4846 - Aşağıdaki lisans programlarından birinden mezun olmak. | 9114 - Biyosistem Mühendisliği | 4853 - Aşağıdaki lisans programlarından birinden mezun olmak. | 3325 - Tarım Teknolojisi | 3383 - Tarım Makineleri | 3384 - Tarımsal Yapılar ve Sulama | 8221 - Kültürteknik | 8263 - Tarımsal Mekanizasyon | 4854 - Aşağıdaki lisans programlarından birinden mezun olmak. | 9106 - Tarımsal Biyoteknoloji | 4857 - Aşağıdaki lisans programlarından birinden mezun olmak. | 3382 - Tarım Ekonomisi;082b39c6-c20a-e611-80c6-a0369f7d1486
2016;4;901801175;Gıda, Tarım ve Hayvancılık Bakanlığı;Mühendis;Mardin;Lisans;1;;81.408;81.408;"4818;8337;4819;3320";4818 - Aşağıdaki lisans programlarından birinden mezun olmak. | 8337 - Su Ürünleri Mühendisliği | 4819 - Aşağıdaki lisans programlarından birinden mezun olmak. | 3320 - Su Ürünleri;272b39c6-c20a-e611-80c6-a0369f7d1486
2016;4;901800607;Gıda, Tarım ve Hayvancılık Bakanlığı;Mühendis;Giresun;Lisans;1;;81.381;81.381;"4818;8337;4819;3320";4818 - Aşağıdaki lisans programlarından birinden mezun olmak. | 8337 - Su Ürünleri Mühendisliği | 4819 - Aşağıdaki lisans programlarından birinden mezun olmak. | 3320 - Su Ürünleri;1d2a39c6-c20a-e611-80c6-a0369f7d1486
2016;4;901800977;Gıda, Tarım ve Hayvancılık Bakanlığı;Mühendis;Kayseri;Lisans;1;;81.379;81.379;"4818;8337;4819;3320";4818 - Aşağıdaki lisans programlarından birinden mezun olmak. | 8337 - Su Ürünleri Mühendisliği | 4819 - Aşağıdaki lisans programlarından birinden mezun olmak. | 3320 - Su Ürünleri;bb2a39c6-c20a-e611-80c6-a0369f7d1486
2016;4;901801323;Gıda, Tarım ve Hayvancılık Bakanlığı;Mühendis;Rize;Lisans;1;;81.364;81.364;"4818;8337;4819;3320";4818 - Aşağıdaki lisans programlarından birinden mezun olmak. | 8337 - Su Ürünleri Mühendisliği | 4819 - Aşağıdaki lisans programlarından birinden mezun olmak. | 3320 - Su Ürünleri;6a2b39c6-c20a-e611-80c6-a0369f7d1486
2016;4;901801125;Gıda, Tarım ve Hayvancılık Bakanlığı;Mühendis;Kütahya;Lisans;1;;81.339;81.339;"4803;8196;4825;5135;4831;3202;8258;8289;4845;3385;3386;4212;6131;8147;8158;9048;9269;4846;9114;4853;3325;3383;3384;8221;8263;4854;9106;4857;3382";4803 - Aşağıdaki lisans programlarından birinden mezun olmak. | 8196 - Gıda Bilimi ve Teknolojisi | 4825 - Aşağıdaki lisans programlarından birinden mezun olmak. | 5135 - Ziraat Mühendisliği | 4831 - Aşağıdaki lisans programlarından birinden mezun olmak. | 3202 - Hayvansal Üretim | 8258 - Süt Teknolojisi | 8289 - Zootekni / Zooteknik | 4845 - Aşağıdaki lisans programlarından birinden mezun olmak. | 3385 - Tarla Bitkileri | 3386 - Toprak | 4212 - Bahçe ve Tarla Bitkileri | 6131 - Bitkisel Üretim | 8147 - Bahçe Bitkileri | 8158 - Bitki Koruma | 9048 - Toprak Bilimi ve Bitki Besleme | 9269 - Bitkisel Üretim ve Teknolojileri | 4846 - Aşağıdaki lisans programlarından birinden mezun olmak. | 9114 - Biyosistem Mühendisliği | 4853 - Aşağıdaki lisans programlarından birinden mezun olmak. | 3325 - Tarım Teknolojisi | 3383 - Tarım Makineleri | 3384 - Tarımsal Yapılar ve Sulama | 8221 - Kültürteknik | 8263 - Tarımsal Mekanizasyon | 4854 - Aşağıdaki lisans programlarından birinden mezun olmak. | 9106 - Tarımsal Biyoteknoloji | 4857 - Aşağıdaki lisans programlarından birinden mezun olmak. | 3382 - Tarım Ekonomisi;ff2a39c6-c20a-e611-80c6-a0369f7d1486
2016;4;901800047;Gıda, Tarım ve Hayvancılık Bakanlığı;Mühendis;Afyonkarahisar;Lisans;3;;81.333;82.345;"4803;8196;4825;5135;4831;3202;8258;8289;4845;3385;3386;4212;6131;8147;8158;9048;9269;4846;9114;4853;3325;3383;3384;8221;8263;4854;9106;4857;3382";4803 - Aşağıdaki lisans programlarından birinden mezun olmak. | 8196 - Gıda Bilimi ve Teknolojisi | 4825 - Aşağıdaki lisans programlarından birinden mezun olmak. | 5135 - Ziraat Mühendisliği | 4831 - Aşağıdaki lisans programlarından birinden mezun olmak. | 3202 - Hayvansal Üretim | 8258 - Süt Teknolojisi | 8289 - Zootekni / Zooteknik | 4845 - Aşağıdaki lisans programlarından birinden mezun olmak. | 3385 - Tarla Bitkileri | 3386 - Toprak | 4212 - Bahçe ve Tarla Bitkileri | 6131 - Bitkisel Üretim | 8147 - Bahçe Bitkileri | 8158 - Bitki Koruma | 9048 - Toprak Bilimi ve Bitki Besleme | 9269 - Bitkisel Üretim ve Teknolojileri | 4846 - Aşağıdaki lisans programlarından birinden mezun olmak. | 9114 - Biyosistem Mühendisliği | 4853 - Aşağıdaki lisans programlarından birinden mezun olmak. | 3325 - Tarım Teknolojisi | 3383 - Tarım Makineleri | 3384 - Tarımsal Yapılar ve Sulama | 8221 - Kültürteknik | 8263 - Tarımsal Mekanizasyon | 4854 - Aşağıdaki lisans programlarından birinden mezun olmak. | 9106 - Tarımsal Biyoteknoloji | 4857 - Aşağıdaki lisans programlarından birinden mezun olmak. | 3382 - Tarım Ekonomisi;242939c6-c20a-e611-80c6-a0369f7d1486
2016;4;901800329;Gıda, Tarım ve Hayvancılık Bakanlığı;Mühendis;Bolu;Lisans;1;;81.322;81.322;"4803;8196;4825;5135;4831;3202;8258;8289;4845;3385;3386;4212;6131;8147;8158;9048;9269;4846;9114;4853;3325;3383;3384;8221;8263;4854;9106;4857;3382";4803 - Aşağıdaki lisans programlarından birinden mezun olmak. | 8196 - Gıda Bilimi ve Teknolojisi | 4825 - Aşağıdaki lisans programlarından birinden mezun olmak. | 5135 - Ziraat Mühendisliği | 4831 - Aşağıdaki lisans programlarından birinden mezun olmak. | 3202 - Hayvansal Üretim | 8258 - Süt Teknolojisi | 8289 - Zootekni / Zooteknik | 4845 - Aşağıdaki lisans programlarından birinden mezun olmak. | 3385 - Tarla Bitkileri | 3386 - Toprak | 4212 - Bahçe ve Tarla Bitkileri | 6131 - Bitkisel Üretim | 8147 - Bahçe Bitkileri | 8158 - Bitki Koruma | 9048 - Toprak Bilimi ve Bitki Besleme | 9269 - Bitkisel Üretim ve Teknolojileri | 4846 - Aşağıdaki lisans programlarından birinden mezun olmak. | 9114 - Biyosistem Mühendisliği | 4853 - Aşağıdaki lisans programlarından birinden mezun olmak. | 3325 - Tarım Teknolojisi | 3383 - Tarım Makineleri | 3384 - Tarımsal Yapılar ve Sulama | 8221 - Kültürteknik | 8263 - Tarımsal Mekanizasyon | 4854 - Aşağıdaki lisans programlarından birinden mezun olmak. | 9106 - Tarımsal Biyoteknoloji | 4857 - Aşağıdaki lisans programlarından birinden mezun olmak. | 3382 - Tarım Ekonomisi;962939c6-c20a-e611-80c6-a0369f7d1486
2016;4;901801111;Gıda, Tarım ve Hayvancılık Bakanlığı;Mühendis;Kütahya;Lisans;2;;81.315;81.32;"4803;8196;4825;5135;4831;3202;8258;8289;4845;3385;3386;4212;6131;8147;8158;9048;9269;4846;9114;4853;3325;3383;3384;8221;8263;4854;9106;4857;3382";4803 - Aşağıdaki lisans programlarından birinden mezun olmak. | 8196 - Gıda Bilimi ve Teknolojisi | 4825 - Aşağıdaki lisans programlarından birinden mezun olmak. | 5135 - Ziraat Mühendisliği | 4831 - Aşağıdaki lisans programlarından birinden mezun olmak. | 3202 - Hayvansal Üretim | 8258 - Süt Teknolojisi | 8289 - Zootekni / Zooteknik | 4845 - Aşağıdaki lisans programlarından birinden mezun olmak. | 3385 - Tarla Bitkileri | 3386 - Toprak | 4212 - Bahçe ve Tarla Bitkileri | 6131 - Bitkisel Üretim | 8147 - Bahçe Bitkileri | 8158 - Bitki Koruma | 9048 - Toprak Bilimi ve Bitki Besleme | 9269 - Bitkisel Üretim ve Teknolojileri | 4846 - Aşağıdaki lisans programlarından birinden mezun olmak. | 9114 - Biyosistem Mühendisliği | 4853 - Aşağıdaki lisans programlarından birinden mezun olmak. | 3325 - Tarım Teknolojisi | 3383 - Tarım Makineleri | 3384 - Tarımsal Yapılar ve Sulama | 8221 - Kültürteknik | 8263 - Tarımsal Mekanizasyon | 4854 - Aşağıdaki lisans programlarından birinden mezun olmak. | 9106 - Tarımsal Biyoteknoloji | 4857 - Aşağıdaki lisans programlarından birinden mezun olmak. | 3382 - Tarım Ekonomisi;f82a39c6-c20a-e611-80c6-a0369f7d1486
2016;4;901801221;Gıda, Tarım ve Hayvancılık Bakanlığı;Mühendis;Muğla;Lisans;1;;81.315;81.315;"4863;3116";4863 - Aşağıdaki lisans programlarından birinden mezun olmak. | 3116 - Balıkçılık Teknolojisi Mühendisliği;392b39c6-c20a-e611-80c6-a0369f7d1486
2016;4;901801081;Gıda, Tarım ve Hayvancılık Bakanlığı;Mühendis;Konya;Lisans;1;;81.311;81.311;"4818;8337;4819;3320";4818 - Aşağıdaki lisans programlarından birinden mezun olmak. | 8337 - Su Ürünleri Mühendisliği | 4819 - Aşağıdaki lisans programlarından birinden mezun olmak. | 3320 - Su Ürünleri;e92a39c6-c20a-e611-80c6-a0369f7d1486
2016;4;901801633;Gıda, Tarım ve Hayvancılık Bakanlığı;Mühendis;Yozgat;Lisans;1;;81.293;81.293;"4818;8337;4819;3320";4818 - Aşağıdaki lisans programlarından birinden mezun olmak. | 8337 - Su Ürünleri Mühendisliği | 4819 - Aşağıdaki lisans programlarından birinden mezun olmak. | 3320 - Su Ürünleri;f52b39c6-c20a-e611-80c6-a0369f7d1486
2016;4;901801583;Gıda, Tarım ve Hayvancılık Bakanlığı;Mühendis;Trabzon;Lisans;1;;81.278;81.278;"4818;8337;4819;3320";4818 - Aşağıdaki lisans programlarından birinden mezun olmak. | 8337 - Su Ürünleri Mühendisliği | 4819 - Aşağıdaki lisans programlarından birinden mezun olmak. | 3320 - Su Ürünleri;c22b39c6-c20a-e611-80c6-a0369f7d1486
2016;4;901800599;Gıda, Tarım ve Hayvancılık Bakanlığı;Mühendis;Giresun;Lisans;1;;81.273;81.273;"4803;8196;4825;5135;4831;3202;8258;8289;4845;3385;3386;4212;6131;8147;8158;9048;9269;4846;9114;4853;3325;3383;3384;8221;8263;4854;9106;4857;3382";4803 - Aşağıdaki lisans programlarından birinden mezun olmak. | 8196 - Gıda Bilimi ve Teknolojisi | 4825 - Aşağıdaki lisans programlarından birinden mezun olmak. | 5135 - Ziraat Mühendisliği | 4831 - Aşağıdaki lisans programlarından birinden mezun olmak. | 3202 - Hayvansal Üretim | 8258 - Süt Teknolojisi | 8289 - Zootekni / Zooteknik | 4845 - Aşağıdaki lisans programlarından birinden mezun olmak. | 3385 - Tarla Bitkileri | 3386 - Toprak | 4212 - Bahçe ve Tarla Bitkileri | 6131 - Bitkisel Üretim | 8147 - Bahçe Bitkileri | 8158 - Bitki Koruma | 9048 - Toprak Bilimi ve Bitki Besleme | 9269 - Bitkisel Üretim ve Teknolojileri | 4846 - Aşağıdaki lisans programlarından birinden mezun olmak. | 9114 - Biyosistem Mühendisliği | 4853 - Aşağıdaki lisans programlarından birinden mezun olmak. | 3325 - Tarım Teknolojisi | 3383 - Tarım Makineleri | 3384 - Tarımsal Yapılar ve Sulama | 8221 - Kültürteknik | 8263 - Tarımsal Mekanizasyon | 4854 - Aşağıdaki lisans programlarından birinden mezun olmak. | 9106 - Tarımsal Biyoteknoloji | 4857 - Aşağıdaki lisans programlarından birinden mezun olmak. | 3382 - Tarım Ekonomisi;192a39c6-c20a-e611-80c6-a0369f7d1486
2016;4;901801279;Gıda, Tarım ve Hayvancılık Bakanlığı;Mühendis;Niğde;Lisans;1;;81.273;81.273;"4818;8337;4819;3320";4818 - Aşağıdaki lisans programlarından birinden mezun olmak. | 8337 - Su Ürünleri Mühendisliği | 4819 - Aşağıdaki lisans programlarından birinden mezun olmak. | 3320 - Su Ürünleri;562b39c6-c20a-e611-80c6-a0369f7d1486
2016;4;901800515;Gıda, Tarım ve Hayvancılık Bakanlığı;Mühendis;Erzincan;Lisans;1;;81.256;81.256;"4803;8196;4825;5135;4831;3202;8258;8289;4845;3385;3386;4212;6131;8147;8158;9048;9269;4846;9114;4853;3325;3383;3384;8221;8263;4854;9106;4857;3382";4803 - Aşağıdaki lisans programlarından birinden mezun olmak. | 8196 - Gıda Bilimi ve Teknolojisi | 4825 - Aşağıdaki lisans programlarından birinden mezun olmak. | 5135 - Ziraat Mühendisliği | 4831 - Aşağıdaki lisans programlarından birinden mezun olmak. | 3202 - Hayvansal Üretim | 8258 - Süt Teknolojisi | 8289 - Zootekni / Zooteknik | 4845 - Aşağıdaki lisans programlarından birinden mezun olmak. | 3385 - Tarla Bitkileri | 3386 - Toprak | 4212 - Bahçe ve Tarla Bitkileri | 6131 - Bitkisel Üretim | 8147 - Bahçe Bitkileri | 8158 - Bitki Koruma | 9048 - Toprak Bilimi ve Bitki Besleme | 9269 - Bitkisel Üretim ve Teknolojileri | 4846 - Aşağıdaki lisans programlarından birinden mezun olmak. | 9114 - Biyosistem Mühendisliği | 4853 - Aşağıdaki lisans programlarından birinden mezun olmak. | 3325 - Tarım Teknolojisi | 3383 - Tarım Makineleri | 3384 - Tarımsal Yapılar ve Sulama | 8221 - Kültürteknik | 8263 - Tarımsal Mekanizasyon | 4854 - Aşağıdaki lisans programlarından birinden mezun olmak. | 9106 - Tarımsal Biyoteknoloji | 4857 - Aşağıdaki lisans programlarından birinden mezun olmak. | 3382 - Tarım Ekonomisi;ef2939c6-c20a-e611-80c6-a0369f7d1486
2016;4;901801071;Gıda, Tarım ve Hayvancılık Bakanlığı;Mühendis;Konya;Lisans;3;;81.214;82.519;"4803;8196;4825;5135;4831;3202;8258;8289;4845;3385;3386;4212;6131;8147;8158;9048;9269;4846;9114;4853;3325;3383;3384;8221;8263;4854;9106;4857;3382";4803 - Aşağıdaki lisans programlarından birinden mezun olmak. | 8196 - Gıda Bilimi ve Teknolojisi | 4825 - Aşağıdaki lisans programlarından birinden mezun olmak. | 5135 - Ziraat Mühendisliği | 4831 - Aşağıdaki lisans programlarından birinden mezun olmak. | 3202 - Hayvansal Üretim | 8258 - Süt Teknolojisi | 8289 - Zootekni / Zooteknik | 4845 - Aşağıdaki lisans programlarından birinden mezun olmak. | 3385 - Tarla Bitkileri | 3386 - Toprak | 4212 - Bahçe ve Tarla Bitkileri | 6131 - Bitkisel Üretim | 8147 - Bahçe Bitkileri | 8158 - Bitki Koruma | 9048 - Toprak Bilimi ve Bitki Besleme | 9269 - Bitkisel Üretim ve Teknolojileri | 4846 - Aşağıdaki lisans programlarından birinden mezun olmak. | 9114 - Biyosistem Mühendisliği | 4853 - Aşağıdaki lisans programlarından birinden mezun olmak. | 3325 - Tarım Teknolojisi | 3383 - Tarım Makineleri | 3384 - Tarımsal Yapılar ve Sulama | 8221 - Kültürteknik | 8263 - Tarımsal Mekanizasyon | 4854 - Aşağıdaki lisans programlarından birinden mezun olmak. | 9106 - Tarımsal Biyoteknoloji | 4857 - Aşağıdaki lisans programlarından birinden mezun olmak. | 3382 - Tarım Ekonomisi;e42a39c6-c20a-e611-80c6-a0369f7d1486
2016;4;901801135;Gıda, Tarım ve Hayvancılık Bakanlığı;Mühendis;Malatya;Lisans;1;;81.208;81.208;"4818;8337;4819;3320";4818 - Aşağıdaki lisans programlarından birinden mezun olmak. | 8337 - Su Ürünleri Mühendisliği | 4819 - Aşağıdaki lisans programlarından birinden mezun olmak. | 3320 - Su Ürünleri;042b39c6-c20a-e611-80c6-a0369f7d1486
2016;4;901801311;Gıda, Tarım ve Hayvancılık Bakanlığı;Mühendis;Ordu;Lisans;2;;81.208;82.288;"4803;8196;4825;5135;4831;3202;8258;8289;4845;3385;3386;4212;6131;8147;8158;9048;9269;4846;9114;4853;3325;3383;3384;8221;8263;4854;9106;4857;3382";4803 - Aşağıdaki lisans programlarından birinden mezun olmak. | 8196 - Gıda Bilimi ve Teknolojisi | 4825 - Aşağıdaki lisans programlarından birinden mezun olmak. | 5135 - Ziraat Mühendisliği | 4831 - Aşağıdaki lisans programlarından birinden mezun olmak. | 3202 - Hayvansal Üretim | 8258 - Süt Teknolojisi | 8289 - Zootekni / Zooteknik | 4845 - Aşağıdaki lisans programlarından birinden mezun olmak. | 3385 - Tarla Bitkileri | 3386 - Toprak | 4212 - Bahçe ve Tarla Bitkileri | 6131 - Bitkisel Üretim | 8147 - Bahçe Bitkileri | 8158 - Bitki Koruma | 9048 - Toprak Bilimi ve Bitki Besleme | 9269 - Bitkisel Üretim ve Teknolojileri | 4846 - Aşağıdaki lisans programlarından birinden mezun olmak. | 9114 - Biyosistem Mühendisliği | 4853 - Aşağıdaki lisans programlarından birinden mezun olmak. | 3325 - Tarım Teknolojisi | 3383 - Tarım Makineleri | 3384 - Tarımsal Yapılar ve Sulama | 8221 - Kültürteknik | 8263 - Tarımsal Mekanizasyon | 4854 - Aşağıdaki lisans programlarından birinden mezun olmak. | 9106 - Tarımsal Biyoteknoloji | 4857 - Aşağıdaki lisans programlarından birinden mezun olmak. | 3382 - Tarım Ekonomisi;662b39c6-c20a-e611-80c6-a0369f7d1486
2016;4;901800995;Gıda, Tarım ve Hayvancılık Bakanlığı;Mühendis;Kırklareli;Lisans;1;;81.203;81.203;"4803;8196;4825;5135;4831;3202;8258;8289;4845;3385;3386;4212;6131;8147;8158;9048;9269;4846;9114;4853;3325;3383;3384;8221;8263;4854;9106;4857;3382";4803 - Aşağıdaki lisans programlarından birinden mezun olmak. | 8196 - Gıda Bilimi ve Teknolojisi | 4825 - Aşağıdaki lisans programlarından birinden mezun olmak. | 5135 - Ziraat Mühendisliği | 4831 - Aşağıdaki lisans programlarından birinden mezun olmak. | 3202 - Hayvansal Üretim | 8258 - Süt Teknolojisi | 8289 - Zootekni / Zooteknik | 4845 - Aşağıdaki lisans programlarından birinden mezun olmak. | 3385 - Tarla Bitkileri | 3386 - Toprak | 4212 - Bahçe ve Tarla Bitkileri | 6131 - Bitkisel Üretim | 8147 - Bahçe Bitkileri | 8158 - Bitki Koruma | 9048 - Toprak Bilimi ve Bitki Besleme | 9269 - Bitkisel Üretim ve Teknolojileri | 4846 - Aşağıdaki lisans programlarından birinden mezun olmak. | 9114 - Biyosistem Mühendisliği | 4853 - Aşağıdaki lisans programlarından birinden mezun olmak. | 3325 - Tarım Teknolojisi | 3383 - Tarım Makineleri | 3384 - Tarımsal Yapılar ve Sulama | 8221 - Kültürteknik | 8263 - Tarımsal Mekanizasyon | 4854 - Aşağıdaki lisans programlarından birinden mezun olmak. | 9106 - Tarımsal Biyoteknoloji | 4857 - Aşağıdaki lisans programlarından birinden mezun olmak. | 3382 - Tarım Ekonomisi;c32a39c6-c20a-e611-80c6-a0369f7d1486
2016;4;901801387;Gıda, Tarım ve Hayvancılık Bakanlığı;Mühendis;Siirt;Lisans;2;;81.196;83.216;"4803;8196;4825;5135;4831;3202;8258;8289;4845;3385;3386;4212;6131;8147;8158;9048;9269;4846;9114;4853;3325;3383;3384;8221;8263;4854;9106;4857;3382";4803 - Aşağıdaki lisans programlarından birinden mezun olmak. | 8196 - Gıda Bilimi ve Teknolojisi | 4825 - Aşağıdaki lisans programlarından birinden mezun olmak. | 5135 - Ziraat Mühendisliği | 4831 - Aşağıdaki lisans programlarından birinden mezun olmak. | 3202 - Hayvansal Üretim | 8258 - Süt Teknolojisi | 8289 - Zootekni / Zooteknik | 4845 - Aşağıdaki lisans programlarından birinden mezun olmak. | 3385 - Tarla Bitkileri | 3386 - Toprak | 4212 - Bahçe ve Tarla Bitkileri | 6131 - Bitkisel Üretim | 8147 - Bahçe Bitkileri | 8158 - Bitki Koruma | 9048 - Toprak Bilimi ve Bitki Besleme | 9269 - Bitkisel Üretim ve Teknolojileri | 4846 - Aşağıdaki lisans programlarından birinden mezun olmak. | 9114 - Biyosistem Mühendisliği | 4853 - Aşağıdaki lisans programlarından birinden mezun olmak. | 3325 - Tarım Teknolojisi | 3383 - Tarım Makineleri | 3384 - Tarımsal Yapılar ve Sulama | 8221 - Kültürteknik | 8263 - Tarımsal Mekanizasyon | 4854 - Aşağıdaki lisans programlarından birinden mezun olmak. | 9106 - Tarımsal Biyoteknoloji | 4857 - Aşağıdaki lisans programlarından birinden mezun olmak. | 3382 - Tarım Ekonomisi;8a2b39c6-c20a-e611-80c6-a0369f7d1486
2016;4;901800943;Gıda, Tarım ve Hayvancılık Bakanlığı;Mühendis;Kastamonu;Lisans;3;;81.177;81.617;"4803;8196;4825;5135;4831;3202;8258;8289;4845;3385;3386;4212;6131;8147;8158;9048;9269;4846;9114;4853;3325;3383;3384;8221;8263;4854;9106;4857;3382";4803 - Aşağıdaki lisans programlarından birinden mezun olmak. | 8196 - Gıda Bilimi ve Teknolojisi | 4825 - Aşağıdaki lisans programlarından birinden mezun olmak. | 5135 - Ziraat Mühendisliği | 4831 - Aşağıdaki lisans programlarından birinden mezun olmak. | 3202 - Hayvansal Üretim | 8258 - Süt Teknolojisi | 8289 - Zootekni / Zooteknik | 4845 - Aşağıdaki lisans programlarından birinden mezun olmak. | 3385 - Tarla Bitkileri | 3386 - Toprak | 4212 - Bahçe ve Tarla Bitkileri | 6131 - Bitkisel Üretim | 8147 - Bahçe Bitkileri | 8158 - Bitki Koruma | 9048 - Toprak Bilimi ve Bitki Besleme | 9269 - Bitkisel Üretim ve Teknolojileri | 4846 - Aşağıdaki lisans programlarından birinden mezun olmak. | 9114 - Biyosistem Mühendisliği | 4853 - Aşağıdaki lisans programlarından birinden mezun olmak. | 3325 - Tarım Teknolojisi | 3383 - Tarım Makineleri | 3384 - Tarımsal Yapılar ve Sulama | 8221 - Kültürteknik | 8263 - Tarımsal Mekanizasyon | 4854 - Aşağıdaki lisans programlarından birinden mezun olmak. | 9106 - Tarımsal Biyoteknoloji | 4857 - Aşağıdaki lisans programlarından birinden mezun olmak. | 3382 - Tarım Ekonomisi;aa2a39c6-c20a-e611-80c6-a0369f7d1486
2016;4;901801013;Gıda, Tarım ve Hayvancılık Bakanlığı;Mühendis;Kırklareli;Lisans;1;;81.17;81.17;"4803;8196;4825;5135;4831;3202;8258;8289;4845;3385;3386;4212;6131;8147;8158;9048;9269;4846;9114;4853;3325;3383;3384;8221;8263;4854;9106;4857;3382";4803 - Aşağıdaki lisans programlarından birinden mezun olmak. | 8196 - Gıda Bilimi ve Teknolojisi | 4825 - Aşağıdaki lisans programlarından birinden mezun olmak. | 5135 - Ziraat Mühendisliği | 4831 - Aşağıdaki lisans programlarından birinden mezun olmak. | 3202 - Hayvansal Üretim | 8258 - Süt Teknolojisi | 8289 - Zootekni / Zooteknik | 4845 - Aşağıdaki lisans programlarından birinden mezun olmak. | 3385 - Tarla Bitkileri | 3386 - Toprak | 4212 - Bahçe ve Tarla Bitkileri | 6131 - Bitkisel Üretim | 8147 - Bahçe Bitkileri | 8158 - Bitki Koruma | 9048 - Toprak Bilimi ve Bitki Besleme | 9269 - Bitkisel Üretim ve Teknolojileri | 4846 - Aşağıdaki lisans programlarından birinden mezun olmak. | 9114 - Biyosistem Mühendisliği | 4853 - Aşağıdaki lisans programlarından birinden mezun olmak. | 3325 - Tarım Teknolojisi | 3383 - Tarım Makineleri | 3384 - Tarımsal Yapılar ve Sulama | 8221 - Kültürteknik | 8263 - Tarımsal Mekanizasyon | 4854 - Aşağıdaki lisans programlarından birinden mezun olmak. | 9106 - Tarımsal Biyoteknoloji | 4857 - Aşağıdaki lisans programlarından birinden mezun olmak. | 3382 - Tarım Ekonomisi;cc2a39c6-c20a-e611-80c6-a0369f7d1486
2016;4;901800133;Gıda, Tarım ve Hayvancılık Bakanlığı;Mühendis;Ardahan;Lisans;1;;81.152;81.152;"4818;8337;4819;3320";4818 - Aşağıdaki lisans programlarından birinden mezun olmak. | 8337 - Su Ürünleri Mühendisliği | 4819 - Aşağıdaki lisans programlarından birinden mezun olmak. | 3320 - Su Ürünleri;362c39c6-c20a-e611-80c6-a0369f7d1486
2016;4;901800937;Gıda, Tarım ve Hayvancılık Bakanlığı;Mühendis;Kastamonu;Lisans;1;;81.148;81.148;"4803;8196;4825;5135;4831;3202;8258;8289;4845;3385;3386;4212;6131;8147;8158;9048;9269;4846;9114;4853;3325;3383;3384;8221;8263;4854;9106;4857;3382";4803 - Aşağıdaki lisans programlarından birinden mezun olmak. | 8196 - Gıda Bilimi ve Teknolojisi | 4825 - Aşağıdaki lisans programlarından birinden mezun olmak. | 5135 - Ziraat Mühendisliği | 4831 - Aşağıdaki lisans programlarından birinden mezun olmak. | 3202 - Hayvansal Üretim | 8258 - Süt Teknolojisi | 8289 - Zootekni / Zooteknik | 4845 - Aşağıdaki lisans programlarından birinden mezun olmak. | 3385 - Tarla Bitkileri | 3386 - Toprak | 4212 - Bahçe ve Tarla Bitkileri | 6131 - Bitkisel Üretim | 8147 - Bahçe Bitkileri | 8158 - Bitki Koruma | 9048 - Toprak Bilimi ve Bitki Besleme | 9269 - Bitkisel Üretim ve Teknolojileri | 4846 - Aşağıdaki lisans programlarından birinden mezun olmak. | 9114 - Biyosistem Mühendisliği | 4853 - Aşağıdaki lisans programlarından birinden mezun olmak. | 3325 - Tarım Teknolojisi | 3383 - Tarım Makineleri | 3384 - Tarımsal Yapılar ve Sulama | 8221 - Kültürteknik | 8263 - Tarımsal Mekanizasyon | 4854 - Aşağıdaki lisans programlarından birinden mezun olmak. | 9106 - Tarımsal Biyoteknoloji | 4857 - Aşağıdaki lisans programlarından birinden mezun olmak. | 3382 - Tarım Ekonomisi;a72a39c6-c20a-e611-80c6-a0369f7d1486
2016;4;901801647;Gıda, Tarım ve Hayvancılık Bakanlığı;Mühendis;Yozgat;Lisans;2;;81.133;81.177;"4803;8196;4825;5135;4831;3202;8258;8289;4845;3385;3386;4212;6131;8147;8158;9048;9269;4846;9114;4853;3325;3383;3384;8221;8263;4854;9106;4857;3382";4803 - Aşağıdaki lisans programlarından birinden mezun olmak. | 8196 - Gıda Bilimi ve Teknolojisi | 4825 - Aşağıdaki lisans programlarından birinden mezun olmak. | 5135 - Ziraat Mühendisliği | 4831 - Aşağıdaki lisans programlarından birinden mezun olmak. | 3202 - Hayvansal Üretim | 8258 - Süt Teknolojisi | 8289 - Zootekni / Zooteknik | 4845 - Aşağıdaki lisans programlarından birinden mezun olmak. | 3385 - Tarla Bitkileri | 3386 - Toprak | 4212 - Bahçe ve Tarla Bitkileri | 6131 - Bitkisel Üretim | 8147 - Bahçe Bitkileri | 8158 - Bitki Koruma | 9048 - Toprak Bilimi ve Bitki Besleme | 9269 - Bitkisel Üretim ve Teknolojileri | 4846 - Aşağıdaki lisans programlarından birinden mezun olmak. | 9114 - Biyosistem Mühendisliği | 4853 - Aşağıdaki lisans programlarından birinden mezun olmak. | 3325 - Tarım Teknolojisi | 3383 - Tarım Makineleri | 3384 - Tarımsal Yapılar ve Sulama | 8221 - Kültürteknik | 8263 - Tarımsal Mekanizasyon | 4854 - Aşağıdaki lisans programlarından birinden mezun olmak. | 9106 - Tarımsal Biyoteknoloji | 4857 - Aşağıdaki lisans programlarından birinden mezun olmak. | 3382 - Tarım Ekonomisi;fc2b39c6-c20a-e611-80c6-a0369f7d1486
2016;4;901800039;Gıda, Tarım ve Hayvancılık Bakanlığı;Veteriner Hekim;Afyonkarahisar;Lisans;1;;81.126;81.126;"4607;6373";4607 - Aşağıdaki lisans programlarından birinden mezun olmak. | 6373 - Veteriner;202939c6-c20a-e611-80c6-a0369f7d1486
2016;4;901801325;Gıda, Tarım ve Hayvancılık Bakanlığı;Mühendis;Rize;Lisans;1;;81.111;81.111;"4818;8337;4819;3320";4818 - Aşağıdaki lisans programlarından birinden mezun olmak. | 8337 - Su Ürünleri Mühendisliği | 4819 - Aşağıdaki lisans programlarından birinden mezun olmak. | 3320 - Su Ürünleri;6b2b39c6-c20a-e611-80c6-a0369f7d1486
2016;4;901800179;Gıda, Tarım ve Hayvancılık Bakanlığı;Mühendis;Artvin;Lisans;1;;81.073;81.073;"4803;8196;4825;5135;4831;3202;8258;8289;4845;3385;3386;4212;6131;8147;8158;9048;9269;4846;9114;4853;3325;3383;3384;8221;8263;4854;9106;4857;3382";4803 - Aşağıdaki lisans programlarından birinden mezun olmak. | 8196 - Gıda Bilimi ve Teknolojisi | 4825 - Aşağıdaki lisans programlarından birinden mezun olmak. | 5135 - Ziraat Mühendisliği | 4831 - Aşağıdaki lisans programlarından birinden mezun olmak. | 3202 - Hayvansal Üretim | 8258 - Süt Teknolojisi | 8289 - Zootekni / Zooteknik | 4845 - Aşağıdaki lisans programlarından birinden mezun olmak. | 3385 - Tarla Bitkileri | 3386 - Toprak | 4212 - Bahçe ve Tarla Bitkileri | 6131 - Bitkisel Üretim | 8147 - Bahçe Bitkileri | 8158 - Bitki Koruma | 9048 - Toprak Bilimi ve Bitki Besleme | 9269 - Bitkisel Üretim ve Teknolojileri | 4846 - Aşağıdaki lisans programlarından birinden mezun olmak. | 9114 - Biyosistem Mühendisliği | 4853 - Aşağıdaki lisans programlarından birinden mezun olmak. | 3325 - Tarım Teknolojisi | 3383 - Tarım Makineleri | 3384 - Tarımsal Yapılar ve Sulama | 8221 - Kültürteknik | 8263 - Tarımsal Mekanizasyon | 4854 - Aşağıdaki lisans programlarından birinden mezun olmak. | 9106 - Tarımsal Biyoteknoloji | 4857 - Aşağıdaki lisans programlarından birinden mezun olmak. | 3382 - Tarım Ekonomisi;572939c6-c20a-e611-80c6-a0369f7d1486
2016;4;901801577;Gıda, Tarım ve Hayvancılık Bakanlığı;Mühendis;Trabzon;Lisans;1;;81.049;81.049;"4818;8337;4819;3320";4818 - Aşağıdaki lisans programlarından birinden mezun olmak. | 8337 - Su Ürünleri Mühendisliği | 4819 - Aşağıdaki lisans programlarından birinden mezun olmak. | 3320 - Su Ürünleri;bf2b39c6-c20a-e611-80c6-a0369f7d1486
2016;4;901800569;Gıda, Tarım ve Hayvancılık Bakanlığı;Mühendis;Gaziantep;Lisans;2;;81.014;83.368;"4803;8196;4825;5135;4831;3202;8258;8289;4845;3385;3386;4212;6131;8147;8158;9048;9269;4846;9114;4853;3325;3383;3384;8221;8263;4854;9106;4857;3382";4803 - Aşağıdaki lisans programlarından birinden mezun olmak. | 8196 - Gıda Bilimi ve Teknolojisi | 4825 - Aşağıdaki lisans programlarından birinden mezun olmak. | 5135 - Ziraat Mühendisliği | 4831 - Aşağıdaki lisans programlarından birinden mezun olmak. | 3202 - Hayvansal Üretim | 8258 - Süt Teknolojisi | 8289 - Zootekni / Zooteknik | 4845 - Aşağıdaki lisans programlarından birinden mezun olmak. | 3385 - Tarla Bitkileri | 3386 - Toprak | 4212 - Bahçe ve Tarla Bitkileri | 6131 - Bitkisel Üretim | 8147 - Bahçe Bitkileri | 8158 - Bitki Koruma | 9048 - Toprak Bilimi ve Bitki Besleme | 9269 - Bitkisel Üretim ve Teknolojileri | 4846 - Aşağıdaki lisans programlarından birinden mezun olmak. | 9114 - Biyosistem Mühendisliği | 4853 - Aşağıdaki lisans programlarından birinden mezun olmak. | 3325 - Tarım Teknolojisi | 3383 - Tarım Makineleri | 3384 - Tarımsal Yapılar ve Sulama | 8221 - Kültürteknik | 8263 - Tarımsal Mekanizasyon | 4854 - Aşağıdaki lisans programlarından birinden mezun olmak. | 9106 - Tarımsal Biyoteknoloji | 4857 - Aşağıdaki lisans programlarından birinden mezun olmak. | 3382 - Tarım Ekonomisi;0a2a39c6-c20a-e611-80c6-a0369f7d1486
2016;4;901801121;Gıda, Tarım ve Hayvancılık Bakanlığı;Mühendis;Kütahya;Lisans;2;;81.003;81.113;"4803;8196;4825;5135;4831;3202;8258;8289;4845;3385;3386;4212;6131;8147;8158;9048;9269;4846;9114;4853;3325;3383;3384;8221;8263;4854;9106;4857;3382";4803 - Aşağıdaki lisans programlarından birinden mezun olmak. | 8196 - Gıda Bilimi ve Teknolojisi | 4825 - Aşağıdaki lisans programlarından birinden mezun olmak. | 5135 - Ziraat Mühendisliği | 4831 - Aşağıdaki lisans programlarından birinden mezun olmak. | 3202 - Hayvansal Üretim | 8258 - Süt Teknolojisi | 8289 - Zootekni / Zooteknik | 4845 - Aşağıdaki lisans programlarından birinden mezun olmak. | 3385 - Tarla Bitkileri | 3386 - Toprak | 4212 - Bahçe ve Tarla Bitkileri | 6131 - Bitkisel Üretim | 8147 - Bahçe Bitkileri | 8158 - Bitki Koruma | 9048 - Toprak Bilimi ve Bitki Besleme | 9269 - Bitkisel Üretim ve Teknolojileri | 4846 - Aşağıdaki lisans programlarından birinden mezun olmak. | 9114 - Biyosistem Mühendisliği | 4853 - Aşağıdaki lisans programlarından birinden mezun olmak. | 3325 - Tarım Teknolojisi | 3383 - Tarım Makineleri | 3384 - Tarımsal Yapılar ve Sulama | 8221 - Kültürteknik | 8263 - Tarımsal Mekanizasyon | 4854 - Aşağıdaki lisans programlarından birinden mezun olmak. | 9106 - Tarımsal Biyoteknoloji | 4857 - Aşağıdaki lisans programlarından birinden mezun olmak. | 3382 - Tarım Ekonomisi;fd2a39c6-c20a-e611-80c6-a0369f7d1486
2016;4;901800639;Gıda, Tarım ve Hayvancılık Bakanlığı;Mühendis;Gümüşhane;Lisans;1;;80.992;80.992;"4818;8337;4819;3320";4818 - Aşağıdaki lisans programlarından birinden mezun olmak. | 8337 - Su Ürünleri Mühendisliği | 4819 - Aşağıdaki lisans programlarından birinden mezun olmak. | 3320 - Su Ürünleri;2d2a39c6-c20a-e611-80c6-a0369f7d1486
2016;4;901801025;Gıda, Tarım ve Hayvancılık Bakanlığı;Mühendis;Kilis;Lisans;1;;80.972;80.972;"4818;8337;4819;3320";4818 - Aşağıdaki lisans programlarından birinden mezun olmak. | 8337 - Su Ürünleri Mühendisliği | 4819 - Aşağıdaki lisans programlarından birinden mezun olmak. | 3320 - Su Ürünleri;502c39c6-c20a-e611-80c6-a0369f7d1486
2016;4;901801291;Gıda, Tarım ve Hayvancılık Bakanlığı;Mühendis;Ordu;Lisans;1;;80.97;80.97;"4803;8196;4825;5135;4831;3202;8258;8289;4845;3385;3386;4212;6131;8147;8158;9048;9269;4846;9114;4853;3325;3383;3384;8221;8263;4854;9106;4857;3382";4803 - Aşağıdaki lisans programlarından birinden mezun olmak. | 8196 - Gıda Bilimi ve Teknolojisi | 4825 - Aşağıdaki lisans programlarından birinden mezun olmak. | 5135 - Ziraat Mühendisliği | 4831 - Aşağıdaki lisans programlarından birinden mezun olmak. | 3202 - Hayvansal Üretim | 8258 - Süt Teknolojisi | 8289 - Zootekni / Zooteknik | 4845 - Aşağıdaki lisans programlarından birinden mezun olmak. | 3385 - Tarla Bitkileri | 3386 - Toprak | 4212 - Bahçe ve Tarla Bitkileri | 6131 - Bitkisel Üretim | 8147 - Bahçe Bitkileri | 8158 - Bitki Koruma | 9048 - Toprak Bilimi ve Bitki Besleme | 9269 - Bitkisel Üretim ve Teknolojileri | 4846 - Aşağıdaki lisans programlarından birinden mezun olmak. | 9114 - Biyosistem Mühendisliği | 4853 - Aşağıdaki lisans programlarından birinden mezun olmak. | 3325 - Tarım Teknolojisi | 3383 - Tarım Makineleri | 3384 - Tarımsal Yapılar ve Sulama | 8221 - Kültürteknik | 8263 - Tarımsal Mekanizasyon | 4854 - Aşağıdaki lisans programlarından birinden mezun olmak. | 9106 - Tarımsal Biyoteknoloji | 4857 - Aşağıdaki lisans programlarından birinden mezun olmak. | 3382 - Tarım Ekonomisi;5c2b39c6-c20a-e611-80c6-a0369f7d1486
2016;4;901800601;Gıda, Tarım ve Hayvancılık Bakanlığı;Mühendis;Giresun;Lisans;1;;80.965;80.965;"4818;8337;4819;3320";4818 - Aşağıdaki lisans programlarından birinden mezun olmak. | 8337 - Su Ürünleri Mühendisliği | 4819 - Aşağıdaki lisans programlarından birinden mezun olmak. | 3320 - Su Ürünleri;1a2a39c6-c20a-e611-80c6-a0369f7d1486
2016;4;901801641;Gıda, Tarım ve Hayvancılık Bakanlığı;Mühendis;Yozgat;Lisans;2;;80.963;81.164;"4803;8196;4825;5135;4831;3202;8258;8289;4845;3385;3386;4212;6131;8147;8158;9048;9269;4846;9114;4853;3325;3383;3384;8221;8263;4854;9106;4857;3382";4803 - Aşağıdaki lisans programlarından birinden mezun olmak. | 8196 - Gıda Bilimi ve Teknolojisi | 4825 - Aşağıdaki lisans programlarından birinden mezun olmak. | 5135 - Ziraat Mühendisliği | 4831 - Aşağıdaki lisans programlarından birinden mezun olmak. | 3202 - Hayvansal Üretim | 8258 - Süt Teknolojisi | 8289 - Zootekni / Zooteknik | 4845 - Aşağıdaki lisans programlarından birinden mezun olmak. | 3385 - Tarla Bitkileri | 3386 - Toprak | 4212 - Bahçe ve Tarla Bitkileri | 6131 - Bitkisel Üretim | 8147 - Bahçe Bitkileri | 8158 - Bitki Koruma | 9048 - Toprak Bilimi ve Bitki Besleme | 9269 - Bitkisel Üretim ve Teknolojileri | 4846 - Aşağıdaki lisans programlarından birinden mezun olmak. | 9114 - Biyosistem Mühendisliği | 4853 - Aşağıdaki lisans programlarından birinden mezun olmak. | 3325 - Tarım Teknolojisi | 3383 - Tarım Makineleri | 3384 - Tarımsal Yapılar ve Sulama | 8221 - Kültürteknik | 8263 - Tarımsal Mekanizasyon | 4854 - Aşağıdaki lisans programlarından birinden mezun olmak. | 9106 - Tarımsal Biyoteknoloji | 4857 - Aşağıdaki lisans programlarından birinden mezun olmak. | 3382 - Tarım Ekonomisi;f92b39c6-c20a-e611-80c6-a0369f7d1486
2016;4;901801097;Gıda, Tarım ve Hayvancılık Bakanlığı;Mühendis;Konya;Lisans;5;;80.954;81.722;"4803;8196;4825;5135;4831;3202;8258;8289;4845;3385;3386;4212;6131;8147;8158;9048;9269;4846;9114;4853;3325;3383;3384;8221;8263;4854;9106;4857;3382";4803 - Aşağıdaki lisans programlarından birinden mezun olmak. | 8196 - Gıda Bilimi ve Teknolojisi | 4825 - Aşağıdaki lisans programlarından birinden mezun olmak. | 5135 - Ziraat Mühendisliği | 4831 - Aşağıdaki lisans programlarından birinden mezun olmak. | 3202 - Hayvansal Üretim | 8258 - Süt Teknolojisi | 8289 - Zootekni / Zooteknik | 4845 - Aşağıdaki lisans programlarından birinden mezun olmak. | 3385 - Tarla Bitkileri | 3386 - Toprak | 4212 - Bahçe ve Tarla Bitkileri | 6131 - Bitkisel Üretim | 8147 - Bahçe Bitkileri | 8158 - Bitki Koruma | 9048 - Toprak Bilimi ve Bitki Besleme | 9269 - Bitkisel Üretim ve Teknolojileri | 4846 - Aşağıdaki lisans programlarından birinden mezun olmak. | 9114 - Biyosistem Mühendisliği | 4853 - Aşağıdaki lisans programlarından birinden mezun olmak. | 3325 - Tarım Teknolojisi | 3383 - Tarım Makineleri | 3384 - Tarımsal Yapılar ve Sulama | 8221 - Kültürteknik | 8263 - Tarımsal Mekanizasyon | 4854 - Aşağıdaki lisans programlarından birinden mezun olmak. | 9106 - Tarımsal Biyoteknoloji | 4857 - Aşağıdaki lisans programlarından birinden mezun olmak. | 3382 - Tarım Ekonomisi;f12a39c6-c20a-e611-80c6-a0369f7d1486
2016;4;901800163;Gıda, Tarım ve Hayvancılık Bakanlığı;Mühendis;Artvin;Lisans;1;;80.941;80.941;"4818;8337;4819;3320";4818 - Aşağıdaki lisans programlarından birinden mezun olmak. | 8337 - Su Ürünleri Mühendisliği | 4819 - Aşağıdaki lisans programlarından birinden mezun olmak. | 3320 - Su Ürünleri;4f2939c6-c20a-e611-80c6-a0369f7d1486
2016;4;901801663;Gıda, Tarım ve Hayvancılık Bakanlığı;Mühendis;Yozgat;Lisans;2;;80.913;81.313;"4803;8196;4825;5135;4831;3202;8258;8289;4845;3385;3386;4212;6131;8147;8158;9048;9269;4846;9114;4853;3325;3383;3384;8221;8263;4854;9106;4857;3382";4803 - Aşağıdaki lisans programlarından birinden mezun olmak. | 8196 - Gıda Bilimi ve Teknolojisi | 4825 - Aşağıdaki lisans programlarından birinden mezun olmak. | 5135 - Ziraat Mühendisliği | 4831 - Aşağıdaki lisans programlarından birinden mezun olmak. | 3202 - Hayvansal Üretim | 8258 - Süt Teknolojisi | 8289 - Zootekni / Zooteknik | 4845 - Aşağıdaki lisans programlarından birinden mezun olmak. | 3385 - Tarla Bitkileri | 3386 - Toprak | 4212 - Bahçe ve Tarla Bitkileri | 6131 - Bitkisel Üretim | 8147 - Bahçe Bitkileri | 8158 - Bitki Koruma | 9048 - Toprak Bilimi ve Bitki Besleme | 9269 - Bitkisel Üretim ve Teknolojileri | 4846 - Aşağıdaki lisans programlarından birinden mezun olmak. | 9114 - Biyosistem Mühendisliği | 4853 - Aşağıdaki lisans programlarından birinden mezun olmak. | 3325 - Tarım Teknolojisi | 3383 - Tarım Makineleri | 3384 - Tarımsal Yapılar ve Sulama | 8221 - Kültürteknik | 8263 - Tarımsal Mekanizasyon | 4854 - Aşağıdaki lisans programlarından birinden mezun olmak. | 9106 - Tarımsal Biyoteknoloji | 4857 - Aşağıdaki lisans programlarından birinden mezun olmak. | 3382 - Tarım Ekonomisi;042c39c6-c20a-e611-80c6-a0369f7d1486
2016;4;901801557;Gıda, Tarım ve Hayvancılık Bakanlığı;Mühendis;Tokat;Lisans;2;;80.897;81.326;"4818;8337;4819;3320";4818 - Aşağıdaki lisans programlarından birinden mezun olmak. | 8337 - Su Ürünleri Mühendisliği | 4819 - Aşağıdaki lisans programlarından birinden mezun olmak. | 3320 - Su Ürünleri;b52b39c6-c20a-e611-80c6-a0369f7d1486
2016;4;901801299;Gıda, Tarım ve Hayvancılık Bakanlığı;Mühendis;Ordu;Lisans;1;;80.884;80.884;"4803;8196;4825;5135;4831;3202;8258;8289;4845;3385;3386;4212;6131;8147;8158;9048;9269;4846;9114;4853;3325;3383;3384;8221;8263;4854;9106;4857;3382";4803 - Aşağıdaki lisans programlarından birinden mezun olmak. | 8196 - Gıda Bilimi ve Teknolojisi | 4825 - Aşağıdaki lisans programlarından birinden mezun olmak. | 5135 - Ziraat Mühendisliği | 4831 - Aşağıdaki lisans programlarından birinden mezun olmak. | 3202 - Hayvansal Üretim | 8258 - Süt Teknolojisi | 8289 - Zootekni / Zooteknik | 4845 - Aşağıdaki lisans programlarından birinden mezun olmak. | 3385 - Tarla Bitkileri | 3386 - Toprak | 4212 - Bahçe ve Tarla Bitkileri | 6131 - Bitkisel Üretim | 8147 - Bahçe Bitkileri | 8158 - Bitki Koruma | 9048 - Toprak Bilimi ve Bitki Besleme | 9269 - Bitkisel Üretim ve Teknolojileri | 4846 - Aşağıdaki lisans programlarından birinden mezun olmak. | 9114 - Biyosistem Mühendisliği | 4853 - Aşağıdaki lisans programlarından birinden mezun olmak. | 3325 - Tarım Teknolojisi | 3383 - Tarım Makineleri | 3384 - Tarımsal Yapılar ve Sulama | 8221 - Kültürteknik | 8263 - Tarımsal Mekanizasyon | 4854 - Aşağıdaki lisans programlarından birinden mezun olmak. | 9106 - Tarımsal Biyoteknoloji | 4857 - Aşağıdaki lisans programlarından birinden mezun olmak. | 3382 - Tarım Ekonomisi;602b39c6-c20a-e611-80c6-a0369f7d1486
2016;4;901801669;Gıda, Tarım ve Hayvancılık Bakanlığı;Mühendis;Yozgat;Lisans;1;;80.862;80.862;"4803;8196;4825;5135;4831;3202;8258;8289;4845;3385;3386;4212;6131;8147;8158;9048;9269;4846;9114;4853;3325;3383;3384;8221;8263;4854;9106;4857;3382";4803 - Aşağıdaki lisans programlarından birinden mezun olmak. | 8196 - Gıda Bilimi ve Teknolojisi | 4825 - Aşağıdaki lisans programlarından birinden mezun olmak. | 5135 - Ziraat Mühendisliği | 4831 - Aşağıdaki lisans programlarından birinden mezun olmak. | 3202 - Hayvansal Üretim | 8258 - Süt Teknolojisi | 8289 - Zootekni / Zooteknik | 4845 - Aşağıdaki lisans programlarından birinden mezun olmak. | 3385 - Tarla Bitkileri | 3386 - Toprak | 4212 - Bahçe ve Tarla Bitkileri | 6131 - Bitkisel Üretim | 8147 - Bahçe Bitkileri | 8158 - Bitki Koruma | 9048 - Toprak Bilimi ve Bitki Besleme | 9269 - Bitkisel Üretim ve Teknolojileri | 4846 - Aşağıdaki lisans programlarından birinden mezun olmak. | 9114 - Biyosistem Mühendisliği | 4853 - Aşağıdaki lisans programlarından birinden mezun olmak. | 3325 - Tarım Teknolojisi | 3383 - Tarım Makineleri | 3384 - Tarımsal Yapılar ve Sulama | 8221 - Kültürteknik | 8263 - Tarımsal Mekanizasyon | 4854 - Aşağıdaki lisans programlarından birinden mezun olmak. | 9106 - Tarımsal Biyoteknoloji | 4857 - Aşağıdaki lisans programlarından birinden mezun olmak. | 3382 - Tarım Ekonomisi;072c39c6-c20a-e611-80c6-a0369f7d1486
2016;4;901801423;Gıda, Tarım ve Hayvancılık Bakanlığı;Mühendis;Sivas;Lisans;1;;80.84;80.84;"4818;8337;4819;3320";4818 - Aşağıdaki lisans programlarından birinden mezun olmak. | 8337 - Su Ürünleri Mühendisliği | 4819 - Aşağıdaki lisans programlarından birinden mezun olmak. | 3320 - Su Ürünleri;9c2b39c6-c20a-e611-80c6-a0369f7d1486
2016;4;901800701;Gıda, Tarım ve Hayvancılık Bakanlığı;Mühendis;Isparta;Lisans;1;;80.831;80.831;"4863;3116";4863 - Aşağıdaki lisans programlarından birinden mezun olmak. | 3116 - Balıkçılık Teknolojisi Mühendisliği;432a39c6-c20a-e611-80c6-a0369f7d1486
2016;4;901801601;Gıda, Tarım ve Hayvancılık Bakanlığı;Mühendis;Van;Lisans;1;;80.82;80.82;"4818;8337;4819;3320";4818 - Aşağıdaki lisans programlarından birinden mezun olmak. | 8337 - Su Ürünleri Mühendisliği | 4819 - Aşağıdaki lisans programlarından birinden mezun olmak. | 3320 - Su Ürünleri;e72b39c6-c20a-e611-80c6-a0369f7d1486
2016;4;901801659;Gıda, Tarım ve Hayvancılık Bakanlığı;Mühendis;Yozgat;Lisans;1;;80.818;80.818;"4803;8196;4825;5135;4831;3202;8258;8289;4845;3385;3386;4212;6131;8147;8158;9048;9269;4846;9114;4853;3325;3383;3384;8221;8263;4854;9106;4857;3382";4803 - Aşağıdaki lisans programlarından birinden mezun olmak. | 8196 - Gıda Bilimi ve Teknolojisi | 4825 - Aşağıdaki lisans programlarından birinden mezun olmak. | 5135 - Ziraat Mühendisliği | 4831 - Aşağıdaki lisans programlarından birinden mezun olmak. | 3202 - Hayvansal Üretim | 8258 - Süt Teknolojisi | 8289 - Zootekni / Zooteknik | 4845 - Aşağıdaki lisans programlarından birinden mezun olmak. | 3385 - Tarla Bitkileri | 3386 - Toprak | 4212 - Bahçe ve Tarla Bitkileri | 6131 - Bitkisel Üretim | 8147 - Bahçe Bitkileri | 8158 - Bitki Koruma | 9048 - Toprak Bilimi ve Bitki Besleme | 9269 - Bitkisel Üretim ve Teknolojileri | 4846 - Aşağıdaki lisans programlarından birinden mezun olmak. | 9114 - Biyosistem Mühendisliği | 4853 - Aşağıdaki lisans programlarından birinden mezun olmak. | 3325 - Tarım Teknolojisi | 3383 - Tarım Makineleri | 3384 - Tarımsal Yapılar ve Sulama | 8221 - Kültürteknik | 8263 - Tarımsal Mekanizasyon | 4854 - Aşağıdaki lisans programlarından birinden mezun olmak. | 9106 - Tarımsal Biyoteknoloji | 4857 - Aşağıdaki lisans programlarından birinden mezun olmak. | 3382 - Tarım Ekonomisi;022c39c6-c20a-e611-80c6-a0369f7d1486
2016;4;901801133;Gıda, Tarım ve Hayvancılık Bakanlığı;Mühendis;Malatya;Lisans;1;;80.809;80.809;"4803;8196;4825;5135;4831;3202;8258;8289;4845;3385;3386;4212;6131;8147;8158;9048;9269;4846;9114;4853;3325;3383;3384;8221;8263;4854;9106;4857;3382";4803 - Aşağıdaki lisans programlarından birinden mezun olmak. | 8196 - Gıda Bilimi ve Teknolojisi | 4825 - Aşağıdaki lisans programlarından birinden mezun olmak. | 5135 - Ziraat Mühendisliği | 4831 - Aşağıdaki lisans programlarından birinden mezun olmak. | 3202 - Hayvansal Üretim | 8258 - Süt Teknolojisi | 8289 - Zootekni / Zooteknik | 4845 - Aşağıdaki lisans programlarından birinden mezun olmak. | 3385 - Tarla Bitkileri | 3386 - Toprak | 4212 - Bahçe ve Tarla Bitkileri | 6131 - Bitkisel Üretim | 8147 - Bahçe Bitkileri | 8158 - Bitki Koruma | 9048 - Toprak Bilimi ve Bitki Besleme | 9269 - Bitkisel Üretim ve Teknolojileri | 4846 - Aşağıdaki lisans programlarından birinden mezun olmak. | 9114 - Biyosistem Mühendisliği | 4853 - Aşağıdaki lisans programlarından birinden mezun olmak. | 3325 - Tarım Teknolojisi | 3383 - Tarım Makineleri | 3384 - Tarımsal Yapılar ve Sulama | 8221 - Kültürteknik | 8263 - Tarımsal Mekanizasyon | 4854 - Aşağıdaki lisans programlarından birinden mezun olmak. | 9106 - Tarımsal Biyoteknoloji | 4857 - Aşağıdaki lisans programlarından birinden mezun olmak. | 3382 - Tarım Ekonomisi;032b39c6-c20a-e611-80c6-a0369f7d1486
2016;4;901800611;Gıda, Tarım ve Hayvancılık Bakanlığı;Mühendis;Giresun;Lisans;1;;80.781;80.781;"4803;8196;4825;5135;4831;3202;8258;8289;4845;3385;3386;4212;6131;8147;8158;9048;9269;4846;9114;4853;3325;3383;3384;8221;8263;4854;9106;4857;3382";4803 - Aşağıdaki lisans programlarından birinden mezun olmak. | 8196 - Gıda Bilimi ve Teknolojisi | 4825 - Aşağıdaki lisans programlarından birinden mezun olmak. | 5135 - Ziraat Mühendisliği | 4831 - Aşağıdaki lisans programlarından birinden mezun olmak. | 3202 - Hayvansal Üretim | 8258 - Süt Teknolojisi | 8289 - Zootekni / Zooteknik | 4845 - Aşağıdaki lisans programlarından birinden mezun olmak. | 3385 - Tarla Bitkileri | 3386 - Toprak | 4212 - Bahçe ve Tarla Bitkileri | 6131 - Bitkisel Üretim | 8147 - Bahçe Bitkileri | 8158 - Bitki Koruma | 9048 - Toprak Bilimi ve Bitki Besleme | 9269 - Bitkisel Üretim ve Teknolojileri | 4846 - Aşağıdaki lisans programlarından birinden mezun olmak. | 9114 - Biyosistem Mühendisliği | 4853 - Aşağıdaki lisans programlarından birinden mezun olmak. | 3325 - Tarım Teknolojisi | 3383 - Tarım Makineleri | 3384 - Tarımsal Yapılar ve Sulama | 8221 - Kültürteknik | 8263 - Tarımsal Mekanizasyon | 4854 - Aşağıdaki lisans programlarından birinden mezun olmak. | 9106 - Tarımsal Biyoteknoloji | 4857 - Aşağıdaki lisans programlarından birinden mezun olmak. | 3382 - Tarım Ekonomisi;1f2a39c6-c20a-e611-80c6-a0369f7d1486
2016;4;901801073;Gıda, Tarım ve Hayvancılık Bakanlığı;Mühendis;Konya;Lisans;1;;80.726;80.726;"4803;8196;4825;5135;4831;3202;8258;8289;4845;3385;3386;4212;6131;8147;8158;9048;9269;4846;9114;4853;3325;3383;3384;8221;8263;4854;9106;4857;3382";4803 - Aşağıdaki lisans programlarından birinden mezun olmak. | 8196 - Gıda Bilimi ve Teknolojisi | 4825 - Aşağıdaki lisans programlarından birinden mezun olmak. | 5135 - Ziraat Mühendisliği | 4831 - Aşağıdaki lisans programlarından birinden mezun olmak. | 3202 - Hayvansal Üretim | 8258 - Süt Teknolojisi | 8289 - Zootekni / Zooteknik | 4845 - Aşağıdaki lisans programlarından birinden mezun olmak. | 3385 - Tarla Bitkileri | 3386 - Toprak | 4212 - Bahçe ve Tarla Bitkileri | 6131 - Bitkisel Üretim | 8147 - Bahçe Bitkileri | 8158 - Bitki Koruma | 9048 - Toprak Bilimi ve Bitki Besleme | 9269 - Bitkisel Üretim ve Teknolojileri | 4846 - Aşağıdaki lisans programlarından birinden mezun olmak. | 9114 - Biyosistem Mühendisliği | 4853 - Aşağıdaki lisans programlarından birinden mezun olmak. | 3325 - Tarım Teknolojisi | 3383 - Tarım Makineleri | 3384 - Tarımsal Yapılar ve Sulama | 8221 - Kültürteknik | 8263 - Tarımsal Mekanizasyon | 4854 - Aşağıdaki lisans programlarından birinden mezun olmak. | 9106 - Tarımsal Biyoteknoloji | 4857 - Aşağıdaki lisans programlarından birinden mezun olmak. | 3382 - Tarım Ekonomisi;e52a39c6-c20a-e611-80c6-a0369f7d1486
2016;4;901801439;Gıda, Tarım ve Hayvancılık Bakanlığı;Mühendis;Sivas;Lisans;1;;80.726;80.726;"4818;8337;4819;3320";4818 - Aşağıdaki lisans programlarından birinden mezun olmak. | 8337 - Su Ürünleri Mühendisliği | 4819 - Aşağıdaki lisans programlarından birinden mezun olmak. | 3320 - Su Ürünleri;a42b39c6-c20a-e611-80c6-a0369f7d1486
2016;4;901801673;Gıda, Tarım ve Hayvancılık Bakanlığı;Veteriner Hekim;Zonguldak;Lisans;3;;80.723;81.894;"4607;6373";4607 - Aşağıdaki lisans programlarından birinden mezun olmak. | 6373 - Veteriner;092c39c6-c20a-e611-80c6-a0369f7d1486
2016;4;901800617;Gıda, Tarım ve Hayvancılık Bakanlığı;Mühendis;Giresun;Lisans;2;;80.699;83.1;"4803;8196;4825;5135;4831;3202;8258;8289;4845;3385;3386;4212;6131;8147;8158;9048;9269;4846;9114;4853;3325;3383;3384;8221;8263;4854;9106;4857;3382";4803 - Aşağıdaki lisans programlarından birinden mezun olmak. | 8196 - Gıda Bilimi ve Teknolojisi | 4825 - Aşağıdaki lisans programlarından birinden mezun olmak. | 5135 - Ziraat Mühendisliği | 4831 - Aşağıdaki lisans programlarından birinden mezun olmak. | 3202 - Hayvansal Üretim | 8258 - Süt Teknolojisi | 8289 - Zootekni / Zooteknik | 4845 - Aşağıdaki lisans programlarından birinden mezun olmak. | 3385 - Tarla Bitkileri | 3386 - Toprak | 4212 - Bahçe ve Tarla Bitkileri | 6131 - Bitkisel Üretim | 8147 - Bahçe Bitkileri | 8158 - Bitki Koruma | 9048 - Toprak Bilimi ve Bitki Besleme | 9269 - Bitkisel Üretim ve Teknolojileri | 4846 - Aşağıdaki lisans programlarından birinden mezun olmak. | 9114 - Biyosistem Mühendisliği | 4853 - Aşağıdaki lisans programlarından birinden mezun olmak. | 3325 - Tarım Teknolojisi | 3383 - Tarım Makineleri | 3384 - Tarımsal Yapılar ve Sulama | 8221 - Kültürteknik | 8263 - Tarımsal Mekanizasyon | 4854 - Aşağıdaki lisans programlarından birinden mezun olmak. | 9106 - Tarımsal Biyoteknoloji | 4857 - Aşağıdaki lisans programlarından birinden mezun olmak. | 3382 - Tarım Ekonomisi;222a39c6-c20a-e611-80c6-a0369f7d1486
2016;4;901801107;Gıda, Tarım ve Hayvancılık Bakanlığı;Veteriner Hekim;Kütahya;Lisans;1;;80.697;80.697;"4607;6373";4607 - Aşağıdaki lisans programlarından birinden mezun olmak. | 6373 - Veteriner;f62a39c6-c20a-e611-80c6-a0369f7d1486
2016;4;901801645;Gıda, Tarım ve Hayvancılık Bakanlığı;Mühendis;Yozgat;Lisans;2;;80.662;82.926;"4803;8196;4825;5135;4831;3202;8258;8289;4845;3385;3386;4212;6131;8147;8158;9048;9269;4846;9114;4853;3325;3383;3384;8221;8263;4854;9106;4857;3382";4803 - Aşağıdaki lisans programlarından birinden mezun olmak. | 8196 - Gıda Bilimi ve Teknolojisi | 4825 - Aşağıdaki lisans programlarından birinden mezun olmak. | 5135 - Ziraat Mühendisliği | 4831 - Aşağıdaki lisans programlarından birinden mezun olmak. | 3202 - Hayvansal Üretim | 8258 - Süt Teknolojisi | 8289 - Zootekni / Zooteknik | 4845 - Aşağıdaki lisans programlarından birinden mezun olmak. | 3385 - Tarla Bitkileri | 3386 - Toprak | 4212 - Bahçe ve Tarla Bitkileri | 6131 - Bitkisel Üretim | 8147 - Bahçe Bitkileri | 8158 - Bitki Koruma | 9048 - Toprak Bilimi ve Bitki Besleme | 9269 - Bitkisel Üretim ve Teknolojileri | 4846 - Aşağıdaki lisans programlarından birinden mezun olmak. | 9114 - Biyosistem Mühendisliği | 4853 - Aşağıdaki lisans programlarından birinden mezun olmak. | 3325 - Tarım Teknolojisi | 3383 - Tarım Makineleri | 3384 - Tarımsal Yapılar ve Sulama | 8221 - Kültürteknik | 8263 - Tarımsal Mekanizasyon | 4854 - Aşağıdaki lisans programlarından birinden mezun olmak. | 9106 - Tarımsal Biyoteknoloji | 4857 - Aşağıdaki lisans programlarından birinden mezun olmak. | 3382 - Tarım Ekonomisi;fb2b39c6-c20a-e611-80c6-a0369f7d1486
2016;4;901800955;Gıda, Tarım ve Hayvancılık Bakanlığı;Mühendis;Kastamonu;Lisans;1;;80.66;80.66;"4803;8196;4825;5135;4831;3202;8258;8289;4845;3385;3386;4212;6131;8147;8158;9048;9269;4846;9114;4853;3325;3383;3384;8221;8263;4854;9106;4857;3382";4803 - Aşağıdaki lisans programlarından birinden mezun olmak. | 8196 - Gıda Bilimi ve Teknolojisi | 4825 - Aşağıdaki lisans programlarından birinden mezun olmak. | 5135 - Ziraat Mühendisliği | 4831 - Aşağıdaki lisans programlarından birinden mezun olmak. | 3202 - Hayvansal Üretim | 8258 - Süt Teknolojisi | 8289 - Zootekni / Zooteknik | 4845 - Aşağıdaki lisans programlarından birinden mezun olmak. | 3385 - Tarla Bitkileri | 3386 - Toprak | 4212 - Bahçe ve Tarla Bitkileri | 6131 - Bitkisel Üretim | 8147 - Bahçe Bitkileri | 8158 - Bitki Koruma | 9048 - Toprak Bilimi ve Bitki Besleme | 9269 - Bitkisel Üretim ve Teknolojileri | 4846 - Aşağıdaki lisans programlarından birinden mezun olmak. | 9114 - Biyosistem Mühendisliği | 4853 - Aşağıdaki lisans programlarından birinden mezun olmak. | 3325 - Tarım Teknolojisi | 3383 - Tarım Makineleri | 3384 - Tarımsal Yapılar ve Sulama | 8221 - Kültürteknik | 8263 - Tarımsal Mekanizasyon | 4854 - Aşağıdaki lisans programlarından birinden mezun olmak. | 9106 - Tarımsal Biyoteknoloji | 4857 - Aşağıdaki lisans programlarından birinden mezun olmak. | 3382 - Tarım Ekonomisi;b02a39c6-c20a-e611-80c6-a0369f7d1486
2016;4;901800309;Gıda, Tarım ve Hayvancılık Bakanlığı;Mühendis;Bitlis;Lisans;1;;80.651;80.651;"4818;8337;4819;3320";4818 - Aşağıdaki lisans programlarından birinden mezun olmak. | 8337 - Su Ürünleri Mühendisliği | 4819 - Aşağıdaki lisans programlarından birinden mezun olmak. | 3320 - Su Ürünleri;8c2939c6-c20a-e611-80c6-a0369f7d1486
2016;4;901800623;Gıda, Tarım ve Hayvancılık Bakanlığı;Mühendis;Gümüşhane;Lisans;6;;80.642;82.063;"4803;8196;4825;5135;4831;3202;8258;8289;4845;3385;3386;4212;6131;8147;8158;9048;9269;4846;9114;4853;3325;3383;3384;8221;8263;4854;9106;4857;3382";4803 - Aşağıdaki lisans programlarından birinden mezun olmak. | 8196 - Gıda Bilimi ve Teknolojisi | 4825 - Aşağıdaki lisans programlarından birinden mezun olmak. | 5135 - Ziraat Mühendisliği | 4831 - Aşağıdaki lisans programlarından birinden mezun olmak. | 3202 - Hayvansal Üretim | 8258 - Süt Teknolojisi | 8289 - Zootekni / Zooteknik | 4845 - Aşağıdaki lisans programlarından birinden mezun olmak. | 3385 - Tarla Bitkileri | 3386 - Toprak | 4212 - Bahçe ve Tarla Bitkileri | 6131 - Bitkisel Üretim | 8147 - Bahçe Bitkileri | 8158 - Bitki Koruma | 9048 - Toprak Bilimi ve Bitki Besleme | 9269 - Bitkisel Üretim ve Teknolojileri | 4846 - Aşağıdaki lisans programlarından birinden mezun olmak. | 9114 - Biyosistem Mühendisliği | 4853 - Aşağıdaki lisans programlarından birinden mezun olmak. | 3325 - Tarım Teknolojisi | 3383 - Tarım Makineleri | 3384 - Tarımsal Yapılar ve Sulama | 8221 - Kültürteknik | 8263 - Tarımsal Mekanizasyon | 4854 - Aşağıdaki lisans programlarından birinden mezun olmak. | 9106 - Tarımsal Biyoteknoloji | 4857 - Aşağıdaki lisans programlarından birinden mezun olmak. | 3382 - Tarım Ekonomisi;252a39c6-c20a-e611-80c6-a0369f7d1486
2016;4;901801249;Gıda, Tarım ve Hayvancılık Bakanlığı;Mühendis;Muş;Lisans;1;;80.633;80.633;"4818;8337;4819;3320";4818 - Aşağıdaki lisans programlarından birinden mezun olmak. | 8337 - Su Ürünleri Mühendisliği | 4819 - Aşağıdaki lisans programlarından birinden mezun olmak. | 3320 - Su Ürünleri;472b39c6-c20a-e611-80c6-a0369f7d1486
2016;4;901800213;Gıda, Tarım ve Hayvancılık Bakanlığı;Mühendis;Balıkesir;Lisans;1;;80.618;80.618;"4863;3116";4863 - Aşağıdaki lisans programlarından birinden mezun olmak. | 3116 - Balıkçılık Teknolojisi Mühendisliği;682939c6-c20a-e611-80c6-a0369f7d1486
2016;4;901801337;Gıda, Tarım ve Hayvancılık Bakanlığı;Veteriner Hekim;Sakarya;Lisans;2;;80.611;81.021;"4607;6373";4607 - Aşağıdaki lisans programlarından birinden mezun olmak. | 6373 - Veteriner;712b39c6-c20a-e611-80c6-a0369f7d1486
2016;4;901800961;Gıda, Tarım ve Hayvancılık Bakanlığı;Veteriner Hekim;Kastamonu;Lisans;1;;80.585;80.585;"4607;6373";4607 - Aşağıdaki lisans programlarından birinden mezun olmak. | 6373 - Veteriner;b32a39c6-c20a-e611-80c6-a0369f7d1486
2016;4;901800575;Gıda, Tarım ve Hayvancılık Bakanlığı;Mühendis;Gaziantep;Lisans;2;;80.552;81.588;"4803;8196;4825;5135;4831;3202;8258;8289;4845;3385;3386;4212;6131;8147;8158;9048;9269;4846;9114;4853;3325;3383;3384;8221;8263;4854;9106;4857;3382";4803 - Aşağıdaki lisans programlarından birinden mezun olmak. | 8196 - Gıda Bilimi ve Teknolojisi | 4825 - Aşağıdaki lisans programlarından birinden mezun olmak. | 5135 - Ziraat Mühendisliği | 4831 - Aşağıdaki lisans programlarından birinden mezun olmak. | 3202 - Hayvansal Üretim | 8258 - Süt Teknolojisi | 8289 - Zootekni / Zooteknik | 4845 - Aşağıdaki lisans programlarından birinden mezun olmak. | 3385 - Tarla Bitkileri | 3386 - Toprak | 4212 - Bahçe ve Tarla Bitkileri | 6131 - Bitkisel Üretim | 8147 - Bahçe Bitkileri | 8158 - Bitki Koruma | 9048 - Toprak Bilimi ve Bitki Besleme | 9269 - Bitkisel Üretim ve Teknolojileri | 4846 - Aşağıdaki lisans programlarından birinden mezun olmak. | 9114 - Biyosistem Mühendisliği | 4853 - Aşağıdaki lisans programlarından birinden mezun olmak. | 3325 - Tarım Teknolojisi | 3383 - Tarım Makineleri | 3384 - Tarımsal Yapılar ve Sulama | 8221 - Kültürteknik | 8263 - Tarımsal Mekanizasyon | 4854 - Aşağıdaki lisans programlarından birinden mezun olmak. | 9106 - Tarımsal Biyoteknoloji | 4857 - Aşağıdaki lisans programlarından birinden mezun olmak. | 3382 - Tarım Ekonomisi;0d2a39c6-c20a-e611-80c6-a0369f7d1486
2016;4;901801027;Gıda, Tarım ve Hayvancılık Bakanlığı;Mühendis;Kilis;Lisans;2;;80.55;80.662;"4803;8196;4825;5135;4831;3202;8258;8289;4845;3385;3386;4212;6131;8147;8158;9048;9269;4846;9114;4853;3325;3383;3384;8221;8263;4854;9106;4857;3382";4803 - Aşağıdaki lisans programlarından birinden mezun olmak. | 8196 - Gıda Bilimi ve Teknolojisi | 4825 - Aşağıdaki lisans programlarından birinden mezun olmak. | 5135 - Ziraat Mühendisliği | 4831 - Aşağıdaki lisans programlarından birinden mezun olmak. | 3202 - Hayvansal Üretim | 8258 - Süt Teknolojisi | 8289 - Zootekni / Zooteknik | 4845 - Aşağıdaki lisans programlarından birinden mezun olmak. | 3385 - Tarla Bitkileri | 3386 - Toprak | 4212 - Bahçe ve Tarla Bitkileri | 6131 - Bitkisel Üretim | 8147 - Bahçe Bitkileri | 8158 - Bitki Koruma | 9048 - Toprak Bilimi ve Bitki Besleme | 9269 - Bitkisel Üretim ve Teknolojileri | 4846 - Aşağıdaki lisans programlarından birinden mezun olmak. | 9114 - Biyosistem Mühendisliği | 4853 - Aşağıdaki lisans programlarından birinden mezun olmak. | 3325 - Tarım Teknolojisi | 3383 - Tarım Makineleri | 3384 - Tarımsal Yapılar ve Sulama | 8221 - Kültürteknik | 8263 - Tarımsal Mekanizasyon | 4854 - Aşağıdaki lisans programlarından birinden mezun olmak. | 9106 - Tarımsal Biyoteknoloji | 4857 - Aşağıdaki lisans programlarından birinden mezun olmak. | 3382 - Tarım Ekonomisi;512c39c6-c20a-e611-80c6-a0369f7d1486
2016;4;901800439;Gıda, Tarım ve Hayvancılık Bakanlığı;Mühendis;Düzce;Lisans;1;;80.547;80.547;"4863;3116";4863 - Aşağıdaki lisans programlarından birinden mezun olmak. | 3116 - Balıkçılık Teknolojisi Mühendisliği;562c39c6-c20a-e611-80c6-a0369f7d1486
2016;4;901801089;Gıda, Tarım ve Hayvancılık Bakanlığı;Veteriner Hekim;Konya;Lisans;2;;80.539;81.212;"4607;6373";4607 - Aşağıdaki lisans programlarından birinden mezun olmak. | 6373 - Veteriner;ed2a39c6-c20a-e611-80c6-a0369f7d1486
2016;4;901801421;Gıda, Tarım ve Hayvancılık Bakanlığı;Mühendis;Sivas;Lisans;2;;80.521;82.794;"4803;8196;4825;5135;4831;3202;8258;8289;4845;3385;3386;4212;6131;8147;8158;9048;9269;4846;9114;4853;3325;3383;3384;8221;8263;4854;9106;4857;3382";4803 - Aşağıdaki lisans programlarından birinden mezun olmak. | 8196 - Gıda Bilimi ve Teknolojisi | 4825 - Aşağıdaki lisans programlarından birinden mezun olmak. | 5135 - Ziraat Mühendisliği | 4831 - Aşağıdaki lisans programlarından birinden mezun olmak. | 3202 - Hayvansal Üretim | 8258 - Süt Teknolojisi | 8289 - Zootekni / Zooteknik | 4845 - Aşağıdaki lisans programlarından birinden mezun olmak. | 3385 - Tarla Bitkileri | 3386 - Toprak | 4212 - Bahçe ve Tarla Bitkileri | 6131 - Bitkisel Üretim | 8147 - Bahçe Bitkileri | 8158 - Bitki Koruma | 9048 - Toprak Bilimi ve Bitki Besleme | 9269 - Bitkisel Üretim ve Teknolojileri | 4846 - Aşağıdaki lisans programlarından birinden mezun olmak. | 9114 - Biyosistem Mühendisliği | 4853 - Aşağıdaki lisans programlarından birinden mezun olmak. | 3325 - Tarım Teknolojisi | 3383 - Tarım Makineleri | 3384 - Tarımsal Yapılar ve Sulama | 8221 - Kültürteknik | 8263 - Tarımsal Mekanizasyon | 4854 - Aşağıdaki lisans programlarından birinden mezun olmak. | 9106 - Tarımsal Biyoteknoloji | 4857 - Aşağıdaki lisans programlarından birinden mezun olmak. | 3382 - Tarım Ekonomisi;9b2b39c6-c20a-e611-80c6-a0369f7d1486
2016;4;901801139;Gıda, Tarım ve Hayvancılık Bakanlığı;Mühendis;Malatya;Lisans;2;;80.512;80.613;"4803;8196;4825;5135;4831;3202;8258;8289;4845;3385;3386;4212;6131;8147;8158;9048;9269;4846;9114;4853;3325;3383;3384;8221;8263;4854;9106;4857;3382";4803 - Aşağıdaki lisans programlarından birinden mezun olmak. | 8196 - Gıda Bilimi ve Teknolojisi | 4825 - Aşağıdaki lisans programlarından birinden mezun olmak. | 5135 - Ziraat Mühendisliği | 4831 - Aşağıdaki lisans programlarından birinden mezun olmak. | 3202 - Hayvansal Üretim | 8258 - Süt Teknolojisi | 8289 - Zootekni / Zooteknik | 4845 - Aşağıdaki lisans programlarından birinden mezun olmak. | 3385 - Tarla Bitkileri | 3386 - Toprak | 4212 - Bahçe ve Tarla Bitkileri | 6131 - Bitkisel Üretim | 8147 - Bahçe Bitkileri | 8158 - Bitki Koruma | 9048 - Toprak Bilimi ve Bitki Besleme | 9269 - Bitkisel Üretim ve Teknolojileri | 4846 - Aşağıdaki lisans programlarından birinden mezun olmak. | 9114 - Biyosistem Mühendisliği | 4853 - Aşağıdaki lisans programlarından birinden mezun olmak. | 3325 - Tarım Teknolojisi | 3383 - Tarım Makineleri | 3384 - Tarımsal Yapılar ve Sulama | 8221 - Kültürteknik | 8263 - Tarımsal Mekanizasyon | 4854 - Aşağıdaki lisans programlarından birinden mezun olmak. | 9106 - Tarımsal Biyoteknoloji | 4857 - Aşağıdaki lisans programlarından birinden mezun olmak. | 3382 - Tarım Ekonomisi;062b39c6-c20a-e611-80c6-a0369f7d1486
2016;4;901801193;Gıda, Tarım ve Hayvancılık Bakanlığı;Mühendis;Mardin;Lisans;3;;80.505;81.392;"4803;8196;4825;5135;4831;3202;8258;8289;4845;3385;3386;4212;6131;8147;8158;9048;9269;4846;9114;4853;3325;3383;3384;8221;8263;4854;9106;4857;3382";4803 - Aşağıdaki lisans programlarından birinden mezun olmak. | 8196 - Gıda Bilimi ve Teknolojisi | 4825 - Aşağıdaki lisans programlarından birinden mezun olmak. | 5135 - Ziraat Mühendisliği | 4831 - Aşağıdaki lisans programlarından birinden mezun olmak. | 3202 - Hayvansal Üretim | 8258 - Süt Teknolojisi | 8289 - Zootekni / Zooteknik | 4845 - Aşağıdaki lisans programlarından birinden mezun olmak. | 3385 - Tarla Bitkileri | 3386 - Toprak | 4212 - Bahçe ve Tarla Bitkileri | 6131 - Bitkisel Üretim | 8147 - Bahçe Bitkileri | 8158 - Bitki Koruma | 9048 - Toprak Bilimi ve Bitki Besleme | 9269 - Bitkisel Üretim ve Teknolojileri | 4846 - Aşağıdaki lisans programlarından birinden mezun olmak. | 9114 - Biyosistem Mühendisliği | 4853 - Aşağıdaki lisans programlarından birinden mezun olmak. | 3325 - Tarım Teknolojisi | 3383 - Tarım Makineleri | 3384 - Tarımsal Yapılar ve Sulama | 8221 - Kültürteknik | 8263 - Tarımsal Mekanizasyon | 4854 - Aşağıdaki lisans programlarından birinden mezun olmak. | 9106 - Tarımsal Biyoteknoloji | 4857 - Aşağıdaki lisans programlarından birinden mezun olmak. | 3382 - Tarım Ekonomisi;302b39c6-c20a-e611-80c6-a0369f7d1486
2016;4;901801651;Gıda, Tarım ve Hayvancılık Bakanlığı;Mühendis;Yozgat;Lisans;2;;80.468;80.629;"4803;8196;4825;5135;4831;3202;8258;8289;4845;3385;3386;4212;6131;8147;8158;9048;9269;4846;9114;4853;3325;3383;3384;8221;8263;4854;9106;4857;3382";4803 - Aşağıdaki lisans programlarından birinden mezun olmak. | 8196 - Gıda Bilimi ve Teknolojisi | 4825 - Aşağıdaki lisans programlarından birinden mezun olmak. | 5135 - Ziraat Mühendisliği | 4831 - Aşağıdaki lisans programlarından birinden mezun olmak. | 3202 - Hayvansal Üretim | 8258 - Süt Teknolojisi | 8289 - Zootekni / Zooteknik | 4845 - Aşağıdaki lisans programlarından birinden mezun olmak. | 3385 - Tarla Bitkileri | 3386 - Toprak | 4212 - Bahçe ve Tarla Bitkileri | 6131 - Bitkisel Üretim | 8147 - Bahçe Bitkileri | 8158 - Bitki Koruma | 9048 - Toprak Bilimi ve Bitki Besleme | 9269 - Bitkisel Üretim ve Teknolojileri | 4846 - Aşağıdaki lisans programlarından birinden mezun olmak. | 9114 - Biyosistem Mühendisliği | 4853 - Aşağıdaki lisans programlarından birinden mezun olmak. | 3325 - Tarım Teknolojisi | 3383 - Tarım Makineleri | 3384 - Tarımsal Yapılar ve Sulama | 8221 - Kültürteknik | 8263 - Tarımsal Mekanizasyon | 4854 - Aşağıdaki lisans programlarından birinden mezun olmak. | 9106 - Tarımsal Biyoteknoloji | 4857 - Aşağıdaki lisans programlarından birinden mezun olmak. | 3382 - Tarım Ekonomisi;fe2b39c6-c20a-e611-80c6-a0369f7d1486
2016;4;901801437;Gıda, Tarım ve Hayvancılık Bakanlığı;Mühendis;Sivas;Lisans;5;;80.459;81.5;"4803;8196;4825;5135;4831;3202;8258;8289;4845;3385;3386;4212;6131;8147;8158;9048;9269;4846;9114;4853;3325;3383;3384;8221;8263;4854;9106;4857;3382";4803 - Aşağıdaki lisans programlarından birinden mezun olmak. | 8196 - Gıda Bilimi ve Teknolojisi | 4825 - Aşağıdaki lisans programlarından birinden mezun olmak. | 5135 - Ziraat Mühendisliği | 4831 - Aşağıdaki lisans programlarından birinden mezun olmak. | 3202 - Hayvansal Üretim | 8258 - Süt Teknolojisi | 8289 - Zootekni / Zooteknik | 4845 - Aşağıdaki lisans programlarından birinden mezun olmak. | 3385 - Tarla Bitkileri | 3386 - Toprak | 4212 - Bahçe ve Tarla Bitkileri | 6131 - Bitkisel Üretim | 8147 - Bahçe Bitkileri | 8158 - Bitki Koruma | 9048 - Toprak Bilimi ve Bitki Besleme | 9269 - Bitkisel Üretim ve Teknolojileri | 4846 - Aşağıdaki lisans programlarından birinden mezun olmak. | 9114 - Biyosistem Mühendisliği | 4853 - Aşağıdaki lisans programlarından birinden mezun olmak. | 3325 - Tarım Teknolojisi | 3383 - Tarım Makineleri | 3384 - Tarımsal Yapılar ve Sulama | 8221 - Kültürteknik | 8263 - Tarımsal Mekanizasyon | 4854 - Aşağıdaki lisans programlarından birinden mezun olmak. | 9106 - Tarımsal Biyoteknoloji | 4857 - Aşağıdaki lisans programlarından birinden mezun olmak. | 3382 - Tarım Ekonomisi;a32b39c6-c20a-e611-80c6-a0369f7d1486
2016;4;901801063;Gıda, Tarım ve Hayvancılık Bakanlığı;Veteriner Hekim;Konya;Lisans;2;;80.453;82.259;"4607;6373";4607 - Aşağıdaki lisans programlarından birinden mezun olmak. | 6373 - Veteriner;e02a39c6-c20a-e611-80c6-a0369f7d1486
2016;4;901800539;Gıda, Tarım ve Hayvancılık Bakanlığı;Mühendis;Erzurum;Lisans;1;;80.446;80.446;"4803;8196;4825;5135;4831;3202;8258;8289;4845;3385;3386;4212;6131;8147;8158;9048;9269;4846;9114;4853;3325;3383;3384;8221;8263;4854;9106;4857;3382";4803 - Aşağıdaki lisans programlarından birinden mezun olmak. | 8196 - Gıda Bilimi ve Teknolojisi | 4825 - Aşağıdaki lisans programlarından birinden mezun olmak. | 5135 - Ziraat Mühendisliği | 4831 - Aşağıdaki lisans programlarından birinden mezun olmak. | 3202 - Hayvansal Üretim | 8258 - Süt Teknolojisi | 8289 - Zootekni / Zooteknik | 4845 - Aşağıdaki lisans programlarından birinden mezun olmak. | 3385 - Tarla Bitkileri | 3386 - Toprak | 4212 - Bahçe ve Tarla Bitkileri | 6131 - Bitkisel Üretim | 8147 - Bahçe Bitkileri | 8158 - Bitki Koruma | 9048 - Toprak Bilimi ve Bitki Besleme | 9269 - Bitkisel Üretim ve Teknolojileri | 4846 - Aşağıdaki lisans programlarından birinden mezun olmak. | 9114 - Biyosistem Mühendisliği | 4853 - Aşağıdaki lisans programlarından birinden mezun olmak. | 3325 - Tarım Teknolojisi | 3383 - Tarım Makineleri | 3384 - Tarımsal Yapılar ve Sulama | 8221 - Kültürteknik | 8263 - Tarımsal Mekanizasyon | 4854 - Aşağıdaki lisans programlarından birinden mezun olmak. | 9106 - Tarımsal Biyoteknoloji | 4857 - Aşağıdaki lisans programlarından birinden mezun olmak. | 3382 - Tarım Ekonomisi;fb2939c6-c20a-e611-80c6-a0369f7d1486
2016;4;901800057;Gıda, Tarım ve Hayvancılık Bakanlığı;Veteriner Hekim;Afyonkarahisar;Lisans;1;;80.409;80.409;"4607;6373";4607 - Aşağıdaki lisans programlarından birinden mezun olmak. | 6373 - Veteriner;292939c6-c20a-e611-80c6-a0369f7d1486
2016;4;901800241;Gıda, Tarım ve Hayvancılık Bakanlığı;Mühendis;Bayburt;Lisans;6;;80.387;80.594;"4803;8196;4825;5135;4831;3202;8258;8289;4845;3385;3386;4212;6131;8147;8158;9048;9269;4846;9114;4853;3325;3383;3384;8221;8263;4854;9106;4857;3382";4803 - Aşağıdaki lisans programlarından birinden mezun olmak. | 8196 - Gıda Bilimi ve Teknolojisi | 4825 - Aşağıdaki lisans programlarından birinden mezun olmak. | 5135 - Ziraat Mühendisliği | 4831 - Aşağıdaki lisans programlarından birinden mezun olmak. | 3202 - Hayvansal Üretim | 8258 - Süt Teknolojisi | 8289 - Zootekni / Zooteknik | 4845 - Aşağıdaki lisans programlarından birinden mezun olmak. | 3385 - Tarla Bitkileri | 3386 - Toprak | 4212 - Bahçe ve Tarla Bitkileri | 6131 - Bitkisel Üretim | 8147 - Bahçe Bitkileri | 8158 - Bitki Koruma | 9048 - Toprak Bilimi ve Bitki Besleme | 9269 - Bitkisel Üretim ve Teknolojileri | 4846 - Aşağıdaki lisans programlarından birinden mezun olmak. | 9114 - Biyosistem Mühendisliği | 4853 - Aşağıdaki lisans programlarından birinden mezun olmak. | 3325 - Tarım Teknolojisi | 3383 - Tarım Makineleri | 3384 - Tarımsal Yapılar ve Sulama | 8221 - Kültürteknik | 8263 - Tarımsal Mekanizasyon | 4854 - Aşağıdaki lisans programlarından birinden mezun olmak. | 9106 - Tarımsal Biyoteknoloji | 4857 - Aşağıdaki lisans programlarından birinden mezun olmak. | 3382 - Tarım Ekonomisi;152c39c6-c20a-e611-80c6-a0369f7d1486
2016;4;901801507;Gıda, Tarım ve Hayvancılık Bakanlığı;Mühendis;Şırnak;Lisans;1;;80.378;80.378;"4818;8337;4819;3320";4818 - Aşağıdaki lisans programlarından birinden mezun olmak. | 8337 - Su Ürünleri Mühendisliği | 4819 - Aşağıdaki lisans programlarından birinden mezun olmak. | 3320 - Su Ürünleri;282c39c6-c20a-e611-80c6-a0369f7d1486
2016;4;901801297;Gıda, Tarım ve Hayvancılık Bakanlığı;Mühendis;Ordu;Lisans;2;;80.343;80.585;"4803;8196;4825;5135;4831;3202;8258;8289;4845;3385;3386;4212;6131;8147;8158;9048;9269;4846;9114;4853;3325;3383;3384;8221;8263;4854;9106;4857;3382";4803 - Aşağıdaki lisans programlarından birinden mezun olmak. | 8196 - Gıda Bilimi ve Teknolojisi | 4825 - Aşağıdaki lisans programlarından birinden mezun olmak. | 5135 - Ziraat Mühendisliği | 4831 - Aşağıdaki lisans programlarından birinden mezun olmak. | 3202 - Hayvansal Üretim | 8258 - Süt Teknolojisi | 8289 - Zootekni / Zooteknik | 4845 - Aşağıdaki lisans programlarından birinden mezun olmak. | 3385 - Tarla Bitkileri | 3386 - Toprak | 4212 - Bahçe ve Tarla Bitkileri | 6131 - Bitkisel Üretim | 8147 - Bahçe Bitkileri | 8158 - Bitki Koruma | 9048 - Toprak Bilimi ve Bitki Besleme | 9269 - Bitkisel Üretim ve Teknolojileri | 4846 - Aşağıdaki lisans programlarından birinden mezun olmak. | 9114 - Biyosistem Mühendisliği | 4853 - Aşağıdaki lisans programlarından birinden mezun olmak. | 3325 - Tarım Teknolojisi | 3383 - Tarım Makineleri | 3384 - Tarımsal Yapılar ve Sulama | 8221 - Kültürteknik | 8263 - Tarımsal Mekanizasyon | 4854 - Aşağıdaki lisans programlarından birinden mezun olmak. | 9106 - Tarımsal Biyoteknoloji | 4857 - Aşağıdaki lisans programlarından birinden mezun olmak. | 3382 - Tarım Ekonomisi;5f2b39c6-c20a-e611-80c6-a0369f7d1486
2016;4;901801667;Gıda, Tarım ve Hayvancılık Bakanlığı;Mühendis;Yozgat;Lisans;1;;80.338;80.338;"4803;8196;4825;5135;4831;3202;8258;8289;4845;3385;3386;4212;6131;8147;8158;9048;9269;4846;9114;4853;3325;3383;3384;8221;8263;4854;9106;4857;3382";4803 - Aşağıdaki lisans programlarından birinden mezun olmak. | 8196 - Gıda Bilimi ve Teknolojisi | 4825 - Aşağıdaki lisans programlarından birinden mezun olmak. | 5135 - Ziraat Mühendisliği | 4831 - Aşağıdaki lisans programlarından birinden mezun olmak. | 3202 - Hayvansal Üretim | 8258 - Süt Teknolojisi | 8289 - Zootekni / Zooteknik | 4845 - Aşağıdaki lisans programlarından birinden mezun olmak. | 3385 - Tarla Bitkileri | 3386 - Toprak | 4212 - Bahçe ve Tarla Bitkileri | 6131 - Bitkisel Üretim | 8147 - Bahçe Bitkileri | 8158 - Bitki Koruma | 9048 - Toprak Bilimi ve Bitki Besleme | 9269 - Bitkisel Üretim ve Teknolojileri | 4846 - Aşağıdaki lisans programlarından birinden mezun olmak. | 9114 - Biyosistem Mühendisliği | 4853 - Aşağıdaki lisans programlarından birinden mezun olmak. | 3325 - Tarım Teknolojisi | 3383 - Tarım Makineleri | 3384 - Tarımsal Yapılar ve Sulama | 8221 - Kültürteknik | 8263 - Tarımsal Mekanizasyon | 4854 - Aşağıdaki lisans programlarından birinden mezun olmak. | 9106 - Tarımsal Biyoteknoloji | 4857 - Aşağıdaki lisans programlarından birinden mezun olmak. | 3382 - Tarım Ekonomisi;062c39c6-c20a-e611-80c6-a0369f7d1486
2016;4;901801141;Gıda, Tarım ve Hayvancılık Bakanlığı;Mühendis;Malatya;Lisans;2;;80.336;80.684;"4803;8196;4825;5135;4831;3202;8258;8289;4845;3385;3386;4212;6131;8147;8158;9048;9269;4846;9114;4853;3325;3383;3384;8221;8263;4854;9106;4857;3382";4803 - Aşağıdaki lisans programlarından birinden mezun olmak. | 8196 - Gıda Bilimi ve Teknolojisi | 4825 - Aşağıdaki lisans programlarından birinden mezun olmak. | 5135 - Ziraat Mühendisliği | 4831 - Aşağıdaki lisans programlarından birinden mezun olmak. | 3202 - Hayvansal Üretim | 8258 - Süt Teknolojisi | 8289 - Zootekni / Zooteknik | 4845 - Aşağıdaki lisans programlarından birinden mezun olmak. | 3385 - Tarla Bitkileri | 3386 - Toprak | 4212 - Bahçe ve Tarla Bitkileri | 6131 - Bitkisel Üretim | 8147 - Bahçe Bitkileri | 8158 - Bitki Koruma | 9048 - Toprak Bilimi ve Bitki Besleme | 9269 - Bitkisel Üretim ve Teknolojileri | 4846 - Aşağıdaki lisans programlarından birinden mezun olmak. | 9114 - Biyosistem Mühendisliği | 4853 - Aşağıdaki lisans programlarından birinden mezun olmak. | 3325 - Tarım Teknolojisi | 3383 - Tarım Makineleri | 3384 - Tarımsal Yapılar ve Sulama | 8221 - Kültürteknik | 8263 - Tarımsal Mekanizasyon | 4854 - Aşağıdaki lisans programlarından birinden mezun olmak. | 9106 - Tarımsal Biyoteknoloji | 4857 - Aşağıdaki lisans programlarından birinden mezun olmak. | 3382 - Tarım Ekonomisi;072b39c6-c20a-e611-80c6-a0369f7d1486
2016;4;901801289;Gıda, Tarım ve Hayvancılık Bakanlığı;Mühendis;Ordu;Lisans;2;;80.336;80.431;"4803;8196;4825;5135;4831;3202;8258;8289;4845;3385;3386;4212;6131;8147;8158;9048;9269;4846;9114;4853;3325;3383;3384;8221;8263;4854;9106;4857;3382";4803 - Aşağıdaki lisans programlarından birinden mezun olmak. | 8196 - Gıda Bilimi ve Teknolojisi | 4825 - Aşağıdaki lisans programlarından birinden mezun olmak. | 5135 - Ziraat Mühendisliği | 4831 - Aşağıdaki lisans programlarından birinden mezun olmak. | 3202 - Hayvansal Üretim | 8258 - Süt Teknolojisi | 8289 - Zootekni / Zooteknik | 4845 - Aşağıdaki lisans programlarından birinden mezun olmak. | 3385 - Tarla Bitkileri | 3386 - Toprak | 4212 - Bahçe ve Tarla Bitkileri | 6131 - Bitkisel Üretim | 8147 - Bahçe Bitkileri | 8158 - Bitki Koruma | 9048 - Toprak Bilimi ve Bitki Besleme | 9269 - Bitkisel Üretim ve Teknolojileri | 4846 - Aşağıdaki lisans programlarından birinden mezun olmak. | 9114 - Biyosistem Mühendisliği | 4853 - Aşağıdaki lisans programlarından birinden mezun olmak. | 3325 - Tarım Teknolojisi | 3383 - Tarım Makineleri | 3384 - Tarımsal Yapılar ve Sulama | 8221 - Kültürteknik | 8263 - Tarımsal Mekanizasyon | 4854 - Aşağıdaki lisans programlarından birinden mezun olmak. | 9106 - Tarımsal Biyoteknoloji | 4857 - Aşağıdaki lisans programlarından birinden mezun olmak. | 3382 - Tarım Ekonomisi;5b2b39c6-c20a-e611-80c6-a0369f7d1486
2016;4;901801653;Gıda, Tarım ve Hayvancılık Bakanlığı;Mühendis;Yozgat;Lisans;2;;80.33;80.629;"4803;8196;4825;5135;4831;3202;8258;8289;4845;3385;3386;4212;6131;8147;8158;9048;9269;4846;9114;4853;3325;3383;3384;8221;8263;4854;9106;4857;3382";4803 - Aşağıdaki lisans programlarından birinden mezun olmak. | 8196 - Gıda Bilimi ve Teknolojisi | 4825 - Aşağıdaki lisans programlarından birinden mezun olmak. | 5135 - Ziraat Mühendisliği | 4831 - Aşağıdaki lisans programlarından birinden mezun olmak. | 3202 - Hayvansal Üretim | 8258 - Süt Teknolojisi | 8289 - Zootekni / Zooteknik | 4845 - Aşağıdaki lisans programlarından birinden mezun olmak. | 3385 - Tarla Bitkileri | 3386 - Toprak | 4212 - Bahçe ve Tarla Bitkileri | 6131 - Bitkisel Üretim | 8147 - Bahçe Bitkileri | 8158 - Bitki Koruma | 9048 - Toprak Bilimi ve Bitki Besleme | 9269 - Bitkisel Üretim ve Teknolojileri | 4846 - Aşağıdaki lisans programlarından birinden mezun olmak. | 9114 - Biyosistem Mühendisliği | 4853 - Aşağıdaki lisans programlarından birinden mezun olmak. | 3325 - Tarım Teknolojisi | 3383 - Tarım Makineleri | 3384 - Tarımsal Yapılar ve Sulama | 8221 - Kültürteknik | 8263 - Tarımsal Mekanizasyon | 4854 - Aşağıdaki lisans programlarından birinden mezun olmak. | 9106 - Tarımsal Biyoteknoloji | 4857 - Aşağıdaki lisans programlarından birinden mezun olmak. | 3382 - Tarım Ekonomisi;ff2b39c6-c20a-e611-80c6-a0369f7d1486
2016;4;901800161;Gıda, Tarım ve Hayvancılık Bakanlığı;Mühendis;Artvin;Lisans;9;;80.281;80.926;"4803;8196;4825;5135;4831;3202;8258;8289;4845;3385;3386;4212;6131;8147;8158;9048;9269;4846;9114;4853;3325;3383;3384;8221;8263;4854;9106;4857;3382";4803 - Aşağıdaki lisans programlarından birinden mezun olmak. | 8196 - Gıda Bilimi ve Teknolojisi | 4825 - Aşağıdaki lisans programlarından birinden mezun olmak. | 5135 - Ziraat Mühendisliği | 4831 - Aşağıdaki lisans programlarından birinden mezun olmak. | 3202 - Hayvansal Üretim | 8258 - Süt Teknolojisi | 8289 - Zootekni / Zooteknik | 4845 - Aşağıdaki lisans programlarından birinden mezun olmak. | 3385 - Tarla Bitkileri | 3386 - Toprak | 4212 - Bahçe ve Tarla Bitkileri | 6131 - Bitkisel Üretim | 8147 - Bahçe Bitkileri | 8158 - Bitki Koruma | 9048 - Toprak Bilimi ve Bitki Besleme | 9269 - Bitkisel Üretim ve Teknolojileri | 4846 - Aşağıdaki lisans programlarından birinden mezun olmak. | 9114 - Biyosistem Mühendisliği | 4853 - Aşağıdaki lisans programlarından birinden mezun olmak. | 3325 - Tarım Teknolojisi | 3383 - Tarım Makineleri | 3384 - Tarımsal Yapılar ve Sulama | 8221 - Kültürteknik | 8263 - Tarımsal Mekanizasyon | 4854 - Aşağıdaki lisans programlarından birinden mezun olmak. | 9106 - Tarımsal Biyoteknoloji | 4857 - Aşağıdaki lisans programlarından birinden mezun olmak. | 3382 - Tarım Ekonomisi;4e2939c6-c20a-e611-80c6-a0369f7d1486
2016;4;901801477;Gıda, Tarım ve Hayvancılık Bakanlığı;Mühendis;Şanlıurfa;Lisans;1;;80.27;80.27;"4803;8196;4825;5135;4831;3202;8258;8289;4845;3385;3386;4212;6131;8147;8158;9048;9269;4846;9114;4853;3325;3383;3384;8221;8263;4854;9106;4857;3382";4803 - Aşağıdaki lisans programlarından birinden mezun olmak. | 8196 - Gıda Bilimi ve Teknolojisi | 4825 - Aşağıdaki lisans programlarından birinden mezun olmak. | 5135 - Ziraat Mühendisliği | 4831 - Aşağıdaki lisans programlarından birinden mezun olmak. | 3202 - Hayvansal Üretim | 8258 - Süt Teknolojisi | 8289 - Zootekni / Zooteknik | 4845 - Aşağıdaki lisans programlarından birinden mezun olmak. | 3385 - Tarla Bitkileri | 3386 - Toprak | 4212 - Bahçe ve Tarla Bitkileri | 6131 - Bitkisel Üretim | 8147 - Bahçe Bitkileri | 8158 - Bitki Koruma | 9048 - Toprak Bilimi ve Bitki Besleme | 9269 - Bitkisel Üretim ve Teknolojileri | 4846 - Aşağıdaki lisans programlarından birinden mezun olmak. | 9114 - Biyosistem Mühendisliği | 4853 - Aşağıdaki lisans programlarından birinden mezun olmak. | 3325 - Tarım Teknolojisi | 3383 - Tarım Makineleri | 3384 - Tarımsal Yapılar ve Sulama | 8221 - Kültürteknik | 8263 - Tarımsal Mekanizasyon | 4854 - Aşağıdaki lisans programlarından birinden mezun olmak. | 9106 - Tarımsal Biyoteknoloji | 4857 - Aşağıdaki lisans programlarından birinden mezun olmak. | 3382 - Tarım Ekonomisi;d82b39c6-c20a-e611-80c6-a0369f7d1486
2016;4;901800219;Gıda, Tarım ve Hayvancılık Bakanlığı;Mühendis;Balıkesir;Lisans;1;;80.248;80.248;"4863;3116";4863 - Aşağıdaki lisans programlarından birinden mezun olmak. | 3116 - Balıkçılık Teknolojisi Mühendisliği;6b2939c6-c20a-e611-80c6-a0369f7d1486
2016;4;901801609;Gıda, Tarım ve Hayvancılık Bakanlığı;Mühendis;Van;Lisans;1;;80.233;80.233;"4818;8337;4819;3320";4818 - Aşağıdaki lisans programlarından birinden mezun olmak. | 8337 - Su Ürünleri Mühendisliği | 4819 - Aşağıdaki lisans programlarından birinden mezun olmak. | 3320 - Su Ürünleri;eb2b39c6-c20a-e611-80c6-a0369f7d1486
2016;4;901801295;Gıda, Tarım ve Hayvancılık Bakanlığı;Mühendis;Ordu;Lisans;2;;80.226;80.708;"4803;8196;4825;5135;4831;3202;8258;8289;4845;3385;3386;4212;6131;8147;8158;9048;9269;4846;9114;4853;3325;3383;3384;8221;8263;4854;9106;4857;3382";4803 - Aşağıdaki lisans programlarından birinden mezun olmak. | 8196 - Gıda Bilimi ve Teknolojisi | 4825 - Aşağıdaki lisans programlarından birinden mezun olmak. | 5135 - Ziraat Mühendisliği | 4831 - Aşağıdaki lisans programlarından birinden mezun olmak. | 3202 - Hayvansal Üretim | 8258 - Süt Teknolojisi | 8289 - Zootekni / Zooteknik | 4845 - Aşağıdaki lisans programlarından birinden mezun olmak. | 3385 - Tarla Bitkileri | 3386 - Toprak | 4212 - Bahçe ve Tarla Bitkileri | 6131 - Bitkisel Üretim | 8147 - Bahçe Bitkileri | 8158 - Bitki Koruma | 9048 - Toprak Bilimi ve Bitki Besleme | 9269 - Bitkisel Üretim ve Teknolojileri | 4846 - Aşağıdaki lisans programlarından birinden mezun olmak. | 9114 - Biyosistem Mühendisliği | 4853 - Aşağıdaki lisans programlarından birinden mezun olmak. | 3325 - Tarım Teknolojisi | 3383 - Tarım Makineleri | 3384 - Tarımsal Yapılar ve Sulama | 8221 - Kültürteknik | 8263 - Tarımsal Mekanizasyon | 4854 - Aşağıdaki lisans programlarından birinden mezun olmak. | 9106 - Tarımsal Biyoteknoloji | 4857 - Aşağıdaki lisans programlarından birinden mezun olmak. | 3382 - Tarım Ekonomisi;5e2b39c6-c20a-e611-80c6-a0369f7d1486
2016;4;901801285;Gıda, Tarım ve Hayvancılık Bakanlığı;Mühendis;Ordu;Lisans;1;;80.209;80.209;"4803;8196;4825;5135;4831;3202;8258;8289;4845;3385;3386;4212;6131;8147;8158;9048;9269;4846;9114;4853;3325;3383;3384;8221;8263;4854;9106;4857;3382";4803 - Aşağıdaki lisans programlarından birinden mezun olmak. | 8196 - Gıda Bilimi ve Teknolojisi | 4825 - Aşağıdaki lisans programlarından birinden mezun olmak. | 5135 - Ziraat Mühendisliği | 4831 - Aşağıdaki lisans programlarından birinden mezun olmak. | 3202 - Hayvansal Üretim | 8258 - Süt Teknolojisi | 8289 - Zootekni / Zooteknik | 4845 - Aşağıdaki lisans programlarından birinden mezun olmak. | 3385 - Tarla Bitkileri | 3386 - Toprak | 4212 - Bahçe ve Tarla Bitkileri | 6131 - Bitkisel Üretim | 8147 - Bahçe Bitkileri | 8158 - Bitki Koruma | 9048 - Toprak Bilimi ve Bitki Besleme | 9269 - Bitkisel Üretim ve Teknolojileri | 4846 - Aşağıdaki lisans programlarından birinden mezun olmak. | 9114 - Biyosistem Mühendisliği | 4853 - Aşağıdaki lisans programlarından birinden mezun olmak. | 3325 - Tarım Teknolojisi | 3383 - Tarım Makineleri | 3384 - Tarımsal Yapılar ve Sulama | 8221 - Kültürteknik | 8263 - Tarımsal Mekanizasyon | 4854 - Aşağıdaki lisans programlarından birinden mezun olmak. | 9106 - Tarımsal Biyoteknoloji | 4857 - Aşağıdaki lisans programlarından birinden mezun olmak. | 3382 - Tarım Ekonomisi;592b39c6-c20a-e611-80c6-a0369f7d1486
2016;4;901800723;Gıda, Tarım ve Hayvancılık Bakanlığı;Veteriner Hekim;İstanbul;Lisans;1;;80.206;80.206;"4607;6373";4607 - Aşağıdaki lisans programlarından birinden mezun olmak. | 6373 - Veteriner;532a39c6-c20a-e611-80c6-a0369f7d1486
2016;4;901800957;Gıda, Tarım ve Hayvancılık Bakanlığı;Mühendis;Kastamonu;Lisans;1;;80.187;80.187;"4803;8196;4825;5135;4831;3202;8258;8289;4845;3385;3386;4212;6131;8147;8158;9048;9269;4846;9114;4853;3325;3383;3384;8221;8263;4854;9106;4857;3382";4803 - Aşağıdaki lisans programlarından birinden mezun olmak. | 8196 - Gıda Bilimi ve Teknolojisi | 4825 - Aşağıdaki lisans programlarından birinden mezun olmak. | 5135 - Ziraat Mühendisliği | 4831 - Aşağıdaki lisans programlarından birinden mezun olmak. | 3202 - Hayvansal Üretim | 8258 - Süt Teknolojisi | 8289 - Zootekni / Zooteknik | 4845 - Aşağıdaki lisans programlarından birinden mezun olmak. | 3385 - Tarla Bitkileri | 3386 - Toprak | 4212 - Bahçe ve Tarla Bitkileri | 6131 - Bitkisel Üretim | 8147 - Bahçe Bitkileri | 8158 - Bitki Koruma | 9048 - Toprak Bilimi ve Bitki Besleme | 9269 - Bitkisel Üretim ve Teknolojileri | 4846 - Aşağıdaki lisans programlarından birinden mezun olmak. | 9114 - Biyosistem Mühendisliği | 4853 - Aşağıdaki lisans programlarından birinden mezun olmak. | 3325 - Tarım Teknolojisi | 3383 - Tarım Makineleri | 3384 - Tarımsal Yapılar ve Sulama | 8221 - Kültürteknik | 8263 - Tarımsal Mekanizasyon | 4854 - Aşağıdaki lisans programlarından birinden mezun olmak. | 9106 - Tarımsal Biyoteknoloji | 4857 - Aşağıdaki lisans programlarından birinden mezun olmak. | 3382 - Tarım Ekonomisi;b12a39c6-c20a-e611-80c6-a0369f7d1486
2016;4;901800959;Gıda, Tarım ve Hayvancılık Bakanlığı;Veteriner Hekim;Kastamonu;Lisans;1;;80.178;80.178;"4607;6373";4607 - Aşağıdaki lisans programlarından birinden mezun olmak. | 6373 - Veteriner;b22a39c6-c20a-e611-80c6-a0369f7d1486
2016;4;901801303;Gıda, Tarım ve Hayvancılık Bakanlığı;Mühendis;Ordu;Lisans;2;;80.178;80.827;"4803;8196;4825;5135;4831;3202;8258;8289;4845;3385;3386;4212;6131;8147;8158;9048;9269;4846;9114;4853;3325;3383;3384;8221;8263;4854;9106;4857;3382";4803 - Aşağıdaki lisans programlarından birinden mezun olmak. | 8196 - Gıda Bilimi ve Teknolojisi | 4825 - Aşağıdaki lisans programlarından birinden mezun olmak. | 5135 - Ziraat Mühendisliği | 4831 - Aşağıdaki lisans programlarından birinden mezun olmak. | 3202 - Hayvansal Üretim | 8258 - Süt Teknolojisi | 8289 - Zootekni / Zooteknik | 4845 - Aşağıdaki lisans programlarından birinden mezun olmak. | 3385 - Tarla Bitkileri | 3386 - Toprak | 4212 - Bahçe ve Tarla Bitkileri | 6131 - Bitkisel Üretim | 8147 - Bahçe Bitkileri | 8158 - Bitki Koruma | 9048 - Toprak Bilimi ve Bitki Besleme | 9269 - Bitkisel Üretim ve Teknolojileri | 4846 - Aşağıdaki lisans programlarından birinden mezun olmak. | 9114 - Biyosistem Mühendisliği | 4853 - Aşağıdaki lisans programlarından birinden mezun olmak. | 3325 - Tarım Teknolojisi | 3383 - Tarım Makineleri | 3384 - Tarımsal Yapılar ve Sulama | 8221 - Kültürteknik | 8263 - Tarımsal Mekanizasyon | 4854 - Aşağıdaki lisans programlarından birinden mezun olmak. | 9106 - Tarımsal Biyoteknoloji | 4857 - Aşağıdaki lisans programlarından birinden mezun olmak. | 3382 - Tarım Ekonomisi;622b39c6-c20a-e611-80c6-a0369f7d1486
2016;4;901800547;Gıda, Tarım ve Hayvancılık Bakanlığı;Mühendis;Erzurum;Lisans;1;;80.169;80.169;"4803;8196;4825;5135;4831;3202;8258;8289;4845;3385;3386;4212;6131;8147;8158;9048;9269;4846;9114;4853;3325;3383;3384;8221;8263;4854;9106;4857;3382";4803 - Aşağıdaki lisans programlarından birinden mezun olmak. | 8196 - Gıda Bilimi ve Teknolojisi | 4825 - Aşağıdaki lisans programlarından birinden mezun olmak. | 5135 - Ziraat Mühendisliği | 4831 - Aşağıdaki lisans programlarından birinden mezun olmak. | 3202 - Hayvansal Üretim | 8258 - Süt Teknolojisi | 8289 - Zootekni / Zooteknik | 4845 - Aşağıdaki lisans programlarından birinden mezun olmak. | 3385 - Tarla Bitkileri | 3386 - Toprak | 4212 - Bahçe ve Tarla Bitkileri | 6131 - Bitkisel Üretim | 8147 - Bahçe Bitkileri | 8158 - Bitki Koruma | 9048 - Toprak Bilimi ve Bitki Besleme | 9269 - Bitkisel Üretim ve Teknolojileri | 4846 - Aşağıdaki lisans programlarından birinden mezun olmak. | 9114 - Biyosistem Mühendisliği | 4853 - Aşağıdaki lisans programlarından birinden mezun olmak. | 3325 - Tarım Teknolojisi | 3383 - Tarım Makineleri | 3384 - Tarımsal Yapılar ve Sulama | 8221 - Kültürteknik | 8263 - Tarımsal Mekanizasyon | 4854 - Aşağıdaki lisans programlarından birinden mezun olmak. | 9106 - Tarımsal Biyoteknoloji | 4857 - Aşağıdaki lisans programlarından birinden mezun olmak. | 3382 - Tarım Ekonomisi;ff2939c6-c20a-e611-80c6-a0369f7d1486
2016;4;901800711;Gıda, Tarım ve Hayvancılık Bakanlığı;Veteriner Hekim;İstanbul;Lisans;2;;80.162;80.224;"4607;6373";4607 - Aşağıdaki lisans programlarından birinden mezun olmak. | 6373 - Veteriner;4d2a39c6-c20a-e611-80c6-a0369f7d1486
2016;4;901800025;Gıda, Tarım ve Hayvancılık Bakanlığı;Veteriner Hekim;Afyonkarahisar;Lisans;1;;80.134;80.134;"4607;6373";4607 - Aşağıdaki lisans programlarından birinden mezun olmak. | 6373 - Veteriner;192939c6-c20a-e611-80c6-a0369f7d1486
2016;4;901801029;Gıda, Tarım ve Hayvancılık Bakanlığı;Mühendis;Kilis;Lisans;3;;80.123;83.923;"4803;8196;4825;5135;4831;3202;8258;8289;4845;3385;3386;4212;6131;8147;8158;9048;9269;4846;9114;4853;3325;3383;3384;8221;8263;4854;9106;4857;3382";4803 - Aşağıdaki lisans programlarından birinden mezun olmak. | 8196 - Gıda Bilimi ve Teknolojisi | 4825 - Aşağıdaki lisans programlarından birinden mezun olmak. | 5135 - Ziraat Mühendisliği | 4831 - Aşağıdaki lisans programlarından birinden mezun olmak. | 3202 - Hayvansal Üretim | 8258 - Süt Teknolojisi | 8289 - Zootekni / Zooteknik | 4845 - Aşağıdaki lisans programlarından birinden mezun olmak. | 3385 - Tarla Bitkileri | 3386 - Toprak | 4212 - Bahçe ve Tarla Bitkileri | 6131 - Bitkisel Üretim | 8147 - Bahçe Bitkileri | 8158 - Bitki Koruma | 9048 - Toprak Bilimi ve Bitki Besleme | 9269 - Bitkisel Üretim ve Teknolojileri | 4846 - Aşağıdaki lisans programlarından birinden mezun olmak. | 9114 - Biyosistem Mühendisliği | 4853 - Aşağıdaki lisans programlarından birinden mezun olmak. | 3325 - Tarım Teknolojisi | 3383 - Tarım Makineleri | 3384 - Tarımsal Yapılar ve Sulama | 8221 - Kültürteknik | 8263 - Tarımsal Mekanizasyon | 4854 - Aşağıdaki lisans programlarından birinden mezun olmak. | 9106 - Tarımsal Biyoteknoloji | 4857 - Aşağıdaki lisans programlarından birinden mezun olmak. | 3382 - Tarım Ekonomisi;522c39c6-c20a-e611-80c6-a0369f7d1486
2016;4;901801305;Gıda, Tarım ve Hayvancılık Bakanlığı;Mühendis;Ordu;Lisans;2;;80.114;80.422;"4803;8196;4825;5135;4831;3202;8258;8289;4845;3385;3386;4212;6131;8147;8158;9048;9269;4846;9114;4853;3325;3383;3384;8221;8263;4854;9106;4857;3382";4803 - Aşağıdaki lisans programlarından birinden mezun olmak. | 8196 - Gıda Bilimi ve Teknolojisi | 4825 - Aşağıdaki lisans programlarından birinden mezun olmak. | 5135 - Ziraat Mühendisliği | 4831 - Aşağıdaki lisans programlarından birinden mezun olmak. | 3202 - Hayvansal Üretim | 8258 - Süt Teknolojisi | 8289 - Zootekni / Zooteknik | 4845 - Aşağıdaki lisans programlarından birinden mezun olmak. | 3385 - Tarla Bitkileri | 3386 - Toprak | 4212 - Bahçe ve Tarla Bitkileri | 6131 - Bitkisel Üretim | 8147 - Bahçe Bitkileri | 8158 - Bitki Koruma | 9048 - Toprak Bilimi ve Bitki Besleme | 9269 - Bitkisel Üretim ve Teknolojileri | 4846 - Aşağıdaki lisans programlarından birinden mezun olmak. | 9114 - Biyosistem Mühendisliği | 4853 - Aşağıdaki lisans programlarından birinden mezun olmak. | 3325 - Tarım Teknolojisi | 3383 - Tarım Makineleri | 3384 - Tarımsal Yapılar ve Sulama | 8221 - Kültürteknik | 8263 - Tarımsal Mekanizasyon | 4854 - Aşağıdaki lisans programlarından birinden mezun olmak. | 9106 - Tarımsal Biyoteknoloji | 4857 - Aşağıdaki lisans programlarından birinden mezun olmak. | 3382 - Tarım Ekonomisi;632b39c6-c20a-e611-80c6-a0369f7d1486
2016;4;901800645;Gıda, Tarım ve Hayvancılık Bakanlığı;Mühendis;Hakkari;Lisans;1;;80.103;80.103;"4818;8337;4819;3320";4818 - Aşağıdaki lisans programlarından birinden mezun olmak. | 8337 - Su Ürünleri Mühendisliği | 4819 - Aşağıdaki lisans programlarından birinden mezun olmak. | 3320 - Su Ürünleri;302a39c6-c20a-e611-80c6-a0369f7d1486
2016;4;901801637;Gıda, Tarım ve Hayvancılık Bakanlığı;Mühendis;Yozgat;Lisans;1;;80.07;80.07;"4803;8196;4825;5135;4831;3202;8258;8289;4845;3385;3386;4212;6131;8147;8158;9048;9269;4846;9114;4853;3325;3383;3384;8221;8263;4854;9106;4857;3382";4803 - Aşağıdaki lisans programlarından birinden mezun olmak. | 8196 - Gıda Bilimi ve Teknolojisi | 4825 - Aşağıdaki lisans programlarından birinden mezun olmak. | 5135 - Ziraat Mühendisliği | 4831 - Aşağıdaki lisans programlarından birinden mezun olmak. | 3202 - Hayvansal Üretim | 8258 - Süt Teknolojisi | 8289 - Zootekni / Zooteknik | 4845 - Aşağıdaki lisans programlarından birinden mezun olmak. | 3385 - Tarla Bitkileri | 3386 - Toprak | 4212 - Bahçe ve Tarla Bitkileri | 6131 - Bitkisel Üretim | 8147 - Bahçe Bitkileri | 8158 - Bitki Koruma | 9048 - Toprak Bilimi ve Bitki Besleme | 9269 - Bitkisel Üretim ve Teknolojileri | 4846 - Aşağıdaki lisans programlarından birinden mezun olmak. | 9114 - Biyosistem Mühendisliği | 4853 - Aşağıdaki lisans programlarından birinden mezun olmak. | 3325 - Tarım Teknolojisi | 3383 - Tarım Makineleri | 3384 - Tarımsal Yapılar ve Sulama | 8221 - Kültürteknik | 8263 - Tarımsal Mekanizasyon | 4854 - Aşağıdaki lisans programlarından birinden mezun olmak. | 9106 - Tarımsal Biyoteknoloji | 4857 - Aşağıdaki lisans programlarından birinden mezun olmak. | 3382 - Tarım Ekonomisi;f72b39c6-c20a-e611-80c6-a0369f7d1486
2016;4;901801065;Gıda, Tarım ve Hayvancılık Bakanlığı;Mühendis;Konya;Lisans;1;;80.05;80.05;"4863;3116";4863 - Aşağıdaki lisans programlarından birinden mezun olmak. | 3116 - Balıkçılık Teknolojisi Mühendisliği;e12a39c6-c20a-e611-80c6-a0369f7d1486
2016;4;901800501;Gıda, Tarım ve Hayvancılık Bakanlığı;Mühendis;Erzincan;Lisans;2;;80.026;80.772;"4803;8196;4825;5135;4831;3202;8258;8289;4845;3385;3386;4212;6131;8147;8158;9048;9269;4846;9114;4853;3325;3383;3384;8221;8263;4854;9106;4857;3382";4803 - Aşağıdaki lisans programlarından birinden mezun olmak. | 8196 - Gıda Bilimi ve Teknolojisi | 4825 - Aşağıdaki lisans programlarından birinden mezun olmak. | 5135 - Ziraat Mühendisliği | 4831 - Aşağıdaki lisans programlarından birinden mezun olmak. | 3202 - Hayvansal Üretim | 8258 - Süt Teknolojisi | 8289 - Zootekni / Zooteknik | 4845 - Aşağıdaki lisans programlarından birinden mezun olmak. | 3385 - Tarla Bitkileri | 3386 - Toprak | 4212 - Bahçe ve Tarla Bitkileri | 6131 - Bitkisel Üretim | 8147 - Bahçe Bitkileri | 8158 - Bitki Koruma | 9048 - Toprak Bilimi ve Bitki Besleme | 9269 - Bitkisel Üretim ve Teknolojileri | 4846 - Aşağıdaki lisans programlarından birinden mezun olmak. | 9114 - Biyosistem Mühendisliği | 4853 - Aşağıdaki lisans programlarından birinden mezun olmak. | 3325 - Tarım Teknolojisi | 3383 - Tarım Makineleri | 3384 - Tarımsal Yapılar ve Sulama | 8221 - Kültürteknik | 8263 - Tarımsal Mekanizasyon | 4854 - Aşağıdaki lisans programlarından birinden mezun olmak. | 9106 - Tarımsal Biyoteknoloji | 4857 - Aşağıdaki lisans programlarından birinden mezun olmak. | 3382 - Tarım Ekonomisi;e82939c6-c20a-e611-80c6-a0369f7d1486
2016;4;901800797;Gıda, Tarım ve Hayvancılık Bakanlığı;Veteriner Hekim;İstanbul;Lisans;1;;80.024;80.024;"4607;6373";4607 - Aşağıdaki lisans programlarından birinden mezun olmak. | 6373 - Veteriner;782a39c6-c20a-e611-80c6-a0369f7d1486
2016;4;901800505;Gıda, Tarım ve Hayvancılık Bakanlığı;Mühendis;Erzincan;Lisans;1;;80.002;80.002;"4803;8196;4825;5135;4831;3202;8258;8289;4845;3385;3386;4212;6131;8147;8158;9048;9269;4846;9114;4853;3325;3383;3384;8221;8263;4854;9106;4857;3382";4803 - Aşağıdaki lisans programlarından birinden mezun olmak. | 8196 - Gıda Bilimi ve Teknolojisi | 4825 - Aşağıdaki lisans programlarından birinden mezun olmak. | 5135 - Ziraat Mühendisliği | 4831 - Aşağıdaki lisans programlarından birinden mezun olmak. | 3202 - Hayvansal Üretim | 8258 - Süt Teknolojisi | 8289 - Zootekni / Zooteknik | 4845 - Aşağıdaki lisans programlarından birinden mezun olmak. | 3385 - Tarla Bitkileri | 3386 - Toprak | 4212 - Bahçe ve Tarla Bitkileri | 6131 - Bitkisel Üretim | 8147 - Bahçe Bitkileri | 8158 - Bitki Koruma | 9048 - Toprak Bilimi ve Bitki Besleme | 9269 - Bitkisel Üretim ve Teknolojileri | 4846 - Aşağıdaki lisans programlarından birinden mezun olmak. | 9114 - Biyosistem Mühendisliği | 4853 - Aşağıdaki lisans programlarından birinden mezun olmak. | 3325 - Tarım Teknolojisi | 3383 - Tarım Makineleri | 3384 - Tarımsal Yapılar ve Sulama | 8221 - Kültürteknik | 8263 - Tarımsal Mekanizasyon | 4854 - Aşağıdaki lisans programlarından birinden mezun olmak. | 9106 - Tarımsal Biyoteknoloji | 4857 - Aşağıdaki lisans programlarından birinden mezun olmak. | 3382 - Tarım Ekonomisi;ea2939c6-c20a-e611-80c6-a0369f7d1486
2016;4;901801417;Gıda, Tarım ve Hayvancılık Bakanlığı;Mühendis;Sivas;Lisans;2;;80.002;80.11;"4803;8196;4825;5135;4831;3202;8258;8289;4845;3385;3386;4212;6131;8147;8158;9048;9269;4846;9114;4853;3325;3383;3384;8221;8263;4854;9106;4857;3382";4803 - Aşağıdaki lisans programlarından birinden mezun olmak. | 8196 - Gıda Bilimi ve Teknolojisi | 4825 - Aşağıdaki lisans programlarından birinden mezun olmak. | 5135 - Ziraat Mühendisliği | 4831 - Aşağıdaki lisans programlarından birinden mezun olmak. | 3202 - Hayvansal Üretim | 8258 - Süt Teknolojisi | 8289 - Zootekni / Zooteknik | 4845 - Aşağıdaki lisans programlarından birinden mezun olmak. | 3385 - Tarla Bitkileri | 3386 - Toprak | 4212 - Bahçe ve Tarla Bitkileri | 6131 - Bitkisel Üretim | 8147 - Bahçe Bitkileri | 8158 - Bitki Koruma | 9048 - Toprak Bilimi ve Bitki Besleme | 9269 - Bitkisel Üretim ve Teknolojileri | 4846 - Aşağıdaki lisans programlarından birinden mezun olmak. | 9114 - Biyosistem Mühendisliği | 4853 - Aşağıdaki lisans programlarından birinden mezun olmak. | 3325 - Tarım Teknolojisi | 3383 - Tarım Makineleri | 3384 - Tarımsal Yapılar ve Sulama | 8221 - Kültürteknik | 8263 - Tarımsal Mekanizasyon | 4854 - Aşağıdaki lisans programlarından birinden mezun olmak. | 9106 - Tarımsal Biyoteknoloji | 4857 - Aşağıdaki lisans programlarından birinden mezun olmak. | 3382 - Tarım Ekonomisi;992b39c6-c20a-e611-80c6-a0369f7d1486
2016;4;901801489;Gıda, Tarım ve Hayvancılık Bakanlığı;Mühendis;Şanlıurfa;Lisans;10;;79.995;82.389;"4803;8196;4825;5135;4831;3202;8258;8289;4845;3385;3386;4212;6131;8147;8158;9048;9269;4846;9114;4853;3325;3383;3384;8221;8263;4854;9106;4857;3382";4803 - Aşağıdaki lisans programlarından birinden mezun olmak. | 8196 - Gıda Bilimi ve Teknolojisi | 4825 - Aşağıdaki lisans programlarından birinden mezun olmak. | 5135 - Ziraat Mühendisliği | 4831 - Aşağıdaki lisans programlarından birinden mezun olmak. | 3202 - Hayvansal Üretim | 8258 - Süt Teknolojisi | 8289 - Zootekni / Zooteknik | 4845 - Aşağıdaki lisans programlarından birinden mezun olmak. | 3385 - Tarla Bitkileri | 3386 - Toprak | 4212 - Bahçe ve Tarla Bitkileri | 6131 - Bitkisel Üretim | 8147 - Bahçe Bitkileri | 8158 - Bitki Koruma | 9048 - Toprak Bilimi ve Bitki Besleme | 9269 - Bitkisel Üretim ve Teknolojileri | 4846 - Aşağıdaki lisans programlarından birinden mezun olmak. | 9114 - Biyosistem Mühendisliği | 4853 - Aşağıdaki lisans programlarından birinden mezun olmak. | 3325 - Tarım Teknolojisi | 3383 - Tarım Makineleri | 3384 - Tarımsal Yapılar ve Sulama | 8221 - Kültürteknik | 8263 - Tarımsal Mekanizasyon | 4854 - Aşağıdaki lisans programlarından birinden mezun olmak. | 9106 - Tarımsal Biyoteknoloji | 4857 - Aşağıdaki lisans programlarından birinden mezun olmak. | 3382 - Tarım Ekonomisi;de2b39c6-c20a-e611-80c6-a0369f7d1486
2016;4;901800863;Gıda, Tarım ve Hayvancılık Bakanlığı;Mühendis;Kahramanmaraş;Lisans;1;;79.986;79.986;"4863;3116";4863 - Aşağıdaki lisans programlarından birinden mezun olmak. | 3116 - Balıkçılık Teknolojisi Mühendisliği;182b39c6-c20a-e611-80c6-a0369f7d1486
2016;4;901801431;Gıda, Tarım ve Hayvancılık Bakanlığı;Veteriner Hekim;Sivas;Lisans;1;;79.984;79.984;"4607;6373";4607 - Aşağıdaki lisans programlarından birinden mezun olmak. | 6373 - Veteriner;a02b39c6-c20a-e611-80c6-a0369f7d1486
2016;4;901800421;Gıda, Tarım ve Hayvancılık Bakanlığı;Veteriner Hekim;Diyarbakır;Lisans;1;;79.975;79.975;"4607;6373";4607 - Aşağıdaki lisans programlarından birinden mezun olmak. | 6373 - Veteriner;c42939c6-c20a-e611-80c6-a0369f7d1486
2016;4;901800171;Gıda, Tarım ve Hayvancılık Bakanlığı;Mühendis;Artvin;Lisans;3;;79.967;80.275;"4803;8196;4825;5135;4831;3202;8258;8289;4845;3385;3386;4212;6131;8147;8158;9048;9269;4846;9114;4853;3325;3383;3384;8221;8263;4854;9106;4857;3382";4803 - Aşağıdaki lisans programlarından birinden mezun olmak. | 8196 - Gıda Bilimi ve Teknolojisi | 4825 - Aşağıdaki lisans programlarından birinden mezun olmak. | 5135 - Ziraat Mühendisliği | 4831 - Aşağıdaki lisans programlarından birinden mezun olmak. | 3202 - Hayvansal Üretim | 8258 - Süt Teknolojisi | 8289 - Zootekni / Zooteknik | 4845 - Aşağıdaki lisans programlarından birinden mezun olmak. | 3385 - Tarla Bitkileri | 3386 - Toprak | 4212 - Bahçe ve Tarla Bitkileri | 6131 - Bitkisel Üretim | 8147 - Bahçe Bitkileri | 8158 - Bitki Koruma | 9048 - Toprak Bilimi ve Bitki Besleme | 9269 - Bitkisel Üretim ve Teknolojileri | 4846 - Aşağıdaki lisans programlarından birinden mezun olmak. | 9114 - Biyosistem Mühendisliği | 4853 - Aşağıdaki lisans programlarından birinden mezun olmak. | 3325 - Tarım Teknolojisi | 3383 - Tarım Makineleri | 3384 - Tarımsal Yapılar ve Sulama | 8221 - Kültürteknik | 8263 - Tarımsal Mekanizasyon | 4854 - Aşağıdaki lisans programlarından birinden mezun olmak. | 9106 - Tarımsal Biyoteknoloji | 4857 - Aşağıdaki lisans programlarından birinden mezun olmak. | 3382 - Tarım Ekonomisi;532939c6-c20a-e611-80c6-a0369f7d1486
2016;4;901801435;Gıda, Tarım ve Hayvancılık Bakanlığı;Mühendis;Sivas;Lisans;1;;79.964;79.964;"4803;8196;4825;5135;4831;3202;8258;8289;4845;3385;3386;4212;6131;8147;8158;9048;9269;4846;9114;4853;3325;3383;3384;8221;8263;4854;9106;4857;3382";4803 - Aşağıdaki lisans programlarından birinden mezun olmak. | 8196 - Gıda Bilimi ve Teknolojisi | 4825 - Aşağıdaki lisans programlarından birinden mezun olmak. | 5135 - Ziraat Mühendisliği | 4831 - Aşağıdaki lisans programlarından birinden mezun olmak. | 3202 - Hayvansal Üretim | 8258 - Süt Teknolojisi | 8289 - Zootekni / Zooteknik | 4845 - Aşağıdaki lisans programlarından birinden mezun olmak. | 3385 - Tarla Bitkileri | 3386 - Toprak | 4212 - Bahçe ve Tarla Bitkileri | 6131 - Bitkisel Üretim | 8147 - Bahçe Bitkileri | 8158 - Bitki Koruma | 9048 - Toprak Bilimi ve Bitki Besleme | 9269 - Bitkisel Üretim ve Teknolojileri | 4846 - Aşağıdaki lisans programlarından birinden mezun olmak. | 9114 - Biyosistem Mühendisliği | 4853 - Aşağıdaki lisans programlarından birinden mezun olmak. | 3325 - Tarım Teknolojisi | 3383 - Tarım Makineleri | 3384 - Tarımsal Yapılar ve Sulama | 8221 - Kültürteknik | 8263 - Tarımsal Mekanizasyon | 4854 - Aşağıdaki lisans programlarından birinden mezun olmak. | 9106 - Tarımsal Biyoteknoloji | 4857 - Aşağıdaki lisans programlarından birinden mezun olmak. | 3382 - Tarım Ekonomisi;a22b39c6-c20a-e611-80c6-a0369f7d1486
2016;4;901800935;Gıda, Tarım ve Hayvancılık Bakanlığı;Veteriner Hekim;Kastamonu;Lisans;1;;79.953;79.953;"4607;6373";4607 - Aşağıdaki lisans programlarından birinden mezun olmak. | 6373 - Veteriner;a62a39c6-c20a-e611-80c6-a0369f7d1486
2016;4;901800945;Gıda, Tarım ve Hayvancılık Bakanlığı;Veteriner Hekim;Kastamonu;Lisans;1;;79.945;79.945;"4607;6373";4607 - Aşağıdaki lisans programlarından birinden mezun olmak. | 6373 - Veteriner;ab2a39c6-c20a-e611-80c6-a0369f7d1486
2016;4;901801129;Gıda, Tarım ve Hayvancılık Bakanlığı;Veteriner Hekim;Kütahya;Lisans;3;;79.923;80.517;"4607;6373";4607 - Aşağıdaki lisans programlarından birinden mezun olmak. | 6373 - Veteriner;012b39c6-c20a-e611-80c6-a0369f7d1486
2016;4;901801333;Gıda, Tarım ve Hayvancılık Bakanlığı;Veteriner Hekim;Sakarya;Lisans;2;;79.923;81.384;"4607;6373";4607 - Aşağıdaki lisans programlarından birinden mezun olmak. | 6373 - Veteriner;6f2b39c6-c20a-e611-80c6-a0369f7d1486
2016;4;901801643;Gıda, Tarım ve Hayvancılık Bakanlığı;Mühendis;Yozgat;Lisans;1;;79.905;79.905;"4803;8196;4825;5135;4831;3202;8258;8289;4845;3385;3386;4212;6131;8147;8158;9048;9269;4846;9114;4853;3325;3383;3384;8221;8263;4854;9106;4857;3382";4803 - Aşağıdaki lisans programlarından birinden mezun olmak. | 8196 - Gıda Bilimi ve Teknolojisi | 4825 - Aşağıdaki lisans programlarından birinden mezun olmak. | 5135 - Ziraat Mühendisliği | 4831 - Aşağıdaki lisans programlarından birinden mezun olmak. | 3202 - Hayvansal Üretim | 8258 - Süt Teknolojisi | 8289 - Zootekni / Zooteknik | 4845 - Aşağıdaki lisans programlarından birinden mezun olmak. | 3385 - Tarla Bitkileri | 3386 - Toprak | 4212 - Bahçe ve Tarla Bitkileri | 6131 - Bitkisel Üretim | 8147 - Bahçe Bitkileri | 8158 - Bitki Koruma | 9048 - Toprak Bilimi ve Bitki Besleme | 9269 - Bitkisel Üretim ve Teknolojileri | 4846 - Aşağıdaki lisans programlarından birinden mezun olmak. | 9114 - Biyosistem Mühendisliği | 4853 - Aşağıdaki lisans programlarından birinden mezun olmak. | 3325 - Tarım Teknolojisi | 3383 - Tarım Makineleri | 3384 - Tarımsal Yapılar ve Sulama | 8221 - Kültürteknik | 8263 - Tarımsal Mekanizasyon | 4854 - Aşağıdaki lisans programlarından birinden mezun olmak. | 9106 - Tarımsal Biyoteknoloji | 4857 - Aşağıdaki lisans programlarından birinden mezun olmak. | 3382 - Tarım Ekonomisi;fa2b39c6-c20a-e611-80c6-a0369f7d1486
2016;4;901800613;Gıda, Tarım ve Hayvancılık Bakanlığı;Mühendis;Giresun;Lisans;1;;79.903;79.903;"4803;8196;4825;5135;4831;3202;8258;8289;4845;3385;3386;4212;6131;8147;8158;9048;9269;4846;9114;4853;3325;3383;3384;8221;8263;4854;9106;4857;3382";4803 - Aşağıdaki lisans programlarından birinden mezun olmak. | 8196 - Gıda Bilimi ve Teknolojisi | 4825 - Aşağıdaki lisans programlarından birinden mezun olmak. | 5135 - Ziraat Mühendisliği | 4831 - Aşağıdaki lisans programlarından birinden mezun olmak. | 3202 - Hayvansal Üretim | 8258 - Süt Teknolojisi | 8289 - Zootekni / Zooteknik | 4845 - Aşağıdaki lisans programlarından birinden mezun olmak. | 3385 - Tarla Bitkileri | 3386 - Toprak | 4212 - Bahçe ve Tarla Bitkileri | 6131 - Bitkisel Üretim | 8147 - Bahçe Bitkileri | 8158 - Bitki Koruma | 9048 - Toprak Bilimi ve Bitki Besleme | 9269 - Bitkisel Üretim ve Teknolojileri | 4846 - Aşağıdaki lisans programlarından birinden mezun olmak. | 9114 - Biyosistem Mühendisliği | 4853 - Aşağıdaki lisans programlarından birinden mezun olmak. | 3325 - Tarım Teknolojisi | 3383 - Tarım Makineleri | 3384 - Tarımsal Yapılar ve Sulama | 8221 - Kültürteknik | 8263 - Tarımsal Mekanizasyon | 4854 - Aşağıdaki lisans programlarından birinden mezun olmak. | 9106 - Tarımsal Biyoteknoloji | 4857 - Aşağıdaki lisans programlarından birinden mezun olmak. | 3382 - Tarım Ekonomisi;202a39c6-c20a-e611-80c6-a0369f7d1486
2016;4;901801649;Gıda, Tarım ve Hayvancılık Bakanlığı;Mühendis;Yozgat;Lisans;1;;79.901;79.901;"4803;8196;4825;5135;4831;3202;8258;8289;4845;3385;3386;4212;6131;8147;8158;9048;9269;4846;9114;4853;3325;3383;3384;8221;8263;4854;9106;4857;3382";4803 - Aşağıdaki lisans programlarından birinden mezun olmak. | 8196 - Gıda Bilimi ve Teknolojisi | 4825 - Aşağıdaki lisans programlarından birinden mezun olmak. | 5135 - Ziraat Mühendisliği | 4831 - Aşağıdaki lisans programlarından birinden mezun olmak. | 3202 - Hayvansal Üretim | 8258 - Süt Teknolojisi | 8289 - Zootekni / Zooteknik | 4845 - Aşağıdaki lisans programlarından birinden mezun olmak. | 3385 - Tarla Bitkileri | 3386 - Toprak | 4212 - Bahçe ve Tarla Bitkileri | 6131 - Bitkisel Üretim | 8147 - Bahçe Bitkileri | 8158 - Bitki Koruma | 9048 - Toprak Bilimi ve Bitki Besleme | 9269 - Bitkisel Üretim ve Teknolojileri | 4846 - Aşağıdaki lisans programlarından birinden mezun olmak. | 9114 - Biyosistem Mühendisliği | 4853 - Aşağıdaki lisans programlarından birinden mezun olmak. | 3325 - Tarım Teknolojisi | 3383 - Tarım Makineleri | 3384 - Tarımsal Yapılar ve Sulama | 8221 - Kültürteknik | 8263 - Tarımsal Mekanizasyon | 4854 - Aşağıdaki lisans programlarından birinden mezun olmak. | 9106 - Tarımsal Biyoteknoloji | 4857 - Aşağıdaki lisans programlarından birinden mezun olmak. | 3382 - Tarım Ekonomisi;fd2b39c6-c20a-e611-80c6-a0369f7d1486
2016;4;901800717;Gıda, Tarım ve Hayvancılık Bakanlığı;Veteriner Hekim;İstanbul;Lisans;5;;79.881;84.974;"4607;6373";4607 - Aşağıdaki lisans programlarından birinden mezun olmak. | 6373 - Veteriner;502a39c6-c20a-e611-80c6-a0369f7d1486
2016;4;901800175;Gıda, Tarım ve Hayvancılık Bakanlığı;Mühendis;Artvin;Lisans;4;;79.87;79.973;"4803;8196;4825;5135;4831;3202;8258;8289;4845;3385;3386;4212;6131;8147;8158;9048;9269;4846;9114;4853;3325;3383;3384;8221;8263;4854;9106;4857;3382";4803 - Aşağıdaki lisans programlarından birinden mezun olmak. | 8196 - Gıda Bilimi ve Teknolojisi | 4825 - Aşağıdaki lisans programlarından birinden mezun olmak. | 5135 - Ziraat Mühendisliği | 4831 - Aşağıdaki lisans programlarından birinden mezun olmak. | 3202 - Hayvansal Üretim | 8258 - Süt Teknolojisi | 8289 - Zootekni / Zooteknik | 4845 - Aşağıdaki lisans programlarından birinden mezun olmak. | 3385 - Tarla Bitkileri | 3386 - Toprak | 4212 - Bahçe ve Tarla Bitkileri | 6131 - Bitkisel Üretim | 8147 - Bahçe Bitkileri | 8158 - Bitki Koruma | 9048 - Toprak Bilimi ve Bitki Besleme | 9269 - Bitkisel Üretim ve Teknolojileri | 4846 - Aşağıdaki lisans programlarından birinden mezun olmak. | 9114 - Biyosistem Mühendisliği | 4853 - Aşağıdaki lisans programlarından birinden mezun olmak. | 3325 - Tarım Teknolojisi | 3383 - Tarım Makineleri | 3384 - Tarımsal Yapılar ve Sulama | 8221 - Kültürteknik | 8263 - Tarımsal Mekanizasyon | 4854 - Aşağıdaki lisans programlarından birinden mezun olmak. | 9106 - Tarımsal Biyoteknoloji | 4857 - Aşağıdaki lisans programlarından birinden mezun olmak. | 3382 - Tarım Ekonomisi;552939c6-c20a-e611-80c6-a0369f7d1486
2016;4;901800907;Gıda, Tarım ve Hayvancılık Bakanlığı;Mühendis;Kars;Lisans;8;;79.867;81.603;"4803;8196;4825;5135;4831;3202;8258;8289;4845;3385;3386;4212;6131;8147;8158;9048;9269;4846;9114;4853;3325;3383;3384;8221;8263;4854;9106;4857;3382";4803 - Aşağıdaki lisans programlarından birinden mezun olmak. | 8196 - Gıda Bilimi ve Teknolojisi | 4825 - Aşağıdaki lisans programlarından birinden mezun olmak. | 5135 - Ziraat Mühendisliği | 4831 - Aşağıdaki lisans programlarından birinden mezun olmak. | 3202 - Hayvansal Üretim | 8258 - Süt Teknolojisi | 8289 - Zootekni / Zooteknik | 4845 - Aşağıdaki lisans programlarından birinden mezun olmak. | 3385 - Tarla Bitkileri | 3386 - Toprak | 4212 - Bahçe ve Tarla Bitkileri | 6131 - Bitkisel Üretim | 8147 - Bahçe Bitkileri | 8158 - Bitki Koruma | 9048 - Toprak Bilimi ve Bitki Besleme | 9269 - Bitkisel Üretim ve Teknolojileri | 4846 - Aşağıdaki lisans programlarından birinden mezun olmak. | 9114 - Biyosistem Mühendisliği | 4853 - Aşağıdaki lisans programlarından birinden mezun olmak. | 3325 - Tarım Teknolojisi | 3383 - Tarım Makineleri | 3384 - Tarımsal Yapılar ve Sulama | 8221 - Kültürteknik | 8263 - Tarımsal Mekanizasyon | 4854 - Aşağıdaki lisans programlarından birinden mezun olmak. | 9106 - Tarımsal Biyoteknoloji | 4857 - Aşağıdaki lisans programlarından birinden mezun olmak. | 3382 - Tarım Ekonomisi;982a39c6-c20a-e611-80c6-a0369f7d1486
2016;4;901801471;Gıda, Tarım ve Hayvancılık Bakanlığı;Mühendis;Şanlıurfa;Lisans;5;;79.854;80.358;"4803;8196;4825;5135;4831;3202;8258;8289;4845;3385;3386;4212;6131;8147;8158;9048;9269;4846;9114;4853;3325;3383;3384;8221;8263;4854;9106;4857;3382";4803 - Aşağıdaki lisans programlarından birinden mezun olmak. | 8196 - Gıda Bilimi ve Teknolojisi | 4825 - Aşağıdaki lisans programlarından birinden mezun olmak. | 5135 - Ziraat Mühendisliği | 4831 - Aşağıdaki lisans programlarından birinden mezun olmak. | 3202 - Hayvansal Üretim | 8258 - Süt Teknolojisi | 8289 - Zootekni / Zooteknik | 4845 - Aşağıdaki lisans programlarından birinden mezun olmak. | 3385 - Tarla Bitkileri | 3386 - Toprak | 4212 - Bahçe ve Tarla Bitkileri | 6131 - Bitkisel Üretim | 8147 - Bahçe Bitkileri | 8158 - Bitki Koruma | 9048 - Toprak Bilimi ve Bitki Besleme | 9269 - Bitkisel Üretim ve Teknolojileri | 4846 - Aşağıdaki lisans programlarından birinden mezun olmak. | 9114 - Biyosistem Mühendisliği | 4853 - Aşağıdaki lisans programlarından birinden mezun olmak. | 3325 - Tarım Teknolojisi | 3383 - Tarım Makineleri | 3384 - Tarımsal Yapılar ve Sulama | 8221 - Kültürteknik | 8263 - Tarımsal Mekanizasyon | 4854 - Aşağıdaki lisans programlarından birinden mezun olmak. | 9106 - Tarımsal Biyoteknoloji | 4857 - Aşağıdaki lisans programlarından birinden mezun olmak. | 3382 - Tarım Ekonomisi;d52b39c6-c20a-e611-80c6-a0369f7d1486
2016;4;901800635;Gıda, Tarım ve Hayvancılık Bakanlığı;Mühendis;Gümüşhane;Lisans;2;;79.815;79.989;"4803;8196;4825;5135;4831;3202;8258;8289;4845;3385;3386;4212;6131;8147;8158;9048;9269;4846;9114;4853;3325;3383;3384;8221;8263;4854;9106;4857;3382";4803 - Aşağıdaki lisans programlarından birinden mezun olmak. | 8196 - Gıda Bilimi ve Teknolojisi | 4825 - Aşağıdaki lisans programlarından birinden mezun olmak. | 5135 - Ziraat Mühendisliği | 4831 - Aşağıdaki lisans programlarından birinden mezun olmak. | 3202 - Hayvansal Üretim | 8258 - Süt Teknolojisi | 8289 - Zootekni / Zooteknik | 4845 - Aşağıdaki lisans programlarından birinden mezun olmak. | 3385 - Tarla Bitkileri | 3386 - Toprak | 4212 - Bahçe ve Tarla Bitkileri | 6131 - Bitkisel Üretim | 8147 - Bahçe Bitkileri | 8158 - Bitki Koruma | 9048 - Toprak Bilimi ve Bitki Besleme | 9269 - Bitkisel Üretim ve Teknolojileri | 4846 - Aşağıdaki lisans programlarından birinden mezun olmak. | 9114 - Biyosistem Mühendisliği | 4853 - Aşağıdaki lisans programlarından birinden mezun olmak. | 3325 - Tarım Teknolojisi | 3383 - Tarım Makineleri | 3384 - Tarımsal Yapılar ve Sulama | 8221 - Kültürteknik | 8263 - Tarımsal Mekanizasyon | 4854 - Aşağıdaki lisans programlarından birinden mezun olmak. | 9106 - Tarımsal Biyoteknoloji | 4857 - Aşağıdaki lisans programlarından birinden mezun olmak. | 3382 - Tarım Ekonomisi;2b2a39c6-c20a-e611-80c6-a0369f7d1486
2016;4;901800571;Gıda, Tarım ve Hayvancılık Bakanlığı;Veteriner Hekim;Gaziantep;Lisans;2;;79.797;79.876;"4607;6373";4607 - Aşağıdaki lisans programlarından birinden mezun olmak. | 6373 - Veteriner;0b2a39c6-c20a-e611-80c6-a0369f7d1486
2016;4;901801197;Gıda, Tarım ve Hayvancılık Bakanlığı;Mühendis;Mardin;Lisans;6;;79.795;82.07;"4803;8196;4825;5135;4831;3202;8258;8289;4845;3385;3386;4212;6131;8147;8158;9048;9269;4846;9114;4853;3325;3383;3384;8221;8263;4854;9106;4857;3382";4803 - Aşağıdaki lisans programlarından birinden mezun olmak. | 8196 - Gıda Bilimi ve Teknolojisi | 4825 - Aşağıdaki lisans programlarından birinden mezun olmak. | 5135 - Ziraat Mühendisliği | 4831 - Aşağıdaki lisans programlarından birinden mezun olmak. | 3202 - Hayvansal Üretim | 8258 - Süt Teknolojisi | 8289 - Zootekni / Zooteknik | 4845 - Aşağıdaki lisans programlarından birinden mezun olmak. | 3385 - Tarla Bitkileri | 3386 - Toprak | 4212 - Bahçe ve Tarla Bitkileri | 6131 - Bitkisel Üretim | 8147 - Bahçe Bitkileri | 8158 - Bitki Koruma | 9048 - Toprak Bilimi ve Bitki Besleme | 9269 - Bitkisel Üretim ve Teknolojileri | 4846 - Aşağıdaki lisans programlarından birinden mezun olmak. | 9114 - Biyosistem Mühendisliği | 4853 - Aşağıdaki lisans programlarından birinden mezun olmak. | 3325 - Tarım Teknolojisi | 3383 - Tarım Makineleri | 3384 - Tarımsal Yapılar ve Sulama | 8221 - Kültürteknik | 8263 - Tarımsal Mekanizasyon | 4854 - Aşağıdaki lisans programlarından birinden mezun olmak. | 9106 - Tarımsal Biyoteknoloji | 4857 - Aşağıdaki lisans programlarından birinden mezun olmak. | 3382 - Tarım Ekonomisi;322b39c6-c20a-e611-80c6-a0369f7d1486
2016;4;901800509;Gıda, Tarım ve Hayvancılık Bakanlığı;Mühendis;Erzincan;Lisans;1;;79.793;79.793;"4803;8196;4825;5135;4831;3202;8258;8289;4845;3385;3386;4212;6131;8147;8158;9048;9269;4846;9114;4853;3325;3383;3384;8221;8263;4854;9106;4857;3382";4803 - Aşağıdaki lisans programlarından birinden mezun olmak. | 8196 - Gıda Bilimi ve Teknolojisi | 4825 - Aşağıdaki lisans programlarından birinden mezun olmak. | 5135 - Ziraat Mühendisliği | 4831 - Aşağıdaki lisans programlarından birinden mezun olmak. | 3202 - Hayvansal Üretim | 8258 - Süt Teknolojisi | 8289 - Zootekni / Zooteknik | 4845 - Aşağıdaki lisans programlarından birinden mezun olmak. | 3385 - Tarla Bitkileri | 3386 - Toprak | 4212 - Bahçe ve Tarla Bitkileri | 6131 - Bitkisel Üretim | 8147 - Bahçe Bitkileri | 8158 - Bitki Koruma | 9048 - Toprak Bilimi ve Bitki Besleme | 9269 - Bitkisel Üretim ve Teknolojileri | 4846 - Aşağıdaki lisans programlarından birinden mezun olmak. | 9114 - Biyosistem Mühendisliği | 4853 - Aşağıdaki lisans programlarından birinden mezun olmak. | 3325 - Tarım Teknolojisi | 3383 - Tarım Makineleri | 3384 - Tarımsal Yapılar ve Sulama | 8221 - Kültürteknik | 8263 - Tarımsal Mekanizasyon | 4854 - Aşağıdaki lisans programlarından birinden mezun olmak. | 9106 - Tarımsal Biyoteknoloji | 4857 - Aşağıdaki lisans programlarından birinden mezun olmak. | 3382 - Tarım Ekonomisi;ec2939c6-c20a-e611-80c6-a0369f7d1486
2016;4;901800775;Gıda, Tarım ve Hayvancılık Bakanlığı;Veteriner Hekim;İstanbul;Lisans;1;;79.79;79.79;"4607;6373";4607 - Aşağıdaki lisans programlarından birinden mezun olmak. | 6373 - Veteriner;6d2a39c6-c20a-e611-80c6-a0369f7d1486
2016;4;901800627;Gıda, Tarım ve Hayvancılık Bakanlığı;Mühendis;Gümüşhane;Lisans;1;;79.786;79.786;"4803;8196;4825;5135;4831;3202;8258;8289;4845;3385;3386;4212;6131;8147;8158;9048;9269;4846;9114;4853;3325;3383;3384;8221;8263;4854;9106;4857;3382";4803 - Aşağıdaki lisans programlarından birinden mezun olmak. | 8196 - Gıda Bilimi ve Teknolojisi | 4825 - Aşağıdaki lisans programlarından birinden mezun olmak. | 5135 - Ziraat Mühendisliği | 4831 - Aşağıdaki lisans programlarından birinden mezun olmak. | 3202 - Hayvansal Üretim | 8258 - Süt Teknolojisi | 8289 - Zootekni / Zooteknik | 4845 - Aşağıdaki lisans programlarından birinden mezun olmak. | 3385 - Tarla Bitkileri | 3386 - Toprak | 4212 - Bahçe ve Tarla Bitkileri | 6131 - Bitkisel Üretim | 8147 - Bahçe Bitkileri | 8158 - Bitki Koruma | 9048 - Toprak Bilimi ve Bitki Besleme | 9269 - Bitkisel Üretim ve Teknolojileri | 4846 - Aşağıdaki lisans programlarından birinden mezun olmak. | 9114 - Biyosistem Mühendisliği | 4853 - Aşağıdaki lisans programlarından birinden mezun olmak. | 3325 - Tarım Teknolojisi | 3383 - Tarım Makineleri | 3384 - Tarımsal Yapılar ve Sulama | 8221 - Kültürteknik | 8263 - Tarımsal Mekanizasyon | 4854 - Aşağıdaki lisans programlarından birinden mezun olmak. | 9106 - Tarımsal Biyoteknoloji | 4857 - Aşağıdaki lisans programlarından birinden mezun olmak. | 3382 - Tarım Ekonomisi;272a39c6-c20a-e611-80c6-a0369f7d1486
2016;4;901800031;Gıda, Tarım ve Hayvancılık Bakanlığı;Veteriner Hekim;Afyonkarahisar;Lisans;2;;79.768;80.14;"4607;6373";4607 - Aşağıdaki lisans programlarından birinden mezun olmak. | 6373 - Veteriner;1c2939c6-c20a-e611-80c6-a0369f7d1486
2016;4;901801191;Gıda, Tarım ve Hayvancılık Bakanlığı;Mühendis;Mardin;Lisans;2;;79.768;80.299;"4803;8196;4825;5135;4831;3202;8258;8289;4845;3385;3386;4212;6131;8147;8158;9048;9269;4846;9114;4853;3325;3383;3384;8221;8263;4854;9106;4857;3382";4803 - Aşağıdaki lisans programlarından birinden mezun olmak. | 8196 - Gıda Bilimi ve Teknolojisi | 4825 - Aşağıdaki lisans programlarından birinden mezun olmak. | 5135 - Ziraat Mühendisliği | 4831 - Aşağıdaki lisans programlarından birinden mezun olmak. | 3202 - Hayvansal Üretim | 8258 - Süt Teknolojisi | 8289 - Zootekni / Zooteknik | 4845 - Aşağıdaki lisans programlarından birinden mezun olmak. | 3385 - Tarla Bitkileri | 3386 - Toprak | 4212 - Bahçe ve Tarla Bitkileri | 6131 - Bitkisel Üretim | 8147 - Bahçe Bitkileri | 8158 - Bitki Koruma | 9048 - Toprak Bilimi ve Bitki Besleme | 9269 - Bitkisel Üretim ve Teknolojileri | 4846 - Aşağıdaki lisans programlarından birinden mezun olmak. | 9114 - Biyosistem Mühendisliği | 4853 - Aşağıdaki lisans programlarından birinden mezun olmak. | 3325 - Tarım Teknolojisi | 3383 - Tarım Makineleri | 3384 - Tarımsal Yapılar ve Sulama | 8221 - Kültürteknik | 8263 - Tarımsal Mekanizasyon | 4854 - Aşağıdaki lisans programlarından birinden mezun olmak. | 9106 - Tarımsal Biyoteknoloji | 4857 - Aşağıdaki lisans programlarından birinden mezun olmak. | 3382 - Tarım Ekonomisi;2f2b39c6-c20a-e611-80c6-a0369f7d1486
2016;4;901801587;Gıda, Tarım ve Hayvancılık Bakanlığı;Mühendis;Tunceli;Lisans;2;;79.724;79.802;"4803;8196;4825;5135;4831;3202;8258;8289;4845;3385;3386;4212;6131;8147;8158;9048;9269;4846;9114;4853;3325;3383;3384;8221;8263;4854;9106;4857;3382";4803 - Aşağıdaki lisans programlarından birinden mezun olmak. | 8196 - Gıda Bilimi ve Teknolojisi | 4825 - Aşağıdaki lisans programlarından birinden mezun olmak. | 5135 - Ziraat Mühendisliği | 4831 - Aşağıdaki lisans programlarından birinden mezun olmak. | 3202 - Hayvansal Üretim | 8258 - Süt Teknolojisi | 8289 - Zootekni / Zooteknik | 4845 - Aşağıdaki lisans programlarından birinden mezun olmak. | 3385 - Tarla Bitkileri | 3386 - Toprak | 4212 - Bahçe ve Tarla Bitkileri | 6131 - Bitkisel Üretim | 8147 - Bahçe Bitkileri | 8158 - Bitki Koruma | 9048 - Toprak Bilimi ve Bitki Besleme | 9269 - Bitkisel Üretim ve Teknolojileri | 4846 - Aşağıdaki lisans programlarından birinden mezun olmak. | 9114 - Biyosistem Mühendisliği | 4853 - Aşağıdaki lisans programlarından birinden mezun olmak. | 3325 - Tarım Teknolojisi | 3383 - Tarım Makineleri | 3384 - Tarımsal Yapılar ve Sulama | 8221 - Kültürteknik | 8263 - Tarımsal Mekanizasyon | 4854 - Aşağıdaki lisans programlarından birinden mezun olmak. | 9106 - Tarımsal Biyoteknoloji | 4857 - Aşağıdaki lisans programlarından birinden mezun olmak. | 3382 - Tarım Ekonomisi;c42b39c6-c20a-e611-80c6-a0369f7d1486
2016;4;901801483;Gıda, Tarım ve Hayvancılık Bakanlığı;Mühendis;Şanlıurfa;Lisans;4;;79.659;80.03;"4803;8196;4825;5135;4831;3202;8258;8289;4845;3385;3386;4212;6131;8147;8158;9048;9269;4846;9114;4853;3325;3383;3384;8221;8263;4854;9106;4857;3382";4803 - Aşağıdaki lisans programlarından birinden mezun olmak. | 8196 - Gıda Bilimi ve Teknolojisi | 4825 - Aşağıdaki lisans programlarından birinden mezun olmak. | 5135 - Ziraat Mühendisliği | 4831 - Aşağıdaki lisans programlarından birinden mezun olmak. | 3202 - Hayvansal Üretim | 8258 - Süt Teknolojisi | 8289 - Zootekni / Zooteknik | 4845 - Aşağıdaki lisans programlarından birinden mezun olmak. | 3385 - Tarla Bitkileri | 3386 - Toprak | 4212 - Bahçe ve Tarla Bitkileri | 6131 - Bitkisel Üretim | 8147 - Bahçe Bitkileri | 8158 - Bitki Koruma | 9048 - Toprak Bilimi ve Bitki Besleme | 9269 - Bitkisel Üretim ve Teknolojileri | 4846 - Aşağıdaki lisans programlarından birinden mezun olmak. | 9114 - Biyosistem Mühendisliği | 4853 - Aşağıdaki lisans programlarından birinden mezun olmak. | 3325 - Tarım Teknolojisi | 3383 - Tarım Makineleri | 3384 - Tarımsal Yapılar ve Sulama | 8221 - Kültürteknik | 8263 - Tarımsal Mekanizasyon | 4854 - Aşağıdaki lisans programlarından birinden mezun olmak. | 9106 - Tarımsal Biyoteknoloji | 4857 - Aşağıdaki lisans programlarından birinden mezun olmak. | 3382 - Tarım Ekonomisi;db2b39c6-c20a-e611-80c6-a0369f7d1486
2016;4;901800249;Gıda, Tarım ve Hayvancılık Bakanlığı;Mühendis;Bayburt;Lisans;3;;79.656;79.859;"4803;8196;4825;5135;4831;3202;8258;8289;4845;3385;3386;4212;6131;8147;8158;9048;9269;4846;9114;4853;3325;3383;3384;8221;8263;4854;9106;4857;3382";4803 - Aşağıdaki lisans programlarından birinden mezun olmak. | 8196 - Gıda Bilimi ve Teknolojisi | 4825 - Aşağıdaki lisans programlarından birinden mezun olmak. | 5135 - Ziraat Mühendisliği | 4831 - Aşağıdaki lisans programlarından birinden mezun olmak. | 3202 - Hayvansal Üretim | 8258 - Süt Teknolojisi | 8289 - Zootekni / Zooteknik | 4845 - Aşağıdaki lisans programlarından birinden mezun olmak. | 3385 - Tarla Bitkileri | 3386 - Toprak | 4212 - Bahçe ve Tarla Bitkileri | 6131 - Bitkisel Üretim | 8147 - Bahçe Bitkileri | 8158 - Bitki Koruma | 9048 - Toprak Bilimi ve Bitki Besleme | 9269 - Bitkisel Üretim ve Teknolojileri | 4846 - Aşağıdaki lisans programlarından birinden mezun olmak. | 9114 - Biyosistem Mühendisliği | 4853 - Aşağıdaki lisans programlarından birinden mezun olmak. | 3325 - Tarım Teknolojisi | 3383 - Tarım Makineleri | 3384 - Tarımsal Yapılar ve Sulama | 8221 - Kültürteknik | 8263 - Tarımsal Mekanizasyon | 4854 - Aşağıdaki lisans programlarından birinden mezun olmak. | 9106 - Tarımsal Biyoteknoloji | 4857 - Aşağıdaki lisans programlarından birinden mezun olmak. | 3382 - Tarım Ekonomisi;192c39c6-c20a-e611-80c6-a0369f7d1486
2016;4;901801203;Gıda, Tarım ve Hayvancılık Bakanlığı;Mühendis;Mardin;Lisans;1;;79.617;79.617;"4803;8196;4825;5135;4831;3202;8258;8289;4845;3385;3386;4212;6131;8147;8158;9048;9269;4846;9114;4853;3325;3383;3384;8221;8263;4854;9106;4857;3382";4803 - Aşağıdaki lisans programlarından birinden mezun olmak. | 8196 - Gıda Bilimi ve Teknolojisi | 4825 - Aşağıdaki lisans programlarından birinden mezun olmak. | 5135 - Ziraat Mühendisliği | 4831 - Aşağıdaki lisans programlarından birinden mezun olmak. | 3202 - Hayvansal Üretim | 8258 - Süt Teknolojisi | 8289 - Zootekni / Zooteknik | 4845 - Aşağıdaki lisans programlarından birinden mezun olmak. | 3385 - Tarla Bitkileri | 3386 - Toprak | 4212 - Bahçe ve Tarla Bitkileri | 6131 - Bitkisel Üretim | 8147 - Bahçe Bitkileri | 8158 - Bitki Koruma | 9048 - Toprak Bilimi ve Bitki Besleme | 9269 - Bitkisel Üretim ve Teknolojileri | 4846 - Aşağıdaki lisans programlarından birinden mezun olmak. | 9114 - Biyosistem Mühendisliği | 4853 - Aşağıdaki lisans programlarından birinden mezun olmak. | 3325 - Tarım Teknolojisi | 3383 - Tarım Makineleri | 3384 - Tarımsal Yapılar ve Sulama | 8221 - Kültürteknik | 8263 - Tarımsal Mekanizasyon | 4854 - Aşağıdaki lisans programlarından birinden mezun olmak. | 9106 - Tarımsal Biyoteknoloji | 4857 - Aşağıdaki lisans programlarından birinden mezun olmak. | 3382 - Tarım Ekonomisi;352b39c6-c20a-e611-80c6-a0369f7d1486
2016;4;901800411;Gıda, Tarım ve Hayvancılık Bakanlığı;Mühendis;Diyarbakır;Lisans;1;;79.612;79.612;"4863;3116";4863 - Aşağıdaki lisans programlarından birinden mezun olmak. | 3116 - Balıkçılık Teknolojisi Mühendisliği;bf2939c6-c20a-e611-80c6-a0369f7d1486
2016;4;901800167;Gıda, Tarım ve Hayvancılık Bakanlığı;Mühendis;Artvin;Lisans;3;;79.57;80.849;"4803;8196;4825;5135;4831;3202;8258;8289;4845;3385;3386;4212;6131;8147;8158;9048;9269;4846;9114;4853;3325;3383;3384;8221;8263;4854;9106;4857;3382";4803 - Aşağıdaki lisans programlarından birinden mezun olmak. | 8196 - Gıda Bilimi ve Teknolojisi | 4825 - Aşağıdaki lisans programlarından birinden mezun olmak. | 5135 - Ziraat Mühendisliği | 4831 - Aşağıdaki lisans programlarından birinden mezun olmak. | 3202 - Hayvansal Üretim | 8258 - Süt Teknolojisi | 8289 - Zootekni / Zooteknik | 4845 - Aşağıdaki lisans programlarından birinden mezun olmak. | 3385 - Tarla Bitkileri | 3386 - Toprak | 4212 - Bahçe ve Tarla Bitkileri | 6131 - Bitkisel Üretim | 8147 - Bahçe Bitkileri | 8158 - Bitki Koruma | 9048 - Toprak Bilimi ve Bitki Besleme | 9269 - Bitkisel Üretim ve Teknolojileri | 4846 - Aşağıdaki lisans programlarından birinden mezun olmak. | 9114 - Biyosistem Mühendisliği | 4853 - Aşağıdaki lisans programlarından birinden mezun olmak. | 3325 - Tarım Teknolojisi | 3383 - Tarım Makineleri | 3384 - Tarımsal Yapılar ve Sulama | 8221 - Kültürteknik | 8263 - Tarımsal Mekanizasyon | 4854 - Aşağıdaki lisans programlarından birinden mezun olmak. | 9106 - Tarımsal Biyoteknoloji | 4857 - Aşağıdaki lisans programlarından birinden mezun olmak. | 3382 - Tarım Ekonomisi;512939c6-c20a-e611-80c6-a0369f7d1486
2016;4;901800507;Gıda, Tarım ve Hayvancılık Bakanlığı;Mühendis;Erzincan;Lisans;2;;79.568;79.672;"4803;8196;4825;5135;4831;3202;8258;8289;4845;3385;3386;4212;6131;8147;8158;9048;9269;4846;9114;4853;3325;3383;3384;8221;8263;4854;9106;4857;3382";4803 - Aşağıdaki lisans programlarından birinden mezun olmak. | 8196 - Gıda Bilimi ve Teknolojisi | 4825 - Aşağıdaki lisans programlarından birinden mezun olmak. | 5135 - Ziraat Mühendisliği | 4831 - Aşağıdaki lisans programlarından birinden mezun olmak. | 3202 - Hayvansal Üretim | 8258 - Süt Teknolojisi | 8289 - Zootekni / Zooteknik | 4845 - Aşağıdaki lisans programlarından birinden mezun olmak. | 3385 - Tarla Bitkileri | 3386 - Toprak | 4212 - Bahçe ve Tarla Bitkileri | 6131 - Bitkisel Üretim | 8147 - Bahçe Bitkileri | 8158 - Bitki Koruma | 9048 - Toprak Bilimi ve Bitki Besleme | 9269 - Bitkisel Üretim ve Teknolojileri | 4846 - Aşağıdaki lisans programlarından birinden mezun olmak. | 9114 - Biyosistem Mühendisliği | 4853 - Aşağıdaki lisans programlarından birinden mezun olmak. | 3325 - Tarım Teknolojisi | 3383 - Tarım Makineleri | 3384 - Tarımsal Yapılar ve Sulama | 8221 - Kültürteknik | 8263 - Tarımsal Mekanizasyon | 4854 - Aşağıdaki lisans programlarından birinden mezun olmak. | 9106 - Tarımsal Biyoteknoloji | 4857 - Aşağıdaki lisans programlarından birinden mezun olmak. | 3382 - Tarım Ekonomisi;eb2939c6-c20a-e611-80c6-a0369f7d1486
2016;4;901800793;Gıda, Tarım ve Hayvancılık Bakanlığı;Veteriner Hekim;İstanbul;Lisans;1;;79.564;79.564;"4607;6373";4607 - Aşağıdaki lisans programlarından birinden mezun olmak. | 6373 - Veteriner;762a39c6-c20a-e611-80c6-a0369f7d1486
2016;4;901800045;Gıda, Tarım ve Hayvancılık Bakanlığı;Veteriner Hekim;Afyonkarahisar;Lisans;1;;79.557;79.557;"4607;6373";4607 - Aşağıdaki lisans programlarından birinden mezun olmak. | 6373 - Veteriner;232939c6-c20a-e611-80c6-a0369f7d1486
2016;4;901800597;Gıda, Tarım ve Hayvancılık Bakanlığı;Mühendis;Giresun;Lisans;1;;79.538;79.538;"4803;8196;4825;5135;4831;3202;8258;8289;4845;3385;3386;4212;6131;8147;8158;9048;9269;4846;9114;4853;3325;3383;3384;8221;8263;4854;9106;4857;3382";4803 - Aşağıdaki lisans programlarından birinden mezun olmak. | 8196 - Gıda Bilimi ve Teknolojisi | 4825 - Aşağıdaki lisans programlarından birinden mezun olmak. | 5135 - Ziraat Mühendisliği | 4831 - Aşağıdaki lisans programlarından birinden mezun olmak. | 3202 - Hayvansal Üretim | 8258 - Süt Teknolojisi | 8289 - Zootekni / Zooteknik | 4845 - Aşağıdaki lisans programlarından birinden mezun olmak. | 3385 - Tarla Bitkileri | 3386 - Toprak | 4212 - Bahçe ve Tarla Bitkileri | 6131 - Bitkisel Üretim | 8147 - Bahçe Bitkileri | 8158 - Bitki Koruma | 9048 - Toprak Bilimi ve Bitki Besleme | 9269 - Bitkisel Üretim ve Teknolojileri | 4846 - Aşağıdaki lisans programlarından birinden mezun olmak. | 9114 - Biyosistem Mühendisliği | 4853 - Aşağıdaki lisans programlarından birinden mezun olmak. | 3325 - Tarım Teknolojisi | 3383 - Tarım Makineleri | 3384 - Tarımsal Yapılar ve Sulama | 8221 - Kültürteknik | 8263 - Tarımsal Mekanizasyon | 4854 - Aşağıdaki lisans programlarından birinden mezun olmak. | 9106 - Tarımsal Biyoteknoloji | 4857 - Aşağıdaki lisans programlarından birinden mezun olmak. | 3382 - Tarım Ekonomisi;182a39c6-c20a-e611-80c6-a0369f7d1486
2016;4;901800553;Gıda, Tarım ve Hayvancılık Bakanlığı;Mühendis;Erzurum;Lisans;3;;79.531;80.237;"4803;8196;4825;5135;4831;3202;8258;8289;4845;3385;3386;4212;6131;8147;8158;9048;9269;4846;9114;4853;3325;3383;3384;8221;8263;4854;9106;4857;3382";4803 - Aşağıdaki lisans programlarından birinden mezun olmak. | 8196 - Gıda Bilimi ve Teknolojisi | 4825 - Aşağıdaki lisans programlarından birinden mezun olmak. | 5135 - Ziraat Mühendisliği | 4831 - Aşağıdaki lisans programlarından birinden mezun olmak. | 3202 - Hayvansal Üretim | 8258 - Süt Teknolojisi | 8289 - Zootekni / Zooteknik | 4845 - Aşağıdaki lisans programlarından birinden mezun olmak. | 3385 - Tarla Bitkileri | 3386 - Toprak | 4212 - Bahçe ve Tarla Bitkileri | 6131 - Bitkisel Üretim | 8147 - Bahçe Bitkileri | 8158 - Bitki Koruma | 9048 - Toprak Bilimi ve Bitki Besleme | 9269 - Bitkisel Üretim ve Teknolojileri | 4846 - Aşağıdaki lisans programlarından birinden mezun olmak. | 9114 - Biyosistem Mühendisliği | 4853 - Aşağıdaki lisans programlarından birinden mezun olmak. | 3325 - Tarım Teknolojisi | 3383 - Tarım Makineleri | 3384 - Tarımsal Yapılar ve Sulama | 8221 - Kültürteknik | 8263 - Tarımsal Mekanizasyon | 4854 - Aşağıdaki lisans programlarından birinden mezun olmak. | 9106 - Tarımsal Biyoteknoloji | 4857 - Aşağıdaki lisans programlarından birinden mezun olmak. | 3382 - Tarım Ekonomisi;022a39c6-c20a-e611-80c6-a0369f7d1486
2016;4;901801537;Gıda, Tarım ve Hayvancılık Bakanlığı;Veteriner Hekim;Tekirdağ;Lisans;1;;79.529;79.529;"4607;6373";4607 - Aşağıdaki lisans programlarından birinden mezun olmak. | 6373 - Veteriner;ab2b39c6-c20a-e611-80c6-a0369f7d1486
2016;4;901800815;Gıda, Tarım ve Hayvancılık Bakanlığı;Veteriner Hekim;İstanbul;Lisans;1;;79.524;79.524;"4607;6373";4607 - Aşağıdaki lisans programlarından birinden mezun olmak. | 6373 - Veteriner;812a39c6-c20a-e611-80c6-a0369f7d1486
2016;4;901800751;Gıda, Tarım ve Hayvancılık Bakanlığı;Veteriner Hekim;İstanbul;Lisans;2;;79.518;79.876;"4607;6373";4607 - Aşağıdaki lisans programlarından birinden mezun olmak. | 6373 - Veteriner;612a39c6-c20a-e611-80c6-a0369f7d1486
2016;4;901800631;Gıda, Tarım ve Hayvancılık Bakanlığı;Mühendis;Gümüşhane;Lisans;1;;79.482;79.482;"4803;8196;4825;5135;4831;3202;8258;8289;4845;3385;3386;4212;6131;8147;8158;9048;9269;4846;9114;4853;3325;3383;3384;8221;8263;4854;9106;4857;3382";4803 - Aşağıdaki lisans programlarından birinden mezun olmak. | 8196 - Gıda Bilimi ve Teknolojisi | 4825 - Aşağıdaki lisans programlarından birinden mezun olmak. | 5135 - Ziraat Mühendisliği | 4831 - Aşağıdaki lisans programlarından birinden mezun olmak. | 3202 - Hayvansal Üretim | 8258 - Süt Teknolojisi | 8289 - Zootekni / Zooteknik | 4845 - Aşağıdaki lisans programlarından birinden mezun olmak. | 3385 - Tarla Bitkileri | 3386 - Toprak | 4212 - Bahçe ve Tarla Bitkileri | 6131 - Bitkisel Üretim | 8147 - Bahçe Bitkileri | 8158 - Bitki Koruma | 9048 - Toprak Bilimi ve Bitki Besleme | 9269 - Bitkisel Üretim ve Teknolojileri | 4846 - Aşağıdaki lisans programlarından birinden mezun olmak. | 9114 - Biyosistem Mühendisliği | 4853 - Aşağıdaki lisans programlarından birinden mezun olmak. | 3325 - Tarım Teknolojisi | 3383 - Tarım Makineleri | 3384 - Tarımsal Yapılar ve Sulama | 8221 - Kültürteknik | 8263 - Tarımsal Mekanizasyon | 4854 - Aşağıdaki lisans programlarından birinden mezun olmak. | 9106 - Tarımsal Biyoteknoloji | 4857 - Aşağıdaki lisans programlarından birinden mezun olmak. | 3382 - Tarım Ekonomisi;292a39c6-c20a-e611-80c6-a0369f7d1486
2016;4;901800449;Gıda, Tarım ve Hayvancılık Bakanlığı;Veteriner Hekim;Edirne;Lisans;6;;79.465;80.138;"4607;6373";4607 - Aşağıdaki lisans programlarından birinden mezun olmak. | 6373 - Veteriner;ce2939c6-c20a-e611-80c6-a0369f7d1486
2016;4;901801441;Gıda, Tarım ve Hayvancılık Bakanlığı;Veteriner Hekim;Sivas;Lisans;1;;79.454;79.454;"4607;6373";4607 - Aşağıdaki lisans programlarından birinden mezun olmak. | 6373 - Veteriner;a52b39c6-c20a-e611-80c6-a0369f7d1486
2016;4;901800059;Gıda, Tarım ve Hayvancılık Bakanlığı;Veteriner Hekim;Afyonkarahisar;Lisans;2;;79.452;80.44;"4607;6373";4607 - Aşağıdaki lisans programlarından birinden mezun olmak. | 6373 - Veteriner;2a2939c6-c20a-e611-80c6-a0369f7d1486
2016;4;901800879;Gıda, Tarım ve Hayvancılık Bakanlığı;Veteriner Hekim;Kahramanmaraş;Lisans;1;;79.441;79.441;"4607;6373";4607 - Aşağıdaki lisans programlarından birinden mezun olmak. | 6373 - Veteriner;202b39c6-c20a-e611-80c6-a0369f7d1486
2016;4;901801681;Gıda, Tarım ve Hayvancılık Bakanlığı;Veteriner Hekim;Zonguldak;Lisans;1;;79.438;79.438;"4607;6373";4607 - Aşağıdaki lisans programlarından birinden mezun olmak. | 6373 - Veteriner;0d2c39c6-c20a-e611-80c6-a0369f7d1486
2016;4;901800593;Gıda, Tarım ve Hayvancılık Bakanlığı;Mühendis;Giresun;Lisans;1;;79.43;79.43;"4803;8196;4825;5135;4831;3202;8258;8289;4845;3385;3386;4212;6131;8147;8158;9048;9269;4846;9114;4853;3325;3383;3384;8221;8263;4854;9106;4857;3382";4803 - Aşağıdaki lisans programlarından birinden mezun olmak. | 8196 - Gıda Bilimi ve Teknolojisi | 4825 - Aşağıdaki lisans programlarından birinden mezun olmak. | 5135 - Ziraat Mühendisliği | 4831 - Aşağıdaki lisans programlarından birinden mezun olmak. | 3202 - Hayvansal Üretim | 8258 - Süt Teknolojisi | 8289 - Zootekni / Zooteknik | 4845 - Aşağıdaki lisans programlarından birinden mezun olmak. | 3385 - Tarla Bitkileri | 3386 - Toprak | 4212 - Bahçe ve Tarla Bitkileri | 6131 - Bitkisel Üretim | 8147 - Bahçe Bitkileri | 8158 - Bitki Koruma | 9048 - Toprak Bilimi ve Bitki Besleme | 9269 - Bitkisel Üretim ve Teknolojileri | 4846 - Aşağıdaki lisans programlarından birinden mezun olmak. | 9114 - Biyosistem Mühendisliği | 4853 - Aşağıdaki lisans programlarından birinden mezun olmak. | 3325 - Tarım Teknolojisi | 3383 - Tarım Makineleri | 3384 - Tarımsal Yapılar ve Sulama | 8221 - Kültürteknik | 8263 - Tarımsal Mekanizasyon | 4854 - Aşağıdaki lisans programlarından birinden mezun olmak. | 9106 - Tarımsal Biyoteknoloji | 4857 - Aşağıdaki lisans programlarından birinden mezun olmak. | 3382 - Tarım Ekonomisi;162a39c6-c20a-e611-80c6-a0369f7d1486
2016;4;901801347;Gıda, Tarım ve Hayvancılık Bakanlığı;Veteriner Hekim;Sakarya;Lisans;1;;79.43;79.43;"4607;6373";4607 - Aşağıdaki lisans programlarından birinden mezun olmak. | 6373 - Veteriner;762b39c6-c20a-e611-80c6-a0369f7d1486
2016;4;901800513;Gıda, Tarım ve Hayvancılık Bakanlığı;Mühendis;Erzincan;Lisans;1;;79.408;79.408;"4803;8196;4825;5135;4831;3202;8258;8289;4845;3385;3386;4212;6131;8147;8158;9048;9269;4846;9114;4853;3325;3383;3384;8221;8263;4854;9106;4857;3382";4803 - Aşağıdaki lisans programlarından birinden mezun olmak. | 8196 - Gıda Bilimi ve Teknolojisi | 4825 - Aşağıdaki lisans programlarından birinden mezun olmak. | 5135 - Ziraat Mühendisliği | 4831 - Aşağıdaki lisans programlarından birinden mezun olmak. | 3202 - Hayvansal Üretim | 8258 - Süt Teknolojisi | 8289 - Zootekni / Zooteknik | 4845 - Aşağıdaki lisans programlarından birinden mezun olmak. | 3385 - Tarla Bitkileri | 3386 - Toprak | 4212 - Bahçe ve Tarla Bitkileri | 6131 - Bitkisel Üretim | 8147 - Bahçe Bitkileri | 8158 - Bitki Koruma | 9048 - Toprak Bilimi ve Bitki Besleme | 9269 - Bitkisel Üretim ve Teknolojileri | 4846 - Aşağıdaki lisans programlarından birinden mezun olmak. | 9114 - Biyosistem Mühendisliği | 4853 - Aşağıdaki lisans programlarından birinden mezun olmak. | 3325 - Tarım Teknolojisi | 3383 - Tarım Makineleri | 3384 - Tarımsal Yapılar ve Sulama | 8221 - Kültürteknik | 8263 - Tarımsal Mekanizasyon | 4854 - Aşağıdaki lisans programlarından birinden mezun olmak. | 9106 - Tarımsal Biyoteknoloji | 4857 - Aşağıdaki lisans programlarından birinden mezun olmak. | 3382 - Tarım Ekonomisi;ee2939c6-c20a-e611-80c6-a0369f7d1486
2016;4;901801497;Gıda, Tarım ve Hayvancılık Bakanlığı;Mühendis;Şanlıurfa;Lisans;3;;79.375;79.509;"4803;8196;4825;5135;4831;3202;8258;8289;4845;3385;3386;4212;6131;8147;8158;9048;9269;4846;9114;4853;3325;3383;3384;8221;8263;4854;9106;4857;3382";4803 - Aşağıdaki lisans programlarından birinden mezun olmak. | 8196 - Gıda Bilimi ve Teknolojisi | 4825 - Aşağıdaki lisans programlarından birinden mezun olmak. | 5135 - Ziraat Mühendisliği | 4831 - Aşağıdaki lisans programlarından birinden mezun olmak. | 3202 - Hayvansal Üretim | 8258 - Süt Teknolojisi | 8289 - Zootekni / Zooteknik | 4845 - Aşağıdaki lisans programlarından birinden mezun olmak. | 3385 - Tarla Bitkileri | 3386 - Toprak | 4212 - Bahçe ve Tarla Bitkileri | 6131 - Bitkisel Üretim | 8147 - Bahçe Bitkileri | 8158 - Bitki Koruma | 9048 - Toprak Bilimi ve Bitki Besleme | 9269 - Bitkisel Üretim ve Teknolojileri | 4846 - Aşağıdaki lisans programlarından birinden mezun olmak. | 9114 - Biyosistem Mühendisliği | 4853 - Aşağıdaki lisans programlarından birinden mezun olmak. | 3325 - Tarım Teknolojisi | 3383 - Tarım Makineleri | 3384 - Tarımsal Yapılar ve Sulama | 8221 - Kültürteknik | 8263 - Tarımsal Mekanizasyon | 4854 - Aşağıdaki lisans programlarından birinden mezun olmak. | 9106 - Tarımsal Biyoteknoloji | 4857 - Aşağıdaki lisans programlarından birinden mezun olmak. | 3382 - Tarım Ekonomisi;e22b39c6-c20a-e611-80c6-a0369f7d1486
2016;4;901800731;Gıda, Tarım ve Hayvancılık Bakanlığı;Veteriner Hekim;İstanbul;Lisans;1;;79.357;79.357;"4607;6373";4607 - Aşağıdaki lisans programlarından birinden mezun olmak. | 6373 - Veteriner;572a39c6-c20a-e611-80c6-a0369f7d1486
2016;4;901800663;Gıda, Tarım ve Hayvancılık Bakanlığı;Veteriner Hekim;Hatay;Lisans;1;;79.335;79.335;"4607;6373";4607 - Aşağıdaki lisans programlarından birinden mezun olmak. | 6373 - Veteriner;392a39c6-c20a-e611-80c6-a0369f7d1486
2016;4;901800685;Gıda, Tarım ve Hayvancılık Bakanlığı;Mühendis;Iğdır;Lisans;16;;79.335;81.073;"4803;8196;4825;5135;4831;3202;8258;8289;4845;3385;3386;4212;6131;8147;8158;9048;9269;4846;9114;4853;3325;3383;3384;8221;8263;4854;9106;4857;3382";4803 - Aşağıdaki lisans programlarından birinden mezun olmak. | 8196 - Gıda Bilimi ve Teknolojisi | 4825 - Aşağıdaki lisans programlarından birinden mezun olmak. | 5135 - Ziraat Mühendisliği | 4831 - Aşağıdaki lisans programlarından birinden mezun olmak. | 3202 - Hayvansal Üretim | 8258 - Süt Teknolojisi | 8289 - Zootekni / Zooteknik | 4845 - Aşağıdaki lisans programlarından birinden mezun olmak. | 3385 - Tarla Bitkileri | 3386 - Toprak | 4212 - Bahçe ve Tarla Bitkileri | 6131 - Bitkisel Üretim | 8147 - Bahçe Bitkileri | 8158 - Bitki Koruma | 9048 - Toprak Bilimi ve Bitki Besleme | 9269 - Bitkisel Üretim ve Teknolojileri | 4846 - Aşağıdaki lisans programlarından birinden mezun olmak. | 9114 - Biyosistem Mühendisliği | 4853 - Aşağıdaki lisans programlarından birinden mezun olmak. | 3325 - Tarım Teknolojisi | 3383 - Tarım Makineleri | 3384 - Tarımsal Yapılar ve Sulama | 8221 - Kültürteknik | 8263 - Tarımsal Mekanizasyon | 4854 - Aşağıdaki lisans programlarından birinden mezun olmak. | 9106 - Tarımsal Biyoteknoloji | 4857 - Aşağıdaki lisans programlarından birinden mezun olmak. | 3382 - Tarım Ekonomisi;442c39c6-c20a-e611-80c6-a0369f7d1486
2016;4;901800929;Gıda, Tarım ve Hayvancılık Bakanlığı;Mühendis;Kars;Lisans;3;;79.326;79.632;"4803;8196;4825;5135;4831;3202;8258;8289;4845;3385;3386;4212;6131;8147;8158;9048;9269;4846;9114;4853;3325;3383;3384;8221;8263;4854;9106;4857;3382";4803 - Aşağıdaki lisans programlarından birinden mezun olmak. | 8196 - Gıda Bilimi ve Teknolojisi | 4825 - Aşağıdaki lisans programlarından birinden mezun olmak. | 5135 - Ziraat Mühendisliği | 4831 - Aşağıdaki lisans programlarından birinden mezun olmak. | 3202 - Hayvansal Üretim | 8258 - Süt Teknolojisi | 8289 - Zootekni / Zooteknik | 4845 - Aşağıdaki lisans programlarından birinden mezun olmak. | 3385 - Tarla Bitkileri | 3386 - Toprak | 4212 - Bahçe ve Tarla Bitkileri | 6131 - Bitkisel Üretim | 8147 - Bahçe Bitkileri | 8158 - Bitki Koruma | 9048 - Toprak Bilimi ve Bitki Besleme | 9269 - Bitkisel Üretim ve Teknolojileri | 4846 - Aşağıdaki lisans programlarından birinden mezun olmak. | 9114 - Biyosistem Mühendisliği | 4853 - Aşağıdaki lisans programlarından birinden mezun olmak. | 3325 - Tarım Teknolojisi | 3383 - Tarım Makineleri | 3384 - Tarımsal Yapılar ve Sulama | 8221 - Kültürteknik | 8263 - Tarımsal Mekanizasyon | 4854 - Aşağıdaki lisans programlarından birinden mezun olmak. | 9106 - Tarımsal Biyoteknoloji | 4857 - Aşağıdaki lisans programlarından birinden mezun olmak. | 3382 - Tarım Ekonomisi;a32a39c6-c20a-e611-80c6-a0369f7d1486
2016;4;901800065;Gıda, Tarım ve Hayvancılık Bakanlığı;Veteriner Hekim;Afyonkarahisar;Lisans;3;;79.315;79.553;"4607;6373";4607 - Aşağıdaki lisans programlarından birinden mezun olmak. | 6373 - Veteriner;2d2939c6-c20a-e611-80c6-a0369f7d1486
2016;4;901800529;Gıda, Tarım ve Hayvancılık Bakanlığı;Mühendis;Erzurum;Lisans;2;;79.306;79.753;"4803;8196;4825;5135;4831;3202;8258;8289;4845;3385;3386;4212;6131;8147;8158;9048;9269;4846;9114;4853;3325;3383;3384;8221;8263;4854;9106;4857;3382";4803 - Aşağıdaki lisans programlarından birinden mezun olmak. | 8196 - Gıda Bilimi ve Teknolojisi | 4825 - Aşağıdaki lisans programlarından birinden mezun olmak. | 5135 - Ziraat Mühendisliği | 4831 - Aşağıdaki lisans programlarından birinden mezun olmak. | 3202 - Hayvansal Üretim | 8258 - Süt Teknolojisi | 8289 - Zootekni / Zooteknik | 4845 - Aşağıdaki lisans programlarından birinden mezun olmak. | 3385 - Tarla Bitkileri | 3386 - Toprak | 4212 - Bahçe ve Tarla Bitkileri | 6131 - Bitkisel Üretim | 8147 - Bahçe Bitkileri | 8158 - Bitki Koruma | 9048 - Toprak Bilimi ve Bitki Besleme | 9269 - Bitkisel Üretim ve Teknolojileri | 4846 - Aşağıdaki lisans programlarından birinden mezun olmak. | 9114 - Biyosistem Mühendisliği | 4853 - Aşağıdaki lisans programlarından birinden mezun olmak. | 3325 - Tarım Teknolojisi | 3383 - Tarım Makineleri | 3384 - Tarımsal Yapılar ve Sulama | 8221 - Kültürteknik | 8263 - Tarımsal Mekanizasyon | 4854 - Aşağıdaki lisans programlarından birinden mezun olmak. | 9106 - Tarımsal Biyoteknoloji | 4857 - Aşağıdaki lisans programlarından birinden mezun olmak. | 3382 - Tarım Ekonomisi;f62939c6-c20a-e611-80c6-a0369f7d1486
2016;4;901801351;Gıda, Tarım ve Hayvancılık Bakanlığı;Veteriner Hekim;Sakarya;Lisans;1;;79.289;79.289;"4607;6373";4607 - Aşağıdaki lisans programlarından birinden mezun olmak. | 6373 - Veteriner;782b39c6-c20a-e611-80c6-a0369f7d1486
2016;4;901800297;Gıda, Tarım ve Hayvancılık Bakanlığı;Mühendis;Bitlis;Lisans;6;;79.258;80.792;"4803;8196;4825;5135;4831;3202;8258;8289;4845;3385;3386;4212;6131;8147;8158;9048;9269;4846;9114;4853;3325;3383;3384;8221;8263;4854;9106;4857;3382";4803 - Aşağıdaki lisans programlarından birinden mezun olmak. | 8196 - Gıda Bilimi ve Teknolojisi | 4825 - Aşağıdaki lisans programlarından birinden mezun olmak. | 5135 - Ziraat Mühendisliği | 4831 - Aşağıdaki lisans programlarından birinden mezun olmak. | 3202 - Hayvansal Üretim | 8258 - Süt Teknolojisi | 8289 - Zootekni / Zooteknik | 4845 - Aşağıdaki lisans programlarından birinden mezun olmak. | 3385 - Tarla Bitkileri | 3386 - Toprak | 4212 - Bahçe ve Tarla Bitkileri | 6131 - Bitkisel Üretim | 8147 - Bahçe Bitkileri | 8158 - Bitki Koruma | 9048 - Toprak Bilimi ve Bitki Besleme | 9269 - Bitkisel Üretim ve Teknolojileri | 4846 - Aşağıdaki lisans programlarından birinden mezun olmak. | 9114 - Biyosistem Mühendisliği | 4853 - Aşağıdaki lisans programlarından birinden mezun olmak. | 3325 - Tarım Teknolojisi | 3383 - Tarım Makineleri | 3384 - Tarımsal Yapılar ve Sulama | 8221 - Kültürteknik | 8263 - Tarımsal Mekanizasyon | 4854 - Aşağıdaki lisans programlarından birinden mezun olmak. | 9106 - Tarımsal Biyoteknoloji | 4857 - Aşağıdaki lisans programlarından birinden mezun olmak. | 3382 - Tarım Ekonomisi;862939c6-c20a-e611-80c6-a0369f7d1486
2016;4;901800533;Gıda, Tarım ve Hayvancılık Bakanlığı;Mühendis;Erzurum;Lisans;1;;79.243;79.243;"4803;8196;4825;5135;4831;3202;8258;8289;4845;3385;3386;4212;6131;8147;8158;9048;9269;4846;9114;4853;3325;3383;3384;8221;8263;4854;9106;4857;3382";4803 - Aşağıdaki lisans programlarından birinden mezun olmak. | 8196 - Gıda Bilimi ve Teknolojisi | 4825 - Aşağıdaki lisans programlarından birinden mezun olmak. | 5135 - Ziraat Mühendisliği | 4831 - Aşağıdaki lisans programlarından birinden mezun olmak. | 3202 - Hayvansal Üretim | 8258 - Süt Teknolojisi | 8289 - Zootekni / Zooteknik | 4845 - Aşağıdaki lisans programlarından birinden mezun olmak. | 3385 - Tarla Bitkileri | 3386 - Toprak | 4212 - Bahçe ve Tarla Bitkileri | 6131 - Bitkisel Üretim | 8147 - Bahçe Bitkileri | 8158 - Bitki Koruma | 9048 - Toprak Bilimi ve Bitki Besleme | 9269 - Bitkisel Üretim ve Teknolojileri | 4846 - Aşağıdaki lisans programlarından birinden mezun olmak. | 9114 - Biyosistem Mühendisliği | 4853 - Aşağıdaki lisans programlarından birinden mezun olmak. | 3325 - Tarım Teknolojisi | 3383 - Tarım Makineleri | 3384 - Tarımsal Yapılar ve Sulama | 8221 - Kültürteknik | 8263 - Tarımsal Mekanizasyon | 4854 - Aşağıdaki lisans programlarından birinden mezun olmak. | 9106 - Tarımsal Biyoteknoloji | 4857 - Aşağıdaki lisans programlarından birinden mezun olmak. | 3382 - Tarım Ekonomisi;f82939c6-c20a-e611-80c6-a0369f7d1486
2016;4;901800491;Gıda, Tarım ve Hayvancılık Bakanlığı;Mühendis;Erzincan;Lisans;1;;79.236;79.236;"4803;8196;4825;5135;4831;3202;8258;8289;4845;3385;3386;4212;6131;8147;8158;9048;9269;4846;9114;4853;3325;3383;3384;8221;8263;4854;9106;4857;3382";4803 - Aşağıdaki lisans programlarından birinden mezun olmak. | 8196 - Gıda Bilimi ve Teknolojisi | 4825 - Aşağıdaki lisans programlarından birinden mezun olmak. | 5135 - Ziraat Mühendisliği | 4831 - Aşağıdaki lisans programlarından birinden mezun olmak. | 3202 - Hayvansal Üretim | 8258 - Süt Teknolojisi | 8289 - Zootekni / Zooteknik | 4845 - Aşağıdaki lisans programlarından birinden mezun olmak. | 3385 - Tarla Bitkileri | 3386 - Toprak | 4212 - Bahçe ve Tarla Bitkileri | 6131 - Bitkisel Üretim | 8147 - Bahçe Bitkileri | 8158 - Bitki Koruma | 9048 - Toprak Bilimi ve Bitki Besleme | 9269 - Bitkisel Üretim ve Teknolojileri | 4846 - Aşağıdaki lisans programlarından birinden mezun olmak. | 9114 - Biyosistem Mühendisliği | 4853 - Aşağıdaki lisans programlarından birinden mezun olmak. | 3325 - Tarım Teknolojisi | 3383 - Tarım Makineleri | 3384 - Tarımsal Yapılar ve Sulama | 8221 - Kültürteknik | 8263 - Tarımsal Mekanizasyon | 4854 - Aşağıdaki lisans programlarından birinden mezun olmak. | 9106 - Tarımsal Biyoteknoloji | 4857 - Aşağıdaki lisans programlarından birinden mezun olmak. | 3382 - Tarım Ekonomisi;e32939c6-c20a-e611-80c6-a0369f7d1486
2016;4;901800035;Gıda, Tarım ve Hayvancılık Bakanlığı;Veteriner Hekim;Afyonkarahisar;Lisans;1;;79.199;79.199;"4607;6373";4607 - Aşağıdaki lisans programlarından birinden mezun olmak. | 6373 - Veteriner;1e2939c6-c20a-e611-80c6-a0369f7d1486
2016;4;901800549;Gıda, Tarım ve Hayvancılık Bakanlığı;Mühendis;Erzurum;Lisans;1;;79.196;79.196;"4803;8196;4825;5135;4831;3202;8258;8289;4845;3385;3386;4212;6131;8147;8158;9048;9269;4846;9114;4853;3325;3383;3384;8221;8263;4854;9106;4857;3382";4803 - Aşağıdaki lisans programlarından birinden mezun olmak. | 8196 - Gıda Bilimi ve Teknolojisi | 4825 - Aşağıdaki lisans programlarından birinden mezun olmak. | 5135 - Ziraat Mühendisliği | 4831 - Aşağıdaki lisans programlarından birinden mezun olmak. | 3202 - Hayvansal Üretim | 8258 - Süt Teknolojisi | 8289 - Zootekni / Zooteknik | 4845 - Aşağıdaki lisans programlarından birinden mezun olmak. | 3385 - Tarla Bitkileri | 3386 - Toprak | 4212 - Bahçe ve Tarla Bitkileri | 6131 - Bitkisel Üretim | 8147 - Bahçe Bitkileri | 8158 - Bitki Koruma | 9048 - Toprak Bilimi ve Bitki Besleme | 9269 - Bitkisel Üretim ve Teknolojileri | 4846 - Aşağıdaki lisans programlarından birinden mezun olmak. | 9114 - Biyosistem Mühendisliği | 4853 - Aşağıdaki lisans programlarından birinden mezun olmak. | 3325 - Tarım Teknolojisi | 3383 - Tarım Makineleri | 3384 - Tarımsal Yapılar ve Sulama | 8221 - Kültürteknik | 8263 - Tarımsal Mekanizasyon | 4854 - Aşağıdaki lisans programlarından birinden mezun olmak. | 9106 - Tarımsal Biyoteknoloji | 4857 - Aşağıdaki lisans programlarından birinden mezun olmak. | 3382 - Tarım Ekonomisi;002a39c6-c20a-e611-80c6-a0369f7d1486
2016;4;901800293;Gıda, Tarım ve Hayvancılık Bakanlığı;Mühendis;Bitlis;Lisans;1;;79.188;79.188;"4803;8196;4825;5135;4831;3202;8258;8289;4845;3385;3386;4212;6131;8147;8158;9048;9269;4846;9114;4853;3325;3383;3384;8221;8263;4854;9106;4857;3382";4803 - Aşağıdaki lisans programlarından birinden mezun olmak. | 8196 - Gıda Bilimi ve Teknolojisi | 4825 - Aşağıdaki lisans programlarından birinden mezun olmak. | 5135 - Ziraat Mühendisliği | 4831 - Aşağıdaki lisans programlarından birinden mezun olmak. | 3202 - Hayvansal Üretim | 8258 - Süt Teknolojisi | 8289 - Zootekni / Zooteknik | 4845 - Aşağıdaki lisans programlarından birinden mezun olmak. | 3385 - Tarla Bitkileri | 3386 - Toprak | 4212 - Bahçe ve Tarla Bitkileri | 6131 - Bitkisel Üretim | 8147 - Bahçe Bitkileri | 8158 - Bitki Koruma | 9048 - Toprak Bilimi ve Bitki Besleme | 9269 - Bitkisel Üretim ve Teknolojileri | 4846 - Aşağıdaki lisans programlarından birinden mezun olmak. | 9114 - Biyosistem Mühendisliği | 4853 - Aşağıdaki lisans programlarından birinden mezun olmak. | 3325 - Tarım Teknolojisi | 3383 - Tarım Makineleri | 3384 - Tarımsal Yapılar ve Sulama | 8221 - Kültürteknik | 8263 - Tarımsal Mekanizasyon | 4854 - Aşağıdaki lisans programlarından birinden mezun olmak. | 9106 - Tarımsal Biyoteknoloji | 4857 - Aşağıdaki lisans programlarından birinden mezun olmak. | 3382 - Tarım Ekonomisi;842939c6-c20a-e611-80c6-a0369f7d1486
2016;4;901801453;Gıda, Tarım ve Hayvancılık Bakanlığı;Mühendis;Şanlıurfa;Lisans;1;;79.185;79.185;"4803;8196;4825;5135;4831;3202;8258;8289;4845;3385;3386;4212;6131;8147;8158;9048;9269;4846;9114;4853;3325;3383;3384;8221;8263;4854;9106;4857;3382";4803 - Aşağıdaki lisans programlarından birinden mezun olmak. | 8196 - Gıda Bilimi ve Teknolojisi | 4825 - Aşağıdaki lisans programlarından birinden mezun olmak. | 5135 - Ziraat Mühendisliği | 4831 - Aşağıdaki lisans programlarından birinden mezun olmak. | 3202 - Hayvansal Üretim | 8258 - Süt Teknolojisi | 8289 - Zootekni / Zooteknik | 4845 - Aşağıdaki lisans programlarından birinden mezun olmak. | 3385 - Tarla Bitkileri | 3386 - Toprak | 4212 - Bahçe ve Tarla Bitkileri | 6131 - Bitkisel Üretim | 8147 - Bahçe Bitkileri | 8158 - Bitki Koruma | 9048 - Toprak Bilimi ve Bitki Besleme | 9269 - Bitkisel Üretim ve Teknolojileri | 4846 - Aşağıdaki lisans programlarından birinden mezun olmak. | 9114 - Biyosistem Mühendisliği | 4853 - Aşağıdaki lisans programlarından birinden mezun olmak. | 3325 - Tarım Teknolojisi | 3383 - Tarım Makineleri | 3384 - Tarımsal Yapılar ve Sulama | 8221 - Kültürteknik | 8263 - Tarımsal Mekanizasyon | 4854 - Aşağıdaki lisans programlarından birinden mezun olmak. | 9106 - Tarımsal Biyoteknoloji | 4857 - Aşağıdaki lisans programlarından birinden mezun olmak. | 3382 - Tarım Ekonomisi;cc2b39c6-c20a-e611-80c6-a0369f7d1486
2016;4;901800283;Gıda, Tarım ve Hayvancılık Bakanlığı;Mühendis;Bingöl;Lisans;1;;79.179;79.179;"4803;8196;4825;5135;4831;3202;8258;8289;4845;3385;3386;4212;6131;8147;8158;9048;9269;4846;9114;4853;3325;3383;3384;8221;8263;4854;9106;4857;3382";4803 - Aşağıdaki lisans programlarından birinden mezun olmak. | 8196 - Gıda Bilimi ve Teknolojisi | 4825 - Aşağıdaki lisans programlarından birinden mezun olmak. | 5135 - Ziraat Mühendisliği | 4831 - Aşağıdaki lisans programlarından birinden mezun olmak. | 3202 - Hayvansal Üretim | 8258 - Süt Teknolojisi | 8289 - Zootekni / Zooteknik | 4845 - Aşağıdaki lisans programlarından birinden mezun olmak. | 3385 - Tarla Bitkileri | 3386 - Toprak | 4212 - Bahçe ve Tarla Bitkileri | 6131 - Bitkisel Üretim | 8147 - Bahçe Bitkileri | 8158 - Bitki Koruma | 9048 - Toprak Bilimi ve Bitki Besleme | 9269 - Bitkisel Üretim ve Teknolojileri | 4846 - Aşağıdaki lisans programlarından birinden mezun olmak. | 9114 - Biyosistem Mühendisliği | 4853 - Aşağıdaki lisans programlarından birinden mezun olmak. | 3325 - Tarım Teknolojisi | 3383 - Tarım Makineleri | 3384 - Tarımsal Yapılar ve Sulama | 8221 - Kültürteknik | 8263 - Tarımsal Mekanizasyon | 4854 - Aşağıdaki lisans programlarından birinden mezun olmak. | 9106 - Tarımsal Biyoteknoloji | 4857 - Aşağıdaki lisans programlarından birinden mezun olmak. | 3382 - Tarım Ekonomisi;7f2939c6-c20a-e611-80c6-a0369f7d1486
2016;4;901801465;Gıda, Tarım ve Hayvancılık Bakanlığı;Mühendis;Şanlıurfa;Lisans;5;;79.163;79.656;"4803;8196;4825;5135;4831;3202;8258;8289;4845;3385;3386;4212;6131;8147;8158;9048;9269;4846;9114;4853;3325;3383;3384;8221;8263;4854;9106;4857;3382";4803 - Aşağıdaki lisans programlarından birinden mezun olmak. | 8196 - Gıda Bilimi ve Teknolojisi | 4825 - Aşağıdaki lisans programlarından birinden mezun olmak. | 5135 - Ziraat Mühendisliği | 4831 - Aşağıdaki lisans programlarından birinden mezun olmak. | 3202 - Hayvansal Üretim | 8258 - Süt Teknolojisi | 8289 - Zootekni / Zooteknik | 4845 - Aşağıdaki lisans programlarından birinden mezun olmak. | 3385 - Tarla Bitkileri | 3386 - Toprak | 4212 - Bahçe ve Tarla Bitkileri | 6131 - Bitkisel Üretim | 8147 - Bahçe Bitkileri | 8158 - Bitki Koruma | 9048 - Toprak Bilimi ve Bitki Besleme | 9269 - Bitkisel Üretim ve Teknolojileri | 4846 - Aşağıdaki lisans programlarından birinden mezun olmak. | 9114 - Biyosistem Mühendisliği | 4853 - Aşağıdaki lisans programlarından birinden mezun olmak. | 3325 - Tarım Teknolojisi | 3383 - Tarım Makineleri | 3384 - Tarımsal Yapılar ve Sulama | 8221 - Kültürteknik | 8263 - Tarımsal Mekanizasyon | 4854 - Aşağıdaki lisans programlarından birinden mezun olmak. | 9106 - Tarımsal Biyoteknoloji | 4857 - Aşağıdaki lisans programlarından birinden mezun olmak. | 3382 - Tarım Ekonomisi;d22b39c6-c20a-e611-80c6-a0369f7d1486
2016;4;901801185;Gıda, Tarım ve Hayvancılık Bakanlığı;Mühendis;Mardin;Lisans;2;;79.161;79.63;"4803;8196;4825;5135;4831;3202;8258;8289;4845;3385;3386;4212;6131;8147;8158;9048;9269;4846;9114;4853;3325;3383;3384;8221;8263;4854;9106;4857;3382";4803 - Aşağıdaki lisans programlarından birinden mezun olmak. | 8196 - Gıda Bilimi ve Teknolojisi | 4825 - Aşağıdaki lisans programlarından birinden mezun olmak. | 5135 - Ziraat Mühendisliği | 4831 - Aşağıdaki lisans programlarından birinden mezun olmak. | 3202 - Hayvansal Üretim | 8258 - Süt Teknolojisi | 8289 - Zootekni / Zooteknik | 4845 - Aşağıdaki lisans programlarından birinden mezun olmak. | 3385 - Tarla Bitkileri | 3386 - Toprak | 4212 - Bahçe ve Tarla Bitkileri | 6131 - Bitkisel Üretim | 8147 - Bahçe Bitkileri | 8158 - Bitki Koruma | 9048 - Toprak Bilimi ve Bitki Besleme | 9269 - Bitkisel Üretim ve Teknolojileri | 4846 - Aşağıdaki lisans programlarından birinden mezun olmak. | 9114 - Biyosistem Mühendisliği | 4853 - Aşağıdaki lisans programlarından birinden mezun olmak. | 3325 - Tarım Teknolojisi | 3383 - Tarım Makineleri | 3384 - Tarımsal Yapılar ve Sulama | 8221 - Kültürteknik | 8263 - Tarımsal Mekanizasyon | 4854 - Aşağıdaki lisans programlarından birinden mezun olmak. | 9106 - Tarımsal Biyoteknoloji | 4857 - Aşağıdaki lisans programlarından birinden mezun olmak. | 3382 - Tarım Ekonomisi;2c2b39c6-c20a-e611-80c6-a0369f7d1486
2016;4;901801341;Gıda, Tarım ve Hayvancılık Bakanlığı;Veteriner Hekim;Sakarya;Lisans;1;;79.137;79.137;"4607;6373";4607 - Aşağıdaki lisans programlarından birinden mezun olmak. | 6373 - Veteriner;732b39c6-c20a-e611-80c6-a0369f7d1486
2016;4;901800135;Gıda, Tarım ve Hayvancılık Bakanlığı;Mühendis;Ardahan;Lisans;18;;79.122;80.521;"4803;8196;4825;5135;4831;3202;8258;8289;4845;3385;3386;4212;6131;8147;8158;9048;9269;4846;9114;4853;3325;3383;3384;8221;8263;4854;9106;4857;3382";4803 - Aşağıdaki lisans programlarından birinden mezun olmak. | 8196 - Gıda Bilimi ve Teknolojisi | 4825 - Aşağıdaki lisans programlarından birinden mezun olmak. | 5135 - Ziraat Mühendisliği | 4831 - Aşağıdaki lisans programlarından birinden mezun olmak. | 3202 - Hayvansal Üretim | 8258 - Süt Teknolojisi | 8289 - Zootekni / Zooteknik | 4845 - Aşağıdaki lisans programlarından birinden mezun olmak. | 3385 - Tarla Bitkileri | 3386 - Toprak | 4212 - Bahçe ve Tarla Bitkileri | 6131 - Bitkisel Üretim | 8147 - Bahçe Bitkileri | 8158 - Bitki Koruma | 9048 - Toprak Bilimi ve Bitki Besleme | 9269 - Bitkisel Üretim ve Teknolojileri | 4846 - Aşağıdaki lisans programlarından birinden mezun olmak. | 9114 - Biyosistem Mühendisliği | 4853 - Aşağıdaki lisans programlarından birinden mezun olmak. | 3325 - Tarım Teknolojisi | 3383 - Tarım Makineleri | 3384 - Tarımsal Yapılar ve Sulama | 8221 - Kültürteknik | 8263 - Tarımsal Mekanizasyon | 4854 - Aşağıdaki lisans programlarından birinden mezun olmak. | 9106 - Tarımsal Biyoteknoloji | 4857 - Aşağıdaki lisans programlarından birinden mezun olmak. | 3382 - Tarım Ekonomisi;372c39c6-c20a-e611-80c6-a0369f7d1486
2016;4;901801003;Gıda, Tarım ve Hayvancılık Bakanlığı;Veteriner Hekim;Kırklareli;Lisans;3;;79.119;80.825;"4607;6373";4607 - Aşağıdaki lisans programlarından birinden mezun olmak. | 6373 - Veteriner;c72a39c6-c20a-e611-80c6-a0369f7d1486
2016;4;901801359;Gıda, Tarım ve Hayvancılık Bakanlığı;Veteriner Hekim;Sakarya;Lisans;1;;79.095;79.095;"4607;6373";4607 - Aşağıdaki lisans programlarından birinden mezun olmak. | 6373 - Veteriner;7c2b39c6-c20a-e611-80c6-a0369f7d1486
2016;4;901801095;Gıda, Tarım ve Hayvancılık Bakanlığı;Veteriner Hekim;Konya;Lisans;3;;79.093;81.135;"4607;6373";4607 - Aşağıdaki lisans programlarından birinden mezun olmak. | 6373 - Veteriner;f02a39c6-c20a-e611-80c6-a0369f7d1486
2016;4;901800915;Gıda, Tarım ve Hayvancılık Bakanlığı;Mühendis;Kars;Lisans;1;;79.067;79.067;"4803;8196;4825;5135;4831;3202;8258;8289;4845;3385;3386;4212;6131;8147;8158;9048;9269;4846;9114;4853;3325;3383;3384;8221;8263;4854;9106;4857;3382";4803 - Aşağıdaki lisans programlarından birinden mezun olmak. | 8196 - Gıda Bilimi ve Teknolojisi | 4825 - Aşağıdaki lisans programlarından birinden mezun olmak. | 5135 - Ziraat Mühendisliği | 4831 - Aşağıdaki lisans programlarından birinden mezun olmak. | 3202 - Hayvansal Üretim | 8258 - Süt Teknolojisi | 8289 - Zootekni / Zooteknik | 4845 - Aşağıdaki lisans programlarından birinden mezun olmak. | 3385 - Tarla Bitkileri | 3386 - Toprak | 4212 - Bahçe ve Tarla Bitkileri | 6131 - Bitkisel Üretim | 8147 - Bahçe Bitkileri | 8158 - Bitki Koruma | 9048 - Toprak Bilimi ve Bitki Besleme | 9269 - Bitkisel Üretim ve Teknolojileri | 4846 - Aşağıdaki lisans programlarından birinden mezun olmak. | 9114 - Biyosistem Mühendisliği | 4853 - Aşağıdaki lisans programlarından birinden mezun olmak. | 3325 - Tarım Teknolojisi | 3383 - Tarım Makineleri | 3384 - Tarımsal Yapılar ve Sulama | 8221 - Kültürteknik | 8263 - Tarımsal Mekanizasyon | 4854 - Aşağıdaki lisans programlarından birinden mezun olmak. | 9106 - Tarımsal Biyoteknoloji | 4857 - Aşağıdaki lisans programlarından birinden mezun olmak. | 3382 - Tarım Ekonomisi;9c2a39c6-c20a-e611-80c6-a0369f7d1486
2016;4;901801399;Gıda, Tarım ve Hayvancılık Bakanlığı;Mühendis;Siirt;Lisans;2;;79.058;79.141;"4803;8196;4825;5135;4831;3202;8258;8289;4845;3385;3386;4212;6131;8147;8158;9048;9269;4846;9114;4853;3325;3383;3384;8221;8263;4854;9106;4857;3382";4803 - Aşağıdaki lisans programlarından birinden mezun olmak. | 8196 - Gıda Bilimi ve Teknolojisi | 4825 - Aşağıdaki lisans programlarından birinden mezun olmak. | 5135 - Ziraat Mühendisliği | 4831 - Aşağıdaki lisans programlarından birinden mezun olmak. | 3202 - Hayvansal Üretim | 8258 - Süt Teknolojisi | 8289 - Zootekni / Zooteknik | 4845 - Aşağıdaki lisans programlarından birinden mezun olmak. | 3385 - Tarla Bitkileri | 3386 - Toprak | 4212 - Bahçe ve Tarla Bitkileri | 6131 - Bitkisel Üretim | 8147 - Bahçe Bitkileri | 8158 - Bitki Koruma | 9048 - Toprak Bilimi ve Bitki Besleme | 9269 - Bitkisel Üretim ve Teknolojileri | 4846 - Aşağıdaki lisans programlarından birinden mezun olmak. | 9114 - Biyosistem Mühendisliği | 4853 - Aşağıdaki lisans programlarından birinden mezun olmak. | 3325 - Tarım Teknolojisi | 3383 - Tarım Makineleri | 3384 - Tarımsal Yapılar ve Sulama | 8221 - Kültürteknik | 8263 - Tarımsal Mekanizasyon | 4854 - Aşağıdaki lisans programlarından birinden mezun olmak. | 9106 - Tarımsal Biyoteknoloji | 4857 - Aşağıdaki lisans programlarından birinden mezun olmak. | 3382 - Tarım Ekonomisi;902b39c6-c20a-e611-80c6-a0369f7d1486
2016;4;901800259;Gıda, Tarım ve Hayvancılık Bakanlığı;Mühendis;Bingöl;Lisans;5;;79.034;79.724;"4803;8196;4825;5135;4831;3202;8258;8289;4845;3385;3386;4212;6131;8147;8158;9048;9269;4846;9114;4853;3325;3383;3384;8221;8263;4854;9106;4857;3382";4803 - Aşağıdaki lisans programlarından birinden mezun olmak. | 8196 - Gıda Bilimi ve Teknolojisi | 4825 - Aşağıdaki lisans programlarından birinden mezun olmak. | 5135 - Ziraat Mühendisliği | 4831 - Aşağıdaki lisans programlarından birinden mezun olmak. | 3202 - Hayvansal Üretim | 8258 - Süt Teknolojisi | 8289 - Zootekni / Zooteknik | 4845 - Aşağıdaki lisans programlarından birinden mezun olmak. | 3385 - Tarla Bitkileri | 3386 - Toprak | 4212 - Bahçe ve Tarla Bitkileri | 6131 - Bitkisel Üretim | 8147 - Bahçe Bitkileri | 8158 - Bitki Koruma | 9048 - Toprak Bilimi ve Bitki Besleme | 9269 - Bitkisel Üretim ve Teknolojileri | 4846 - Aşağıdaki lisans programlarından birinden mezun olmak. | 9114 - Biyosistem Mühendisliği | 4853 - Aşağıdaki lisans programlarından birinden mezun olmak. | 3325 - Tarım Teknolojisi | 3383 - Tarım Makineleri | 3384 - Tarımsal Yapılar ve Sulama | 8221 - Kültürteknik | 8263 - Tarımsal Mekanizasyon | 4854 - Aşağıdaki lisans programlarından birinden mezun olmak. | 9106 - Tarımsal Biyoteknoloji | 4857 - Aşağıdaki lisans programlarından birinden mezun olmak. | 3382 - Tarım Ekonomisi;732939c6-c20a-e611-80c6-a0369f7d1486
2016;4;901800811;Gıda, Tarım ve Hayvancılık Bakanlığı;Veteriner Hekim;İstanbul;Lisans;1;;79.031;79.031;"4607;6373";4607 - Aşağıdaki lisans programlarından birinden mezun olmak. | 6373 - Veteriner;7f2a39c6-c20a-e611-80c6-a0369f7d1486
2016;4;901800691;Gıda, Tarım ve Hayvancılık Bakanlığı;Mühendis;Iğdır;Lisans;2;;79.018;79.709;"4803;8196;4825;5135;4831;3202;8258;8289;4845;3385;3386;4212;6131;8147;8158;9048;9269;4846;9114;4853;3325;3383;3384;8221;8263;4854;9106;4857;3382";4803 - Aşağıdaki lisans programlarından birinden mezun olmak. | 8196 - Gıda Bilimi ve Teknolojisi | 4825 - Aşağıdaki lisans programlarından birinden mezun olmak. | 5135 - Ziraat Mühendisliği | 4831 - Aşağıdaki lisans programlarından birinden mezun olmak. | 3202 - Hayvansal Üretim | 8258 - Süt Teknolojisi | 8289 - Zootekni / Zooteknik | 4845 - Aşağıdaki lisans programlarından birinden mezun olmak. | 3385 - Tarla Bitkileri | 3386 - Toprak | 4212 - Bahçe ve Tarla Bitkileri | 6131 - Bitkisel Üretim | 8147 - Bahçe Bitkileri | 8158 - Bitki Koruma | 9048 - Toprak Bilimi ve Bitki Besleme | 9269 - Bitkisel Üretim ve Teknolojileri | 4846 - Aşağıdaki lisans programlarından birinden mezun olmak. | 9114 - Biyosistem Mühendisliği | 4853 - Aşağıdaki lisans programlarından birinden mezun olmak. | 3325 - Tarım Teknolojisi | 3383 - Tarım Makineleri | 3384 - Tarımsal Yapılar ve Sulama | 8221 - Kültürteknik | 8263 - Tarımsal Mekanizasyon | 4854 - Aşağıdaki lisans programlarından birinden mezun olmak. | 9106 - Tarımsal Biyoteknoloji | 4857 - Aşağıdaki lisans programlarından birinden mezun olmak. | 3382 - Tarım Ekonomisi;472c39c6-c20a-e611-80c6-a0369f7d1486
2016;4;901800063;Gıda, Tarım ve Hayvancılık Bakanlığı;Veteriner Hekim;Afyonkarahisar;Lisans;2;;78.992;79.13;"4607;6373";4607 - Aşağıdaki lisans programlarından birinden mezun olmak. | 6373 - Veteriner;2c2939c6-c20a-e611-80c6-a0369f7d1486
2016;4;901800289;Gıda, Tarım ve Hayvancılık Bakanlığı;Mühendis;Bitlis;Lisans;11;;78.981;80.376;"4803;8196;4825;5135;4831;3202;8258;8289;4845;3385;3386;4212;6131;8147;8158;9048;9269;4846;9114;4853;3325;3383;3384;8221;8263;4854;9106;4857;3382";4803 - Aşağıdaki lisans programlarından birinden mezun olmak. | 8196 - Gıda Bilimi ve Teknolojisi | 4825 - Aşağıdaki lisans programlarından birinden mezun olmak. | 5135 - Ziraat Mühendisliği | 4831 - Aşağıdaki lisans programlarından birinden mezun olmak. | 3202 - Hayvansal Üretim | 8258 - Süt Teknolojisi | 8289 - Zootekni / Zooteknik | 4845 - Aşağıdaki lisans programlarından birinden mezun olmak. | 3385 - Tarla Bitkileri | 3386 - Toprak | 4212 - Bahçe ve Tarla Bitkileri | 6131 - Bitkisel Üretim | 8147 - Bahçe Bitkileri | 8158 - Bitki Koruma | 9048 - Toprak Bilimi ve Bitki Besleme | 9269 - Bitkisel Üretim ve Teknolojileri | 4846 - Aşağıdaki lisans programlarından birinden mezun olmak. | 9114 - Biyosistem Mühendisliği | 4853 - Aşağıdaki lisans programlarından birinden mezun olmak. | 3325 - Tarım Teknolojisi | 3383 - Tarım Makineleri | 3384 - Tarımsal Yapılar ve Sulama | 8221 - Kültürteknik | 8263 - Tarımsal Mekanizasyon | 4854 - Aşağıdaki lisans programlarından birinden mezun olmak. | 9106 - Tarımsal Biyoteknoloji | 4857 - Aşağıdaki lisans programlarından birinden mezun olmak. | 3382 - Tarım Ekonomisi;822939c6-c20a-e611-80c6-a0369f7d1486
2016;4;901801103;Gıda, Tarım ve Hayvancılık Bakanlığı;Veteriner Hekim;Konya;Lisans;1;;78.976;78.976;"4607;6373";4607 - Aşağıdaki lisans programlarından birinden mezun olmak. | 6373 - Veteriner;f42a39c6-c20a-e611-80c6-a0369f7d1486
2016;4;901800151;Gıda, Tarım ve Hayvancılık Bakanlığı;Mühendis;Ardahan;Lisans;2;;78.957;78.974;"4803;8196;4825;5135;4831;3202;8258;8289;4845;3385;3386;4212;6131;8147;8158;9048;9269;4846;9114;4853;3325;3383;3384;8221;8263;4854;9106;4857;3382";4803 - Aşağıdaki lisans programlarından birinden mezun olmak. | 8196 - Gıda Bilimi ve Teknolojisi | 4825 - Aşağıdaki lisans programlarından birinden mezun olmak. | 5135 - Ziraat Mühendisliği | 4831 - Aşağıdaki lisans programlarından birinden mezun olmak. | 3202 - Hayvansal Üretim | 8258 - Süt Teknolojisi | 8289 - Zootekni / Zooteknik | 4845 - Aşağıdaki lisans programlarından birinden mezun olmak. | 3385 - Tarla Bitkileri | 3386 - Toprak | 4212 - Bahçe ve Tarla Bitkileri | 6131 - Bitkisel Üretim | 8147 - Bahçe Bitkileri | 8158 - Bitki Koruma | 9048 - Toprak Bilimi ve Bitki Besleme | 9269 - Bitkisel Üretim ve Teknolojileri | 4846 - Aşağıdaki lisans programlarından birinden mezun olmak. | 9114 - Biyosistem Mühendisliği | 4853 - Aşağıdaki lisans programlarından birinden mezun olmak. | 3325 - Tarım Teknolojisi | 3383 - Tarım Makineleri | 3384 - Tarımsal Yapılar ve Sulama | 8221 - Kültürteknik | 8263 - Tarımsal Mekanizasyon | 4854 - Aşağıdaki lisans programlarından birinden mezun olmak. | 9106 - Tarımsal Biyoteknoloji | 4857 - Aşağıdaki lisans programlarından birinden mezun olmak. | 3382 - Tarım Ekonomisi;3f2c39c6-c20a-e611-80c6-a0369f7d1486
2016;4;901800495;Gıda, Tarım ve Hayvancılık Bakanlığı;Mühendis;Erzincan;Lisans;1;;78.954;78.954;"4803;8196;4825;5135;4831;3202;8258;8289;4845;3385;3386;4212;6131;8147;8158;9048;9269;4846;9114;4853;3325;3383;3384;8221;8263;4854;9106;4857;3382";4803 - Aşağıdaki lisans programlarından birinden mezun olmak. | 8196 - Gıda Bilimi ve Teknolojisi | 4825 - Aşağıdaki lisans programlarından birinden mezun olmak. | 5135 - Ziraat Mühendisliği | 4831 - Aşağıdaki lisans programlarından birinden mezun olmak. | 3202 - Hayvansal Üretim | 8258 - Süt Teknolojisi | 8289 - Zootekni / Zooteknik | 4845 - Aşağıdaki lisans programlarından birinden mezun olmak. | 3385 - Tarla Bitkileri | 3386 - Toprak | 4212 - Bahçe ve Tarla Bitkileri | 6131 - Bitkisel Üretim | 8147 - Bahçe Bitkileri | 8158 - Bitki Koruma | 9048 - Toprak Bilimi ve Bitki Besleme | 9269 - Bitkisel Üretim ve Teknolojileri | 4846 - Aşağıdaki lisans programlarından birinden mezun olmak. | 9114 - Biyosistem Mühendisliği | 4853 - Aşağıdaki lisans programlarından birinden mezun olmak. | 3325 - Tarım Teknolojisi | 3383 - Tarım Makineleri | 3384 - Tarımsal Yapılar ve Sulama | 8221 - Kültürteknik | 8263 - Tarımsal Mekanizasyon | 4854 - Aşağıdaki lisans programlarından birinden mezun olmak. | 9106 - Tarımsal Biyoteknoloji | 4857 - Aşağıdaki lisans programlarından birinden mezun olmak. | 3382 - Tarım Ekonomisi;e52939c6-c20a-e611-80c6-a0369f7d1486
2016;4;901800155;Gıda, Tarım ve Hayvancılık Bakanlığı;Mühendis;Ardahan;Lisans;3;;78.928;79.824;"4803;8196;4825;5135;4831;3202;8258;8289;4845;3385;3386;4212;6131;8147;8158;9048;9269;4846;9114;4853;3325;3383;3384;8221;8263;4854;9106;4857;3382";4803 - Aşağıdaki lisans programlarından birinden mezun olmak. | 8196 - Gıda Bilimi ve Teknolojisi | 4825 - Aşağıdaki lisans programlarından birinden mezun olmak. | 5135 - Ziraat Mühendisliği | 4831 - Aşağıdaki lisans programlarından birinden mezun olmak. | 3202 - Hayvansal Üretim | 8258 - Süt Teknolojisi | 8289 - Zootekni / Zooteknik | 4845 - Aşağıdaki lisans programlarından birinden mezun olmak. | 3385 - Tarla Bitkileri | 3386 - Toprak | 4212 - Bahçe ve Tarla Bitkileri | 6131 - Bitkisel Üretim | 8147 - Bahçe Bitkileri | 8158 - Bitki Koruma | 9048 - Toprak Bilimi ve Bitki Besleme | 9269 - Bitkisel Üretim ve Teknolojileri | 4846 - Aşağıdaki lisans programlarından birinden mezun olmak. | 9114 - Biyosistem Mühendisliği | 4853 - Aşağıdaki lisans programlarından birinden mezun olmak. | 3325 - Tarım Teknolojisi | 3383 - Tarım Makineleri | 3384 - Tarımsal Yapılar ve Sulama | 8221 - Kültürteknik | 8263 - Tarımsal Mekanizasyon | 4854 - Aşağıdaki lisans programlarından birinden mezun olmak. | 9106 - Tarımsal Biyoteknoloji | 4857 - Aşağıdaki lisans programlarından birinden mezun olmak. | 3382 - Tarım Ekonomisi;412c39c6-c20a-e611-80c6-a0369f7d1486
2016;4;901801433;Gıda, Tarım ve Hayvancılık Bakanlığı;Veteriner Hekim;Sivas;Lisans;1;;78.91;78.91;"4607;6373";4607 - Aşağıdaki lisans programlarından birinden mezun olmak. | 6373 - Veteriner;a12b39c6-c20a-e611-80c6-a0369f7d1486
2016;4;901800319;Gıda, Tarım ve Hayvancılık Bakanlığı;Veteriner Hekim;Bolu;Lisans;3;;78.897;79.511;"4607;6373";4607 - Aşağıdaki lisans programlarından birinden mezun olmak. | 6373 - Veteriner;912939c6-c20a-e611-80c6-a0369f7d1486
2016;4;901801593;Gıda, Tarım ve Hayvancılık Bakanlığı;Mühendis;Tunceli;Lisans;2;;78.895;79.795;"4803;8196;4825;5135;4831;3202;8258;8289;4845;3385;3386;4212;6131;8147;8158;9048;9269;4846;9114;4853;3325;3383;3384;8221;8263;4854;9106;4857;3382";4803 - Aşağıdaki lisans programlarından birinden mezun olmak. | 8196 - Gıda Bilimi ve Teknolojisi | 4825 - Aşağıdaki lisans programlarından birinden mezun olmak. | 5135 - Ziraat Mühendisliği | 4831 - Aşağıdaki lisans programlarından birinden mezun olmak. | 3202 - Hayvansal Üretim | 8258 - Süt Teknolojisi | 8289 - Zootekni / Zooteknik | 4845 - Aşağıdaki lisans programlarından birinden mezun olmak. | 3385 - Tarla Bitkileri | 3386 - Toprak | 4212 - Bahçe ve Tarla Bitkileri | 6131 - Bitkisel Üretim | 8147 - Bahçe Bitkileri | 8158 - Bitki Koruma | 9048 - Toprak Bilimi ve Bitki Besleme | 9269 - Bitkisel Üretim ve Teknolojileri | 4846 - Aşağıdaki lisans programlarından birinden mezun olmak. | 9114 - Biyosistem Mühendisliği | 4853 - Aşağıdaki lisans programlarından birinden mezun olmak. | 3325 - Tarım Teknolojisi | 3383 - Tarım Makineleri | 3384 - Tarımsal Yapılar ve Sulama | 8221 - Kültürteknik | 8263 - Tarımsal Mekanizasyon | 4854 - Aşağıdaki lisans programlarından birinden mezun olmak. | 9106 - Tarımsal Biyoteknoloji | 4857 - Aşağıdaki lisans programlarından birinden mezun olmak. | 3382 - Tarım Ekonomisi;c72b39c6-c20a-e611-80c6-a0369f7d1486
2016;4;901800147;Gıda, Tarım ve Hayvancılık Bakanlığı;Mühendis;Ardahan;Lisans;3;;78.895;79.326;"4803;8196;4825;5135;4831;3202;8258;8289;4845;3385;3386;4212;6131;8147;8158;9048;9269;4846;9114;4853;3325;3383;3384;8221;8263;4854;9106;4857;3382";4803 - Aşağıdaki lisans programlarından birinden mezun olmak. | 8196 - Gıda Bilimi ve Teknolojisi | 4825 - Aşağıdaki lisans programlarından birinden mezun olmak. | 5135 - Ziraat Mühendisliği | 4831 - Aşağıdaki lisans programlarından birinden mezun olmak. | 3202 - Hayvansal Üretim | 8258 - Süt Teknolojisi | 8289 - Zootekni / Zooteknik | 4845 - Aşağıdaki lisans programlarından birinden mezun olmak. | 3385 - Tarla Bitkileri | 3386 - Toprak | 4212 - Bahçe ve Tarla Bitkileri | 6131 - Bitkisel Üretim | 8147 - Bahçe Bitkileri | 8158 - Bitki Koruma | 9048 - Toprak Bilimi ve Bitki Besleme | 9269 - Bitkisel Üretim ve Teknolojileri | 4846 - Aşağıdaki lisans programlarından birinden mezun olmak. | 9114 - Biyosistem Mühendisliği | 4853 - Aşağıdaki lisans programlarından birinden mezun olmak. | 3325 - Tarım Teknolojisi | 3383 - Tarım Makineleri | 3384 - Tarımsal Yapılar ve Sulama | 8221 - Kültürteknik | 8263 - Tarımsal Mekanizasyon | 4854 - Aşağıdaki lisans programlarından birinden mezun olmak. | 9106 - Tarımsal Biyoteknoloji | 4857 - Aşağıdaki lisans programlarından birinden mezun olmak. | 3382 - Tarım Ekonomisi;3d2c39c6-c20a-e611-80c6-a0369f7d1486
2016;4;901800993;Gıda, Tarım ve Hayvancılık Bakanlığı;Veteriner Hekim;Kırklareli;Lisans;3;;78.886;80.948;"4607;6373";4607 - Aşağıdaki lisans programlarından birinden mezun olmak. | 6373 - Veteriner;c22a39c6-c20a-e611-80c6-a0369f7d1486
2016;4;901800695;Gıda, Tarım ve Hayvancılık Bakanlığı;Mühendis;Iğdır;Lisans;7;;78.882;79.863;"4803;8196;4825;5135;4831;3202;8258;8289;4845;3385;3386;4212;6131;8147;8158;9048;9269;4846;9114;4853;3325;3383;3384;8221;8263;4854;9106;4857;3382";4803 - Aşağıdaki lisans programlarından birinden mezun olmak. | 8196 - Gıda Bilimi ve Teknolojisi | 4825 - Aşağıdaki lisans programlarından birinden mezun olmak. | 5135 - Ziraat Mühendisliği | 4831 - Aşağıdaki lisans programlarından birinden mezun olmak. | 3202 - Hayvansal Üretim | 8258 - Süt Teknolojisi | 8289 - Zootekni / Zooteknik | 4845 - Aşağıdaki lisans programlarından birinden mezun olmak. | 3385 - Tarla Bitkileri | 3386 - Toprak | 4212 - Bahçe ve Tarla Bitkileri | 6131 - Bitkisel Üretim | 8147 - Bahçe Bitkileri | 8158 - Bitki Koruma | 9048 - Toprak Bilimi ve Bitki Besleme | 9269 - Bitkisel Üretim ve Teknolojileri | 4846 - Aşağıdaki lisans programlarından birinden mezun olmak. | 9114 - Biyosistem Mühendisliği | 4853 - Aşağıdaki lisans programlarından birinden mezun olmak. | 3325 - Tarım Teknolojisi | 3383 - Tarım Makineleri | 3384 - Tarımsal Yapılar ve Sulama | 8221 - Kültürteknik | 8263 - Tarımsal Mekanizasyon | 4854 - Aşağıdaki lisans programlarından birinden mezun olmak. | 9106 - Tarımsal Biyoteknoloji | 4857 - Aşağıdaki lisans programlarından birinden mezun olmak. | 3382 - Tarım Ekonomisi;492c39c6-c20a-e611-80c6-a0369f7d1486
2016;4;901801251;Gıda, Tarım ve Hayvancılık Bakanlığı;Mühendis;Muş;Lisans;12;;78.88;79.65;"4803;8196;4825;5135;4831;3202;8258;8289;4845;3385;3386;4212;6131;8147;8158;9048;9269;4846;9114;4853;3325;3383;3384;8221;8263;4854;9106;4857;3382";4803 - Aşağıdaki lisans programlarından birinden mezun olmak. | 8196 - Gıda Bilimi ve Teknolojisi | 4825 - Aşağıdaki lisans programlarından birinden mezun olmak. | 5135 - Ziraat Mühendisliği | 4831 - Aşağıdaki lisans programlarından birinden mezun olmak. | 3202 - Hayvansal Üretim | 8258 - Süt Teknolojisi | 8289 - Zootekni / Zooteknik | 4845 - Aşağıdaki lisans programlarından birinden mezun olmak. | 3385 - Tarla Bitkileri | 3386 - Toprak | 4212 - Bahçe ve Tarla Bitkileri | 6131 - Bitkisel Üretim | 8147 - Bahçe Bitkileri | 8158 - Bitki Koruma | 9048 - Toprak Bilimi ve Bitki Besleme | 9269 - Bitkisel Üretim ve Teknolojileri | 4846 - Aşağıdaki lisans programlarından birinden mezun olmak. | 9114 - Biyosistem Mühendisliği | 4853 - Aşağıdaki lisans programlarından birinden mezun olmak. | 3325 - Tarım Teknolojisi | 3383 - Tarım Makineleri | 3384 - Tarımsal Yapılar ve Sulama | 8221 - Kültürteknik | 8263 - Tarımsal Mekanizasyon | 4854 - Aşağıdaki lisans programlarından birinden mezun olmak. | 9106 - Tarımsal Biyoteknoloji | 4857 - Aşağıdaki lisans programlarından birinden mezun olmak. | 3382 - Tarım Ekonomisi;482b39c6-c20a-e611-80c6-a0369f7d1486
2016;4;901800071;Gıda, Tarım ve Hayvancılık Bakanlığı;Mühendis;Ağrı;Lisans;24;;78.877;80.037;"4803;8196;4825;5135;4831;3202;8258;8289;4845;3385;3386;4212;6131;8147;8158;9048;9269;4846;9114;4853;3325;3383;3384;8221;8263;4854;9106;4857;3382";4803 - Aşağıdaki lisans programlarından birinden mezun olmak. | 8196 - Gıda Bilimi ve Teknolojisi | 4825 - Aşağıdaki lisans programlarından birinden mezun olmak. | 5135 - Ziraat Mühendisliği | 4831 - Aşağıdaki lisans programlarından birinden mezun olmak. | 3202 - Hayvansal Üretim | 8258 - Süt Teknolojisi | 8289 - Zootekni / Zooteknik | 4845 - Aşağıdaki lisans programlarından birinden mezun olmak. | 3385 - Tarla Bitkileri | 3386 - Toprak | 4212 - Bahçe ve Tarla Bitkileri | 6131 - Bitkisel Üretim | 8147 - Bahçe Bitkileri | 8158 - Bitki Koruma | 9048 - Toprak Bilimi ve Bitki Besleme | 9269 - Bitkisel Üretim ve Teknolojileri | 4846 - Aşağıdaki lisans programlarından birinden mezun olmak. | 9114 - Biyosistem Mühendisliği | 4853 - Aşağıdaki lisans programlarından birinden mezun olmak. | 3325 - Tarım Teknolojisi | 3383 - Tarım Makineleri | 3384 - Tarımsal Yapılar ve Sulama | 8221 - Kültürteknik | 8263 - Tarımsal Mekanizasyon | 4854 - Aşağıdaki lisans programlarından birinden mezun olmak. | 9106 - Tarımsal Biyoteknoloji | 4857 - Aşağıdaki lisans programlarından birinden mezun olmak. | 3382 - Tarım Ekonomisi;302939c6-c20a-e611-80c6-a0369f7d1486
2016;4;901801515;Gıda, Tarım ve Hayvancılık Bakanlığı;Mühendis;Şırnak;Lisans;4;;78.877;81.696;"4803;8196;4825;5135;4831;3202;8258;8289;4845;3385;3386;4212;6131;8147;8158;9048;9269;4846;9114;4853;3325;3383;3384;8221;8263;4854;9106;4857;3382";4803 - Aşağıdaki lisans programlarından birinden mezun olmak. | 8196 - Gıda Bilimi ve Teknolojisi | 4825 - Aşağıdaki lisans programlarından birinden mezun olmak. | 5135 - Ziraat Mühendisliği | 4831 - Aşağıdaki lisans programlarından birinden mezun olmak. | 3202 - Hayvansal Üretim | 8258 - Süt Teknolojisi | 8289 - Zootekni / Zooteknik | 4845 - Aşağıdaki lisans programlarından birinden mezun olmak. | 3385 - Tarla Bitkileri | 3386 - Toprak | 4212 - Bahçe ve Tarla Bitkileri | 6131 - Bitkisel Üretim | 8147 - Bahçe Bitkileri | 8158 - Bitki Koruma | 9048 - Toprak Bilimi ve Bitki Besleme | 9269 - Bitkisel Üretim ve Teknolojileri | 4846 - Aşağıdaki lisans programlarından birinden mezun olmak. | 9114 - Biyosistem Mühendisliği | 4853 - Aşağıdaki lisans programlarından birinden mezun olmak. | 3325 - Tarım Teknolojisi | 3383 - Tarım Makineleri | 3384 - Tarımsal Yapılar ve Sulama | 8221 - Kültürteknik | 8263 - Tarımsal Mekanizasyon | 4854 - Aşağıdaki lisans programlarından birinden mezun olmak. | 9106 - Tarımsal Biyoteknoloji | 4857 - Aşağıdaki lisans programlarından birinden mezun olmak. | 3382 - Tarım Ekonomisi;2c2c39c6-c20a-e611-80c6-a0369f7d1486
2016;4;901800337;Gıda, Tarım ve Hayvancılık Bakanlığı;Veteriner Hekim;Bolu;Lisans;1;;78.875;78.875;"4607;6373";4607 - Aşağıdaki lisans programlarından birinden mezun olmak. | 6373 - Veteriner;9a2939c6-c20a-e611-80c6-a0369f7d1486
2016;4;901800923;Gıda, Tarım ve Hayvancılık Bakanlığı;Mühendis;Kars;Lisans;3;;78.864;78.99;"4803;8196;4825;5135;4831;3202;8258;8289;4845;3385;3386;4212;6131;8147;8158;9048;9269;4846;9114;4853;3325;3383;3384;8221;8263;4854;9106;4857;3382";4803 - Aşağıdaki lisans programlarından birinden mezun olmak. | 8196 - Gıda Bilimi ve Teknolojisi | 4825 - Aşağıdaki lisans programlarından birinden mezun olmak. | 5135 - Ziraat Mühendisliği | 4831 - Aşağıdaki lisans programlarından birinden mezun olmak. | 3202 - Hayvansal Üretim | 8258 - Süt Teknolojisi | 8289 - Zootekni / Zooteknik | 4845 - Aşağıdaki lisans programlarından birinden mezun olmak. | 3385 - Tarla Bitkileri | 3386 - Toprak | 4212 - Bahçe ve Tarla Bitkileri | 6131 - Bitkisel Üretim | 8147 - Bahçe Bitkileri | 8158 - Bitki Koruma | 9048 - Toprak Bilimi ve Bitki Besleme | 9269 - Bitkisel Üretim ve Teknolojileri | 4846 - Aşağıdaki lisans programlarından birinden mezun olmak. | 9114 - Biyosistem Mühendisliği | 4853 - Aşağıdaki lisans programlarından birinden mezun olmak. | 3325 - Tarım Teknolojisi | 3383 - Tarım Makineleri | 3384 - Tarımsal Yapılar ve Sulama | 8221 - Kültürteknik | 8263 - Tarımsal Mekanizasyon | 4854 - Aşağıdaki lisans programlarından birinden mezun olmak. | 9106 - Tarımsal Biyoteknoloji | 4857 - Aşağıdaki lisans programlarından birinden mezun olmak. | 3382 - Tarım Ekonomisi;a02a39c6-c20a-e611-80c6-a0369f7d1486
2016;4;901800139;Gıda, Tarım ve Hayvancılık Bakanlığı;Mühendis;Ardahan;Lisans;2;;78.818;79.108;"4803;8196;4825;5135;4831;3202;8258;8289;4845;3385;3386;4212;6131;8147;8158;9048;9269;4846;9114;4853;3325;3383;3384;8221;8263;4854;9106;4857;3382";4803 - Aşağıdaki lisans programlarından birinden mezun olmak. | 8196 - Gıda Bilimi ve Teknolojisi | 4825 - Aşağıdaki lisans programlarından birinden mezun olmak. | 5135 - Ziraat Mühendisliği | 4831 - Aşağıdaki lisans programlarından birinden mezun olmak. | 3202 - Hayvansal Üretim | 8258 - Süt Teknolojisi | 8289 - Zootekni / Zooteknik | 4845 - Aşağıdaki lisans programlarından birinden mezun olmak. | 3385 - Tarla Bitkileri | 3386 - Toprak | 4212 - Bahçe ve Tarla Bitkileri | 6131 - Bitkisel Üretim | 8147 - Bahçe Bitkileri | 8158 - Bitki Koruma | 9048 - Toprak Bilimi ve Bitki Besleme | 9269 - Bitkisel Üretim ve Teknolojileri | 4846 - Aşağıdaki lisans programlarından birinden mezun olmak. | 9114 - Biyosistem Mühendisliği | 4853 - Aşağıdaki lisans programlarından birinden mezun olmak. | 3325 - Tarım Teknolojisi | 3383 - Tarım Makineleri | 3384 - Tarımsal Yapılar ve Sulama | 8221 - Kültürteknik | 8263 - Tarımsal Mekanizasyon | 4854 - Aşağıdaki lisans programlarından birinden mezun olmak. | 9106 - Tarımsal Biyoteknoloji | 4857 - Aşağıdaki lisans programlarından birinden mezun olmak. | 3382 - Tarım Ekonomisi;392c39c6-c20a-e611-80c6-a0369f7d1486
2016;4;901800093;Gıda, Tarım ve Hayvancılık Bakanlığı;Mühendis;Ağrı;Lisans;2;;78.813;78.816;"4803;8196;4825;5135;4831;3202;8258;8289;4845;3385;3386;4212;6131;8147;8158;9048;9269;4846;9114;4853;3325;3383;3384;8221;8263;4854;9106;4857;3382";4803 - Aşağıdaki lisans programlarından birinden mezun olmak. | 8196 - Gıda Bilimi ve Teknolojisi | 4825 - Aşağıdaki lisans programlarından birinden mezun olmak. | 5135 - Ziraat Mühendisliği | 4831 - Aşağıdaki lisans programlarından birinden mezun olmak. | 3202 - Hayvansal Üretim | 8258 - Süt Teknolojisi | 8289 - Zootekni / Zooteknik | 4845 - Aşağıdaki lisans programlarından birinden mezun olmak. | 3385 - Tarla Bitkileri | 3386 - Toprak | 4212 - Bahçe ve Tarla Bitkileri | 6131 - Bitkisel Üretim | 8147 - Bahçe Bitkileri | 8158 - Bitki Koruma | 9048 - Toprak Bilimi ve Bitki Besleme | 9269 - Bitkisel Üretim ve Teknolojileri | 4846 - Aşağıdaki lisans programlarından birinden mezun olmak. | 9114 - Biyosistem Mühendisliği | 4853 - Aşağıdaki lisans programlarından birinden mezun olmak. | 3325 - Tarım Teknolojisi | 3383 - Tarım Makineleri | 3384 - Tarımsal Yapılar ve Sulama | 8221 - Kültürteknik | 8263 - Tarımsal Mekanizasyon | 4854 - Aşağıdaki lisans programlarından birinden mezun olmak. | 9106 - Tarımsal Biyoteknoloji | 4857 - Aşağıdaki lisans programlarından birinden mezun olmak. | 3382 - Tarım Ekonomisi;3b2939c6-c20a-e611-80c6-a0369f7d1486
2016;4;901800303;Gıda, Tarım ve Hayvancılık Bakanlığı;Mühendis;Bitlis;Lisans;1;;78.813;78.813;"4803;8196;4825;5135;4831;3202;8258;8289;4845;3385;3386;4212;6131;8147;8158;9048;9269;4846;9114;4853;3325;3383;3384;8221;8263;4854;9106;4857;3382";4803 - Aşağıdaki lisans programlarından birinden mezun olmak. | 8196 - Gıda Bilimi ve Teknolojisi | 4825 - Aşağıdaki lisans programlarından birinden mezun olmak. | 5135 - Ziraat Mühendisliği | 4831 - Aşağıdaki lisans programlarından birinden mezun olmak. | 3202 - Hayvansal Üretim | 8258 - Süt Teknolojisi | 8289 - Zootekni / Zooteknik | 4845 - Aşağıdaki lisans programlarından birinden mezun olmak. | 3385 - Tarla Bitkileri | 3386 - Toprak | 4212 - Bahçe ve Tarla Bitkileri | 6131 - Bitkisel Üretim | 8147 - Bahçe Bitkileri | 8158 - Bitki Koruma | 9048 - Toprak Bilimi ve Bitki Besleme | 9269 - Bitkisel Üretim ve Teknolojileri | 4846 - Aşağıdaki lisans programlarından birinden mezun olmak. | 9114 - Biyosistem Mühendisliği | 4853 - Aşağıdaki lisans programlarından birinden mezun olmak. | 3325 - Tarım Teknolojisi | 3383 - Tarım Makineleri | 3384 - Tarımsal Yapılar ve Sulama | 8221 - Kültürteknik | 8263 - Tarımsal Mekanizasyon | 4854 - Aşağıdaki lisans programlarından birinden mezun olmak. | 9106 - Tarımsal Biyoteknoloji | 4857 - Aşağıdaki lisans programlarından birinden mezun olmak. | 3382 - Tarım Ekonomisi;892939c6-c20a-e611-80c6-a0369f7d1486
2016;4;901800277;Gıda, Tarım ve Hayvancılık Bakanlığı;Mühendis;Bingöl;Lisans;3;;78.809;78.963;"4803;8196;4825;5135;4831;3202;8258;8289;4845;3385;3386;4212;6131;8147;8158;9048;9269;4846;9114;4853;3325;3383;3384;8221;8263;4854;9106;4857;3382";4803 - Aşağıdaki lisans programlarından birinden mezun olmak. | 8196 - Gıda Bilimi ve Teknolojisi | 4825 - Aşağıdaki lisans programlarından birinden mezun olmak. | 5135 - Ziraat Mühendisliği | 4831 - Aşağıdaki lisans programlarından birinden mezun olmak. | 3202 - Hayvansal Üretim | 8258 - Süt Teknolojisi | 8289 - Zootekni / Zooteknik | 4845 - Aşağıdaki lisans programlarından birinden mezun olmak. | 3385 - Tarla Bitkileri | 3386 - Toprak | 4212 - Bahçe ve Tarla Bitkileri | 6131 - Bitkisel Üretim | 8147 - Bahçe Bitkileri | 8158 - Bitki Koruma | 9048 - Toprak Bilimi ve Bitki Besleme | 9269 - Bitkisel Üretim ve Teknolojileri | 4846 - Aşağıdaki lisans programlarından birinden mezun olmak. | 9114 - Biyosistem Mühendisliği | 4853 - Aşağıdaki lisans programlarından birinden mezun olmak. | 3325 - Tarım Teknolojisi | 3383 - Tarım Makineleri | 3384 - Tarımsal Yapılar ve Sulama | 8221 - Kültürteknik | 8263 - Tarımsal Mekanizasyon | 4854 - Aşağıdaki lisans programlarından birinden mezun olmak. | 9106 - Tarımsal Biyoteknoloji | 4857 - Aşağıdaki lisans programlarından birinden mezun olmak. | 3382 - Tarım Ekonomisi;7c2939c6-c20a-e611-80c6-a0369f7d1486
2016;4;901801255;Gıda, Tarım ve Hayvancılık Bakanlığı;Mühendis;Muş;Lisans;2;;78.796;78.921;"4803;8196;4825;5135;4831;3202;8258;8289;4845;3385;3386;4212;6131;8147;8158;9048;9269;4846;9114;4853;3325;3383;3384;8221;8263;4854;9106;4857;3382";4803 - Aşağıdaki lisans programlarından birinden mezun olmak. | 8196 - Gıda Bilimi ve Teknolojisi | 4825 - Aşağıdaki lisans programlarından birinden mezun olmak. | 5135 - Ziraat Mühendisliği | 4831 - Aşağıdaki lisans programlarından birinden mezun olmak. | 3202 - Hayvansal Üretim | 8258 - Süt Teknolojisi | 8289 - Zootekni / Zooteknik | 4845 - Aşağıdaki lisans programlarından birinden mezun olmak. | 3385 - Tarla Bitkileri | 3386 - Toprak | 4212 - Bahçe ve Tarla Bitkileri | 6131 - Bitkisel Üretim | 8147 - Bahçe Bitkileri | 8158 - Bitki Koruma | 9048 - Toprak Bilimi ve Bitki Besleme | 9269 - Bitkisel Üretim ve Teknolojileri | 4846 - Aşağıdaki lisans programlarından birinden mezun olmak. | 9114 - Biyosistem Mühendisliği | 4853 - Aşağıdaki lisans programlarından birinden mezun olmak. | 3325 - Tarım Teknolojisi | 3383 - Tarım Makineleri | 3384 - Tarımsal Yapılar ve Sulama | 8221 - Kültürteknik | 8263 - Tarımsal Mekanizasyon | 4854 - Aşağıdaki lisans programlarından birinden mezun olmak. | 9106 - Tarımsal Biyoteknoloji | 4857 - Aşağıdaki lisans programlarından birinden mezun olmak. | 3382 - Tarım Ekonomisi;4a2b39c6-c20a-e611-80c6-a0369f7d1486
2016;4;901800331;Gıda, Tarım ve Hayvancılık Bakanlığı;Veteriner Hekim;Bolu;Lisans;1;;78.785;78.785;"4607;6373";4607 - Aşağıdaki lisans programlarından birinden mezun olmak. | 6373 - Veteriner;972939c6-c20a-e611-80c6-a0369f7d1486
2016;4;901800143;Gıda, Tarım ve Hayvancılık Bakanlığı;Mühendis;Ardahan;Lisans;2;;78.741;79.014;"4803;8196;4825;5135;4831;3202;8258;8289;4845;3385;3386;4212;6131;8147;8158;9048;9269;4846;9114;4853;3325;3383;3384;8221;8263;4854;9106;4857;3382";4803 - Aşağıdaki lisans programlarından birinden mezun olmak. | 8196 - Gıda Bilimi ve Teknolojisi | 4825 - Aşağıdaki lisans programlarından birinden mezun olmak. | 5135 - Ziraat Mühendisliği | 4831 - Aşağıdaki lisans programlarından birinden mezun olmak. | 3202 - Hayvansal Üretim | 8258 - Süt Teknolojisi | 8289 - Zootekni / Zooteknik | 4845 - Aşağıdaki lisans programlarından birinden mezun olmak. | 3385 - Tarla Bitkileri | 3386 - Toprak | 4212 - Bahçe ve Tarla Bitkileri | 6131 - Bitkisel Üretim | 8147 - Bahçe Bitkileri | 8158 - Bitki Koruma | 9048 - Toprak Bilimi ve Bitki Besleme | 9269 - Bitkisel Üretim ve Teknolojileri | 4846 - Aşağıdaki lisans programlarından birinden mezun olmak. | 9114 - Biyosistem Mühendisliği | 4853 - Aşağıdaki lisans programlarından birinden mezun olmak. | 3325 - Tarım Teknolojisi | 3383 - Tarım Makineleri | 3384 - Tarımsal Yapılar ve Sulama | 8221 - Kültürteknik | 8263 - Tarımsal Mekanizasyon | 4854 - Aşağıdaki lisans programlarından birinden mezun olmak. | 9106 - Tarımsal Biyoteknoloji | 4857 - Aşağıdaki lisans programlarından birinden mezun olmak. | 3382 - Tarım Ekonomisi;3b2c39c6-c20a-e611-80c6-a0369f7d1486
2016;4;901800327;Gıda, Tarım ve Hayvancılık Bakanlığı;Veteriner Hekim;Bolu;Lisans;1;;78.734;78.734;"4607;6373";4607 - Aşağıdaki lisans programlarından birinden mezun olmak. | 6373 - Veteriner;952939c6-c20a-e611-80c6-a0369f7d1486
2016;4;901800767;Gıda, Tarım ve Hayvancılık Bakanlığı;Veteriner Hekim;İstanbul;Lisans;1;;78.723;78.723;"4607;6373";4607 - Aşağıdaki lisans programlarından birinden mezun olmak. | 6373 - Veteriner;692a39c6-c20a-e611-80c6-a0369f7d1486
2016;4;901800791;Gıda, Tarım ve Hayvancılık Bakanlığı;Veteriner Hekim;İstanbul;Lisans;1;;78.721;78.721;"4607;6373";4607 - Aşağıdaki lisans programlarından birinden mezun olmak. | 6373 - Veteriner;752a39c6-c20a-e611-80c6-a0369f7d1486
2016;4;901800305;Gıda, Tarım ve Hayvancılık Bakanlığı;Mühendis;Bitlis;Lisans;1;;78.677;78.677;"4803;8196;4825;5135;4831;3202;8258;8289;4845;3385;3386;4212;6131;8147;8158;9048;9269;4846;9114;4853;3325;3383;3384;8221;8263;4854;9106;4857;3382";4803 - Aşağıdaki lisans programlarından birinden mezun olmak. | 8196 - Gıda Bilimi ve Teknolojisi | 4825 - Aşağıdaki lisans programlarından birinden mezun olmak. | 5135 - Ziraat Mühendisliği | 4831 - Aşağıdaki lisans programlarından birinden mezun olmak. | 3202 - Hayvansal Üretim | 8258 - Süt Teknolojisi | 8289 - Zootekni / Zooteknik | 4845 - Aşağıdaki lisans programlarından birinden mezun olmak. | 3385 - Tarla Bitkileri | 3386 - Toprak | 4212 - Bahçe ve Tarla Bitkileri | 6131 - Bitkisel Üretim | 8147 - Bahçe Bitkileri | 8158 - Bitki Koruma | 9048 - Toprak Bilimi ve Bitki Besleme | 9269 - Bitkisel Üretim ve Teknolojileri | 4846 - Aşağıdaki lisans programlarından birinden mezun olmak. | 9114 - Biyosistem Mühendisliği | 4853 - Aşağıdaki lisans programlarından birinden mezun olmak. | 3325 - Tarım Teknolojisi | 3383 - Tarım Makineleri | 3384 - Tarımsal Yapılar ve Sulama | 8221 - Kültürteknik | 8263 - Tarımsal Mekanizasyon | 4854 - Aşağıdaki lisans programlarından birinden mezun olmak. | 9106 - Tarımsal Biyoteknoloji | 4857 - Aşağıdaki lisans programlarından birinden mezun olmak. | 3382 - Tarım Ekonomisi;8a2939c6-c20a-e611-80c6-a0369f7d1486
2016;4;901801391;Gıda, Tarım ve Hayvancılık Bakanlığı;Mühendis;Siirt;Lisans;1;;78.673;78.673;"4803;8196;4825;5135;4831;3202;8258;8289;4845;3385;3386;4212;6131;8147;8158;9048;9269;4846;9114;4853;3325;3383;3384;8221;8263;4854;9106;4857;3382";4803 - Aşağıdaki lisans programlarından birinden mezun olmak. | 8196 - Gıda Bilimi ve Teknolojisi | 4825 - Aşağıdaki lisans programlarından birinden mezun olmak. | 5135 - Ziraat Mühendisliği | 4831 - Aşağıdaki lisans programlarından birinden mezun olmak. | 3202 - Hayvansal Üretim | 8258 - Süt Teknolojisi | 8289 - Zootekni / Zooteknik | 4845 - Aşağıdaki lisans programlarından birinden mezun olmak. | 3385 - Tarla Bitkileri | 3386 - Toprak | 4212 - Bahçe ve Tarla Bitkileri | 6131 - Bitkisel Üretim | 8147 - Bahçe Bitkileri | 8158 - Bitki Koruma | 9048 - Toprak Bilimi ve Bitki Besleme | 9269 - Bitkisel Üretim ve Teknolojileri | 4846 - Aşağıdaki lisans programlarından birinden mezun olmak. | 9114 - Biyosistem Mühendisliği | 4853 - Aşağıdaki lisans programlarından birinden mezun olmak. | 3325 - Tarım Teknolojisi | 3383 - Tarım Makineleri | 3384 - Tarımsal Yapılar ve Sulama | 8221 - Kültürteknik | 8263 - Tarımsal Mekanizasyon | 4854 - Aşağıdaki lisans programlarından birinden mezun olmak. | 9106 - Tarımsal Biyoteknoloji | 4857 - Aşağıdaki lisans programlarından birinden mezun olmak. | 3382 - Tarım Ekonomisi;8c2b39c6-c20a-e611-80c6-a0369f7d1486
2016;4;901801259;Gıda, Tarım ve Hayvancılık Bakanlığı;Mühendis;Muş;Lisans;1;;78.67;78.67;"4803;8196;4825;5135;4831;3202;8258;8289;4845;3385;3386;4212;6131;8147;8158;9048;9269;4846;9114;4853;3325;3383;3384;8221;8263;4854;9106;4857;3382";4803 - Aşağıdaki lisans programlarından birinden mezun olmak. | 8196 - Gıda Bilimi ve Teknolojisi | 4825 - Aşağıdaki lisans programlarından birinden mezun olmak. | 5135 - Ziraat Mühendisliği | 4831 - Aşağıdaki lisans programlarından birinden mezun olmak. | 3202 - Hayvansal Üretim | 8258 - Süt Teknolojisi | 8289 - Zootekni / Zooteknik | 4845 - Aşağıdaki lisans programlarından birinden mezun olmak. | 3385 - Tarla Bitkileri | 3386 - Toprak | 4212 - Bahçe ve Tarla Bitkileri | 6131 - Bitkisel Üretim | 8147 - Bahçe Bitkileri | 8158 - Bitki Koruma | 9048 - Toprak Bilimi ve Bitki Besleme | 9269 - Bitkisel Üretim ve Teknolojileri | 4846 - Aşağıdaki lisans programlarından birinden mezun olmak. | 9114 - Biyosistem Mühendisliği | 4853 - Aşağıdaki lisans programlarından birinden mezun olmak. | 3325 - Tarım Teknolojisi | 3383 - Tarım Makineleri | 3384 - Tarımsal Yapılar ve Sulama | 8221 - Kültürteknik | 8263 - Tarımsal Mekanizasyon | 4854 - Aşağıdaki lisans programlarından birinden mezun olmak. | 9106 - Tarımsal Biyoteknoloji | 4857 - Aşağıdaki lisans programlarından birinden mezun olmak. | 3382 - Tarım Ekonomisi;4c2b39c6-c20a-e611-80c6-a0369f7d1486
2016;4;901801263;Gıda, Tarım ve Hayvancılık Bakanlığı;Mühendis;Muş;Lisans;5;;78.664;78.86;"4803;8196;4825;5135;4831;3202;8258;8289;4845;3385;3386;4212;6131;8147;8158;9048;9269;4846;9114;4853;3325;3383;3384;8221;8263;4854;9106;4857;3382";4803 - Aşağıdaki lisans programlarından birinden mezun olmak. | 8196 - Gıda Bilimi ve Teknolojisi | 4825 - Aşağıdaki lisans programlarından birinden mezun olmak. | 5135 - Ziraat Mühendisliği | 4831 - Aşağıdaki lisans programlarından birinden mezun olmak. | 3202 - Hayvansal Üretim | 8258 - Süt Teknolojisi | 8289 - Zootekni / Zooteknik | 4845 - Aşağıdaki lisans programlarından birinden mezun olmak. | 3385 - Tarla Bitkileri | 3386 - Toprak | 4212 - Bahçe ve Tarla Bitkileri | 6131 - Bitkisel Üretim | 8147 - Bahçe Bitkileri | 8158 - Bitki Koruma | 9048 - Toprak Bilimi ve Bitki Besleme | 9269 - Bitkisel Üretim ve Teknolojileri | 4846 - Aşağıdaki lisans programlarından birinden mezun olmak. | 9114 - Biyosistem Mühendisliği | 4853 - Aşağıdaki lisans programlarından birinden mezun olmak. | 3325 - Tarım Teknolojisi | 3383 - Tarım Makineleri | 3384 - Tarımsal Yapılar ve Sulama | 8221 - Kültürteknik | 8263 - Tarımsal Mekanizasyon | 4854 - Aşağıdaki lisans programlarından birinden mezun olmak. | 9106 - Tarımsal Biyoteknoloji | 4857 - Aşağıdaki lisans programlarından birinden mezun olmak. | 3382 - Tarım Ekonomisi;4e2b39c6-c20a-e611-80c6-a0369f7d1486
2016;4;901800911;Gıda, Tarım ve Hayvancılık Bakanlığı;Mühendis;Kars;Lisans;2;;78.651;78.69;"4803;8196;4825;5135;4831;3202;8258;8289;4845;3385;3386;4212;6131;8147;8158;9048;9269;4846;9114;4853;3325;3383;3384;8221;8263;4854;9106;4857;3382";4803 - Aşağıdaki lisans programlarından birinden mezun olmak. | 8196 - Gıda Bilimi ve Teknolojisi | 4825 - Aşağıdaki lisans programlarından birinden mezun olmak. | 5135 - Ziraat Mühendisliği | 4831 - Aşağıdaki lisans programlarından birinden mezun olmak. | 3202 - Hayvansal Üretim | 8258 - Süt Teknolojisi | 8289 - Zootekni / Zooteknik | 4845 - Aşağıdaki lisans programlarından birinden mezun olmak. | 3385 - Tarla Bitkileri | 3386 - Toprak | 4212 - Bahçe ve Tarla Bitkileri | 6131 - Bitkisel Üretim | 8147 - Bahçe Bitkileri | 8158 - Bitki Koruma | 9048 - Toprak Bilimi ve Bitki Besleme | 9269 - Bitkisel Üretim ve Teknolojileri | 4846 - Aşağıdaki lisans programlarından birinden mezun olmak. | 9114 - Biyosistem Mühendisliği | 4853 - Aşağıdaki lisans programlarından birinden mezun olmak. | 3325 - Tarım Teknolojisi | 3383 - Tarım Makineleri | 3384 - Tarımsal Yapılar ve Sulama | 8221 - Kültürteknik | 8263 - Tarımsal Mekanizasyon | 4854 - Aşağıdaki lisans programlarından birinden mezun olmak. | 9106 - Tarımsal Biyoteknoloji | 4857 - Aşağıdaki lisans programlarından birinden mezun olmak. | 3382 - Tarım Ekonomisi;9a2a39c6-c20a-e611-80c6-a0369f7d1486
2016;4;901801183;Gıda, Tarım ve Hayvancılık Bakanlığı;Mühendis;Mardin;Lisans;3;;78.633;79.036;"4803;8196;4825;5135;4831;3202;8258;8289;4845;3385;3386;4212;6131;8147;8158;9048;9269;4846;9114;4853;3325;3383;3384;8221;8263;4854;9106;4857;3382";4803 - Aşağıdaki lisans programlarından birinden mezun olmak. | 8196 - Gıda Bilimi ve Teknolojisi | 4825 - Aşağıdaki lisans programlarından birinden mezun olmak. | 5135 - Ziraat Mühendisliği | 4831 - Aşağıdaki lisans programlarından birinden mezun olmak. | 3202 - Hayvansal Üretim | 8258 - Süt Teknolojisi | 8289 - Zootekni / Zooteknik | 4845 - Aşağıdaki lisans programlarından birinden mezun olmak. | 3385 - Tarla Bitkileri | 3386 - Toprak | 4212 - Bahçe ve Tarla Bitkileri | 6131 - Bitkisel Üretim | 8147 - Bahçe Bitkileri | 8158 - Bitki Koruma | 9048 - Toprak Bilimi ve Bitki Besleme | 9269 - Bitkisel Üretim ve Teknolojileri | 4846 - Aşağıdaki lisans programlarından birinden mezun olmak. | 9114 - Biyosistem Mühendisliği | 4853 - Aşağıdaki lisans programlarından birinden mezun olmak. | 3325 - Tarım Teknolojisi | 3383 - Tarım Makineleri | 3384 - Tarımsal Yapılar ve Sulama | 8221 - Kültürteknik | 8263 - Tarımsal Mekanizasyon | 4854 - Aşağıdaki lisans programlarından birinden mezun olmak. | 9106 - Tarımsal Biyoteknoloji | 4857 - Aşağıdaki lisans programlarından birinden mezun olmak. | 3382 - Tarım Ekonomisi;2b2b39c6-c20a-e611-80c6-a0369f7d1486
2016;4;901801407;Gıda, Tarım ve Hayvancılık Bakanlığı;Mühendis;Siirt;Lisans;1;;78.622;78.622;"4803;8196;4825;5135;4831;3202;8258;8289;4845;3385;3386;4212;6131;8147;8158;9048;9269;4846;9114;4853;3325;3383;3384;8221;8263;4854;9106;4857;3382";4803 - Aşağıdaki lisans programlarından birinden mezun olmak. | 8196 - Gıda Bilimi ve Teknolojisi | 4825 - Aşağıdaki lisans programlarından birinden mezun olmak. | 5135 - Ziraat Mühendisliği | 4831 - Aşağıdaki lisans programlarından birinden mezun olmak. | 3202 - Hayvansal Üretim | 8258 - Süt Teknolojisi | 8289 - Zootekni / Zooteknik | 4845 - Aşağıdaki lisans programlarından birinden mezun olmak. | 3385 - Tarla Bitkileri | 3386 - Toprak | 4212 - Bahçe ve Tarla Bitkileri | 6131 - Bitkisel Üretim | 8147 - Bahçe Bitkileri | 8158 - Bitki Koruma | 9048 - Toprak Bilimi ve Bitki Besleme | 9269 - Bitkisel Üretim ve Teknolojileri | 4846 - Aşağıdaki lisans programlarından birinden mezun olmak. | 9114 - Biyosistem Mühendisliği | 4853 - Aşağıdaki lisans programlarından birinden mezun olmak. | 3325 - Tarım Teknolojisi | 3383 - Tarım Makineleri | 3384 - Tarımsal Yapılar ve Sulama | 8221 - Kültürteknik | 8263 - Tarımsal Mekanizasyon | 4854 - Aşağıdaki lisans programlarından birinden mezun olmak. | 9106 - Tarımsal Biyoteknoloji | 4857 - Aşağıdaki lisans programlarından birinden mezun olmak. | 3382 - Tarım Ekonomisi;942b39c6-c20a-e611-80c6-a0369f7d1486
2016;4;901800075;Gıda, Tarım ve Hayvancılık Bakanlığı;Mühendis;Ağrı;Lisans;2;;78.602;78.664;"4803;8196;4825;5135;4831;3202;8258;8289;4845;3385;3386;4212;6131;8147;8158;9048;9269;4846;9114;4853;3325;3383;3384;8221;8263;4854;9106;4857;3382";4803 - Aşağıdaki lisans programlarından birinden mezun olmak. | 8196 - Gıda Bilimi ve Teknolojisi | 4825 - Aşağıdaki lisans programlarından birinden mezun olmak. | 5135 - Ziraat Mühendisliği | 4831 - Aşağıdaki lisans programlarından birinden mezun olmak. | 3202 - Hayvansal Üretim | 8258 - Süt Teknolojisi | 8289 - Zootekni / Zooteknik | 4845 - Aşağıdaki lisans programlarından birinden mezun olmak. | 3385 - Tarla Bitkileri | 3386 - Toprak | 4212 - Bahçe ve Tarla Bitkileri | 6131 - Bitkisel Üretim | 8147 - Bahçe Bitkileri | 8158 - Bitki Koruma | 9048 - Toprak Bilimi ve Bitki Besleme | 9269 - Bitkisel Üretim ve Teknolojileri | 4846 - Aşağıdaki lisans programlarından birinden mezun olmak. | 9114 - Biyosistem Mühendisliği | 4853 - Aşağıdaki lisans programlarından birinden mezun olmak. | 3325 - Tarım Teknolojisi | 3383 - Tarım Makineleri | 3384 - Tarımsal Yapılar ve Sulama | 8221 - Kültürteknik | 8263 - Tarımsal Mekanizasyon | 4854 - Aşağıdaki lisans programlarından birinden mezun olmak. | 9106 - Tarımsal Biyoteknoloji | 4857 - Aşağıdaki lisans programlarından birinden mezun olmak. | 3382 - Tarım Ekonomisi;322939c6-c20a-e611-80c6-a0369f7d1486
2016;4;901801271;Gıda, Tarım ve Hayvancılık Bakanlığı;Mühendis;Muş;Lisans;4;;78.567;78.842;"4803;8196;4825;5135;4831;3202;8258;8289;4845;3385;3386;4212;6131;8147;8158;9048;9269;4846;9114;4853;3325;3383;3384;8221;8263;4854;9106;4857;3382";4803 - Aşağıdaki lisans programlarından birinden mezun olmak. | 8196 - Gıda Bilimi ve Teknolojisi | 4825 - Aşağıdaki lisans programlarından birinden mezun olmak. | 5135 - Ziraat Mühendisliği | 4831 - Aşağıdaki lisans programlarından birinden mezun olmak. | 3202 - Hayvansal Üretim | 8258 - Süt Teknolojisi | 8289 - Zootekni / Zooteknik | 4845 - Aşağıdaki lisans programlarından birinden mezun olmak. | 3385 - Tarla Bitkileri | 3386 - Toprak | 4212 - Bahçe ve Tarla Bitkileri | 6131 - Bitkisel Üretim | 8147 - Bahçe Bitkileri | 8158 - Bitki Koruma | 9048 - Toprak Bilimi ve Bitki Besleme | 9269 - Bitkisel Üretim ve Teknolojileri | 4846 - Aşağıdaki lisans programlarından birinden mezun olmak. | 9114 - Biyosistem Mühendisliği | 4853 - Aşağıdaki lisans programlarından birinden mezun olmak. | 3325 - Tarım Teknolojisi | 3383 - Tarım Makineleri | 3384 - Tarımsal Yapılar ve Sulama | 8221 - Kültürteknik | 8263 - Tarımsal Mekanizasyon | 4854 - Aşağıdaki lisans programlarından birinden mezun olmak. | 9106 - Tarımsal Biyoteknoloji | 4857 - Aşağıdaki lisans programlarından birinden mezun olmak. | 3382 - Tarım Ekonomisi;522b39c6-c20a-e611-80c6-a0369f7d1486
2016;4;901800323;Gıda, Tarım ve Hayvancılık Bakanlığı;Veteriner Hekim;Bolu;Lisans;1;;78.565;78.565;"4607;6373";4607 - Aşağıdaki lisans programlarından birinden mezun olmak. | 6373 - Veteriner;932939c6-c20a-e611-80c6-a0369f7d1486
2016;4;901800727;Gıda, Tarım ve Hayvancılık Bakanlığı;Veteriner Hekim;İstanbul;Lisans;1;;78.534;78.534;"4607;6373";4607 - Aşağıdaki lisans programlarından birinden mezun olmak. | 6373 - Veteriner;552a39c6-c20a-e611-80c6-a0369f7d1486
2016;4;901800521;Gıda, Tarım ve Hayvancılık Bakanlığı;Mühendis;Erzurum;Lisans;1;;78.53;78.53;"4803;8196;4825;5135;4831;3202;8258;8289;4845;3385;3386;4212;6131;8147;8158;9048;9269;4846;9114;4853;3325;3383;3384;8221;8263;4854;9106;4857;3382";4803 - Aşağıdaki lisans programlarından birinden mezun olmak. | 8196 - Gıda Bilimi ve Teknolojisi | 4825 - Aşağıdaki lisans programlarından birinden mezun olmak. | 5135 - Ziraat Mühendisliği | 4831 - Aşağıdaki lisans programlarından birinden mezun olmak. | 3202 - Hayvansal Üretim | 8258 - Süt Teknolojisi | 8289 - Zootekni / Zooteknik | 4845 - Aşağıdaki lisans programlarından birinden mezun olmak. | 3385 - Tarla Bitkileri | 3386 - Toprak | 4212 - Bahçe ve Tarla Bitkileri | 6131 - Bitkisel Üretim | 8147 - Bahçe Bitkileri | 8158 - Bitki Koruma | 9048 - Toprak Bilimi ve Bitki Besleme | 9269 - Bitkisel Üretim ve Teknolojileri | 4846 - Aşağıdaki lisans programlarından birinden mezun olmak. | 9114 - Biyosistem Mühendisliği | 4853 - Aşağıdaki lisans programlarından birinden mezun olmak. | 3325 - Tarım Teknolojisi | 3383 - Tarım Makineleri | 3384 - Tarımsal Yapılar ve Sulama | 8221 - Kültürteknik | 8263 - Tarımsal Mekanizasyon | 4854 - Aşağıdaki lisans programlarından birinden mezun olmak. | 9106 - Tarımsal Biyoteknoloji | 4857 - Aşağıdaki lisans programlarından birinden mezun olmak. | 3382 - Tarım Ekonomisi;f22939c6-c20a-e611-80c6-a0369f7d1486
2016;4;901801403;Gıda, Tarım ve Hayvancılık Bakanlığı;Mühendis;Siirt;Lisans;1;;78.519;78.519;"4803;8196;4825;5135;4831;3202;8258;8289;4845;3385;3386;4212;6131;8147;8158;9048;9269;4846;9114;4853;3325;3383;3384;8221;8263;4854;9106;4857;3382";4803 - Aşağıdaki lisans programlarından birinden mezun olmak. | 8196 - Gıda Bilimi ve Teknolojisi | 4825 - Aşağıdaki lisans programlarından birinden mezun olmak. | 5135 - Ziraat Mühendisliği | 4831 - Aşağıdaki lisans programlarından birinden mezun olmak. | 3202 - Hayvansal Üretim | 8258 - Süt Teknolojisi | 8289 - Zootekni / Zooteknik | 4845 - Aşağıdaki lisans programlarından birinden mezun olmak. | 3385 - Tarla Bitkileri | 3386 - Toprak | 4212 - Bahçe ve Tarla Bitkileri | 6131 - Bitkisel Üretim | 8147 - Bahçe Bitkileri | 8158 - Bitki Koruma | 9048 - Toprak Bilimi ve Bitki Besleme | 9269 - Bitkisel Üretim ve Teknolojileri | 4846 - Aşağıdaki lisans programlarından birinden mezun olmak. | 9114 - Biyosistem Mühendisliği | 4853 - Aşağıdaki lisans programlarından birinden mezun olmak. | 3325 - Tarım Teknolojisi | 3383 - Tarım Makineleri | 3384 - Tarımsal Yapılar ve Sulama | 8221 - Kültürteknik | 8263 - Tarımsal Mekanizasyon | 4854 - Aşağıdaki lisans programlarından birinden mezun olmak. | 9106 - Tarımsal Biyoteknoloji | 4857 - Aşağıdaki lisans programlarından birinden mezun olmak. | 3382 - Tarım Ekonomisi;922b39c6-c20a-e611-80c6-a0369f7d1486
2016;4;901800919;Gıda, Tarım ve Hayvancılık Bakanlığı;Mühendis;Kars;Lisans;3;;78.514;78.66;"4803;8196;4825;5135;4831;3202;8258;8289;4845;3385;3386;4212;6131;8147;8158;9048;9269;4846;9114;4853;3325;3383;3384;8221;8263;4854;9106;4857;3382";4803 - Aşağıdaki lisans programlarından birinden mezun olmak. | 8196 - Gıda Bilimi ve Teknolojisi | 4825 - Aşağıdaki lisans programlarından birinden mezun olmak. | 5135 - Ziraat Mühendisliği | 4831 - Aşağıdaki lisans programlarından birinden mezun olmak. | 3202 - Hayvansal Üretim | 8258 - Süt Teknolojisi | 8289 - Zootekni / Zooteknik | 4845 - Aşağıdaki lisans programlarından birinden mezun olmak. | 3385 - Tarla Bitkileri | 3386 - Toprak | 4212 - Bahçe ve Tarla Bitkileri | 6131 - Bitkisel Üretim | 8147 - Bahçe Bitkileri | 8158 - Bitki Koruma | 9048 - Toprak Bilimi ve Bitki Besleme | 9269 - Bitkisel Üretim ve Teknolojileri | 4846 - Aşağıdaki lisans programlarından birinden mezun olmak. | 9114 - Biyosistem Mühendisliği | 4853 - Aşağıdaki lisans programlarından birinden mezun olmak. | 3325 - Tarım Teknolojisi | 3383 - Tarım Makineleri | 3384 - Tarımsal Yapılar ve Sulama | 8221 - Kültürteknik | 8263 - Tarımsal Mekanizasyon | 4854 - Aşağıdaki lisans programlarından birinden mezun olmak. | 9106 - Tarımsal Biyoteknoloji | 4857 - Aşağıdaki lisans programlarından birinden mezun olmak. | 3382 - Tarım Ekonomisi;9e2a39c6-c20a-e611-80c6-a0369f7d1486
2016;4;901801533;Gıda, Tarım ve Hayvancılık Bakanlığı;Veteriner Hekim;Tekirdağ;Lisans;2;;78.508;79.403;"4607;6373";4607 - Aşağıdaki lisans programlarından birinden mezun olmak. | 6373 - Veteriner;a92b39c6-c20a-e611-80c6-a0369f7d1486
2016;4;901800081;Gıda, Tarım ve Hayvancılık Bakanlığı;Mühendis;Ağrı;Lisans;2;;78.492;78.613;"4803;8196;4825;5135;4831;3202;8258;8289;4845;3385;3386;4212;6131;8147;8158;9048;9269;4846;9114;4853;3325;3383;3384;8221;8263;4854;9106;4857;3382";4803 - Aşağıdaki lisans programlarından birinden mezun olmak. | 8196 - Gıda Bilimi ve Teknolojisi | 4825 - Aşağıdaki lisans programlarından birinden mezun olmak. | 5135 - Ziraat Mühendisliği | 4831 - Aşağıdaki lisans programlarından birinden mezun olmak. | 3202 - Hayvansal Üretim | 8258 - Süt Teknolojisi | 8289 - Zootekni / Zooteknik | 4845 - Aşağıdaki lisans programlarından birinden mezun olmak. | 3385 - Tarla Bitkileri | 3386 - Toprak | 4212 - Bahçe ve Tarla Bitkileri | 6131 - Bitkisel Üretim | 8147 - Bahçe Bitkileri | 8158 - Bitki Koruma | 9048 - Toprak Bilimi ve Bitki Besleme | 9269 - Bitkisel Üretim ve Teknolojileri | 4846 - Aşağıdaki lisans programlarından birinden mezun olmak. | 9114 - Biyosistem Mühendisliği | 4853 - Aşağıdaki lisans programlarından birinden mezun olmak. | 3325 - Tarım Teknolojisi | 3383 - Tarım Makineleri | 3384 - Tarımsal Yapılar ve Sulama | 8221 - Kültürteknik | 8263 - Tarımsal Mekanizasyon | 4854 - Aşağıdaki lisans programlarından birinden mezun olmak. | 9106 - Tarımsal Biyoteknoloji | 4857 - Aşağıdaki lisans programlarından birinden mezun olmak. | 3382 - Tarım Ekonomisi;352939c6-c20a-e611-80c6-a0369f7d1486
2016;4;901801661;Gıda, Tarım ve Hayvancılık Bakanlığı;Veteriner Hekim;Yozgat;Lisans;2;;78.484;78.904;"4607;6373";4607 - Aşağıdaki lisans programlarından birinden mezun olmak. | 6373 - Veteriner;032c39c6-c20a-e611-80c6-a0369f7d1486
2016;4;901800641;Gıda, Tarım ve Hayvancılık Bakanlığı;Veteriner Hekim;Gümüşhane;Lisans;1;;78.448;78.448;"4607;6373";4607 - Aşağıdaki lisans programlarından birinden mezun olmak. | 6373 - Veteriner;2e2a39c6-c20a-e611-80c6-a0369f7d1486
2016;4;901800875;Gıda, Tarım ve Hayvancılık Bakanlığı;Veteriner Hekim;Kahramanmaraş;Lisans;2;;78.444;81.573;"4607;6373";4607 - Aşağıdaki lisans programlarından birinden mezun olmak. | 6373 - Veteriner;1e2b39c6-c20a-e611-80c6-a0369f7d1486
2016;4;901801267;Gıda, Tarım ve Hayvancılık Bakanlığı;Mühendis;Muş;Lisans;1;;78.426;78.426;"4803;8196;4825;5135;4831;3202;8258;8289;4845;3385;3386;4212;6131;8147;8158;9048;9269;4846;9114;4853;3325;3383;3384;8221;8263;4854;9106;4857;3382";4803 - Aşağıdaki lisans programlarından birinden mezun olmak. | 8196 - Gıda Bilimi ve Teknolojisi | 4825 - Aşağıdaki lisans programlarından birinden mezun olmak. | 5135 - Ziraat Mühendisliği | 4831 - Aşağıdaki lisans programlarından birinden mezun olmak. | 3202 - Hayvansal Üretim | 8258 - Süt Teknolojisi | 8289 - Zootekni / Zooteknik | 4845 - Aşağıdaki lisans programlarından birinden mezun olmak. | 3385 - Tarla Bitkileri | 3386 - Toprak | 4212 - Bahçe ve Tarla Bitkileri | 6131 - Bitkisel Üretim | 8147 - Bahçe Bitkileri | 8158 - Bitki Koruma | 9048 - Toprak Bilimi ve Bitki Besleme | 9269 - Bitkisel Üretim ve Teknolojileri | 4846 - Aşağıdaki lisans programlarından birinden mezun olmak. | 9114 - Biyosistem Mühendisliği | 4853 - Aşağıdaki lisans programlarından birinden mezun olmak. | 3325 - Tarım Teknolojisi | 3383 - Tarım Makineleri | 3384 - Tarımsal Yapılar ve Sulama | 8221 - Kültürteknik | 8263 - Tarımsal Mekanizasyon | 4854 - Aşağıdaki lisans programlarından birinden mezun olmak. | 9106 - Tarımsal Biyoteknoloji | 4857 - Aşağıdaki lisans programlarından birinden mezun olmak. | 3382 - Tarım Ekonomisi;502b39c6-c20a-e611-80c6-a0369f7d1486
2016;4;901800269;Gıda, Tarım ve Hayvancılık Bakanlığı;Mühendis;Bingöl;Lisans;5;;78.402;78.624;"4803;8196;4825;5135;4831;3202;8258;8289;4845;3385;3386;4212;6131;8147;8158;9048;9269;4846;9114;4853;3325;3383;3384;8221;8263;4854;9106;4857;3382";4803 - Aşağıdaki lisans programlarından birinden mezun olmak. | 8196 - Gıda Bilimi ve Teknolojisi | 4825 - Aşağıdaki lisans programlarından birinden mezun olmak. | 5135 - Ziraat Mühendisliği | 4831 - Aşağıdaki lisans programlarından birinden mezun olmak. | 3202 - Hayvansal Üretim | 8258 - Süt Teknolojisi | 8289 - Zootekni / Zooteknik | 4845 - Aşağıdaki lisans programlarından birinden mezun olmak. | 3385 - Tarla Bitkileri | 3386 - Toprak | 4212 - Bahçe ve Tarla Bitkileri | 6131 - Bitkisel Üretim | 8147 - Bahçe Bitkileri | 8158 - Bitki Koruma | 9048 - Toprak Bilimi ve Bitki Besleme | 9269 - Bitkisel Üretim ve Teknolojileri | 4846 - Aşağıdaki lisans programlarından birinden mezun olmak. | 9114 - Biyosistem Mühendisliği | 4853 - Aşağıdaki lisans programlarından birinden mezun olmak. | 3325 - Tarım Teknolojisi | 3383 - Tarım Makineleri | 3384 - Tarımsal Yapılar ve Sulama | 8221 - Kültürteknik | 8263 - Tarımsal Mekanizasyon | 4854 - Aşağıdaki lisans programlarından birinden mezun olmak. | 9106 - Tarımsal Biyoteknoloji | 4857 - Aşağıdaki lisans programlarından birinden mezun olmak. | 3382 - Tarım Ekonomisi;782939c6-c20a-e611-80c6-a0369f7d1486
2016;4;901801395;Gıda, Tarım ve Hayvancılık Bakanlığı;Mühendis;Siirt;Lisans;1;;78.396;78.396;"4803;8196;4825;5135;4831;3202;8258;8289;4845;3385;3386;4212;6131;8147;8158;9048;9269;4846;9114;4853;3325;3383;3384;8221;8263;4854;9106;4857;3382";4803 - Aşağıdaki lisans programlarından birinden mezun olmak. | 8196 - Gıda Bilimi ve Teknolojisi | 4825 - Aşağıdaki lisans programlarından birinden mezun olmak. | 5135 - Ziraat Mühendisliği | 4831 - Aşağıdaki lisans programlarından birinden mezun olmak. | 3202 - Hayvansal Üretim | 8258 - Süt Teknolojisi | 8289 - Zootekni / Zooteknik | 4845 - Aşağıdaki lisans programlarından birinden mezun olmak. | 3385 - Tarla Bitkileri | 3386 - Toprak | 4212 - Bahçe ve Tarla Bitkileri | 6131 - Bitkisel Üretim | 8147 - Bahçe Bitkileri | 8158 - Bitki Koruma | 9048 - Toprak Bilimi ve Bitki Besleme | 9269 - Bitkisel Üretim ve Teknolojileri | 4846 - Aşağıdaki lisans programlarından birinden mezun olmak. | 9114 - Biyosistem Mühendisliği | 4853 - Aşağıdaki lisans programlarından birinden mezun olmak. | 3325 - Tarım Teknolojisi | 3383 - Tarım Makineleri | 3384 - Tarımsal Yapılar ve Sulama | 8221 - Kültürteknik | 8263 - Tarımsal Mekanizasyon | 4854 - Aşağıdaki lisans programlarından birinden mezun olmak. | 9106 - Tarımsal Biyoteknoloji | 4857 - Aşağıdaki lisans programlarından birinden mezun olmak. | 3382 - Tarım Ekonomisi;8e2b39c6-c20a-e611-80c6-a0369f7d1486
2016;4;901800263;Gıda, Tarım ve Hayvancılık Bakanlığı;Mühendis;Bingöl;Lisans;2;;78.376;78.541;"4803;8196;4825;5135;4831;3202;8258;8289;4845;3385;3386;4212;6131;8147;8158;9048;9269;4846;9114;4853;3325;3383;3384;8221;8263;4854;9106;4857;3382";4803 - Aşağıdaki lisans programlarından birinden mezun olmak. | 8196 - Gıda Bilimi ve Teknolojisi | 4825 - Aşağıdaki lisans programlarından birinden mezun olmak. | 5135 - Ziraat Mühendisliği | 4831 - Aşağıdaki lisans programlarından birinden mezun olmak. | 3202 - Hayvansal Üretim | 8258 - Süt Teknolojisi | 8289 - Zootekni / Zooteknik | 4845 - Aşağıdaki lisans programlarından birinden mezun olmak. | 3385 - Tarla Bitkileri | 3386 - Toprak | 4212 - Bahçe ve Tarla Bitkileri | 6131 - Bitkisel Üretim | 8147 - Bahçe Bitkileri | 8158 - Bitki Koruma | 9048 - Toprak Bilimi ve Bitki Besleme | 9269 - Bitkisel Üretim ve Teknolojileri | 4846 - Aşağıdaki lisans programlarından birinden mezun olmak. | 9114 - Biyosistem Mühendisliği | 4853 - Aşağıdaki lisans programlarından birinden mezun olmak. | 3325 - Tarım Teknolojisi | 3383 - Tarım Makineleri | 3384 - Tarımsal Yapılar ve Sulama | 8221 - Kültürteknik | 8263 - Tarımsal Mekanizasyon | 4854 - Aşağıdaki lisans programlarından birinden mezun olmak. | 9106 - Tarımsal Biyoteknoloji | 4857 - Aşağıdaki lisans programlarından birinden mezun olmak. | 3382 - Tarım Ekonomisi;752939c6-c20a-e611-80c6-a0369f7d1486
2016;4;901800953;Gıda, Tarım ve Hayvancılık Bakanlığı;Veteriner Hekim;Kastamonu;Lisans;2;;78.374;78.8;"4607;6373";4607 - Aşağıdaki lisans programlarından birinden mezun olmak. | 6373 - Veteriner;af2a39c6-c20a-e611-80c6-a0369f7d1486
2016;4;901800417;Gıda, Tarım ve Hayvancılık Bakanlığı;Veteriner Hekim;Diyarbakır;Lisans;2;;78.341;79.942;"4607;6373";4607 - Aşağıdaki lisans programlarından birinden mezun olmak. | 6373 - Veteriner;c22939c6-c20a-e611-80c6-a0369f7d1486
2016;4;901800273;Gıda, Tarım ve Hayvancılık Bakanlığı;Mühendis;Bingöl;Lisans;2;;78.327;78.356;"4803;8196;4825;5135;4831;3202;8258;8289;4845;3385;3386;4212;6131;8147;8158;9048;9269;4846;9114;4853;3325;3383;3384;8221;8263;4854;9106;4857;3382";4803 - Aşağıdaki lisans programlarından birinden mezun olmak. | 8196 - Gıda Bilimi ve Teknolojisi | 4825 - Aşağıdaki lisans programlarından birinden mezun olmak. | 5135 - Ziraat Mühendisliği | 4831 - Aşağıdaki lisans programlarından birinden mezun olmak. | 3202 - Hayvansal Üretim | 8258 - Süt Teknolojisi | 8289 - Zootekni / Zooteknik | 4845 - Aşağıdaki lisans programlarından birinden mezun olmak. | 3385 - Tarla Bitkileri | 3386 - Toprak | 4212 - Bahçe ve Tarla Bitkileri | 6131 - Bitkisel Üretim | 8147 - Bahçe Bitkileri | 8158 - Bitki Koruma | 9048 - Toprak Bilimi ve Bitki Besleme | 9269 - Bitkisel Üretim ve Teknolojileri | 4846 - Aşağıdaki lisans programlarından birinden mezun olmak. | 9114 - Biyosistem Mühendisliği | 4853 - Aşağıdaki lisans programlarından birinden mezun olmak. | 3325 - Tarım Teknolojisi | 3383 - Tarım Makineleri | 3384 - Tarımsal Yapılar ve Sulama | 8221 - Kültürteknik | 8263 - Tarımsal Mekanizasyon | 4854 - Aşağıdaki lisans programlarından birinden mezun olmak. | 9106 - Tarımsal Biyoteknoloji | 4857 - Aşağıdaki lisans programlarından birinden mezun olmak. | 3382 - Tarım Ekonomisi;7a2939c6-c20a-e611-80c6-a0369f7d1486
2016;4;901800281;Gıda, Tarım ve Hayvancılık Bakanlığı;Mühendis;Bingöl;Lisans;2;;78.319;78.413;"4803;8196;4825;5135;4831;3202;8258;8289;4845;3385;3386;4212;6131;8147;8158;9048;9269;4846;9114;4853;3325;3383;3384;8221;8263;4854;9106;4857;3382";4803 - Aşağıdaki lisans programlarından birinden mezun olmak. | 8196 - Gıda Bilimi ve Teknolojisi | 4825 - Aşağıdaki lisans programlarından birinden mezun olmak. | 5135 - Ziraat Mühendisliği | 4831 - Aşağıdaki lisans programlarından birinden mezun olmak. | 3202 - Hayvansal Üretim | 8258 - Süt Teknolojisi | 8289 - Zootekni / Zooteknik | 4845 - Aşağıdaki lisans programlarından birinden mezun olmak. | 3385 - Tarla Bitkileri | 3386 - Toprak | 4212 - Bahçe ve Tarla Bitkileri | 6131 - Bitkisel Üretim | 8147 - Bahçe Bitkileri | 8158 - Bitki Koruma | 9048 - Toprak Bilimi ve Bitki Besleme | 9269 - Bitkisel Üretim ve Teknolojileri | 4846 - Aşağıdaki lisans programlarından birinden mezun olmak. | 9114 - Biyosistem Mühendisliği | 4853 - Aşağıdaki lisans programlarından birinden mezun olmak. | 3325 - Tarım Teknolojisi | 3383 - Tarım Makineleri | 3384 - Tarımsal Yapılar ve Sulama | 8221 - Kültürteknik | 8263 - Tarımsal Mekanizasyon | 4854 - Aşağıdaki lisans programlarından birinden mezun olmak. | 9106 - Tarımsal Biyoteknoloji | 4857 - Aşağıdaki lisans programlarından birinden mezun olmak. | 3382 - Tarım Ekonomisi;7e2939c6-c20a-e611-80c6-a0369f7d1486
2016;4;901801543;Gıda, Tarım ve Hayvancılık Bakanlığı;Veteriner Hekim;Tekirdağ;Lisans;5;;78.308;80.173;"4607;6373";4607 - Aşağıdaki lisans programlarından birinden mezun olmak. | 6373 - Veteriner;ae2b39c6-c20a-e611-80c6-a0369f7d1486
2016;4;901800747;Gıda, Tarım ve Hayvancılık Bakanlığı;Veteriner Hekim;İstanbul;Lisans;1;;78.283;78.283;"4607;6373";4607 - Aşağıdaki lisans programlarından birinden mezun olmak. | 6373 - Veteriner;5f2a39c6-c20a-e611-80c6-a0369f7d1486
2016;4;901800453;Gıda, Tarım ve Hayvancılık Bakanlığı;Veteriner Hekim;Edirne;Lisans;1;;78.27;78.27;"4607;6373";4607 - Aşağıdaki lisans programlarından birinden mezun olmak. | 6373 - Veteriner;d02939c6-c20a-e611-80c6-a0369f7d1486
2016;4;901800537;Gıda, Tarım ve Hayvancılık Bakanlığı;Veteriner Hekim;Erzurum;Lisans;1;;78.246;78.246;"4607;6373";4607 - Aşağıdaki lisans programlarından birinden mezun olmak. | 6373 - Veteriner;fa2939c6-c20a-e611-80c6-a0369f7d1486
2016;4;901801665;Gıda, Tarım ve Hayvancılık Bakanlığı;Veteriner Hekim;Yozgat;Lisans;1;;78.226;78.226;"4607;6373";4607 - Aşağıdaki lisans programlarından birinden mezun olmak. | 6373 - Veteriner;052c39c6-c20a-e611-80c6-a0369f7d1486
2016;4;901801655;Gıda, Tarım ve Hayvancılık Bakanlığı;Veteriner Hekim;Yozgat;Lisans;1;;78.206;78.206;"4607;6373";4607 - Aşağıdaki lisans programlarından birinden mezun olmak. | 6373 - Veteriner;002c39c6-c20a-e611-80c6-a0369f7d1486
2016;4;901800651;Gıda, Tarım ve Hayvancılık Bakanlığı;Mühendis;Hakkari;Lisans;1;;78.197;78.197;"4803;8196;4825;5135;4831;3202;8258;8289;4845;3385;3386;4212;6131;8147;8158;9048;9269;4846;9114;4853;3325;3383;3384;8221;8263;4854;9106;4857;3382";4803 - Aşağıdaki lisans programlarından birinden mezun olmak. | 8196 - Gıda Bilimi ve Teknolojisi | 4825 - Aşağıdaki lisans programlarından birinden mezun olmak. | 5135 - Ziraat Mühendisliği | 4831 - Aşağıdaki lisans programlarından birinden mezun olmak. | 3202 - Hayvansal Üretim | 8258 - Süt Teknolojisi | 8289 - Zootekni / Zooteknik | 4845 - Aşağıdaki lisans programlarından birinden mezun olmak. | 3385 - Tarla Bitkileri | 3386 - Toprak | 4212 - Bahçe ve Tarla Bitkileri | 6131 - Bitkisel Üretim | 8147 - Bahçe Bitkileri | 8158 - Bitki Koruma | 9048 - Toprak Bilimi ve Bitki Besleme | 9269 - Bitkisel Üretim ve Teknolojileri | 4846 - Aşağıdaki lisans programlarından birinden mezun olmak. | 9114 - Biyosistem Mühendisliği | 4853 - Aşağıdaki lisans programlarından birinden mezun olmak. | 3325 - Tarım Teknolojisi | 3383 - Tarım Makineleri | 3384 - Tarımsal Yapılar ve Sulama | 8221 - Kültürteknik | 8263 - Tarımsal Mekanizasyon | 4854 - Aşağıdaki lisans programlarından birinden mezun olmak. | 9106 - Tarımsal Biyoteknoloji | 4857 - Aşağıdaki lisans programlarından birinden mezun olmak. | 3382 - Tarım Ekonomisi;332a39c6-c20a-e611-80c6-a0369f7d1486
2016;4;901800803;Gıda, Tarım ve Hayvancılık Bakanlığı;Veteriner Hekim;İstanbul;Lisans;2;;78.176;80.644;"4607;6373";4607 - Aşağıdaki lisans programlarından birinden mezun olmak. | 6373 - Veteriner;7b2a39c6-c20a-e611-80c6-a0369f7d1486
2016;4;901801443;Gıda, Tarım ve Hayvancılık Bakanlığı;Veteriner Hekim;Sivas;Lisans;2;;78.162;82.466;"4607;6373";4607 - Aşağıdaki lisans programlarından birinden mezun olmak. | 6373 - Veteriner;a62b39c6-c20a-e611-80c6-a0369f7d1486
2016;4;901801509;Gıda, Tarım ve Hayvancılık Bakanlığı;Mühendis;Şırnak;Lisans;16;;78.162;78.818;"4803;8196;4825;5135;4831;3202;8258;8289;4845;3385;3386;4212;6131;8147;8158;9048;9269;4846;9114;4853;3325;3383;3384;8221;8263;4854;9106;4857;3382";4803 - Aşağıdaki lisans programlarından birinden mezun olmak. | 8196 - Gıda Bilimi ve Teknolojisi | 4825 - Aşağıdaki lisans programlarından birinden mezun olmak. | 5135 - Ziraat Mühendisliği | 4831 - Aşağıdaki lisans programlarından birinden mezun olmak. | 3202 - Hayvansal Üretim | 8258 - Süt Teknolojisi | 8289 - Zootekni / Zooteknik | 4845 - Aşağıdaki lisans programlarından birinden mezun olmak. | 3385 - Tarla Bitkileri | 3386 - Toprak | 4212 - Bahçe ve Tarla Bitkileri | 6131 - Bitkisel Üretim | 8147 - Bahçe Bitkileri | 8158 - Bitki Koruma | 9048 - Toprak Bilimi ve Bitki Besleme | 9269 - Bitkisel Üretim ve Teknolojileri | 4846 - Aşağıdaki lisans programlarından birinden mezun olmak. | 9114 - Biyosistem Mühendisliği | 4853 - Aşağıdaki lisans programlarından birinden mezun olmak. | 3325 - Tarım Teknolojisi | 3383 - Tarım Makineleri | 3384 - Tarımsal Yapılar ve Sulama | 8221 - Kültürteknik | 8263 - Tarımsal Mekanizasyon | 4854 - Aşağıdaki lisans programlarından birinden mezun olmak. | 9106 - Tarımsal Biyoteknoloji | 4857 - Aşağıdaki lisans programlarından birinden mezun olmak. | 3382 - Tarım Ekonomisi;292c39c6-c20a-e611-80c6-a0369f7d1486
2016;4;901800941;Gıda, Tarım ve Hayvancılık Bakanlığı;Veteriner Hekim;Kastamonu;Lisans;1;;78.156;78.156;"4607;6373";4607 - Aşağıdaki lisans programlarından birinden mezun olmak. | 6373 - Veteriner;a92a39c6-c20a-e611-80c6-a0369f7d1486
2016;4;901800315;Gıda, Tarım ve Hayvancılık Bakanlığı;Veteriner Hekim;Bolu;Lisans;1;;78.151;78.151;"4607;6373";4607 - Aşağıdaki lisans programlarından birinden mezun olmak. | 6373 - Veteriner;8f2939c6-c20a-e611-80c6-a0369f7d1486
2016;4;901801519;Gıda, Tarım ve Hayvancılık Bakanlığı;Mühendis;Şırnak;Lisans;5;;78.151;78.475;"4803;8196;4825;5135;4831;3202;8258;8289;4845;3385;3386;4212;6131;8147;8158;9048;9269;4846;9114;4853;3325;3383;3384;8221;8263;4854;9106;4857;3382";4803 - Aşağıdaki lisans programlarından birinden mezun olmak. | 8196 - Gıda Bilimi ve Teknolojisi | 4825 - Aşağıdaki lisans programlarından birinden mezun olmak. | 5135 - Ziraat Mühendisliği | 4831 - Aşağıdaki lisans programlarından birinden mezun olmak. | 3202 - Hayvansal Üretim | 8258 - Süt Teknolojisi | 8289 - Zootekni / Zooteknik | 4845 - Aşağıdaki lisans programlarından birinden mezun olmak. | 3385 - Tarla Bitkileri | 3386 - Toprak | 4212 - Bahçe ve Tarla Bitkileri | 6131 - Bitkisel Üretim | 8147 - Bahçe Bitkileri | 8158 - Bitki Koruma | 9048 - Toprak Bilimi ve Bitki Besleme | 9269 - Bitkisel Üretim ve Teknolojileri | 4846 - Aşağıdaki lisans programlarından birinden mezun olmak. | 9114 - Biyosistem Mühendisliği | 4853 - Aşağıdaki lisans programlarından birinden mezun olmak. | 3325 - Tarım Teknolojisi | 3383 - Tarım Makineleri | 3384 - Tarımsal Yapılar ve Sulama | 8221 - Kültürteknik | 8263 - Tarımsal Mekanizasyon | 4854 - Aşağıdaki lisans programlarından birinden mezun olmak. | 9106 - Tarımsal Biyoteknoloji | 4857 - Aşağıdaki lisans programlarından birinden mezun olmak. | 3382 - Tarım Ekonomisi;2e2c39c6-c20a-e611-80c6-a0369f7d1486
2016;4;901801523;Gıda, Tarım ve Hayvancılık Bakanlığı;Mühendis;Şırnak;Lisans;5;;78.134;78.62;"4803;8196;4825;5135;4831;3202;8258;8289;4845;3385;3386;4212;6131;8147;8158;9048;9269;4846;9114;4853;3325;3383;3384;8221;8263;4854;9106;4857;3382";4803 - Aşağıdaki lisans programlarından birinden mezun olmak. | 8196 - Gıda Bilimi ve Teknolojisi | 4825 - Aşağıdaki lisans programlarından birinden mezun olmak. | 5135 - Ziraat Mühendisliği | 4831 - Aşağıdaki lisans programlarından birinden mezun olmak. | 3202 - Hayvansal Üretim | 8258 - Süt Teknolojisi | 8289 - Zootekni / Zooteknik | 4845 - Aşağıdaki lisans programlarından birinden mezun olmak. | 3385 - Tarla Bitkileri | 3386 - Toprak | 4212 - Bahçe ve Tarla Bitkileri | 6131 - Bitkisel Üretim | 8147 - Bahçe Bitkileri | 8158 - Bitki Koruma | 9048 - Toprak Bilimi ve Bitki Besleme | 9269 - Bitkisel Üretim ve Teknolojileri | 4846 - Aşağıdaki lisans programlarından birinden mezun olmak. | 9114 - Biyosistem Mühendisliği | 4853 - Aşağıdaki lisans programlarından birinden mezun olmak. | 3325 - Tarım Teknolojisi | 3383 - Tarım Makineleri | 3384 - Tarımsal Yapılar ve Sulama | 8221 - Kültürteknik | 8263 - Tarımsal Mekanizasyon | 4854 - Aşağıdaki lisans programlarından birinden mezun olmak. | 9106 - Tarımsal Biyoteknoloji | 4857 - Aşağıdaki lisans programlarından birinden mezun olmak. | 3382 - Tarım Ekonomisi;302c39c6-c20a-e611-80c6-a0369f7d1486
2016;4;901800867;Gıda, Tarım ve Hayvancılık Bakanlığı;Veteriner Hekim;Kahramanmaraş;Lisans;1;;78.129;78.129;"4607;6373";4607 - Aşağıdaki lisans programlarından birinden mezun olmak. | 6373 - Veteriner;1a2b39c6-c20a-e611-80c6-a0369f7d1486
2016;4;901801011;Gıda, Tarım ve Hayvancılık Bakanlığı;Veteriner Hekim;Kırklareli;Lisans;1;;78.103;78.103;"4607;6373";4607 - Aşağıdaki lisans programlarından birinden mezun olmak. | 6373 - Veteriner;cb2a39c6-c20a-e611-80c6-a0369f7d1486
2016;4;901800647;Gıda, Tarım ve Hayvancılık Bakanlığı;Mühendis;Hakkari;Lisans;14;;78.098;80.426;"4803;8196;4825;5135;4831;3202;8258;8289;4845;3385;3386;4212;6131;8147;8158;9048;9269;4846;9114;4853;3325;3383;3384;8221;8263;4854;9106;4857;3382";4803 - Aşağıdaki lisans programlarından birinden mezun olmak. | 8196 - Gıda Bilimi ve Teknolojisi | 4825 - Aşağıdaki lisans programlarından birinden mezun olmak. | 5135 - Ziraat Mühendisliği | 4831 - Aşağıdaki lisans programlarından birinden mezun olmak. | 3202 - Hayvansal Üretim | 8258 - Süt Teknolojisi | 8289 - Zootekni / Zooteknik | 4845 - Aşağıdaki lisans programlarından birinden mezun olmak. | 3385 - Tarla Bitkileri | 3386 - Toprak | 4212 - Bahçe ve Tarla Bitkileri | 6131 - Bitkisel Üretim | 8147 - Bahçe Bitkileri | 8158 - Bitki Koruma | 9048 - Toprak Bilimi ve Bitki Besleme | 9269 - Bitkisel Üretim ve Teknolojileri | 4846 - Aşağıdaki lisans programlarından birinden mezun olmak. | 9114 - Biyosistem Mühendisliği | 4853 - Aşağıdaki lisans programlarından birinden mezun olmak. | 3325 - Tarım Teknolojisi | 3383 - Tarım Makineleri | 3384 - Tarımsal Yapılar ve Sulama | 8221 - Kültürteknik | 8263 - Tarımsal Mekanizasyon | 4854 - Aşağıdaki lisans programlarından birinden mezun olmak. | 9106 - Tarımsal Biyoteknoloji | 4857 - Aşağıdaki lisans programlarından birinden mezun olmak. | 3382 - Tarım Ekonomisi;312a39c6-c20a-e611-80c6-a0369f7d1486
2016;4;901800655;Gıda, Tarım ve Hayvancılık Bakanlığı;Mühendis;Hakkari;Lisans;1;;78.072;78.072;"4803;8196;4825;5135;4831;3202;8258;8289;4845;3385;3386;4212;6131;8147;8158;9048;9269;4846;9114;4853;3325;3383;3384;8221;8263;4854;9106;4857;3382";4803 - Aşağıdaki lisans programlarından birinden mezun olmak. | 8196 - Gıda Bilimi ve Teknolojisi | 4825 - Aşağıdaki lisans programlarından birinden mezun olmak. | 5135 - Ziraat Mühendisliği | 4831 - Aşağıdaki lisans programlarından birinden mezun olmak. | 3202 - Hayvansal Üretim | 8258 - Süt Teknolojisi | 8289 - Zootekni / Zooteknik | 4845 - Aşağıdaki lisans programlarından birinden mezun olmak. | 3385 - Tarla Bitkileri | 3386 - Toprak | 4212 - Bahçe ve Tarla Bitkileri | 6131 - Bitkisel Üretim | 8147 - Bahçe Bitkileri | 8158 - Bitki Koruma | 9048 - Toprak Bilimi ve Bitki Besleme | 9269 - Bitkisel Üretim ve Teknolojileri | 4846 - Aşağıdaki lisans programlarından birinden mezun olmak. | 9114 - Biyosistem Mühendisliği | 4853 - Aşağıdaki lisans programlarından birinden mezun olmak. | 3325 - Tarım Teknolojisi | 3383 - Tarım Makineleri | 3384 - Tarımsal Yapılar ve Sulama | 8221 - Kültürteknik | 8263 - Tarımsal Mekanizasyon | 4854 - Aşağıdaki lisans programlarından birinden mezun olmak. | 9106 - Tarımsal Biyoteknoloji | 4857 - Aşağıdaki lisans programlarından birinden mezun olmak. | 3382 - Tarım Ekonomisi;352a39c6-c20a-e611-80c6-a0369f7d1486
2016;4;901800335;Gıda, Tarım ve Hayvancılık Bakanlığı;Veteriner Hekim;Bolu;Lisans;2;;78.068;78.803;"4607;6373";4607 - Aşağıdaki lisans programlarından birinden mezun olmak. | 6373 - Veteriner;992939c6-c20a-e611-80c6-a0369f7d1486
2016;4;901800871;Gıda, Tarım ve Hayvancılık Bakanlığı;Veteriner Hekim;Kahramanmaraş;Lisans;1;;78.068;78.068;"4607;6373";4607 - Aşağıdaki lisans programlarından birinden mezun olmak. | 6373 - Veteriner;1c2b39c6-c20a-e611-80c6-a0369f7d1486
2016;4;901800939;Gıda, Tarım ve Hayvancılık Bakanlığı;Veteriner Hekim;Kastamonu;Lisans;1;;78.061;78.061;"4607;6373";4607 - Aşağıdaki lisans programlarından birinden mezun olmak. | 6373 - Veteriner;a82a39c6-c20a-e611-80c6-a0369f7d1486
2016;4;901800659;Gıda, Tarım ve Hayvancılık Bakanlığı;Mühendis;Hakkari;Lisans;9;;78.059;78.444;"4803;8196;4825;5135;4831;3202;8258;8289;4845;3385;3386;4212;6131;8147;8158;9048;9269;4846;9114;4853;3325;3383;3384;8221;8263;4854;9106;4857;3382";4803 - Aşağıdaki lisans programlarından birinden mezun olmak. | 8196 - Gıda Bilimi ve Teknolojisi | 4825 - Aşağıdaki lisans programlarından birinden mezun olmak. | 5135 - Ziraat Mühendisliği | 4831 - Aşağıdaki lisans programlarından birinden mezun olmak. | 3202 - Hayvansal Üretim | 8258 - Süt Teknolojisi | 8289 - Zootekni / Zooteknik | 4845 - Aşağıdaki lisans programlarından birinden mezun olmak. | 3385 - Tarla Bitkileri | 3386 - Toprak | 4212 - Bahçe ve Tarla Bitkileri | 6131 - Bitkisel Üretim | 8147 - Bahçe Bitkileri | 8158 - Bitki Koruma | 9048 - Toprak Bilimi ve Bitki Besleme | 9269 - Bitkisel Üretim ve Teknolojileri | 4846 - Aşağıdaki lisans programlarından birinden mezun olmak. | 9114 - Biyosistem Mühendisliği | 4853 - Aşağıdaki lisans programlarından birinden mezun olmak. | 3325 - Tarım Teknolojisi | 3383 - Tarım Makineleri | 3384 - Tarımsal Yapılar ve Sulama | 8221 - Kültürteknik | 8263 - Tarımsal Mekanizasyon | 4854 - Aşağıdaki lisans programlarından birinden mezun olmak. | 9106 - Tarımsal Biyoteknoloji | 4857 - Aşağıdaki lisans programlarından birinden mezun olmak. | 3382 - Tarım Ekonomisi;372a39c6-c20a-e611-80c6-a0369f7d1486
2016;4;901800295;Gıda, Tarım ve Hayvancılık Bakanlığı;Veteriner Hekim;Bitlis;Lisans;1;;78.013;78.013;"4607;6373";4607 - Aşağıdaki lisans programlarından birinden mezun olmak. | 6373 - Veteriner;852939c6-c20a-e611-80c6-a0369f7d1486
2016;4;901801017;Gıda, Tarım ve Hayvancılık Bakanlığı;Veteriner Hekim;Kırklareli;Lisans;1;;77.999;77.999;"4607;6373";4607 - Aşağıdaki lisans programlarından birinden mezun olmak. | 6373 - Veteriner;ce2a39c6-c20a-e611-80c6-a0369f7d1486
2016;4;901800471;Gıda, Tarım ve Hayvancılık Bakanlığı;Veteriner Hekim;Edirne;Lisans;1;;77.997;77.997;"4607;6373";4607 - Aşağıdaki lisans programlarından birinden mezun olmak. | 6373 - Veteriner;d92939c6-c20a-e611-80c6-a0369f7d1486
2016;4;901800577;Gıda, Tarım ve Hayvancılık Bakanlığı;Veteriner Hekim;Gaziantep;Lisans;2;;77.997;78.622;"4607;6373";4607 - Aşağıdaki lisans programlarından birinden mezun olmak. | 6373 - Veteriner;0e2a39c6-c20a-e611-80c6-a0369f7d1486
2016;4;901801639;Gıda, Tarım ve Hayvancılık Bakanlığı;Veteriner Hekim;Yozgat;Lisans;1;;77.993;77.993;"4607;6373";4607 - Aşağıdaki lisans programlarından birinden mezun olmak. | 6373 - Veteriner;f82b39c6-c20a-e611-80c6-a0369f7d1486
2016;4;901800467;Gıda, Tarım ve Hayvancılık Bakanlığı;Veteriner Hekim;Edirne;Lisans;1;;77.962;77.962;"4607;6373";4607 - Aşağıdaki lisans programlarından birinden mezun olmak. | 6373 - Veteriner;d72939c6-c20a-e611-80c6-a0369f7d1486
2016;4;901801473;Gıda, Tarım ve Hayvancılık Bakanlığı;Veteriner Hekim;Şanlıurfa;Lisans;1;;77.955;77.955;"4607;6373";4607 - Aşağıdaki lisans programlarından birinden mezun olmak. | 6373 - Veteriner;d62b39c6-c20a-e611-80c6-a0369f7d1486
2016;4;901800755;Gıda, Tarım ve Hayvancılık Bakanlığı;Veteriner Hekim;İstanbul;Lisans;1;;77.903;77.903;"4607;6373";4607 - Aşağıdaki lisans programlarından birinden mezun olmak. | 6373 - Veteriner;632a39c6-c20a-e611-80c6-a0369f7d1486
2016;4;901800457;Gıda, Tarım ve Hayvancılık Bakanlığı;Veteriner Hekim;Edirne;Lisans;2;;77.89;78.18;"4607;6373";4607 - Aşağıdaki lisans programlarından birinden mezun olmak. | 6373 - Veteriner;d22939c6-c20a-e611-80c6-a0369f7d1486
2016;4;901800963;Gıda, Tarım ve Hayvancılık Bakanlığı;Veteriner Hekim;Kastamonu;Lisans;1;;77.868;77.868;"4607;6373";4607 - Aşağıdaki lisans programlarından birinden mezun olmak. | 6373 - Veteriner;b42a39c6-c20a-e611-80c6-a0369f7d1486
2016;4;901801547;Gıda, Tarım ve Hayvancılık Bakanlığı;Veteriner Hekim;Tekirdağ;Lisans;2;;77.835;78.413;"4607;6373";4607 - Aşağıdaki lisans programlarından birinden mezun olmak. | 6373 - Veteriner;b02b39c6-c20a-e611-80c6-a0369f7d1486
2016;4;901801539;Gıda, Tarım ve Hayvancılık Bakanlığı;Veteriner Hekim;Tekirdağ;Lisans;3;;77.806;78.105;"4607;6373";4607 - Aşağıdaki lisans programlarından birinden mezun olmak. | 6373 - Veteriner;ac2b39c6-c20a-e611-80c6-a0369f7d1486
2016;4;901800469;Gıda, Tarım ve Hayvancılık Bakanlığı;Veteriner Hekim;Edirne;Lisans;1;;77.755;77.755;"4607;6373";4607 - Aşağıdaki lisans programlarından birinden mezun olmak. | 6373 - Veteriner;d82939c6-c20a-e611-80c6-a0369f7d1486
2016;4;901800625;Gıda, Tarım ve Hayvancılık Bakanlığı;Veteriner Hekim;Gümüşhane;Lisans;3;;77.722;77.79;"4607;6373";4607 - Aşağıdaki lisans programlarından birinden mezun olmak. | 6373 - Veteriner;262a39c6-c20a-e611-80c6-a0369f7d1486
2016;4;901801007;Gıda, Tarım ve Hayvancılık Bakanlığı;Veteriner Hekim;Kırklareli;Lisans;1;;77.676;77.676;"4607;6373";4607 - Aşağıdaki lisans programlarından birinden mezun olmak. | 6373 - Veteriner;c92a39c6-c20a-e611-80c6-a0369f7d1486
2016;4;901801461;Gıda, Tarım ve Hayvancılık Bakanlığı;Veteriner Hekim;Şanlıurfa;Lisans;3;;77.531;79.034;"4607;6373";4607 - Aşağıdaki lisans programlarından birinden mezun olmak. | 6373 - Veteriner;d02b39c6-c20a-e611-80c6-a0369f7d1486
2016;4;901800475;Gıda, Tarım ve Hayvancılık Bakanlığı;Veteriner Hekim;Edirne;Lisans;1;;77.441;77.441;"4607;6373";4607 - Aşağıdaki lisans programlarından birinden mezun olmak. | 6373 - Veteriner;db2939c6-c20a-e611-80c6-a0369f7d1486
2016;4;901800999;Gıda, Tarım ve Hayvancılık Bakanlığı;Veteriner Hekim;Kırklareli;Lisans;1;;77.379;77.379;"4607;6373";4607 - Aşağıdaki lisans programlarından birinden mezun olmak. | 6373 - Veteriner;c52a39c6-c20a-e611-80c6-a0369f7d1486
2016;4;901801429;Gıda, Tarım ve Hayvancılık Bakanlığı;Veteriner Hekim;Sivas;Lisans;2;;77.342;77.837;"4607;6373";4607 - Aşağıdaki lisans programlarından birinden mezun olmak. | 6373 - Veteriner;9f2b39c6-c20a-e611-80c6-a0369f7d1486
2016;4;901800165;Gıda, Tarım ve Hayvancılık Bakanlığı;Veteriner Hekim;Artvin;Lisans;7;;77.315;77.933;"4607;6373";4607 - Aşağıdaki lisans programlarından birinden mezun olmak. | 6373 - Veteriner;502939c6-c20a-e611-80c6-a0369f7d1486
2016;4;901800157;Gıda, Tarım ve Hayvancılık Bakanlığı;Veteriner Hekim;Artvin;Lisans;1;;77.293;77.293;"4607;6373";4607 - Aşağıdaki lisans programlarından birinden mezun olmak. | 6373 - Veteriner;4c2939c6-c20a-e611-80c6-a0369f7d1486
2016;4;901800261;Gıda, Tarım ve Hayvancılık Bakanlığı;Veteriner Hekim;Bingöl;Lisans;3;;77.284;80.039;"4607;6373";4607 - Aşağıdaki lisans programlarından birinden mezun olmak. | 6373 - Veteriner;742939c6-c20a-e611-80c6-a0369f7d1486
2016;4;901800519;Gıda, Tarım ve Hayvancılık Bakanlığı;Veteriner Hekim;Erzurum;Lisans;2;;77.284;77.683;"4607;6373";4607 - Aşağıdaki lisans programlarından birinden mezun olmak. | 6373 - Veteriner;f12939c6-c20a-e611-80c6-a0369f7d1486
2016;4;901801425;Gıda, Tarım ve Hayvancılık Bakanlığı;Veteriner Hekim;Sivas;Lisans;1;;77.269;77.269;"4607;6373";4607 - Aşağıdaki lisans programlarından birinden mezun olmak. | 6373 - Veteriner;9d2b39c6-c20a-e611-80c6-a0369f7d1486
2016;4;901800737;Gıda, Tarım ve Hayvancılık Bakanlığı;Veteriner Hekim;İstanbul;Lisans;2;;77.258;77.489;"4607;6373";4607 - Aşağıdaki lisans programlarından birinden mezun olmak. | 6373 - Veteriner;5a2a39c6-c20a-e611-80c6-a0369f7d1486
2016;4;901800181;Gıda, Tarım ve Hayvancılık Bakanlığı;Veteriner Hekim;Artvin;Lisans;5;;77.203;77.81;"4607;6373";4607 - Aşağıdaki lisans programlarından birinden mezun olmak. | 6373 - Veteriner;582939c6-c20a-e611-80c6-a0369f7d1486
2016;4;901800543;Gıda, Tarım ve Hayvancılık Bakanlığı;Veteriner Hekim;Erzurum;Lisans;2;;77.172;78.871;"4607;6373";4607 - Aşağıdaki lisans programlarından birinden mezun olmak. | 6373 - Veteriner;fd2939c6-c20a-e611-80c6-a0369f7d1486
2016;4;901800177;Gıda, Tarım ve Hayvancılık Bakanlığı;Veteriner Hekim;Artvin;Lisans;1;;77.13;77.13;"4607;6373";4607 - Aşağıdaki lisans programlarından birinden mezun olmak. | 6373 - Veteriner;562939c6-c20a-e611-80c6-a0369f7d1486
2016;4;901801419;Gıda, Tarım ve Hayvancılık Bakanlığı;Veteriner Hekim;Sivas;Lisans;1;;77.073;77.073;"4607;6373";4607 - Aşağıdaki lisans programlarından birinden mezun olmak. | 6373 - Veteriner;9a2b39c6-c20a-e611-80c6-a0369f7d1486
2016;4;901800069;Gıda, Tarım ve Hayvancılık Bakanlığı;Veteriner Hekim;Ağrı;Lisans;1;;77.04;77.04;"4607;6373";4607 - Aşağıdaki lisans programlarından birinden mezun olmak. | 6373 - Veteriner;2f2939c6-c20a-e611-80c6-a0369f7d1486
2016;4;901800173;Gıda, Tarım ve Hayvancılık Bakanlığı;Veteriner Hekim;Artvin;Lisans;1;;77.02;77.02;"4607;6373";4607 - Aşağıdaki lisans programlarından birinden mezun olmak. | 6373 - Veteriner;542939c6-c20a-e611-80c6-a0369f7d1486
2016;4;901801181;Gıda, Tarım ve Hayvancılık Bakanlığı;Veteriner Hekim;Mardin;Lisans;6;;76.961;81.832;"4607;6373";4607 - Aşağıdaki lisans programlarından birinden mezun olmak. | 6373 - Veteriner;2a2b39c6-c20a-e611-80c6-a0369f7d1486
2016;4;901800511;Gıda, Tarım ve Hayvancılık Bakanlığı;Veteriner Hekim;Erzincan;Lisans;1;;76.926;76.926;"4607;6373";4607 - Aşağıdaki lisans programlarından birinden mezun olmak. | 6373 - Veteriner;ed2939c6-c20a-e611-80c6-a0369f7d1486
2016;4;901800629;Gıda, Tarım ve Hayvancılık Bakanlığı;Veteriner Hekim;Gümüşhane;Lisans;3;;76.908;77.753;"4607;6373";4607 - Aşağıdaki lisans programlarından birinden mezun olmak. | 6373 - Veteriner;282a39c6-c20a-e611-80c6-a0369f7d1486
2016;4;901800243;Gıda, Tarım ve Hayvancılık Bakanlığı;Veteriner Hekim;Bayburt;Lisans;7;;76.899;77.5;"4607;6373";4607 - Aşağıdaki lisans programlarından birinden mezun olmak. | 6373 - Veteriner;162c39c6-c20a-e611-80c6-a0369f7d1486
2016;4;901800637;Gıda, Tarım ve Hayvancılık Bakanlığı;Veteriner Hekim;Gümüşhane;Lisans;2;;76.866;77.093;"4607;6373";4607 - Aşağıdaki lisans programlarından birinden mezun olmak. | 6373 - Veteriner;2c2a39c6-c20a-e611-80c6-a0369f7d1486
2016;4;901800169;Gıda, Tarım ve Hayvancılık Bakanlığı;Veteriner Hekim;Artvin;Lisans;1;;76.842;76.842;"4607;6373";4607 - Aşağıdaki lisans programlarından birinden mezun olmak. | 6373 - Veteriner;522939c6-c20a-e611-80c6-a0369f7d1486
2016;4;901800251;Gıda, Tarım ve Hayvancılık Bakanlığı;Veteriner Hekim;Bayburt;Lisans;2;;76.789;76.869;"4607;6373";4607 - Aşağıdaki lisans programlarından birinden mezun olmak. | 6373 - Veteriner;1a2c39c6-c20a-e611-80c6-a0369f7d1486
2016;4;901801589;Gıda, Tarım ve Hayvancılık Bakanlığı;Veteriner Hekim;Tunceli;Lisans;1;;76.534;76.534;"4607;6373";4607 - Aşağıdaki lisans programlarından birinden mezun olmak. | 6373 - Veteriner;c52b39c6-c20a-e611-80c6-a0369f7d1486
2016;4;901801499;Gıda, Tarım ve Hayvancılık Bakanlığı;Veteriner Hekim;Şanlıurfa;Lisans;2;;76.516;77.17;"4607;6373";4607 - Aşağıdaki lisans programlarından birinden mezun olmak. | 6373 - Veteriner;e32b39c6-c20a-e611-80c6-a0369f7d1486
2016;4;901801195;Gıda, Tarım ve Hayvancılık Bakanlığı;Veteriner Hekim;Mardin;Lisans;1;;76.512;76.512;"4607;6373";4607 - Aşağıdaki lisans programlarından birinden mezun olmak. | 6373 - Veteriner;312b39c6-c20a-e611-80c6-a0369f7d1486
2016;4;901800313;Gıda, Tarım ve Hayvancılık Bakanlığı;Veteriner Hekim;Bitlis;Lisans;2;;76.464;76.95;"4607;6373";4607 - Aşağıdaki lisans programlarından birinden mezun olmak. | 6373 - Veteriner;8e2939c6-c20a-e611-80c6-a0369f7d1486
2016;4;901801627;Gıda, Tarım ve Hayvancılık Bakanlığı;Veteriner Hekim;Van;Lisans;5;;76.387;77.903;"4607;6373";4607 - Aşağıdaki lisans programlarından birinden mezun olmak. | 6373 - Veteriner;f42b39c6-c20a-e611-80c6-a0369f7d1486
2016;4;901800633;Gıda, Tarım ve Hayvancılık Bakanlığı;Veteriner Hekim;Gümüşhane;Lisans;1;;76.332;76.332;"4607;6373";4607 - Aşağıdaki lisans programlarından birinden mezun olmak. | 6373 - Veteriner;2a2a39c6-c20a-e611-80c6-a0369f7d1486
2016;4;901801603;Gıda, Tarım ve Hayvancılık Bakanlığı;Veteriner Hekim;Van;Lisans;2;;76.241;78.098;"4607;6373";4607 - Aşağıdaki lisans programlarından birinden mezun olmak. | 6373 - Veteriner;e82b39c6-c20a-e611-80c6-a0369f7d1486
2016;4;901801591;Gıda, Tarım ve Hayvancılık Bakanlığı;Veteriner Hekim;Tunceli;Lisans;1;;76.204;76.204;"4607;6373";4607 - Aşağıdaki lisans programlarından birinden mezun olmak. | 6373 - Veteriner;c62b39c6-c20a-e611-80c6-a0369f7d1486
2016;4;901801199;Gıda, Tarım ve Hayvancılık Bakanlığı;Veteriner Hekim;Mardin;Lisans;1;;76.158;76.158;"4607;6373";4607 - Aşağıdaki lisans programlarından birinden mezun olmak. | 6373 - Veteriner;332b39c6-c20a-e611-80c6-a0369f7d1486
2016;4;901801623;Gıda, Tarım ve Hayvancılık Bakanlığı;Veteriner Hekim;Van;Lisans;4;;76.158;77.947;"4607;6373";4607 - Aşağıdaki lisans programlarından birinden mezun olmak. | 6373 - Veteriner;f22b39c6-c20a-e611-80c6-a0369f7d1486
2016;4;901801467;Gıda, Tarım ve Hayvancılık Bakanlığı;Veteriner Hekim;Şanlıurfa;Lisans;4;;76.156;77.218;"4607;6373";4607 - Aşağıdaki lisans programlarından birinden mezun olmak. | 6373 - Veteriner;d32b39c6-c20a-e611-80c6-a0369f7d1486
2016;4;901800497;Gıda, Tarım ve Hayvancılık Bakanlığı;Veteriner Hekim;Erzincan;Lisans;1;;76.151;76.151;"4607;6373";4607 - Aşağıdaki lisans programlarından birinden mezun olmak. | 6373 - Veteriner;e62939c6-c20a-e611-80c6-a0369f7d1486
2016;4;901800299;Gıda, Tarım ve Hayvancılık Bakanlığı;Veteriner Hekim;Bitlis;Lisans;3;;76.134;76.802;"4607;6373";4607 - Aşağıdaki lisans programlarından birinden mezun olmak. | 6373 - Veteriner;872939c6-c20a-e611-80c6-a0369f7d1486
2016;4;901800527;Gıda, Tarım ve Hayvancılık Bakanlığı;Veteriner Hekim;Erzurum;Lisans;3;;76.059;76.833;"4607;6373";4607 - Aşağıdaki lisans programlarından birinden mezun olmak. | 6373 - Veteriner;f52939c6-c20a-e611-80c6-a0369f7d1486
2016;4;901800503;Gıda, Tarım ve Hayvancılık Bakanlığı;Veteriner Hekim;Erzincan;Lisans;1;;76.024;76.024;"4607;6373";4607 - Aşağıdaki lisans programlarından birinden mezun olmak. | 6373 - Veteriner;e92939c6-c20a-e611-80c6-a0369f7d1486
2016;4;901800499;Gıda, Tarım ve Hayvancılık Bakanlığı;Veteriner Hekim;Erzincan;Lisans;1;;75.991;75.991;"4607;6373";4607 - Aşağıdaki lisans programlarından birinden mezun olmak. | 6373 - Veteriner;e72939c6-c20a-e611-80c6-a0369f7d1486
2016;4;901801201;Gıda, Tarım ve Hayvancılık Bakanlığı;Veteriner Hekim;Mardin;Lisans;1;;75.911;75.911;"4607;6373";4607 - Aşağıdaki lisans programlarından birinden mezun olmak. | 6373 - Veteriner;342b39c6-c20a-e611-80c6-a0369f7d1486
2016;4;901801491;Gıda, Tarım ve Hayvancılık Bakanlığı;Veteriner Hekim;Şanlıurfa;Lisans;5;;75.878;78.033;"4607;6373";4607 - Aşağıdaki lisans programlarından birinden mezun olmak. | 6373 - Veteriner;df2b39c6-c20a-e611-80c6-a0369f7d1486
2016;4;901800247;Gıda, Tarım ve Hayvancılık Bakanlığı;Veteriner Hekim;Bayburt;Lisans;1;;75.874;75.874;"4607;6373";4607 - Aşağıdaki lisans programlarından birinden mezun olmak. | 6373 - Veteriner;182c39c6-c20a-e611-80c6-a0369f7d1486
2016;4;901800909;Gıda, Tarım ve Hayvancılık Bakanlığı;Veteriner Hekim;Kars;Lisans;5;;75.839;78.519;"4607;6373";4607 - Aşağıdaki lisans programlarından birinden mezun olmak. | 6373 - Veteriner;992a39c6-c20a-e611-80c6-a0369f7d1486
2016;4;901800137;Gıda, Tarım ve Hayvancılık Bakanlığı;Veteriner Hekim;Ardahan;Lisans;14;;75.709;77.771;"4607;6373";4607 - Aşağıdaki lisans programlarından birinden mezun olmak. | 6373 - Veteriner;382c39c6-c20a-e611-80c6-a0369f7d1486
2016;4;901801503;Gıda, Tarım ve Hayvancılık Bakanlığı;Veteriner Hekim;Şırnak;Lisans;1;;75.698;75.698;"4607;6373";4607 - Aşağıdaki lisans programlarından birinden mezun olmak. | 6373 - Veteriner;262c39c6-c20a-e611-80c6-a0369f7d1486
2016;4;901800913;Gıda, Tarım ve Hayvancılık Bakanlığı;Veteriner Hekim;Kars;Lisans;2;;75.696;75.764;"4607;6373";4607 - Aşağıdaki lisans programlarından birinden mezun olmak. | 6373 - Veteriner;9b2a39c6-c20a-e611-80c6-a0369f7d1486
2016;4;901800687;Gıda, Tarım ve Hayvancılık Bakanlığı;Veteriner Hekim;Iğdır;Lisans;11;;75.678;78.244;"4607;6373";4607 - Aşağıdaki lisans programlarından birinden mezun olmak. | 6373 - Veteriner;452c39c6-c20a-e611-80c6-a0369f7d1486
2016;4;901800525;Gıda, Tarım ve Hayvancılık Bakanlığı;Veteriner Hekim;Erzurum;Lisans;4;;75.669;79.313;"4607;6373";4607 - Aşağıdaki lisans programlarından birinden mezun olmak. | 6373 - Veteriner;f42939c6-c20a-e611-80c6-a0369f7d1486
2016;4;901801615;Gıda, Tarım ve Hayvancılık Bakanlığı;Veteriner Hekim;Van;Lisans;2;;75.575;76.193;"4607;6373";4607 - Aşağıdaki lisans programlarından birinden mezun olmak. | 6373 - Veteriner;ee2b39c6-c20a-e611-80c6-a0369f7d1486
2016;4;901801613;Gıda, Tarım ve Hayvancılık Bakanlığı;Veteriner Hekim;Van;Lisans;3;;75.557;75.604;"4607;6373";4607 - Aşağıdaki lisans programlarından birinden mezun olmak. | 6373 - Veteriner;ed2b39c6-c20a-e611-80c6-a0369f7d1486
2016;4;901801493;Gıda, Tarım ve Hayvancılık Bakanlığı;Veteriner Hekim;Şanlıurfa;Lisans;2;;75.449;78.019;"4607;6373";4607 - Aşağıdaki lisans programlarından birinden mezun olmak. | 6373 - Veteriner;e02b39c6-c20a-e611-80c6-a0369f7d1486
2016;4;901800541;Gıda, Tarım ve Hayvancılık Bakanlığı;Veteriner Hekim;Erzurum;Lisans;1;;75.436;75.436;"4607;6373";4607 - Aşağıdaki lisans programlarından birinden mezun olmak. | 6373 - Veteriner;fc2939c6-c20a-e611-80c6-a0369f7d1486
2016;4;901800557;Gıda, Tarım ve Hayvancılık Bakanlığı;Veteriner Hekim;Erzurum;Lisans;1;;75.392;75.392;"4607;6373";4607 - Aşağıdaki lisans programlarından birinden mezun olmak. | 6373 - Veteriner;042a39c6-c20a-e611-80c6-a0369f7d1486
2016;4;901800559;Gıda, Tarım ve Hayvancılık Bakanlığı;Veteriner Hekim;Erzurum;Lisans;1;;75.328;75.328;"4607;6373";4607 - Aşağıdaki lisans programlarından birinden mezun olmak. | 6373 - Veteriner;052a39c6-c20a-e611-80c6-a0369f7d1486
2016;4;901800545;Gıda, Tarım ve Hayvancılık Bakanlığı;Veteriner Hekim;Erzurum;Lisans;2;;75.32;75.907;"4607;6373";4607 - Aşağıdaki lisans programlarından birinden mezun olmak. | 6373 - Veteriner;fe2939c6-c20a-e611-80c6-a0369f7d1486
2016;4;901801617;Gıda, Tarım ve Hayvancılık Bakanlığı;Veteriner Hekim;Van;Lisans;4;;75.221;75.678;"4607;6373";4607 - Aşağıdaki lisans programlarından birinden mezun olmak. | 6373 - Veteriner;ef2b39c6-c20a-e611-80c6-a0369f7d1486
2016;4;901801455;Gıda, Tarım ve Hayvancılık Bakanlığı;Veteriner Hekim;Şanlıurfa;Lisans;5;;75.216;76.657;"4607;6373";4607 - Aşağıdaki lisans programlarından birinden mezun olmak. | 6373 - Veteriner;cd2b39c6-c20a-e611-80c6-a0369f7d1486
2016;4;901801479;Gıda, Tarım ve Hayvancılık Bakanlığı;Veteriner Hekim;Şanlıurfa;Lisans;3;;75.203;76.825;"4607;6373";4607 - Aşağıdaki lisans programlarından birinden mezun olmak. | 6373 - Veteriner;d92b39c6-c20a-e611-80c6-a0369f7d1486
2016;4;901800145;Gıda, Tarım ve Hayvancılık Bakanlığı;Veteriner Hekim;Ardahan;Lisans;1;;75.069;75.069;"4607;6373";4607 - Aşağıdaki lisans programlarından birinden mezun olmak. | 6373 - Veteriner;3c2c39c6-c20a-e611-80c6-a0369f7d1486
2016;4;901800073;Gıda, Tarım ve Hayvancılık Bakanlığı;Veteriner Hekim;Ağrı;Lisans;12;;75.047;76.871;"4607;6373";4607 - Aşağıdaki lisans programlarından birinden mezun olmak. | 6373 - Veteriner;312939c6-c20a-e611-80c6-a0369f7d1486
2016;4;901800927;Gıda, Tarım ve Hayvancılık Bakanlığı;Veteriner Hekim;Kars;Lisans;5;;75.04;75.449;"4607;6373";4607 - Aşağıdaki lisans programlarından birinden mezun olmak. | 6373 - Veteriner;a22a39c6-c20a-e611-80c6-a0369f7d1486
2016;4;901800291;Gıda, Tarım ve Hayvancılık Bakanlığı;Veteriner Hekim;Bitlis;Lisans;6;;75.018;77.377;"4607;6373";4607 - Aşağıdaki lisans programlarından birinden mezun olmak. | 6373 - Veteriner;832939c6-c20a-e611-80c6-a0369f7d1486
2016;4;901800535;Gıda, Tarım ve Hayvancılık Bakanlığı;Veteriner Hekim;Erzurum;Lisans;4;;74.844;75.212;"4607;6373";4607 - Aşağıdaki lisans programlarından birinden mezun olmak. | 6373 - Veteriner;f92939c6-c20a-e611-80c6-a0369f7d1486
2016;4;901800697;Gıda, Tarım ve Hayvancılık Bakanlığı;Veteriner Hekim;Iğdır;Lisans;6;;74.814;75.108;"4607;6373";4607 - Aşağıdaki lisans programlarından birinden mezun olmak. | 6373 - Veteriner;4a2c39c6-c20a-e611-80c6-a0369f7d1486
2016;4;901800925;Gıda, Tarım ve Hayvancılık Bakanlığı;Veteriner Hekim;Kars;Lisans;5;;74.794;75.63;"4607;6373";4607 - Aşağıdaki lisans programlarından birinden mezun olmak. | 6373 - Veteriner;a12a39c6-c20a-e611-80c6-a0369f7d1486
2016;4;901800429;Gıda, Tarım ve Hayvancılık Bakanlığı;Veteriner Hekim;Diyarbakır;Lisans;3;;74.787;77.911;"4607;6373";4607 - Aşağıdaki lisans programlarından birinden mezun olmak. | 6373 - Veteriner;c82939c6-c20a-e611-80c6-a0369f7d1486
2016;4;901801389;Gıda, Tarım ve Hayvancılık Bakanlığı;Veteriner Hekim;Siirt;Lisans;3;;74.752;75.493;"4607;6373";4607 - Aşağıdaki lisans programlarından birinden mezun olmak. | 6373 - Veteriner;8b2b39c6-c20a-e611-80c6-a0369f7d1486
2016;4;901800087;Gıda, Tarım ve Hayvancılık Bakanlığı;Veteriner Hekim;Ağrı;Lisans;2;;74.719;75.834;"4607;6373";4607 - Aşağıdaki lisans programlarından birinden mezun olmak. | 6373 - Veteriner;382939c6-c20a-e611-80c6-a0369f7d1486
2016;4;901800555;Gıda, Tarım ve Hayvancılık Bakanlığı;Veteriner Hekim;Erzurum;Lisans;4;;74.64;76.631;"4607;6373";4607 - Aşağıdaki lisans programlarından birinden mezun olmak. | 6373 - Veteriner;032a39c6-c20a-e611-80c6-a0369f7d1486
2016;4;901800917;Gıda, Tarım ve Hayvancılık Bakanlığı;Veteriner Hekim;Kars;Lisans;4;;74.593;75.513;"4607;6373";4607 - Aşağıdaki lisans programlarından birinden mezun olmak. | 6373 - Veteriner;9d2a39c6-c20a-e611-80c6-a0369f7d1486
2016;4;901800493;Gıda, Tarım ve Hayvancılık Bakanlığı;Veteriner Hekim;Erzincan;Lisans;1;;74.591;74.591;"4607;6373";4607 - Aşağıdaki lisans programlarından birinden mezun olmak. | 6373 - Veteriner;e42939c6-c20a-e611-80c6-a0369f7d1486
2016;4;901800149;Gıda, Tarım ve Hayvancılık Bakanlığı;Veteriner Hekim;Ardahan;Lisans;7;;74.492;75.377;"4607;6373";4607 - Aşağıdaki lisans programlarından birinden mezun olmak. | 6373 - Veteriner;3e2c39c6-c20a-e611-80c6-a0369f7d1486
2016;4;901801619;Gıda, Tarım ve Hayvancılık Bakanlığı;Veteriner Hekim;Van;Lisans;3;;74.376;75.234;"4607;6373";4607 - Aşağıdaki lisans programlarından birinden mezun olmak. | 6373 - Veteriner;f02b39c6-c20a-e611-80c6-a0369f7d1486
2016;4;901800427;Gıda, Tarım ve Hayvancılık Bakanlığı;Veteriner Hekim;Diyarbakır;Lisans;2;;74.334;78.154;"4607;6373";4607 - Aşağıdaki lisans programlarından birinden mezun olmak. | 6373 - Veteriner;c72939c6-c20a-e611-80c6-a0369f7d1486
2016;4;901800085;Gıda, Tarım ve Hayvancılık Bakanlığı;Veteriner Hekim;Ağrı;Lisans;2;;74.296;74.481;"4607;6373";4607 - Aşağıdaki lisans programlarından birinden mezun olmak. | 6373 - Veteriner;372939c6-c20a-e611-80c6-a0369f7d1486
2016;4;901800153;Gıda, Tarım ve Hayvancılık Bakanlığı;Veteriner Hekim;Ardahan;Lisans;4;;74.27;75.19;"4607;6373";4607 - Aşağıdaki lisans programlarından birinden mezun olmak. | 6373 - Veteriner;402c39c6-c20a-e611-80c6-a0369f7d1486
2016;4;901800689;Gıda, Tarım ve Hayvancılık Bakanlığı;Veteriner Hekim;Iğdır;Lisans;7;;74.184;75.137;"4607;6373";4607 - Aşağıdaki lisans programlarından birinden mezun olmak. | 6373 - Veteriner;462c39c6-c20a-e611-80c6-a0369f7d1486
2016;4;901800921;Gıda, Tarım ve Hayvancılık Bakanlığı;Veteriner Hekim;Kars;Lisans;4;;74.083;75.469;"4607;6373";4607 - Aşağıdaki lisans programlarından birinden mezun olmak. | 6373 - Veteriner;9f2a39c6-c20a-e611-80c6-a0369f7d1486
2016;4;901801253;Gıda, Tarım ve Hayvancılık Bakanlığı;Veteriner Hekim;Muş;Lisans;14;;74.081;77.674;"4607;6373";4607 - Aşağıdaki lisans programlarından birinden mezun olmak. | 6373 - Veteriner;492b39c6-c20a-e611-80c6-a0369f7d1486
2016;4;901800083;Gıda, Tarım ve Hayvancılık Bakanlığı;Veteriner Hekim;Ağrı;Lisans;4;;74.065;76.068;"4607;6373";4607 - Aşağıdaki lisans programlarından birinden mezun olmak. | 6373 - Veteriner;362939c6-c20a-e611-80c6-a0369f7d1486
2016;4;901801257;Gıda, Tarım ve Hayvancılık Bakanlığı;Veteriner Hekim;Muş;Lisans;1;;74.061;74.061;"4607;6373";4607 - Aşağıdaki lisans programlarından birinden mezun olmak. | 6373 - Veteriner;4b2b39c6-c20a-e611-80c6-a0369f7d1486
2016;4;901801621;Gıda, Tarım ve Hayvancılık Bakanlığı;Veteriner Hekim;Van;Lisans;1;;74.057;74.057;"4607;6373";4607 - Aşağıdaki lisans programlarından birinden mezun olmak. | 6373 - Veteriner;f12b39c6-c20a-e611-80c6-a0369f7d1486
2016;4;901801401;Gıda, Tarım ve Hayvancılık Bakanlığı;Veteriner Hekim;Siirt;Lisans;3;;74.021;74.635;"4607;6373";4607 - Aşağıdaki lisans programlarından birinden mezun olmak. | 6373 - Veteriner;912b39c6-c20a-e611-80c6-a0369f7d1486
2016;4;901800141;Gıda, Tarım ve Hayvancılık Bakanlığı;Veteriner Hekim;Ardahan;Lisans;4;;73.922;75.392;"4607;6373";4607 - Aşağıdaki lisans programlarından birinden mezun olmak. | 6373 - Veteriner;3a2c39c6-c20a-e611-80c6-a0369f7d1486
2016;4;901800693;Gıda, Tarım ve Hayvancılık Bakanlığı;Veteriner Hekim;Iğdır;Lisans;1;;73.922;73.922;"4607;6373";4607 - Aşağıdaki lisans programlarından birinden mezun olmak. | 6373 - Veteriner;482c39c6-c20a-e611-80c6-a0369f7d1486
2016;4;901800095;Gıda, Tarım ve Hayvancılık Bakanlığı;Veteriner Hekim;Ağrı;Lisans;2;;73.914;74.046;"4607;6373";4607 - Aşağıdaki lisans programlarından birinden mezun olmak. | 6373 - Veteriner;3c2939c6-c20a-e611-80c6-a0369f7d1486
2016;4;901801393;Gıda, Tarım ve Hayvancılık Bakanlığı;Veteriner Hekim;Siirt;Lisans;1;;73.828;73.828;"4607;6373";4607 - Aşağıdaki lisans programlarından birinden mezun olmak. | 6373 - Veteriner;8d2b39c6-c20a-e611-80c6-a0369f7d1486
2016;4;901800551;Gıda, Tarım ve Hayvancılık Bakanlığı;Veteriner Hekim;Erzurum;Lisans;3;;73.823;75.995;"4607;6373";4607 - Aşağıdaki lisans programlarından birinden mezun olmak. | 6373 - Veteriner;012a39c6-c20a-e611-80c6-a0369f7d1486
2016;4;901800089;Gıda, Tarım ve Hayvancılık Bakanlığı;Veteriner Hekim;Ağrı;Lisans;4;;73.821;79.276;"4607;6373";4607 - Aşağıdaki lisans programlarından birinden mezun olmak. | 6373 - Veteriner;392939c6-c20a-e611-80c6-a0369f7d1486
2016;4;901800091;Gıda, Tarım ve Hayvancılık Bakanlığı;Veteriner Hekim;Ağrı;Lisans;2;;73.779;78.638;"4607;6373";4607 - Aşağıdaki lisans programlarından birinden mezun olmak. | 6373 - Veteriner;3a2939c6-c20a-e611-80c6-a0369f7d1486
2016;4;901800307;Gıda, Tarım ve Hayvancılık Bakanlığı;Veteriner Hekim;Bitlis;Lisans;4;;73.768;73.982;"4607;6373";4607 - Aşağıdaki lisans programlarından birinden mezun olmak. | 6373 - Veteriner;8b2939c6-c20a-e611-80c6-a0369f7d1486
2016;4;901800267;Gıda, Tarım ve Hayvancılık Bakanlığı;Veteriner Hekim;Bingöl;Lisans;3;;73.707;74.957;"4607;6373";4607 - Aşağıdaki lisans programlarından birinden mezun olmak. | 6373 - Veteriner;772939c6-c20a-e611-80c6-a0369f7d1486
2016;4;901801187;Gıda, Tarım ve Hayvancılık Bakanlığı;Veteriner Hekim;Mardin;Lisans;6;;73.702;75.889;"4607;6373";4607 - Aşağıdaki lisans programlarından birinden mezun olmak. | 6373 - Veteriner;2d2b39c6-c20a-e611-80c6-a0369f7d1486
2016;4;901800077;Gıda, Tarım ve Hayvancılık Bakanlığı;Veteriner Hekim;Ağrı;Lisans;2;;73.489;73.625;"4607;6373";4607 - Aşağıdaki lisans programlarından birinden mezun olmak. | 6373 - Veteriner;332939c6-c20a-e611-80c6-a0369f7d1486
2016;4;901800425;Gıda, Tarım ve Hayvancılık Bakanlığı;Veteriner Hekim;Diyarbakır;Lisans;2;;73.489;75.025;"4607;6373";4607 - Aşağıdaki lisans programlarından birinden mezun olmak. | 6373 - Veteriner;c62939c6-c20a-e611-80c6-a0369f7d1486
2016;4;901801261;Gıda, Tarım ve Hayvancılık Bakanlığı;Veteriner Hekim;Muş;Lisans;2;;73.449;76.49;"4607;6373";4607 - Aşağıdaki lisans programlarından birinden mezun olmak. | 6373 - Veteriner;4d2b39c6-c20a-e611-80c6-a0369f7d1486
2016;4;901800279;Gıda, Tarım ve Hayvancılık Bakanlığı;Veteriner Hekim;Bingöl;Lisans;4;;73.374;75.41;"4607;6373";4607 - Aşağıdaki lisans programlarından birinden mezun olmak. | 6373 - Veteriner;7d2939c6-c20a-e611-80c6-a0369f7d1486
2016;4;901800301;Gıda, Tarım ve Hayvancılık Bakanlığı;Veteriner Hekim;Bitlis;Lisans;4;;73.372;74.545;"4607;6373";4607 - Aşağıdaki lisans programlarından birinden mezun olmak. | 6373 - Veteriner;882939c6-c20a-e611-80c6-a0369f7d1486
2016;4;901800531;Gıda, Tarım ve Hayvancılık Bakanlığı;Veteriner Hekim;Erzurum;Lisans;2;;73.302;75.166;"4607;6373";4607 - Aşağıdaki lisans programlarından birinden mezun olmak. | 6373 - Veteriner;f72939c6-c20a-e611-80c6-a0369f7d1486
2016;4;901801607;Gıda, Tarım ve Hayvancılık Bakanlığı;Veteriner Hekim;Van;Lisans;2;;73.139;73.885;"4607;6373";4607 - Aşağıdaki lisans programlarından birinden mezun olmak. | 6373 - Veteriner;ea2b39c6-c20a-e611-80c6-a0369f7d1486
2016;4;901801273;Gıda, Tarım ve Hayvancılık Bakanlığı;Veteriner Hekim;Muş;Lisans;6;;73.086;73.863;"4607;6373";4607 - Aşağıdaki lisans programlarından birinden mezun olmak. | 6373 - Veteriner;532b39c6-c20a-e611-80c6-a0369f7d1486
2016;4;901801265;Gıda, Tarım ve Hayvancılık Bakanlığı;Veteriner Hekim;Muş;Lisans;5;;73.058;73.764;"4607;6373";4607 - Aşağıdaki lisans programlarından birinden mezun olmak. | 6373 - Veteriner;4f2b39c6-c20a-e611-80c6-a0369f7d1486
2016;4;901801269;Gıda, Tarım ve Hayvancılık Bakanlığı;Veteriner Hekim;Muş;Lisans;2;;73.005;73.093;"4607;6373";4607 - Aşağıdaki lisans programlarından birinden mezun olmak. | 6373 - Veteriner;512b39c6-c20a-e611-80c6-a0369f7d1486
2016;4;901800271;Gıda, Tarım ve Hayvancılık Bakanlığı;Veteriner Hekim;Bingöl;Lisans;5;;72.974;75.005;"4607;6373";4607 - Aşağıdaki lisans programlarından birinden mezun olmak. | 6373 - Veteriner;792939c6-c20a-e611-80c6-a0369f7d1486
2016;4;901800657;Gıda, Tarım ve Hayvancılık Bakanlığı;Veteriner Hekim;Hakkari;Lisans;1;;72.901;72.901;"4607;6373";4607 - Aşağıdaki lisans programlarından birinden mezun olmak. | 6373 - Veteriner;362a39c6-c20a-e611-80c6-a0369f7d1486
2016;4;901801605;Gıda, Tarım ve Hayvancılık Bakanlığı;Veteriner Hekim;Van;Lisans;2;;72.853;73.044;"4607;6373";4607 - Aşağıdaki lisans programlarından birinden mezun olmak. | 6373 - Veteriner;e92b39c6-c20a-e611-80c6-a0369f7d1486
2016;4;901801397;Gıda, Tarım ve Hayvancılık Bakanlığı;Veteriner Hekim;Siirt;Lisans;2;;72.853;73.601;"4607;6373";4607 - Aşağıdaki lisans programlarından birinden mezun olmak. | 6373 - Veteriner;8f2b39c6-c20a-e611-80c6-a0369f7d1486
2016;4;901800265;Gıda, Tarım ve Hayvancılık Bakanlığı;Veteriner Hekim;Bingöl;Lisans;2;;72.849;72.972;"4607;6373";4607 - Aşağıdaki lisans programlarından birinden mezun olmak. | 6373 - Veteriner;762939c6-c20a-e611-80c6-a0369f7d1486
2016;4;901801525;Gıda, Tarım ve Hayvancılık Bakanlığı;Veteriner Hekim;Şırnak;Lisans;2;;72.849;73.423;"4607;6373";4607 - Aşağıdaki lisans programlarından birinden mezun olmak. | 6373 - Veteriner;312c39c6-c20a-e611-80c6-a0369f7d1486
2016;4;901801409;Gıda, Tarım ve Hayvancılık Bakanlığı;Veteriner Hekim;Siirt;Lisans;3;;72.723;72.844;"4607;6373";4607 - Aşağıdaki lisans programlarından birinden mezun olmak. | 6373 - Veteriner;952b39c6-c20a-e611-80c6-a0369f7d1486
2016;4;901801517;Gıda, Tarım ve Hayvancılık Bakanlığı;Veteriner Hekim;Şırnak;Lisans;5;;72.717;75.124;"4607;6373";4607 - Aşağıdaki lisans programlarından birinden mezun olmak. | 6373 - Veteriner;2d2c39c6-c20a-e611-80c6-a0369f7d1486
2016;4;901800275;Gıda, Tarım ve Hayvancılık Bakanlığı;Veteriner Hekim;Bingöl;Lisans;1;;72.666;72.666;"4607;6373";4607 - Aşağıdaki lisans programlarından birinden mezun olmak. | 6373 - Veteriner;7b2939c6-c20a-e611-80c6-a0369f7d1486
2016;4;901801611;Gıda, Tarım ve Hayvancılık Bakanlığı;Veteriner Hekim;Van;Lisans;2;;72.578;73.355;"4607;6373";4607 - Aşağıdaki lisans programlarından birinden mezun olmak. | 6373 - Veteriner;ec2b39c6-c20a-e611-80c6-a0369f7d1486
2016;4;901801513;Gıda, Tarım ve Hayvancılık Bakanlığı;Veteriner Hekim;Şırnak;Lisans;2;;72.552;72.708;"4607;6373";4607 - Aşağıdaki lisans programlarından birinden mezun olmak. | 6373 - Veteriner;2b2c39c6-c20a-e611-80c6-a0369f7d1486
2016;4;901800649;Gıda, Tarım ve Hayvancılık Bakanlığı;Veteriner Hekim;Hakkari;Lisans;11;;72.404;73.341;"4607;6373";4607 - Aşağıdaki lisans programlarından birinden mezun olmak. | 6373 - Veteriner;322a39c6-c20a-e611-80c6-a0369f7d1486
2016;4;901801405;Gıda, Tarım ve Hayvancılık Bakanlığı;Veteriner Hekim;Siirt;Lisans;3;;72.332;72.525;"4607;6373";4607 - Aşağıdaki lisans programlarından birinden mezun olmak. | 6373 - Veteriner;932b39c6-c20a-e611-80c6-a0369f7d1486
2016;4;901800285;Gıda, Tarım ve Hayvancılık Bakanlığı;Veteriner Hekim;Bingöl;Lisans;2;;72.301;73.053;"4607;6373";4607 - Aşağıdaki lisans programlarından birinden mezun olmak. | 6373 - Veteriner;802939c6-c20a-e611-80c6-a0369f7d1486
2016;4;901801521;Gıda, Tarım ve Hayvancılık Bakanlığı;Veteriner Hekim;Şırnak;Lisans;4;;72.285;73.658;"4607;6373";4607 - Aşağıdaki lisans programlarından birinden mezun olmak. | 6373 - Veteriner;2f2c39c6-c20a-e611-80c6-a0369f7d1486
2016;4;901800653;Gıda, Tarım ve Hayvancılık Bakanlığı;Veteriner Hekim;Hakkari;Lisans;1;;72.123;72.123;"4607;6373";4607 - Aşağıdaki lisans programlarından birinden mezun olmak. | 6373 - Veteriner;342a39c6-c20a-e611-80c6-a0369f7d1486
2016;4;901801527;Gıda, Tarım ve Hayvancılık Bakanlığı;Veteriner Hekim;Şırnak;Lisans;3;;72.013;72.547;"4607;6373";4607 - Aşağıdaki lisans programlarından birinden mezun olmak. | 6373 - Veteriner;322c39c6-c20a-e611-80c6-a0369f7d1486
2016;4;901801511;Gıda, Tarım ve Hayvancılık Bakanlığı;Veteriner Hekim;Şırnak;Lisans;14;;72.002;73.863;"4607;6373";4607 - Aşağıdaki lisans programlarından birinden mezun olmak. | 6373 - Veteriner;2a2c39c6-c20a-e611-80c6-a0369f7d1486
2016;4;901800661;Gıda, Tarım ve Hayvancılık Bakanlığı;Veteriner Hekim;Hakkari;Lisans;12;;71.916;72.767;"4607;6373";4607 - Aşağıdaki lisans programlarından birinden mezun olmak. | 6373 - Veteriner;382a39c6-c20a-e611-80c6-a0369f7d1486
