yil;donem;kadro_kodu;kurum;unvan;il;ogrenim;kontenjan;bos_kadro;min_puan;max_puan;nitelik_kodlari;nitelikler;kadro_guid
2016;3;190160263;İstanbul Beykoz Devlet Hastanesi;Hemşire;İstanbul;Ortaogretim;1;;89.524;89.524;;;bca397bb-e6ff-e511-80c6-a0369f7d1486
2016;3;190160275;İstanbul Lütfiye Nuri Burat Devlet Hastanesi;Hemşire;İstanbul;Ortaogretim;1;;86.818;86.818;;;c2a397bb-e6ff-e511-80c6-a0369f7d1486
2016;3;190160011;Afyonkarahisar Dinar Devlet Hastanesi;Hemşire;Afyonkarahisar;Ortaogretim;1;;86.403;86.403;;;16a197bb-e6ff-e511-80c6-a0369f7d1486
2016;3;190160489;Şanlıurfa Balıklıgol Devlet Hastanesi;Sağlık Memuru;Şanlıurfa;Ortaogretim;1;;85.226;85.226;;;a6a597bb-e6ff-e511-80c6-a0369f7d1486
2016;3;190160009;Afyonkarahisar Devlet Hastanesi;Hemşire;Afyonkarahisar;Ortaogretim;6;;84.934;87.733;;;15a197bb-e6ff-e511-80c6-a0369f7d1486
2016;3;190160441;Rize Kaçkar Devlet Hastanesi;Hemşire;Rize;Ortaogretim;1;;84.732;84.732;;;10a597bb-e6ff-e511-80c6-a0369f7d1486
2016;3;190160619;Zonguldak Karadeniz Ereğli Devlet Hastanesi;Sağlık Memuru;Zonguldak;Ortaogretim;1;;84.646;84.646;;;98a697bb-e6ff-e511-80c6-a0369f7d1486
2016;3;190160015;Afyonkarahisar Sandıklı Devlet Hastanesi;Hemşire;Afyonkarahisar;Ortaogretim;1;;84.557;84.557;;;18a197bb-e6ff-e511-80c6-a0369f7d1486
2016;3;190160511;Şanlıurfa Mehmet Akif İnan Eğitim ve Araştırma Hastanesi;Sağlık Memuru;Şanlıurfa;Ortaogretim;1;;84.519;84.519;;;b1a597bb-e6ff-e511-80c6-a0369f7d1486
2016;3;190160287;İstanbul Yakacık Doğum ve Çocuk Hastalıkları Hastanesi;Sağlık Memuru;İstanbul;Ortaogretim;1;;84.485;84.485;;;c8a397bb-e6ff-e511-80c6-a0369f7d1486
2016;3;190160453;Sakarya Yenikent Devlet Hastanesi;Hemşire;Sakarya;Ortaogretim;2;;84.466;85.371;;;24a597bb-e6ff-e511-80c6-a0369f7d1486
2016;3;190160149;Diyarbakır Kulp Dr.Abdullah Biroğul İlçe Devlet Hastanesi;Sağlık Memuru;Diyarbakır;Ortaogretim;1;;84.443;84.443;;;37a297bb-e6ff-e511-80c6-a0369f7d1486
2016;3;190160013;Afyonkarahisar İscehisar İlçe Devlet Hastanesi;Hemşire;Afyonkarahisar;Ortaogretim;1;;84.395;84.395;;;17a197bb-e6ff-e511-80c6-a0369f7d1486
2016;3;190160451;Sakarya Toyotasa Acil Yardım Hastanesi;Hemşire;Sakarya;Ortaogretim;1;;84.388;84.388;;;23a597bb-e6ff-e511-80c6-a0369f7d1486
2016;3;190160447;Sakarya Hendek Devlet Hastanesi;Hemşire;Sakarya;Ortaogretim;1;;84.107;84.107;;;21a597bb-e6ff-e511-80c6-a0369f7d1486
2016;3;190160135;Çorum Kargı Ahmet Hamdi Akpınar İlçe Devlet Hastanesi;Sağlık Memuru;Çorum;Ortaogretim;1;;84.084;84.084;;;f8a197bb-e6ff-e511-80c6-a0369f7d1486
2016;3;190160575;Van Eğitim ve Araştırma Hastanesi;Sağlık Memuru;Van;Ortaogretim;1;;84.023;84.023;;;51a697bb-e6ff-e511-80c6-a0369f7d1486
2016;3;190160005;Adıyaman Kahta Göçeri İlçe Devlet Hastanesi;Sağlık Memuru;Adıyaman;Ortaogretim;1;;83.97;83.97;;;13a197bb-e6ff-e511-80c6-a0369f7d1486
2016;3;190160599;Yozgat Boğazlıyan Devlet Hastanesi;Sağlık Memuru;Yozgat;Ortaogretim;1;;83.916;83.916;;;7ea697bb-e6ff-e511-80c6-a0369f7d1486
2016;3;190160177;Erzurum Horasan Devlet Hastanesi;Sağlık Memuru;Erzurum;Ortaogretim;1;;83.898;83.898;;;91a297bb-e6ff-e511-80c6-a0369f7d1486
2016;3;190160181;Erzurum İspir Devlet Hastanesi;Sağlık Memuru;Erzurum;Ortaogretim;1;;83.769;83.769;;;93a297bb-e6ff-e511-80c6-a0369f7d1486
2016;3;190160499;Şanlıurfa Çocuk Hastalıkları Hastanesi;Sağlık Memuru;Şanlıurfa;Ortaogretim;1;;83.766;83.766;;;aba597bb-e6ff-e511-80c6-a0369f7d1486
2016;3;190160493;Şanlıurfa Birecik Devlet Hastanesi;Sağlık Memuru;Şanlıurfa;Ortaogretim;1;;83.766;83.766;;;a8a597bb-e6ff-e511-80c6-a0369f7d1486
2016;3;190160611;Zonguldak Devrek Devlet Hastanesi;Sağlık Memuru;Zonguldak;Ortaogretim;1;;83.738;83.738;;;94a697bb-e6ff-e511-80c6-a0369f7d1486
2016;3;190160351;Kilis Devlet Hastanesi;Sağlık Memuru;Kilis;Ortaogretim;1;;83.738;83.738;;;48a797bb-e6ff-e511-80c6-a0369f7d1486
2016;3;190160347;Kilis Devlet Hastanesi;Sağlık Memuru;Kilis;Ortaogretim;1;;83.728;83.728;;;46a797bb-e6ff-e511-80c6-a0369f7d1486
2016;3;190160517;Şanlıurfa Siverek Devlet Hastanesi;Sağlık Memuru;Şanlıurfa;Ortaogretim;1;;83.715;83.715;;;b4a597bb-e6ff-e511-80c6-a0369f7d1486
2016;3;190160183;Erzurum İspir Devlet Hastanesi;Sağlık Memuru;Erzurum;Ortaogretim;1;;83.685;83.685;;;94a297bb-e6ff-e511-80c6-a0369f7d1486
2016;3;190160163;Erzincan Tercan İlçe Devlet Hastanesi;Sağlık Memuru;Erzincan;Ortaogretim;1;;83.671;83.671;;;67a297bb-e6ff-e511-80c6-a0369f7d1486
2016;3;190160167;Erzurum Aşkale İlçe Devlet Hastanesi;Sağlık Memuru;Erzurum;Ortaogretim;1;;83.663;83.663;;;8ca297bb-e6ff-e511-80c6-a0369f7d1486
2016;3;190160397;Muş Ağız Ve Diş Sağlığı Merkezi;Sağlık Memuru;Muş;Ortaogretim;1;;83.642;83.642;;;e7a497bb-e6ff-e511-80c6-a0369f7d1486
2016;3;190160101;Bitlis Adilcevaz Onkoloji Hastanesi;Sağlık Memuru;Bitlis;Ortaogretim;1;;83.63;83.63;;;bea197bb-e6ff-e511-80c6-a0369f7d1486
2016;3;190160095;Bingöl Devlet Hastanesi;Sağlık Memuru;Bingöl;Ortaogretim;1;;83.621;83.621;;;a1a197bb-e6ff-e511-80c6-a0369f7d1486
2016;3;190160521;Şanlıurfa Suruç Devlet Hastanesi;Sağlık Memuru;Şanlıurfa;Ortaogretim;1;;83.621;83.621;;;b6a597bb-e6ff-e511-80c6-a0369f7d1486
2016;3;190160077;Ardahan Devlet Hastanesi;Sağlık Memuru;Ardahan;Ortaogretim;1;;83.599;83.599;;;28a797bb-e6ff-e511-80c6-a0369f7d1486
2016;3;190160007;Adıyaman Sincik İlçe Devlet Hastanesi;Sağlık Memuru;Adıyaman;Ortaogretim;1;;83.592;83.592;;;14a197bb-e6ff-e511-80c6-a0369f7d1486
2016;3;190160411;Muş Devlet Hastanesi;Sağlık Memuru;Muş;Ortaogretim;1;;83.584;83.584;;;eea497bb-e6ff-e511-80c6-a0369f7d1486
2016;3;190160073;Ardahan Devlet Hastanesi;Sağlık Memuru;Ardahan;Ortaogretim;1;;83.58;83.58;;;26a797bb-e6ff-e511-80c6-a0369f7d1486
2016;3;190160387;Mardin Nusaybin Devlet Hastanesi;Sağlık Memuru;Mardin;Ortaogretim;1;;83.577;83.577;;;79a497bb-e6ff-e511-80c6-a0369f7d1486
2016;3;190160173;Erzurum Hınıs Şehit Yavuz Yürekseven Devlet Hastanesi;Sağlık Memuru;Erzurum;Ortaogretim;1;;83.576;83.576;;;8fa297bb-e6ff-e511-80c6-a0369f7d1486
2016;3;190160187;Erzurum Karaçoban İlçe Devlet Hastanesi;Sağlık Memuru;Erzurum;Ortaogretim;1;;83.571;83.571;;;96a297bb-e6ff-e511-80c6-a0369f7d1486
2016;3;190160185;Erzurum Karaçoban İlçe Devlet Hastanesi;Sağlık Memuru;Erzurum;Ortaogretim;1;;83.536;83.536;;;95a297bb-e6ff-e511-80c6-a0369f7d1486
2016;3;190160409;Muş Devlet Hastanesi;Sağlık Memuru;Muş;Ortaogretim;2;;83.524;83.549;;;eda497bb-e6ff-e511-80c6-a0369f7d1486
2016;3;190160445;Sakarya Ferizli İlçe Devlet Hastanesi;Hemşire;Sakarya;Ortaogretim;1;;83.503;83.503;;;20a597bb-e6ff-e511-80c6-a0369f7d1486
2016;3;190160307;Kars Harakani Devlet Hastanesi;Sağlık Memuru;Kars;Ortaogretim;1;;83.485;83.485;;;e7a397bb-e6ff-e511-80c6-a0369f7d1486
2016;3;190160003;Adıyaman Gerger İlçe Devlet Hastanesi;Sağlık Memuru;Adıyaman;Ortaogretim;2;;83.466;83.53;;;12a197bb-e6ff-e511-80c6-a0369f7d1486
2016;3;190160131;Bitlis Tatvan Devlet Hastanesi;Sağlık Memuru;Bitlis;Ortaogretim;1;;83.46;83.46;;;cda197bb-e6ff-e511-80c6-a0369f7d1486
2016;3;190160485;Şanlıurfa Akçakale Devlet Hastanesi;Sağlık Memuru;Şanlıurfa;Ortaogretim;1;;83.457;83.457;;;a4a597bb-e6ff-e511-80c6-a0369f7d1486
2016;3;190160515;Şanlıurfa Siverek Devlet Hastanesi;Hemşire;Şanlıurfa;Ortaogretim;2;;83.455;84.787;;;b3a597bb-e6ff-e511-80c6-a0369f7d1486
2016;3;190160313;Kars Kağızman Devlet Hastanesi;Sağlık Memuru;Kars;Ortaogretim;1;;83.444;83.444;;;eaa397bb-e6ff-e511-80c6-a0369f7d1486
2016;3;190160001;Adıyaman Besni Devlet Hastanesi;Sağlık Memuru;Adıyaman;Ortaogretim;1;;83.444;83.444;;;11a197bb-e6ff-e511-80c6-a0369f7d1486
2016;3;190160427;Muş Varto Devlet Hastanesi;Sağlık Memuru;Muş;Ortaogretim;1;;83.414;83.414;;;f6a497bb-e6ff-e511-80c6-a0369f7d1486
2016;3;190160191;Erzurum Karayazı Türk Eczacıları Birliği İlçe Devlet Hastanesi;Sağlık Memuru;Erzurum;Ortaogretim;1;;83.411;83.411;;;98a297bb-e6ff-e511-80c6-a0369f7d1486
2016;3;190160111;Bitlis Devlet Hastanesi;Sağlık Memuru;Bitlis;Ortaogretim;1;;83.404;83.404;;;c3a197bb-e6ff-e511-80c6-a0369f7d1486
2016;3;190160591;Van Muradiye Devlet Hastanesi;Sağlık Memuru;Van;Ortaogretim;1;;83.401;83.401;;;59a697bb-e6ff-e511-80c6-a0369f7d1486
2016;3;190160325;Kars Sarıkamış Devlet Hastanesi;Sağlık Memuru;Kars;Ortaogretim;1;;83.391;83.391;;;f0a397bb-e6ff-e511-80c6-a0369f7d1486
2016;3;190160583;Van Erciş Devlet Hastanesi;Sağlık Memuru;Van;Ortaogretim;1;;83.388;83.388;;;55a697bb-e6ff-e511-80c6-a0369f7d1486
2016;3;190160035;Ağrı Doğubeyazıt Dr.Yaşar Eryılmaz Devlet Hastanesi;Sağlık Memuru;Ağrı;Ortaogretim;1;;83.386;83.386;;;66a197bb-e6ff-e511-80c6-a0369f7d1486
2016;3;190160571;Van Çatak Devlet Hastanesi;Sağlık Memuru;Van;Ortaogretim;1;;83.372;83.372;;;4fa697bb-e6ff-e511-80c6-a0369f7d1486
2016;3;190160585;Van Erciş Devlet Hastanesi;Sağlık Memuru;Van;Ortaogretim;1;;83.353;83.353;;;56a697bb-e6ff-e511-80c6-a0369f7d1486
2016;3;190160061;Ağrı Tutak İlçe Devlet Hastanesi;Sağlık Memuru;Ağrı;Ortaogretim;1;;83.35;83.35;;;73a197bb-e6ff-e511-80c6-a0369f7d1486
2016;3;190160605;Zonguldak Atatürk Devlet Hastanesi;Hemşire;Zonguldak;Ortaogretim;4;;83.348;86.067;;;91a697bb-e6ff-e511-80c6-a0369f7d1486
2016;3;190160477;Sivas Numune Hastanesi;Hemşire;Sivas;Ortaogretim;11;;83.341;86.696;;;8ca597bb-e6ff-e511-80c6-a0369f7d1486
2016;3;190160567;Van Başkale Devlet Hastanesi;Sağlık Memuru;Van;Ortaogretim;1;;83.337;83.337;;;4da697bb-e6ff-e511-80c6-a0369f7d1486
2016;3;190160125;Bitlis Mutki İlçe Devlet Hastanesi;Sağlık Memuru;Bitlis;Ortaogretim;1;;83.336;83.336;;;caa197bb-e6ff-e511-80c6-a0369f7d1486
2016;3;190160449;Sakarya Sağlık Bakanlığı Sakarya Üniversitesi Eğitim ve Araştırma Hastanesi;Hemşire;Sakarya;Ortaogretim;3;;83.326;83.73;;;22a597bb-e6ff-e511-80c6-a0369f7d1486
2016;3;190160047;Ağrı Hamur İlçe Devlet Hastanesi;Sağlık Memuru;Ağrı;Ortaogretim;1;;83.315;83.315;;;6ca197bb-e6ff-e511-80c6-a0369f7d1486
2016;3;190160539;Şırnak Cizre Dr.Selahattin Cizrelioğlu Devlet Hastanesi;Sağlık Memuru;Şırnak;Ortaogretim;1;;83.264;83.264;;;d5a697bb-e6ff-e511-80c6-a0369f7d1486
2016;3;190160433;Rize Devlet Hastanesi;Hemşire;Rize;Ortaogretim;2;;83.224;83.978;;;0ca597bb-e6ff-e511-80c6-a0369f7d1486
2016;3;190160039;Ağrı Doğubeyazıt Dr.Yaşar Eryılmaz Devlet Hastanesi;Sağlık Memuru;Ağrı;Ortaogretim;1;;83.176;83.176;;;68a197bb-e6ff-e511-80c6-a0369f7d1486
2016;3;190160471;Siirt Pervari Devlet Hastanesi;Sağlık Memuru;Siirt;Ortaogretim;1;;83.171;83.171;;;5ca597bb-e6ff-e511-80c6-a0369f7d1486
2016;3;190160431;Rize Çayeli İshakoğlu Devlet Hastanesi;Hemşire;Rize;Ortaogretim;1;;83.156;83.156;;;0ba597bb-e6ff-e511-80c6-a0369f7d1486
2016;3;190160615;Zonguldak Kadın Doğum ve Çocuk Hastalıkları Hastanesi;Hemşire;Zonguldak;Ortaogretim;1;;83.131;83.131;;;96a697bb-e6ff-e511-80c6-a0369f7d1486
2016;3;190160375;Mardin Kızıltepe Devlet Hastanesi;Sağlık Memuru;Mardin;Ortaogretim;1;;83.118;83.118;;;73a497bb-e6ff-e511-80c6-a0369f7d1486
2016;3;190160617;Zonguldak Karadeniz Ereğli Devlet Hastanesi;Hemşire;Zonguldak;Ortaogretim;2;;83.108;83.664;;;97a697bb-e6ff-e511-80c6-a0369f7d1486
2016;3;190160473;Sivas Divriği Sadık Ozgur Devlet Hastanesi;Hemşire;Sivas;Ortaogretim;1;;83.08;83.08;;;8aa597bb-e6ff-e511-80c6-a0369f7d1486
2016;3;190160143;Diyarbakır Dicle Devlet Hastanesi;Sağlık Memuru;Diyarbakır;Ortaogretim;1;;83.078;83.078;;;34a297bb-e6ff-e511-80c6-a0369f7d1486
2016;3;190160395;Mardin Savur İlçe Devlet Hastanesi;Sağlık Memuru;Mardin;Ortaogretim;1;;83.078;83.078;;;7da497bb-e6ff-e511-80c6-a0369f7d1486
2016;3;190160389;Mardin Nusaybin Devlet Hastanesi;Sağlık Memuru;Mardin;Ortaogretim;1;;83.053;83.053;;;7aa497bb-e6ff-e511-80c6-a0369f7d1486
2016;3;190160089;Bayburt Devlet Hastanesi;Sağlık Memuru;Bayburt;Ortaogretim;1;;83.04;83.04;;;a6a697bb-e6ff-e511-80c6-a0369f7d1486
2016;3;190160607;Zonguldak Çaycuma Devlet Hastanesi;Hemşire;Zonguldak;Ortaogretim;2;;83.035;83.336;;;92a697bb-e6ff-e511-80c6-a0369f7d1486
2016;3;190160357;Mardin Dargeçit İlçe Devlet Hastanesi;Sağlık Memuru;Mardin;Ortaogretim;1;;83.017;83.017;;;6aa497bb-e6ff-e511-80c6-a0369f7d1486
2016;3;190160243;Hakkari Yüksekova Devlet Hastanesi;Sağlık Memuru;Hakkari;Ortaogretim;1;;83.007;83.007;;;e9a297bb-e6ff-e511-80c6-a0369f7d1486
2016;3;190160359;Mardin Dargeçit İlçe Devlet Hastanesi;Sağlık Memuru;Mardin;Ortaogretim;1;;82.951;82.951;;;6ba497bb-e6ff-e511-80c6-a0369f7d1486
2016;3;190160495;Şanlıurfa Bozova İlçe Devlet Hastanesi;Hemşire;Şanlıurfa;Ortaogretim;1;;82.951;82.951;;;a9a597bb-e6ff-e511-80c6-a0369f7d1486
2016;3;190160231;Hakkari Şemdinli Devlet Hastanesi;Sağlık Memuru;Hakkari;Ortaogretim;1;;82.949;82.949;;;e3a297bb-e6ff-e511-80c6-a0369f7d1486
2016;3;190160245;Hakkari Yüksekova Devlet Hastanesi;Sağlık Memuru;Hakkari;Ortaogretim;1;;82.941;82.941;;;eaa297bb-e6ff-e511-80c6-a0369f7d1486
2016;3;190160217;Hakkari Çukurca İlçe Devlet Hastanesi;Sağlık Memuru;Hakkari;Ortaogretim;3;;82.896;83.25;;;dca297bb-e6ff-e511-80c6-a0369f7d1486
2016;3;190160339;Kastamonu Cide İlçe Devlet Hastanesi;Sağlık Memuru;Kastamonu;Ortaogretim;1;;82.777;82.777;;;20a497bb-e6ff-e511-80c6-a0369f7d1486
2016;3;190160345;Kilis Devlet Hastanesi;Sağlık Memuru;Kilis;Ortaogretim;1;;82.711;82.711;;;45a797bb-e6ff-e511-80c6-a0369f7d1486
2016;3;190160151;Diyarbakır Selahaddin Eyyubi Devlet Hastanesi;Hemşire;Diyarbakır;Ortaogretim;3;;82.709;85.923;;;38a297bb-e6ff-e511-80c6-a0369f7d1486
2016;3;190160251;İstanbul Arnavutköy Devlet Hastanesi;Hemşire;İstanbul;Ortaogretim;1;;82.671;82.671;;;b6a397bb-e6ff-e511-80c6-a0369f7d1486
2016;3;190160609;Zonguldak Devrek Devlet Hastanesi;Hemşire;Zonguldak;Ortaogretim;2;;82.658;83.035;;;93a697bb-e6ff-e511-80c6-a0369f7d1486
2016;3;190160613;Zonguldak Gökçebey İlçe Devlet Hastanesi;Hemşire;Zonguldak;Ortaogretim;1;;82.64;82.64;;;95a697bb-e6ff-e511-80c6-a0369f7d1486
2016;3;190160337;Kastamonu Ağız ve Diş Sağlığı Merkezi;Sağlık Memuru;Kastamonu;Ortaogretim;1;;82.615;82.615;;;1fa497bb-e6ff-e511-80c6-a0369f7d1486
2016;3;190160475;Sivas Gemerek İlçe Devlet Hastanesi;Hemşire;Sivas;Ortaogretim;1;;82.509;82.509;;;8ba597bb-e6ff-e511-80c6-a0369f7d1486
2016;3;190160483;Sivas Zara Devlet Hastanesi;Hemşire;Sivas;Ortaogretim;1;;82.423;82.423;;;8fa597bb-e6ff-e511-80c6-a0369f7d1486
2016;3;190160269;İstanbul Fatih Sultan Mehmet Eğitim Araştırma Hastanesi;Hemşire;İstanbul;Ortaogretim;3;;82.344;83.027;;;bfa397bb-e6ff-e511-80c6-a0369f7d1486
2016;3;190160443;Rize T.C. Sağlık Bakanlığı Rize Khb Recep Tayyip Erdoğan Üniversitesi Eğitim ve Araştırma Hastanesi;Hemşire;Rize;Ortaogretim;5;;82.319;84.223;;;11a597bb-e6ff-e511-80c6-a0369f7d1486
2016;3;190160281;İstanbul Şile Devlet Hastanesi;Hemşire;İstanbul;Ortaogretim;1;;82.301;82.301;;;c5a397bb-e6ff-e511-80c6-a0369f7d1486
2016;3;190160437;Rize Güneysu Tenzile Erdoğan İlçe Devlet Hastanesi;Hemşire;Rize;Ortaogretim;1;;82.162;82.162;;;0ea597bb-e6ff-e511-80c6-a0369f7d1486
2016;3;190160279;İstanbul Sağlık Bakanlığı Marmara Üniversitesi Pendik Eğitim ve Araştırma Hastanesi;Sağlık Memuru;İstanbul;Ortaogretim;1;;82.114;82.114;;;c4a397bb-e6ff-e511-80c6-a0369f7d1486
2016;3;190160525;Şanlıurfa Viranşehir Devlet Hastanesi;Sağlık Memuru;Şanlıurfa;Ortaogretim;1;;82.104;82.104;;;b8a597bb-e6ff-e511-80c6-a0369f7d1486
2016;3;190160259;İstanbul Bakırköy Dr.Sadi Konuk Eğitim Araştırma Hastanesi;Sağlık Memuru;İstanbul;Ortaogretim;1;;82.084;82.084;;;baa397bb-e6ff-e511-80c6-a0369f7d1486
2016;3;190160209;Gümüşhane Şiran Devlet Hastanesi;Hemşire;Gümüşhane;Ortaogretim;1;;82.064;82.064;;;d8a297bb-e6ff-e511-80c6-a0369f7d1486
2016;3;190160205;Gümüşhane Kelkit Devlet Hastanesi;Hemşire;Gümüşhane;Ortaogretim;1;;82.054;82.054;;;d6a297bb-e6ff-e511-80c6-a0369f7d1486
2016;3;190160487;Şanlıurfa Balıklıgol Devlet Hastanesi;Hemşire;Şanlıurfa;Ortaogretim;3;;82.023;84.739;;;a5a597bb-e6ff-e511-80c6-a0369f7d1486
2016;3;190160597;Yozgat Akdağmadeni Devlet Hastanesi;Sağlık Memuru;Yozgat;Ortaogretim;1;;81.988;81.988;;;7da697bb-e6ff-e511-80c6-a0369f7d1486
2016;3;190160435;Rize Devlet Hastanesi;Sağlık Memuru;Rize;Ortaogretim;1;;81.943;81.943;;;0da597bb-e6ff-e511-80c6-a0369f7d1486
2016;3;190160285;İstanbul Üsküdar Devlet Hastanesi;Hemşire;İstanbul;Ortaogretim;3;;81.94;83.672;;;c7a397bb-e6ff-e511-80c6-a0369f7d1486
2016;3;190160601;Yozgat Çayıralan İlçe Devlet Hastanesi;Sağlık Memuru;Yozgat;Ortaogretim;1;;81.93;81.93;;;7fa697bb-e6ff-e511-80c6-a0369f7d1486
2016;3;190160439;Rize Güneysu Tenzile Erdoğan İlçe Devlet Hastanesi;Sağlık Memuru;Rize;Ortaogretim;1;;81.889;81.889;;;0fa597bb-e6ff-e511-80c6-a0369f7d1486
2016;3;190160141;Diyarbakır Çocuk Hastalıkları Hastanesi;Hemşire;Diyarbakır;Ortaogretim;3;;81.887;82.79;;;33a297bb-e6ff-e511-80c6-a0369f7d1486
2016;3;190160603;Yozgat Saraykent İlçe Devlet Hastanesi;Sağlık Memuru;Yozgat;Ortaogretim;1;;81.811;81.811;;;80a697bb-e6ff-e511-80c6-a0369f7d1486
2016;3;190160087;Bayburt Devlet Hastanesi;Hemşire;Bayburt;Ortaogretim;3;;81.781;81.985;;;a5a697bb-e6ff-e511-80c6-a0369f7d1486
2016;3;190160501;Şanlıurfa Harran Devlet Hastanesi;Hemşire;Şanlıurfa;Ortaogretim;1;;81.773;81.773;;;aca597bb-e6ff-e511-80c6-a0369f7d1486
2016;3;190160195;Erzurum Palandöken Devlet Hastanesi;Hemşire;Erzurum;Ortaogretim;2;;81.768;82.079;;;9aa297bb-e6ff-e511-80c6-a0369f7d1486
2016;3;190160255;İstanbul Bahçelievler Devlet Hastanesi;Hemşire;İstanbul;Ortaogretim;2;;81.743;82.178;;;b8a397bb-e6ff-e511-80c6-a0369f7d1486
2016;3;190160075;Ardahan Devlet Hastanesi;Sağlık Memuru;Ardahan;Ortaogretim;1;;81.686;81.686;;;27a797bb-e6ff-e511-80c6-a0369f7d1486
2016;3;190160155;Elazığ Eğitim ve Araştırma Hastanesi;Hemşire;Elazığ;Ortaogretim;3;;81.619;82.802;;;43a297bb-e6ff-e511-80c6-a0369f7d1486
2016;3;190160509;Şanlıurfa Mehmet Akif İnan Eğitim ve Araştırma Hastanesi;Sağlık Memuru;Şanlıurfa;Ortaogretim;1;;81.614;81.614;;;b0a597bb-e6ff-e511-80c6-a0369f7d1486
2016;3;190160083;Artvin Devlet Hastanesi;Sağlık Memuru;Artvin;Ortaogretim;1;;81.581;81.581;;;8da197bb-e6ff-e511-80c6-a0369f7d1486
2016;3;190160097;Bingöl Kadın Doğum ve Çocuk Hastalıkları Hastanesi;Sağlık Memuru;Bingöl;Ortaogretim;1;;81.55;81.55;;;a2a197bb-e6ff-e511-80c6-a0369f7d1486
2016;3;190160203;Gümüşhane Devlet Hastanesi;Sağlık Memuru;Gümüşhane;Ortaogretim;1;;81.535;81.535;;;d5a297bb-e6ff-e511-80c6-a0369f7d1486
2016;3;190160413;Muş Hasköy Devlet Hastanesi;Hemşire;Muş;Ortaogretim;1;;81.421;81.421;;;efa497bb-e6ff-e511-80c6-a0369f7d1486
2016;3;190160091;Bayburt Devlet Hastanesi;Sağlık Memuru;Bayburt;Ortaogretim;1;;81.396;81.396;;;a7a697bb-e6ff-e511-80c6-a0369f7d1486
2016;3;190160207;Gümüşhane Şehit Ebe Kevser Ceylan Ağız Ve Diş Sağlığı Merkezi;Sağlık Memuru;Gümüşhane;Ortaogretim;1;;81.389;81.389;;;d7a297bb-e6ff-e511-80c6-a0369f7d1486
2016;3;190160491;Şanlıurfa Birecik Devlet Hastanesi;Hemşire;Şanlıurfa;Ortaogretim;2;;81.384;81.824;;;a7a597bb-e6ff-e511-80c6-a0369f7d1486
2016;3;190160081;Artvin Borçka Devlet Hastanesi;Sağlık Memuru;Artvin;Ortaogretim;1;;81.371;81.371;;;8ca197bb-e6ff-e511-80c6-a0369f7d1486
2016;3;190160169;Erzurum Bölge Eğitim ve Araştırma Hastanesi;Hemşire;Erzurum;Ortaogretim;9;;81.368;82.15;;;8da297bb-e6ff-e511-80c6-a0369f7d1486
2016;3;190160159;Erzincan Çayırlı İlçe Devlet Hastanesi;Sağlık Memuru;Erzincan;Ortaogretim;1;;81.366;81.366;;;65a297bb-e6ff-e511-80c6-a0369f7d1486
2016;3;190160161;Erzincan Tercan İlçe Devlet Hastanesi;Sağlık Memuru;Erzincan;Ortaogretim;1;;81.361;81.361;;;66a297bb-e6ff-e511-80c6-a0369f7d1486
2016;3;190160085;Bayburt Demirözu Toplum Sağlığı Merkezi;Sağlık Memuru;Bayburt;Ortaogretim;1;;81.358;81.358;;;a4a697bb-e6ff-e511-80c6-a0369f7d1486
2016;3;190160385;Mardin Nusaybin Devlet Hastanesi;Sağlık Memuru;Mardin;Ortaogretim;1;;81.346;81.346;;;78a497bb-e6ff-e511-80c6-a0369f7d1486
2016;3;190160179;Erzurum Horasan Devlet Hastanesi;Sağlık Memuru;Erzurum;Ortaogretim;1;;81.315;81.315;;;92a297bb-e6ff-e511-80c6-a0369f7d1486
2016;3;190160527;Şanlıurfa Viranşehir Devlet Hastanesi;Sağlık Memuru;Şanlıurfa;Ortaogretim;1;;81.308;81.308;;;b9a597bb-e6ff-e511-80c6-a0369f7d1486
2016;3;190160193;Erzurum Nenehatun Kadın Doğum Hastanesi;Hemşire;Erzurum;Ortaogretim;1;;81.267;81.267;;;99a297bb-e6ff-e511-80c6-a0369f7d1486
2016;3;190160093;Bingöl Devlet Hastanesi;Sağlık Memuru;Bingöl;Ortaogretim;1;;81.239;81.239;;;a0a197bb-e6ff-e511-80c6-a0369f7d1486
2016;3;190160577;Van Eğitim ve Araştırma Hastanesi;Sağlık Memuru;Van;Ortaogretim;1;;81.217;81.217;;;52a697bb-e6ff-e511-80c6-a0369f7d1486
2016;3;190160025;Ağrı Devlet Hastanesi;Sağlık Memuru;Ağrı;Ortaogretim;1;;81.214;81.214;;;61a197bb-e6ff-e511-80c6-a0369f7d1486
2016;3;190160459;Siirt Devlet Hastanesi;Sağlık Memuru;Siirt;Ortaogretim;1;;81.204;81.204;;;56a597bb-e6ff-e511-80c6-a0369f7d1486
2016;3;190160021;Ağrı Devlet Hastanesi;Sağlık Memuru;Ağrı;Ortaogretim;1;;81.201;81.201;;;5fa197bb-e6ff-e511-80c6-a0369f7d1486
2016;3;190160165;Erzurum Aşkale İlçe Devlet Hastanesi;Hemşire;Erzurum;Ortaogretim;1;;81.184;81.184;;;8ba297bb-e6ff-e511-80c6-a0369f7d1486
2016;3;190160063;Ağrı Tutak İlçe Devlet Hastanesi;Sağlık Memuru;Ağrı;Ortaogretim;1;;81.153;81.153;;;74a197bb-e6ff-e511-80c6-a0369f7d1486
2016;3;190160157;Elazığ Ruh Sağlığı ve Hastalıkları Hastanesi;Hemşire;Elazığ;Ortaogretim;1;;81.108;81.108;;;44a297bb-e6ff-e511-80c6-a0369f7d1486
2016;3;190160349;Kilis Devlet Hastanesi;Sağlık Memuru;Kilis;Ortaogretim;1;;81.106;81.106;;;47a797bb-e6ff-e511-80c6-a0369f7d1486
2016;3;190160537;Şırnak Cizre Dr.Selahattin Cizrelioğlu Devlet Hastanesi;Sağlık Memuru;Şırnak;Ortaogretim;1;;81.098;81.098;;;d4a697bb-e6ff-e511-80c6-a0369f7d1486
2016;3;190160323;Kars Sarıkamış Devlet Hastanesi;Sağlık Memuru;Kars;Ortaogretim;1;;81.08;81.08;;;efa397bb-e6ff-e511-80c6-a0369f7d1486
2016;3;190160037;Ağrı Doğubeyazıt Dr.Yaşar Eryılmaz Devlet Hastanesi;Sağlık Memuru;Ağrı;Ortaogretim;1;;81.06;81.06;;;67a197bb-e6ff-e511-80c6-a0369f7d1486
2016;3;190160295;Kars Ağız ve Diş Sağlığı Merkezi;Sağlık Memuru;Kars;Ortaogretim;1;;81.033;81.033;;;e1a397bb-e6ff-e511-80c6-a0369f7d1486
2016;3;190160079;Ardahan Göle Devlet Hastanesi;Sağlık Memuru;Ardahan;Ortaogretim;1;;81.022;81.022;;;29a797bb-e6ff-e511-80c6-a0369f7d1486
2016;3;190160497;Şanlıurfa Çocuk Hastalıkları Hastanesi;Hemşire;Şanlıurfa;Ortaogretim;3;;81.004;81.128;;;aaa597bb-e6ff-e511-80c6-a0369f7d1486
2016;3;190160273;İstanbul Haydarpaşa Numune Eğitim ve Araştırma Hastanesi;Hemşire;İstanbul;Ortaogretim;3;;80.976;81.437;;;c1a397bb-e6ff-e511-80c6-a0369f7d1486
2016;3;190160561;Tunceli Çemişgezek İlçe Devlet Hastanesi;Sağlık Memuru;Tunceli;Ortaogretim;1;;80.908;80.908;;;a3a597bb-e6ff-e511-80c6-a0369f7d1486
2016;3;190160379;Mardin Midyat Devlet Hastanesi;Sağlık Memuru;Mardin;Ortaogretim;1;;80.825;80.825;;;75a497bb-e6ff-e511-80c6-a0369f7d1486
2016;3;190160197;Erzurum Pasinler İbrahim Hakkı Devlet Hastanesi;Hemşire;Erzurum;Ortaogretim;1;;80.797;80.797;;;9ba297bb-e6ff-e511-80c6-a0369f7d1486
2016;3;190160199;Erzurum Tekman Şehit Piyade Çavuş Muhammet Binici Devlet Hastanesi;Hemşire;Erzurum;Ortaogretim;1;;80.784;80.784;;;9ca297bb-e6ff-e511-80c6-a0369f7d1486
2016;3;190160261;İstanbul Bakırköy Prof.Dr.Mazhar Osman Ruh Sağlığı ve Sinir Hastalıkları Eğitim ve Araş. Hastanesi;Hemşire;İstanbul;Ortaogretim;2;;80.764;83.07;;;bba397bb-e6ff-e511-80c6-a0369f7d1486
2016;3;190160403;Muş Bulanık Toplum Sağlığı Merkezi;Sağlık Memuru;Muş;Ortaogretim;1;;80.721;80.721;;;eaa497bb-e6ff-e511-80c6-a0369f7d1486
2016;3;190160201;Erzurum Tortum İlçe Devlet Hastanesi;Hemşire;Erzurum;Ortaogretim;1;;80.718;80.718;;;9da297bb-e6ff-e511-80c6-a0369f7d1486
2016;3;190160249;Iğdır Tuzluca İlçe Devlet Hastanesi;Sağlık Memuru;Iğdır;Ortaogretim;1;;80.703;80.703;;;2aa797bb-e6ff-e511-80c6-a0369f7d1486
2016;3;190160053;Ağrı Patnos Devlet Hastanesi;Sağlık Memuru;Ağrı;Ortaogretim;1;;80.693;80.693;;;6fa197bb-e6ff-e511-80c6-a0369f7d1486
2016;3;190160315;Kars Kağızman Devlet Hastanesi;Sağlık Memuru;Kars;Ortaogretim;1;;80.693;80.693;;;eba397bb-e6ff-e511-80c6-a0369f7d1486
2016;3;190160549;Şırnak Devlet Hastanesi;Sağlık Memuru;Şırnak;Ortaogretim;1;;80.683;80.683;;;daa697bb-e6ff-e511-80c6-a0369f7d1486
2016;3;190160305;Kars Harakani Devlet Hastanesi;Sağlık Memuru;Kars;Ortaogretim;1;;80.678;80.678;;;e6a397bb-e6ff-e511-80c6-a0369f7d1486
2016;3;190160175;Erzurum Horasan Devlet Hastanesi;Hemşire;Erzurum;Ortaogretim;1;;80.676;80.676;;;90a297bb-e6ff-e511-80c6-a0369f7d1486
2016;3;190160373;Mardin Kızıltepe Devlet Hastanesi;Sağlık Memuru;Mardin;Ortaogretim;1;;80.668;80.668;;;72a497bb-e6ff-e511-80c6-a0369f7d1486
2016;3;190160595;Van Özalp Devlet Hastanesi;Sağlık Memuru;Van;Ortaogretim;1;;80.658;80.658;;;5ba697bb-e6ff-e511-80c6-a0369f7d1486
2016;3;190160333;Kars Selim İlçe Devlet Hastanesi;Sağlık Memuru;Kars;Ortaogretim;1;;80.657;80.657;;;f4a397bb-e6ff-e511-80c6-a0369f7d1486
2016;3;190160341;Kilis Ağız Ve Diş Sağlığı Merkezi;Sağlık Memuru;Kilis;Ortaogretim;1;;80.655;80.655;;;43a797bb-e6ff-e511-80c6-a0369f7d1486
2016;3;190160503;Şanlıurfa Hilvan Devlet Hastanesi;Hemşire;Şanlıurfa;Ortaogretim;1;;80.63;80.63;;;ada597bb-e6ff-e511-80c6-a0369f7d1486
2016;3;190160283;İstanbul Ümraniye Eğitim Ve Araştırma Hastanesi;Hemşire;İstanbul;Ortaogretim;5;;80.622;83.627;;;c6a397bb-e6ff-e511-80c6-a0369f7d1486
2016;3;190160267;İstanbul Eğitim ve Araştırma Hastanesi;Hemşire;İstanbul;Ortaogretim;5;;80.62;81.902;;;bea397bb-e6ff-e511-80c6-a0369f7d1486
2016;3;190160559;Şırnak Silopi Devlet Hastanesi;Sağlık Memuru;Şırnak;Ortaogretim;1;;80.595;80.595;;;dfa697bb-e6ff-e511-80c6-a0369f7d1486
2016;3;190160133;Bitlis Tatvan Toplum Sğlığı Merkezi;Sağlık Memuru;Bitlis;Ortaogretim;1;;80.595;80.595;;;cea197bb-e6ff-e511-80c6-a0369f7d1486
2016;3;190160343;Kilis Devlet Hastanesi;Hemşire;Kilis;Ortaogretim;11;;80.592;84.152;;;44a797bb-e6ff-e511-80c6-a0369f7d1486
2016;3;190160317;Kars Kağızman Toplum Sağlığı Merkezi;Sağlık Memuru;Kars;Ortaogretim;1;;80.577;80.577;;;eca397bb-e6ff-e511-80c6-a0369f7d1486
2016;3;190160057;Ağrı Taşlıçay İlçe Devlet Hastanesi;Sağlık Memuru;Ağrı;Ortaogretim;1;;80.569;80.569;;;71a197bb-e6ff-e511-80c6-a0369f7d1486
2016;3;190160265;İstanbul Dr.Siyami Ersek Göğüs Kalp Ve Damar Cerrahisi Eğitim Ve Araştırma Hastanesi;Hemşire;İstanbul;Ortaogretim;3;;80.549;83.343;;;bda397bb-e6ff-e511-80c6-a0369f7d1486
2016;3;190160507;Şanlıurfa Mehmet Akif İnan Eğitim ve Araştırma Hastanesi;Hemşire;Şanlıurfa;Ortaogretim;8;;80.547;86.198;;;afa597bb-e6ff-e511-80c6-a0369f7d1486
2016;3;190160257;İstanbul Bakırköy Dr.Sadi Konuk Eğitim Araştırma Hastanesi;Hemşire;İstanbul;Ortaogretim;3;;80.534;82.769;;;b9a397bb-e6ff-e511-80c6-a0369f7d1486
2016;3;190160327;Kars Sarıkamış Toplum Sağlığı Merkezi;Sağlık Memuru;Kars;Ortaogretim;1;;80.509;80.509;;;f1a397bb-e6ff-e511-80c6-a0369f7d1486
2016;3;190160253;İstanbul Bağcılar Eğitim ve Araştırma Hastanesi;Hemşire;İstanbul;Ortaogretim;3;;80.496;82.577;;;b7a397bb-e6ff-e511-80c6-a0369f7d1486
2016;3;190160067;Ardahan Çıldır Toplum Sağlığı Merkezi;Sağlık Memuru;Ardahan;Ortaogretim;1;;80.493;80.493;;;23a797bb-e6ff-e511-80c6-a0369f7d1486
2016;3;190160505;Şanlıurfa Kadın Hastalıkları ve Doğum Hastanesi;Hemşire;Şanlıurfa;Ortaogretim;2;;80.488;80.514;;;aea597bb-e6ff-e511-80c6-a0369f7d1486
2016;3;190160071;Ardahan Devlet Hastanesi;Hemşire;Ardahan;Ortaogretim;2;;80.481;80.491;;;25a797bb-e6ff-e511-80c6-a0369f7d1486
2016;3;190160393;Mardin Savur İlçe Devlet Hastanesi;Hemşire;Mardin;Ortaogretim;1;;80.453;80.453;;;7ca497bb-e6ff-e511-80c6-a0369f7d1486
2016;3;190160421;Muş Merkez Toplum Sağlığı Merkezi;Sağlık Memuru;Muş;Ortaogretim;2;;80.42;80.472;;;f3a497bb-e6ff-e511-80c6-a0369f7d1486
2016;3;190160115;Bitlis Güroymak Toplum Sağlığı Merkezi;Sağlık Memuru;Bitlis;Ortaogretim;1;;80.418;80.418;;;c5a197bb-e6ff-e511-80c6-a0369f7d1486
2016;3;190160225;Hakkari Devlet Hastanesi;Sağlık Memuru;Hakkari;Ortaogretim;1;;80.385;80.385;;;e0a297bb-e6ff-e511-80c6-a0369f7d1486
2016;3;190160271;İstanbul Haseki Eğitim ve Araştırma Hastanesi;Hemşire;İstanbul;Ortaogretim;4;;80.385;84.699;;;c0a397bb-e6ff-e511-80c6-a0369f7d1486
2016;3;190160291;İstanbul Zeynep Kamil Kadın Ve Çocuk Hastalıkları Eğitim Ve Araştırma Hastanesi;Hemşire;İstanbul;Ortaogretim;3;;80.377;81.07;;;caa397bb-e6ff-e511-80c6-a0369f7d1486
2016;3;190160543;Şırnak Cizre Dr.Selahattin Cizrelioğlu Devlet Hastanesi;Sağlık Memuru;Şırnak;Ortaogretim;1;;80.376;80.376;;;d7a697bb-e6ff-e511-80c6-a0369f7d1486
2016;3;190160581;Van Erciş Devlet Hastanesi;Hemşire;Van;Ortaogretim;1;;80.37;80.37;;;54a697bb-e6ff-e511-80c6-a0369f7d1486
2016;3;190160335;Kars Susuz Toplum Sağlığı Merkezi;Sağlık Memuru;Kars;Ortaogretim;1;;80.352;80.352;;;f5a397bb-e6ff-e511-80c6-a0369f7d1486
2016;3;190160119;Bitlis Merkez Toplum Sağlığı Merkezi;Sağlık Memuru;Bitlis;Ortaogretim;1;;80.347;80.347;;;c7a197bb-e6ff-e511-80c6-a0369f7d1486
2016;3;190160277;İstanbul Sağlık Bakanlığı İstanbul Medeniyet Üniversitesi Göztepe Eğitim ve Araştırma Hastanesi;Hemşire;İstanbul;Ortaogretim;3;;80.339;80.347;;;c3a397bb-e6ff-e511-80c6-a0369f7d1486
2016;3;190160419;Muş Malazgirt Toplum Sağlığı Merkezi;Sağlık Memuru;Muş;Ortaogretim;1;;80.332;80.332;;;f2a497bb-e6ff-e511-80c6-a0369f7d1486
2016;3;190160139;Diyarbakır Bismil Devlet Hastanesi;Hemşire;Diyarbakır;Ortaogretim;1;;80.324;80.324;;;32a297bb-e6ff-e511-80c6-a0369f7d1486
2016;3;190160129;Bitlis Tatvan Devlet Hastanesi;Hemşire;Bitlis;Ortaogretim;3;;80.306;80.987;;;cca197bb-e6ff-e511-80c6-a0369f7d1486
2016;3;190160289;İstanbul Yedikule Göğüs Hastalıkları ve Göğüs Cerrahisi Eğitim ve Araştırma Hastanesi;Hemşire;İstanbul;Ortaogretim;2;;80.281;80.364;;;c9a397bb-e6ff-e511-80c6-a0369f7d1486
2016;3;190160113;Bitlis Guroymak Devlet Hastanesi;Hemşire;Bitlis;Ortaogretim;1;;80.258;80.258;;;c4a197bb-e6ff-e511-80c6-a0369f7d1486
2016;3;190160457;Siirt Devlet Hastanesi;Hemşire;Siirt;Ortaogretim;3;;80.256;82.289;;;55a597bb-e6ff-e511-80c6-a0369f7d1486
2016;3;190160109;Bitlis Devlet Hastanesi;Hemşire;Bitlis;Ortaogretim;3;;80.243;80.491;;;c2a197bb-e6ff-e511-80c6-a0369f7d1486
2016;3;190160189;Erzurum Karayazı Türk Eczacıları Birliği İlçe Devlet Hastanesi;Hemşire;Erzurum;Ortaogretim;1;;80.243;80.243;;;97a297bb-e6ff-e511-80c6-a0369f7d1486
2016;3;190160523;Şanlıurfa Viranşehir Devlet Hastanesi;Hemşire;Şanlıurfa;Ortaogretim;4;;80.238;81.581;;;b7a597bb-e6ff-e511-80c6-a0369f7d1486
2016;3;190160303;Kars Harakani Devlet Hastanesi;Hemşire;Kars;Ortaogretim;2;;80.22;80.372;;;e5a397bb-e6ff-e511-80c6-a0369f7d1486
2016;3;190160465;Siirt Kurtalan Devlet Hastanesi;Hemşire;Siirt;Ortaogretim;1;;80.17;80.17;;;59a597bb-e6ff-e511-80c6-a0369f7d1486
2016;3;190160211;Hakkari Ağız ve Diş Sağlığı Merkezi;Sağlık Memuru;Hakkari;Ortaogretim;1;;80.168;80.168;;;d9a297bb-e6ff-e511-80c6-a0369f7d1486
2016;3;190160099;Bitlis Adilcevaz Onkoloji Hastanesi;Hemşire;Bitlis;Ortaogretim;1;;80.16;80.16;;;bda197bb-e6ff-e511-80c6-a0369f7d1486
2016;3;190160105;Bitlis Ahlat Devlet Hastanesi;Hemşire;Bitlis;Ortaogretim;1;;80.157;80.157;;;c0a197bb-e6ff-e511-80c6-a0369f7d1486
2016;3;190160365;Mardin Devlet Hastanesi;Hemşire;Mardin;Ortaogretim;3;;80.15;80.767;;;6ea497bb-e6ff-e511-80c6-a0369f7d1486
2016;3;190160573;Van Eğitim ve Araştırma Hastanesi;Hemşire;Van;Ortaogretim;2;;80.122;80.122;;;50a697bb-e6ff-e511-80c6-a0369f7d1486
2016;3;190160407;Muş Devlet Hastanesi;Hemşire;Muş;Ortaogretim;5;;80.114;89.329;;;eca497bb-e6ff-e511-80c6-a0369f7d1486
2016;3;190160415;Muş Korkut İlçe Devlet Hastanesi;Hemşire;Muş;Ortaogretim;1;;80.114;80.114;;;f0a497bb-e6ff-e511-80c6-a0369f7d1486
2016;3;190160153;Diyarbakır Silvan Dr.Yusuf Azizoğlu Devlet Hastanesi;Hemşire;Diyarbakır;Ortaogretim;1;;80.099;80.099;;;39a297bb-e6ff-e511-80c6-a0369f7d1486
2016;3;190160019;Ağrı Devlet Hastanesi;Hemşire;Ağrı;Ortaogretim;3;;80.048;82.473;;;5ea197bb-e6ff-e511-80c6-a0369f7d1486
2016;3;190160051;Ağrı Patnos Devlet Hastanesi;Hemşire;Ağrı;Ortaogretim;5;;80.041;80.516;;;6ea197bb-e6ff-e511-80c6-a0369f7d1486
2016;3;190160117;Bitlis Hizan Devlet Hastanesi;Hemşire;Bitlis;Ortaogretim;1;;80.036;80.036;;;c6a197bb-e6ff-e511-80c6-a0369f7d1486
2016;3;190160319;Kars Sarıkamış Devlet Hastanesi;Hemşire;Kars;Ortaogretim;1;;80.036;80.036;;;eda397bb-e6ff-e511-80c6-a0369f7d1486
2016;3;190160043;Ağrı Eleşkirt İlçe Devlet Hastanesi;Hemşire;Ağrı;Ortaogretim;1;;79.99;79.99;;;6aa197bb-e6ff-e511-80c6-a0369f7d1486
2016;3;190160377;Mardin Midyat Devlet Hastanesi;Hemşire;Mardin;Ortaogretim;3;;79.983;81.712;;;74a497bb-e6ff-e511-80c6-a0369f7d1486
2016;3;190160531;Şırnak Beytuşşebap İlçe Devlet Hastanesi;Sağlık Memuru;Şırnak;Ortaogretim;2;;79.98;80.372;;;d1a697bb-e6ff-e511-80c6-a0369f7d1486
2016;3;190160147;Diyarbakır Kadın Doğum Ve Çocuk Hastalıkları Hastanesi;Hemşire;Diyarbakır;Ortaogretim;2;;79.97;80.309;;;36a297bb-e6ff-e511-80c6-a0369f7d1486
2016;3;190160033;Ağrı Doğubeyazıt Dr.Yaşar Eryılmaz Devlet Hastanesi;Hemşire;Ağrı;Ortaogretim;2;;79.955;80.036;;;65a197bb-e6ff-e511-80c6-a0369f7d1486
2016;3;190160311;Kars Kağızman Devlet Hastanesi;Hemşire;Kars;Ortaogretim;2;;79.942;80.144;;;e9a397bb-e6ff-e511-80c6-a0369f7d1486
2016;3;190160045;Ağrı Hamur İlçe Devlet Hastanesi;Hemşire;Ağrı;Ortaogretim;1;;79.94;79.94;;;6ba197bb-e6ff-e511-80c6-a0369f7d1486
2016;3;190160401;Muş Bulanık Devlet Hastanesi;Hemşire;Muş;Ortaogretim;2;;79.927;80.013;;;e9a497bb-e6ff-e511-80c6-a0369f7d1486
2016;3;190160219;Hakkari Çukurca İlçe Devlet Hastanesi;Sağlık Memuru;Hakkari;Ortaogretim;2;;79.894;79.954;;;dda297bb-e6ff-e511-80c6-a0369f7d1486
2016;3;190160059;Ağrı Tutak İlçe Devlet Hastanesi;Hemşire;Ağrı;Ortaogretim;1;;79.876;79.876;;;72a197bb-e6ff-e511-80c6-a0369f7d1486
2016;3;190160371;Mardin Kızıltepe Devlet Hastanesi;Hemşire;Mardin;Ortaogretim;3;;79.861;80.008;;;71a497bb-e6ff-e511-80c6-a0369f7d1486
2016;3;190160145;Diyarbakır Ergani Devlet Hastanesi;Hemşire;Diyarbakır;Ortaogretim;2;;79.854;80.767;;;35a297bb-e6ff-e511-80c6-a0369f7d1486
2016;3;190160425;Muş Varto Devlet Hastanesi;Hemşire;Muş;Ortaogretim;1;;79.851;79.851;;;f5a497bb-e6ff-e511-80c6-a0369f7d1486
2016;3;190160565;Van Başkale Devlet Hastanesi;Hemşire;Van;Ortaogretim;1;;79.849;79.849;;;4ca697bb-e6ff-e511-80c6-a0369f7d1486
2016;3;190160417;Muş Malazgirt Devlet Hastanesi;Hemşire;Muş;Ortaogretim;1;;79.826;79.826;;;f1a497bb-e6ff-e511-80c6-a0369f7d1486
2016;3;190160469;Siirt Pervari Devlet Hastanesi;Hemşire;Siirt;Ortaogretim;1;;79.826;79.826;;;5ba597bb-e6ff-e511-80c6-a0369f7d1486
2016;3;190160331;Kars Selim İlçe Devlet Hastanesi;Hemşire;Kars;Ortaogretim;1;;79.818;79.818;;;f3a397bb-e6ff-e511-80c6-a0369f7d1486
2016;3;190160123;Bitlis Mutki İlçe Devlet Hastanesi;Hemşire;Bitlis;Ortaogretim;1;;79.806;79.806;;;c9a197bb-e6ff-e511-80c6-a0369f7d1486
2016;3;190160235;Hakkari Şemdinli Devlet Hastanesi;Sağlık Memuru;Hakkari;Ortaogretim;1;;79.806;79.806;;;e5a297bb-e6ff-e511-80c6-a0369f7d1486
2016;3;190160455;Siirt Baykan Devlet Hastanesi;Hemşire;Siirt;Ortaogretim;1;;79.785;79.785;;;54a597bb-e6ff-e511-80c6-a0369f7d1486
2016;3;190160363;Mardin Derik Devlet Hastanesi;Hemşire;Mardin;Ortaogretim;1;;79.783;79.783;;;6da497bb-e6ff-e511-80c6-a0369f7d1486
2016;3;190160299;Kars Arpaçay İlçe Devlet Hastanesi;Hemşire;Kars;Ortaogretim;1;;79.77;79.77;;;e3a397bb-e6ff-e511-80c6-a0369f7d1486
2016;3;190160237;Hakkari Şemdinli Toplum Sağlığı Merkezi;Sağlık Memuru;Hakkari;Ortaogretim;1;;79.722;79.722;;;e6a297bb-e6ff-e511-80c6-a0369f7d1486
2016;3;190160547;Şırnak Devlet Hastanesi;Hemşire;Şırnak;Ortaogretim;1;;79.717;79.717;;;d9a697bb-e6ff-e511-80c6-a0369f7d1486
2016;3;190160461;Siirt Eruh Devlet Hastanesi;Hemşire;Siirt;Ortaogretim;1;;79.707;79.707;;;57a597bb-e6ff-e511-80c6-a0369f7d1486
2016;3;190160029;Ağrı Diyadin Devlet Hastanesi;Hemşire;Ağrı;Ortaogretim;1;;79.674;79.674;;;63a197bb-e6ff-e511-80c6-a0369f7d1486
2016;3;190160355;Mardin Dargeçit İlçe Devlet Hastanesi;Hemşire;Mardin;Ortaogretim;1;;79.672;79.672;;;69a497bb-e6ff-e511-80c6-a0369f7d1486
2016;3;190160223;Hakkari Devlet Hastanesi;Hemşire;Hakkari;Ortaogretim;4;;79.654;79.957;;;dfa297bb-e6ff-e511-80c6-a0369f7d1486
2016;3;190160247;Hakkari Yüksekova Toplum Sağlığı Merkezi;Sağlık Memuru;Hakkari;Ortaogretim;1;;79.631;79.631;;;eba297bb-e6ff-e511-80c6-a0369f7d1486
2016;3;190160301;Kars Digor İlçe Devlet Hastanesi;Hemşire;Kars;Ortaogretim;1;;79.621;79.621;;;e4a397bb-e6ff-e511-80c6-a0369f7d1486
2016;3;190160383;Mardin Nusaybin Devlet Hastanesi;Hemşire;Mardin;Ortaogretim;3;;79.611;79.823;;;77a497bb-e6ff-e511-80c6-a0369f7d1486
2016;3;190160535;Şırnak Cizre Dr.Selahattin Cizrelioğlu Devlet Hastanesi;Hemşire;Şırnak;Ortaogretim;3;;79.598;79.636;;;d3a697bb-e6ff-e511-80c6-a0369f7d1486
2016;3;190160553;Şırnak İdil Devlet Hastanesi;Hemşire;Şırnak;Ortaogretim;1;;79.576;79.576;;;dca697bb-e6ff-e511-80c6-a0369f7d1486
2016;3;190160557;Şırnak Silopi Devlet Hastanesi;Hemşire;Şırnak;Ortaogretim;3;;79.576;79.727;;;dea697bb-e6ff-e511-80c6-a0369f7d1486
2016;3;190160241;Hakkari Yüksekova Devlet Hastanesi;Hemşire;Hakkari;Ortaogretim;4;;79.548;80.036;;;e8a297bb-e6ff-e511-80c6-a0369f7d1486
2016;3;190160529;Şırnak Beytuşşebap İlçe Devlet Hastanesi;Hemşire;Şırnak;Ortaogretim;1;;79.5;79.5;;;d0a697bb-e6ff-e511-80c6-a0369f7d1486
2016;3;190160215;Hakkari Çukurca İlçe Devlet Hastanesi;Hemşire;Hakkari;Ortaogretim;1;;79.5;79.5;;;dba297bb-e6ff-e511-80c6-a0369f7d1486
2016;3;190160229;Hakkari Şemdinli Devlet Hastanesi;Hemşire;Hakkari;Ortaogretim;2;;79.49;79.606;;;e2a297bb-e6ff-e511-80c6-a0369f7d1486
2016;3;190160429;Niğde Devlet Hastanesi;Sağlık Memuru;Niğde;Ortaogretim;1;;77.327;77.327;;;05a597bb-e6ff-e511-80c6-a0369f7d1486
2016;3;190160065;Amasya T.C. Sağlık Bakanlığı - Amasya Üniversitesi Sabuncuoğlu Şerefeddin Eğitim Ve Araş.Hastanesi;Sağlık Memuru;Amasya;Ortaogretim;1;;77.29;77.29;;;75a197bb-e6ff-e511-80c6-a0369f7d1486
2016;3;190160137;Çorum T.C. Sağlık Bakanlığı Hitit Üniversitesi Çorum Eğitim ve Araştırma Hastanesi;Sağlık Memuru;Çorum;Ortaogretim;1;;77.193;77.193;;;f9a197bb-e6ff-e511-80c6-a0369f7d1486
2016;3;190160479;Sivas Numune Hastanesi;Sağlık Memuru;Sivas;Ortaogretim;1;;77.044;77.044;;;8da597bb-e6ff-e511-80c6-a0369f7d1486
2016;3;190160293;Kahramanmaraş Afşin Devlet Hastanesi;Sağlık Memuru;Kahramanmaraş;Ortaogretim;1;;76.109;76.109;;;67a497bb-e6ff-e511-80c6-a0369f7d1486
2016;3;190160171;Erzurum Bölge Eğitim ve Araştırma Hastanesi;Sağlık Memuru;Erzurum;Ortaogretim;1;;75.886;75.886;;;8ea297bb-e6ff-e511-80c6-a0369f7d1486
2016;3;190160513;Şanlıurfa Mehmet Akif İnan Eğitim ve Araştırma Hastanesi;Sağlık Memuru;Şanlıurfa;Ortaogretim;1;;75.347;75.347;;;b2a597bb-e6ff-e511-80c6-a0369f7d1486
2016;3;190160321;Kars Sarıkamış Devlet Hastanesi;Sağlık Memuru;Kars;Ortaogretim;1;;75.173;75.173;;;eea397bb-e6ff-e511-80c6-a0369f7d1486
2016;3;190160023;Ağrı Devlet Hastanesi;Sağlık Memuru;Ağrı;Ortaogretim;1;;74.344;74.344;;;60a197bb-e6ff-e511-80c6-a0369f7d1486
2016;3;190160541;Şırnak Cizre Dr.Selahattin Cizrelioğlu Devlet Hastanesi;Sağlık Memuru;Şırnak;Ortaogretim;1;;72.713;72.713;;;d6a697bb-e6ff-e511-80c6-a0369f7d1486
2016;3;190160233;Hakkari Şemdinli Devlet Hastanesi;Sağlık Memuru;Hakkari;Ortaogretim;1;;72.007;72.007;;;e4a297bb-e6ff-e511-80c6-a0369f7d1486
2016;3;190160481;Sivas Zara Devlet Hastanesi;Ebe;Sivas;Ortaogretim;1;;70.295;70.295;;;8ea597bb-e6ff-e511-80c6-a0369f7d1486
2016;3;190160127;Bitlis Tatvan Devlet Hastanesi;Ebe;Bitlis;Ortaogretim;1;;69.052;69.052;;;cba197bb-e6ff-e511-80c6-a0369f7d1486
2016;3;190160031;Ağrı Doğubeyazıt Dr.Yaşar Eryılmaz Devlet Hastanesi;Ebe;Ağrı;Ortaogretim;1;;68.96;68.96;;;64a197bb-e6ff-e511-80c6-a0369f7d1486
2016;3;190160069;Ardahan Devlet Hastanesi;Ebe;Ardahan;Ortaogretim;1;;68.677;68.677;;;24a797bb-e6ff-e511-80c6-a0369f7d1486
2016;3;190160519;Şanlıurfa Suruç Devlet Hastanesi;Ebe;Şanlıurfa;Ortaogretim;1;;68.237;68.237;;;b5a597bb-e6ff-e511-80c6-a0369f7d1486
2016;3;190160017;Ağrı Devlet Hastanesi;Ebe;Ağrı;Ortaogretim;1;;68.196;68.196;;;5da197bb-e6ff-e511-80c6-a0369f7d1486
2016;3;190160055;Ağrı Taşlıçay İlçe Devlet Hastanesi;Ebe;Ağrı;Ortaogretim;1;;68.019;68.019;;;70a197bb-e6ff-e511-80c6-a0369f7d1486
2016;3;190160297;Kars Arpaçay İlçe Devlet Hastanesi;Ebe;Kars;Ortaogretim;1;;67.127;67.127;;;e2a397bb-e6ff-e511-80c6-a0369f7d1486
2016;3;190160329;Kars Selim İlçe Devlet Hastanesi;Ebe;Kars;Ortaogretim;1;;67.051;67.051;;;f2a397bb-e6ff-e511-80c6-a0369f7d1486
2016;3;190160589;Van Muradiye Devlet Hastanesi;Ebe;Van;Ortaogretim;1;;66.813;66.813;;;58a697bb-e6ff-e511-80c6-a0369f7d1486
2016;3;190160309;Kars Kağızman Devlet Hastanesi;Ebe;Kars;Ortaogretim;1;;66.628;66.628;;;e8a397bb-e6ff-e511-80c6-a0369f7d1486
2016;3;190160367;Mardin Kadın Doğum ve Çocuk Hastalıkları Hastanesi;Ebe;Mardin;Ortaogretim;1;;66.434;66.434;;;6fa497bb-e6ff-e511-80c6-a0369f7d1486
2016;3;190160027;Ağrı Diyadin Devlet Hastanesi;Ebe;Ağrı;Ortaogretim;1;;66.279;66.279;;;62a197bb-e6ff-e511-80c6-a0369f7d1486
2016;3;190160049;Ağrı Patnos Devlet Hastanesi;Ebe;Ağrı;Ortaogretim;1;;66.243;66.243;;;6da197bb-e6ff-e511-80c6-a0369f7d1486
2016;3;190160587;Van İpekyolu Kadın Doğum ve Çocuk Hastalıkları Hastanesi;Ebe;Van;Ortaogretim;2;;66.039;66.138;;;57a697bb-e6ff-e511-80c6-a0369f7d1486
2016;3;190160579;Van Erciş Devlet Hastanesi;Ebe;Van;Ortaogretim;1;;65.974;65.974;;;53a697bb-e6ff-e511-80c6-a0369f7d1486
2016;3;190160041;Ağrı Eleşkirt İlçe Devlet Hastanesi;Ebe;Ağrı;Ortaogretim;1;;65.862;65.862;;;69a197bb-e6ff-e511-80c6-a0369f7d1486
2016;3;190160213;Hakkari Çukurca İlçe Devlet Hastanesi;Ebe;Hakkari;Ortaogretim;1;;65.714;65.714;;;daa297bb-e6ff-e511-80c6-a0369f7d1486
2016;3;190160227;Hakkari Şemdinli Devlet Hastanesi;Ebe;Hakkari;Ortaogretim;1;;65.711;65.711;;;e1a297bb-e6ff-e511-80c6-a0369f7d1486
2016;3;190160405;Muş Devlet Hastanesi;Ebe;Muş;Ortaogretim;1;;65.607;65.607;;;eba497bb-e6ff-e511-80c6-a0369f7d1486
2016;3;190160563;Van Başkale Devlet Hastanesi;Ebe;Van;Ortaogretim;1;;65.407;65.407;;;4ba697bb-e6ff-e511-80c6-a0369f7d1486
2016;3;190160463;Siirt Kurtalan Devlet Hastanesi;Ebe;Siirt;Ortaogretim;1;;65.399;65.399;;;58a597bb-e6ff-e511-80c6-a0369f7d1486
2016;3;190160107;Bitlis Devlet Hastanesi;Ebe;Bitlis;Ortaogretim;1;;64.896;64.896;;;c1a197bb-e6ff-e511-80c6-a0369f7d1486
2016;3;190160381;Mardin Nusaybin Devlet Hastanesi;Ebe;Mardin;Ortaogretim;1;;64.856;64.856;;;76a497bb-e6ff-e511-80c6-a0369f7d1486
2016;3;190160399;Muş Bulanık Devlet Hastanesi;Ebe;Muş;Ortaogretim;1;;64.803;64.803;;;e8a497bb-e6ff-e511-80c6-a0369f7d1486
2016;3;190160369;Mardin Kızıltepe Devlet Hastanesi;Ebe;Mardin;Ortaogretim;1;;64.782;64.782;;;70a497bb-e6ff-e511-80c6-a0369f7d1486
2016;3;190160593;Van Özalp Devlet Hastanesi;Ebe;Van;Ortaogretim;1;;64.775;64.775;;;5aa697bb-e6ff-e511-80c6-a0369f7d1486
2016;3;190160423;Muş Varto Devlet Hastanesi;Ebe;Muş;Ortaogretim;1;;64.246;64.246;;;f4a497bb-e6ff-e511-80c6-a0369f7d1486
2016;3;190160467;Siirt Pervari Devlet Hastanesi;Ebe;Siirt;Ortaogretim;1;;64.15;64.15;;;5aa597bb-e6ff-e511-80c6-a0369f7d1486
2016;3;190160353;Mardin Dargeçit İlçe Devlet Hastanesi;Ebe;Mardin;Ortaogretim;1;;64.143;64.143;;;68a497bb-e6ff-e511-80c6-a0369f7d1486
2016;3;190160103;Bitlis Ahlat Devlet Hastanesi;Ebe;Bitlis;Ortaogretim;1;;64.13;64.13;;;bfa197bb-e6ff-e511-80c6-a0369f7d1486
2016;3;190160569;Van Çaldıran Devlet Hastanesi;Ebe;Van;Ortaogretim;1;;64.067;64.067;;;4ea697bb-e6ff-e511-80c6-a0369f7d1486
2016;3;190160361;Mardin Derik Devlet Hastanesi;Ebe;Mardin;Ortaogretim;1;;63.902;63.902;;;6ca497bb-e6ff-e511-80c6-a0369f7d1486
2016;3;190160239;Hakkari Yüksekova Devlet Hastanesi;Ebe;Hakkari;Ortaogretim;1;;63.865;63.865;;;e7a297bb-e6ff-e511-80c6-a0369f7d1486
2016;3;190160391;Mardin Savur İlçe Devlet Hastanesi;Ebe;Mardin;Ortaogretim;1;;63.69;63.69;;;7ba497bb-e6ff-e511-80c6-a0369f7d1486
2016;3;190160121;Bitlis Mutki İlçe Devlet Hastanesi;Ebe;Bitlis;Ortaogretim;1;;63.614;63.614;;;c8a197bb-e6ff-e511-80c6-a0369f7d1486
2016;3;190160551;Şırnak İdil Devlet Hastanesi;Ebe;Şırnak;Ortaogretim;1;;63.48;63.48;;;dba697bb-e6ff-e511-80c6-a0369f7d1486
2016;3;190160221;Hakkari Devlet Hastanesi;Ebe;Hakkari;Ortaogretim;1;;63.318;63.318;;;dea297bb-e6ff-e511-80c6-a0369f7d1486
2016;3;190160545;Şırnak Devlet Hastanesi;Ebe;Şırnak;Ortaogretim;1;;63.268;63.268;;;d8a697bb-e6ff-e511-80c6-a0369f7d1486
2016;3;190160533;Şırnak Cizre Dr.Selahattin Cizrelioğlu Devlet Hastanesi;Ebe;Şırnak;Ortaogretim;1;;63.169;63.169;;;d2a697bb-e6ff-e511-80c6-a0369f7d1486
2016;3;190160555;Şırnak Silopi Devlet Hastanesi;Ebe;Şırnak;Ortaogretim;3;;62.638;68.037;;;dda697bb-e6ff-e511-80c6-a0369f7d1486
2016;3;290160587;İstanbul Bağcılar Eğitim ve Araştırma Hastanesi;Sağlık Teknikeri;İstanbul;Onlisans;1;;93.272;93.272;"3037;1281;9086";3037 - Aşağıdaki önlisans programlarından birinden mezun olmak. | 1281 - Radyoloji | 9086 - Tıbbi Görüntüleme Teknikleri;8da397bb-e6ff-e511-80c6-a0369f7d1486
2016;3;290161119;Şanlıurfa Mehmet Akif İnan Eğitim ve Araştırma Hastanesi;Sağlık Teknikeri;Şanlıurfa;Onlisans;1;;93.04;93.04;"3033;1279;9085";3033 - Aşağıdaki önlisans programlarından birinden mezun olmak. | 1279 - Protez ve Ortez | 9085 - Ortopedik Protez ve Ortez;d0a597bb-e6ff-e511-80c6-a0369f7d1486
2016;3;290160899;Mardin Kızıltepe Devlet Hastanesi;Sağlık Teknikeri;Mardin;Onlisans;1;;92.425;92.425;"3007;1106;6107";3007 - Aşağıdaki önlisans programlarından birinden mezun olmak. | 1106 - Anestezi | 6107 - Anestezi Teknikerliği;b1a497bb-e6ff-e511-80c6-a0369f7d1486
2016;3;290160341;Elazığ Ağız Ve Diş Sağlığı Merkezi;Sağlık Teknikeri;Elazığ;Onlisans;1;;90.732;90.732;"3047;1329";3047 - Aşağıdaki önlisans programlarından birinden mezun olmak. | 1329 - Tıbbi Dokümantasyon ve Sekreterlik;47a297bb-e6ff-e511-80c6-a0369f7d1486
2016;3;290160877;Mardin Derik Devlet Hastanesi;Sağlık Teknikeri;Mardin;Onlisans;1;;90.413;90.413;"3007;1106;6107";3007 - Aşağıdaki önlisans programlarından birinden mezun olmak. | 1106 - Anestezi | 6107 - Anestezi Teknikerliği;a6a497bb-e6ff-e511-80c6-a0369f7d1486
2016;3;290160677;Kahramanmaraş Dr.Süreyya Adanalı Göksun Devlet Hastanesi;Sağlık Teknikeri;Kahramanmaraş;Onlisans;1;;89.608;89.608;"3023;1330;8557;9083";3023 - Aşağıdaki önlisans programlarından birinden mezun olmak. | 1330 - Tıbbi Laboratuvar | 8557 - Sağlık Laboratuvarı | 9083 - Tıbbi Laboratuar Teknikleri / Tıbbi Laboratuvar Teknikleri;58a497bb-e6ff-e511-80c6-a0369f7d1486
2016;3;290161031;Siirt Kurtalan Devlet Hastanesi;Sağlık Teknikeri;Siirt;Onlisans;1;;88.762;88.762;"3007;1106;6107";3007 - Aşağıdaki önlisans programlarından birinden mezun olmak. | 1106 - Anestezi | 6107 - Anestezi Teknikerliği;4fa597bb-e6ff-e511-80c6-a0369f7d1486
2016;3;290160123;Artvin Borçka Devlet Hastanesi;Sağlık Teknikeri;Artvin;Onlisans;1;;88.239;88.239;"3023;1330;8557;9083";3023 - Aşağıdaki önlisans programlarından birinden mezun olmak. | 1330 - Tıbbi Laboratuvar | 8557 - Sağlık Laboratuvarı | 9083 - Tıbbi Laboratuar Teknikleri / Tıbbi Laboratuvar Teknikleri;83a197bb-e6ff-e511-80c6-a0369f7d1486
2016;3;290161325;Zonguldak Devrek Devlet Hastanesi;Sağlık Teknikeri;Zonguldak;Onlisans;1;;87.938;87.938;"3037;1281;9086";3037 - Aşağıdaki önlisans programlarından birinden mezun olmak. | 1281 - Radyoloji | 9086 - Tıbbi Görüntüleme Teknikleri;8ea697bb-e6ff-e511-80c6-a0369f7d1486
2016;3;290160309;Diyarbakır Çermik Devlet Hastanesi;Sağlık Teknikeri;Diyarbakır;Onlisans;1;;87.677;87.677;"3047;1329";3047 - Aşağıdaki önlisans programlarından birinden mezun olmak. | 1329 - Tıbbi Dokümantasyon ve Sekreterlik;24a297bb-e6ff-e511-80c6-a0369f7d1486
2016;3;290160999;Rize Kaçkar Devlet Hastanesi;Sağlık Teknikeri;Rize;Onlisans;1;;87.283;87.283;"3037;1281;9086";3037 - Aşağıdaki önlisans programlarından birinden mezun olmak. | 1281 - Radyoloji | 9086 - Tıbbi Görüntüleme Teknikleri;08a597bb-e6ff-e511-80c6-a0369f7d1486
2016;3;290160047;Ağrı Doğubeyazıt Dr.Yaşar Eryılmaz Devlet Hastanesi;Sağlık Teknikeri;Ağrı;Onlisans;1;;86.727;86.727;"3037;1281;9086";3037 - Aşağıdaki önlisans programlarından birinden mezun olmak. | 1281 - Radyoloji | 9086 - Tıbbi Görüntüleme Teknikleri;51a197bb-e6ff-e511-80c6-a0369f7d1486
2016;3;290161017;Siirt Devlet Hastanesi;Sağlık Teknikeri;Siirt;Onlisans;1;;86.201;86.201;"3063;1135;6134;9014;3064;1133;8593";3063 - Aşağıdaki önlisans programlarından birinden mezun olmak. | 1135 - Çevre Koruma | 6134 - Çevre Kirlenmesi ve Kontrolü | 9014 - Çevre Koruma ve Kontrol | 3064 - Aşağıdaki önlisans programlarından birinden mezun olmak. | 1133 - Çevre | 8593 - Çevre Sağlığı;48a597bb-e6ff-e511-80c6-a0369f7d1486
2016;3;290161089;Şanlıurfa Balıklıgöl Devlet Hastanesi;Sağlık Teknikeri;Şanlıurfa;Onlisans;1;;86.115;86.115;"3047;1329";3047 - Aşağıdaki önlisans programlarından birinden mezun olmak. | 1329 - Tıbbi Dokümantasyon ve Sekreterlik;c1a597bb-e6ff-e511-80c6-a0369f7d1486
2016;3;290160353;Elazığ Eğitim ve Araştırma Hastanesi;Sağlık Teknikeri;Elazığ;Onlisans;1;;86.021;86.021;"3057;1147";3057 - Aşağıdaki önlisans programlarından birinden mezun olmak. | 1147 - Diyaliz;4da297bb-e6ff-e511-80c6-a0369f7d1486
2016;3;290161093;Şanlıurfa Birecik Devlet Hastanesi;Sağlık Teknikeri;Şanlıurfa;Onlisans;1;;85.968;85.968;"3023;1330;8557;9083";3023 - Aşağıdaki önlisans programlarından birinden mezun olmak. | 1330 - Tıbbi Laboratuvar | 8557 - Sağlık Laboratuvarı | 9083 - Tıbbi Laboratuar Teknikleri / Tıbbi Laboratuvar Teknikleri;c3a597bb-e6ff-e511-80c6-a0369f7d1486
2016;3;290160889;Mardin Devlet Hastanesi;Sağlık Teknikeri;Mardin;Onlisans;1;;85.863;85.863;"3047;1329";3047 - Aşağıdaki önlisans programlarından birinden mezun olmak. | 1329 - Tıbbi Dokümantasyon ve Sekreterlik;aca497bb-e6ff-e511-80c6-a0369f7d1486
2016;3;290160925;Mersin Kadın Doğum ve Çocuk Hastalıkları Hastanesi;Sağlık Teknikeri;Mersin;Onlisans;1;;85.86;85.86;"3025;1267;9088";3025 - Aşağıdaki önlisans programlarından birinden mezun olmak. | 1267 - Patoloji Laboratuvar | 9088 - Patoloji Laboratuvar Teknikleri;26a397bb-e6ff-e511-80c6-a0369f7d1486
2016;3;290161139;Şanlıurfa Siverek Devlet Hastanesi;Sağlık Teknikeri;Şanlıurfa;Onlisans;1;;85.754;85.754;"3047;1329";3047 - Aşağıdaki önlisans programlarından birinden mezun olmak. | 1329 - Tıbbi Dokümantasyon ve Sekreterlik;daa597bb-e6ff-e511-80c6-a0369f7d1486
2016;3;290160589;İstanbul Bakırköy Dr.Sadi Konuk Eğitim Araştırma Hastanesi;Sağlık Teknikeri;İstanbul;Onlisans;1;;85.633;85.633;"3039;1285";3039 - Aşağıdaki önlisans programlarından birinden mezun olmak. | 1285 - Radyoterapi;8ea397bb-e6ff-e511-80c6-a0369f7d1486
2016;3;290160125;Artvin Borçka Devlet Hastanesi;Sağlık Teknikeri;Artvin;Onlisans;1;;85.621;85.621;"3037;1281;9086";3037 - Aşağıdaki önlisans programlarından birinden mezun olmak. | 1281 - Radyoloji | 9086 - Tıbbi Görüntüleme Teknikleri;84a197bb-e6ff-e511-80c6-a0369f7d1486
2016;3;290161179;Şırnak Devlet Hastanesi;Sağlık Teknikeri;Şırnak;Onlisans;1;;85.496;85.496;"3047;1329";3047 - Aşağıdaki önlisans programlarından birinden mezun olmak. | 1329 - Tıbbi Dokümantasyon ve Sekreterlik;eba697bb-e6ff-e511-80c6-a0369f7d1486
2016;3;290161155;Şanlıurfa Viranşehir Devlet Hastanesi;Sağlık Teknikeri;Şanlıurfa;Onlisans;1;;85.486;85.486;"3047;1329";3047 - Aşağıdaki önlisans programlarından birinden mezun olmak. | 1329 - Tıbbi Dokümantasyon ve Sekreterlik;e2a597bb-e6ff-e511-80c6-a0369f7d1486
2016;3;290161327;Zonguldak Devrek Devlet Hastanesi;Sağlık Teknikeri;Zonguldak;Onlisans;1;;85.469;85.469;"3047;1329";3047 - Aşağıdaki önlisans programlarından birinden mezun olmak. | 1329 - Tıbbi Dokümantasyon ve Sekreterlik;8fa697bb-e6ff-e511-80c6-a0369f7d1486
2016;3;290160269;Çorum Bayat Devlet Hastanesi;Sağlık Teknikeri;Çorum;Onlisans;1;;85.46;85.46;"3047;1329";3047 - Aşağıdaki önlisans programlarından birinden mezun olmak. | 1329 - Tıbbi Dokümantasyon ve Sekreterlik;f0a197bb-e6ff-e511-80c6-a0369f7d1486
2016;3;290160917;Mardin Midyat Devlet Hastanesi;Sağlık Teknikeri;Mardin;Onlisans;1;;85.447;85.447;"3047;1329";3047 - Aşağıdaki önlisans programlarından birinden mezun olmak. | 1329 - Tıbbi Dokümantasyon ve Sekreterlik;baa497bb-e6ff-e511-80c6-a0369f7d1486
2016;3;290161083;Şanlıurfa Akçakale Devlet Hastanesi;Sağlık Teknikeri;Şanlıurfa;Onlisans;1;;85.355;85.355;"3047;1329";3047 - Aşağıdaki önlisans programlarından birinden mezun olmak. | 1329 - Tıbbi Dokümantasyon ve Sekreterlik;bea597bb-e6ff-e511-80c6-a0369f7d1486
2016;3;290160461;Gaziantep İslahiye Devlet Hastanesi;Sağlık Teknikeri;Gaziantep;Onlisans;1;;85.351;85.351;"3047;1329";3047 - Aşağıdaki önlisans programlarından birinden mezun olmak. | 1329 - Tıbbi Dokümantasyon ve Sekreterlik;bca297bb-e6ff-e511-80c6-a0369f7d1486
2016;3;290160201;Bingöl Karlıova Devlet Hastanesi;Sağlık Teknikeri;Bingöl;Onlisans;1;;85.347;85.347;"3047;1329";3047 - Aşağıdaki önlisans programlarından birinden mezun olmak. | 1329 - Tıbbi Dokümantasyon ve Sekreterlik;9ba197bb-e6ff-e511-80c6-a0369f7d1486
2016;3;290160849;Malatya Devlet Hastanesi;Sağlık Teknikeri;Malatya;Onlisans;1;;85.34;85.34;"3039;1285";3039 - Aşağıdaki önlisans programlarından birinden mezun olmak. | 1285 - Radyoterapi;36a497bb-e6ff-e511-80c6-a0369f7d1486
2016;3;290160469;Gaziantep Nizip Devlet Hastanesi;Sağlık Teknikeri;Gaziantep;Onlisans;1;;85.339;85.339;"3047;1329";3047 - Aşağıdaki önlisans programlarından birinden mezun olmak. | 1329 - Tıbbi Dokümantasyon ve Sekreterlik;c0a297bb-e6ff-e511-80c6-a0369f7d1486
2016;3;290160689;Kahramanmaraş Elbistan Devlet Hastanesi;Sağlık Teknikeri;Kahramanmaraş;Onlisans;1;;85.336;85.336;"3047;1329";3047 - Aşağıdaki önlisans programlarından birinden mezun olmak. | 1329 - Tıbbi Dokümantasyon ve Sekreterlik;5ea497bb-e6ff-e511-80c6-a0369f7d1486
2016;3;290160861;Malatya Pötürge Devlet Hastanesi;Sağlık Teknikeri;Malatya;Onlisans;1;;85.325;85.325;"3047;1329";3047 - Aşağıdaki önlisans programlarından birinden mezun olmak. | 1329 - Tıbbi Dokümantasyon ve Sekreterlik;3ca497bb-e6ff-e511-80c6-a0369f7d1486
2016;3;290161005;Sakarya Sağlık Bakanlığı Sakarya Üniversitesi Eğitim ve Araştırma Hastanesi;Sağlık Teknikeri;Sakarya;Onlisans;1;;85.294;85.294;"3039;1285";3039 - Aşağıdaki önlisans programlarından birinden mezun olmak. | 1285 - Radyoterapi;25a597bb-e6ff-e511-80c6-a0369f7d1486
2016;3;290160975;Niğde Çiftlik İlçe Devlet Hastanesi;Sağlık Teknikeri;Niğde;Onlisans;1;;85.276;85.276;"3047;1329";3047 - Aşağıdaki önlisans programlarından birinden mezun olmak. | 1329 - Tıbbi Dokümantasyon ve Sekreterlik;02a597bb-e6ff-e511-80c6-a0369f7d1486
2016;3;290161329;Zonguldak Karadeniz Ereğli Devlet Hastanesi;Sağlık Teknikeri;Zonguldak;Onlisans;1;;85.264;85.264;"3047;1329";3047 - Aşağıdaki önlisans programlarından birinden mezun olmak. | 1329 - Tıbbi Dokümantasyon ve Sekreterlik;90a697bb-e6ff-e511-80c6-a0369f7d1486
2016;3;290160009;Adıyaman Çelikhan Devlet Hastanesi;Sağlık Teknikeri;Adıyaman;Onlisans;1;;85.258;85.258;"3023;1330;8557;9083";3023 - Aşağıdaki önlisans programlarından birinden mezun olmak. | 1330 - Tıbbi Laboratuvar | 8557 - Sağlık Laboratuvarı | 9083 - Tıbbi Laboratuar Teknikleri / Tıbbi Laboratuvar Teknikleri;0ba197bb-e6ff-e511-80c6-a0369f7d1486
2016;3;290160507;Hakkari Devlet Hastanesi;Sağlık Teknikeri;Hakkari;Onlisans;1;;85.239;85.239;"3047;1329";3047 - Aşağıdaki önlisans programlarından birinden mezun olmak. | 1329 - Tıbbi Dokümantasyon ve Sekreterlik;f4a297bb-e6ff-e511-80c6-a0369f7d1486
2016;3;290160127;Artvin Borçka Devlet Hastanesi;Sağlık Teknikeri;Artvin;Onlisans;1;;85.237;85.237;"3047;1329";3047 - Aşağıdaki önlisans programlarından birinden mezun olmak. | 1329 - Tıbbi Dokümantasyon ve Sekreterlik;85a197bb-e6ff-e511-80c6-a0369f7d1486
2016;3;290160741;Kars Harakani Devlet Hastanesi;Sağlık Teknikeri;Kars;Onlisans;1;;85.233;85.233;"3047;1329";3047 - Aşağıdaki önlisans programlarından birinden mezun olmak. | 1329 - Tıbbi Dokümantasyon ve Sekreterlik;01a497bb-e6ff-e511-80c6-a0369f7d1486
2016;3;290160631;İstanbul Mehmet Akif Ersoy Göğüs Kalp ve Damar Cerrahisi Eğitim ve Araştırma Hastanesi;Sağlık Teknikeri;İstanbul;Onlisans;1;;85.22;85.22;"3039;1285";3039 - Aşağıdaki önlisans programlarından birinden mezun olmak. | 1285 - Radyoterapi;a3a397bb-e6ff-e511-80c6-a0369f7d1486
2016;3;290160779;Kastamonu Daday İlçe Devlet Hastanesi;Sağlık Teknikeri;Kastamonu;Onlisans;1;;85.197;85.197;"3047;1329";3047 - Aşağıdaki önlisans programlarından birinden mezun olmak. | 1329 - Tıbbi Dokümantasyon ve Sekreterlik;14a497bb-e6ff-e511-80c6-a0369f7d1486
2016;3;290160263;Çankırı Ilgaz Devlet Hastanesi;Sağlık Teknikeri;Çankırı;Onlisans;1;;85.192;85.192;"3007;1106;6107";3007 - Aşağıdaki önlisans programlarından birinden mezun olmak. | 1106 - Anestezi | 6107 - Anestezi Teknikerliği;eda197bb-e6ff-e511-80c6-a0369f7d1486
2016;3;290161087;Şanlıurfa Balıklıgöl Devlet Hastanesi;Sağlık Teknikeri;Şanlıurfa;Onlisans;1;;85.184;85.184;"3037;1281;9086";3037 - Aşağıdaki önlisans programlarından birinden mezun olmak. | 1281 - Radyoloji | 9086 - Tıbbi Görüntüleme Teknikleri;c0a597bb-e6ff-e511-80c6-a0369f7d1486
2016;3;290160425;Erzurum İspir Devlet Hastanesi;Sağlık Teknikeri;Erzurum;Onlisans;1;;85.181;85.181;"3047;1329";3047 - Aşağıdaki önlisans programlarından birinden mezun olmak. | 1329 - Tıbbi Dokümantasyon ve Sekreterlik;aaa297bb-e6ff-e511-80c6-a0369f7d1486
2016;3;290160385;Erzincan Refahiye Dr.Fahrettin Uğur İlçe Devlet Hastanesi;Sağlık Teknikeri;Erzincan;Onlisans;1;;85.178;85.178;"3047;1329";3047 - Aşağıdaki önlisans programlarından birinden mezun olmak. | 1329 - Tıbbi Dokümantasyon ve Sekreterlik;5da297bb-e6ff-e511-80c6-a0369f7d1486
2016;3;290160593;İstanbul Beykoz Devlet Hastanesi;Sağlık Teknikeri;İstanbul;Onlisans;1;;85.167;85.167;"3037;1281;9086";3037 - Aşağıdaki önlisans programlarından birinden mezun olmak. | 1281 - Radyoloji | 9086 - Tıbbi Görüntüleme Teknikleri;90a397bb-e6ff-e511-80c6-a0369f7d1486
2016;3;290160629;İstanbul Kartal Dr.Lütfi Kırdar Eğitim ve Araştırma Hastanesi;Sağlık Teknikeri;İstanbul;Onlisans;1;;85.159;85.159;"3047;1329";3047 - Aşağıdaki önlisans programlarından birinden mezun olmak. | 1329 - Tıbbi Dokümantasyon ve Sekreterlik;a2a397bb-e6ff-e511-80c6-a0369f7d1486
2016;3;290161013;Siirt Baykan Devlet Hastanesi;Sağlık Teknikeri;Siirt;Onlisans;1;;85.144;85.144;"3047;1329";3047 - Aşağıdaki önlisans programlarından birinden mezun olmak. | 1329 - Tıbbi Dokümantasyon ve Sekreterlik;46a597bb-e6ff-e511-80c6-a0369f7d1486
2016;3;290160421;Erzurum Horasan Devlet Hastanesi;Sağlık Teknikeri;Erzurum;Onlisans;1;;85.124;85.124;"3047;1329";3047 - Aşağıdaki önlisans programlarından birinden mezun olmak. | 1329 - Tıbbi Dokümantasyon ve Sekreterlik;a8a297bb-e6ff-e511-80c6-a0369f7d1486
2016;3;290160139;Artvin Yusufeli Devlet Hastanesi;Sağlık Teknikeri;Artvin;Onlisans;1;;85.123;85.123;"3047;1329";3047 - Aşağıdaki önlisans programlarından birinden mezun olmak. | 1329 - Tıbbi Dokümantasyon ve Sekreterlik;8ba197bb-e6ff-e511-80c6-a0369f7d1486
2016;3;290160581;İstanbul Bağcılar Ağız ve Diş Sağlığı Merkezi;Sağlık Teknikeri;İstanbul;Onlisans;1;;85.12;85.12;"3047;1329";3047 - Aşağıdaki önlisans programlarından birinden mezun olmak. | 1329 - Tıbbi Dokümantasyon ve Sekreterlik;8aa397bb-e6ff-e511-80c6-a0369f7d1486
2016;3;290160621;İstanbul Haydarpaşa Numune Eğitim ve Araştırma Hastanesi;Sağlık Teknikeri;İstanbul;Onlisans;2;;85.098;85.646;"3047;1329";3047 - Aşağıdaki önlisans programlarından birinden mezun olmak. | 1329 - Tıbbi Dokümantasyon ve Sekreterlik;9ea397bb-e6ff-e511-80c6-a0369f7d1486
2016;3;290160657;İstanbul Şişli Hamidiye Etfal Eğitim ve Araştırma Hastanesi;Sağlık Teknikeri;İstanbul;Onlisans;1;;85.092;85.092;"3047;1329";3047 - Aşağıdaki önlisans programlarından birinden mezun olmak. | 1329 - Tıbbi Dokümantasyon ve Sekreterlik;b0a397bb-e6ff-e511-80c6-a0369f7d1486
2016;3;290160601;İstanbul Esenler Kadın Doğum ve Çocuk Hastalıkları Hastanesi;Sağlık Teknikeri;İstanbul;Onlisans;1;;85.056;85.056;"3047;1329";3047 - Aşağıdaki önlisans programlarından birinden mezun olmak. | 1329 - Tıbbi Dokümantasyon ve Sekreterlik;94a397bb-e6ff-e511-80c6-a0369f7d1486
2016;3;290161275;Van Erciş Devlet Hastanesi;Sağlık Teknikeri;Van;Onlisans;1;;85.054;85.054;"3047;1329";3047 - Aşağıdaki önlisans programlarından birinden mezun olmak. | 1329 - Tıbbi Dokümantasyon ve Sekreterlik;3fa697bb-e6ff-e511-80c6-a0369f7d1486
2016;3;290160137;Artvin Şavşat Devlet Hastanesi;Sağlık Teknikeri;Artvin;Onlisans;1;;85.042;85.042;"3047;1329";3047 - Aşağıdaki önlisans programlarından birinden mezun olmak. | 1329 - Tıbbi Dokümantasyon ve Sekreterlik;8aa197bb-e6ff-e511-80c6-a0369f7d1486
2016;3;290160921;Mardin Nusaybin Devlet Hastanesi;Sağlık Teknikeri;Mardin;Onlisans;1;;85.024;85.024;"3047;1329";3047 - Aşağıdaki önlisans programlarından birinden mezun olmak. | 1329 - Tıbbi Dokümantasyon ve Sekreterlik;bca497bb-e6ff-e511-80c6-a0369f7d1486
2016;3;290160101;Ardahan Devlet Hastanesi;Sağlık Teknikeri;Ardahan;Onlisans;2;;85.015;85.134;"3047;1329";3047 - Aşağıdaki önlisans programlarından birinden mezun olmak. | 1329 - Tıbbi Dokümantasyon ve Sekreterlik;1ca797bb-e6ff-e511-80c6-a0369f7d1486
2016;3;290161027;Siirt Eruh Devlet Hastanesi;Sağlık Teknikeri;Siirt;Onlisans;1;;85.007;85.007;"3047;1329";3047 - Aşağıdaki önlisans programlarından birinden mezun olmak. | 1329 - Tıbbi Dokümantasyon ve Sekreterlik;4da597bb-e6ff-e511-80c6-a0369f7d1486
2016;3;290160233;Bitlis Hizan Devlet Hastanesi;Sağlık Teknikeri;Bitlis;Onlisans;1;;84.982;84.982;"3047;1329";3047 - Aşağıdaki önlisans programlarından birinden mezun olmak. | 1329 - Tıbbi Dokümantasyon ve Sekreterlik;daa197bb-e6ff-e511-80c6-a0369f7d1486
2016;3;290160415;Erzurum Hınıs Şehit Yavuz Yürekseven Devlet Hastanesi;Sağlık Teknikeri;Erzurum;Onlisans;1;;84.981;84.981;"3047;1329";3047 - Aşağıdaki önlisans programlarından birinden mezun olmak. | 1329 - Tıbbi Dokümantasyon ve Sekreterlik;a5a297bb-e6ff-e511-80c6-a0369f7d1486
2016;3;290160835;Kilis Devlet Hastanesi;Sağlık Teknikeri;Kilis;Onlisans;2;;84.974;85.06;"3047;1329";3047 - Aşağıdaki önlisans programlarından birinden mezun olmak. | 1329 - Tıbbi Dokümantasyon ve Sekreterlik;41a797bb-e6ff-e511-80c6-a0369f7d1486
2016;3;290160413;Erzurum Çat İlçe Devlet Hastanesi;Sağlık Teknikeri;Erzurum;Onlisans;1;;84.963;84.963;"3047;1329";3047 - Aşağıdaki önlisans programlarından birinden mezun olmak. | 1329 - Tıbbi Dokümantasyon ve Sekreterlik;a4a297bb-e6ff-e511-80c6-a0369f7d1486
2016;3;290161285;Van Muradiye Devlet Hastanesi;Sağlık Teknikeri;Van;Onlisans;1;;84.959;84.959;"3047;1329";3047 - Aşağıdaki önlisans programlarından birinden mezun olmak. | 1329 - Tıbbi Dokümantasyon ve Sekreterlik;44a697bb-e6ff-e511-80c6-a0369f7d1486
2016;3;290160569;Iğdır Tuzluca İlçe Devlet Hastanesi;Sağlık Teknikeri;Iğdır;Onlisans;1;;84.951;84.951;"3047;1329";3047 - Aşağıdaki önlisans programlarından birinden mezun olmak. | 1329 - Tıbbi Dokümantasyon ve Sekreterlik;2ea797bb-e6ff-e511-80c6-a0369f7d1486
2016;3;290160431;Erzurum Karayazı Türk Eczacıları Birliği İlçe Devlet Hastanesi;Sağlık Teknikeri;Erzurum;Onlisans;1;;84.94;84.94;"3047;1329";3047 - Aşağıdaki önlisans programlarından birinden mezun olmak. | 1329 - Tıbbi Dokümantasyon ve Sekreterlik;ada297bb-e6ff-e511-80c6-a0369f7d1486
2016;3;290160057;Ağrı Hamur İlçe Devlet Hastanesi;Sağlık Teknikeri;Ağrı;Onlisans;1;;84.937;84.937;"3047;1329";3047 - Aşağıdaki önlisans programlarından birinden mezun olmak. | 1329 - Tıbbi Dokümantasyon ve Sekreterlik;56a197bb-e6ff-e511-80c6-a0369f7d1486
2016;3;290160603;İstanbul Eyüp Devlet Hastanesi;Sağlık Teknikeri;İstanbul;Onlisans;1;;84.935;84.935;"3047;1329";3047 - Aşağıdaki önlisans programlarından birinden mezun olmak. | 1329 - Tıbbi Dokümantasyon ve Sekreterlik;95a397bb-e6ff-e511-80c6-a0369f7d1486
2016;3;290160107;Ardahan Göle Devlet Hastanesi;Sağlık Teknikeri;Ardahan;Onlisans;1;;84.92;84.92;"3047;1329";3047 - Aşağıdaki önlisans programlarından birinden mezun olmak. | 1329 - Tıbbi Dokümantasyon ve Sekreterlik;1fa797bb-e6ff-e511-80c6-a0369f7d1486
2016;3;290160671;Kahramanmaraş Afşin Devlet Hastanesi;Sağlık Teknikeri;Kahramanmaraş;Onlisans;1;;84.904;84.904;"3007;1106;6107";3007 - Aşağıdaki önlisans programlarından birinden mezun olmak. | 1106 - Anestezi | 6107 - Anestezi Teknikerliği;55a497bb-e6ff-e511-80c6-a0369f7d1486
2016;3;290161247;Van Çaldıran Devlet Hastanesi;Sağlık Teknikeri;Van;Onlisans;1;;84.903;84.903;"3047;1329";3047 - Aşağıdaki önlisans programlarından birinden mezun olmak. | 1329 - Tıbbi Dokümantasyon ve Sekreterlik;31a697bb-e6ff-e511-80c6-a0369f7d1486
2016;3;290160571;İstanbul Arnavutköy Devlet Hastanesi;Sağlık Teknikeri;İstanbul;Onlisans;1;;84.892;84.892;"3047;1329";3047 - Aşağıdaki önlisans programlarından birinden mezun olmak. | 1329 - Tıbbi Dokümantasyon ve Sekreterlik;85a397bb-e6ff-e511-80c6-a0369f7d1486
2016;3;290161237;Van Başkale Devlet Hastanesi;Sağlık Teknikeri;Van;Onlisans;1;;84.888;84.888;"3047;1329";3047 - Aşağıdaki önlisans programlarından birinden mezun olmak. | 1329 - Tıbbi Dokümantasyon ve Sekreterlik;2ca697bb-e6ff-e511-80c6-a0369f7d1486
2016;3;290161117;Şanlıurfa Mehmet Akif İnan Eğitim ve Araştırma Hastanesi;Sağlık Teknikeri;Şanlıurfa;Onlisans;1;;84.854;84.854;"3023;1330;8557;9083";3023 - Aşağıdaki önlisans programlarından birinden mezun olmak. | 1330 - Tıbbi Laboratuvar | 8557 - Sağlık Laboratuvarı | 9083 - Tıbbi Laboratuar Teknikleri / Tıbbi Laboratuvar Teknikleri;cfa597bb-e6ff-e511-80c6-a0369f7d1486
2016;3;290160753;Kars Kağızman Devlet Hastanesi;Sağlık Teknikeri;Kars;Onlisans;1;;84.852;84.852;"3047;1329";3047 - Aşağıdaki önlisans programlarından birinden mezun olmak. | 1329 - Tıbbi Dokümantasyon ve Sekreterlik;07a497bb-e6ff-e511-80c6-a0369f7d1486
2016;3;290160529;Hakkari Yüksekova Devlet Hastanesi;Sağlık Teknikeri;Hakkari;Onlisans;1;;84.843;84.843;"3047;1329";3047 - Aşağıdaki önlisans programlarından birinden mezun olmak. | 1329 - Tıbbi Dokümantasyon ve Sekreterlik;ffa297bb-e6ff-e511-80c6-a0369f7d1486
2016;3;290160177;Bayburt Devlet Hastanesi;Sağlık Teknikeri;Bayburt;Onlisans;1;;84.779;84.779;"3037;1281;9086";3037 - Aşağıdaki önlisans programlarından birinden mezun olmak. | 1281 - Radyoloji | 9086 - Tıbbi Görüntüleme Teknikleri;afa697bb-e6ff-e511-80c6-a0369f7d1486
2016;3;290160635;İstanbul Okmeydanı Eğitim ve Araştırma Hastanesi;Sağlık Teknikeri;İstanbul;Onlisans;1;;84.683;84.683;"3039;1285";3039 - Aşağıdaki önlisans programlarından birinden mezun olmak. | 1285 - Radyoterapi;a5a397bb-e6ff-e511-80c6-a0369f7d1486
2016;3;290160475;Gümüşhane Devlet Hastanesi;Sağlık Teknikeri;Gümüşhane;Onlisans;1;;84.635;84.635;"3063;1135;6134;9014;3064;1133;8593";3063 - Aşağıdaki önlisans programlarından birinden mezun olmak. | 1135 - Çevre Koruma | 6134 - Çevre Kirlenmesi ve Kontrolü | 9014 - Çevre Koruma ve Kontrol | 3064 - Aşağıdaki önlisans programlarından birinden mezun olmak. | 1133 - Çevre | 8593 - Çevre Sağlığı;cda297bb-e6ff-e511-80c6-a0369f7d1486
2016;3;290161131;Şanlıurfa Siverek Devlet Hastanesi;Sağlık Teknikeri;Şanlıurfa;Onlisans;1;;84.621;84.621;"3007;1106;6107";3007 - Aşağıdaki önlisans programlarından birinden mezun olmak. | 1106 - Anestezi | 6107 - Anestezi Teknikerliği;d6a597bb-e6ff-e511-80c6-a0369f7d1486
2016;3;290160905;Mardin Kızıltepe Devlet Hastanesi;Sağlık Teknikeri;Mardin;Onlisans;1;;84.5;84.5;"3037;1281;9086";3037 - Aşağıdaki önlisans programlarından birinden mezun olmak. | 1281 - Radyoloji | 9086 - Tıbbi Görüntüleme Teknikleri;b4a497bb-e6ff-e511-80c6-a0369f7d1486
2016;3;290160909;Mardin Mazıdağı İlçe Devlet Hastanesi;Sağlık Teknikeri;Mardin;Onlisans;1;;84.485;84.485;"3023;1330;8557;9083";3023 - Aşağıdaki önlisans programlarından birinden mezun olmak. | 1330 - Tıbbi Laboratuvar | 8557 - Sağlık Laboratuvarı | 9083 - Tıbbi Laboratuar Teknikleri / Tıbbi Laboratuvar Teknikleri;b6a497bb-e6ff-e511-80c6-a0369f7d1486
2016;3;290161305;Yozgat Çekerek Devlet Hastanesi;Sağlık Teknikeri;Yozgat;Onlisans;1;;84.481;84.481;"3037;1281;9086";3037 - Aşağıdaki önlisans programlarından birinden mezun olmak. | 1281 - Radyoloji | 9086 - Tıbbi Görüntüleme Teknikleri;84a697bb-e6ff-e511-80c6-a0369f7d1486
2016;3;290160649;İstanbul Sultanbeyli Tacirler Eğitim Vakfı Devlet Hastanesi;Sağlık Teknikeri;İstanbul;Onlisans;1;;84.469;84.469;"3037;1281;9086";3037 - Aşağıdaki önlisans programlarından birinden mezun olmak. | 1281 - Radyoloji | 9086 - Tıbbi Görüntüleme Teknikleri;aca397bb-e6ff-e511-80c6-a0369f7d1486
2016;3;290160075;Aksaray Devlet Hastanesi;Sağlık Teknikeri;Aksaray;Onlisans;1;;84.444;84.444;"3033;1279;9085";3033 - Aşağıdaki önlisans programlarından birinden mezun olmak. | 1279 - Protez ve Ortez | 9085 - Ortopedik Protez ve Ortez;a1a697bb-e6ff-e511-80c6-a0369f7d1486
2016;3;290161121;Şanlıurfa Mehmet Akif İnan Eğitim ve Araştırma Hastanesi;Sağlık Teknikeri;Şanlıurfa;Onlisans;1;;84.434;84.434;"3039;1285";3039 - Aşağıdaki önlisans programlarından birinden mezun olmak. | 1285 - Radyoterapi;d1a597bb-e6ff-e511-80c6-a0369f7d1486
2016;3;290161107;Şanlıurfa Mehmet Akif İnan Eğitim ve Araştırma Hastanesi;Sağlık Teknikeri;Şanlıurfa;Onlisans;1;;84.428;84.428;"3007;1106;6107";3007 - Aşağıdaki önlisans programlarından birinden mezun olmak. | 1106 - Anestezi | 6107 - Anestezi Teknikerliği;caa597bb-e6ff-e511-80c6-a0369f7d1486
2016;3;290160651;İstanbul Süreyyapaşa Göğüs Hastalıkları ve Göğüs Cerrahisi Eğitim ve Araştırma Hastanesi;Sağlık Teknikeri;İstanbul;Onlisans;1;;84.416;84.416;"3037;1281;9086";3037 - Aşağıdaki önlisans programlarından birinden mezun olmak. | 1281 - Radyoloji | 9086 - Tıbbi Görüntüleme Teknikleri;ada397bb-e6ff-e511-80c6-a0369f7d1486
2016;3;290161323;Yozgat Yerköy Devlet Hastanesi;Sağlık Teknikeri;Yozgat;Onlisans;1;;84.387;84.387;"3037;1281;9086";3037 - Aşağıdaki önlisans programlarından birinden mezun olmak. | 1281 - Radyoloji | 9086 - Tıbbi Görüntüleme Teknikleri;8da697bb-e6ff-e511-80c6-a0369f7d1486
2016;3;290161055;Sivas Gürün Devlet Hastanesi;Sağlık Teknikeri;Sivas;Onlisans;1;;84.323;84.323;"3023;1330;8557;9083";3023 - Aşağıdaki önlisans programlarından birinden mezun olmak. | 1330 - Tıbbi Laboratuvar | 8557 - Sağlık Laboratuvarı | 9083 - Tıbbi Laboratuar Teknikleri / Tıbbi Laboratuvar Teknikleri;80a597bb-e6ff-e511-80c6-a0369f7d1486
2016;3;290160387;Erzincan Sağlık Bakanlığı Erzincan Üniversitesi Mengücek Gazi Eğitim ve Araştırma Hastanesi;Sağlık Teknikeri;Erzincan;Onlisans;1;;84.308;84.308;"3063;1135;6134;9014;3064;1133;8593";3063 - Aşağıdaki önlisans programlarından birinden mezun olmak. | 1135 - Çevre Koruma | 6134 - Çevre Kirlenmesi ve Kontrolü | 9014 - Çevre Koruma ve Kontrol | 3064 - Aşağıdaki önlisans programlarından birinden mezun olmak. | 1133 - Çevre | 8593 - Çevre Sağlığı;5ea297bb-e6ff-e511-80c6-a0369f7d1486
2016;3;290160247;Bitlis Tatvan Devlet Hastanesi;Sağlık Teknikeri;Bitlis;Onlisans;1;;84.286;84.286;"3023;1330;8557;9083";3023 - Aşağıdaki önlisans programlarından birinden mezun olmak. | 1330 - Tıbbi Laboratuvar | 8557 - Sağlık Laboratuvarı | 9083 - Tıbbi Laboratuar Teknikleri / Tıbbi Laboratuvar Teknikleri;e1a197bb-e6ff-e511-80c6-a0369f7d1486
2016;3;290161191;Şırnak Silopi Devlet Hastanesi;Sağlık Teknikeri;Şırnak;Onlisans;1;;84.283;84.283;"3037;1281;9086";3037 - Aşağıdaki önlisans programlarından birinden mezun olmak. | 1281 - Radyoloji | 9086 - Tıbbi Görüntüleme Teknikleri;f1a697bb-e6ff-e511-80c6-a0369f7d1486
2016;3;290160023;Afyonkarahisar Devlet Hastanesi;Sağlık Teknikeri;Afyonkarahisar;Onlisans;1;;84.266;84.266;"3039;1285";3039 - Aşağıdaki önlisans programlarından birinden mezun olmak. | 1285 - Radyoterapi;1aa197bb-e6ff-e511-80c6-a0369f7d1486
2016;3;290161081;Şanlıurfa Akçakale Devlet Hastanesi;Sağlık Teknikeri;Şanlıurfa;Onlisans;1;;84.253;84.253;"3037;1281;9086";3037 - Aşağıdaki önlisans programlarından birinden mezun olmak. | 1281 - Radyoloji | 9086 - Tıbbi Görüntüleme Teknikleri;bda597bb-e6ff-e511-80c6-a0369f7d1486
2016;3;290161101;Şanlıurfa Çocuk Hastalıkları Hastanesi;Sağlık Teknikeri;Şanlıurfa;Onlisans;1;;84.18;84.18;"3023;1330;8557;9083";3023 - Aşağıdaki önlisans programlarından birinden mezun olmak. | 1330 - Tıbbi Laboratuvar | 8557 - Sağlık Laboratuvarı | 9083 - Tıbbi Laboratuar Teknikleri / Tıbbi Laboratuvar Teknikleri;c7a597bb-e6ff-e511-80c6-a0369f7d1486
2016;3;290161071;Sivas Suşehri Devlet Hastanesi;Sağlık Teknikeri;Sivas;Onlisans;1;;84.173;84.173;"3023;1330;8557;9083";3023 - Aşağıdaki önlisans programlarından birinden mezun olmak. | 1330 - Tıbbi Laboratuvar | 8557 - Sağlık Laboratuvarı | 9083 - Tıbbi Laboratuar Teknikleri / Tıbbi Laboratuvar Teknikleri;88a597bb-e6ff-e511-80c6-a0369f7d1486
2016;3;290160479;Gümüşhane Devlet Hastanesi;Sağlık Teknikeri;Gümüşhane;Onlisans;1;;84.164;84.164;"3037;1281;9086";3037 - Aşağıdaki önlisans programlarından birinden mezun olmak. | 1281 - Radyoloji | 9086 - Tıbbi Görüntüleme Teknikleri;cfa297bb-e6ff-e511-80c6-a0369f7d1486
2016;3;290161069;Sivas Numune Hastanesi;Sağlık Teknikeri;Sivas;Onlisans;1;;84.135;84.135;"3039;1285";3039 - Aşağıdaki önlisans programlarından birinden mezun olmak. | 1285 - Radyoterapi;87a597bb-e6ff-e511-80c6-a0369f7d1486
2016;3;290161135;Şanlıurfa Siverek Devlet Hastanesi;Sağlık Teknikeri;Şanlıurfa;Onlisans;1;;84.124;84.124;"3023;1330;8557;9083";3023 - Aşağıdaki önlisans programlarından birinden mezun olmak. | 1330 - Tıbbi Laboratuvar | 8557 - Sağlık Laboratuvarı | 9083 - Tıbbi Laboratuar Teknikleri / Tıbbi Laboratuvar Teknikleri;d8a597bb-e6ff-e511-80c6-a0369f7d1486
2016;3;290161153;Şanlıurfa Viranşehir Devlet Hastanesi;Sağlık Teknikeri;Şanlıurfa;Onlisans;1;;84.118;84.118;"3023;1330;8557;9083";3023 - Aşağıdaki önlisans programlarından birinden mezun olmak. | 1330 - Tıbbi Laboratuvar | 8557 - Sağlık Laboratuvarı | 9083 - Tıbbi Laboratuar Teknikleri / Tıbbi Laboratuvar Teknikleri;e1a597bb-e6ff-e511-80c6-a0369f7d1486
2016;3;290161263;Van Eğitim ve Araştırma Hastanesi;Sağlık Teknikeri;Van;Onlisans;1;;84.118;84.118;"3023;1330;8557;9083";3023 - Aşağıdaki önlisans programlarından birinden mezun olmak. | 1330 - Tıbbi Laboratuvar | 8557 - Sağlık Laboratuvarı | 9083 - Tıbbi Laboratuar Teknikleri / Tıbbi Laboratuvar Teknikleri;39a697bb-e6ff-e511-80c6-a0369f7d1486
2016;3;290161003;Rize T.C. Sağlık Bakanlığı Rize Khb Recep Tayyip Erdoğan Üniversitesi Eğitim ve Araştırma Hastanesi;Sağlık Teknikeri;Rize;Onlisans;1;;84.11;84.11;"3039;1285";3039 - Aşağıdaki önlisans programlarından birinden mezun olmak. | 1285 - Radyoterapi;0aa597bb-e6ff-e511-80c6-a0369f7d1486
2016;3;290161271;Van Erciş Devlet Hastanesi;Sağlık Teknikeri;Van;Onlisans;1;;84.109;84.109;"3023;1330;8557;9083";3023 - Aşağıdaki önlisans programlarından birinden mezun olmak. | 1330 - Tıbbi Laboratuvar | 8557 - Sağlık Laboratuvarı | 9083 - Tıbbi Laboratuar Teknikleri / Tıbbi Laboratuvar Teknikleri;3da697bb-e6ff-e511-80c6-a0369f7d1486
2016;3;290160619;İstanbul Haydarpaşa Numune Eğitim ve Araştırma Hastanesi;Sağlık Teknikeri;İstanbul;Onlisans;1;;84.082;84.082;"3039;1285";3039 - Aşağıdaki önlisans programlarından birinden mezun olmak. | 1285 - Radyoterapi;9da397bb-e6ff-e511-80c6-a0369f7d1486
2016;3;290160173;Bayburt Devlet Hastanesi;Sağlık Teknikeri;Bayburt;Onlisans;1;;84.048;84.048;"3063;1135;6134;9014;3064;1133;8593";3063 - Aşağıdaki önlisans programlarından birinden mezun olmak. | 1135 - Çevre Koruma | 6134 - Çevre Kirlenmesi ve Kontrolü | 9014 - Çevre Koruma ve Kontrol | 3064 - Aşağıdaki önlisans programlarından birinden mezun olmak. | 1133 - Çevre | 8593 - Çevre Sağlığı;ada697bb-e6ff-e511-80c6-a0369f7d1486
2016;3;290160411;Erzurum Çat İlçe Devlet Hastanesi;Sağlık Teknikeri;Erzurum;Onlisans;1;;83.999;83.999;"3023;1330;8557;9083";3023 - Aşağıdaki önlisans programlarından birinden mezun olmak. | 1330 - Tıbbi Laboratuvar | 8557 - Sağlık Laboratuvarı | 9083 - Tıbbi Laboratuar Teknikleri / Tıbbi Laboratuvar Teknikleri;a3a297bb-e6ff-e511-80c6-a0369f7d1486
2016;3;290160419;Erzurum Horasan Devlet Hastanesi;Sağlık Teknikeri;Erzurum;Onlisans;1;;83.982;83.982;"3037;1281;9086";3037 - Aşağıdaki önlisans programlarından birinden mezun olmak. | 1281 - Radyoloji | 9086 - Tıbbi Görüntüleme Teknikleri;a7a297bb-e6ff-e511-80c6-a0369f7d1486
2016;3;290160829;Kilis Devlet Hastanesi;Sağlık Teknikeri;Kilis;Onlisans;3;;83.952;85.486;"3023;1330;8557;9083";3023 - Aşağıdaki önlisans programlarından birinden mezun olmak. | 1330 - Tıbbi Laboratuvar | 8557 - Sağlık Laboratuvarı | 9083 - Tıbbi Laboratuar Teknikleri / Tıbbi Laboratuvar Teknikleri;3ea797bb-e6ff-e511-80c6-a0369f7d1486
2016;3;290160943;Muş Devlet Hastanesi;Sağlık Teknikeri;Muş;Onlisans;1;;83.946;83.946;"3023;1330;8557;9083";3023 - Aşağıdaki önlisans programlarından birinden mezun olmak. | 1330 - Tıbbi Laboratuvar | 8557 - Sağlık Laboratuvarı | 9083 - Tıbbi Laboratuar Teknikleri / Tıbbi Laboratuvar Teknikleri;c6a497bb-e6ff-e511-80c6-a0369f7d1486
2016;3;290160575;İstanbul Ataşehir Ağız ve Diş Sağlığı Hastanesi;Sağlık Teknikeri;İstanbul;Onlisans;1;;83.938;83.938;"3037;1281;9086";3037 - Aşağıdaki önlisans programlarından birinden mezun olmak. | 1281 - Radyoloji | 9086 - Tıbbi Görüntüleme Teknikleri;87a397bb-e6ff-e511-80c6-a0369f7d1486
2016;3;290160215;Bitlis Adilcevaz Onkoloji Hastanesi;Sağlık Teknikeri;Bitlis;Onlisans;1;;83.937;83.937;"3023;1330;8557;9083";3023 - Aşağıdaki önlisans programlarından birinden mezun olmak. | 1330 - Tıbbi Laboratuvar | 8557 - Sağlık Laboratuvarı | 9083 - Tıbbi Laboratuar Teknikleri / Tıbbi Laboratuvar Teknikleri;d1a197bb-e6ff-e511-80c6-a0369f7d1486
2016;3;290160045;Ağrı Doğubeyazıt Dr.Yaşar Eryılmaz Devlet Hastanesi;Sağlık Teknikeri;Ağrı;Onlisans;1;;83.916;83.916;"3023;1330;8557;9083";3023 - Aşağıdaki önlisans programlarından birinden mezun olmak. | 1330 - Tıbbi Laboratuvar | 8557 - Sağlık Laboratuvarı | 9083 - Tıbbi Laboratuar Teknikleri / Tıbbi Laboratuvar Teknikleri;50a197bb-e6ff-e511-80c6-a0369f7d1486
2016;3;290161243;Van Çaldıran Devlet Hastanesi;Sağlık Teknikeri;Van;Onlisans;1;;83.898;83.898;"3023;1330;8557;9083";3023 - Aşağıdaki önlisans programlarından birinden mezun olmak. | 1330 - Tıbbi Laboratuvar | 8557 - Sağlık Laboratuvarı | 9083 - Tıbbi Laboratuar Teknikleri / Tıbbi Laboratuvar Teknikleri;2fa697bb-e6ff-e511-80c6-a0369f7d1486
2016;3;290160049;Ağrı Eleşkirt İlçe Devlet Hastanesi;Sağlık Teknikeri;Ağrı;Onlisans;1;;83.894;83.894;"3023;1330;8557;9083";3023 - Aşağıdaki önlisans programlarından birinden mezun olmak. | 1330 - Tıbbi Laboratuvar | 8557 - Sağlık Laboratuvarı | 9083 - Tıbbi Laboratuar Teknikleri / Tıbbi Laboratuvar Teknikleri;52a197bb-e6ff-e511-80c6-a0369f7d1486
2016;3;290160643;İstanbul Sağlık Bakanlığı Marmara Üniversitesi Pendik Eğitim ve Araştırma Hastanesi;Sağlık Teknikeri;İstanbul;Onlisans;1;;83.866;83.866;"3039;1285";3039 - Aşağıdaki önlisans programlarından birinden mezun olmak. | 1285 - Radyoterapi;a9a397bb-e6ff-e511-80c6-a0369f7d1486
2016;3;290160097;Ardahan Devlet Hastanesi;Sağlık Teknikeri;Ardahan;Onlisans;3;;83.843;84.065;"3023;1330;8557;9083";3023 - Aşağıdaki önlisans programlarından birinden mezun olmak. | 1330 - Tıbbi Laboratuvar | 8557 - Sağlık Laboratuvarı | 9083 - Tıbbi Laboratuar Teknikleri / Tıbbi Laboratuvar Teknikleri;1aa797bb-e6ff-e511-80c6-a0369f7d1486
2016;3;290160525;Hakkari Yüksekova Devlet Hastanesi;Sağlık Teknikeri;Hakkari;Onlisans;1;;83.824;83.824;"3023;1330;8557;9083";3023 - Aşağıdaki önlisans programlarından birinden mezun olmak. | 1330 - Tıbbi Laboratuvar | 8557 - Sağlık Laboratuvarı | 9083 - Tıbbi Laboratuar Teknikleri / Tıbbi Laboratuvar Teknikleri;fda297bb-e6ff-e511-80c6-a0369f7d1486
2016;3;290161315;Yozgat Sarıkaya Devlet Hastanesi;Sağlık Teknikeri;Yozgat;Onlisans;1;;83.822;83.822;"3037;1281;9086";3037 - Aşağıdaki önlisans programlarından birinden mezun olmak. | 1281 - Radyoloji | 9086 - Tıbbi Görüntüleme Teknikleri;89a697bb-e6ff-e511-80c6-a0369f7d1486
2016;3;290160427;Erzurum Karaçoban İlçe Devlet Hastanesi;Sağlık Teknikeri;Erzurum;Onlisans;1;;83.808;83.808;"3023;1330;8557;9083";3023 - Aşağıdaki önlisans programlarından birinden mezun olmak. | 1330 - Tıbbi Laboratuvar | 8557 - Sağlık Laboratuvarı | 9083 - Tıbbi Laboratuar Teknikleri / Tıbbi Laboratuvar Teknikleri;aba297bb-e6ff-e511-80c6-a0369f7d1486
2016;3;290160429;Erzurum Karayazı Türk Eczacıları Birliği İlçe Devlet Hastanesi;Sağlık Teknikeri;Erzurum;Onlisans;1;;83.808;83.808;"3023;1330;8557;9083";3023 - Aşağıdaki önlisans programlarından birinden mezun olmak. | 1330 - Tıbbi Laboratuvar | 8557 - Sağlık Laboratuvarı | 9083 - Tıbbi Laboratuar Teknikleri / Tıbbi Laboratuvar Teknikleri;aca297bb-e6ff-e511-80c6-a0369f7d1486
2016;3;290160765;Kars Selim İlçe Devlet Hastanesi;Sağlık Teknikeri;Kars;Onlisans;1;;83.808;83.808;"3023;1330;8557;9083";3023 - Aşağıdaki önlisans programlarından birinden mezun olmak. | 1330 - Tıbbi Laboratuvar | 8557 - Sağlık Laboratuvarı | 9083 - Tıbbi Laboratuar Teknikleri / Tıbbi Laboratuvar Teknikleri;0da497bb-e6ff-e511-80c6-a0369f7d1486
2016;3;290160409;Erzurum Bölge Eğitim ve Araştırma Hastanesi;Sağlık Teknikeri;Erzurum;Onlisans;1;;83.785;83.785;"3039;1285";3039 - Aşağıdaki önlisans programlarından birinden mezun olmak. | 1285 - Radyoterapi;a2a297bb-e6ff-e511-80c6-a0369f7d1486
2016;3;290160195;Bingöl Kadın Doğum ve Çocuk Hastalıkları Hastanesi;Sağlık Teknikeri;Bingöl;Onlisans;1;;83.78;83.78;"3023;1330;8557;9083";3023 - Aşağıdaki önlisans programlarından birinden mezun olmak. | 1330 - Tıbbi Laboratuvar | 8557 - Sağlık Laboratuvarı | 9083 - Tıbbi Laboratuar Teknikleri / Tıbbi Laboratuvar Teknikleri;98a197bb-e6ff-e511-80c6-a0369f7d1486
2016;3;290160105;Ardahan Göle Devlet Hastanesi;Sağlık Teknikeri;Ardahan;Onlisans;1;;83.777;83.777;"3023;1330;8557;9083";3023 - Aşağıdaki önlisans programlarından birinden mezun olmak. | 1330 - Tıbbi Laboratuvar | 8557 - Sağlık Laboratuvarı | 9083 - Tıbbi Laboratuar Teknikleri / Tıbbi Laboratuvar Teknikleri;1ea797bb-e6ff-e511-80c6-a0369f7d1486
2016;3;290160761;Kars Sarıkamış Devlet Hastanesi;Sağlık Teknikeri;Kars;Onlisans;1;;83.774;83.774;"3023;1330;8557;9083";3023 - Aşağıdaki önlisans programlarından birinden mezun olmak. | 1330 - Tıbbi Laboratuvar | 8557 - Sağlık Laboratuvarı | 9083 - Tıbbi Laboratuar Teknikleri / Tıbbi Laboratuvar Teknikleri;0ba497bb-e6ff-e511-80c6-a0369f7d1486
2016;3;290160129;Artvin Devlet Hastanesi;Sağlık Teknikeri;Artvin;Onlisans;2;;83.763;84.61;"3037;1281;9086";3037 - Aşağıdaki önlisans programlarından birinden mezun olmak. | 1281 - Radyoloji | 9086 - Tıbbi Görüntüleme Teknikleri;86a197bb-e6ff-e511-80c6-a0369f7d1486
2016;3;290160879;Mardin Derik Devlet Hastanesi;Sağlık Teknikeri;Mardin;Onlisans;1;;83.763;83.763;"3023;1330;8557;9083";3023 - Aşağıdaki önlisans programlarından birinden mezun olmak. | 1330 - Tıbbi Laboratuvar | 8557 - Sağlık Laboratuvarı | 9083 - Tıbbi Laboratuar Teknikleri / Tıbbi Laboratuvar Teknikleri;a7a497bb-e6ff-e511-80c6-a0369f7d1486
2016;3;290160665;İstanbul Ümraniye Eğitim Ve Araştırma Hastanesi;Sağlık Teknikeri;İstanbul;Onlisans;1;;83.746;83.746;"3039;1285";3039 - Aşağıdaki önlisans programlarından birinden mezun olmak. | 1285 - Radyoterapi;b4a397bb-e6ff-e511-80c6-a0369f7d1486
2016;3;290160875;Mardin Dargeçit İlçe Devlet Hastanesi;Sağlık Teknikeri;Mardin;Onlisans;1;;83.728;83.728;"3023;1330;8557;9083";3023 - Aşağıdaki önlisans programlarından birinden mezun olmak. | 1330 - Tıbbi Laboratuvar | 8557 - Sağlık Laboratuvarı | 9083 - Tıbbi Laboratuar Teknikleri / Tıbbi Laboratuvar Teknikleri;a5a497bb-e6ff-e511-80c6-a0369f7d1486
2016;3;290160887;Mardin Devlet Hastanesi;Sağlık Teknikeri;Mardin;Onlisans;1;;83.728;83.728;"3039;1285";3039 - Aşağıdaki önlisans programlarından birinden mezun olmak. | 1285 - Radyoterapi;aba497bb-e6ff-e511-80c6-a0369f7d1486
2016;3;290160623;İstanbul Kanuni Sultan Süleyman Eğitim ve Araştırma Hastanesi;Sağlık Teknikeri;İstanbul;Onlisans;1;;83.702;83.702;"3039;1285";3039 - Aşağıdaki önlisans programlarından birinden mezun olmak. | 1285 - Radyoterapi;9fa397bb-e6ff-e511-80c6-a0369f7d1486
2016;3;290160063;Ağrı Patnos Devlet Hastanesi;Sağlık Teknikeri;Ağrı;Onlisans;1;;83.674;83.674;"3023;1330;8557;9083";3023 - Aşağıdaki önlisans programlarından birinden mezun olmak. | 1330 - Tıbbi Laboratuvar | 8557 - Sağlık Laboratuvarı | 9083 - Tıbbi Laboratuar Teknikleri / Tıbbi Laboratuvar Teknikleri;59a197bb-e6ff-e511-80c6-a0369f7d1486
2016;3;290160225;Bitlis Devlet Hastanesi;Sağlık Teknikeri;Bitlis;Onlisans;1;;83.666;83.666;"3023;1330;8557;9083";3023 - Aşağıdaki önlisans programlarından birinden mezun olmak. | 1330 - Tıbbi Laboratuvar | 8557 - Sağlık Laboratuvarı | 9083 - Tıbbi Laboratuar Teknikleri / Tıbbi Laboratuvar Teknikleri;d6a197bb-e6ff-e511-80c6-a0369f7d1486
2016;3;290160193;Bingöl Genç Devlet Hastanesi;Sağlık Teknikeri;Bingöl;Onlisans;1;;83.664;83.664;"3023;1330;8557;9083";3023 - Aşağıdaki önlisans programlarından birinden mezun olmak. | 1330 - Tıbbi Laboratuvar | 8557 - Sağlık Laboratuvarı | 9083 - Tıbbi Laboratuar Teknikleri / Tıbbi Laboratuvar Teknikleri;97a197bb-e6ff-e511-80c6-a0369f7d1486
2016;3;290160231;Bitlis Hizan Devlet Hastanesi;Sağlık Teknikeri;Bitlis;Onlisans;1;;83.64;83.64;"3023;1330;8557;9083";3023 - Aşağıdaki önlisans programlarından birinden mezun olmak. | 1330 - Tıbbi Laboratuvar | 8557 - Sağlık Laboratuvarı | 9083 - Tıbbi Laboratuar Teknikleri / Tıbbi Laboratuvar Teknikleri;d9a197bb-e6ff-e511-80c6-a0369f7d1486
2016;3;290161291;Van Özalp Devlet Hastanesi;Sağlık Teknikeri;Van;Onlisans;1;;83.635;83.635;"3023;1330;8557;9083";3023 - Aşağıdaki önlisans programlarından birinden mezun olmak. | 1330 - Tıbbi Laboratuvar | 8557 - Sağlık Laboratuvarı | 9083 - Tıbbi Laboratuar Teknikleri / Tıbbi Laboratuvar Teknikleri;47a697bb-e6ff-e511-80c6-a0369f7d1486
2016;3;290160209;Bingöl Solhan Devlet Hastanesi;Sağlık Teknikeri;Bingöl;Onlisans;1;;83.627;83.627;"3023;1330;8557;9083";3023 - Aşağıdaki önlisans programlarından birinden mezun olmak. | 1330 - Tıbbi Laboratuvar | 8557 - Sağlık Laboratuvarı | 9083 - Tıbbi Laboratuar Teknikleri / Tıbbi Laboratuvar Teknikleri;9fa197bb-e6ff-e511-80c6-a0369f7d1486
2016;3;290161229;Van Bahçesaray İlçe Devlet Hastanesi;Sağlık Teknikeri;Van;Onlisans;1;;83.627;83.627;"3023;1330;8557;9083";3023 - Aşağıdaki önlisans programlarından birinden mezun olmak. | 1330 - Tıbbi Laboratuvar | 8557 - Sağlık Laboratuvarı | 9083 - Tıbbi Laboratuar Teknikleri / Tıbbi Laboratuvar Teknikleri;28a697bb-e6ff-e511-80c6-a0369f7d1486
2016;3;290161173;Şırnak Devlet Hastanesi;Sağlık Teknikeri;Şırnak;Onlisans;1;;83.618;83.618;"3023;1330;8557;9083";3023 - Aşağıdaki önlisans programlarından birinden mezun olmak. | 1330 - Tıbbi Laboratuvar | 8557 - Sağlık Laboratuvarı | 9083 - Tıbbi Laboratuar Teknikleri / Tıbbi Laboratuvar Teknikleri;e8a697bb-e6ff-e511-80c6-a0369f7d1486
2016;3;290161167;Şırnak Cizre Dr.Selahattin Cizrelioğlu Devlet Hastanesi;Sağlık Teknikeri;Şırnak;Onlisans;1;;83.614;83.614;"3023;1330;8557;9083";3023 - Aşağıdaki önlisans programlarından birinden mezun olmak. | 1330 - Tıbbi Laboratuvar | 8557 - Sağlık Laboratuvarı | 9083 - Tıbbi Laboratuar Teknikleri / Tıbbi Laboratuvar Teknikleri;e5a697bb-e6ff-e511-80c6-a0369f7d1486
2016;3;290160135;Artvin Şavşat Devlet Hastanesi;Sağlık Teknikeri;Artvin;Onlisans;1;;83.61;83.61;"3037;1281;9086";3037 - Aşağıdaki önlisans programlarından birinden mezun olmak. | 1281 - Radyoloji | 9086 - Tıbbi Görüntüleme Teknikleri;89a197bb-e6ff-e511-80c6-a0369f7d1486
2016;3;290161189;Şırnak Silopi Devlet Hastanesi;Sağlık Teknikeri;Şırnak;Onlisans;1;;83.608;83.608;"3023;1330;8557;9083";3023 - Aşağıdaki önlisans programlarından birinden mezun olmak. | 1330 - Tıbbi Laboratuvar | 8557 - Sağlık Laboratuvarı | 9083 - Tıbbi Laboratuar Teknikleri / Tıbbi Laboratuvar Teknikleri;f0a697bb-e6ff-e511-80c6-a0369f7d1486
2016;3;290160503;Hakkari Devlet Hastanesi;Sağlık Teknikeri;Hakkari;Onlisans;2;;83.594;83.704;"3023;1330;8557;9083";3023 - Aşağıdaki önlisans programlarından birinden mezun olmak. | 1330 - Tıbbi Laboratuvar | 8557 - Sağlık Laboratuvarı | 9083 - Tıbbi Laboratuar Teknikleri / Tıbbi Laboratuvar Teknikleri;f2a297bb-e6ff-e511-80c6-a0369f7d1486
2016;3;290160513;Hakkari Şemdinli Devlet Hastanesi;Sağlık Teknikeri;Hakkari;Onlisans;1;;83.589;83.589;"3023;1330;8557;9083";3023 - Aşağıdaki önlisans programlarından birinden mezun olmak. | 1330 - Tıbbi Laboratuvar | 8557 - Sağlık Laboratuvarı | 9083 - Tıbbi Laboratuar Teknikleri / Tıbbi Laboratuvar Teknikleri;f7a297bb-e6ff-e511-80c6-a0369f7d1486
2016;3;290160017;Adıyaman Sincik İlçe Devlet Hastanesi;Sağlık Teknikeri;Adıyaman;Onlisans;2;;83.572;83.783;"3037;1281;9086";3037 - Aşağıdaki önlisans programlarından birinden mezun olmak. | 1281 - Radyoloji | 9086 - Tıbbi Görüntüleme Teknikleri;0fa197bb-e6ff-e511-80c6-a0369f7d1486
2016;3;290160483;Gümüşhane Kelkit Devlet Hastanesi;Sağlık Teknikeri;Gümüşhane;Onlisans;1;;83.572;83.572;"3037;1281;9086";3037 - Aşağıdaki önlisans programlarından birinden mezun olmak. | 1281 - Radyoloji | 9086 - Tıbbi Görüntüleme Teknikleri;d1a297bb-e6ff-e511-80c6-a0369f7d1486
2016;3;290160249;Bitlis Tatvan Devlet Hastanesi;Sağlık Teknikeri;Bitlis;Onlisans;1;;83.556;83.556;"3037;1281;9086";3037 - Aşağıdaki önlisans programlarından birinden mezun olmak. | 1281 - Radyoloji | 9086 - Tıbbi Görüntüleme Teknikleri;e2a197bb-e6ff-e511-80c6-a0369f7d1486
2016;3;290160833;Kilis Devlet Hastanesi;Sağlık Teknikeri;Kilis;Onlisans;3;;83.553;84.312;"3037;1281;9086";3037 - Aşağıdaki önlisans programlarından birinden mezun olmak. | 1281 - Radyoloji | 9086 - Tıbbi Görüntüleme Teknikleri;40a797bb-e6ff-e511-80c6-a0369f7d1486
2016;3;290161021;Siirt Devlet Hastanesi;Sağlık Teknikeri;Siirt;Onlisans;1;;83.549;83.549;"3037;1281;9086";3037 - Aşağıdaki önlisans programlarından birinden mezun olmak. | 1281 - Radyoloji | 9086 - Tıbbi Görüntüleme Teknikleri;4aa597bb-e6ff-e511-80c6-a0369f7d1486
2016;3;290160189;Bingöl Devlet Hastanesi;Sağlık Teknikeri;Bingöl;Onlisans;1;;83.483;83.483;"3037;1281;9086";3037 - Aşağıdaki önlisans programlarından birinden mezun olmak. | 1281 - Radyoloji | 9086 - Tıbbi Görüntüleme Teknikleri;95a197bb-e6ff-e511-80c6-a0369f7d1486
2016;3;290161265;Van Eğitim ve Araştırma Hastanesi;Sağlık Teknikeri;Van;Onlisans;2;;83.458;83.511;"3037;1281;9086";3037 - Aşağıdaki önlisans programlarından birinden mezun olmak. | 1281 - Radyoloji | 9086 - Tıbbi Görüntüleme Teknikleri;3aa697bb-e6ff-e511-80c6-a0369f7d1486
2016;3;290160823;Kilis Devlet Hastanesi;Sağlık Teknikeri;Kilis;Onlisans;3;;83.456;84.743;"3007;1106;6107";3007 - Aşağıdaki önlisans programlarından birinden mezun olmak. | 1106 - Anestezi | 6107 - Anestezi Teknikerliği;3ba797bb-e6ff-e511-80c6-a0369f7d1486
2016;3;290160221;Bitlis Devlet Hastanesi;Sağlık Teknikeri;Bitlis;Onlisans;1;;83.442;83.442;"3007;1106;6107";3007 - Aşağıdaki önlisans programlarından birinden mezun olmak. | 1106 - Anestezi | 6107 - Anestezi Teknikerliği;d4a197bb-e6ff-e511-80c6-a0369f7d1486
2016;3;290161035;Siirt Kurtalan Devlet Hastanesi;Sağlık Teknikeri;Siirt;Onlisans;1;;83.436;83.436;"3037;1281;9086";3037 - Aşağıdaki önlisans programlarından birinden mezun olmak. | 1281 - Radyoloji | 9086 - Tıbbi Görüntüleme Teknikleri;51a597bb-e6ff-e511-80c6-a0369f7d1486
2016;3;290160037;Ağrı Devlet Hastanesi;Sağlık Teknikeri;Ağrı;Onlisans;1;;83.417;83.417;"3039;1285";3039 - Aşağıdaki önlisans programlarından birinden mezun olmak. | 1285 - Radyoterapi;4ca197bb-e6ff-e511-80c6-a0369f7d1486
2016;3;290161085;Şanlıurfa Balıklıgöl Devlet Hastanesi;Sağlık Teknikeri;Şanlıurfa;Onlisans;1;;83.414;83.414;"3033;1279;9085";3033 - Aşağıdaki önlisans programlarından birinden mezun olmak. | 1279 - Protez ve Ortez | 9085 - Ortopedik Protez ve Ortez;bfa597bb-e6ff-e511-80c6-a0369f7d1486
2016;3;290160117;Artvin Ağız ve Diş Sağlığı Merkezi;Sağlık Teknikeri;Artvin;Onlisans;1;;83.403;83.403;"3037;1281;9086";3037 - Aşağıdaki önlisans programlarından birinden mezun olmak. | 1281 - Radyoloji | 9086 - Tıbbi Görüntüleme Teknikleri;80a197bb-e6ff-e511-80c6-a0369f7d1486
2016;3;290161245;Van Çaldıran Devlet Hastanesi;Sağlık Teknikeri;Van;Onlisans;1;;83.394;83.394;"3037;1281;9086";3037 - Aşağıdaki önlisans programlarından birinden mezun olmak. | 1281 - Radyoloji | 9086 - Tıbbi Görüntüleme Teknikleri;30a697bb-e6ff-e511-80c6-a0369f7d1486
2016;3;290160639;İstanbul Sağlık Bakanlığı İstanbul Medeniyet Üniversitesi Göztepe Eğitim ve Araştırma Hastanesi;Sağlık Teknikeri;İstanbul;Onlisans;2;;83.359;84.284;"3039;1285";3039 - Aşağıdaki önlisans programlarından birinden mezun olmak. | 1285 - Radyoterapi;a7a397bb-e6ff-e511-80c6-a0369f7d1486
2016;3;290161025;Siirt Eruh Devlet Hastanesi;Sağlık Teknikeri;Siirt;Onlisans;1;;83.359;83.359;"3037;1281;9086";3037 - Aşağıdaki önlisans programlarından birinden mezun olmak. | 1281 - Radyoloji | 9086 - Tıbbi Görüntüleme Teknikleri;4ca597bb-e6ff-e511-80c6-a0369f7d1486
2016;3;290160171;Bayburt Devlet Hastanesi;Sağlık Teknikeri;Bayburt;Onlisans;1;;83.328;83.328;"3007;1106;6107";3007 - Aşağıdaki önlisans programlarından birinden mezun olmak. | 1106 - Anestezi | 6107 - Anestezi Teknikerliği;aca697bb-e6ff-e511-80c6-a0369f7d1486
2016;3;290160383;Erzincan Refahiye Dr.Fahrettin Uğur İlçe Devlet Hastanesi;Sağlık Teknikeri;Erzincan;Onlisans;1;;83.325;83.325;"3037;1281;9086";3037 - Aşağıdaki önlisans programlarından birinden mezun olmak. | 1281 - Radyoloji | 9086 - Tıbbi Görüntüleme Teknikleri;5ca297bb-e6ff-e511-80c6-a0369f7d1486
2016;3;290160487;Gümüşhane Şehit Ebe Kevser Ceylan Ağız Ve Diş Sağlığı Merkezi;Sağlık Teknikeri;Gümüşhane;Onlisans;1;;83.312;83.312;"3037;1281;9086";3037 - Aşağıdaki önlisans programlarından birinden mezun olmak. | 1281 - Radyoloji | 9086 - Tıbbi Görüntüleme Teknikleri;d3a297bb-e6ff-e511-80c6-a0369f7d1486
2016;3;290160163;Bayburt Ağız ve Diş Sağlığı Merkezi;Sağlık Teknikeri;Bayburt;Onlisans;1;;83.278;83.278;"3037;1281;9086";3037 - Aşağıdaki önlisans programlarından birinden mezun olmak. | 1281 - Radyoloji | 9086 - Tıbbi Görüntüleme Teknikleri;a8a697bb-e6ff-e511-80c6-a0369f7d1486
2016;3;290161235;Van Başkale Devlet Hastanesi;Sağlık Teknikeri;Van;Onlisans;1;;83.253;83.253;"3037;1281;9086";3037 - Aşağıdaki önlisans programlarından birinden mezun olmak. | 1281 - Radyoloji | 9086 - Tıbbi Görüntüleme Teknikleri;2ba697bb-e6ff-e511-80c6-a0369f7d1486
2016;3;290160051;Ağrı Eleşkirt İlçe Devlet Hastanesi;Sağlık Teknikeri;Ağrı;Onlisans;1;;83.22;83.22;"3037;1281;9086";3037 - Aşağıdaki önlisans programlarından birinden mezun olmak. | 1281 - Radyoloji | 9086 - Tıbbi Görüntüleme Teknikleri;53a197bb-e6ff-e511-80c6-a0369f7d1486
2016;3;290160281;Çorum Sungurlu Devlet Hastanesi;Sağlık Teknikeri;Çorum;Onlisans;1;;83.215;83.215;"3033;1279;9085";3033 - Aşağıdaki önlisans programlarından birinden mezun olmak. | 1279 - Protez ve Ortez | 9085 - Ortopedik Protez ve Ortez;f6a197bb-e6ff-e511-80c6-a0369f7d1486
2016;3;290161099;Şanlıurfa Ceylanpınar Devlet Hastanesi;Sağlık Teknikeri;Şanlıurfa;Onlisans;1;;83.187;83.187;"3007;1106;6107";3007 - Aşağıdaki önlisans programlarından birinden mezun olmak. | 1106 - Anestezi | 6107 - Anestezi Teknikerliği;c6a597bb-e6ff-e511-80c6-a0369f7d1486
2016;3;290160739;Kars Harakani Devlet Hastanesi;Sağlık Teknikeri;Kars;Onlisans;3;;83.168;83.275;"3037;1281;9086";3037 - Aşağıdaki önlisans programlarından birinden mezun olmak. | 1281 - Radyoloji | 9086 - Tıbbi Görüntüleme Teknikleri;00a497bb-e6ff-e511-80c6-a0369f7d1486
2016;3;290160039;Ağrı Devlet Hastanesi;Sağlık Teknikeri;Ağrı;Onlisans;2;;83.134;83.287;"3037;1281;9086";3037 - Aşağıdaki önlisans programlarından birinden mezun olmak. | 1281 - Radyoloji | 9086 - Tıbbi Görüntüleme Teknikleri;4da197bb-e6ff-e511-80c6-a0369f7d1486
2016;3;290160563;Igdır Ağız ve Diş Sağlığı Merkezi;Sağlık Teknikeri;Iğdır;Onlisans;1;;83.093;83.093;"3037;1281;9086";3037 - Aşağıdaki önlisans programlarından birinden mezun olmak. | 1281 - Radyoloji | 9086 - Tıbbi Görüntüleme Teknikleri;2ba797bb-e6ff-e511-80c6-a0369f7d1486
2016;3;290160065;Ağrı Patnos Devlet Hastanesi;Sağlık Teknikeri;Ağrı;Onlisans;1;;83.04;83.04;"3037;1281;9086";3037 - Aşağıdaki önlisans programlarından birinden mezun olmak. | 1281 - Radyoloji | 9086 - Tıbbi Görüntüleme Teknikleri;5aa197bb-e6ff-e511-80c6-a0369f7d1486
2016;3;290160627;İstanbul Kartal Dr.Lütfi Kırdar Eğitim ve Araştırma Hastanesi;Sağlık Teknikeri;İstanbul;Onlisans;2;;82.99;83.522;"3039;1285";3039 - Aşağıdaki önlisans programlarından birinden mezun olmak. | 1285 - Radyoterapi;a1a397bb-e6ff-e511-80c6-a0369f7d1486
2016;3;290160055;Ağrı Hamur İlçe Devlet Hastanesi;Sağlık Teknikeri;Ağrı;Onlisans;1;;82.988;82.988;"3037;1281;9086";3037 - Aşağıdaki önlisans programlarından birinden mezun olmak. | 1281 - Radyoloji | 9086 - Tıbbi Görüntüleme Teknikleri;55a197bb-e6ff-e511-80c6-a0369f7d1486
2016;3;290160885;Mardin Devlet Hastanesi;Sağlık Teknikeri;Mardin;Onlisans;1;;82.944;82.944;"3033;1279;9085";3033 - Aşağıdaki önlisans programlarından birinden mezun olmak. | 1279 - Protez ve Ortez | 9085 - Ortopedik Protez ve Ortez;aaa497bb-e6ff-e511-80c6-a0369f7d1486
2016;3;290160763;Kars Sarıkamış Devlet Hastanesi;Sağlık Teknikeri;Kars;Onlisans;1;;82.922;82.922;"3037;1281;9086";3037 - Aşağıdaki önlisans programlarından birinden mezun olmak. | 1281 - Radyoloji | 9086 - Tıbbi Görüntüleme Teknikleri;0ca497bb-e6ff-e511-80c6-a0369f7d1486
2016;3;290160099;Ardahan Devlet Hastanesi;Sağlık Teknikeri;Ardahan;Onlisans;3;;82.912;83.078;"3037;1281;9086";3037 - Aşağıdaki önlisans programlarından birinden mezun olmak. | 1281 - Radyoloji | 9086 - Tıbbi Görüntüleme Teknikleri;1ba797bb-e6ff-e511-80c6-a0369f7d1486
2016;3;290160751;Kars Kağızman Devlet Hastanesi;Sağlık Teknikeri;Kars;Onlisans;2;;82.901;82.977;"3037;1281;9086";3037 - Aşağıdaki önlisans programlarından birinden mezun olmak. | 1281 - Radyoloji | 9086 - Tıbbi Görüntüleme Teknikleri;06a497bb-e6ff-e511-80c6-a0369f7d1486
2016;3;290160767;Kars Selim İlçe Devlet Hastanesi;Sağlık Teknikeri;Kars;Onlisans;1;;82.874;82.874;"3037;1281;9086";3037 - Aşağıdaki önlisans programlarından birinden mezun olmak. | 1281 - Radyoloji | 9086 - Tıbbi Görüntüleme Teknikleri;0ea497bb-e6ff-e511-80c6-a0369f7d1486
2016;3;290161169;Şırnak Cizre Dr.Selahattin Cizrelioğlu Devlet Hastanesi;Sağlık Teknikeri;Şırnak;Onlisans;3;;82.862;83.32;"3037;1281;9086";3037 - Aşağıdaki önlisans programlarından birinden mezun olmak. | 1281 - Radyoloji | 9086 - Tıbbi Görüntüleme Teknikleri;e6a697bb-e6ff-e511-80c6-a0369f7d1486
2016;3;290160515;Hakkari Şemdinli Devlet Hastanesi;Sağlık Teknikeri;Hakkari;Onlisans;1;;82.843;82.843;"3037;1281;9086";3037 - Aşağıdaki önlisans programlarından birinden mezun olmak. | 1281 - Radyoloji | 9086 - Tıbbi Görüntüleme Teknikleri;f8a297bb-e6ff-e511-80c6-a0369f7d1486
2016;3;290160505;Hakkari Devlet Hastanesi;Sağlık Teknikeri;Hakkari;Onlisans;3;;82.838;83.231;"3037;1281;9086";3037 - Aşağıdaki önlisans programlarından birinden mezun olmak. | 1281 - Radyoloji | 9086 - Tıbbi Görüntüleme Teknikleri;f3a297bb-e6ff-e511-80c6-a0369f7d1486
2016;3;290161177;Şırnak Devlet Hastanesi;Sağlık Teknikeri;Şırnak;Onlisans;4;;82.793;82.993;"3037;1281;9086";3037 - Aşağıdaki önlisans programlarından birinden mezun olmak. | 1281 - Radyoloji | 9086 - Tıbbi Görüntüleme Teknikleri;eaa697bb-e6ff-e511-80c6-a0369f7d1486
2016;3;290160199;Bingöl Karlıova Devlet Hastanesi;Sağlık Teknikeri;Bingöl;Onlisans;1;;82.7;82.7;"3007;1106;6107";3007 - Aşağıdaki önlisans programlarından birinden mezun olmak. | 1106 - Anestezi | 6107 - Anestezi Teknikerliği;9aa197bb-e6ff-e511-80c6-a0369f7d1486
2016;3;290160981;Osmaniye Bahçe Fizik Tedavi ve Rehabilitasyon Hastanesi;Sağlık Teknikeri;Osmaniye;Onlisans;1;;82.426;82.426;"3051;1198;4263;5336;9279";3051 - Aşağıdaki önlisans programlarından birinden mezun olmak. | 1198 - Hidroterapi | 4263 - Fizyoterapi | 5336 - Fizik Tedavi | 9279 - Fizik Tedavi ve Rehabilitasyon;4fa797bb-e6ff-e511-80c6-a0369f7d1486
2016;3;290160085;Amasya T.C. Sağlık Bakanlığı - Amasya Üniversitesi Sabuncuoğlu Şerefeddin Eğitim Ve Araş.Hastanesi;Sağlık Teknikeri;Amasya;Onlisans;1;;82.27;82.27;"3033;1279;9085";3033 - Aşağıdaki önlisans programlarından birinden mezun olmak. | 1279 - Protez ve Ortez | 9085 - Ortopedik Protez ve Ortez;79a197bb-e6ff-e511-80c6-a0369f7d1486
2016;3;290160785;Kastamonu Dr.Münif İslamoğlu Devlet Hastanesi;Sağlık Teknikeri;Kastamonu;Onlisans;1;;82.051;82.051;"3033;1279;9085";3033 - Aşağıdaki önlisans programlarından birinden mezun olmak. | 1279 - Protez ve Ortez | 9085 - Ortopedik Protez ve Ortez;17a497bb-e6ff-e511-80c6-a0369f7d1486
2016;3;290160407;Erzurum Bölge Eğitim ve Araştırma Hastanesi;Sağlık Teknikeri;Erzurum;Onlisans;1;;81.804;81.804;"3033;1279;9085";3033 - Aşağıdaki önlisans programlarından birinden mezun olmak. | 1279 - Protez ve Ortez | 9085 - Ortopedik Protez ve Ortez;a1a297bb-e6ff-e511-80c6-a0369f7d1486
2016;3;290161067;Sivas Numune Hastanesi;Sağlık Teknikeri;Sivas;Onlisans;1;;81.778;81.778;"3033;1279;9085";3033 - Aşağıdaki önlisans programlarından birinden mezun olmak. | 1279 - Protez ve Ortez | 9085 - Ortopedik Protez ve Ortez;86a597bb-e6ff-e511-80c6-a0369f7d1486
2016;3;290160695;Kahramanmaraş Necip Fazıl Şehir Hastanesi;Sağlık Teknikeri;Kahramanmaraş;Onlisans;1;;81.72;81.72;"3033;1279;9085";3033 - Aşağıdaki önlisans programlarından birinden mezun olmak. | 1279 - Protez ve Ortez | 9085 - Ortopedik Protez ve Ortez;61a497bb-e6ff-e511-80c6-a0369f7d1486
2016;3;290160417;Erzurum Horasan Devlet Hastanesi;Sağlık Teknikeri;Erzurum;Onlisans;1;;81.664;81.664;"3007;1106;6107";3007 - Aşağıdaki önlisans programlarından birinden mezun olmak. | 1106 - Anestezi | 6107 - Anestezi Teknikerliği;a6a297bb-e6ff-e511-80c6-a0369f7d1486
2016;3;290161293;Van Özalp Devlet Hastanesi;Sağlık Teknikeri;Van;Onlisans;1;;81.647;81.647;"3033;1279;9085";3033 - Aşağıdaki önlisans programlarından birinden mezun olmak. | 1279 - Protez ve Ortez | 9085 - Ortopedik Protez ve Ortez;48a697bb-e6ff-e511-80c6-a0369f7d1486
2016;3;290160477;Gümüşhane Devlet Hastanesi;Sağlık Teknikeri;Gümüşhane;Onlisans;1;;81.641;81.641;"3033;1279;9085";3033 - Aşağıdaki önlisans programlarından birinden mezun olmak. | 1279 - Protez ve Ortez | 9085 - Ortopedik Protez ve Ortez;cea297bb-e6ff-e511-80c6-a0369f7d1486
2016;3;290161137;Şanlıurfa Siverek Devlet Hastanesi;Sağlık Teknikeri;Şanlıurfa;Onlisans;1;;81.627;81.627;"3033;1279;9085";3033 - Aşağıdaki önlisans programlarından birinden mezun olmak. | 1279 - Protez ve Ortez | 9085 - Ortopedik Protez ve Ortez;d9a597bb-e6ff-e511-80c6-a0369f7d1486
2016;3;290160915;Mardin Midyat Devlet Hastanesi;Sağlık Teknikeri;Mardin;Onlisans;1;;81.623;81.623;"3033;1279;9085";3033 - Aşağıdaki önlisans programlarından birinden mezun olmak. | 1279 - Protez ve Ortez | 9085 - Ortopedik Protez ve Ortez;b9a497bb-e6ff-e511-80c6-a0369f7d1486
2016;3;290161273;Van Erciş Devlet Hastanesi;Sağlık Teknikeri;Van;Onlisans;1;;81.433;81.433;"3033;1279;9085";3033 - Aşağıdaki önlisans programlarından birinden mezun olmak. | 1279 - Protez ve Ortez | 9085 - Ortopedik Protez ve Ortez;3ea697bb-e6ff-e511-80c6-a0369f7d1486
2016;3;290161211;Tunceli Devlet Hastanesi;Sağlık Teknikeri;Tunceli;Onlisans;1;;81.426;81.426;"3033;1279;9085";3033 - Aşağıdaki önlisans programlarından birinden mezun olmak. | 1279 - Protez ve Ortez | 9085 - Ortopedik Protez ve Ortez;9da597bb-e6ff-e511-80c6-a0369f7d1486
2016;3;290160729;Kars Harakani Devlet Hastanesi;Sağlık Teknikeri;Kars;Onlisans;1;;81.42;81.42;"3007;1106;6107";3007 - Aşağıdaki önlisans programlarından birinden mezun olmak. | 1106 - Anestezi | 6107 - Anestezi Teknikerliği;fba397bb-e6ff-e511-80c6-a0369f7d1486
2016;3;290160831;Kilis Devlet Hastanesi;Sağlık Teknikeri;Kilis;Onlisans;1;;81.348;81.348;"3033;1279;9085";3033 - Aşağıdaki önlisans programlarından birinden mezun olmak. | 1279 - Protez ve Ortez | 9085 - Ortopedik Protez ve Ortez;3fa797bb-e6ff-e511-80c6-a0369f7d1486
2016;3;290160737;Kars Harakani Devlet Hastanesi;Sağlık Teknikeri;Kars;Onlisans;1;;81.323;81.323;"3033;1279;9085";3033 - Aşağıdaki önlisans programlarından birinden mezun olmak. | 1279 - Protez ve Ortez | 9085 - Ortopedik Protez ve Ortez;ffa397bb-e6ff-e511-80c6-a0369f7d1486
2016;3;290160405;Erzurum Bölge Eğitim ve Araştırma Hastanesi;Sağlık Teknikeri;Erzurum;Onlisans;1;;81.304;81.304;"3007;1106;6107";3007 - Aşağıdaki önlisans programlarından birinden mezun olmak. | 1106 - Anestezi | 6107 - Anestezi Teknikerliği;a0a297bb-e6ff-e511-80c6-a0369f7d1486
2016;3;290161079;Şanlıurfa Akçakale Devlet Hastanesi;Sağlık Teknikeri;Şanlıurfa;Onlisans;1;;81.292;81.292;"3008;4245;9087";3008 - Aşağıdaki önlisans programlarından birinden mezun olmak. | 4245 - Eczane Teknikerliği | 9087 - Eczane Hizmetleri;bca597bb-e6ff-e511-80c6-a0369f7d1486
2016;3;290160035;Ağrı Devlet Hastanesi;Sağlık Teknikeri;Ağrı;Onlisans;1;;81.279;81.279;"3033;1279;9085";3033 - Aşağıdaki önlisans programlarından birinden mezun olmak. | 1279 - Protez ve Ortez | 9085 - Ortopedik Protez ve Ortez;4ba197bb-e6ff-e511-80c6-a0369f7d1486
2016;3;290161041;Sinop 1 Nolu Acil Sağlık Hizmetleri İstasyonu;Sağlık Teknikeri;Sinop;Onlisans;1;;81.224;81.224;"3005;1101;1105;4201;8585;9082;9178;9196";3005 - Aşağıdaki önlisans programlarından birinden mezun olmak. | 1101 - Acil Bakım Teknikerliği | 1105 - Ambulans ve Acil Bakım Teknikerliği | 4201 - Acil Yardım | 8585 - Acil Yardım Teknikerliği | 9082 - Paramedik | 9178 - Ambulans ve Acil Bakım | 9196 - İlk ve Acil Yardım;5da597bb-e6ff-e511-80c6-a0369f7d1486
2016;3;290161163;Şırnak Cizre Dr.Selahattin Cizrelioğlu Devlet Hastanesi;Sağlık Teknikeri;Şırnak;Onlisans;2;;81.213;81.924;"3007;1106;6107";3007 - Aşağıdaki önlisans programlarından birinden mezun olmak. | 1106 - Anestezi | 6107 - Anestezi Teknikerliği;e3a697bb-e6ff-e511-80c6-a0369f7d1486
2016;3;290160027;Ağrı Devlet Hastanesi;Sağlık Teknikeri;Ağrı;Onlisans;1;;81.203;81.203;"3007;1106;6107";3007 - Aşağıdaki önlisans programlarından birinden mezun olmak. | 1106 - Anestezi | 6107 - Anestezi Teknikerliği;47a197bb-e6ff-e511-80c6-a0369f7d1486
2016;3;290160937;Muş Bulanık Devlet Hastanesi;Sağlık Teknikeri;Muş;Onlisans;1;;81.188;81.188;"3033;1279;9085";3033 - Aşağıdaki önlisans programlarından birinden mezun olmak. | 1279 - Protez ve Ortez | 9085 - Ortopedik Protez ve Ortez;c3a497bb-e6ff-e511-80c6-a0369f7d1486
2016;3;290161283;Van Muradiye Devlet Hastanesi;Sağlık Teknikeri;Van;Onlisans;1;;81.118;81.118;"3033;1279;9085";3033 - Aşağıdaki önlisans programlarından birinden mezun olmak. | 1279 - Protez ve Ortez | 9085 - Ortopedik Protez ve Ortez;43a697bb-e6ff-e511-80c6-a0369f7d1486
2016;3;290160527;Hakkari Yüksekova Devlet Hastanesi;Sağlık Teknikeri;Hakkari;Onlisans;1;;81.004;81.004;"3033;1279;9085";3033 - Aşağıdaki önlisans programlarından birinden mezun olmak. | 1279 - Protez ve Ortez | 9085 - Ortopedik Protez ve Ortez;fea297bb-e6ff-e511-80c6-a0369f7d1486
2016;3;290160813;Kırşehir T.C. Sağlık Bakanlığı Kırşehir Khb Ahi Evran Üni. Kırşehir Eğitim ve Araştırma Hastanesi;Sağlık Teknikeri;Kırşehir;Onlisans;1;;80.909;80.909;"3051;1198;4263;5336;9279";3051 - Aşağıdaki önlisans programlarından birinden mezun olmak. | 1198 - Hidroterapi | 4263 - Fizyoterapi | 5336 - Fizik Tedavi | 9279 - Fizik Tedavi ve Rehabilitasyon;28a497bb-e6ff-e511-80c6-a0369f7d1486
2016;3;290160749;Kars Kağızman Devlet Hastanesi;Sağlık Teknikeri;Kars;Onlisans;1;;80.891;80.891;"3033;1279;9085";3033 - Aşağıdaki önlisans programlarından birinden mezun olmak. | 1279 - Protez ve Ortez | 9085 - Ortopedik Protez ve Ortez;05a497bb-e6ff-e511-80c6-a0369f7d1486
2016;3;290161175;Şırnak Devlet Hastanesi;Sağlık Teknikeri;Şırnak;Onlisans;1;;80.88;80.88;"3033;1279;9085";3033 - Aşağıdaki önlisans programlarından birinden mezun olmak. | 1279 - Protez ve Ortez | 9085 - Ortopedik Protez ve Ortez;e9a697bb-e6ff-e511-80c6-a0369f7d1486
2016;3;290160251;Bolu Khb Abant İzzet Baysal Üniversitesi İzzet Baysal Fizik Tedavi ve Rehabilitasyon E.A.H.;Sağlık Teknikeri;Bolu;Onlisans;2;;80.828;84.12;"3051;1198;4263;5336;9279";3051 - Aşağıdaki önlisans programlarından birinden mezun olmak. | 1198 - Hidroterapi | 4263 - Fizyoterapi | 5336 - Fizik Tedavi | 9279 - Fizik Tedavi ve Rehabilitasyon;e3a197bb-e6ff-e511-80c6-a0369f7d1486
2016;3;290161223;Uşak Devlet Hastanesi;Sağlık Teknikeri;Uşak;Onlisans;2;;80.741;83.542;"3051;1198;4263;5336;9279";3051 - Aşağıdaki önlisans programlarından birinden mezun olmak. | 1198 - Hidroterapi | 4263 - Fizyoterapi | 5336 - Fizik Tedavi | 9279 - Fizik Tedavi ve Rehabilitasyon;25a697bb-e6ff-e511-80c6-a0369f7d1486
2016;3;290160637;İstanbul Sağlık Bakanlığı İstanbul Medeniyet Üniversitesi Göztepe Eğitim ve Araştırma Hastanesi;Sağlık Teknikeri;İstanbul;Onlisans;1;;80.692;80.692;"3051;1198;4263;5336;9279";3051 - Aşağıdaki önlisans programlarından birinden mezun olmak. | 1198 - Hidroterapi | 4263 - Fizyoterapi | 5336 - Fizik Tedavi | 9279 - Fizik Tedavi ve Rehabilitasyon;a6a397bb-e6ff-e511-80c6-a0369f7d1486
2016;3;290160607;İstanbul Fizik Tedavi Ve Rehabilitasyon Eğitim Ve Araştırma Hastanesi;Sağlık Teknikeri;İstanbul;Onlisans;1;;80.631;80.631;"3051;1198;4263;5336;9279";3051 - Aşağıdaki önlisans programlarından birinden mezun olmak. | 1198 - Hidroterapi | 4263 - Fizyoterapi | 5336 - Fizik Tedavi | 9279 - Fizik Tedavi ve Rehabilitasyon;97a397bb-e6ff-e511-80c6-a0369f7d1486
2016;3;290160001;Adana Devlet Hastanesi;Sağlık Teknikeri;Adana;Onlisans;1;;80.619;80.619;"3025;1267;9088";3025 - Aşağıdaki önlisans programlarından birinden mezun olmak. | 1267 - Patoloji Laboratuvar | 9088 - Patoloji Laboratuvar Teknikleri;fea097bb-e6ff-e511-80c6-a0369f7d1486
2016;3;290160253;Bursa Çekirge Devlet Hastanesi;Sağlık Teknikeri;Bursa;Onlisans;1;;80.239;80.239;"3025;1267;9088";3025 - Aşağıdaki önlisans programlarından birinden mezun olmak. | 1267 - Patoloji Laboratuvar | 9088 - Patoloji Laboratuvar Teknikleri;e4a197bb-e6ff-e511-80c6-a0369f7d1486
2016;3;290160693;Kahramanmaraş Necip Fazıl Şehir Hastanesi;Sağlık Teknikeri;Kahramanmaraş;Onlisans;1;;80.195;80.195;"3051;1198;4263;5336;9279";3051 - Aşağıdaki önlisans programlarından birinden mezun olmak. | 1198 - Hidroterapi | 4263 - Fizyoterapi | 5336 - Fizik Tedavi | 9279 - Fizik Tedavi ve Rehabilitasyon;60a497bb-e6ff-e511-80c6-a0369f7d1486
2016;3;290160797;Kastamonu Rehabilitasyon Merkezi;Sağlık Teknikeri;Kastamonu;Onlisans;1;;80.143;80.143;"3051;1198;4263;5336;9279";3051 - Aşağıdaki önlisans programlarından birinden mezun olmak. | 1198 - Hidroterapi | 4263 - Fizyoterapi | 5336 - Fizik Tedavi | 9279 - Fizik Tedavi ve Rehabilitasyon;1da497bb-e6ff-e511-80c6-a0369f7d1486
2016;3;290160959;Nevşehir Devlet Hastanesi;Sağlık Teknikeri;Nevşehir;Onlisans;1;;80.091;80.091;"3025;1267;9088";3025 - Aşağıdaki önlisans programlarından birinden mezun olmak. | 1267 - Patoloji Laboratuvar | 9088 - Patoloji Laboratuvar Teknikleri;faa497bb-e6ff-e511-80c6-a0369f7d1486
2016;3;290161289;Van Özalp Devlet Hastanesi;Sağlık Teknikeri;Van;Onlisans;1;;80.041;80.041;"3008;4245;9087";3008 - Aşağıdaki önlisans programlarından birinden mezun olmak. | 4245 - Eczane Teknikerliği | 9087 - Eczane Hizmetleri;46a697bb-e6ff-e511-80c6-a0369f7d1486
2016;3;290160605;İstanbul Fatih Sultan Mehmet Eğitim Araştırma Hastanesi;Sağlık Teknikeri;İstanbul;Onlisans;1;;79.987;79.987;"3051;1198;4263;5336;9279";3051 - Aşağıdaki önlisans programlarından birinden mezun olmak. | 1198 - Hidroterapi | 4263 - Fizyoterapi | 5336 - Fizik Tedavi | 9279 - Fizik Tedavi ve Rehabilitasyon;96a397bb-e6ff-e511-80c6-a0369f7d1486
2016;3;290160617;İstanbul Haseki Eğitim ve Araştırma Hastanesi;Sağlık Teknikeri;İstanbul;Onlisans;1;;79.987;79.987;"3025;1267;9088";3025 - Aşağıdaki önlisans programlarından birinden mezun olmak. | 1267 - Patoloji Laboratuvar | 9088 - Patoloji Laboratuvar Teknikleri;9ca397bb-e6ff-e511-80c6-a0369f7d1486
2016;3;290161001;Rize T.C. Sağlık Bakanlığı Rize Khb Recep Tayyip Erdoğan Üniversitesi Eğitim ve Araştırma Hastanesi;Sağlık Teknikeri;Rize;Onlisans;1;;79.901;79.901;"3025;1267;9088";3025 - Aşağıdaki önlisans programlarından birinden mezun olmak. | 1267 - Patoloji Laboratuvar | 9088 - Patoloji Laboratuvar Teknikleri;09a597bb-e6ff-e511-80c6-a0369f7d1486
2016;3;290160705;Kahramanmaraş Türkoğlu Dr.Kemal Beyazıt Fizik Tedavi Ve Rehabilitasyon Merkezi;Sağlık Teknikeri;Kahramanmaraş;Onlisans;1;;79.854;79.854;"3051;1198;4263;5336;9279";3051 - Aşağıdaki önlisans programlarından birinden mezun olmak. | 1198 - Hidroterapi | 4263 - Fizyoterapi | 5336 - Fizik Tedavi | 9279 - Fizik Tedavi ve Rehabilitasyon;66a497bb-e6ff-e511-80c6-a0369f7d1486
2016;3;290160839;Kütahya Yoncalı Fizik Tedavi ve Rehabilitasyon Hastanesi;Sağlık Teknikeri;Kütahya;Onlisans;2;;79.797;80.362;"3051;1198;4263;5336;9279";3051 - Aşağıdaki önlisans programlarından birinden mezun olmak. | 1198 - Hidroterapi | 4263 - Fizyoterapi | 5336 - Fizik Tedavi | 9279 - Fizik Tedavi ve Rehabilitasyon;31a497bb-e6ff-e511-80c6-a0369f7d1486
2016;3;290160325;Diyarbakır Kadın Doğum Ve Çocuk Hastalıkları Hastanesi;Sağlık Teknikeri;Diyarbakır;Onlisans;1;;79.789;79.789;"3025;1267;9088";3025 - Aşağıdaki önlisans programlarından birinden mezun olmak. | 1267 - Patoloji Laboratuvar | 9088 - Patoloji Laboratuvar Teknikleri;2ca297bb-e6ff-e511-80c6-a0369f7d1486
2016;3;290160585;İstanbul Bağcılar Eğitim ve Araştırma Hastanesi;Sağlık Teknikeri;İstanbul;Onlisans;1;;79.761;79.761;"3051;1198;4263;5336;9279";3051 - Aşağıdaki önlisans programlarından birinden mezun olmak. | 1198 - Hidroterapi | 4263 - Fizyoterapi | 5336 - Fizik Tedavi | 9279 - Fizik Tedavi ve Rehabilitasyon;8ca397bb-e6ff-e511-80c6-a0369f7d1486
2016;3;290160335;Diyarbakır Selahaddin Eyyubi Devlet Hastanesi;Sağlık Teknikeri;Diyarbakır;Onlisans;1;;79.57;79.57;"3025;1267;9088";3025 - Aşağıdaki önlisans programlarından birinden mezun olmak. | 1267 - Patoloji Laboratuvar | 9088 - Patoloji Laboratuvar Teknikleri;31a297bb-e6ff-e511-80c6-a0369f7d1486
2016;3;290160997;Rize Devlet Hastanesi;Sağlık Teknikeri;Rize;Onlisans;1;;79.556;79.556;"3051;1198;4263;5336;9279";3051 - Aşağıdaki önlisans programlarından birinden mezun olmak. | 1198 - Hidroterapi | 4263 - Fizyoterapi | 5336 - Fizik Tedavi | 9279 - Fizik Tedavi ve Rehabilitasyon;07a597bb-e6ff-e511-80c6-a0369f7d1486
2016;3;290161309;Yozgat Devlet Hastanesi;Sağlık Teknikeri;Yozgat;Onlisans;1;;79.542;79.542;"3051;1198;4263;5336;9279";3051 - Aşağıdaki önlisans programlarından birinden mezun olmak. | 1198 - Hidroterapi | 4263 - Fizyoterapi | 5336 - Fizik Tedavi | 9279 - Fizik Tedavi ve Rehabilitasyon;86a697bb-e6ff-e511-80c6-a0369f7d1486
2016;3;290160441;Erzurum Palandöken Devlet Hastanesi;Sağlık Teknikeri;Erzurum;Onlisans;1;;79.528;79.528;"3051;1198;4263;5336;9279";3051 - Aşağıdaki önlisans programlarından birinden mezun olmak. | 1198 - Hidroterapi | 4263 - Fizyoterapi | 5336 - Fizik Tedavi | 9279 - Fizik Tedavi ve Rehabilitasyon;b2a297bb-e6ff-e511-80c6-a0369f7d1486
2016;3;290160663;İstanbul Ümraniye Eğitim Ve Araştırma Hastanesi;Sağlık Teknikeri;İstanbul;Onlisans;1;;79.486;79.486;"3051;1198;4263;5336;9279";3051 - Aşağıdaki önlisans programlarından birinden mezun olmak. | 1198 - Hidroterapi | 4263 - Fizyoterapi | 5336 - Fizik Tedavi | 9279 - Fizik Tedavi ve Rehabilitasyon;b3a397bb-e6ff-e511-80c6-a0369f7d1486
2016;3;290161113;Şanlıurfa Mehmet Akif İnan Eğitim ve Araştırma Hastanesi;Sağlık Teknikeri;Şanlıurfa;Onlisans;1;;79.486;79.486;"3051;1198;4263;5336;9279";3051 - Aşağıdaki önlisans programlarından birinden mezun olmak. | 1198 - Hidroterapi | 4263 - Fizyoterapi | 5336 - Fizik Tedavi | 9279 - Fizik Tedavi ve Rehabilitasyon;cda597bb-e6ff-e511-80c6-a0369f7d1486
2016;3;290160965;Nevşehir Kozaklı Fizik Tedavi Ve Rehabilitasyon Hastanesi;Sağlık Teknikeri;Nevşehir;Onlisans;2;;79.429;79.671;"3051;1198;4263;5336;9279";3051 - Aşağıdaki önlisans programlarından birinden mezun olmak. | 1198 - Hidroterapi | 4263 - Fizyoterapi | 5336 - Fizik Tedavi | 9279 - Fizik Tedavi ve Rehabilitasyon;fda497bb-e6ff-e511-80c6-a0369f7d1486
2016;3;290160031;Ağrı Devlet Hastanesi;Sağlık Teknikeri;Ağrı;Onlisans;1;;79.386;79.386;"3051;1198;4263;5336;9279";3051 - Aşağıdaki önlisans programlarından birinden mezun olmak. | 1198 - Hidroterapi | 4263 - Fizyoterapi | 5336 - Fizik Tedavi | 9279 - Fizik Tedavi ve Rehabilitasyon;49a197bb-e6ff-e511-80c6-a0369f7d1486
2016;3;290160583;İstanbul Bağcılar Eğitim ve Araştırma Hastanesi;Sağlık Teknikeri;İstanbul;Onlisans;1;;79.384;79.384;"3009;4205;4231;5302;8512";3009 - Aşağıdaki önlisans programlarından birinden mezun olmak. | 4205 - Ameliyathane Hizmetleri | 4231 - Cerrahi | 5302 - Ameliyathane Teknikerliği | 8512 - Cerrahi Teknikerliği;8ba397bb-e6ff-e511-80c6-a0369f7d1486
2016;3;290160707;Karabük Sağlık Bakanlığı Karabük Üniversitesi Karabük Eğitim ve Araştırma Hastanesi;Sağlık Teknikeri;Karabük;Onlisans;1;;79.365;79.365;"3025;1267;9088";3025 - Aşağıdaki önlisans programlarından birinden mezun olmak. | 1267 - Patoloji Laboratuvar | 9088 - Patoloji Laboratuvar Teknikleri;37a797bb-e6ff-e511-80c6-a0369f7d1486
2016;3;290160951;Muş Varto Devlet Hastanesi;Sağlık Teknikeri;Muş;Onlisans;1;;79.328;79.328;"3008;4245;9087";3008 - Aşağıdaki önlisans programlarından birinden mezun olmak. | 4245 - Eczane Teknikerliği | 9087 - Eczane Hizmetleri;caa497bb-e6ff-e511-80c6-a0369f7d1486
2016;3;290160733;Kars Harakani Devlet Hastanesi;Sağlık Teknikeri;Kars;Onlisans;1;;79.292;79.292;"3051;1198;4263;5336;9279";3051 - Aşağıdaki önlisans programlarından birinden mezun olmak. | 1198 - Hidroterapi | 4263 - Fizyoterapi | 5336 - Fizik Tedavi | 9279 - Fizik Tedavi ve Rehabilitasyon;fda397bb-e6ff-e511-80c6-a0369f7d1486
2016;3;290160095;Ardahan Devlet Hastanesi;Sağlık Teknikeri;Ardahan;Onlisans;1;;79.286;79.286;"3051;1198;4263;5336;9279";3051 - Aşağıdaki önlisans programlarından birinden mezun olmak. | 1198 - Hidroterapi | 4263 - Fizyoterapi | 5336 - Fizik Tedavi | 9279 - Fizik Tedavi ve Rehabilitasyon;19a797bb-e6ff-e511-80c6-a0369f7d1486
2016;3;290160003;Adana Numune Eğitim ve Araştırma Hastanesi;Sağlık Teknikeri;Adana;Onlisans;1;;79.256;79.256;"3025;1267;9088";3025 - Aşağıdaki önlisans programlarından birinden mezun olmak. | 1267 - Patoloji Laboratuvar | 9088 - Patoloji Laboratuvar Teknikleri;ffa097bb-e6ff-e511-80c6-a0369f7d1486
2016;3;290161269;Van Erciş Devlet Hastanesi;Sağlık Teknikeri;Van;Onlisans;1;;79.239;79.239;"3051;1198;4263;5336;9279";3051 - Aşağıdaki önlisans programlarından birinden mezun olmak. | 1198 - Hidroterapi | 4263 - Fizyoterapi | 5336 - Fizik Tedavi | 9279 - Fizik Tedavi ve Rehabilitasyon;3ca697bb-e6ff-e511-80c6-a0369f7d1486
2016;3;290160391;Erzincan Sağlık Bakanlığı Erzincan Üniversitesi Mengücek Gazi Eğitim ve Araştırma Hastanesi;Sağlık Teknikeri;Erzincan;Onlisans;2;;79.207;80.794;"3051;1198;4263;5336;9279";3051 - Aşağıdaki önlisans programlarından birinden mezun olmak. | 1198 - Hidroterapi | 4263 - Fizyoterapi | 5336 - Fizik Tedavi | 9279 - Fizik Tedavi ve Rehabilitasyon;60a297bb-e6ff-e511-80c6-a0369f7d1486
2016;3;290161261;Van Eğitim ve Araştırma Hastanesi;Sağlık Teknikeri;Van;Onlisans;1;;79.19;79.19;"3051;1198;4263;5336;9279";3051 - Aşağıdaki önlisans programlarından birinden mezun olmak. | 1198 - Hidroterapi | 4263 - Fizyoterapi | 5336 - Fizik Tedavi | 9279 - Fizik Tedavi ve Rehabilitasyon;38a697bb-e6ff-e511-80c6-a0369f7d1486
2016;3;290160223;Bitlis Devlet Hastanesi;Sağlık Teknikeri;Bitlis;Onlisans;1;;79.178;79.178;"3051;1198;4263;5336;9279";3051 - Aşağıdaki önlisans programlarından birinden mezun olmak. | 1198 - Hidroterapi | 4263 - Fizyoterapi | 5336 - Fizik Tedavi | 9279 - Fizik Tedavi ve Rehabilitasyon;d5a197bb-e6ff-e511-80c6-a0369f7d1486
2016;3;290161165;Şırnak Cizre Dr.Selahattin Cizrelioğlu Devlet Hastanesi;Sağlık Teknikeri;Şırnak;Onlisans;1;;79.165;79.165;"3051;1198;4263;5336;9279";3051 - Aşağıdaki önlisans programlarından birinden mezun olmak. | 1198 - Hidroterapi | 4263 - Fizyoterapi | 5336 - Fizik Tedavi | 9279 - Fizik Tedavi ve Rehabilitasyon;e4a697bb-e6ff-e511-80c6-a0369f7d1486
2016;3;290161193;Şırnak Uludere Devlet Hastanesi;Sağlık Teknikeri;Şırnak;Onlisans;1;;78.915;78.915;"3008;4245;9087";3008 - Aşağıdaki önlisans programlarından birinden mezun olmak. | 4245 - Eczane Teknikerliği | 9087 - Eczane Hizmetleri;f2a697bb-e6ff-e511-80c6-a0369f7d1486
2016;3;290160285;Denizli Devlet Hastanesi;Sağlık Teknikeri;Denizli;Onlisans;2;;78.872;79.051;"3025;1267;9088";3025 - Aşağıdaki önlisans programlarından birinden mezun olmak. | 1267 - Patoloji Laboratuvar | 9088 - Patoloji Laboratuvar Teknikleri;faa197bb-e6ff-e511-80c6-a0369f7d1486
2016;3;290160457;Gaziantep Dr. Ersin Arslan Eğitim ve Araştırma Hastanesi;Sağlık Teknikeri;Gaziantep;Onlisans;1;;78.713;78.713;"3025;1267;9088";3025 - Aşağıdaki önlisans programlarından birinden mezun olmak. | 1267 - Patoloji Laboratuvar | 9088 - Patoloji Laboratuvar Teknikleri;baa297bb-e6ff-e511-80c6-a0369f7d1486
2016;3;290160815;Kırşehir T.C. Sağlık Bakanlığı Kırşehir Khb Ahi Evran Üni. Kırşehir Eğitim ve Araştırma Hastanesi;Sağlık Teknikeri;Kırşehir;Onlisans;1;;78.545;78.545;"3025;1267;9088";3025 - Aşağıdaki önlisans programlarından birinden mezun olmak. | 1267 - Patoloji Laboratuvar | 9088 - Patoloji Laboratuvar Teknikleri;29a497bb-e6ff-e511-80c6-a0369f7d1486
2016;3;290160179;Bilecik Devlet Hastanesi;Sağlık Teknikeri;Bilecik;Onlisans;1;;78.417;78.417;"3025;1267;9088";3025 - Aşağıdaki önlisans programlarından birinden mezun olmak. | 1267 - Patoloji Laboratuvar | 9088 - Patoloji Laboratuvar Teknikleri;90a197bb-e6ff-e511-80c6-a0369f7d1486
2016;3;290160599;İstanbul Eğitim ve Araştırma Hastanesi;Sağlık Teknikeri;İstanbul;Onlisans;1;;78.373;78.373;"3025;1267;9088";3025 - Aşağıdaki önlisans programlarından birinden mezun olmak. | 1267 - Patoloji Laboratuvar | 9088 - Patoloji Laboratuvar Teknikleri;93a397bb-e6ff-e511-80c6-a0369f7d1486
2016;3;290160611;İstanbul Gaziosmanpaşa Taksim Eğitim ve Araştırma Hastanesi;Sağlık Teknikeri;İstanbul;Onlisans;1;;78.361;78.361;"3025;1267;9088";3025 - Aşağıdaki önlisans programlarından birinden mezun olmak. | 1267 - Patoloji Laboratuvar | 9088 - Patoloji Laboratuvar Teknikleri;99a397bb-e6ff-e511-80c6-a0369f7d1486
2016;3;290160655;İstanbul Şişli Hamidiye Etfal Eğitim ve Araştırma Hastanesi;Sağlık Teknikeri;İstanbul;Onlisans;1;;78.317;78.317;"3025;1267;9088";3025 - Aşağıdaki önlisans programlarından birinden mezun olmak. | 1267 - Patoloji Laboratuvar | 9088 - Patoloji Laboratuvar Teknikleri;afa397bb-e6ff-e511-80c6-a0369f7d1486
2016;3;290160287;Diyarbakır 19 Nolu (Köprübaşı) Acil Sağlık Hizmetleri İstasyonu;Sağlık Teknikeri;Diyarbakır;Onlisans;1;;77.198;77.198;"3005;1101;1105;4201;8585;9082;9178;9196";3005 - Aşağıdaki önlisans programlarından birinden mezun olmak. | 1101 - Acil Bakım Teknikerliği | 1105 - Ambulans ve Acil Bakım Teknikerliği | 4201 - Acil Yardım | 8585 - Acil Yardım Teknikerliği | 9082 - Paramedik | 9178 - Ambulans ve Acil Bakım | 9196 - İlk ve Acil Yardım;19a297bb-e6ff-e511-80c6-a0369f7d1486
2016;3;290160323;Diyarbakır Kadın Doğum Ve Çocuk Hastalıkları Hastanesi;Sağlık Teknikeri;Diyarbakır;Onlisans;1;;77.191;77.191;"3009;4205;4231;5302;8512";3009 - Aşağıdaki önlisans programlarından birinden mezun olmak. | 4205 - Ameliyathane Hizmetleri | 4231 - Cerrahi | 5302 - Ameliyathane Teknikerliği | 8512 - Cerrahi Teknikerliği;2ba297bb-e6ff-e511-80c6-a0369f7d1486
2016;3;290161043;Sinop Ayancık 3 Nolu (Yenikonak) Acil Sağlık Hizmetleri İstasyonu;Sağlık Teknikeri;Sinop;Onlisans;1;;77.17;77.17;"3005;1101;1105;4201;8585;9082;9178;9196";3005 - Aşağıdaki önlisans programlarından birinden mezun olmak. | 1101 - Acil Bakım Teknikerliği | 1105 - Ambulans ve Acil Bakım Teknikerliği | 4201 - Acil Yardım | 8585 - Acil Yardım Teknikerliği | 9082 - Paramedik | 9178 - Ambulans ve Acil Bakım | 9196 - İlk ve Acil Yardım;5ea597bb-e6ff-e511-80c6-a0369f7d1486
2016;3;290160261;Çankırı Eldivan 1 Nolu Acil Sağlık Hizmetleri İstasyonu;Sağlık Teknikeri;Çankırı;Onlisans;1;;77.054;77.054;"3005;1101;1105;4201;8585;9082;9178;9196";3005 - Aşağıdaki önlisans programlarından birinden mezun olmak. | 1101 - Acil Bakım Teknikerliği | 1105 - Ambulans ve Acil Bakım Teknikerliği | 4201 - Acil Yardım | 8585 - Acil Yardım Teknikerliği | 9082 - Paramedik | 9178 - Ambulans ve Acil Bakım | 9196 - İlk ve Acil Yardım;eca197bb-e6ff-e511-80c6-a0369f7d1486
2016;3;290160773;Kastamonu Araç 2 Nolu (İğdir) Acil Sağlık Hizmetleri İstasyonu;Sağlık Teknikeri;Kastamonu;Onlisans;1;;76.935;76.935;"3005;1101;1105;4201;8585;9082;9178;9196";3005 - Aşağıdaki önlisans programlarından birinden mezun olmak. | 1101 - Acil Bakım Teknikerliği | 1105 - Ambulans ve Acil Bakım Teknikerliği | 4201 - Acil Yardım | 8585 - Acil Yardım Teknikerliği | 9082 - Paramedik | 9178 - Ambulans ve Acil Bakım | 9196 - İlk ve Acil Yardım;11a497bb-e6ff-e511-80c6-a0369f7d1486
2016;3;290160451;Gaziantep 21 Nolu Acil Sağlık Hizmetleri İstasyonu;Sağlık Teknikeri;Gaziantep;Onlisans;1;;76.785;76.785;"3005;1101;1105;4201;8585;9082;9178;9196";3005 - Aşağıdaki önlisans programlarından birinden mezun olmak. | 1101 - Acil Bakım Teknikerliği | 1105 - Ambulans ve Acil Bakım Teknikerliği | 4201 - Acil Yardım | 8585 - Acil Yardım Teknikerliği | 9082 - Paramedik | 9178 - Ambulans ve Acil Bakım | 9196 - İlk ve Acil Yardım;b7a297bb-e6ff-e511-80c6-a0369f7d1486
2016;3;290161073;Sivas Şarkışla Devlet Hastanesi;Sağlık Teknikeri;Sivas;Onlisans;1;;76.769;76.769;"3057;1147";3057 - Aşağıdaki önlisans programlarından birinden mezun olmak. | 1147 - Diyaliz;89a597bb-e6ff-e511-80c6-a0369f7d1486
2016;3;290160891;Mardin Kızıltepe 3 Nolu Acil Sağlık Hizmetleri İstasyonu;Sağlık Teknikeri;Mardin;Onlisans;1;;76.63;76.63;"3005;1101;1105;4201;8585;9082;9178;9196";3005 - Aşağıdaki önlisans programlarından birinden mezun olmak. | 1101 - Acil Bakım Teknikerliği | 1105 - Ambulans ve Acil Bakım Teknikerliği | 4201 - Acil Yardım | 8585 - Acil Yardım Teknikerliği | 9082 - Paramedik | 9178 - Ambulans ve Acil Bakım | 9196 - İlk ve Acil Yardım;ada497bb-e6ff-e511-80c6-a0369f7d1486
2016;3;290160541;Hatay Erzin 2 Nolu Acıl Sağlık Hizmetleri İstasyonu;Sağlık Teknikeri;Hatay;Onlisans;1;;76.595;76.595;"3005;1101;1105;4201;8585;9082;9178;9196";3005 - Aşağıdaki önlisans programlarından birinden mezun olmak. | 1101 - Acil Bakım Teknikerliği | 1105 - Ambulans ve Acil Bakım Teknikerliği | 4201 - Acil Yardım | 8585 - Acil Yardım Teknikerliği | 9082 - Paramedik | 9178 - Ambulans ve Acil Bakım | 9196 - İlk ve Acil Yardım;1ba397bb-e6ff-e511-80c6-a0369f7d1486
2016;3;290160977;Niğde Devlet Hastanesi;Sağlık Teknikeri;Niğde;Onlisans;2;;76.448;77.207;"3057;1147";3057 - Aşağıdaki önlisans programlarından birinden mezun olmak. | 1147 - Diyaliz;03a597bb-e6ff-e511-80c6-a0369f7d1486
2016;3;290160555;Hatay Samandağ 1 Nolu Acıl Sağlık Hizmetleri İstasyonu;Sağlık Teknikeri;Hatay;Onlisans;1;;76.326;76.326;"3005;1101;1105;4201;8585;9082;9178;9196";3005 - Aşağıdaki önlisans programlarından birinden mezun olmak. | 1101 - Acil Bakım Teknikerliği | 1105 - Ambulans ve Acil Bakım Teknikerliği | 4201 - Acil Yardım | 8585 - Acil Yardım Teknikerliği | 9082 - Paramedik | 9178 - Ambulans ve Acil Bakım | 9196 - İlk ve Acil Yardım;22a397bb-e6ff-e511-80c6-a0369f7d1486
2016;3;290160793;Kastamonu İnebolu Devlet Hastanesi;Sağlık Teknikeri;Kastamonu;Onlisans;1;;76.304;76.304;"3057;1147";3057 - Aşağıdaki önlisans programlarından birinden mezun olmak. | 1147 - Diyaliz;1ba497bb-e6ff-e511-80c6-a0369f7d1486
2016;3;290160641;İstanbul Sağlık Bakanlığı Marmara Üniversitesi Pendik Eğitim ve Araştırma Hastanesi;Sağlık Teknikeri;İstanbul;Onlisans;2;;76.296;76.3;"3057;1147";3057 - Aşağıdaki önlisans programlarından birinden mezun olmak. | 1147 - Diyaliz;a8a397bb-e6ff-e511-80c6-a0369f7d1486
2016;3;290160083;Amasya T.C. Sağlık Bakanlığı - Amasya Üniversitesi Sabuncuoğlu Şerefeddin Eğitim Ve Araş.Hastanesi;Sağlık Teknikeri;Amasya;Onlisans;1;;76.268;76.268;"3057;1147";3057 - Aşağıdaki önlisans programlarından birinden mezun olmak. | 1147 - Diyaliz;78a197bb-e6ff-e511-80c6-a0369f7d1486
2016;3;290160279;Çorum Sungurlu Devlet Hastanesi;Sağlık Teknikeri;Çorum;Onlisans;1;;76.265;76.265;"3057;1147";3057 - Aşağıdaki önlisans programlarından birinden mezun olmak. | 1147 - Diyaliz;f5a197bb-e6ff-e511-80c6-a0369f7d1486
2016;3;290160303;Diyarbakır Bismil Devlet Hastanesi;Sağlık Teknikeri;Diyarbakır;Onlisans;1;;76.171;76.171;"3057;1147";3057 - Aşağıdaki önlisans programlarından birinden mezun olmak. | 1147 - Diyaliz;21a297bb-e6ff-e511-80c6-a0369f7d1486
2016;3;290160953;Nevşehir Acıgöl 1 Nolu Acil Sağlık Hizmetleri İstasyonu;Sağlık Teknikeri;Nevşehir;Onlisans;1;;76.135;76.135;"3005;1101;1105;4201;8585;9082;9178;9196";3005 - Aşağıdaki önlisans programlarından birinden mezun olmak. | 1101 - Acil Bakım Teknikerliği | 1105 - Ambulans ve Acil Bakım Teknikerliği | 4201 - Acil Yardım | 8585 - Acil Yardım Teknikerliği | 9082 - Paramedik | 9178 - Ambulans ve Acil Bakım | 9196 - İlk ve Acil Yardım;f7a497bb-e6ff-e511-80c6-a0369f7d1486
2016;3;290160277;Çorum Sungurlu 1 Nolu Acıl Sağlık Hizmetleri İstasyonu;Sağlık Teknikeri;Çorum;Onlisans;1;;76.085;76.085;"3005;1101;1105;4201;8585;9082;9178;9196";3005 - Aşağıdaki önlisans programlarından birinden mezun olmak. | 1101 - Acil Bakım Teknikerliği | 1105 - Ambulans ve Acil Bakım Teknikerliği | 4201 - Acil Yardım | 8585 - Acil Yardım Teknikerliği | 9082 - Paramedik | 9178 - Ambulans ve Acil Bakım | 9196 - İlk ve Acil Yardım;f4a197bb-e6ff-e511-80c6-a0369f7d1486
2016;3;290160609;İstanbul Gaziosmanpaşa Taksim Eğitim ve Araştırma Hastanesi;Sağlık Teknikeri;İstanbul;Onlisans;1;;75.908;75.908;"3057;1147";3057 - Aşağıdaki önlisans programlarından birinden mezun olmak. | 1147 - Diyaliz;98a397bb-e6ff-e511-80c6-a0369f7d1486
2016;3;290160687;Kahramanmaraş Elbistan Devlet Hastanesi;Sağlık Teknikeri;Kahramanmaraş;Onlisans;1;;75.907;75.907;"3057;1147";3057 - Aşağıdaki önlisans programlarından birinden mezun olmak. | 1147 - Diyaliz;5da497bb-e6ff-e511-80c6-a0369f7d1486
2016;3;290161199;Tokat Erbaa Devlet Hastanesi;Sağlık Teknikeri;Tokat;Onlisans;1;;75.899;75.899;"3057;1147";3057 - Aşağıdaki önlisans programlarından birinden mezun olmak. | 1147 - Diyaliz;94a597bb-e6ff-e511-80c6-a0369f7d1486
2016;3;290161319;Yozgat Sorgun Devlet Hastanesi;Sağlık Teknikeri;Yozgat;Onlisans;1;;75.847;75.847;"3057;1147";3057 - Aşağıdaki önlisans programlarından birinden mezun olmak. | 1147 - Diyaliz;8ba697bb-e6ff-e511-80c6-a0369f7d1486
2016;3;290160597;İstanbul Eğitim ve Araştırma Hastanesi;Sağlık Teknikeri;İstanbul;Onlisans;2;;75.822;75.872;"3057;1147";3057 - Aşağıdaki önlisans programlarından birinden mezun olmak. | 1147 - Diyaliz;92a397bb-e6ff-e511-80c6-a0369f7d1486
2016;3;290160155;Batman Bölge Devlet Hastanesi;Sağlık Teknikeri;Batman;Onlisans;2;;75.775;78.714;"3057;1147";3057 - Aşağıdaki önlisans programlarından birinden mezun olmak. | 1147 - Diyaliz;cca697bb-e6ff-e511-80c6-a0369f7d1486
2016;3;290160653;İstanbul Şişli Hamidiye Etfal Eğitim ve Araştırma Hastanesi;Sağlık Teknikeri;İstanbul;Onlisans;1;;75.73;75.73;"3057;1147";3057 - Aşağıdaki önlisans programlarından birinden mezun olmak. | 1147 - Diyaliz;aea397bb-e6ff-e511-80c6-a0369f7d1486
2016;3;290160333;Diyarbakır Selahaddin Eyyubi Devlet Hastanesi;Sağlık Teknikeri;Diyarbakır;Onlisans;1;;75.697;75.697;"3041;5328";3041 - Aşağıdaki önlisans programlarından birinden mezun olmak. | 5328 - Elektronörofizyoloji;30a297bb-e6ff-e511-80c6-a0369f7d1486
2016;3;290160275;Çorum Osmancık Devlet Hastanesi;Sağlık Teknikeri;Çorum;Onlisans;1;;75.681;75.681;"3057;1147";3057 - Aşağıdaki önlisans programlarından birinden mezun olmak. | 1147 - Diyaliz;f3a197bb-e6ff-e511-80c6-a0369f7d1486
2016;3;290161109;Şanlıurfa Mehmet Akif İnan Eğitim ve Araştırma Hastanesi;Sağlık Teknikeri;Şanlıurfa;Onlisans;2;;75.68;75.789;"3057;1147";3057 - Aşağıdaki önlisans programlarından birinden mezun olmak. | 1147 - Diyaliz;cba597bb-e6ff-e511-80c6-a0369f7d1486
2016;3;290160283;Çorum T.C. Sağlık Bakanlığı Hitit Üniversitesi Çorum Eğitim ve Araştırma Hastanesi;Sağlık Teknikeri;Çorum;Onlisans;1;;75.65;75.65;"3057;1147";3057 - Aşağıdaki önlisans programlarından birinden mezun olmak. | 1147 - Diyaliz;f7a197bb-e6ff-e511-80c6-a0369f7d1486
2016;3;290160389;Erzincan Sağlık Bakanlığı Erzincan Üniversitesi Mengücek Gazi Eğitim ve Araştırma Hastanesi;Sağlık Teknikeri;Erzincan;Onlisans;1;;75.62;75.62;"3057;1147";3057 - Aşağıdaki önlisans programlarından birinden mezun olmak. | 1147 - Diyaliz;5fa297bb-e6ff-e511-80c6-a0369f7d1486
2016;3;290160019;Adıyaman T.C. Sağlık Bakanlığı Adıyaman Üniversitesi Eğitim ve Araştırma Hastanesi;Sağlık Teknikeri;Adıyaman;Onlisans;1;;75.608;75.608;"3057;1147";3057 - Aşağıdaki önlisans programlarından birinden mezun olmak. | 1147 - Diyaliz;10a197bb-e6ff-e511-80c6-a0369f7d1486
2016;3;290160131;Artvin Hopa 3 Nolu Acil Sağlık Hizmetleri İstasyonu;Sağlık Teknikeri;Artvin;Onlisans;2;;75.577;91.322;"3005;1101;1105;4201;8585;9082;9178;9196";3005 - Aşağıdaki önlisans programlarından birinden mezun olmak. | 1101 - Acil Bakım Teknikerliği | 1105 - Ambulans ve Acil Bakım Teknikerliği | 4201 - Acil Yardım | 8585 - Acil Yardım Teknikerliği | 9082 - Paramedik | 9178 - Ambulans ve Acil Bakım | 9196 - İlk ve Acil Yardım;87a197bb-e6ff-e511-80c6-a0369f7d1486
2016;3;290161111;Şanlıurfa Mehmet Akif İnan Eğitim ve Araştırma Hastanesi;Sağlık Teknikeri;Şanlıurfa;Onlisans;1;;75.573;75.573;"3041;5328";3041 - Aşağıdaki önlisans programlarından birinden mezun olmak. | 5328 - Elektronörofizyoloji;cca597bb-e6ff-e511-80c6-a0369f7d1486
2016;3;290160775;Kastamonu Cide 2 Nolu Acil Sağlık Hizmetleri İstasyonu;Sağlık Teknikeri;Kastamonu;Onlisans;1;;75.568;75.568;"3005;1101;1105;4201;8585;9082;9178;9196";3005 - Aşağıdaki önlisans programlarından birinden mezun olmak. | 1101 - Acil Bakım Teknikerliği | 1105 - Ambulans ve Acil Bakım Teknikerliği | 4201 - Acil Yardım | 8585 - Acil Yardım Teknikerliği | 9082 - Paramedik | 9178 - Ambulans ve Acil Bakım | 9196 - İlk ve Acil Yardım;12a497bb-e6ff-e511-80c6-a0369f7d1486
2016;3;290160437;Erzurum Oltu Devlet Hastanesi;Sağlık Teknikeri;Erzurum;Onlisans;1;;75.52;75.52;"3057;1147";3057 - Aşağıdaki önlisans programlarından birinden mezun olmak. | 1147 - Diyaliz;b0a297bb-e6ff-e511-80c6-a0369f7d1486
2016;3;290160423;Erzurum İspir 2 Nolu Acil Sağlık Hizmetleri İstasyonu;Sağlık Teknikeri;Erzurum;Onlisans;1;;75.519;75.519;"3005;1101;1105;4201;8585;9082;9178;9196";3005 - Aşağıdaki önlisans programlarından birinden mezun olmak. | 1101 - Acil Bakım Teknikerliği | 1105 - Ambulans ve Acil Bakım Teknikerliği | 4201 - Acil Yardım | 8585 - Acil Yardım Teknikerliği | 9082 - Paramedik | 9178 - Ambulans ve Acil Bakım | 9196 - İlk ve Acil Yardım;a9a297bb-e6ff-e511-80c6-a0369f7d1486
2016;3;290160015;Adıyaman Kahta Devlet Hastanesi;Sağlık Teknikeri;Adıyaman;Onlisans;1;;75.5;75.5;"3057;1147";3057 - Aşağıdaki önlisans programlarından birinden mezun olmak. | 1147 - Diyaliz;0ea197bb-e6ff-e511-80c6-a0369f7d1486
2016;3;290160811;Kırşehir Kaman 2 Nolu Acil Sağlık Hizmetleri İstasyonu;Sağlık Teknikeri;Kırşehir;Onlisans;2;;75.396;75.5;"3005;1101;1105;4201;8585;9082;9178;9196";3005 - Aşağıdaki önlisans programlarından birinden mezun olmak. | 1101 - Acil Bakım Teknikerliği | 1105 - Ambulans ve Acil Bakım Teknikerliği | 4201 - Acil Yardım | 8585 - Acil Yardım Teknikerliği | 9082 - Paramedik | 9178 - Ambulans ve Acil Bakım | 9196 - İlk ve Acil Yardım;27a497bb-e6ff-e511-80c6-a0369f7d1486
2016;3;290160825;Kilis Devlet Hastanesi;Sağlık Teknikeri;Kilis;Onlisans;2;;75.335;75.417;"3057;1147";3057 - Aşağıdaki önlisans programlarından birinden mezun olmak. | 1147 - Diyaliz;3ca797bb-e6ff-e511-80c6-a0369f7d1486
2016;3;290160731;Kars Harakani Devlet Hastanesi;Sağlık Teknikeri;Kars;Onlisans;3;;75.323;75.417;"3057;1147";3057 - Aşağıdaki önlisans programlarından birinden mezun olmak. | 1147 - Diyaliz;fca397bb-e6ff-e511-80c6-a0369f7d1486
2016;3;290160299;Diyarbakır 8 Nolu Acıl Sağlık Hizmetleri İstasyonu;Sağlık Teknikeri;Diyarbakır;Onlisans;1;;75.252;75.252;"3005;1101;1105;4201;8585;9082;9178;9196";3005 - Aşağıdaki önlisans programlarından birinden mezun olmak. | 1101 - Acil Bakım Teknikerliği | 1105 - Ambulans ve Acil Bakım Teknikerliği | 4201 - Acil Yardım | 8585 - Acil Yardım Teknikerliği | 9082 - Paramedik | 9178 - Ambulans ve Acil Bakım | 9196 - İlk ve Acil Yardım;1fa297bb-e6ff-e511-80c6-a0369f7d1486
2016;3;290160319;Diyarbakır Gazi Yaşargil Eğitim ve Araştırma Hastanesi;Sağlık Teknikeri;Diyarbakır;Onlisans;2;;75.229;75.26;"3057;1147";3057 - Aşağıdaki önlisans programlarından birinden mezun olmak. | 1147 - Diyaliz;29a297bb-e6ff-e511-80c6-a0369f7d1486
2016;3;290161133;Şanlıurfa Siverek Devlet Hastanesi;Sağlık Teknikeri;Şanlıurfa;Onlisans;1;;75.188;75.188;"3057;1147";3057 - Aşağıdaki önlisans programlarından birinden mezun olmak. | 1147 - Diyaliz;d7a597bb-e6ff-e511-80c6-a0369f7d1486
2016;3;290160029;Ağrı Devlet Hastanesi;Sağlık Teknikeri;Ağrı;Onlisans;1;;75.182;75.182;"3057;1147";3057 - Aşağıdaki önlisans programlarından birinden mezun olmak. | 1147 - Diyaliz;48a197bb-e6ff-e511-80c6-a0369f7d1486
2016;3;290161257;Van Eğitim ve Araştırma Hastanesi;Sağlık Teknikeri;Van;Onlisans;1;;75.16;75.16;"3057;1147";3057 - Aşağıdaki önlisans programlarından birinden mezun olmak. | 1147 - Diyaliz;36a697bb-e6ff-e511-80c6-a0369f7d1486
2016;3;290161033;Siirt Kurtalan Devlet Hastanesi;Sağlık Teknikeri;Siirt;Onlisans;1;;75.154;75.154;"3057;1147";3057 - Aşağıdaki önlisans programlarından birinden mezun olmak. | 1147 - Diyaliz;50a597bb-e6ff-e511-80c6-a0369f7d1486
2016;3;290160245;Bitlis Tatvan Devlet Hastanesi;Sağlık Teknikeri;Bitlis;Onlisans;2;;75.035;75.112;"3057;1147";3057 - Aşağıdaki önlisans programlarından birinden mezun olmak. | 1147 - Diyaliz;e0a197bb-e6ff-e511-80c6-a0369f7d1486
2016;3;290160043;Ağrı Doğubeyazıt Dr.Yaşar Eryılmaz Devlet Hastanesi;Sağlık Teknikeri;Ağrı;Onlisans;1;;75.021;75.021;"3057;1147";3057 - Aşağıdaki önlisans programlarından birinden mezun olmak. | 1147 - Diyaliz;4fa197bb-e6ff-e511-80c6-a0369f7d1486
2016;3;290161151;Şanlıurfa Viranşehir Devlet Hastanesi;Sağlık Teknikeri;Şanlıurfa;Onlisans;1;;75.01;75.01;"3057;1147";3057 - Aşağıdaki önlisans programlarından birinden mezun olmak. | 1147 - Diyaliz;e0a597bb-e6ff-e511-80c6-a0369f7d1486
2016;3;290160159;Batman Kozluk Devlet Hastanesi;Sağlık Teknikeri;Batman;Onlisans;1;;74.983;74.983;"3057;1147";3057 - Aşağıdaki önlisans programlarından birinden mezun olmak. | 1147 - Diyaliz;cea697bb-e6ff-e511-80c6-a0369f7d1486
2016;3;290160259;Çankırı Çerkeş 1 Nolu Acıl Sağlık Hizmetleri İstasyonu;Sağlık Teknikeri;Çankırı;Onlisans;1;;74.957;74.957;"3005;1101;1105;4201;8585;9082;9178;9196";3005 - Aşağıdaki önlisans programlarından birinden mezun olmak. | 1101 - Acil Bakım Teknikerliği | 1105 - Ambulans ve Acil Bakım Teknikerliği | 4201 - Acil Yardım | 8585 - Acil Yardım Teknikerliği | 9082 - Paramedik | 9178 - Ambulans ve Acil Bakım | 9196 - İlk ve Acil Yardım;eba197bb-e6ff-e511-80c6-a0369f7d1486
2016;3;290160453;Gaziantep 22 Nolu Acil Sağlık Hizmetleri İstasyonu;Sağlık Teknikeri;Gaziantep;Onlisans;1;;74.949;74.949;"3005;1101;1105;4201;8585;9082;9178;9196";3005 - Aşağıdaki önlisans programlarından birinden mezun olmak. | 1101 - Acil Bakım Teknikerliği | 1105 - Ambulans ve Acil Bakım Teknikerliği | 4201 - Acil Yardım | 8585 - Acil Yardım Teknikerliği | 9082 - Paramedik | 9178 - Ambulans ve Acil Bakım | 9196 - İlk ve Acil Yardım;b8a297bb-e6ff-e511-80c6-a0369f7d1486
2016;3;290160901;Mardin Kızıltepe Devlet Hastanesi;Sağlık Teknikeri;Mardin;Onlisans;2;;74.929;75.281;"3057;1147";3057 - Aşağıdaki önlisans programlarından birinden mezun olmak. | 1147 - Diyaliz;b2a497bb-e6ff-e511-80c6-a0369f7d1486
2016;3;290160827;Kilis Devlet Hastanesi;Sağlık Teknikeri;Kilis;Onlisans;1;;74.921;74.921;"3041;5328";3041 - Aşağıdaki önlisans programlarından birinden mezun olmak. | 5328 - Elektronörofizyoloji;3da797bb-e6ff-e511-80c6-a0369f7d1486
2016;3;290160735;Kars Harakani Devlet Hastanesi;Sağlık Teknikeri;Kars;Onlisans;1;;74.919;74.919;"3045;5340";3045 - Aşağıdaki önlisans programlarından birinden mezun olmak. | 5340 - İş ve Uğraşı Terapisi;fea397bb-e6ff-e511-80c6-a0369f7d1486
2016;3;290161307;Yozgat Devlet Hastanesi;Sağlık Teknikeri;Yozgat;Onlisans;1;;74.894;74.894;"3041;5328";3041 - Aşağıdaki önlisans programlarından birinden mezun olmak. | 5328 - Elektronörofizyoloji;85a697bb-e6ff-e511-80c6-a0369f7d1486
2016;3;290160315;Diyarbakır Ergani Devlet Hastanesi;Sağlık Teknikeri;Diyarbakır;Onlisans;1;;74.886;74.886;"3057;1147";3057 - Aşağıdaki önlisans programlarından birinden mezun olmak. | 1147 - Diyaliz;27a297bb-e6ff-e511-80c6-a0369f7d1486
2016;3;290161259;Van Eğitim ve Araştırma Hastanesi;Sağlık Teknikeri;Van;Onlisans;1;;74.886;74.886;"3041;5328";3041 - Aşağıdaki önlisans programlarından birinden mezun olmak. | 5328 - Elektronörofizyoloji;37a697bb-e6ff-e511-80c6-a0369f7d1486
2016;3;290160455;Gaziantep 33 Nolu Acil Sağlık Hizmetleri İstasyonu;Sağlık Teknikeri;Gaziantep;Onlisans;1;;74.828;74.828;"3005;1101;1105;4201;8585;9082;9178;9196";3005 - Aşağıdaki önlisans programlarından birinden mezun olmak. | 1101 - Acil Bakım Teknikerliği | 1105 - Ambulans ve Acil Bakım Teknikerliği | 4201 - Acil Yardım | 8585 - Acil Yardım Teknikerliği | 9082 - Paramedik | 9178 - Ambulans ve Acil Bakım | 9196 - İlk ve Acil Yardım;b9a297bb-e6ff-e511-80c6-a0369f7d1486
2016;3;290160949;Muş Malazgirt Devlet Hastanesi;Sağlık Teknikeri;Muş;Onlisans;1;;74.803;74.803;"3057;1147";3057 - Aşağıdaki önlisans programlarından birinden mezun olmak. | 1147 - Diyaliz;c9a497bb-e6ff-e511-80c6-a0369f7d1486
2016;3;290160187;Bingöl Devlet Hastanesi;Sağlık Teknikeri;Bingöl;Onlisans;1;;74.788;74.788;"3057;1147";3057 - Aşağıdaki önlisans programlarından birinden mezun olmak. | 1147 - Diyaliz;94a197bb-e6ff-e511-80c6-a0369f7d1486
2016;3;290161267;Van Erciş Devlet Hastanesi;Sağlık Teknikeri;Van;Onlisans;2;;74.774;74.858;"3057;1147";3057 - Aşağıdaki önlisans programlarından birinden mezun olmak. | 1147 - Diyaliz;3ba697bb-e6ff-e511-80c6-a0369f7d1486
2016;3;290160061;Ağrı Patnos Devlet Hastanesi;Sağlık Teknikeri;Ağrı;Onlisans;1;;74.763;74.763;"3057;1147";3057 - Aşağıdaki önlisans programlarından birinden mezun olmak. | 1147 - Diyaliz;58a197bb-e6ff-e511-80c6-a0369f7d1486
2016;3;290160919;Mardin Nusaybin Devlet Hastanesi;Sağlık Teknikeri;Mardin;Onlisans;1;;74.739;74.739;"3057;1147";3057 - Aşağıdaki önlisans programlarından birinden mezun olmak. | 1147 - Diyaliz;bba497bb-e6ff-e511-80c6-a0369f7d1486
2016;3;290160175;Bayburt Devlet Hastanesi;Sağlık Teknikeri;Bayburt;Onlisans;1;;74.734;74.734;"3041;5328";3041 - Aşağıdaki önlisans programlarından birinden mezun olmak. | 5328 - Elektronörofizyoloji;aea697bb-e6ff-e511-80c6-a0369f7d1486
2016;3;290160523;Hakkari Yüksekova Devlet Hastanesi;Sağlık Teknikeri;Hakkari;Onlisans;1;;74.721;74.721;"3057;1147";3057 - Aşağıdaki önlisans programlarından birinden mezun olmak. | 1147 - Diyaliz;fca297bb-e6ff-e511-80c6-a0369f7d1486
2016;3;290160565;Iğdır Devlet Hastanesi;Sağlık Teknikeri;Iğdır;Onlisans;1;;74.615;74.615;"3041;5328";3041 - Aşağıdaki önlisans programlarından birinden mezun olmak. | 5328 - Elektronörofizyoloji;2ca797bb-e6ff-e511-80c6-a0369f7d1486
2016;3;290160093;Ardahan Devlet Hastanesi;Sağlık Teknikeri;Ardahan;Onlisans;1;;74.606;74.606;"3041;5328";3041 - Aşağıdaki önlisans programlarından birinden mezun olmak. | 5328 - Elektronörofizyoloji;18a797bb-e6ff-e511-80c6-a0369f7d1486
2016;3;290160941;Muş Devlet Hastanesi;Sağlık Teknikeri;Muş;Onlisans;1;;74.533;74.533;"3041;5328";3041 - Aşağıdaki önlisans programlarından birinden mezun olmak. | 5328 - Elektronörofizyoloji;c5a497bb-e6ff-e511-80c6-a0369f7d1486
2016;3;290160393;Erzincan Sağlık Bakanlığı Erzincan Üniversitesi Mengücek Gazi Eğitim ve Araştırma Hastanesi;Sağlık Teknikeri;Erzincan;Onlisans;1;;74.512;74.512;"3045;5340";3045 - Aşağıdaki önlisans programlarından birinden mezun olmak. | 5340 - İş ve Uğraşı Terapisi;61a297bb-e6ff-e511-80c6-a0369f7d1486
2016;3;290160265;Çankırı Korgun 1 Nolu Acil Sağlık Hizmetleri İstasyonu;Sağlık Teknikeri;Çankırı;Onlisans;1;;74.373;74.373;"3005;1101;1105;4201;8585;9082;9178;9196";3005 - Aşağıdaki önlisans programlarından birinden mezun olmak. | 1101 - Acil Bakım Teknikerliği | 1105 - Ambulans ve Acil Bakım Teknikerliği | 4201 - Acil Yardım | 8585 - Acil Yardım Teknikerliği | 9082 - Paramedik | 9178 - Ambulans ve Acil Bakım | 9196 - İlk ve Acil Yardım;eea197bb-e6ff-e511-80c6-a0369f7d1486
2016;3;290161297;Van Tuşba 4 Nolu Acil Sağlık Hizmetleri İstasyonu;Sağlık Teknikeri;Van;Onlisans;1;;74.268;74.268;"3005;1101;1105;4201;8585;9082;9178;9196";3005 - Aşağıdaki önlisans programlarından birinden mezun olmak. | 1101 - Acil Bakım Teknikerliği | 1105 - Ambulans ve Acil Bakım Teknikerliği | 4201 - Acil Yardım | 8585 - Acil Yardım Teknikerliği | 9082 - Paramedik | 9178 - Ambulans ve Acil Bakım | 9196 - İlk ve Acil Yardım;4aa697bb-e6ff-e511-80c6-a0369f7d1486
2016;3;290160903;Mardin Kızıltepe Devlet Hastanesi;Sağlık Teknikeri;Mardin;Onlisans;1;;74.237;74.237;"3041;5328";3041 - Aşağıdaki önlisans programlarından birinden mezun olmak. | 5328 - Elektronörofizyoloji;b3a497bb-e6ff-e511-80c6-a0369f7d1486
2016;3;290160661;İstanbul Ümraniye Eğitim Ve Araştırma Hastanesi;Sağlık Teknikeri;İstanbul;Onlisans;1;;74.182;74.182;"3009;4205;4231;5302;8512";3009 - Aşağıdaki önlisans programlarından birinden mezun olmak. | 4205 - Ameliyathane Hizmetleri | 4231 - Cerrahi | 5302 - Ameliyathane Teknikerliği | 8512 - Cerrahi Teknikerliği;b2a397bb-e6ff-e511-80c6-a0369f7d1486
2016;3;290161171;Şırnak Devlet Hastanesi;Sağlık Teknikeri;Şırnak;Onlisans;1;;74.104;74.104;"3041;5328";3041 - Aşağıdaki önlisans programlarından birinden mezun olmak. | 5328 - Elektronörofizyoloji;e7a697bb-e6ff-e511-80c6-a0369f7d1486
2016;3;290160021;Afyonkarahisar Devlet Hastanesi;Sağlık Teknikeri;Afyonkarahisar;Onlisans;1;;73.982;73.982;"3009;4205;4231;5302;8512";3009 - Aşağıdaki önlisans programlarından birinden mezun olmak. | 4205 - Ameliyathane Hizmetleri | 4231 - Cerrahi | 5302 - Ameliyathane Teknikerliği | 8512 - Cerrahi Teknikerliği;19a197bb-e6ff-e511-80c6-a0369f7d1486
2016;3;290160821;Kilis Devlet Hastanesi;Sağlık Teknikeri;Kilis;Onlisans;2;;73.961;74.568;"3009;4205;4231;5302;8512";3009 - Aşağıdaki önlisans programlarından birinden mezun olmak. | 4205 - Ameliyathane Hizmetleri | 4231 - Cerrahi | 5302 - Ameliyathane Teknikerliği | 8512 - Cerrahi Teknikerliği;3aa797bb-e6ff-e511-80c6-a0369f7d1486
2016;3;290161197;Tokat Devlet Hastanesi;Sağlık Teknikeri;Tokat;Onlisans;1;;73.936;73.936;"3009;4205;4231;5302;8512";3009 - Aşağıdaki önlisans programlarından birinden mezun olmak. | 4205 - Ameliyathane Hizmetleri | 4231 - Cerrahi | 5302 - Ameliyathane Teknikerliği | 8512 - Cerrahi Teknikerliği;93a597bb-e6ff-e511-80c6-a0369f7d1486
2016;3;290160091;Ardahan Devlet Hastanesi;Sağlık Teknikeri;Ardahan;Onlisans;1;;73.93;73.93;"3009;4205;4231;5302;8512";3009 - Aşağıdaki önlisans programlarından birinden mezun olmak. | 4205 - Ameliyathane Hizmetleri | 4231 - Cerrahi | 5302 - Ameliyathane Teknikerliği | 8512 - Cerrahi Teknikerliği;17a797bb-e6ff-e511-80c6-a0369f7d1486
2016;3;290160257;Çankırı Bayramören 1 Nolu Acil Sağlık Hizmetleri İstasyonu;Sağlık Teknikeri;Çankırı;Onlisans;1;;73.897;73.897;"3005;1101;1105;4201;8585;9082;9178;9196";3005 - Aşağıdaki önlisans programlarından birinden mezun olmak. | 1101 - Acil Bakım Teknikerliği | 1105 - Ambulans ve Acil Bakım Teknikerliği | 4201 - Acil Yardım | 8585 - Acil Yardım Teknikerliği | 9082 - Paramedik | 9178 - Ambulans ve Acil Bakım | 9196 - İlk ve Acil Yardım;eaa197bb-e6ff-e511-80c6-a0369f7d1486
2016;3;290160625;İstanbul Kartal Dr.Lütfi Kırdar Eğitim ve Araştırma Hastanesi;Sağlık Teknikeri;İstanbul;Onlisans;1;;73.861;73.861;"3009;4205;4231;5302;8512";3009 - Aşağıdaki önlisans programlarından birinden mezun olmak. | 4205 - Ameliyathane Hizmetleri | 4231 - Cerrahi | 5302 - Ameliyathane Teknikerliği | 8512 - Cerrahi Teknikerliği;a0a397bb-e6ff-e511-80c6-a0369f7d1486
2016;3;290161065;Sivas Numune Hastanesi;Sağlık Teknikeri;Sivas;Onlisans;1;;73.834;73.834;"3009;4205;4231;5302;8512";3009 - Aşağıdaki önlisans programlarından birinden mezun olmak. | 4205 - Ameliyathane Hizmetleri | 4231 - Cerrahi | 5302 - Ameliyathane Teknikerliği | 8512 - Cerrahi Teknikerliği;85a597bb-e6ff-e511-80c6-a0369f7d1486
2016;3;290160727;Kars Harakani Devlet Hastanesi;Sağlık Teknikeri;Kars;Onlisans;1;;73.817;73.817;"3009;4205;4231;5302;8512";3009 - Aşağıdaki önlisans programlarından birinden mezun olmak. | 4205 - Ameliyathane Hizmetleri | 4231 - Cerrahi | 5302 - Ameliyathane Teknikerliği | 8512 - Cerrahi Teknikerliği;faa397bb-e6ff-e511-80c6-a0369f7d1486
2016;3;290160271;Çorum Kargı (Hacıhamza) 2 Nolu Acil Sağlık Hizmetleri İstasyonu;Sağlık Teknikeri;Çorum;Onlisans;1;;73.808;73.808;"3005;1101;1105;4201;8585;9082;9178;9196";3005 - Aşağıdaki önlisans programlarından birinden mezun olmak. | 1101 - Acil Bakım Teknikerliği | 1105 - Ambulans ve Acil Bakım Teknikerliği | 4201 - Acil Yardım | 8585 - Acil Yardım Teknikerliği | 9082 - Paramedik | 9178 - Ambulans ve Acil Bakım | 9196 - İlk ve Acil Yardım;f1a197bb-e6ff-e511-80c6-a0369f7d1486
2016;3;290160229;Bitlis Hizan 2 Nolu (Sağınlı) Acil Sağlık Hizmetleri İstasyonu;Sağlık Teknikeri;Bitlis;Onlisans;1;;73.73;73.73;"3005;1101;1105;4201;8585;9082;9178;9196";3005 - Aşağıdaki önlisans programlarından birinden mezun olmak. | 1101 - Acil Bakım Teknikerliği | 1105 - Ambulans ve Acil Bakım Teknikerliği | 4201 - Acil Yardım | 8585 - Acil Yardım Teknikerliği | 9082 - Paramedik | 9178 - Ambulans ve Acil Bakım | 9196 - İlk ve Acil Yardım;d8a197bb-e6ff-e511-80c6-a0369f7d1486
2016;3;290160659;İstanbul Topçular Ağız ve Diş Sağlığı Merkezi;Sağlık Teknikeri;İstanbul;Onlisans;1;;73.678;73.678;"3011;1103;1104;1144;8518";3011 - Aşağıdaki önlisans programlarından birinden mezun olmak. | 1103 - Ağız Diş Sağlığı | 1104 - Ağız ve Diş Sağlığı | 1144 - Diş Teknik Sekreterliği | 8518 - Diş Hekimliği-Hijyen;b1a397bb-e6ff-e511-80c6-a0369f7d1486
2016;3;290160939;Muş Devlet Hastanesi;Sağlık Teknikeri;Muş;Onlisans;1;;73.656;73.656;"3009;4205;4231;5302;8512";3009 - Aşağıdaki önlisans programlarından birinden mezun olmak. | 4205 - Ameliyathane Hizmetleri | 4231 - Cerrahi | 5302 - Ameliyathane Teknikerliği | 8512 - Cerrahi Teknikerliği;c4a497bb-e6ff-e511-80c6-a0369f7d1486
2016;3;290161115;Şanlıurfa Mehmet Akif İnan Eğitim ve Araştırma Hastanesi;Sağlık Teknikeri;Şanlıurfa;Onlisans;1;;73.656;73.656;"3045;5340";3045 - Aşağıdaki önlisans programlarından birinden mezun olmak. | 5340 - İş ve Uğraşı Terapisi;cea597bb-e6ff-e511-80c6-a0369f7d1486
2016;3;290160881;Mardin Devlet Hastanesi;Sağlık Teknikeri;Mardin;Onlisans;1;;73.651;73.651;"3009;4205;4231;5302;8512";3009 - Aşağıdaki önlisans programlarından birinden mezun olmak. | 4205 - Ameliyathane Hizmetleri | 4231 - Cerrahi | 5302 - Ameliyathane Teknikerliği | 8512 - Cerrahi Teknikerliği;a8a497bb-e6ff-e511-80c6-a0369f7d1486
2016;3;290160317;Diyarbakır Gazi Yaşargil Eğitim ve Araştırma Hastanesi;Sağlık Teknikeri;Diyarbakır;Onlisans;1;;73.581;73.581;"3009;4205;4231;5302;8512";3009 - Aşağıdaki önlisans programlarından birinden mezun olmak. | 4205 - Ameliyathane Hizmetleri | 4231 - Cerrahi | 5302 - Ameliyathane Teknikerliği | 8512 - Cerrahi Teknikerliği;28a297bb-e6ff-e511-80c6-a0369f7d1486
2016;3;290160667;İstanbul Üsküdar Ahmet Yüksel Özemre Ağız ve Diş Sağlığı Merkezi;Sağlık Teknikeri;İstanbul;Onlisans;1;;73.54;73.54;"3011;1103;1104;1144;8518";3011 - Aşağıdaki önlisans programlarından birinden mezun olmak. | 1103 - Ağız Diş Sağlığı | 1104 - Ağız ve Diş Sağlığı | 1144 - Diş Teknik Sekreterliği | 8518 - Diş Hekimliği-Hijyen;b5a397bb-e6ff-e511-80c6-a0369f7d1486
2016;3;290160955;Nevşehir Ağız ve Diş Sağlığı Merkezi;Sağlık Teknikeri;Nevşehir;Onlisans;2;;73.514;80.819;"3011;1103;1104;1144;8518";3011 - Aşağıdaki önlisans programlarından birinden mezun olmak. | 1103 - Ağız Diş Sağlığı | 1104 - Ağız ve Diş Sağlığı | 1144 - Diş Teknik Sekreterliği | 8518 - Diş Hekimliği-Hijyen;f8a497bb-e6ff-e511-80c6-a0369f7d1486
2016;3;290160033;Ağrı Devlet Hastanesi;Sağlık Teknikeri;Ağrı;Onlisans;1;;73.496;73.496;"3045;5340";3045 - Aşağıdaki önlisans programlarından birinden mezun olmak. | 5340 - İş ve Uğraşı Terapisi;4aa197bb-e6ff-e511-80c6-a0369f7d1486
2016;3;290160715;Karaman Ermenek 2 Nolu Acil Sağlık Hizmetleri İstasyonu;Sağlık Teknikeri;Karaman;Onlisans;1;;73.489;73.489;"3005;1101;1105;4201;8585;9082;9178;9196";3005 - Aşağıdaki önlisans programlarından birinden mezun olmak. | 1101 - Acil Bakım Teknikerliği | 1105 - Ambulans ve Acil Bakım Teknikerliği | 4201 - Acil Yardım | 8585 - Acil Yardım Teknikerliği | 9082 - Paramedik | 9178 - Ambulans ve Acil Bakım | 9196 - İlk ve Acil Yardım;baa697bb-e6ff-e511-80c6-a0369f7d1486
2016;3;290161015;Siirt Devlet Hastanesi;Sağlık Teknikeri;Siirt;Onlisans;1;;73.479;73.479;"3009;4205;4231;5302;8512";3009 - Aşağıdaki önlisans programlarından birinden mezun olmak. | 4205 - Ameliyathane Hizmetleri | 4231 - Cerrahi | 5302 - Ameliyathane Teknikerliği | 8512 - Cerrahi Teknikerliği;47a597bb-e6ff-e511-80c6-a0369f7d1486
2016;3;290160809;Kırşehir Kaman 1 Nolu Acil Sağlık Hizmetleri İstasyonu;Sağlık Teknikeri;Kırşehir;Onlisans;1;;73.337;73.337;"3005;1101;1105;4201;8585;9082;9178;9196";3005 - Aşağıdaki önlisans programlarından birinden mezun olmak. | 1101 - Acil Bakım Teknikerliği | 1105 - Ambulans ve Acil Bakım Teknikerliği | 4201 - Acil Yardım | 8585 - Acil Yardım Teknikerliği | 9082 - Paramedik | 9178 - Ambulans ve Acil Bakım | 9196 - İlk ve Acil Yardım;26a497bb-e6ff-e511-80c6-a0369f7d1486
2016;3;290160615;İstanbul Güngören Ağız Ve Diş Sağlığı Merkezi;Sağlık Teknikeri;İstanbul;Onlisans;2;;73.254;75.047;"3011;1103;1104;1144;8518";3011 - Aşağıdaki önlisans programlarından birinden mezun olmak. | 1103 - Ağız Diş Sağlığı | 1104 - Ağız ve Diş Sağlığı | 1144 - Diş Teknik Sekreterliği | 8518 - Diş Hekimliği-Hijyen;9ba397bb-e6ff-e511-80c6-a0369f7d1486
2016;3;290160709;Karaman 6 Nolu (Bucakkışla) Acil Sağlık Hizmetleri İstasyonu;Sağlık Teknikeri;Karaman;Onlisans;3;;73.244;78.743;"3005;1101;1105;4201;8585;9082;9178;9196";3005 - Aşağıdaki önlisans programlarından birinden mezun olmak. | 1101 - Acil Bakım Teknikerliği | 1105 - Ambulans ve Acil Bakım Teknikerliği | 4201 - Acil Yardım | 8585 - Acil Yardım Teknikerliği | 9082 - Paramedik | 9178 - Ambulans ve Acil Bakım | 9196 - İlk ve Acil Yardım;b7a697bb-e6ff-e511-80c6-a0369f7d1486
2016;3;290160591;İstanbul Beykoz Ağız ve Diş Sağlığı Merkezi;Sağlık Teknikeri;İstanbul;Onlisans;2;;73.208;73.427;"3011;1103;1104;1144;8518";3011 - Aşağıdaki önlisans programlarından birinden mezun olmak. | 1103 - Ağız Diş Sağlığı | 1104 - Ağız ve Diş Sağlığı | 1144 - Diş Teknik Sekreterliği | 8518 - Diş Hekimliği-Hijyen;8fa397bb-e6ff-e511-80c6-a0369f7d1486
2016;3;290160883;Mardin Devlet Hastanesi;Sağlık Teknikeri;Mardin;Onlisans;1;;73.191;73.191;"3045;5340";3045 - Aşağıdaki önlisans programlarından birinden mezun olmak. | 5340 - İş ve Uğraşı Terapisi;a9a497bb-e6ff-e511-80c6-a0369f7d1486
2016;3;290161051;Sivas Ağız ve Diş Sağlığı Merkezi;Sağlık Teknikeri;Sivas;Onlisans;1;;73.076;73.076;"3011;1103;1104;1144;8518";3011 - Aşağıdaki önlisans programlarından birinden mezun olmak. | 1103 - Ağız Diş Sağlığı | 1104 - Ağız ve Diş Sağlığı | 1144 - Diş Teknik Sekreterliği | 8518 - Diş Hekimliği-Hijyen;7ea597bb-e6ff-e511-80c6-a0369f7d1486
2016;3;290160967;Niğde Ağız ve Diş Sağlığı Merkezi;Sağlık Teknikeri;Niğde;Onlisans;3;;73.066;74.378;"3011;1103;1104;1144;8518";3011 - Aşağıdaki önlisans programlarından birinden mezun olmak. | 1103 - Ağız Diş Sağlığı | 1104 - Ağız ve Diş Sağlığı | 1144 - Diş Teknik Sekreterliği | 8518 - Diş Hekimliği-Hijyen;fea497bb-e6ff-e511-80c6-a0369f7d1486
2016;3;290160073;Aksaray Ağız ve Diş Sağlığı Merkezi;Sağlık Teknikeri;Aksaray;Onlisans;2;;73.033;73.279;"3011;1103;1104;1144;8518";3011 - Aşağıdaki önlisans programlarından birinden mezun olmak. | 1103 - Ağız Diş Sağlığı | 1104 - Ağız ve Diş Sağlığı | 1144 - Diş Teknik Sekreterliği | 8518 - Diş Hekimliği-Hijyen;a0a697bb-e6ff-e511-80c6-a0369f7d1486
2016;3;290160791;Kastamonu İnebolu 2 Nolu Acil Sağlık Hizmetleri İstasyonu;Sağlık Teknikeri;Kastamonu;Onlisans;1;;72.963;72.963;"3005;1101;1105;4201;8585;9082;9178;9196";3005 - Aşağıdaki önlisans programlarından birinden mezun olmak. | 1101 - Acil Bakım Teknikerliği | 1105 - Ambulans ve Acil Bakım Teknikerliği | 4201 - Acil Yardım | 8585 - Acil Yardım Teknikerliği | 9082 - Paramedik | 9178 - Ambulans ve Acil Bakım | 9196 - İlk ve Acil Yardım;1aa497bb-e6ff-e511-80c6-a0369f7d1486
2016;3;290161299;Yozgat Ağız Ve Diş Sağlığı Merkezi;Sağlık Teknikeri;Yozgat;Onlisans;1;;72.913;72.913;"3011;1103;1104;1144;8518";3011 - Aşağıdaki önlisans programlarından birinden mezun olmak. | 1103 - Ağız Diş Sağlığı | 1104 - Ağız ve Diş Sağlığı | 1144 - Diş Teknik Sekreterliği | 8518 - Diş Hekimliği-Hijyen;81a697bb-e6ff-e511-80c6-a0369f7d1486
2016;3;290160079;Amasya Göynücek 2 Nolu Acil Sağlık Hizmetleri İstasyonu;Sağlık Teknikeri;Amasya;Onlisans;1;;72.894;72.894;"3005;1101;1105;4201;8585;9082;9178;9196";3005 - Aşağıdaki önlisans programlarından birinden mezun olmak. | 1101 - Acil Bakım Teknikerliği | 1105 - Ambulans ve Acil Bakım Teknikerliği | 4201 - Acil Yardım | 8585 - Acil Yardım Teknikerliği | 9082 - Paramedik | 9178 - Ambulans ve Acil Bakım | 9196 - İlk ve Acil Yardım;76a197bb-e6ff-e511-80c6-a0369f7d1486
2016;3;290160467;Gaziantep Nizip Ağız ve Diş Sağlığı Merkezi;Sağlık Teknikeri;Gaziantep;Onlisans;1;;72.781;72.781;"3011;1103;1104;1144;8518";3011 - Aşağıdaki önlisans programlarından birinden mezun olmak. | 1103 - Ağız Diş Sağlığı | 1104 - Ağız ve Diş Sağlığı | 1144 - Diş Teknik Sekreterliği | 8518 - Diş Hekimliği-Hijyen;bfa297bb-e6ff-e511-80c6-a0369f7d1486
2016;3;290160805;Kırşehir Akpınar 1 No.Lu Acil Sağlık Hizmetleri İstasyonu;Sağlık Teknikeri;Kırşehir;Onlisans;1;;72.781;72.781;"3005;1101;1105;4201;8585;9082;9178;9196";3005 - Aşağıdaki önlisans programlarından birinden mezun olmak. | 1101 - Acil Bakım Teknikerliği | 1105 - Ambulans ve Acil Bakım Teknikerliği | 4201 - Acil Yardım | 8585 - Acil Yardım Teknikerliği | 9082 - Paramedik | 9178 - Ambulans ve Acil Bakım | 9196 - İlk ve Acil Yardım;24a497bb-e6ff-e511-80c6-a0369f7d1486
2016;3;290160141;Batman 1 Nolu Acil Sağlık Hizmetleri İstasyonu;Sağlık Teknikeri;Batman;Onlisans;2;;72.758;78.282;"3005;1101;1105;4201;8585;9082;9178;9196";3005 - Aşağıdaki önlisans programlarından birinden mezun olmak. | 1101 - Acil Bakım Teknikerliği | 1105 - Ambulans ve Acil Bakım Teknikerliği | 4201 - Acil Yardım | 8585 - Acil Yardım Teknikerliği | 9082 - Paramedik | 9178 - Ambulans ve Acil Bakım | 9196 - İlk ve Acil Yardım;c5a697bb-e6ff-e511-80c6-a0369f7d1486
2016;3;290160783;Kastamonu Doğanyurt 1 Nolu Acil Sağlık Hizmetleri İstasyonu;Sağlık Teknikeri;Kastamonu;Onlisans;1;;72.73;72.73;"3005;1101;1105;4201;8585;9082;9178;9196";3005 - Aşağıdaki önlisans programlarından birinden mezun olmak. | 1101 - Acil Bakım Teknikerliği | 1105 - Ambulans ve Acil Bakım Teknikerliği | 4201 - Acil Yardım | 8585 - Acil Yardım Teknikerliği | 9082 - Paramedik | 9178 - Ambulans ve Acil Bakım | 9196 - İlk ve Acil Yardım;16a497bb-e6ff-e511-80c6-a0369f7d1486
2016;3;290161205;Tokat Turhal 1 Nolu Acil Sağlık Hizmetleri İstasyonu;Sağlık Teknikeri;Tokat;Onlisans;1;;72.664;72.664;"3005;1101;1105;4201;8585;9082;9178;9196";3005 - Aşağıdaki önlisans programlarından birinden mezun olmak. | 1101 - Acil Bakım Teknikerliği | 1105 - Ambulans ve Acil Bakım Teknikerliği | 4201 - Acil Yardım | 8585 - Acil Yardım Teknikerliği | 9082 - Paramedik | 9178 - Ambulans ve Acil Bakım | 9196 - İlk ve Acil Yardım;97a597bb-e6ff-e511-80c6-a0369f7d1486
2016;3;290160803;Kırşehir Akçakent 1 Nolu Acil Sağlık Hizmetleri İstasyonu;Sağlık Teknikeri;Kırşehir;Onlisans;1;;72.642;72.642;"3005;1101;1105;4201;8585;9082;9178;9196";3005 - Aşağıdaki önlisans programlarından birinden mezun olmak. | 1101 - Acil Bakım Teknikerliği | 1105 - Ambulans ve Acil Bakım Teknikerliği | 4201 - Acil Yardım | 8585 - Acil Yardım Teknikerliği | 9082 - Paramedik | 9178 - Ambulans ve Acil Bakım | 9196 - İlk ve Acil Yardım;23a497bb-e6ff-e511-80c6-a0369f7d1486
2016;3;290161045;Sinop Ayancık 4 Nolu (Doğanlı) Acil Sağlık Hizmetleri İstasyonu;Sağlık Teknikeri;Sinop;Onlisans;1;;72.56;72.56;"3005;1101;1105;4201;8585;9082;9178;9196";3005 - Aşağıdaki önlisans programlarından birinden mezun olmak. | 1101 - Acil Bakım Teknikerliği | 1105 - Ambulans ve Acil Bakım Teknikerliği | 4201 - Acil Yardım | 8585 - Acil Yardım Teknikerliği | 9082 - Paramedik | 9178 - Ambulans ve Acil Bakım | 9196 - İlk ve Acil Yardım;5fa597bb-e6ff-e511-80c6-a0369f7d1486
2016;3;290160545;Hatay İskenderun 3 Nolu Acıl Sağlık Hizmetleri İstasyonu;Sağlık Teknikeri;Hatay;Onlisans;1;;72.514;72.514;"3005;1101;1105;4201;8585;9082;9178;9196";3005 - Aşağıdaki önlisans programlarından birinden mezun olmak. | 1101 - Acil Bakım Teknikerliği | 1105 - Ambulans ve Acil Bakım Teknikerliği | 4201 - Acil Yardım | 8585 - Acil Yardım Teknikerliği | 9082 - Paramedik | 9178 - Ambulans ve Acil Bakım | 9196 - İlk ve Acil Yardım;1da397bb-e6ff-e511-80c6-a0369f7d1486
2016;3;290161201;Tokat Niksar 1 Nolu Acil Sağlık Hizmetleri İstasyonu;Sağlık Teknikeri;Tokat;Onlisans;1;;72.509;72.509;"3005;1101;1105;4201;8585;9082;9178;9196";3005 - Aşağıdaki önlisans programlarından birinden mezun olmak. | 1101 - Acil Bakım Teknikerliği | 1105 - Ambulans ve Acil Bakım Teknikerliği | 4201 - Acil Yardım | 8585 - Acil Yardım Teknikerliği | 9082 - Paramedik | 9178 - Ambulans ve Acil Bakım | 9196 - İlk ve Acil Yardım;95a597bb-e6ff-e511-80c6-a0369f7d1486
2016;3;290161019;Siirt Devlet Hastanesi;Sağlık Teknikeri;Siirt;Onlisans;1;;72.485;72.485;"3045;5340";3045 - Aşağıdaki önlisans programlarından birinden mezun olmak. | 5340 - İş ve Uğraşı Terapisi;49a597bb-e6ff-e511-80c6-a0369f7d1486
2016;3;290160321;Diyarbakır Gazi Yaşargil Eğitim ve Araştırma Hastanesi;Sağlık Teknikeri;Diyarbakır;Onlisans;1;;72.461;72.461;"3045;5340";3045 - Aşağıdaki önlisans programlarından birinden mezun olmak. | 5340 - İş ve Uğraşı Terapisi;2aa297bb-e6ff-e511-80c6-a0369f7d1486
2016;3;290161047;Sinop Boyabat 2 Nolu Acil Sağlık Hizmetleri İstasyonu;Sağlık Teknikeri;Sinop;Onlisans;2;;72.431;75.182;"3005;1101;1105;4201;8585;9082;9178;9196";3005 - Aşağıdaki önlisans programlarından birinden mezun olmak. | 1101 - Acil Bakım Teknikerliği | 1105 - Ambulans ve Acil Bakım Teknikerliği | 4201 - Acil Yardım | 8585 - Acil Yardım Teknikerliği | 9082 - Paramedik | 9178 - Ambulans ve Acil Bakım | 9196 - İlk ve Acil Yardım;60a597bb-e6ff-e511-80c6-a0369f7d1486
2016;3;290160645;İstanbul Sancaktepe Ağız ve Diş Sağlığı Merkezi;Sağlık Teknikeri;İstanbul;Onlisans;2;;72.404;72.695;"3011;1103;1104;1144;8518";3011 - Aşağıdaki önlisans programlarından birinden mezun olmak. | 1103 - Ağız Diş Sağlığı | 1104 - Ağız ve Diş Sağlığı | 1144 - Diş Teknik Sekreterliği | 8518 - Diş Hekimliği-Hijyen;aaa397bb-e6ff-e511-80c6-a0369f7d1486
2016;3;290160595;İstanbul Beylikdüzü Ağız ve Diş Sağlığı Merkezi;Sağlık Teknikeri;İstanbul;Onlisans;2;;72.387;72.59;"3011;1103;1104;1144;8518";3011 - Aşağıdaki önlisans programlarından birinden mezun olmak. | 1103 - Ağız Diş Sağlığı | 1104 - Ağız ve Diş Sağlığı | 1144 - Diş Teknik Sekreterliği | 8518 - Diş Hekimliği-Hijyen;91a397bb-e6ff-e511-80c6-a0369f7d1486
2016;3;290160377;Erzincan Ağız ve Diş Sağlığı Merkezi;Sağlık Teknikeri;Erzincan;Onlisans;1;;72.349;72.349;"3011;1103;1104;1144;8518";3011 - Aşağıdaki önlisans programlarından birinden mezun olmak. | 1103 - Ağız Diş Sağlığı | 1104 - Ağız ve Diş Sağlığı | 1144 - Diş Teknik Sekreterliği | 8518 - Diş Hekimliği-Hijyen;59a297bb-e6ff-e511-80c6-a0369f7d1486
2016;3;290160771;Kastamonu Ağız ve Diş Sağlığı Merkezi;Sağlık Teknikeri;Kastamonu;Onlisans;2;;72.319;74.043;"3011;1103;1104;1144;8518";3011 - Aşağıdaki önlisans programlarından birinden mezun olmak. | 1103 - Ağız Diş Sağlığı | 1104 - Ağız ve Diş Sağlığı | 1144 - Diş Teknik Sekreterliği | 8518 - Diş Hekimliği-Hijyen;10a497bb-e6ff-e511-80c6-a0369f7d1486
2016;3;290160799;Kastamonu Seydiler 1 Nolu Acil Sağlık Hizmetleri İstasyonu;Sağlık Teknikeri;Kastamonu;Onlisans;1;;72.319;72.319;"3005;1101;1105;4201;8585;9082;9178;9196";3005 - Aşağıdaki önlisans programlarından birinden mezun olmak. | 1101 - Acil Bakım Teknikerliği | 1105 - Ambulans ve Acil Bakım Teknikerliği | 4201 - Acil Yardım | 8585 - Acil Yardım Teknikerliği | 9082 - Paramedik | 9178 - Ambulans ve Acil Bakım | 9196 - İlk ve Acil Yardım;1ea497bb-e6ff-e511-80c6-a0369f7d1486
2016;3;290160439;Erzurum Palandöken 3 Nolu Acil Sağlık Hizmetleri İstasyonu;Sağlık Teknikeri;Erzurum;Onlisans;1;;72.246;72.246;"3005;1101;1105;4201;8585;9082;9178;9196";3005 - Aşağıdaki önlisans programlarından birinden mezun olmak. | 1101 - Acil Bakım Teknikerliği | 1105 - Ambulans ve Acil Bakım Teknikerliği | 4201 - Acil Yardım | 8585 - Acil Yardım Teknikerliği | 9082 - Paramedik | 9178 - Ambulans ve Acil Bakım | 9196 - İlk ve Acil Yardım;b1a297bb-e6ff-e511-80c6-a0369f7d1486
2016;3;290161049;Sinop Türkeli 2 Nolu Acil Sağlık Hizmetleri İstasyonu;Sağlık Teknikeri;Sinop;Onlisans;1;;72.246;72.246;"3005;1101;1105;4201;8585;9082;9178;9196";3005 - Aşağıdaki önlisans programlarından birinden mezun olmak. | 1101 - Acil Bakım Teknikerliği | 1105 - Ambulans ve Acil Bakım Teknikerliği | 4201 - Acil Yardım | 8585 - Acil Yardım Teknikerliği | 9082 - Paramedik | 9178 - Ambulans ve Acil Bakım | 9196 - İlk ve Acil Yardım;61a597bb-e6ff-e511-80c6-a0369f7d1486
2016;3;290160435;Erzurum Oltu 1 Nolu Acıl Sağlık Hizmetleri İstasyonu;Sağlık Teknikeri;Erzurum;Onlisans;1;;72.226;72.226;"3005;1101;1105;4201;8585;9082;9178;9196";3005 - Aşağıdaki önlisans programlarından birinden mezun olmak. | 1101 - Acil Bakım Teknikerliği | 1105 - Ambulans ve Acil Bakım Teknikerliği | 4201 - Acil Yardım | 8585 - Acil Yardım Teknikerliği | 9082 - Paramedik | 9178 - Ambulans ve Acil Bakım | 9196 - İlk ve Acil Yardım;afa297bb-e6ff-e511-80c6-a0369f7d1486
2016;3;290160719;Kars Ağız ve Diş Sağlığı Merkezi;Sağlık Teknikeri;Kars;Onlisans;1;;72.158;72.158;"3011;1103;1104;1144;8518";3011 - Aşağıdaki önlisans programlarından birinden mezun olmak. | 1103 - Ağız Diş Sağlığı | 1104 - Ağız ve Diş Sağlığı | 1144 - Diş Teknik Sekreterliği | 8518 - Diş Hekimliği-Hijyen;f6a397bb-e6ff-e511-80c6-a0369f7d1486
2016;3;290160255;Çankırı Ağız ve Diş Sağlığı Merkezi;Sağlık Teknikeri;Çankırı;Onlisans;2;;72.151;72.357;"3011;1103;1104;1144;8518";3011 - Aşağıdaki önlisans programlarından birinden mezun olmak. | 1103 - Ağız Diş Sağlığı | 1104 - Ağız ve Diş Sağlığı | 1144 - Diş Teknik Sekreterliği | 8518 - Diş Hekimliği-Hijyen;e9a197bb-e6ff-e511-80c6-a0369f7d1486
2016;3;290161321;Yozgat Yerköy 2 Nolu Acil Sağlık Hizmetleri İstasyonu;Sağlık Teknikeri;Yozgat;Onlisans;1;;72.144;72.144;"3005;1101;1105;4201;8585;9082;9178;9196";3005 - Aşağıdaki önlisans programlarından birinden mezun olmak. | 1101 - Acil Bakım Teknikerliği | 1105 - Ambulans ve Acil Bakım Teknikerliği | 4201 - Acil Yardım | 8585 - Acil Yardım Teknikerliği | 9082 - Paramedik | 9178 - Ambulans ve Acil Bakım | 9196 - İlk ve Acil Yardım;8ca697bb-e6ff-e511-80c6-a0369f7d1486
2016;3;290160401;Erzurum Ağız ve Diş Sağlığı Merkezi;Sağlık Teknikeri;Erzurum;Onlisans;2;;72.141;73.351;"3011;1103;1104;1144;8518";3011 - Aşağıdaki önlisans programlarından birinden mezun olmak. | 1103 - Ağız Diş Sağlığı | 1104 - Ağız ve Diş Sağlığı | 1144 - Diş Teknik Sekreterliği | 8518 - Diş Hekimliği-Hijyen;9ea297bb-e6ff-e511-80c6-a0369f7d1486
2016;3;290160087;Amasya Taşova 2 Nolu Acil Sağlık Hizmetleri İstasyonu;Sağlık Teknikeri;Amasya;Onlisans;1;;72.074;72.074;"3005;1101;1105;4201;8585;9082;9178;9196";3005 - Aşağıdaki önlisans programlarından birinden mezun olmak. | 1101 - Acil Bakım Teknikerliği | 1105 - Ambulans ve Acil Bakım Teknikerliği | 4201 - Acil Yardım | 8585 - Acil Yardım Teknikerliği | 9082 - Paramedik | 9178 - Ambulans ve Acil Bakım | 9196 - İlk ve Acil Yardım;7aa197bb-e6ff-e511-80c6-a0369f7d1486
2016;3;290160485;Gümüşhane Kürtün 1 Nolu Acil Sağlık Hizmetleri İstasyonu;Sağlık Teknikeri;Gümüşhane;Onlisans;2;;72.066;72.401;"3005;1101;1105;4201;8585;9082;9178;9196";3005 - Aşağıdaki önlisans programlarından birinden mezun olmak. | 1101 - Acil Bakım Teknikerliği | 1105 - Ambulans ve Acil Bakım Teknikerliği | 4201 - Acil Yardım | 8585 - Acil Yardım Teknikerliği | 9082 - Paramedik | 9178 - Ambulans ve Acil Bakım | 9196 - İlk ve Acil Yardım;d2a297bb-e6ff-e511-80c6-a0369f7d1486
2016;3;290161075;Şanlıurfa Ağız ve Diş Sağlığı Merkezi;Sağlık Teknikeri;Şanlıurfa;Onlisans;4;;72.061;72.29;"3011;1103;1104;1144;8518";3011 - Aşağıdaki önlisans programlarından birinden mezun olmak. | 1103 - Ağız Diş Sağlığı | 1104 - Ağız ve Diş Sağlığı | 1144 - Diş Teknik Sekreterliği | 8518 - Diş Hekimliği-Hijyen;baa597bb-e6ff-e511-80c6-a0369f7d1486
2016;3;290160795;Kastamonu Pınarbaşı 1 Nolu Acil Sağlık Hizmetleri İstasyonu;Sağlık Teknikeri;Kastamonu;Onlisans;1;;72.036;72.036;"3005;1101;1105;4201;8585;9082;9178;9196";3005 - Aşağıdaki önlisans programlarından birinden mezun olmak. | 1101 - Acil Bakım Teknikerliği | 1105 - Ambulans ve Acil Bakım Teknikerliği | 4201 - Acil Yardım | 8585 - Acil Yardım Teknikerliği | 9082 - Paramedik | 9178 - Ambulans ve Acil Bakım | 9196 - İlk ve Acil Yardım;1ca497bb-e6ff-e511-80c6-a0369f7d1486
2016;3;290161225;Van Ağız Ve Diş Sağlığı Merkezi;Sağlık Teknikeri;Van;Onlisans;2;;72.022;72.639;"3011;1103;1104;1144;8518";3011 - Aşağıdaki önlisans programlarından birinden mezun olmak. | 1103 - Ağız Diş Sağlığı | 1104 - Ağız ve Diş Sağlığı | 1144 - Diş Teknik Sekreterliği | 8518 - Diş Hekimliği-Hijyen;26a697bb-e6ff-e511-80c6-a0369f7d1486
2016;3;290161207;Tokat Zile 1 Nolu Acil Sağlık Hizmetleri İstasyonu;Sağlık Teknikeri;Tokat;Onlisans;1;;72.016;72.016;"3005;1101;1105;4201;8585;9082;9178;9196";3005 - Aşağıdaki önlisans programlarından birinden mezun olmak. | 1101 - Acil Bakım Teknikerliği | 1105 - Ambulans ve Acil Bakım Teknikerliği | 4201 - Acil Yardım | 8585 - Acil Yardım Teknikerliği | 9082 - Paramedik | 9178 - Ambulans ve Acil Bakım | 9196 - İlk ve Acil Yardım;98a597bb-e6ff-e511-80c6-a0369f7d1486
2016;3;290160577;İstanbul Avcılar Ağız ve Diş Sağlığı Merkezi;Sağlık Teknikeri;İstanbul;Onlisans;2;;72.0;74.997;"3011;1103;1104;1144;8518";3011 - Aşağıdaki önlisans programlarından birinden mezun olmak. | 1103 - Ağız Diş Sağlığı | 1104 - Ağız ve Diş Sağlığı | 1144 - Diş Teknik Sekreterliği | 8518 - Diş Hekimliği-Hijyen;88a397bb-e6ff-e511-80c6-a0369f7d1486
2016;3;290160781;Kastamonu Devrekani 2 Nolu Acil Sağlık Hizmetleri İstasyonu;Sağlık Teknikeri;Kastamonu;Onlisans;1;;71.989;71.989;"3005;1101;1105;4201;8585;9082;9178;9196";3005 - Aşağıdaki önlisans programlarından birinden mezun olmak. | 1101 - Acil Bakım Teknikerliği | 1105 - Ambulans ve Acil Bakım Teknikerliği | 4201 - Acil Yardım | 8585 - Acil Yardım Teknikerliği | 9082 - Paramedik | 9178 - Ambulans ve Acil Bakım | 9196 - İlk ve Acil Yardım;15a497bb-e6ff-e511-80c6-a0369f7d1486
2016;3;290160961;Nevşehir Hacıbektaş 1 Nolu 112 Acil Sağlık Hizmetleri İstasyonu;Sağlık Teknikeri;Nevşehir;Onlisans;3;;71.978;73.719;"3005;1101;1105;4201;8585;9082;9178;9196";3005 - Aşağıdaki önlisans programlarından birinden mezun olmak. | 1101 - Acil Bakım Teknikerliği | 1105 - Ambulans ve Acil Bakım Teknikerliği | 4201 - Acil Yardım | 8585 - Acil Yardım Teknikerliği | 9082 - Paramedik | 9178 - Ambulans ve Acil Bakım | 9196 - İlk ve Acil Yardım;fba497bb-e6ff-e511-80c6-a0369f7d1486
2016;3;290160005;Adıyaman Ağız ve Diş Sağlığı Merkezi;Sağlık Teknikeri;Adıyaman;Onlisans;4;;71.966;76.514;"3011;1103;1104;1144;8518";3011 - Aşağıdaki önlisans programlarından birinden mezun olmak. | 1103 - Ağız Diş Sağlığı | 1104 - Ağız ve Diş Sağlığı | 1144 - Diş Teknik Sekreterliği | 8518 - Diş Hekimliği-Hijyen;09a197bb-e6ff-e511-80c6-a0369f7d1486
2016;3;290160927;Muş 2 Nolu Acil Sağlık Hizmetleri İstasyonu;Sağlık Teknikeri;Muş;Onlisans;1;;71.966;71.966;"3005;1101;1105;4201;8585;9082;9178;9196";3005 - Aşağıdaki önlisans programlarından birinden mezun olmak. | 1101 - Acil Bakım Teknikerliği | 1105 - Ambulans ve Acil Bakım Teknikerliği | 4201 - Acil Yardım | 8585 - Acil Yardım Teknikerliği | 9082 - Paramedik | 9178 - Ambulans ve Acil Bakım | 9196 - İlk ve Acil Yardım;bea497bb-e6ff-e511-80c6-a0369f7d1486
2016;3;290160543;Hatay İskenderun 2 Nolu Acıl Sağlık Hizmetleri İstasyonu;Sağlık Teknikeri;Hatay;Onlisans;1;;71.95;71.95;"3005;1101;1105;4201;8585;9082;9178;9196";3005 - Aşağıdaki önlisans programlarından birinden mezun olmak. | 1101 - Acil Bakım Teknikerliği | 1105 - Ambulans ve Acil Bakım Teknikerliği | 4201 - Acil Yardım | 8585 - Acil Yardım Teknikerliği | 9082 - Paramedik | 9178 - Ambulans ve Acil Bakım | 9196 - İlk ve Acil Yardım;1ca397bb-e6ff-e511-80c6-a0369f7d1486
2016;3;290160895;Mardin Kızıltepe 5 Nolu Acil Sağlık Hizmetleri İstasyonu;Sağlık Teknikeri;Mardin;Onlisans;1;;71.941;71.941;"3005;1101;1105;4201;8585;9082;9178;9196";3005 - Aşağıdaki önlisans programlarından birinden mezun olmak. | 1101 - Acil Bakım Teknikerliği | 1105 - Ambulans ve Acil Bakım Teknikerliği | 4201 - Acil Yardım | 8585 - Acil Yardım Teknikerliği | 9082 - Paramedik | 9178 - Ambulans ve Acil Bakım | 9196 - İlk ve Acil Yardım;afa497bb-e6ff-e511-80c6-a0369f7d1486
2016;3;290160807;Kırşehir Boztepe 1 Nolu Acil Sağlık Hizmetleri İstasyonu;Sağlık Teknikeri;Kırşehir;Onlisans;1;;71.916;71.916;"3005;1101;1105;4201;8585;9082;9178;9196";3005 - Aşağıdaki önlisans programlarından birinden mezun olmak. | 1101 - Acil Bakım Teknikerliği | 1105 - Ambulans ve Acil Bakım Teknikerliği | 4201 - Acil Yardım | 8585 - Acil Yardım Teknikerliği | 9082 - Paramedik | 9178 - Ambulans ve Acil Bakım | 9196 - İlk ve Acil Yardım;25a497bb-e6ff-e511-80c6-a0369f7d1486
2016;3;290160071;Aksaray Ağaçören 1 Nolu Acil Sağlık Hizmetleri İstasyonu;Sağlık Teknikeri;Aksaray;Onlisans;2;;71.883;71.911;"3005;1101;1105;4201;8585;9082;9178;9196";3005 - Aşağıdaki önlisans programlarından birinden mezun olmak. | 1101 - Acil Bakım Teknikerliği | 1105 - Ambulans ve Acil Bakım Teknikerliği | 4201 - Acil Yardım | 8585 - Acil Yardım Teknikerliği | 9082 - Paramedik | 9178 - Ambulans ve Acil Bakım | 9196 - İlk ve Acil Yardım;9fa697bb-e6ff-e511-80c6-a0369f7d1486
2016;3;290160713;Karaman Başyayla 1 Nolu Acil Sağlık Hizmetleri İstasyonu;Sağlık Teknikeri;Karaman;Onlisans;3;;71.864;72.434;"3005;1101;1105;4201;8585;9082;9178;9196";3005 - Aşağıdaki önlisans programlarından birinden mezun olmak. | 1101 - Acil Bakım Teknikerliği | 1105 - Ambulans ve Acil Bakım Teknikerliği | 4201 - Acil Yardım | 8585 - Acil Yardım Teknikerliği | 9082 - Paramedik | 9178 - Ambulans ve Acil Bakım | 9196 - İlk ve Acil Yardım;b9a697bb-e6ff-e511-80c6-a0369f7d1486
2016;3;290160403;Erzurum Aziziye 2 Nolu Acil Sağlık Hizmetleri İstasyonu;Sağlık Teknikeri;Erzurum;Onlisans;1;;71.861;71.861;"3005;1101;1105;4201;8585;9082;9178;9196";3005 - Aşağıdaki önlisans programlarından birinden mezun olmak. | 1101 - Acil Bakım Teknikerliği | 1105 - Ambulans ve Acil Bakım Teknikerliği | 4201 - Acil Yardım | 8585 - Acil Yardım Teknikerliği | 9082 - Paramedik | 9178 - Ambulans ve Acil Bakım | 9196 - İlk ve Acil Yardım;9fa297bb-e6ff-e511-80c6-a0369f7d1486
2016;3;290160777;Kastamonu Çatalzeytin 1 Nolu Acil Sağlık Hizmetleri İstasyonu;Sağlık Teknikeri;Kastamonu;Onlisans;1;;71.86;71.86;"3005;1101;1105;4201;8585;9082;9178;9196";3005 - Aşağıdaki önlisans programlarından birinden mezun olmak. | 1101 - Acil Bakım Teknikerliği | 1105 - Ambulans ve Acil Bakım Teknikerliği | 4201 - Acil Yardım | 8585 - Acil Yardım Teknikerliği | 9082 - Paramedik | 9178 - Ambulans ve Acil Bakım | 9196 - İlk ve Acil Yardım;13a497bb-e6ff-e511-80c6-a0369f7d1486
2016;3;290160801;Kırşehir Ağız ve Diş Sağlığı Merkezi;Sağlık Teknikeri;Kırşehir;Onlisans;3;;71.852;72.799;"3011;1103;1104;1144;8518";3011 - Aşağıdaki önlisans programlarından birinden mezun olmak. | 1103 - Ağız Diş Sağlığı | 1104 - Ağız ve Diş Sağlığı | 1144 - Diş Teknik Sekreterliği | 8518 - Diş Hekimliği-Hijyen;22a497bb-e6ff-e511-80c6-a0369f7d1486
2016;3;290160551;Hatay İskenderun 7 Nolu Acil Sağlık Hizmetleri İstasyonu;Sağlık Teknikeri;Hatay;Onlisans;3;;71.849;71.908;"3005;1101;1105;4201;8585;9082;9178;9196";3005 - Aşağıdaki önlisans programlarından birinden mezun olmak. | 1101 - Acil Bakım Teknikerliği | 1105 - Ambulans ve Acil Bakım Teknikerliği | 4201 - Acil Yardım | 8585 - Acil Yardım Teknikerliği | 9082 - Paramedik | 9178 - Ambulans ve Acil Bakım | 9196 - İlk ve Acil Yardım;20a397bb-e6ff-e511-80c6-a0369f7d1486
2016;3;290160121;Artvin Borçka 2 Nolu Acil Sağlık Hizmetleri İstasyonu;Sağlık Teknikeri;Artvin;Onlisans;2;;71.844;71.935;"3005;1101;1105;4201;8585;9082;9178;9196";3005 - Aşağıdaki önlisans programlarından birinden mezun olmak. | 1101 - Acil Bakım Teknikerliği | 1105 - Ambulans ve Acil Bakım Teknikerliği | 4201 - Acil Yardım | 8585 - Acil Yardım Teknikerliği | 9082 - Paramedik | 9178 - Ambulans ve Acil Bakım | 9196 - İlk ve Acil Yardım;82a197bb-e6ff-e511-80c6-a0369f7d1486
2016;3;290160969;Niğde Altunhisar 1 Nolu Acil Sağlık Hizmetleri İstasyonu;Sağlık Teknikeri;Niğde;Onlisans;2;;71.837;72.669;"3005;1101;1105;4201;8585;9082;9178;9196";3005 - Aşağıdaki önlisans programlarından birinden mezun olmak. | 1101 - Acil Bakım Teknikerliği | 1105 - Ambulans ve Acil Bakım Teknikerliği | 4201 - Acil Yardım | 8585 - Acil Yardım Teknikerliği | 9082 - Paramedik | 9178 - Ambulans ve Acil Bakım | 9196 - İlk ve Acil Yardım;ffa497bb-e6ff-e511-80c6-a0369f7d1486
2016;3;290160789;Kastamonu İhsangazi 1 Nolu Acil Sağlık Hizmetleri İstasyonu;Sağlık Teknikeri;Kastamonu;Onlisans;1;;71.826;71.826;"3005;1101;1105;4201;8585;9082;9178;9196";3005 - Aşağıdaki önlisans programlarından birinden mezun olmak. | 1101 - Acil Bakım Teknikerliği | 1105 - Ambulans ve Acil Bakım Teknikerliği | 4201 - Acil Yardım | 8585 - Acil Yardım Teknikerliği | 9082 - Paramedik | 9178 - Ambulans ve Acil Bakım | 9196 - İlk ve Acil Yardım;19a497bb-e6ff-e511-80c6-a0369f7d1486
2016;3;290160957;Nevşehir Avanos 2 (Topaklı) Nolu Acil Sağlık Hizmetleri İstasyonu;Sağlık Teknikeri;Nevşehir;Onlisans;1;;71.822;71.822;"3005;1101;1105;4201;8585;9082;9178;9196";3005 - Aşağıdaki önlisans programlarından birinden mezun olmak. | 1101 - Acil Bakım Teknikerliği | 1105 - Ambulans ve Acil Bakım Teknikerliği | 4201 - Acil Yardım | 8585 - Acil Yardım Teknikerliği | 9082 - Paramedik | 9178 - Ambulans ve Acil Bakım | 9196 - İlk ve Acil Yardım;f9a497bb-e6ff-e511-80c6-a0369f7d1486
2016;3;290161057;Sivas Hafik 2 Nolu Acil Sağlık Hizmetleri İstasyonu;Sağlık Teknikeri;Sivas;Onlisans;2;;71.816;77.511;"3005;1101;1105;4201;8585;9082;9178;9196";3005 - Aşağıdaki önlisans programlarından birinden mezun olmak. | 1101 - Acil Bakım Teknikerliği | 1105 - Ambulans ve Acil Bakım Teknikerliği | 4201 - Acil Yardım | 8585 - Acil Yardım Teknikerliği | 9082 - Paramedik | 9178 - Ambulans ve Acil Bakım | 9196 - İlk ve Acil Yardım;81a597bb-e6ff-e511-80c6-a0369f7d1486
2016;3;290160489;Gümüşhane Torul 2 Nolu Acil Sağlık Hizmetleri İstasyonu;Sağlık Teknikeri;Gümüşhane;Onlisans;1;;71.798;71.798;"3005;1101;1105;4201;8585;9082;9178;9196";3005 - Aşağıdaki önlisans programlarından birinden mezun olmak. | 1101 - Acil Bakım Teknikerliği | 1105 - Ambulans ve Acil Bakım Teknikerliği | 4201 - Acil Yardım | 8585 - Acil Yardım Teknikerliği | 9082 - Paramedik | 9178 - Ambulans ve Acil Bakım | 9196 - İlk ve Acil Yardım;d4a297bb-e6ff-e511-80c6-a0369f7d1486
2016;3;290160711;Karaman Ağız Ve Diş Sağlığı Merkezi;Sağlık Teknikeri;Karaman;Onlisans;2;;71.747;72.947;"3011;1103;1104;1144;8518";3011 - Aşağıdaki önlisans programlarından birinden mezun olmak. | 1103 - Ağız Diş Sağlığı | 1104 - Ağız ve Diş Sağlığı | 1144 - Diş Teknik Sekreterliği | 8518 - Diş Hekimliği-Hijyen;b8a697bb-e6ff-e511-80c6-a0369f7d1486
2016;3;290160077;Aksaray Sarıyahşi 1 Nolu Acil Sağlık Hizmetleri İstasyonu;Sağlık Teknikeri;Aksaray;Onlisans;2;;71.742;71.961;"3005;1101;1105;4201;8585;9082;9178;9196";3005 - Aşağıdaki önlisans programlarından birinden mezun olmak. | 1101 - Acil Bakım Teknikerliği | 1105 - Ambulans ve Acil Bakım Teknikerliği | 4201 - Acil Yardım | 8585 - Acil Yardım Teknikerliği | 9082 - Paramedik | 9178 - Ambulans ve Acil Bakım | 9196 - İlk ve Acil Yardım;a2a697bb-e6ff-e511-80c6-a0369f7d1486
2016;3;290160787;Kastamonu Hanönü 1 Nolu Acil Sağlık Hizmetleri İstasyonu;Sağlık Teknikeri;Kastamonu;Onlisans;1;;71.731;71.731;"3005;1101;1105;4201;8585;9082;9178;9196";3005 - Aşağıdaki önlisans programlarından birinden mezun olmak. | 1101 - Acil Bakım Teknikerliği | 1105 - Ambulans ve Acil Bakım Teknikerliği | 4201 - Acil Yardım | 8585 - Acil Yardım Teknikerliği | 9082 - Paramedik | 9178 - Ambulans ve Acil Bakım | 9196 - İlk ve Acil Yardım;18a497bb-e6ff-e511-80c6-a0369f7d1486
2016;3;290160449;Erzurum Tortum 2 Nolu Acil Sağlık Hizmetleri İstasyonu;Sağlık Teknikeri;Erzurum;Onlisans;1;;71.712;71.712;"3005;1101;1105;4201;8585;9082;9178;9196";3005 - Aşağıdaki önlisans programlarından birinden mezun olmak. | 1101 - Acil Bakım Teknikerliği | 1105 - Ambulans ve Acil Bakım Teknikerliği | 4201 - Acil Yardım | 8585 - Acil Yardım Teknikerliği | 9082 - Paramedik | 9178 - Ambulans ve Acil Bakım | 9196 - İlk ve Acil Yardım;b6a297bb-e6ff-e511-80c6-a0369f7d1486
2016;3;290160081;Amasya Gümüşhacıköy 2 Nolu Acil Sağlık Hizmetleri İstasyonu;Sağlık Teknikeri;Amasya;Onlisans;2;;71.709;71.946;"3005;1101;1105;4201;8585;9082;9178;9196";3005 - Aşağıdaki önlisans programlarından birinden mezun olmak. | 1101 - Acil Bakım Teknikerliği | 1105 - Ambulans ve Acil Bakım Teknikerliği | 4201 - Acil Yardım | 8585 - Acil Yardım Teknikerliği | 9082 - Paramedik | 9178 - Ambulans ve Acil Bakım | 9196 - İlk ve Acil Yardım;77a197bb-e6ff-e511-80c6-a0369f7d1486
2016;3;290160267;Çorum Bayat 2 Nolu Acil Sağlık Hizmetleri İstasyonu;Sağlık Teknikeri;Çorum;Onlisans;1;;71.698;71.698;"3005;1101;1105;4201;8585;9082;9178;9196";3005 - Aşağıdaki önlisans programlarından birinden mezun olmak. | 1101 - Acil Bakım Teknikerliği | 1105 - Ambulans ve Acil Bakım Teknikerliği | 4201 - Acil Yardım | 8585 - Acil Yardım Teknikerliği | 9082 - Paramedik | 9178 - Ambulans ve Acil Bakım | 9196 - İlk ve Acil Yardım;efa197bb-e6ff-e511-80c6-a0369f7d1486
2016;3;290161123;Şanlıurfa Siverek 1 Nolu Acil Sağlık Hizmetleri İstasyonu;Sağlık Teknikeri;Şanlıurfa;Onlisans;2;;71.697;71.941;"3005;1101;1105;4201;8585;9082;9178;9196";3005 - Aşağıdaki önlisans programlarından birinden mezun olmak. | 1101 - Acil Bakım Teknikerliği | 1105 - Ambulans ve Acil Bakım Teknikerliği | 4201 - Acil Yardım | 8585 - Acil Yardım Teknikerliği | 9082 - Paramedik | 9178 - Ambulans ve Acil Bakım | 9196 - İlk ve Acil Yardım;d2a597bb-e6ff-e511-80c6-a0369f7d1486
2016;3;290160963;Nevşehir Kozaklı 1 Nolu Acil Sağlık Hizmetleri İstasyonu;Sağlık Teknikeri;Nevşehir;Onlisans;1;;71.676;71.676;"3005;1101;1105;4201;8585;9082;9178;9196";3005 - Aşağıdaki önlisans programlarından birinden mezun olmak. | 1101 - Acil Bakım Teknikerliği | 1105 - Ambulans ve Acil Bakım Teknikerliği | 4201 - Acil Yardım | 8585 - Acil Yardım Teknikerliği | 9082 - Paramedik | 9178 - Ambulans ve Acil Bakım | 9196 - İlk ve Acil Yardım;fca497bb-e6ff-e511-80c6-a0369f7d1486
2016;3;290160133;Artvin Murgul 1 Nolu Acil Sağlık Hizmetleri İstasyonu;Sağlık Teknikeri;Artvin;Onlisans;2;;71.673;71.72;"3005;1101;1105;4201;8585;9082;9178;9196";3005 - Aşağıdaki önlisans programlarından birinden mezun olmak. | 1101 - Acil Bakım Teknikerliği | 1105 - Ambulans ve Acil Bakım Teknikerliği | 4201 - Acil Yardım | 8585 - Acil Yardım Teknikerliği | 9082 - Paramedik | 9178 - Ambulans ve Acil Bakım | 9196 - İlk ve Acil Yardım;88a197bb-e6ff-e511-80c6-a0369f7d1486
2016;3;290160559;Hatay Samandağ 3 Nolu Acil Sağlık Hizmetleri İstasyonu;Sağlık Teknikeri;Hatay;Onlisans;1;;71.66;71.66;"3005;1101;1105;4201;8585;9082;9178;9196";3005 - Aşağıdaki önlisans programlarından birinden mezun olmak. | 1101 - Acil Bakım Teknikerliği | 1105 - Ambulans ve Acil Bakım Teknikerliği | 4201 - Acil Yardım | 8585 - Acil Yardım Teknikerliği | 9082 - Paramedik | 9178 - Ambulans ve Acil Bakım | 9196 - İlk ve Acil Yardım;24a397bb-e6ff-e511-80c6-a0369f7d1486
2016;3;290160273;Çorum Laçin 1 Nolu Acil Sağlık Hizmetleri İstasyonu;Sağlık Teknikeri;Çorum;Onlisans;1;;71.654;71.654;"3005;1101;1105;4201;8585;9082;9178;9196";3005 - Aşağıdaki önlisans programlarından birinden mezun olmak. | 1101 - Acil Bakım Teknikerliği | 1105 - Ambulans ve Acil Bakım Teknikerliği | 4201 - Acil Yardım | 8585 - Acil Yardım Teknikerliği | 9082 - Paramedik | 9178 - Ambulans ve Acil Bakım | 9196 - İlk ve Acil Yardım;f2a197bb-e6ff-e511-80c6-a0369f7d1486
2016;3;290161105;Şanlıurfa Karaköprü Ağız ve Diş Sağlığı Merkezi;Sağlık Teknikeri;Şanlıurfa;Onlisans;5;;71.654;73.421;"3011;1103;1104;1144;8518";3011 - Aşağıdaki önlisans programlarından birinden mezun olmak. | 1103 - Ağız Diş Sağlığı | 1104 - Ağız ve Diş Sağlığı | 1144 - Diş Teknik Sekreterliği | 8518 - Diş Hekimliği-Hijyen;c9a597bb-e6ff-e511-80c6-a0369f7d1486
2016;3;290160375;Erzincan 4 Nolu Acil Sağlık Hizmetleri İstasyonu;Sağlık Teknikeri;Erzincan;Onlisans;1;;71.651;71.651;"3005;1101;1105;4201;8585;9082;9178;9196";3005 - Aşağıdaki önlisans programlarından birinden mezun olmak. | 1101 - Acil Bakım Teknikerliği | 1105 - Ambulans ve Acil Bakım Teknikerliği | 4201 - Acil Yardım | 8585 - Acil Yardım Teknikerliği | 9082 - Paramedik | 9178 - Ambulans ve Acil Bakım | 9196 - İlk ve Acil Yardım;58a297bb-e6ff-e511-80c6-a0369f7d1486
2016;3;290160897;Mardin Kızıltepe Ağız ve Diş Sağlığı Merkezi;Sağlık Teknikeri;Mardin;Onlisans;2;;71.633;73.468;"3011;1103;1104;1144;8518";3011 - Aşağıdaki önlisans programlarından birinden mezun olmak. | 1103 - Ağız Diş Sağlığı | 1104 - Ağız ve Diş Sağlığı | 1144 - Diş Teknik Sekreterliği | 8518 - Diş Hekimliği-Hijyen;b0a497bb-e6ff-e511-80c6-a0369f7d1486
2016;3;290161195;Tokat Başçiftlik 1 Nolu Acil Sağlık Hizmetleri İstasyonu;Sağlık Teknikeri;Tokat;Onlisans;2;;71.631;71.863;"3005;1101;1105;4201;8585;9082;9178;9196";3005 - Aşağıdaki önlisans programlarından birinden mezun olmak. | 1101 - Acil Bakım Teknikerliği | 1105 - Ambulans ve Acil Bakım Teknikerliği | 4201 - Acil Yardım | 8585 - Acil Yardım Teknikerliği | 9082 - Paramedik | 9178 - Ambulans ve Acil Bakım | 9196 - İlk ve Acil Yardım;92a597bb-e6ff-e511-80c6-a0369f7d1486
2016;3;290160007;Adıyaman Besni 3 Nolu (Atmalı) Acil Sağlık Hizmetleri İstasyonu;Sağlık Teknikeri;Adıyaman;Onlisans;3;;71.623;81.563;"3005;1101;1105;4201;8585;9082;9178;9196";3005 - Aşağıdaki önlisans programlarından birinden mezun olmak. | 1101 - Acil Bakım Teknikerliği | 1105 - Ambulans ve Acil Bakım Teknikerliği | 4201 - Acil Yardım | 8585 - Acil Yardım Teknikerliği | 9082 - Paramedik | 9178 - Ambulans ve Acil Bakım | 9196 - İlk ve Acil Yardım;0aa197bb-e6ff-e511-80c6-a0369f7d1486
2016;3;290160717;Karaman Ermenek 3 Nolu (Tepebaşı) Acil Sağlık Hizmetleri İstasyonu;Sağlık Teknikeri;Karaman;Onlisans;5;;71.612;71.751;"3005;1101;1105;4201;8585;9082;9178;9196";3005 - Aşağıdaki önlisans programlarından birinden mezun olmak. | 1101 - Acil Bakım Teknikerliği | 1105 - Ambulans ve Acil Bakım Teknikerliği | 4201 - Acil Yardım | 8585 - Acil Yardım Teknikerliği | 9082 - Paramedik | 9178 - Ambulans ve Acil Bakım | 9196 - İlk ve Acil Yardım;bba697bb-e6ff-e511-80c6-a0369f7d1486
2016;3;290160481;Gümüşhane Kelkit 1 Nolu Acil Sağlık Hizmetleri İstasyonu;Sağlık Teknikeri;Gümüşhane;Onlisans;1;;71.611;71.611;"3005;1101;1105;4201;8585;9082;9178;9196";3005 - Aşağıdaki önlisans programlarından birinden mezun olmak. | 1101 - Acil Bakım Teknikerliği | 1105 - Ambulans ve Acil Bakım Teknikerliği | 4201 - Acil Yardım | 8585 - Acil Yardım Teknikerliği | 9082 - Paramedik | 9178 - Ambulans ve Acil Bakım | 9196 - İlk ve Acil Yardım;d0a297bb-e6ff-e511-80c6-a0369f7d1486
2016;3;290161303;Yozgat Boğazlıyan 2 Nolu Acil Sağlık Hizmetleri İstasyonu;Sağlık Teknikeri;Yozgat;Onlisans;1;;71.611;71.611;"3005;1101;1105;4201;8585;9082;9178;9196";3005 - Aşağıdaki önlisans programlarından birinden mezun olmak. | 1101 - Acil Bakım Teknikerliği | 1105 - Ambulans ve Acil Bakım Teknikerliği | 4201 - Acil Yardım | 8585 - Acil Yardım Teknikerliği | 9082 - Paramedik | 9178 - Ambulans ve Acil Bakım | 9196 - İlk ve Acil Yardım;83a697bb-e6ff-e511-80c6-a0369f7d1486
2016;3;290160547;Hatay İskenderun 4 Nolu Acil Sağlık Hizmetleri İstasyonu;Sağlık Teknikeri;Hatay;Onlisans;2;;71.608;71.813;"3005;1101;1105;4201;8585;9082;9178;9196";3005 - Aşağıdaki önlisans programlarından birinden mezun olmak. | 1101 - Acil Bakım Teknikerliği | 1105 - Ambulans ve Acil Bakım Teknikerliği | 4201 - Acil Yardım | 8585 - Acil Yardım Teknikerliği | 9082 - Paramedik | 9178 - Ambulans ve Acil Bakım | 9196 - İlk ve Acil Yardım;1ea397bb-e6ff-e511-80c6-a0369f7d1486
2016;3;290160561;Hatay Yayladağı 1 Nolu Acil Sağlık Hizmetleri İstasyonu;Sağlık Teknikeri;Hatay;Onlisans;1;;71.603;71.603;"3005;1101;1105;4201;8585;9082;9178;9196";3005 - Aşağıdaki önlisans programlarından birinden mezun olmak. | 1101 - Acil Bakım Teknikerliği | 1105 - Ambulans ve Acil Bakım Teknikerliği | 4201 - Acil Yardım | 8585 - Acil Yardım Teknikerliği | 9082 - Paramedik | 9178 - Ambulans ve Acil Bakım | 9196 - İlk ve Acil Yardım;25a397bb-e6ff-e511-80c6-a0369f7d1486
2016;3;290161147;Şanlıurfa Viranşehir 3 Nolu Acil Sağlık Hizmetleri İstasyonu;Sağlık Teknikeri;Şanlıurfa;Onlisans;1;;71.597;71.597;"3005;1101;1105;4201;8585;9082;9178;9196";3005 - Aşağıdaki önlisans programlarından birinden mezun olmak. | 1101 - Acil Bakım Teknikerliği | 1105 - Ambulans ve Acil Bakım Teknikerliği | 4201 - Acil Yardım | 8585 - Acil Yardım Teknikerliği | 9082 - Paramedik | 9178 - Ambulans ve Acil Bakım | 9196 - İlk ve Acil Yardım;dea597bb-e6ff-e511-80c6-a0369f7d1486
2016;3;290161317;Yozgat Sorgun 2 Nolu Acil Sağlık Hizmetleri İstasyonu;Sağlık Teknikeri;Yozgat;Onlisans;1;;71.593;71.593;"3005;1101;1105;4201;8585;9082;9178;9196";3005 - Aşağıdaki önlisans programlarından birinden mezun olmak. | 1101 - Acil Bakım Teknikerliği | 1105 - Ambulans ve Acil Bakım Teknikerliği | 4201 - Acil Yardım | 8585 - Acil Yardım Teknikerliği | 9082 - Paramedik | 9178 - Ambulans ve Acil Bakım | 9196 - İlk ve Acil Yardım;8aa697bb-e6ff-e511-80c6-a0369f7d1486
2016;3;290160115;Artvin Ağız ve Diş Sağlığı Merkezi;Sağlık Teknikeri;Artvin;Onlisans;1;;71.587;71.587;"3011;1103;1104;1144;8518";3011 - Aşağıdaki önlisans programlarından birinden mezun olmak. | 1103 - Ağız Diş Sağlığı | 1104 - Ağız ve Diş Sağlığı | 1144 - Diş Teknik Sekreterliği | 8518 - Diş Hekimliği-Hijyen;7fa197bb-e6ff-e511-80c6-a0369f7d1486
2016;3;290160929;Muş 3 Nolu Acil Sağlık Hizmetleri İstasyonu;Sağlık Teknikeri;Muş;Onlisans;1;;71.581;71.581;"3005;1101;1105;4201;8585;9082;9178;9196";3005 - Aşağıdaki önlisans programlarından birinden mezun olmak. | 1101 - Acil Bakım Teknikerliği | 1105 - Ambulans ve Acil Bakım Teknikerliği | 4201 - Acil Yardım | 8585 - Acil Yardım Teknikerliği | 9082 - Paramedik | 9178 - Ambulans ve Acil Bakım | 9196 - İlk ve Acil Yardım;bfa497bb-e6ff-e511-80c6-a0369f7d1486
2016;3;290160339;Elazığ Ağız Ve Diş Sağlığı Merkezi;Sağlık Teknikeri;Elazığ;Onlisans;2;;71.565;71.764;"3011;1103;1104;1144;8518";3011 - Aşağıdaki önlisans programlarından birinden mezun olmak. | 1103 - Ağız Diş Sağlığı | 1104 - Ağız ve Diş Sağlığı | 1144 - Diş Teknik Sekreterliği | 8518 - Diş Hekimliği-Hijyen;46a297bb-e6ff-e511-80c6-a0369f7d1486
2016;3;290160567;Iğdır Karakoyunlu 1 Nolu Acil Sağlık Hizmetleri İstasyonu;Sağlık Teknikeri;Iğdır;Onlisans;3;;71.564;72.667;"3005;1101;1105;4201;8585;9082;9178;9196";3005 - Aşağıdaki önlisans programlarından birinden mezun olmak. | 1101 - Acil Bakım Teknikerliği | 1105 - Ambulans ve Acil Bakım Teknikerliği | 4201 - Acil Yardım | 8585 - Acil Yardım Teknikerliği | 9082 - Paramedik | 9178 - Ambulans ve Acil Bakım | 9196 - İlk ve Acil Yardım;2da797bb-e6ff-e511-80c6-a0369f7d1486
2016;3;290160539;Hatay Arsuz 2 Nolu Acil Sağlık Hizmetleri İstasyonu;Sağlık Teknikeri;Hatay;Onlisans;1;;71.562;71.562;"3005;1101;1105;4201;8585;9082;9178;9196";3005 - Aşağıdaki önlisans programlarından birinden mezun olmak. | 1101 - Acil Bakım Teknikerliği | 1105 - Ambulans ve Acil Bakım Teknikerliği | 4201 - Acil Yardım | 8585 - Acil Yardım Teknikerliği | 9082 - Paramedik | 9178 - Ambulans ve Acil Bakım | 9196 - İlk ve Acil Yardım;1aa397bb-e6ff-e511-80c6-a0369f7d1486
2016;3;290160871;Mardin Artuklu 6 Nolu (Sultanköy) Acil Sağlık Hizmetleri İstasyonu;Sağlık Teknikeri;Mardin;Onlisans;1;;71.561;71.561;"3005;1101;1105;4201;8585;9082;9178;9196";3005 - Aşağıdaki önlisans programlarından birinden mezun olmak. | 1101 - Acil Bakım Teknikerliği | 1105 - Ambulans ve Acil Bakım Teknikerliği | 4201 - Acil Yardım | 8585 - Acil Yardım Teknikerliği | 9082 - Paramedik | 9178 - Ambulans ve Acil Bakım | 9196 - İlk ve Acil Yardım;a3a497bb-e6ff-e511-80c6-a0369f7d1486
2016;3;290160549;Hatay İskenderun 6 Nolu Acil Sağlık Hizmetleri İstasyonu;Sağlık Teknikeri;Hatay;Onlisans;1;;71.554;71.554;"3005;1101;1105;4201;8585;9082;9178;9196";3005 - Aşağıdaki önlisans programlarından birinden mezun olmak. | 1101 - Acil Bakım Teknikerliği | 1105 - Ambulans ve Acil Bakım Teknikerliği | 4201 - Acil Yardım | 8585 - Acil Yardım Teknikerliği | 9082 - Paramedik | 9178 - Ambulans ve Acil Bakım | 9196 - İlk ve Acil Yardım;1fa397bb-e6ff-e511-80c6-a0369f7d1486
2016;3;290160053;Ağrı Hamur 2 Acil Sağlık Hizmetleri İstasyonu;Sağlık Teknikeri;Ağrı;Onlisans;3;;71.553;73.713;"3005;1101;1105;4201;8585;9082;9178;9196";3005 - Aşağıdaki önlisans programlarından birinden mezun olmak. | 1101 - Acil Bakım Teknikerliği | 1105 - Ambulans ve Acil Bakım Teknikerliği | 4201 - Acil Yardım | 8585 - Acil Yardım Teknikerliği | 9082 - Paramedik | 9178 - Ambulans ve Acil Bakım | 9196 - İlk ve Acil Yardım;54a197bb-e6ff-e511-80c6-a0369f7d1486
2016;3;290160531;Hatay Antakya 5 Nolu Acil Sağlık Hizmetleri İstasyonu;Sağlık Teknikeri;Hatay;Onlisans;1;;71.551;71.551;"3005;1101;1105;4201;8585;9082;9178;9196";3005 - Aşağıdaki önlisans programlarından birinden mezun olmak. | 1101 - Acil Bakım Teknikerliği | 1105 - Ambulans ve Acil Bakım Teknikerliği | 4201 - Acil Yardım | 8585 - Acil Yardım Teknikerliği | 9082 - Paramedik | 9178 - Ambulans ve Acil Bakım | 9196 - İlk ve Acil Yardım;16a397bb-e6ff-e511-80c6-a0369f7d1486
2016;3;290160443;Erzurum Pasinler 1 Nolu Acıl Sağlık Hizmetleri İstasyonu;Sağlık Teknikeri;Erzurum;Onlisans;1;;71.545;71.545;"3005;1101;1105;4201;8585;9082;9178;9196";3005 - Aşağıdaki önlisans programlarından birinden mezun olmak. | 1101 - Acil Bakım Teknikerliği | 1105 - Ambulans ve Acil Bakım Teknikerliği | 4201 - Acil Yardım | 8585 - Acil Yardım Teknikerliği | 9082 - Paramedik | 9178 - Ambulans ve Acil Bakım | 9196 - İlk ve Acil Yardım;b3a297bb-e6ff-e511-80c6-a0369f7d1486
2016;3;290160119;Artvin Ardanuç 2 Nolu Acil Sağlık Hizmetleri İstasyonu;Sağlık Teknikeri;Artvin;Onlisans;2;;71.537;71.548;"3005;1101;1105;4201;8585;9082;9178;9196";3005 - Aşağıdaki önlisans programlarından birinden mezun olmak. | 1101 - Acil Bakım Teknikerliği | 1105 - Ambulans ve Acil Bakım Teknikerliği | 4201 - Acil Yardım | 8585 - Acil Yardım Teknikerliği | 9082 - Paramedik | 9178 - Ambulans ve Acil Bakım | 9196 - İlk ve Acil Yardım;81a197bb-e6ff-e511-80c6-a0369f7d1486
2016;3;290160973;Niğde Çamardı 2 Nolu Acil Sağlık Hizmetleri İstasyonu;Sağlık Teknikeri;Niğde;Onlisans;2;;71.526;71.751;"3005;1101;1105;4201;8585;9082;9178;9196";3005 - Aşağıdaki önlisans programlarından birinden mezun olmak. | 1101 - Acil Bakım Teknikerliği | 1105 - Ambulans ve Acil Bakım Teknikerliği | 4201 - Acil Yardım | 8585 - Acil Yardım Teknikerliği | 9082 - Paramedik | 9178 - Ambulans ve Acil Bakım | 9196 - İlk ve Acil Yardım;01a597bb-e6ff-e511-80c6-a0369f7d1486
2016;3;290160165;Bayburt Aydıntepe 1 Nolu Acil Sağlık Hizmetleri İstasyonu;Sağlık Teknikeri;Bayburt;Onlisans;3;;71.522;71.664;"3005;1101;1105;4201;8585;9082;9178;9196";3005 - Aşağıdaki önlisans programlarından birinden mezun olmak. | 1101 - Acil Bakım Teknikerliği | 1105 - Ambulans ve Acil Bakım Teknikerliği | 4201 - Acil Yardım | 8585 - Acil Yardım Teknikerliği | 9082 - Paramedik | 9178 - Ambulans ve Acil Bakım | 9196 - İlk ve Acil Yardım;a9a697bb-e6ff-e511-80c6-a0369f7d1486
2016;3;290160979;Niğde Ulukışla 1 Nolu Acil Sağlık Hizmetleri İstasyonu;Sağlık Teknikeri;Niğde;Onlisans;1;;71.518;71.518;"3005;1101;1105;4201;8585;9082;9178;9196";3005 - Aşağıdaki önlisans programlarından birinden mezun olmak. | 1101 - Acil Bakım Teknikerliği | 1105 - Ambulans ve Acil Bakım Teknikerliği | 4201 - Acil Yardım | 8585 - Acil Yardım Teknikerliği | 9082 - Paramedik | 9178 - Ambulans ve Acil Bakım | 9196 - İlk ve Acil Yardım;04a597bb-e6ff-e511-80c6-a0369f7d1486
2016;3;290160553;Hatay Payas 2 Nolu Acil Sağlık Hizmetleri İstasyonu;Sağlık Teknikeri;Hatay;Onlisans;1;;71.495;71.495;"3005;1101;1105;4201;8585;9082;9178;9196";3005 - Aşağıdaki önlisans programlarından birinden mezun olmak. | 1101 - Acil Bakım Teknikerliği | 1105 - Ambulans ve Acil Bakım Teknikerliği | 4201 - Acil Yardım | 8585 - Acil Yardım Teknikerliği | 9082 - Paramedik | 9178 - Ambulans ve Acil Bakım | 9196 - İlk ve Acil Yardım;21a397bb-e6ff-e511-80c6-a0369f7d1486
2016;3;290160683;Kahramanmaraş Elbistan 1 Nolu Acil Sağlık Hizmetleri İstasyonu;Sağlık Teknikeri;Kahramanmaraş;Onlisans;2;;71.479;71.6;"3005;1101;1105;4201;8585;9082;9178;9196";3005 - Aşağıdaki önlisans programlarından birinden mezun olmak. | 1101 - Acil Bakım Teknikerliği | 1105 - Ambulans ve Acil Bakım Teknikerliği | 4201 - Acil Yardım | 8585 - Acil Yardım Teknikerliği | 9082 - Paramedik | 9178 - Ambulans ve Acil Bakım | 9196 - İlk ve Acil Yardım;5ba497bb-e6ff-e511-80c6-a0369f7d1486
2016;3;290160855;Malatya Hekimhan 2 Nolu Acil Sağlık Hizmetleri İstasyonu;Sağlık Teknikeri;Malatya;Onlisans;2;;71.456;71.561;"3005;1101;1105;4201;8585;9082;9178;9196";3005 - Aşağıdaki önlisans programlarından birinden mezun olmak. | 1101 - Acil Bakım Teknikerliği | 1105 - Ambulans ve Acil Bakım Teknikerliği | 4201 - Acil Yardım | 8585 - Acil Yardım Teknikerliği | 9082 - Paramedik | 9178 - Ambulans ve Acil Bakım | 9196 - İlk ve Acil Yardım;39a497bb-e6ff-e511-80c6-a0369f7d1486
2016;3;290160537;Hatay Antakya 9 Nolu Acil Sağlık Hizmetleri İstasyonu;Sağlık Teknikeri;Hatay;Onlisans;2;;71.453;71.495;"3005;1101;1105;4201;8585;9082;9178;9196";3005 - Aşağıdaki önlisans programlarından birinden mezun olmak. | 1101 - Acil Bakım Teknikerliği | 1105 - Ambulans ve Acil Bakım Teknikerliği | 4201 - Acil Yardım | 8585 - Acil Yardım Teknikerliği | 9082 - Paramedik | 9178 - Ambulans ve Acil Bakım | 9196 - İlk ve Acil Yardım;19a397bb-e6ff-e511-80c6-a0369f7d1486
2016;3;290160573;İstanbul Ataşehir Ağız ve Diş Sağlığı Hastanesi;Sağlık Teknikeri;İstanbul;Onlisans;3;;71.44;72.52;"3011;1103;1104;1144;8518";3011 - Aşağıdaki önlisans programlarından birinden mezun olmak. | 1103 - Ağız Diş Sağlığı | 1104 - Ağız ve Diş Sağlığı | 1144 - Diş Teknik Sekreterliği | 8518 - Diş Hekimliği-Hijyen;86a397bb-e6ff-e511-80c6-a0369f7d1486
2016;3;290160349;Elazığ Baskil 1 Nolu Acil Sağlık Hizmetleri İstasyonu;Sağlık Teknikeri;Elazığ;Onlisans;1;;71.437;71.437;"3005;1101;1105;4201;8585;9082;9178;9196";3005 - Aşağıdaki önlisans programlarından birinden mezun olmak. | 1101 - Acil Bakım Teknikerliği | 1105 - Ambulans ve Acil Bakım Teknikerliği | 4201 - Acil Yardım | 8585 - Acil Yardım Teknikerliği | 9082 - Paramedik | 9178 - Ambulans ve Acil Bakım | 9196 - İlk ve Acil Yardım;4ba297bb-e6ff-e511-80c6-a0369f7d1486
2016;3;290161141;Şanlıurfa Suruç 1 Nolu Acil Sağlık Hizmetleri İstasyonu;Sağlık Teknikeri;Şanlıurfa;Onlisans;1;;71.435;71.435;"3005;1101;1105;4201;8585;9082;9178;9196";3005 - Aşağıdaki önlisans programlarından birinden mezun olmak. | 1101 - Acil Bakım Teknikerliği | 1105 - Ambulans ve Acil Bakım Teknikerliği | 4201 - Acil Yardım | 8585 - Acil Yardım Teknikerliği | 9082 - Paramedik | 9178 - Ambulans ve Acil Bakım | 9196 - İlk ve Acil Yardım;dba597bb-e6ff-e511-80c6-a0369f7d1486
2016;3;290161063;Sivas Koyulhisar 2 Nolu Acil Sağlık Hizmetleri İstasyonu;Sağlık Teknikeri;Sivas;Onlisans;2;;71.424;71.67;"3005;1101;1105;4201;8585;9082;9178;9196";3005 - Aşağıdaki önlisans programlarından birinden mezun olmak. | 1101 - Acil Bakım Teknikerliği | 1105 - Ambulans ve Acil Bakım Teknikerliği | 4201 - Acil Yardım | 8585 - Acil Yardım Teknikerliği | 9082 - Paramedik | 9178 - Ambulans ve Acil Bakım | 9196 - İlk ve Acil Yardım;84a597bb-e6ff-e511-80c6-a0369f7d1486
2016;3;290160535;Hatay Antakya 8 Nolu Acil Sağlık Hizmetleri İstasyonu;Sağlık Teknikeri;Hatay;Onlisans;1;;71.413;71.413;"3005;1101;1105;4201;8585;9082;9178;9196";3005 - Aşağıdaki önlisans programlarından birinden mezun olmak. | 1101 - Acil Bakım Teknikerliği | 1105 - Ambulans ve Acil Bakım Teknikerliği | 4201 - Acil Yardım | 8585 - Acil Yardım Teknikerliği | 9082 - Paramedik | 9178 - Ambulans ve Acil Bakım | 9196 - İlk ve Acil Yardım;18a397bb-e6ff-e511-80c6-a0369f7d1486
2016;3;290160579;İstanbul Bağcılar Ağız ve Diş Sağlığı Merkezi;Sağlık Teknikeri;İstanbul;Onlisans;4;;71.41;72.6;"3011;1103;1104;1144;8518";3011 - Aşağıdaki önlisans programlarından birinden mezun olmak. | 1103 - Ağız Diş Sağlığı | 1104 - Ağız ve Diş Sağlığı | 1144 - Diş Teknik Sekreterliği | 8518 - Diş Hekimliği-Hijyen;89a397bb-e6ff-e511-80c6-a0369f7d1486
2016;3;290160301;Diyarbakır Ağız ve Diş Sağlığı Merkezi;Sağlık Teknikeri;Diyarbakır;Onlisans;6;;71.409;80.19;"3011;1103;1104;1144;8518";3011 - Aşağıdaki önlisans programlarından birinden mezun olmak. | 1103 - Ağız Diş Sağlığı | 1104 - Ağız ve Diş Sağlığı | 1144 - Diş Teknik Sekreterliği | 8518 - Diş Hekimliği-Hijyen;20a297bb-e6ff-e511-80c6-a0369f7d1486
2016;3;290160913;Mardin Midyat 3 Nolu Acil Sağlık Hizmetleri İstasyonu;Sağlık Teknikeri;Mardin;Onlisans;2;;71.401;74.845;"3005;1101;1105;4201;8585;9082;9178;9196";3005 - Aşağıdaki önlisans programlarından birinden mezun olmak. | 1101 - Acil Bakım Teknikerliği | 1105 - Ambulans ve Acil Bakım Teknikerliği | 4201 - Acil Yardım | 8585 - Acil Yardım Teknikerliği | 9082 - Paramedik | 9178 - Ambulans ve Acil Bakım | 9196 - İlk ve Acil Yardım;b8a497bb-e6ff-e511-80c6-a0369f7d1486
2016;3;290160459;Gaziantep İslahiye 3 Nolu Acil Sağlık Hizmetleri İstasyonu;Sağlık Teknikeri;Gaziantep;Onlisans;4;;71.398;71.805;"3005;1101;1105;4201;8585;9082;9178;9196";3005 - Aşağıdaki önlisans programlarından birinden mezun olmak. | 1101 - Acil Bakım Teknikerliği | 1105 - Ambulans ve Acil Bakım Teknikerliği | 4201 - Acil Yardım | 8585 - Acil Yardım Teknikerliği | 9082 - Paramedik | 9178 - Ambulans ve Acil Bakım | 9196 - İlk ve Acil Yardım;bba297bb-e6ff-e511-80c6-a0369f7d1486
2016;3;290160971;Niğde Çamardı 1 Nolu Acil Sağlık Hizmetleri İstasyonu;Sağlık Teknikeri;Niğde;Onlisans;1;;71.393;71.393;"3005;1101;1105;4201;8585;9082;9178;9196";3005 - Aşağıdaki önlisans programlarından birinden mezun olmak. | 1101 - Acil Bakım Teknikerliği | 1105 - Ambulans ve Acil Bakım Teknikerliği | 4201 - Acil Yardım | 8585 - Acil Yardım Teknikerliği | 9082 - Paramedik | 9178 - Ambulans ve Acil Bakım | 9196 - İlk ve Acil Yardım;00a597bb-e6ff-e511-80c6-a0369f7d1486
2016;3;290160533;Hatay Antakya 7 Nolu Acil Sağlık Hizmetleri İstasyonu;Sağlık Teknikeri;Hatay;Onlisans;1;;71.373;71.373;"3005;1101;1105;4201;8585;9082;9178;9196";3005 - Aşağıdaki önlisans programlarından birinden mezun olmak. | 1101 - Acil Bakım Teknikerliği | 1105 - Ambulans ve Acil Bakım Teknikerliği | 4201 - Acil Yardım | 8585 - Acil Yardım Teknikerliği | 9082 - Paramedik | 9178 - Ambulans ve Acil Bakım | 9196 - İlk ve Acil Yardım;17a397bb-e6ff-e511-80c6-a0369f7d1486
2016;3;290160669;Kahramanmaraş Afşin 3 Nolu Acil Sağlık Hizmetleri İstasyonu;Sağlık Teknikeri;Kahramanmaraş;Onlisans;3;;71.362;71.546;"3005;1101;1105;4201;8585;9082;9178;9196";3005 - Aşağıdaki önlisans programlarından birinden mezun olmak. | 1101 - Acil Bakım Teknikerliği | 1105 - Ambulans ve Acil Bakım Teknikerliği | 4201 - Acil Yardım | 8585 - Acil Yardım Teknikerliği | 9082 - Paramedik | 9178 - Ambulans ve Acil Bakım | 9196 - İlk ve Acil Yardım;54a497bb-e6ff-e511-80c6-a0369f7d1486
2016;3;290161301;Yozgat Akdağmadeni 2 Nolu Acil Sağlık Hizmetleri İstasyonu;Sağlık Teknikeri;Yozgat;Onlisans;1;;71.362;71.362;"3005;1101;1105;4201;8585;9082;9178;9196";3005 - Aşağıdaki önlisans programlarından birinden mezun olmak. | 1101 - Acil Bakım Teknikerliği | 1105 - Ambulans ve Acil Bakım Teknikerliği | 4201 - Acil Yardım | 8585 - Acil Yardım Teknikerliği | 9082 - Paramedik | 9178 - Ambulans ve Acil Bakım | 9196 - İlk ve Acil Yardım;82a697bb-e6ff-e511-80c6-a0369f7d1486
2016;3;290160699;Kahramanmaraş Pazarcık 1 Nolu (Narlı) Acil Sağlık Hizmetleri İstasyonu;Sağlık Teknikeri;Kahramanmaraş;Onlisans;1;;71.348;71.348;"3005;1101;1105;4201;8585;9082;9178;9196";3005 - Aşağıdaki önlisans programlarından birinden mezun olmak. | 1101 - Acil Bakım Teknikerliği | 1105 - Ambulans ve Acil Bakım Teknikerliği | 4201 - Acil Yardım | 8585 - Acil Yardım Teknikerliği | 9082 - Paramedik | 9178 - Ambulans ve Acil Bakım | 9196 - İlk ve Acil Yardım;63a497bb-e6ff-e511-80c6-a0369f7d1486
2016;3;290160995;Osmaniye Toprakkale 2 Nolu Acil Sağlık Hizmetleri İstasyonu;Sağlık Teknikeri;Osmaniye;Onlisans;2;;71.346;71.639;"3005;1101;1105;4201;8585;9082;9178;9196";3005 - Aşağıdaki önlisans programlarından birinden mezun olmak. | 1101 - Acil Bakım Teknikerliği | 1105 - Ambulans ve Acil Bakım Teknikerliği | 4201 - Acil Yardım | 8585 - Acil Yardım Teknikerliği | 9082 - Paramedik | 9178 - Ambulans ve Acil Bakım | 9196 - İlk ve Acil Yardım;56a797bb-e6ff-e511-80c6-a0369f7d1486
2016;3;290160993;Osmaniye Merkez 10 Nolu Acil Sağlık Hizmetleri İstasyonu;Sağlık Teknikeri;Osmaniye;Onlisans;1;;71.343;71.343;"3005;1101;1105;4201;8585;9082;9178;9196";3005 - Aşağıdaki önlisans programlarından birinden mezun olmak. | 1101 - Acil Bakım Teknikerliği | 1105 - Ambulans ve Acil Bakım Teknikerliği | 4201 - Acil Yardım | 8585 - Acil Yardım Teknikerliği | 9082 - Paramedik | 9178 - Ambulans ve Acil Bakım | 9196 - İlk ve Acil Yardım;55a797bb-e6ff-e511-80c6-a0369f7d1486
2016;3;290160557;Hatay Samandağ 2 Nolu Acil Sağlık Hizmetleri İstasyonu;Sağlık Teknikeri;Hatay;Onlisans;1;;71.34;71.34;"3005;1101;1105;4201;8585;9082;9178;9196";3005 - Aşağıdaki önlisans programlarından birinden mezun olmak. | 1101 - Acil Bakım Teknikerliği | 1105 - Ambulans ve Acil Bakım Teknikerliği | 4201 - Acil Yardım | 8585 - Acil Yardım Teknikerliği | 9082 - Paramedik | 9178 - Ambulans ve Acil Bakım | 9196 - İlk ve Acil Yardım;23a397bb-e6ff-e511-80c6-a0369f7d1486
2016;3;290161203;Tokat Sulusaray 1 Nolu Acil Sağlık Hizmetleri İstasyonu;Sağlık Teknikeri;Tokat;Onlisans;1;;71.32;71.32;"3005;1101;1105;4201;8585;9082;9178;9196";3005 - Aşağıdaki önlisans programlarından birinden mezun olmak. | 1101 - Acil Bakım Teknikerliği | 1105 - Ambulans ve Acil Bakım Teknikerliği | 4201 - Acil Yardım | 8585 - Acil Yardım Teknikerliği | 9082 - Paramedik | 9178 - Ambulans ve Acil Bakım | 9196 - İlk ve Acil Yardım;96a597bb-e6ff-e511-80c6-a0369f7d1486
2016;3;290160473;Gaziantep Oğuzeli 1 Nolu Acıl Sağlık Hizmetleri İstasyonu;Sağlık Teknikeri;Gaziantep;Onlisans;1;;71.312;71.312;"3005;1101;1105;4201;8585;9082;9178;9196";3005 - Aşağıdaki önlisans programlarından birinden mezun olmak. | 1101 - Acil Bakım Teknikerliği | 1105 - Ambulans ve Acil Bakım Teknikerliği | 4201 - Acil Yardım | 8585 - Acil Yardım Teknikerliği | 9082 - Paramedik | 9178 - Ambulans ve Acil Bakım | 9196 - İlk ve Acil Yardım;c2a297bb-e6ff-e511-80c6-a0369f7d1486
2016;3;290160769;Kars Susuz 1 Nolu Acil Sağlık Hizmetleri İstasyonu;Sağlık Teknikeri;Kars;Onlisans;1;;71.305;71.305;"3005;1101;1105;4201;8585;9082;9178;9196";3005 - Aşağıdaki önlisans programlarından birinden mezun olmak. | 1101 - Acil Bakım Teknikerliği | 1105 - Ambulans ve Acil Bakım Teknikerliği | 4201 - Acil Yardım | 8585 - Acil Yardım Teknikerliği | 9082 - Paramedik | 9178 - Ambulans ve Acil Bakım | 9196 - İlk ve Acil Yardım;0fa497bb-e6ff-e511-80c6-a0369f7d1486
2016;3;290161061;Sivas Kangal 3 Nolu (Alacahan) Acil Sağlık Hizmetleri İstasyonu;Sağlık Teknikeri;Sivas;Onlisans;2;;71.305;71.343;"3005;1101;1105;4201;8585;9082;9178;9196";3005 - Aşağıdaki önlisans programlarından birinden mezun olmak. | 1101 - Acil Bakım Teknikerliği | 1105 - Ambulans ve Acil Bakım Teknikerliği | 4201 - Acil Yardım | 8585 - Acil Yardım Teknikerliği | 9082 - Paramedik | 9178 - Ambulans ve Acil Bakım | 9196 - İlk ve Acil Yardım;83a597bb-e6ff-e511-80c6-a0369f7d1486
2016;3;290161311;Yozgat Kadışehri 1 Nolu Acil Sağlık Hizmetleri İstasyonu;Sağlık Teknikeri;Yozgat;Onlisans;1;;71.292;71.292;"3005;1101;1105;4201;8585;9082;9178;9196";3005 - Aşağıdaki önlisans programlarından birinden mezun olmak. | 1101 - Acil Bakım Teknikerliği | 1105 - Ambulans ve Acil Bakım Teknikerliği | 4201 - Acil Yardım | 8585 - Acil Yardım Teknikerliği | 9082 - Paramedik | 9178 - Ambulans ve Acil Bakım | 9196 - İlk ve Acil Yardım;87a697bb-e6ff-e511-80c6-a0369f7d1486
2016;3;290160471;Gaziantep Nurdağı 1 Nolu Acıl Sağlık Hizmetleri İstasyonu;Sağlık Teknikeri;Gaziantep;Onlisans;2;;71.29;71.313;"3005;1101;1105;4201;8585;9082;9178;9196";3005 - Aşağıdaki önlisans programlarından birinden mezun olmak. | 1101 - Acil Bakım Teknikerliği | 1105 - Ambulans ve Acil Bakım Teknikerliği | 4201 - Acil Yardım | 8585 - Acil Yardım Teknikerliği | 9082 - Paramedik | 9178 - Ambulans ve Acil Bakım | 9196 - İlk ve Acil Yardım;c1a297bb-e6ff-e511-80c6-a0369f7d1486
2016;3;290160989;Osmaniye Kadirli 1 Nolu Acil Sağlık Hizmetleri İstasyonu;Sağlık Teknikeri;Osmaniye;Onlisans;1;;71.285;71.285;"3005;1101;1105;4201;8585;9082;9178;9196";3005 - Aşağıdaki önlisans programlarından birinden mezun olmak. | 1101 - Acil Bakım Teknikerliği | 1105 - Ambulans ve Acil Bakım Teknikerliği | 4201 - Acil Yardım | 8585 - Acil Yardım Teknikerliği | 9082 - Paramedik | 9178 - Ambulans ve Acil Bakım | 9196 - İlk ve Acil Yardım;53a797bb-e6ff-e511-80c6-a0369f7d1486
2016;3;290160991;Osmaniye Kadirli 5 Nolu Acil Sağlık Hizmetleri İstasyonu;Sağlık Teknikeri;Osmaniye;Onlisans;3;;71.281;71.608;"3005;1101;1105;4201;8585;9082;9178;9196";3005 - Aşağıdaki önlisans programlarından birinden mezun olmak. | 1101 - Acil Bakım Teknikerliği | 1105 - Ambulans ve Acil Bakım Teknikerliği | 4201 - Acil Yardım | 8585 - Acil Yardım Teknikerliği | 9082 - Paramedik | 9178 - Ambulans ve Acil Bakım | 9196 - İlk ve Acil Yardım;54a797bb-e6ff-e511-80c6-a0369f7d1486
2016;3;290160679;Kahramanmaraş Dulkadiroğlu 5 Nolu Acil Sağlık Hizmetleri İstasyonu;Sağlık Teknikeri;Kahramanmaraş;Onlisans;2;;71.277;74.335;"3005;1101;1105;4201;8585;9082;9178;9196";3005 - Aşağıdaki önlisans programlarından birinden mezun olmak. | 1101 - Acil Bakım Teknikerliği | 1105 - Ambulans ve Acil Bakım Teknikerliği | 4201 - Acil Yardım | 8585 - Acil Yardım Teknikerliği | 9082 - Paramedik | 9178 - Ambulans ve Acil Bakım | 9196 - İlk ve Acil Yardım;59a497bb-e6ff-e511-80c6-a0369f7d1486
2016;3;290160613;İstanbul Göztepe Ağız ve Diş Sağlığı Merkezi;Sağlık Teknikeri;İstanbul;Onlisans;1;;71.269;71.269;"3011;1103;1104;1144;8518";3011 - Aşağıdaki önlisans programlarından birinden mezun olmak. | 1103 - Ağız Diş Sağlığı | 1104 - Ağız ve Diş Sağlığı | 1144 - Diş Teknik Sekreterliği | 8518 - Diş Hekimliği-Hijyen;9aa397bb-e6ff-e511-80c6-a0369f7d1486
2016;3;290160675;Kahramanmaraş Andırın 2 Nolu (Yeşilova) Acil Sağlık Hizmetleri İstasyonu;Sağlık Teknikeri;Kahramanmaraş;Onlisans;1;;71.269;71.269;"3005;1101;1105;4201;8585;9082;9178;9196";3005 - Aşağıdaki önlisans programlarından birinden mezun olmak. | 1101 - Acil Bakım Teknikerliği | 1105 - Ambulans ve Acil Bakım Teknikerliği | 4201 - Acil Yardım | 8585 - Acil Yardım Teknikerliği | 9082 - Paramedik | 9178 - Ambulans ve Acil Bakım | 9196 - İlk ve Acil Yardım;57a497bb-e6ff-e511-80c6-a0369f7d1486
2016;3;290161009;Siirt Ağız Ve Diş Sağlığı Merkezi;Sağlık Teknikeri;Siirt;Onlisans;2;;71.269;72.484;"3011;1103;1104;1144;8518";3011 - Aşağıdaki önlisans programlarından birinden mezun olmak. | 1103 - Ağız Diş Sağlığı | 1104 - Ağız ve Diş Sağlığı | 1144 - Diş Teknik Sekreterliği | 8518 - Diş Hekimliği-Hijyen;44a597bb-e6ff-e511-80c6-a0369f7d1486
2016;3;290161129;Şanlıurfa Siverek Ağız ve Diş Sağlığı Merkezi;Sağlık Teknikeri;Şanlıurfa;Onlisans;1;;71.268;71.268;"3011;1103;1104;1144;8518";3011 - Aşağıdaki önlisans programlarından birinden mezun olmak. | 1103 - Ağız Diş Sağlığı | 1104 - Ağız ve Diş Sağlığı | 1144 - Diş Teknik Sekreterliği | 8518 - Diş Hekimliği-Hijyen;d5a597bb-e6ff-e511-80c6-a0369f7d1486
2016;3;290160109;Ardahan Hanak 2 Nolu Acil Sağlık Hizmetleri İstasyonu;Sağlık Teknikeri;Ardahan;Onlisans;1;;71.263;71.263;"3005;1101;1105;4201;8585;9082;9178;9196";3005 - Aşağıdaki önlisans programlarından birinden mezun olmak. | 1101 - Acil Bakım Teknikerliği | 1105 - Ambulans ve Acil Bakım Teknikerliği | 4201 - Acil Yardım | 8585 - Acil Yardım Teknikerliği | 9082 - Paramedik | 9178 - Ambulans ve Acil Bakım | 9196 - İlk ve Acil Yardım;20a797bb-e6ff-e511-80c6-a0369f7d1486
2016;3;290160373;Erzincan 3 Nolu Acıl Sağlık Hizmetleri İstasyonu;Sağlık Teknikeri;Erzincan;Onlisans;1;;71.262;71.262;"3005;1101;1105;4201;8585;9082;9178;9196";3005 - Aşağıdaki önlisans programlarından birinden mezun olmak. | 1101 - Acil Bakım Teknikerliği | 1105 - Ambulans ve Acil Bakım Teknikerliği | 4201 - Acil Yardım | 8585 - Acil Yardım Teknikerliği | 9082 - Paramedik | 9178 - Ambulans ve Acil Bakım | 9196 - İlk ve Acil Yardım;57a297bb-e6ff-e511-80c6-a0369f7d1486
2016;3;290161091;Şanlıurfa Birecik 2 Nolu Acil Sağlık Hizmetleri İstasyonu;Sağlık Teknikeri;Şanlıurfa;Onlisans;1;;71.258;71.258;"3005;1101;1105;4201;8585;9082;9178;9196";3005 - Aşağıdaki önlisans programlarından birinden mezun olmak. | 1101 - Acil Bakım Teknikerliği | 1105 - Ambulans ve Acil Bakım Teknikerliği | 4201 - Acil Yardım | 8585 - Acil Yardım Teknikerliği | 9082 - Paramedik | 9178 - Ambulans ve Acil Bakım | 9196 - İlk ve Acil Yardım;c2a597bb-e6ff-e511-80c6-a0369f7d1486
2016;3;290160371;Erzincan 2 Nolu Acıl Sağlık Hizmetleri İstasyonu;Sağlık Teknikeri;Erzincan;Onlisans;1;;71.245;71.245;"3005;1101;1105;4201;8585;9082;9178;9196";3005 - Aşağıdaki önlisans programlarından birinden mezun olmak. | 1101 - Acil Bakım Teknikerliği | 1105 - Ambulans ve Acil Bakım Teknikerliği | 4201 - Acil Yardım | 8585 - Acil Yardım Teknikerliği | 9082 - Paramedik | 9178 - Ambulans ve Acil Bakım | 9196 - İlk ve Acil Yardım;56a297bb-e6ff-e511-80c6-a0369f7d1486
2016;3;290160167;Bayburt Demirözü 1 Nolu Acil Sağlık Hizmetleri İstasyonu;Sağlık Teknikeri;Bayburt;Onlisans;2;;71.232;71.476;"3005;1101;1105;4201;8585;9082;9178;9196";3005 - Aşağıdaki önlisans programlarından birinden mezun olmak. | 1101 - Acil Bakım Teknikerliği | 1105 - Ambulans ve Acil Bakım Teknikerliği | 4201 - Acil Yardım | 8585 - Acil Yardım Teknikerliği | 9082 - Paramedik | 9178 - Ambulans ve Acil Bakım | 9196 - İlk ve Acil Yardım;aaa697bb-e6ff-e511-80c6-a0369f7d1486
2016;3;290160011;Adıyaman Kahta 1 Nolu Acil Sağlık Hizmetleri İstasyonu;Sağlık Teknikeri;Adıyaman;Onlisans;2;;71.223;71.431;"3005;1101;1105;4201;8585;9082;9178;9196";3005 - Aşağıdaki önlisans programlarından birinden mezun olmak. | 1101 - Acil Bakım Teknikerliği | 1105 - Ambulans ve Acil Bakım Teknikerliği | 4201 - Acil Yardım | 8585 - Acil Yardım Teknikerliği | 9082 - Paramedik | 9178 - Ambulans ve Acil Bakım | 9196 - İlk ve Acil Yardım;0ca197bb-e6ff-e511-80c6-a0369f7d1486
2016;3;290160867;Mardin Artuklu 4 Nolu Acil Sağlık Hizmetleri İstasyonu;Sağlık Teknikeri;Mardin;Onlisans;1;;71.199;71.199;"3005;1101;1105;4201;8585;9082;9178;9196";3005 - Aşağıdaki önlisans programlarından birinden mezun olmak. | 1101 - Acil Bakım Teknikerliği | 1105 - Ambulans ve Acil Bakım Teknikerliği | 4201 - Acil Yardım | 8585 - Acil Yardım Teknikerliği | 9082 - Paramedik | 9178 - Ambulans ve Acil Bakım | 9196 - İlk ve Acil Yardım;a1a497bb-e6ff-e511-80c6-a0369f7d1486
2016;3;290161053;Sivas Gürün 2 Nolu Acil Sağlık Hizmetleri İstasyonu;Sağlık Teknikeri;Sivas;Onlisans;2;;71.196;73.942;"3005;1101;1105;4201;8585;9082;9178;9196";3005 - Aşağıdaki önlisans programlarından birinden mezun olmak. | 1101 - Acil Bakım Teknikerliği | 1105 - Ambulans ve Acil Bakım Teknikerliği | 4201 - Acil Yardım | 8585 - Acil Yardım Teknikerliği | 9082 - Paramedik | 9178 - Ambulans ve Acil Bakım | 9196 - İlk ve Acil Yardım;7fa597bb-e6ff-e511-80c6-a0369f7d1486
2016;3;290160169;Bayburt Demirözü 2 Nolu (Gökçedere) Acil Sağlık Hizmetleri İstasyonu;Sağlık Teknikeri;Bayburt;Onlisans;1;;71.185;71.185;"3005;1101;1105;4201;8585;9082;9178;9196";3005 - Aşağıdaki önlisans programlarından birinden mezun olmak. | 1101 - Acil Bakım Teknikerliği | 1105 - Ambulans ve Acil Bakım Teknikerliği | 4201 - Acil Yardım | 8585 - Acil Yardım Teknikerliği | 9082 - Paramedik | 9178 - Ambulans ve Acil Bakım | 9196 - İlk ve Acil Yardım;aba697bb-e6ff-e511-80c6-a0369f7d1486
2016;3;290160701;Kahramanmaraş Türkoğlu 1 Nolu Acil Sağlık Hizmetleri İstasyonu;Sağlık Teknikeri;Kahramanmaraş;Onlisans;1;;71.157;71.157;"3005;1101;1105;4201;8585;9082;9178;9196";3005 - Aşağıdaki önlisans programlarından birinden mezun olmak. | 1101 - Acil Bakım Teknikerliği | 1105 - Ambulans ve Acil Bakım Teknikerliği | 4201 - Acil Yardım | 8585 - Acil Yardım Teknikerliği | 9082 - Paramedik | 9178 - Ambulans ve Acil Bakım | 9196 - İlk ve Acil Yardım;64a497bb-e6ff-e511-80c6-a0369f7d1486
2016;3;290161313;Yozgat Saraykent 1 Nolu Acil Sağlık Hizmetleri İstasyonu;Sağlık Teknikeri;Yozgat;Onlisans;1;;71.129;71.129;"3005;1101;1105;4201;8585;9082;9178;9196";3005 - Aşağıdaki önlisans programlarından birinden mezun olmak. | 1101 - Acil Bakım Teknikerliği | 1105 - Ambulans ve Acil Bakım Teknikerliği | 4201 - Acil Yardım | 8585 - Acil Yardım Teknikerliği | 9082 - Paramedik | 9178 - Ambulans ve Acil Bakım | 9196 - İlk ve Acil Yardım;88a697bb-e6ff-e511-80c6-a0369f7d1486
2016;3;290160213;Bitlis Adilcevaz 1 Nolu Acıl Sağlık Hizmetleri İstasyonu;Sağlık Teknikeri;Bitlis;Onlisans;1;;71.126;71.126;"3005;1101;1105;4201;8585;9082;9178;9196";3005 - Aşağıdaki önlisans programlarından birinden mezun olmak. | 1101 - Acil Bakım Teknikerliği | 1105 - Ambulans ve Acil Bakım Teknikerliği | 4201 - Acil Yardım | 8585 - Acil Yardım Teknikerliği | 9082 - Paramedik | 9178 - Ambulans ve Acil Bakım | 9196 - İlk ve Acil Yardım;d0a197bb-e6ff-e511-80c6-a0369f7d1486
2016;3;290160399;Erzincan Üzümlü 1 Nolu Acıl Sağlık Hizmetleri İstasyonu;Sağlık Teknikeri;Erzincan;Onlisans;1;;71.126;71.126;"3005;1101;1105;4201;8585;9082;9178;9196";3005 - Aşağıdaki önlisans programlarından birinden mezun olmak. | 1101 - Acil Bakım Teknikerliği | 1105 - Ambulans ve Acil Bakım Teknikerliği | 4201 - Acil Yardım | 8585 - Acil Yardım Teknikerliği | 9082 - Paramedik | 9178 - Ambulans ve Acil Bakım | 9196 - İlk ve Acil Yardım;64a297bb-e6ff-e511-80c6-a0369f7d1486
2016;3;290160379;Erzincan Çayırlı 2 Nolu Acil Sağlık Hizmetleri İstasyonu;Sağlık Teknikeri;Erzincan;Onlisans;2;;71.111;71.121;"3005;1101;1105;4201;8585;9082;9178;9196";3005 - Aşağıdaki önlisans programlarından birinden mezun olmak. | 1101 - Acil Bakım Teknikerliği | 1105 - Ambulans ve Acil Bakım Teknikerliği | 4201 - Acil Yardım | 8585 - Acil Yardım Teknikerliği | 9082 - Paramedik | 9178 - Ambulans ve Acil Bakım | 9196 - İlk ve Acil Yardım;5aa297bb-e6ff-e511-80c6-a0369f7d1486
2016;3;290160685;Kahramanmaraş Elbistan 2 Nolu Acil Sağlık Hizmetleri İstasyonu;Sağlık Teknikeri;Kahramanmaraş;Onlisans;2;;71.11;71.298;"3005;1101;1105;4201;8585;9082;9178;9196";3005 - Aşağıdaki önlisans programlarından birinden mezun olmak. | 1101 - Acil Bakım Teknikerliği | 1105 - Ambulans ve Acil Bakım Teknikerliği | 4201 - Acil Yardım | 8585 - Acil Yardım Teknikerliği | 9082 - Paramedik | 9178 - Ambulans ve Acil Bakım | 9196 - İlk ve Acil Yardım;5ca497bb-e6ff-e511-80c6-a0369f7d1486
2016;3;290160983;Osmaniye Düziçi 1 Nolu Acil Sağlık Hizmetleri İstasyonu;Sağlık Teknikeri;Osmaniye;Onlisans;1;;71.11;71.11;"3005;1101;1105;4201;8585;9082;9178;9196";3005 - Aşağıdaki önlisans programlarından birinden mezun olmak. | 1101 - Acil Bakım Teknikerliği | 1105 - Ambulans ve Acil Bakım Teknikerliği | 4201 - Acil Yardım | 8585 - Acil Yardım Teknikerliği | 9082 - Paramedik | 9178 - Ambulans ve Acil Bakım | 9196 - İlk ve Acil Yardım;50a797bb-e6ff-e511-80c6-a0369f7d1486
2016;3;290160151;Batman Ağız ve Diş Sağlığı Merkezi;Sağlık Teknikeri;Batman;Onlisans;6;;71.102;71.944;"3011;1103;1104;1144;8518";3011 - Aşağıdaki önlisans programlarından birinden mezun olmak. | 1103 - Ağız Diş Sağlığı | 1104 - Ağız ve Diş Sağlığı | 1144 - Diş Teknik Sekreterliği | 8518 - Diş Hekimliği-Hijyen;caa697bb-e6ff-e511-80c6-a0369f7d1486
2016;3;290160819;Kilis 6 Nolu Acil Sağlık Hizmetleri İstasyonu;Sağlık Teknikeri;Kilis;Onlisans;3;;71.096;71.118;"3005;1101;1105;4201;8585;9082;9178;9196";3005 - Aşağıdaki önlisans programlarından birinden mezun olmak. | 1101 - Acil Bakım Teknikerliği | 1105 - Ambulans ve Acil Bakım Teknikerliği | 4201 - Acil Yardım | 8585 - Acil Yardım Teknikerliği | 9082 - Paramedik | 9178 - Ambulans ve Acil Bakım | 9196 - İlk ve Acil Yardım;39a797bb-e6ff-e511-80c6-a0369f7d1486
2016;3;290160433;Erzurum Narman 2 Nolu Acil Sağlık Hizmetleri İstasyonu;Sağlık Teknikeri;Erzurum;Onlisans;2;;71.088;71.413;"3005;1101;1105;4201;8585;9082;9178;9196";3005 - Aşağıdaki önlisans programlarından birinden mezun olmak. | 1101 - Acil Bakım Teknikerliği | 1105 - Ambulans ve Acil Bakım Teknikerliği | 4201 - Acil Yardım | 8585 - Acil Yardım Teknikerliği | 9082 - Paramedik | 9178 - Ambulans ve Acil Bakım | 9196 - İlk ve Acil Yardım;aea297bb-e6ff-e511-80c6-a0369f7d1486
2016;3;290160817;Kilis 5 Nolu Acil Sağlık Hizmetleri İstasyonu;Sağlık Teknikeri;Kilis;Onlisans;1;;71.086;71.086;"3005;1101;1105;4201;8585;9082;9178;9196";3005 - Aşağıdaki önlisans programlarından birinden mezun olmak. | 1101 - Acil Bakım Teknikerliği | 1105 - Ambulans ve Acil Bakım Teknikerliği | 4201 - Acil Yardım | 8585 - Acil Yardım Teknikerliği | 9082 - Paramedik | 9178 - Ambulans ve Acil Bakım | 9196 - İlk ve Acil Yardım;38a797bb-e6ff-e511-80c6-a0369f7d1486
2016;3;290160633;İstanbul Okmeydanı Ağız ve Diş Sağlığı Hastanesi;Sağlık Teknikeri;İstanbul;Onlisans;5;;71.085;72.529;"3011;1103;1104;1144;8518";3011 - Aşağıdaki önlisans programlarından birinden mezun olmak. | 1103 - Ağız Diş Sağlığı | 1104 - Ağız ve Diş Sağlığı | 1144 - Diş Teknik Sekreterliği | 8518 - Diş Hekimliği-Hijyen;a4a397bb-e6ff-e511-80c6-a0369f7d1486
2016;3;290160089;Ardahan Çıldır 3 Nolu (Kurtkale) Acil Sağlık Hizmetleri İstasyonu;Sağlık Teknikeri;Ardahan;Onlisans;3;;71.083;71.592;"3005;1101;1105;4201;8585;9082;9178;9196";3005 - Aşağıdaki önlisans programlarından birinden mezun olmak. | 1101 - Acil Bakım Teknikerliği | 1105 - Ambulans ve Acil Bakım Teknikerliği | 4201 - Acil Yardım | 8585 - Acil Yardım Teknikerliği | 9082 - Paramedik | 9178 - Ambulans ve Acil Bakım | 9196 - İlk ve Acil Yardım;16a797bb-e6ff-e511-80c6-a0369f7d1486
2016;3;290160851;Malatya Doğanşehir 3 Nolu Acil Sağlık Hizmetleri İstasyonu;Sağlık Teknikeri;Malatya;Onlisans;3;;71.082;71.387;"3005;1101;1105;4201;8585;9082;9178;9196";3005 - Aşağıdaki önlisans programlarından birinden mezun olmak. | 1101 - Acil Bakım Teknikerliği | 1105 - Ambulans ve Acil Bakım Teknikerliği | 4201 - Acil Yardım | 8585 - Acil Yardım Teknikerliği | 9082 - Paramedik | 9178 - Ambulans ve Acil Bakım | 9196 - İlk ve Acil Yardım;37a497bb-e6ff-e511-80c6-a0369f7d1486
2016;3;290160463;Gaziantep Nizip 3 Nolu Acil Sağlık Hizmetleri İstasyonu;Sağlık Teknikeri;Gaziantep;Onlisans;1;;71.072;71.072;"3005;1101;1105;4201;8585;9082;9178;9196";3005 - Aşağıdaki önlisans programlarından birinden mezun olmak. | 1101 - Acil Bakım Teknikerliği | 1105 - Ambulans ve Acil Bakım Teknikerliği | 4201 - Acil Yardım | 8585 - Acil Yardım Teknikerliği | 9082 - Paramedik | 9178 - Ambulans ve Acil Bakım | 9196 - İlk ve Acil Yardım;bda297bb-e6ff-e511-80c6-a0369f7d1486
2016;3;290160911;Mardin Midyat 2 Nolu Acil Sağlık Hizmetleri İstasyonu;Sağlık Teknikeri;Mardin;Onlisans;1;;71.062;71.062;"3005;1101;1105;4201;8585;9082;9178;9196";3005 - Aşağıdaki önlisans programlarından birinden mezun olmak. | 1101 - Acil Bakım Teknikerliği | 1105 - Ambulans ve Acil Bakım Teknikerliği | 4201 - Acil Yardım | 8585 - Acil Yardım Teknikerliği | 9082 - Paramedik | 9178 - Ambulans ve Acil Bakım | 9196 - İlk ve Acil Yardım;b7a497bb-e6ff-e511-80c6-a0369f7d1486
2016;3;290160865;Mardin Ağız ve Diş Sağlığı Merkezi;Sağlık Teknikeri;Mardin;Onlisans;2;;71.051;71.477;"3011;1103;1104;1144;8518";3011 - Aşağıdaki önlisans programlarından birinden mezun olmak. | 1103 - Ağız Diş Sağlığı | 1104 - Ağız ve Diş Sağlığı | 1144 - Diş Teknik Sekreterliği | 8518 - Diş Hekimliği-Hijyen;a0a497bb-e6ff-e511-80c6-a0369f7d1486
2016;3;290160647;İstanbul Sarıyer Ağız ve Diş Sağlığı Merkezi;Sağlık Teknikeri;İstanbul;Onlisans;5;;71.041;72.147;"3011;1103;1104;1144;8518";3011 - Aşağıdaki önlisans programlarından birinden mezun olmak. | 1103 - Ağız Diş Sağlığı | 1104 - Ağız ve Diş Sağlığı | 1144 - Diş Teknik Sekreterliği | 8518 - Diş Hekimliği-Hijyen;aba397bb-e6ff-e511-80c6-a0369f7d1486
2016;3;290160185;Bingöl Ağız Ve Diş Sağlığı Merkezi;Sağlık Teknikeri;Bingöl;Onlisans;2;;71.019;71.099;"3011;1103;1104;1144;8518";3011 - Aşağıdaki önlisans programlarından birinden mezun olmak. | 1103 - Ağız Diş Sağlığı | 1104 - Ağız ve Diş Sağlığı | 1144 - Diş Teknik Sekreterliği | 8518 - Diş Hekimliği-Hijyen;93a197bb-e6ff-e511-80c6-a0369f7d1486
2016;3;290161059;Sivas İmranlı 1 Nolu Acil Sağlık Hizmetleri İstasyonu;Sağlık Teknikeri;Sivas;Onlisans;2;;71.014;71.186;"3005;1101;1105;4201;8585;9082;9178;9196";3005 - Aşağıdaki önlisans programlarından birinden mezun olmak. | 1101 - Acil Bakım Teknikerliği | 1105 - Ambulans ve Acil Bakım Teknikerliği | 4201 - Acil Yardım | 8585 - Acil Yardım Teknikerliği | 9082 - Paramedik | 9178 - Ambulans ve Acil Bakım | 9196 - İlk ve Acil Yardım;82a597bb-e6ff-e511-80c6-a0369f7d1486
2016;3;290160041;Ağrı Doğubeyazıt 3 Nolu Acil Sağlık Hizmetleri İstasyonu;Sağlık Teknikeri;Ağrı;Onlisans;2;;71.005;71.111;"3005;1101;1105;4201;8585;9082;9178;9196";3005 - Aşağıdaki önlisans programlarından birinden mezun olmak. | 1101 - Acil Bakım Teknikerliği | 1105 - Ambulans ve Acil Bakım Teknikerliği | 4201 - Acil Yardım | 8585 - Acil Yardım Teknikerliği | 9082 - Paramedik | 9178 - Ambulans ve Acil Bakım | 9196 - İlk ve Acil Yardım;4ea197bb-e6ff-e511-80c6-a0369f7d1486
2016;3;290161255;Van Edremit 3 Nolu Acil Sağlık Hizmetleri İstasyonu;Sağlık Teknikeri;Van;Onlisans;5;;70.995;71.46;"3005;1101;1105;4201;8585;9082;9178;9196";3005 - Aşağıdaki önlisans programlarından birinden mezun olmak. | 1101 - Acil Bakım Teknikerliği | 1105 - Ambulans ve Acil Bakım Teknikerliği | 4201 - Acil Yardım | 8585 - Acil Yardım Teknikerliği | 9082 - Paramedik | 9178 - Ambulans ve Acil Bakım | 9196 - İlk ve Acil Yardım;35a697bb-e6ff-e511-80c6-a0369f7d1486
2016;3;290160691;Kahramanmaraş Göksun 2 Nolu Acil Sağlık Hizmetleri İstasyonu;Sağlık Teknikeri;Kahramanmaraş;Onlisans;2;;70.994;71.536;"3005;1101;1105;4201;8585;9082;9178;9196";3005 - Aşağıdaki önlisans programlarından birinden mezun olmak. | 1101 - Acil Bakım Teknikerliği | 1105 - Ambulans ve Acil Bakım Teknikerliği | 4201 - Acil Yardım | 8585 - Acil Yardım Teknikerliği | 9082 - Paramedik | 9178 - Ambulans ve Acil Bakım | 9196 - İlk ve Acil Yardım;5fa497bb-e6ff-e511-80c6-a0369f7d1486
2016;3;290160013;Adıyaman Kahta 3 Nolu Acil Sağlık Hizmetleri İstasyonu;Sağlık Teknikeri;Adıyaman;Onlisans;3;;70.986;71.413;"3005;1101;1105;4201;8585;9082;9178;9196";3005 - Aşağıdaki önlisans programlarından birinden mezun olmak. | 1101 - Acil Bakım Teknikerliği | 1105 - Ambulans ve Acil Bakım Teknikerliği | 4201 - Acil Yardım | 8585 - Acil Yardım Teknikerliği | 9082 - Paramedik | 9178 - Ambulans ve Acil Bakım | 9196 - İlk ve Acil Yardım;0da197bb-e6ff-e511-80c6-a0369f7d1486
2016;3;290160841;Malatya Akçadağ 2 Nolu Acil Sağlık Hizmetleri İstasyonu;Sağlık Teknikeri;Malatya;Onlisans;2;;70.986;71.039;"3005;1101;1105;4201;8585;9082;9178;9196";3005 - Aşağıdaki önlisans programlarından birinden mezun olmak. | 1101 - Acil Bakım Teknikerliği | 1105 - Ambulans ve Acil Bakım Teknikerliği | 4201 - Acil Yardım | 8585 - Acil Yardım Teknikerliği | 9082 - Paramedik | 9178 - Ambulans ve Acil Bakım | 9196 - İlk ve Acil Yardım;32a497bb-e6ff-e511-80c6-a0369f7d1486
2016;3;290161125;Şanlıurfa Siverek 2 Nolu Acil Sağlık Hizmetleri İstasyonu;Sağlık Teknikeri;Şanlıurfa;Onlisans;3;;70.978;72.52;"3005;1101;1105;4201;8585;9082;9178;9196";3005 - Aşağıdaki önlisans programlarından birinden mezun olmak. | 1101 - Acil Bakım Teknikerliği | 1105 - Ambulans ve Acil Bakım Teknikerliği | 4201 - Acil Yardım | 8585 - Acil Yardım Teknikerliği | 9082 - Paramedik | 9178 - Ambulans ve Acil Bakım | 9196 - İlk ve Acil Yardım;d3a597bb-e6ff-e511-80c6-a0369f7d1486
2016;3;290160113;Ardahan Posof 3 Nolu Acil Sağlık Hizmetleri İstasyonu;Sağlık Teknikeri;Ardahan;Onlisans;3;;70.975;71.72;"3005;1101;1105;4201;8585;9082;9178;9196";3005 - Aşağıdaki önlisans programlarından birinden mezun olmak. | 1101 - Acil Bakım Teknikerliği | 1105 - Ambulans ve Acil Bakım Teknikerliği | 4201 - Acil Yardım | 8585 - Acil Yardım Teknikerliği | 9082 - Paramedik | 9178 - Ambulans ve Acil Bakım | 9196 - İlk ve Acil Yardım;22a797bb-e6ff-e511-80c6-a0369f7d1486
2016;3;290160025;Ağrı Ağız Ve Diş Sağlığı Merkezi;Sağlık Teknikeri;Ağrı;Onlisans;1;;70.971;70.971;"3011;1103;1104;1144;8518";3011 - Aşağıdaki önlisans programlarından birinden mezun olmak. | 1103 - Ağız Diş Sağlığı | 1104 - Ağız ve Diş Sağlığı | 1144 - Diş Teknik Sekreterliği | 8518 - Diş Hekimliği-Hijyen;46a197bb-e6ff-e511-80c6-a0369f7d1486
2016;3;290161077;Şanlıurfa Akçakale 2 Nolu Acil Sağlık Hizmetleri İstasyonu;Sağlık Teknikeri;Şanlıurfa;Onlisans;1;;70.963;70.963;"3005;1101;1105;4201;8585;9082;9178;9196";3005 - Aşağıdaki önlisans programlarından birinden mezun olmak. | 1101 - Acil Bakım Teknikerliği | 1105 - Ambulans ve Acil Bakım Teknikerliği | 4201 - Acil Yardım | 8585 - Acil Yardım Teknikerliği | 9082 - Paramedik | 9178 - Ambulans ve Acil Bakım | 9196 - İlk ve Acil Yardım;bba597bb-e6ff-e511-80c6-a0369f7d1486
2016;3;290161209;Tunceli Ağız ve Diş Sağlığı Merkezi;Sağlık Teknikeri;Tunceli;Onlisans;1;;70.936;70.936;"3011;1103;1104;1144;8518";3011 - Aşağıdaki önlisans programlarından birinden mezun olmak. | 1103 - Ağız Diş Sağlığı | 1104 - Ağız ve Diş Sağlığı | 1144 - Diş Teknik Sekreterliği | 8518 - Diş Hekimliği-Hijyen;9ca597bb-e6ff-e511-80c6-a0369f7d1486
2016;3;290160147;Batman 5 Nolu Acil Sağlık Hizmetleri İstasyonu;Sağlık Teknikeri;Batman;Onlisans;2;;70.931;71.443;"3005;1101;1105;4201;8585;9082;9178;9196";3005 - Aşağıdaki önlisans programlarından birinden mezun olmak. | 1101 - Acil Bakım Teknikerliği | 1105 - Ambulans ve Acil Bakım Teknikerliği | 4201 - Acil Yardım | 8585 - Acil Yardım Teknikerliği | 9082 - Paramedik | 9178 - Ambulans ve Acil Bakım | 9196 - İlk ve Acil Yardım;c8a697bb-e6ff-e511-80c6-a0369f7d1486
2016;3;290161145;Şanlıurfa Viranşehir 1 Nolu Acil Sağlık Hizmetleri İstasyonu;Sağlık Teknikeri;Şanlıurfa;Onlisans;1;;70.928;70.928;"3005;1101;1105;4201;8585;9082;9178;9196";3005 - Aşağıdaki önlisans programlarından birinden mezun olmak. | 1101 - Acil Bakım Teknikerliği | 1105 - Ambulans ve Acil Bakım Teknikerliği | 4201 - Acil Yardım | 8585 - Acil Yardım Teknikerliği | 9082 - Paramedik | 9178 - Ambulans ve Acil Bakım | 9196 - İlk ve Acil Yardım;dda597bb-e6ff-e511-80c6-a0369f7d1486
2016;3;290160217;Bitlis Ağız ve Diş Sağlığı Merkezi;Sağlık Teknikeri;Bitlis;Onlisans;3;;70.925;71.221;"3011;1103;1104;1144;8518";3011 - Aşağıdaki önlisans programlarından birinden mezun olmak. | 1103 - Ağız Diş Sağlığı | 1104 - Ağız ve Diş Sağlığı | 1144 - Diş Teknik Sekreterliği | 8518 - Diş Hekimliği-Hijyen;d2a197bb-e6ff-e511-80c6-a0369f7d1486
2016;3;290161007;Siirt 2 Nolu Acil Sağlık Hizmetleri İstasyonu;Sağlık Teknikeri;Siirt;Onlisans;1;;70.925;70.925;"3005;1101;1105;4201;8585;9082;9178;9196";3005 - Aşağıdaki önlisans programlarından birinden mezun olmak. | 1101 - Acil Bakım Teknikerliği | 1105 - Ambulans ve Acil Bakım Teknikerliği | 4201 - Acil Yardım | 8585 - Acil Yardım Teknikerliği | 9082 - Paramedik | 9178 - Ambulans ve Acil Bakım | 9196 - İlk ve Acil Yardım;43a597bb-e6ff-e511-80c6-a0369f7d1486
2016;3;290160987;Osmaniye Hasanbeyli 2 Nolu Acil Sağlık Hizmetleri İstasyonu;Sağlık Teknikeri;Osmaniye;Onlisans;1;;70.916;70.916;"3005;1101;1105;4201;8585;9082;9178;9196";3005 - Aşağıdaki önlisans programlarından birinden mezun olmak. | 1101 - Acil Bakım Teknikerliği | 1105 - Ambulans ve Acil Bakım Teknikerliği | 4201 - Acil Yardım | 8585 - Acil Yardım Teknikerliği | 9082 - Paramedik | 9178 - Ambulans ve Acil Bakım | 9196 - İlk ve Acil Yardım;52a797bb-e6ff-e511-80c6-a0369f7d1486
2016;3;290160847;Malatya Darende 1 Nolu Acil Sağlık Hizmetleri İstasyonu;Sağlık Teknikeri;Malatya;Onlisans;2;;70.911;71.291;"3005;1101;1105;4201;8585;9082;9178;9196";3005 - Aşağıdaki önlisans programlarından birinden mezun olmak. | 1101 - Acil Bakım Teknikerliği | 1105 - Ambulans ve Acil Bakım Teknikerliği | 4201 - Acil Yardım | 8585 - Acil Yardım Teknikerliği | 9082 - Paramedik | 9178 - Ambulans ve Acil Bakım | 9196 - İlk ve Acil Yardım;35a497bb-e6ff-e511-80c6-a0369f7d1486
2016;3;290160465;Gaziantep Nizip 4 Nolu (Tatlıcak) Acil Sağlık Hizmetleri İstasyonu;Sağlık Teknikeri;Gaziantep;Onlisans;1;;70.898;70.898;"3005;1101;1105;4201;8585;9082;9178;9196";3005 - Aşağıdaki önlisans programlarından birinden mezun olmak. | 1101 - Acil Bakım Teknikerliği | 1105 - Ambulans ve Acil Bakım Teknikerliği | 4201 - Acil Yardım | 8585 - Acil Yardım Teknikerliği | 9082 - Paramedik | 9178 - Ambulans ve Acil Bakım | 9196 - İlk ve Acil Yardım;bea297bb-e6ff-e511-80c6-a0369f7d1486
2016;3;290161161;Şırnak Cizre Ağız Ve Diş Sağlığı Merkezi;Sağlık Teknikeri;Şırnak;Onlisans;1;;70.897;70.897;"3011;1103;1104;1144;8518";3011 - Aşağıdaki önlisans programlarından birinden mezun olmak. | 1103 - Ağız Diş Sağlığı | 1104 - Ağız ve Diş Sağlığı | 1144 - Diş Teknik Sekreterliği | 8518 - Diş Hekimliği-Hijyen;e2a697bb-e6ff-e511-80c6-a0369f7d1486
2016;3;290160337;Elazığ Ağın 1 Nolu Acil Sağlık Hizmetleri İstasyonu;Sağlık Teknikeri;Elazığ;Onlisans;2;;70.889;70.989;"3005;1101;1105;4201;8585;9082;9178;9196";3005 - Aşağıdaki önlisans programlarından birinden mezun olmak. | 1101 - Acil Bakım Teknikerliği | 1105 - Ambulans ve Acil Bakım Teknikerliği | 4201 - Acil Yardım | 8585 - Acil Yardım Teknikerliği | 9082 - Paramedik | 9178 - Ambulans ve Acil Bakım | 9196 - İlk ve Acil Yardım;45a297bb-e6ff-e511-80c6-a0369f7d1486
2016;3;290160673;Kahramanmaraş Andırın 1 Nolu Acil Sağlık Hizmetleri İstasyonu;Sağlık Teknikeri;Kahramanmaraş;Onlisans;2;;70.885;71.165;"3005;1101;1105;4201;8585;9082;9178;9196";3005 - Aşağıdaki önlisans programlarından birinden mezun olmak. | 1101 - Acil Bakım Teknikerliği | 1105 - Ambulans ve Acil Bakım Teknikerliği | 4201 - Acil Yardım | 8585 - Acil Yardım Teknikerliği | 9082 - Paramedik | 9178 - Ambulans ve Acil Bakım | 9196 - İlk ve Acil Yardım;56a497bb-e6ff-e511-80c6-a0369f7d1486
2016;3;290160359;Elazığ Kovancılar 2 (Çakırkaş) Nolu Acil Sağlık Hizmetleri İstasyonu;Sağlık Teknikeri;Elazığ;Onlisans;2;;70.874;71.13;"3005;1101;1105;4201;8585;9082;9178;9196";3005 - Aşağıdaki önlisans programlarından birinden mezun olmak. | 1101 - Acil Bakım Teknikerliği | 1105 - Ambulans ve Acil Bakım Teknikerliği | 4201 - Acil Yardım | 8585 - Acil Yardım Teknikerliği | 9082 - Paramedik | 9178 - Ambulans ve Acil Bakım | 9196 - İlk ve Acil Yardım;50a297bb-e6ff-e511-80c6-a0369f7d1486
2016;3;290160367;Elazığ Sivrice 1 Nolu Acıl Sağlık Hizmetleri İstasyonu;Sağlık Teknikeri;Elazığ;Onlisans;1;;70.874;70.874;"3005;1101;1105;4201;8585;9082;9178;9196";3005 - Aşağıdaki önlisans programlarından birinden mezun olmak. | 1101 - Acil Bakım Teknikerliği | 1105 - Ambulans ve Acil Bakım Teknikerliği | 4201 - Acil Yardım | 8585 - Acil Yardım Teknikerliği | 9082 - Paramedik | 9178 - Ambulans ve Acil Bakım | 9196 - İlk ve Acil Yardım;54a297bb-e6ff-e511-80c6-a0369f7d1486
2016;3;290160843;Malatya Arapgir 2 Nolu Acil Sağlık Hizmetleri İstasyonu;Sağlık Teknikeri;Malatya;Onlisans;2;;70.869;70.895;"3005;1101;1105;4201;8585;9082;9178;9196";3005 - Aşağıdaki önlisans programlarından birinden mezun olmak. | 1101 - Acil Bakım Teknikerliği | 1105 - Ambulans ve Acil Bakım Teknikerliği | 4201 - Acil Yardım | 8585 - Acil Yardım Teknikerliği | 9082 - Paramedik | 9178 - Ambulans ve Acil Bakım | 9196 - İlk ve Acil Yardım;33a497bb-e6ff-e511-80c6-a0369f7d1486
2016;3;290160681;Kahramanmaraş Ekinözü 1 Nolu Acil Sağlık Hizmetleri İstasyonu;Sağlık Teknikeri;Kahramanmaraş;Onlisans;2;;70.845;70.937;"3005;1101;1105;4201;8585;9082;9178;9196";3005 - Aşağıdaki önlisans programlarından birinden mezun olmak. | 1101 - Acil Bakım Teknikerliği | 1105 - Ambulans ve Acil Bakım Teknikerliği | 4201 - Acil Yardım | 8585 - Acil Yardım Teknikerliği | 9082 - Paramedik | 9178 - Ambulans ve Acil Bakım | 9196 - İlk ve Acil Yardım;5aa497bb-e6ff-e511-80c6-a0369f7d1486
2016;3;290160837;Kilis Elbeyli 2 Nolu Acil Sağlık Hizmetleri İstasyonu;Sağlık Teknikeri;Kilis;Onlisans;3;;70.838;70.905;"3005;1101;1105;4201;8585;9082;9178;9196";3005 - Aşağıdaki önlisans programlarından birinden mezun olmak. | 1101 - Acil Bakım Teknikerliği | 1105 - Ambulans ve Acil Bakım Teknikerliği | 4201 - Acil Yardım | 8585 - Acil Yardım Teknikerliği | 9082 - Paramedik | 9178 - Ambulans ve Acil Bakım | 9196 - İlk ve Acil Yardım;42a797bb-e6ff-e511-80c6-a0369f7d1486
2016;3;290161181;Şırnak Dt. Nurullah Kadırhan Ağız ve Diş Sağlığı Merkezi;Sağlık Teknikeri;Şırnak;Onlisans;1;;70.822;70.822;"3011;1103;1104;1144;8518";3011 - Aşağıdaki önlisans programlarından birinden mezun olmak. | 1103 - Ağız Diş Sağlığı | 1104 - Ağız ve Diş Sağlığı | 1144 - Diş Teknik Sekreterliği | 8518 - Diş Hekimliği-Hijyen;eca697bb-e6ff-e511-80c6-a0369f7d1486
2016;3;290160397;Erzincan Tercan 2 Nolu Acil Sağlık Hizmetleri İstasyonu;Sağlık Teknikeri;Erzincan;Onlisans;2;;70.816;71.088;"3005;1101;1105;4201;8585;9082;9178;9196";3005 - Aşağıdaki önlisans programlarından birinden mezun olmak. | 1101 - Acil Bakım Teknikerliği | 1105 - Ambulans ve Acil Bakım Teknikerliği | 4201 - Acil Yardım | 8585 - Acil Yardım Teknikerliği | 9082 - Paramedik | 9178 - Ambulans ve Acil Bakım | 9196 - İlk ve Acil Yardım;63a297bb-e6ff-e511-80c6-a0369f7d1486
2016;3;290160893;Mardin Kızıltepe 4 Nolu Acil Sağlık Hizmetleri İstasyonu;Sağlık Teknikeri;Mardin;Onlisans;1;;70.814;70.814;"3005;1101;1105;4201;8585;9082;9178;9196";3005 - Aşağıdaki önlisans programlarından birinden mezun olmak. | 1101 - Acil Bakım Teknikerliği | 1105 - Ambulans ve Acil Bakım Teknikerliği | 4201 - Acil Yardım | 8585 - Acil Yardım Teknikerliği | 9082 - Paramedik | 9178 - Ambulans ve Acil Bakım | 9196 - İlk ve Acil Yardım;aea497bb-e6ff-e511-80c6-a0369f7d1486
2016;3;290160351;Elazığ Baskil 2 Nolu (Yukarı Kuluşağı) Acil Sağlık Hizmetleri İstasyonu;Sağlık Teknikeri;Elazığ;Onlisans;2;;70.811;71.669;"3005;1101;1105;4201;8585;9082;9178;9196";3005 - Aşağıdaki önlisans programlarından birinden mezun olmak. | 1101 - Acil Bakım Teknikerliği | 1105 - Ambulans ve Acil Bakım Teknikerliği | 4201 - Acil Yardım | 8585 - Acil Yardım Teknikerliği | 9082 - Paramedik | 9178 - Ambulans ve Acil Bakım | 9196 - İlk ve Acil Yardım;4ca297bb-e6ff-e511-80c6-a0369f7d1486
2016;3;290160355;Elazığ Karakoçan 1 Nolu Acıl Sağlık Hizmetleri İstasyonu;Sağlık Teknikeri;Elazığ;Onlisans;1;;70.8;70.8;"3005;1101;1105;4201;8585;9082;9178;9196";3005 - Aşağıdaki önlisans programlarından birinden mezun olmak. | 1101 - Acil Bakım Teknikerliği | 1105 - Ambulans ve Acil Bakım Teknikerliği | 4201 - Acil Yardım | 8585 - Acil Yardım Teknikerliği | 9082 - Paramedik | 9178 - Ambulans ve Acil Bakım | 9196 - İlk ve Acil Yardım;4ea297bb-e6ff-e511-80c6-a0369f7d1486
2016;3;290160985;Osmaniye Düziçi 2 Nolu Acil Sağlık Hizmetleri İstasyonu;Sağlık Teknikeri;Osmaniye;Onlisans;1;;70.787;70.787;"3005;1101;1105;4201;8585;9082;9178;9196";3005 - Aşağıdaki önlisans programlarından birinden mezun olmak. | 1101 - Acil Bakım Teknikerliği | 1105 - Ambulans ve Acil Bakım Teknikerliği | 4201 - Acil Yardım | 8585 - Acil Yardım Teknikerliği | 9082 - Paramedik | 9178 - Ambulans ve Acil Bakım | 9196 - İlk ve Acil Yardım;51a797bb-e6ff-e511-80c6-a0369f7d1486
2016;3;290161217;Tunceli Ovacık 1 Nolu Acil Sağlık Hizmetleri İstasyonu;Sağlık Teknikeri;Tunceli;Onlisans;1;;70.784;70.784;"3005;1101;1105;4201;8585;9082;9178;9196";3005 - Aşağıdaki önlisans programlarından birinden mezun olmak. | 1101 - Acil Bakım Teknikerliği | 1105 - Ambulans ve Acil Bakım Teknikerliği | 4201 - Acil Yardım | 8585 - Acil Yardım Teknikerliği | 9082 - Paramedik | 9178 - Ambulans ve Acil Bakım | 9196 - İlk ve Acil Yardım;a0a597bb-e6ff-e511-80c6-a0369f7d1486
2016;3;290161251;Van Edremit 1 Nolu Acil Sağlık Hizmetleri İstasyonu;Sağlık Teknikeri;Van;Onlisans;3;;70.784;71.268;"3005;1101;1105;4201;8585;9082;9178;9196";3005 - Aşağıdaki önlisans programlarından birinden mezun olmak. | 1101 - Acil Bakım Teknikerliği | 1105 - Ambulans ve Acil Bakım Teknikerliği | 4201 - Acil Yardım | 8585 - Acil Yardım Teknikerliği | 9082 - Paramedik | 9178 - Ambulans ve Acil Bakım | 9196 - İlk ve Acil Yardım;33a697bb-e6ff-e511-80c6-a0369f7d1486
2016;3;290161039;Siirt Tillo 1 Nolu Acil Sağlık Hizmetleri İstasyonu İ;Sağlık Teknikeri;Siirt;Onlisans;1;;70.776;70.776;"3005;1101;1105;4201;8585;9082;9178;9196";3005 - Aşağıdaki önlisans programlarından birinden mezun olmak. | 1101 - Acil Bakım Teknikerliği | 1105 - Ambulans ve Acil Bakım Teknikerliği | 4201 - Acil Yardım | 8585 - Acil Yardım Teknikerliği | 9082 - Paramedik | 9178 - Ambulans ve Acil Bakım | 9196 - İlk ve Acil Yardım;53a597bb-e6ff-e511-80c6-a0369f7d1486
2016;3;290160703;Kahramanmaraş Türkoğlu 2 Nolu Acil Sağlık Hizmetleri İstasyonu;Sağlık Teknikeri;Kahramanmaraş;Onlisans;1;;70.772;70.772;"3005;1101;1105;4201;8585;9082;9178;9196";3005 - Aşağıdaki önlisans programlarından birinden mezun olmak. | 1101 - Acil Bakım Teknikerliği | 1105 - Ambulans ve Acil Bakım Teknikerliği | 4201 - Acil Yardım | 8585 - Acil Yardım Teknikerliği | 9082 - Paramedik | 9178 - Ambulans ve Acil Bakım | 9196 - İlk ve Acil Yardım;65a497bb-e6ff-e511-80c6-a0369f7d1486
2016;3;290161127;Şanlıurfa Siverek 4 Nolu Acil Sağlık Hizmetleri İstasyonu;Sağlık Teknikeri;Şanlıurfa;Onlisans;2;;70.761;71.371;"3005;1101;1105;4201;8585;9082;9178;9196";3005 - Aşağıdaki önlisans programlarından birinden mezun olmak. | 1101 - Acil Bakım Teknikerliği | 1105 - Ambulans ve Acil Bakım Teknikerliği | 4201 - Acil Yardım | 8585 - Acil Yardım Teknikerliği | 9082 - Paramedik | 9178 - Ambulans ve Acil Bakım | 9196 - İlk ve Acil Yardım;d4a597bb-e6ff-e511-80c6-a0369f7d1486
2016;3;290160845;Malatya Arguvan 1 Nolu 112 Acil Sağlık Hizmetleri İstasyonu;Sağlık Teknikeri;Malatya;Onlisans;2;;70.754;71.434;"3005;1101;1105;4201;8585;9082;9178;9196";3005 - Aşağıdaki önlisans programlarından birinden mezun olmak. | 1101 - Acil Bakım Teknikerliği | 1105 - Ambulans ve Acil Bakım Teknikerliği | 4201 - Acil Yardım | 8585 - Acil Yardım Teknikerliği | 9082 - Paramedik | 9178 - Ambulans ve Acil Bakım | 9196 - İlk ve Acil Yardım;34a497bb-e6ff-e511-80c6-a0369f7d1486
2016;3;290160241;Bitlis Tatvan 2 No.Lu Acil Sağlık Hizmetleri İstasyonu;Sağlık Teknikeri;Bitlis;Onlisans;1;;70.75;70.75;"3005;1101;1105;4201;8585;9082;9178;9196";3005 - Aşağıdaki önlisans programlarından birinden mezun olmak. | 1101 - Acil Bakım Teknikerliği | 1105 - Ambulans ve Acil Bakım Teknikerliği | 4201 - Acil Yardım | 8585 - Acil Yardım Teknikerliği | 9082 - Paramedik | 9178 - Ambulans ve Acil Bakım | 9196 - İlk ve Acil Yardım;dea197bb-e6ff-e511-80c6-a0369f7d1486
2016;3;290160205;Bingöl Merkez 4 Nolu Acil Sağlık Hizmetleri İstasyonu;Sağlık Teknikeri;Bingöl;Onlisans;2;;70.737;71.082;"3005;1101;1105;4201;8585;9082;9178;9196";3005 - Aşağıdaki önlisans programlarından birinden mezun olmak. | 1101 - Acil Bakım Teknikerliği | 1105 - Ambulans ve Acil Bakım Teknikerliği | 4201 - Acil Yardım | 8585 - Acil Yardım Teknikerliği | 9082 - Paramedik | 9178 - Ambulans ve Acil Bakım | 9196 - İlk ve Acil Yardım;9da197bb-e6ff-e511-80c6-a0369f7d1486
2016;3;290160291;Diyarbakır 21 Nolu Acil Sağlık Hizmetleri İstasyonu;Sağlık Teknikeri;Diyarbakır;Onlisans;5;;70.734;71.597;"3005;1101;1105;4201;8585;9082;9178;9196";3005 - Aşağıdaki önlisans programlarından birinden mezun olmak. | 1101 - Acil Bakım Teknikerliği | 1105 - Ambulans ve Acil Bakım Teknikerliği | 4201 - Acil Yardım | 8585 - Acil Yardım Teknikerliği | 9082 - Paramedik | 9178 - Ambulans ve Acil Bakım | 9196 - İlk ve Acil Yardım;1ba297bb-e6ff-e511-80c6-a0369f7d1486
2016;3;290160721;Kars Arpaçay 1 Nolu Acil Sağlık Hizmetleri İstasyonu;Sağlık Teknikeri;Kars;Onlisans;1;;70.722;70.722;"3005;1101;1105;4201;8585;9082;9178;9196";3005 - Aşağıdaki önlisans programlarından birinden mezun olmak. | 1101 - Acil Bakım Teknikerliği | 1105 - Ambulans ve Acil Bakım Teknikerliği | 4201 - Acil Yardım | 8585 - Acil Yardım Teknikerliği | 9082 - Paramedik | 9178 - Ambulans ve Acil Bakım | 9196 - İlk ve Acil Yardım;f7a397bb-e6ff-e511-80c6-a0369f7d1486
2016;3;290161253;Van Edremit 2 Nolu Acil Sağlık Hizmetleri İstasyonu;Sağlık Teknikeri;Van;Onlisans;2;;70.722;70.759;"3005;1101;1105;4201;8585;9082;9178;9196";3005 - Aşağıdaki önlisans programlarından birinden mezun olmak. | 1101 - Acil Bakım Teknikerliği | 1105 - Ambulans ve Acil Bakım Teknikerliği | 4201 - Acil Yardım | 8585 - Acil Yardım Teknikerliği | 9082 - Paramedik | 9178 - Ambulans ve Acil Bakım | 9196 - İlk ve Acil Yardım;34a697bb-e6ff-e511-80c6-a0369f7d1486
2016;3;290160227;Bitlis Güroymak 1 Nolu Acil Sağlık Hizmetleri İstasyonu;Sağlık Teknikeri;Bitlis;Onlisans;1;;70.717;70.717;"3005;1101;1105;4201;8585;9082;9178;9196";3005 - Aşağıdaki önlisans programlarından birinden mezun olmak. | 1101 - Acil Bakım Teknikerliği | 1105 - Ambulans ve Acil Bakım Teknikerliği | 4201 - Acil Yardım | 8585 - Acil Yardım Teknikerliği | 9082 - Paramedik | 9178 - Ambulans ve Acil Bakım | 9196 - İlk ve Acil Yardım;d7a197bb-e6ff-e511-80c6-a0369f7d1486
2016;3;290160103;Ardahan Göle 3 Nolu Acil Sağlık Hizmetleri İstasyonu;Sağlık Teknikeri;Ardahan;Onlisans;3;;70.656;71.755;"3005;1101;1105;4201;8585;9082;9178;9196";3005 - Aşağıdaki önlisans programlarından birinden mezun olmak. | 1101 - Acil Bakım Teknikerliği | 1105 - Ambulans ve Acil Bakım Teknikerliği | 4201 - Acil Yardım | 8585 - Acil Yardım Teknikerliği | 9082 - Paramedik | 9178 - Ambulans ve Acil Bakım | 9196 - İlk ve Acil Yardım;1da797bb-e6ff-e511-80c6-a0369f7d1486
2016;3;290160219;Bitlis Ahlat 2 Nolu (Ovakışla) Acıl Sağlık Hizmetleri Istasyonu;Sağlık Teknikeri;Bitlis;Onlisans;1;;70.651;70.651;"3005;1101;1105;4201;8585;9082;9178;9196";3005 - Aşağıdaki önlisans programlarından birinden mezun olmak. | 1101 - Acil Bakım Teknikerliği | 1105 - Ambulans ve Acil Bakım Teknikerliği | 4201 - Acil Yardım | 8585 - Acil Yardım Teknikerliği | 9082 - Paramedik | 9178 - Ambulans ve Acil Bakım | 9196 - İlk ve Acil Yardım;d3a197bb-e6ff-e511-80c6-a0369f7d1486
2016;3;290160869;Mardin Artuklu 5 Nolu (Ortaköy) Acil Sağlık Hizmetleri İstasyonu;Sağlık Teknikeri;Mardin;Onlisans;1;;70.651;70.651;"3005;1101;1105;4201;8585;9082;9178;9196";3005 - Aşağıdaki önlisans programlarından birinden mezun olmak. | 1101 - Acil Bakım Teknikerliği | 1105 - Ambulans ve Acil Bakım Teknikerliği | 4201 - Acil Yardım | 8585 - Acil Yardım Teknikerliği | 9082 - Paramedik | 9178 - Ambulans ve Acil Bakım | 9196 - İlk ve Acil Yardım;a2a497bb-e6ff-e511-80c6-a0369f7d1486
2016;3;290160149;Batman 6 Nolu Acil Sağlık Hizmetleri İstasyonu;Sağlık Teknikeri;Batman;Onlisans;1;;70.637;70.637;"3005;1101;1105;4201;8585;9082;9178;9196";3005 - Aşağıdaki önlisans programlarından birinden mezun olmak. | 1101 - Acil Bakım Teknikerliği | 1105 - Ambulans ve Acil Bakım Teknikerliği | 4201 - Acil Yardım | 8585 - Acil Yardım Teknikerliği | 9082 - Paramedik | 9178 - Ambulans ve Acil Bakım | 9196 - İlk ve Acil Yardım;c9a697bb-e6ff-e511-80c6-a0369f7d1486
2016;3;290160357;Elazığ Keban 1 Nolu Acıl Sağlık Hizmetleri İstasyonu;Sağlık Teknikeri;Elazığ;Onlisans;1;;70.633;70.633;"3005;1101;1105;4201;8585;9082;9178;9196";3005 - Aşağıdaki önlisans programlarından birinden mezun olmak. | 1101 - Acil Bakım Teknikerliği | 1105 - Ambulans ve Acil Bakım Teknikerliği | 4201 - Acil Yardım | 8585 - Acil Yardım Teknikerliği | 9082 - Paramedik | 9178 - Ambulans ve Acil Bakım | 9196 - İlk ve Acil Yardım;4fa297bb-e6ff-e511-80c6-a0369f7d1486
2016;3;290160381;Erzincan İliç 1 Nolu Acil Sağlık Hizmetleri İstasyonu;Sağlık Teknikeri;Erzincan;Onlisans;2;;70.628;70.9;"3005;1101;1105;4201;8585;9082;9178;9196";3005 - Aşağıdaki önlisans programlarından birinden mezun olmak. | 1101 - Acil Bakım Teknikerliği | 1105 - Ambulans ve Acil Bakım Teknikerliği | 4201 - Acil Yardım | 8585 - Acil Yardım Teknikerliği | 9082 - Paramedik | 9178 - Ambulans ve Acil Bakım | 9196 - İlk ve Acil Yardım;5ba297bb-e6ff-e511-80c6-a0369f7d1486
2016;3;290160343;Elazığ Alacakaya 1 Nolu Acil Sağlık Hizmetleri İstasyonu;Sağlık Teknikeri;Elazığ;Onlisans;1;;70.621;70.621;"3005;1101;1105;4201;8585;9082;9178;9196";3005 - Aşağıdaki önlisans programlarından birinden mezun olmak. | 1101 - Acil Bakım Teknikerliği | 1105 - Ambulans ve Acil Bakım Teknikerliği | 4201 - Acil Yardım | 8585 - Acil Yardım Teknikerliği | 9082 - Paramedik | 9178 - Ambulans ve Acil Bakım | 9196 - İlk ve Acil Yardım;48a297bb-e6ff-e511-80c6-a0369f7d1486
2016;3;290160243;Bitlis Tatvan 3 Nolu (Yelkenli) Acil Sağlık Hizmetleri İstasyonu;Sağlık Teknikeri;Bitlis;Onlisans;5;;70.597;71.409;"3005;1101;1105;4201;8585;9082;9178;9196";3005 - Aşağıdaki önlisans programlarından birinden mezun olmak. | 1101 - Acil Bakım Teknikerliği | 1105 - Ambulans ve Acil Bakım Teknikerliği | 4201 - Acil Yardım | 8585 - Acil Yardım Teknikerliği | 9082 - Paramedik | 9178 - Ambulans ve Acil Bakım | 9196 - İlk ve Acil Yardım;dfa197bb-e6ff-e511-80c6-a0369f7d1486
2016;3;290160697;Kahramanmaraş Nurhak 1 Nolu Acil Sağlık Hizmetleri İstasyonu;Sağlık Teknikeri;Kahramanmaraş;Onlisans;1;;70.582;70.582;"3005;1101;1105;4201;8585;9082;9178;9196";3005 - Aşağıdaki önlisans programlarından birinden mezun olmak. | 1101 - Acil Bakım Teknikerliği | 1105 - Ambulans ve Acil Bakım Teknikerliği | 4201 - Acil Yardım | 8585 - Acil Yardım Teknikerliği | 9082 - Paramedik | 9178 - Ambulans ve Acil Bakım | 9196 - İlk ve Acil Yardım;62a497bb-e6ff-e511-80c6-a0369f7d1486
2016;3;290160757;Kars Sarıkamış 1 Nolu Acil Sağlık Hizmetleri İstasyonu;Sağlık Teknikeri;Kars;Onlisans;1;;70.56;70.56;"3005;1101;1105;4201;8585;9082;9178;9196";3005 - Aşağıdaki önlisans programlarından birinden mezun olmak. | 1101 - Acil Bakım Teknikerliği | 1105 - Ambulans ve Acil Bakım Teknikerliği | 4201 - Acil Yardım | 8585 - Acil Yardım Teknikerliği | 9082 - Paramedik | 9178 - Ambulans ve Acil Bakım | 9196 - İlk ve Acil Yardım;09a497bb-e6ff-e511-80c6-a0369f7d1486
2016;3;290160863;Malatya Pütürge 1 Nolu 112 Acil Sağlık Hizmetleri İstasyonu;Sağlık Teknikeri;Malatya;Onlisans;2;;70.554;70.847;"3005;1101;1105;4201;8585;9082;9178;9196";3005 - Aşağıdaki önlisans programlarından birinden mezun olmak. | 1101 - Acil Bakım Teknikerliği | 1105 - Ambulans ve Acil Bakım Teknikerliği | 4201 - Acil Yardım | 8585 - Acil Yardım Teknikerliği | 9082 - Paramedik | 9178 - Ambulans ve Acil Bakım | 9196 - İlk ve Acil Yardım;3da497bb-e6ff-e511-80c6-a0369f7d1486
2016;3;290160363;Elazığ Maden 2 Nolu Acıl Sağlık Hizmetleri İstasyonu;Sağlık Teknikeri;Elazığ;Onlisans;1;;70.55;70.55;"3005;1101;1105;4201;8585;9082;9178;9196";3005 - Aşağıdaki önlisans programlarından birinden mezun olmak. | 1101 - Acil Bakım Teknikerliği | 1105 - Ambulans ve Acil Bakım Teknikerliği | 4201 - Acil Yardım | 8585 - Acil Yardım Teknikerliği | 9082 - Paramedik | 9178 - Ambulans ve Acil Bakım | 9196 - İlk ve Acil Yardım;52a297bb-e6ff-e511-80c6-a0369f7d1486
2016;3;290160907;Mardin Mazıdağı 1 Nolu Acil Sağlık Hizmetleri İstasyonu;Sağlık Teknikeri;Mardin;Onlisans;1;;70.547;70.547;"3005;1101;1105;4201;8585;9082;9178;9196";3005 - Aşağıdaki önlisans programlarından birinden mezun olmak. | 1101 - Acil Bakım Teknikerliği | 1105 - Ambulans ve Acil Bakım Teknikerliği | 4201 - Acil Yardım | 8585 - Acil Yardım Teknikerliği | 9082 - Paramedik | 9178 - Ambulans ve Acil Bakım | 9196 - İlk ve Acil Yardım;b5a497bb-e6ff-e511-80c6-a0369f7d1486
2016;3;290160361;Elazığ Maden 1 Nolu Acıl Sağlık Hizmetleri İstasyonu;Sağlık Teknikeri;Elazığ;Onlisans;2;;70.542;70.543;"3005;1101;1105;4201;8585;9082;9178;9196";3005 - Aşağıdaki önlisans programlarından birinden mezun olmak. | 1101 - Acil Bakım Teknikerliği | 1105 - Ambulans ve Acil Bakım Teknikerliği | 4201 - Acil Yardım | 8585 - Acil Yardım Teknikerliği | 9082 - Paramedik | 9178 - Ambulans ve Acil Bakım | 9196 - İlk ve Acil Yardım;51a297bb-e6ff-e511-80c6-a0369f7d1486
2016;3;290161143;Şanlıurfa Suruç 3 Nolu Acil Sağlık Hizmetleri İstasyonu;Sağlık Teknikeri;Şanlıurfa;Onlisans;3;;70.537;71.845;"3005;1101;1105;4201;8585;9082;9178;9196";3005 - Aşağıdaki önlisans programlarından birinden mezun olmak. | 1101 - Acil Bakım Teknikerliği | 1105 - Ambulans ve Acil Bakım Teknikerliği | 4201 - Acil Yardım | 8585 - Acil Yardım Teknikerliği | 9082 - Paramedik | 9178 - Ambulans ve Acil Bakım | 9196 - İlk ve Acil Yardım;dca597bb-e6ff-e511-80c6-a0369f7d1486
2016;3;290160853;Malatya Doğanyol 1 Nolu Acil Sağlık Hizmetleri İstasyonu;Sağlık Teknikeri;Malatya;Onlisans;1;;70.535;70.535;"3005;1101;1105;4201;8585;9082;9178;9196";3005 - Aşağıdaki önlisans programlarından birinden mezun olmak. | 1101 - Acil Bakım Teknikerliği | 1105 - Ambulans ve Acil Bakım Teknikerliği | 4201 - Acil Yardım | 8585 - Acil Yardım Teknikerliği | 9082 - Paramedik | 9178 - Ambulans ve Acil Bakım | 9196 - İlk ve Acil Yardım;38a497bb-e6ff-e511-80c6-a0369f7d1486
2016;3;290160723;Kars Digor 1 Nolu Acil Sağlık Hizmetleri İstasyonu;Sağlık Teknikeri;Kars;Onlisans;1;;70.532;70.532;"3005;1101;1105;4201;8585;9082;9178;9196";3005 - Aşağıdaki önlisans programlarından birinden mezun olmak. | 1101 - Acil Bakım Teknikerliği | 1105 - Ambulans ve Acil Bakım Teknikerliği | 4201 - Acil Yardım | 8585 - Acil Yardım Teknikerliği | 9082 - Paramedik | 9178 - Ambulans ve Acil Bakım | 9196 - İlk ve Acil Yardım;f8a397bb-e6ff-e511-80c6-a0369f7d1486
2016;3;290160447;Erzurum Tekman 2 Nolu Acil Sağlık Hizmetleri İstasyonu;Sağlık Teknikeri;Erzurum;Onlisans;2;;70.521;71.149;"3005;1101;1105;4201;8585;9082;9178;9196";3005 - Aşağıdaki önlisans programlarından birinden mezun olmak. | 1101 - Acil Bakım Teknikerliği | 1105 - Ambulans ve Acil Bakım Teknikerliği | 4201 - Acil Yardım | 8585 - Acil Yardım Teknikerliği | 9082 - Paramedik | 9178 - Ambulans ve Acil Bakım | 9196 - İlk ve Acil Yardım;b5a297bb-e6ff-e511-80c6-a0369f7d1486
2016;3;290160445;Erzurum Şenkaya 1 Nolu Acil Sağlık Hizmetleri İstasyonu;Sağlık Teknikeri;Erzurum;Onlisans;2;;70.52;70.62;"3005;1101;1105;4201;8585;9082;9178;9196";3005 - Aşağıdaki önlisans programlarından birinden mezun olmak. | 1101 - Acil Bakım Teknikerliği | 1105 - Ambulans ve Acil Bakım Teknikerliği | 4201 - Acil Yardım | 8585 - Acil Yardım Teknikerliği | 9082 - Paramedik | 9178 - Ambulans ve Acil Bakım | 9196 - İlk ve Acil Yardım;b4a297bb-e6ff-e511-80c6-a0369f7d1486
2016;3;290161277;Van Gevaş 2 Nolu Acil Sağlık Hizmetleri İstasyonu;Sağlık Teknikeri;Van;Onlisans;5;;70.52;70.819;"3005;1101;1105;4201;8585;9082;9178;9196";3005 - Aşağıdaki önlisans programlarından birinden mezun olmak. | 1101 - Acil Bakım Teknikerliği | 1105 - Ambulans ve Acil Bakım Teknikerliği | 4201 - Acil Yardım | 8585 - Acil Yardım Teknikerliği | 9082 - Paramedik | 9178 - Ambulans ve Acil Bakım | 9196 - İlk ve Acil Yardım;40a697bb-e6ff-e511-80c6-a0369f7d1486
2016;3;290160755;Kars Sarıkamış 3 Nolu (Karaurgan) Acil Sağlık Hizmetleri İstasyonu;Sağlık Teknikeri;Kars;Onlisans;3;;70.496;71.401;"3005;1101;1105;4201;8585;9082;9178;9196";3005 - Aşağıdaki önlisans programlarından birinden mezun olmak. | 1101 - Acil Bakım Teknikerliği | 1105 - Ambulans ve Acil Bakım Teknikerliği | 4201 - Acil Yardım | 8585 - Acil Yardım Teknikerliği | 9082 - Paramedik | 9178 - Ambulans ve Acil Bakım | 9196 - İlk ve Acil Yardım;08a497bb-e6ff-e511-80c6-a0369f7d1486
2016;3;290160857;Malatya Kuluncak 1 Nolu Acil Sağlık Hizmetleri İstasyonu;Sağlık Teknikeri;Malatya;Onlisans;2;;70.496;70.709;"3005;1101;1105;4201;8585;9082;9178;9196";3005 - Aşağıdaki önlisans programlarından birinden mezun olmak. | 1101 - Acil Bakım Teknikerliği | 1105 - Ambulans ve Acil Bakım Teknikerliği | 4201 - Acil Yardım | 8585 - Acil Yardım Teknikerliği | 9082 - Paramedik | 9178 - Ambulans ve Acil Bakım | 9196 - İlk ve Acil Yardım;3aa497bb-e6ff-e511-80c6-a0369f7d1486
2016;3;290160237;Bitlis Mutki 2 Nolu (Kavakbaşı) Acil Sağlık Hizmetleri İstasyonu;Sağlık Teknikeri;Bitlis;Onlisans;1;;70.492;70.492;"3005;1101;1105;4201;8585;9082;9178;9196";3005 - Aşağıdaki önlisans programlarından birinden mezun olmak. | 1101 - Acil Bakım Teknikerliği | 1105 - Ambulans ve Acil Bakım Teknikerliği | 4201 - Acil Yardım | 8585 - Acil Yardım Teknikerliği | 9082 - Paramedik | 9178 - Ambulans ve Acil Bakım | 9196 - İlk ve Acil Yardım;dca197bb-e6ff-e511-80c6-a0369f7d1486
2016;3;290160289;Diyarbakır 20 Nolu (Büyükakören) Acil Sağlık Hizmetleri İstasyonu;Sağlık Teknikeri;Diyarbakır;Onlisans;5;;70.473;71.778;"3005;1101;1105;4201;8585;9082;9178;9196";3005 - Aşağıdaki önlisans programlarından birinden mezun olmak. | 1101 - Acil Bakım Teknikerliği | 1105 - Ambulans ve Acil Bakım Teknikerliği | 4201 - Acil Yardım | 8585 - Acil Yardım Teknikerliği | 9082 - Paramedik | 9178 - Ambulans ve Acil Bakım | 9196 - İlk ve Acil Yardım;1aa297bb-e6ff-e511-80c6-a0369f7d1486
2016;3;290160369;Elazığ Sivrice 3 (Gözeli) Nolu Acil Sağlık Hizmetleri İstasyonu;Sağlık Teknikeri;Elazığ;Onlisans;2;;70.465;70.648;"3005;1101;1105;4201;8585;9082;9178;9196";3005 - Aşağıdaki önlisans programlarından birinden mezun olmak. | 1101 - Acil Bakım Teknikerliği | 1105 - Ambulans ve Acil Bakım Teknikerliği | 4201 - Acil Yardım | 8585 - Acil Yardım Teknikerliği | 9082 - Paramedik | 9178 - Ambulans ve Acil Bakım | 9196 - İlk ve Acil Yardım;55a297bb-e6ff-e511-80c6-a0369f7d1486
2016;3;290161097;Şanlıurfa Ceylanpınar 3 Nolu Acil Sağlık Hizmetleri İstasyonu;Sağlık Teknikeri;Şanlıurfa;Onlisans;2;;70.454;70.69;"3005;1101;1105;4201;8585;9082;9178;9196";3005 - Aşağıdaki önlisans programlarından birinden mezun olmak. | 1101 - Acil Bakım Teknikerliği | 1105 - Ambulans ve Acil Bakım Teknikerliği | 4201 - Acil Yardım | 8585 - Acil Yardım Teknikerliği | 9082 - Paramedik | 9178 - Ambulans ve Acil Bakım | 9196 - İlk ve Acil Yardım;c5a597bb-e6ff-e511-80c6-a0369f7d1486
2016;3;290160347;Elazığ Arıcak 3 (Erimli) Nolu Acil Sağlık Hizmetleri İstasyonu;Sağlık Teknikeri;Elazığ;Onlisans;2;;70.453;70.84;"3005;1101;1105;4201;8585;9082;9178;9196";3005 - Aşağıdaki önlisans programlarından birinden mezun olmak. | 1101 - Acil Bakım Teknikerliği | 1105 - Ambulans ve Acil Bakım Teknikerliği | 4201 - Acil Yardım | 8585 - Acil Yardım Teknikerliği | 9082 - Paramedik | 9178 - Ambulans ve Acil Bakım | 9196 - İlk ve Acil Yardım;4aa297bb-e6ff-e511-80c6-a0369f7d1486
2016;3;290160239;Bitlis Tatvan 1 Nolu Acıl Sağlık Hizmetleri İstasyonu;Sağlık Teknikeri;Bitlis;Onlisans;2;;70.449;70.703;"3005;1101;1105;4201;8585;9082;9178;9196";3005 - Aşağıdaki önlisans programlarından birinden mezun olmak. | 1101 - Acil Bakım Teknikerliği | 1105 - Ambulans ve Acil Bakım Teknikerliği | 4201 - Acil Yardım | 8585 - Acil Yardım Teknikerliği | 9082 - Paramedik | 9178 - Ambulans ve Acil Bakım | 9196 - İlk ve Acil Yardım;dda197bb-e6ff-e511-80c6-a0369f7d1486
2016;3;290161157;Şırnak Cizre 1 Nolu Acil Sağlık Hizmetleri İstasyonu;Sağlık Teknikeri;Şırnak;Onlisans;4;;70.446;71.864;"3005;1101;1105;4201;8585;9082;9178;9196";3005 - Aşağıdaki önlisans programlarından birinden mezun olmak. | 1101 - Acil Bakım Teknikerliği | 1105 - Ambulans ve Acil Bakım Teknikerliği | 4201 - Acil Yardım | 8585 - Acil Yardım Teknikerliği | 9082 - Paramedik | 9178 - Ambulans ve Acil Bakım | 9196 - İlk ve Acil Yardım;e0a697bb-e6ff-e511-80c6-a0369f7d1486
2016;3;290160235;Bitlis Mutki 1 Nolu Acil Sağlık Hizmetleri İstasyonu;Sağlık Teknikeri;Bitlis;Onlisans;1;;70.438;70.438;"3005;1101;1105;4201;8585;9082;9178;9196";3005 - Aşağıdaki önlisans programlarından birinden mezun olmak. | 1101 - Acil Bakım Teknikerliği | 1105 - Ambulans ve Acil Bakım Teknikerliği | 4201 - Acil Yardım | 8585 - Acil Yardım Teknikerliği | 9082 - Paramedik | 9178 - Ambulans ve Acil Bakım | 9196 - İlk ve Acil Yardım;dba197bb-e6ff-e511-80c6-a0369f7d1486
2016;3;290160873;Mardin Dargeçit 1 Nolu Acil Sağlık Hizmetleri İstasyonu;Sağlık Teknikeri;Mardin;Onlisans;1;;70.438;70.438;"3005;1101;1105;4201;8585;9082;9178;9196";3005 - Aşağıdaki önlisans programlarından birinden mezun olmak. | 1101 - Acil Bakım Teknikerliği | 1105 - Ambulans ve Acil Bakım Teknikerliği | 4201 - Acil Yardım | 8585 - Acil Yardım Teknikerliği | 9082 - Paramedik | 9178 - Ambulans ve Acil Bakım | 9196 - İlk ve Acil Yardım;a4a497bb-e6ff-e511-80c6-a0369f7d1486
2016;3;290160395;Erzincan Tercan 1 Nolu Acıl Sağlık Hizmetleri İstasyonu;Sağlık Teknikeri;Erzincan;Onlisans;2;;70.435;70.858;"3005;1101;1105;4201;8585;9082;9178;9196";3005 - Aşağıdaki önlisans programlarından birinden mezun olmak. | 1101 - Acil Bakım Teknikerliği | 1105 - Ambulans ve Acil Bakım Teknikerliği | 4201 - Acil Yardım | 8585 - Acil Yardım Teknikerliği | 9082 - Paramedik | 9178 - Ambulans ve Acil Bakım | 9196 - İlk ve Acil Yardım;62a297bb-e6ff-e511-80c6-a0369f7d1486
2016;3;290161103;Şanlıurfa Harran 2 Nolu Acil Sağlık Hizmetleri İstasyonu;Sağlık Teknikeri;Şanlıurfa;Onlisans;1;;70.426;70.426;"3005;1101;1105;4201;8585;9082;9178;9196";3005 - Aşağıdaki önlisans programlarından birinden mezun olmak. | 1101 - Acil Bakım Teknikerliği | 1105 - Ambulans ve Acil Bakım Teknikerliği | 4201 - Acil Yardım | 8585 - Acil Yardım Teknikerliği | 9082 - Paramedik | 9178 - Ambulans ve Acil Bakım | 9196 - İlk ve Acil Yardım;c8a597bb-e6ff-e511-80c6-a0369f7d1486
2016;3;290160067;Ağrı Taşlıçay 2 Nolu Acil Sağlık Hizmetleri İstasyonu;Sağlık Teknikeri;Ağrı;Onlisans;3;;70.423;71.545;"3005;1101;1105;4201;8585;9082;9178;9196";3005 - Aşağıdaki önlisans programlarından birinden mezun olmak. | 1101 - Acil Bakım Teknikerliği | 1105 - Ambulans ve Acil Bakım Teknikerliği | 4201 - Acil Yardım | 8585 - Acil Yardım Teknikerliği | 9082 - Paramedik | 9178 - Ambulans ve Acil Bakım | 9196 - İlk ve Acil Yardım;5ba197bb-e6ff-e511-80c6-a0369f7d1486
2016;3;290160111;Ardahan Hanak 3 Nolu (Çiçeklidağ) Acil Sağlık Hizmetleri İstasyonu;Sağlık Teknikeri;Ardahan;Onlisans;2;;70.421;70.481;"3005;1101;1105;4201;8585;9082;9178;9196";3005 - Aşağıdaki önlisans programlarından birinden mezun olmak. | 1101 - Acil Bakım Teknikerliği | 1105 - Ambulans ve Acil Bakım Teknikerliği | 4201 - Acil Yardım | 8585 - Acil Yardım Teknikerliği | 9082 - Paramedik | 9178 - Ambulans ve Acil Bakım | 9196 - İlk ve Acil Yardım;21a797bb-e6ff-e511-80c6-a0369f7d1486
2016;3;290160923;Mardin Yeşilli 1 Nolu Acil Sağlık Hizmetleri İstasyonu;Sağlık Teknikeri;Mardin;Onlisans;1;;70.42;70.42;"3005;1101;1105;4201;8585;9082;9178;9196";3005 - Aşağıdaki önlisans programlarından birinden mezun olmak. | 1101 - Acil Bakım Teknikerliği | 1105 - Ambulans ve Acil Bakım Teknikerliği | 4201 - Acil Yardım | 8585 - Acil Yardım Teknikerliği | 9082 - Paramedik | 9178 - Ambulans ve Acil Bakım | 9196 - İlk ve Acil Yardım;bda497bb-e6ff-e511-80c6-a0369f7d1486
2016;3;290160145;Batman 4 Nolu Acil Sağlık Hizmetleri İstasyonu;Sağlık Teknikeri;Batman;Onlisans;3;;70.412;71.036;"3005;1101;1105;4201;8585;9082;9178;9196";3005 - Aşağıdaki önlisans programlarından birinden mezun olmak. | 1101 - Acil Bakım Teknikerliği | 1105 - Ambulans ve Acil Bakım Teknikerliği | 4201 - Acil Yardım | 8585 - Acil Yardım Teknikerliği | 9082 - Paramedik | 9178 - Ambulans ve Acil Bakım | 9196 - İlk ve Acil Yardım;c7a697bb-e6ff-e511-80c6-a0369f7d1486
2016;3;290161149;Şanlıurfa Viranşehir 4 Nolu Acil Sağlık Hizmetleri İstasyonu;Sağlık Teknikeri;Şanlıurfa;Onlisans;1;;70.384;70.384;"3005;1101;1105;4201;8585;9082;9178;9196";3005 - Aşağıdaki önlisans programlarından birinden mezun olmak. | 1101 - Acil Bakım Teknikerliği | 1105 - Ambulans ve Acil Bakım Teknikerliği | 4201 - Acil Yardım | 8585 - Acil Yardım Teknikerliği | 9082 - Paramedik | 9178 - Ambulans ve Acil Bakım | 9196 - İlk ve Acil Yardım;dfa597bb-e6ff-e511-80c6-a0369f7d1486
2016;3;290160725;Kars Digor 2 Nolu (Kocaköy) Acil Sağlık Hizmetleri İstasyonu;Sağlık Teknikeri;Kars;Onlisans;3;;70.376;70.803;"3005;1101;1105;4201;8585;9082;9178;9196";3005 - Aşağıdaki önlisans programlarından birinden mezun olmak. | 1101 - Acil Bakım Teknikerliği | 1105 - Ambulans ve Acil Bakım Teknikerliği | 4201 - Acil Yardım | 8585 - Acil Yardım Teknikerliği | 9082 - Paramedik | 9178 - Ambulans ve Acil Bakım | 9196 - İlk ve Acil Yardım;f9a397bb-e6ff-e511-80c6-a0369f7d1486
2016;3;290161287;Van Özalp 1 Nolu Acil Sağlık Hizmetleri İstasyonu;Sağlık Teknikeri;Van;Onlisans;4;;70.373;70.75;"3005;1101;1105;4201;8585;9082;9178;9196";3005 - Aşağıdaki önlisans programlarından birinden mezun olmak. | 1101 - Acil Bakım Teknikerliği | 1105 - Ambulans ve Acil Bakım Teknikerliği | 4201 - Acil Yardım | 8585 - Acil Yardım Teknikerliği | 9082 - Paramedik | 9178 - Ambulans ve Acil Bakım | 9196 - İlk ve Acil Yardım;45a697bb-e6ff-e511-80c6-a0369f7d1486
2016;3;290160931;Muş 4 Nolu Acil Sağlık Hizmetleri İstasyonu;Sağlık Teknikeri;Muş;Onlisans;2;;70.368;70.61;"3005;1101;1105;4201;8585;9082;9178;9196";3005 - Aşağıdaki önlisans programlarından birinden mezun olmak. | 1101 - Acil Bakım Teknikerliği | 1105 - Ambulans ve Acil Bakım Teknikerliği | 4201 - Acil Yardım | 8585 - Acil Yardım Teknikerliği | 9082 - Paramedik | 9178 - Ambulans ve Acil Bakım | 9196 - İlk ve Acil Yardım;c0a497bb-e6ff-e511-80c6-a0369f7d1486
2016;3;290160745;Kars Kağızman 2 Nolu (Kötek )Acil Sağlık Hizmetleri İstasyonu;Sağlık Teknikeri;Kars;Onlisans;1;;70.366;70.366;"3005;1101;1105;4201;8585;9082;9178;9196";3005 - Aşağıdaki önlisans programlarından birinden mezun olmak. | 1101 - Acil Bakım Teknikerliği | 1105 - Ambulans ve Acil Bakım Teknikerliği | 4201 - Acil Yardım | 8585 - Acil Yardım Teknikerliği | 9082 - Paramedik | 9178 - Ambulans ve Acil Bakım | 9196 - İlk ve Acil Yardım;03a497bb-e6ff-e511-80c6-a0369f7d1486
2016;3;290161029;Siirt Kurtalan 2 Nolu Acil Sağlık Hizmetleri İstasyonu;Sağlık Teknikeri;Siirt;Onlisans;4;;70.34;70.944;"3005;1101;1105;4201;8585;9082;9178;9196";3005 - Aşağıdaki önlisans programlarından birinden mezun olmak. | 1101 - Acil Bakım Teknikerliği | 1105 - Ambulans ve Acil Bakım Teknikerliği | 4201 - Acil Yardım | 8585 - Acil Yardım Teknikerliği | 9082 - Paramedik | 9178 - Ambulans ve Acil Bakım | 9196 - İlk ve Acil Yardım;4ea597bb-e6ff-e511-80c6-a0369f7d1486
2016;3;290160059;Ağrı Patnos 3 Nolu Acil Sağlık Hizmetleri İstasyonu;Sağlık Teknikeri;Ağrı;Onlisans;2;;70.337;70.708;"3005;1101;1105;4201;8585;9082;9178;9196";3005 - Aşağıdaki önlisans programlarından birinden mezun olmak. | 1101 - Acil Bakım Teknikerliği | 1105 - Ambulans ve Acil Bakım Teknikerliği | 4201 - Acil Yardım | 8585 - Acil Yardım Teknikerliği | 9082 - Paramedik | 9178 - Ambulans ve Acil Bakım | 9196 - İlk ve Acil Yardım;57a197bb-e6ff-e511-80c6-a0369f7d1486
2016;3;290160743;Kars Kağızman 1 Nolu Acil Sağlık Hizmetleri İstasyonu;Sağlık Teknikeri;Kars;Onlisans;1;;70.323;70.323;"3005;1101;1105;4201;8585;9082;9178;9196";3005 - Aşağıdaki önlisans programlarından birinden mezun olmak. | 1101 - Acil Bakım Teknikerliği | 1105 - Ambulans ve Acil Bakım Teknikerliği | 4201 - Acil Yardım | 8585 - Acil Yardım Teknikerliği | 9082 - Paramedik | 9178 - Ambulans ve Acil Bakım | 9196 - İlk ve Acil Yardım;02a497bb-e6ff-e511-80c6-a0369f7d1486
2016;3;290160859;Malatya Kuluncak 2 Nolu (Sofular) Acil Sağlık Hizmetleri İstasyonu;Sağlık Teknikeri;Malatya;Onlisans;2;;70.316;70.772;"3005;1101;1105;4201;8585;9082;9178;9196";3005 - Aşağıdaki önlisans programlarından birinden mezun olmak. | 1101 - Acil Bakım Teknikerliği | 1105 - Ambulans ve Acil Bakım Teknikerliği | 4201 - Acil Yardım | 8585 - Acil Yardım Teknikerliği | 9082 - Paramedik | 9178 - Ambulans ve Acil Bakım | 9196 - İlk ve Acil Yardım;3ba497bb-e6ff-e511-80c6-a0369f7d1486
2016;3;290160181;Bingöl 1 Nolu Acıl Sağlık Hizmetleri İstasyonu;Sağlık Teknikeri;Bingöl;Onlisans;3;;70.294;71.384;"3005;1101;1105;4201;8585;9082;9178;9196";3005 - Aşağıdaki önlisans programlarından birinden mezun olmak. | 1101 - Acil Bakım Teknikerliği | 1105 - Ambulans ve Acil Bakım Teknikerliği | 4201 - Acil Yardım | 8585 - Acil Yardım Teknikerliği | 9082 - Paramedik | 9178 - Ambulans ve Acil Bakım | 9196 - İlk ve Acil Yardım;91a197bb-e6ff-e511-80c6-a0369f7d1486
2016;3;290160345;Elazığ Arıcak 1 Nolu Acil Sağlık Hizmetleri İstasyonu;Sağlık Teknikeri;Elazığ;Onlisans;1;;70.287;70.287;"3005;1101;1105;4201;8585;9082;9178;9196";3005 - Aşağıdaki önlisans programlarından birinden mezun olmak. | 1101 - Acil Bakım Teknikerliği | 1105 - Ambulans ve Acil Bakım Teknikerliği | 4201 - Acil Yardım | 8585 - Acil Yardım Teknikerliği | 9082 - Paramedik | 9178 - Ambulans ve Acil Bakım | 9196 - İlk ve Acil Yardım;49a297bb-e6ff-e511-80c6-a0369f7d1486
2016;3;290160307;Diyarbakır Çermik 2 Nolu (Gürüz) Acıl Sağlık Hizmetleri Istasyonu;Sağlık Teknikeri;Diyarbakır;Onlisans;5;;70.272;70.791;"3005;1101;1105;4201;8585;9082;9178;9196";3005 - Aşağıdaki önlisans programlarından birinden mezun olmak. | 1101 - Acil Bakım Teknikerliği | 1105 - Ambulans ve Acil Bakım Teknikerliği | 4201 - Acil Yardım | 8585 - Acil Yardım Teknikerliği | 9082 - Paramedik | 9178 - Ambulans ve Acil Bakım | 9196 - İlk ve Acil Yardım;23a297bb-e6ff-e511-80c6-a0369f7d1486
2016;3;290160143;Batman 3 Nolu Acil Sağlık Hizmetleri İstasyonu;Sağlık Teknikeri;Batman;Onlisans;2;;70.268;70.528;"3005;1101;1105;4201;8585;9082;9178;9196";3005 - Aşağıdaki önlisans programlarından birinden mezun olmak. | 1101 - Acil Bakım Teknikerliği | 1105 - Ambulans ve Acil Bakım Teknikerliği | 4201 - Acil Yardım | 8585 - Acil Yardım Teknikerliği | 9082 - Paramedik | 9178 - Ambulans ve Acil Bakım | 9196 - İlk ve Acil Yardım;c6a697bb-e6ff-e511-80c6-a0369f7d1486
2016;3;290160157;Batman Kozluk 2 (Bekirhan) Nolu Acil Sağlık Hizmetleri İstasyonu;Sağlık Teknikeri;Batman;Onlisans;2;;70.266;70.513;"3005;1101;1105;4201;8585;9082;9178;9196";3005 - Aşağıdaki önlisans programlarından birinden mezun olmak. | 1101 - Acil Bakım Teknikerliği | 1105 - Ambulans ve Acil Bakım Teknikerliği | 4201 - Acil Yardım | 8585 - Acil Yardım Teknikerliği | 9082 - Paramedik | 9178 - Ambulans ve Acil Bakım | 9196 - İlk ve Acil Yardım;cda697bb-e6ff-e511-80c6-a0369f7d1486
2016;3;290160933;Muş 5 Nolu Acil Sağlık Hizmetleri İstasyonu;Sağlık Teknikeri;Muş;Onlisans;2;;70.257;70.385;"3005;1101;1105;4201;8585;9082;9178;9196";3005 - Aşağıdaki önlisans programlarından birinden mezun olmak. | 1101 - Acil Bakım Teknikerliği | 1105 - Ambulans ve Acil Bakım Teknikerliği | 4201 - Acil Yardım | 8585 - Acil Yardım Teknikerliği | 9082 - Paramedik | 9178 - Ambulans ve Acil Bakım | 9196 - İlk ve Acil Yardım;c1a497bb-e6ff-e511-80c6-a0369f7d1486
2016;3;290160183;Bingöl 2 Nolu Acil Sağlık Hizmetleri İstasyonu;Sağlık Teknikeri;Bingöl;Onlisans;1;;70.255;70.255;"3005;1101;1105;4201;8585;9082;9178;9196";3005 - Aşağıdaki önlisans programlarından birinden mezun olmak. | 1101 - Acil Bakım Teknikerliği | 1105 - Ambulans ve Acil Bakım Teknikerliği | 4201 - Acil Yardım | 8585 - Acil Yardım Teknikerliği | 9082 - Paramedik | 9178 - Ambulans ve Acil Bakım | 9196 - İlk ve Acil Yardım;92a197bb-e6ff-e511-80c6-a0369f7d1486
2016;3;290161219;Tunceli Pertek 2 Nolu (Pınarlar) Acil Sağlık Hizmetleri İstasyonu;Sağlık Teknikeri;Tunceli;Onlisans;3;;70.243;71.465;"3005;1101;1105;4201;8585;9082;9178;9196";3005 - Aşağıdaki önlisans programlarından birinden mezun olmak. | 1101 - Acil Bakım Teknikerliği | 1105 - Ambulans ve Acil Bakım Teknikerliği | 4201 - Acil Yardım | 8585 - Acil Yardım Teknikerliği | 9082 - Paramedik | 9178 - Ambulans ve Acil Bakım | 9196 - İlk ve Acil Yardım;a1a597bb-e6ff-e511-80c6-a0369f7d1486
2016;3;290161095;Şanlıurfa Ceylanpınar 2 Nolu Acil Sağlık Hizmetleri İstasyonu;Sağlık Teknikeri;Şanlıurfa;Onlisans;1;;70.213;70.213;"3005;1101;1105;4201;8585;9082;9178;9196";3005 - Aşağıdaki önlisans programlarından birinden mezun olmak. | 1101 - Acil Bakım Teknikerliği | 1105 - Ambulans ve Acil Bakım Teknikerliği | 4201 - Acil Yardım | 8585 - Acil Yardım Teknikerliği | 9082 - Paramedik | 9178 - Ambulans ve Acil Bakım | 9196 - İlk ve Acil Yardım;c4a597bb-e6ff-e511-80c6-a0369f7d1486
2016;3;290161279;Van Gürpınar 1 Nolu Acil Sağlık Hizmetleri İstasyonu;Sağlık Teknikeri;Van;Onlisans;1;;70.169;70.169;"3005;1101;1105;4201;8585;9082;9178;9196";3005 - Aşağıdaki önlisans programlarından birinden mezun olmak. | 1101 - Acil Bakım Teknikerliği | 1105 - Ambulans ve Acil Bakım Teknikerliği | 4201 - Acil Yardım | 8585 - Acil Yardım Teknikerliği | 9082 - Paramedik | 9178 - Ambulans ve Acil Bakım | 9196 - İlk ve Acil Yardım;41a697bb-e6ff-e511-80c6-a0369f7d1486
2016;3;290160747;Kars Kağızman 3 Nolu (Aydınkavak) Acil Sağlık Hizmetleri İstasyonu;Sağlık Teknikeri;Kars;Onlisans;3;;70.163;70.454;"3005;1101;1105;4201;8585;9082;9178;9196";3005 - Aşağıdaki önlisans programlarından birinden mezun olmak. | 1101 - Acil Bakım Teknikerliği | 1105 - Ambulans ve Acil Bakım Teknikerliği | 4201 - Acil Yardım | 8585 - Acil Yardım Teknikerliği | 9082 - Paramedik | 9178 - Ambulans ve Acil Bakım | 9196 - İlk ve Acil Yardım;04a497bb-e6ff-e511-80c6-a0369f7d1486
2016;3;290160293;Diyarbakır 22 Nolu Acil Sağlık Hizmetleri İstasyonu;Sağlık Teknikeri;Diyarbakır;Onlisans;5;;70.155;70.523;"3005;1101;1105;4201;8585;9082;9178;9196";3005 - Aşağıdaki önlisans programlarından birinden mezun olmak. | 1101 - Acil Bakım Teknikerliği | 1105 - Ambulans ve Acil Bakım Teknikerliği | 4201 - Acil Yardım | 8585 - Acil Yardım Teknikerliği | 9082 - Paramedik | 9178 - Ambulans ve Acil Bakım | 9196 - İlk ve Acil Yardım;1ca297bb-e6ff-e511-80c6-a0369f7d1486
2016;3;290160305;Diyarbakır Çermik 1 Nolu Acıl Sağlık Hizmetleri İstasyonu;Sağlık Teknikeri;Diyarbakır;Onlisans;2;;70.147;71.544;"3005;1101;1105;4201;8585;9082;9178;9196";3005 - Aşağıdaki önlisans programlarından birinden mezun olmak. | 1101 - Acil Bakım Teknikerliği | 1105 - Ambulans ve Acil Bakım Teknikerliği | 4201 - Acil Yardım | 8585 - Acil Yardım Teknikerliği | 9082 - Paramedik | 9178 - Ambulans ve Acil Bakım | 9196 - İlk ve Acil Yardım;22a297bb-e6ff-e511-80c6-a0369f7d1486
2016;3;290160365;Elazığ Palu 2 Nolu (Beyhan) Acil Sağlık Hizmetleri İstasyonu;Sağlık Teknikeri;Elazığ;Onlisans;1;;70.138;70.138;"3005;1101;1105;4201;8585;9082;9178;9196";3005 - Aşağıdaki önlisans programlarından birinden mezun olmak. | 1101 - Acil Bakım Teknikerliği | 1105 - Ambulans ve Acil Bakım Teknikerliği | 4201 - Acil Yardım | 8585 - Acil Yardım Teknikerliği | 9082 - Paramedik | 9178 - Ambulans ve Acil Bakım | 9196 - İlk ve Acil Yardım;53a297bb-e6ff-e511-80c6-a0369f7d1486
2016;3;290160295;Diyarbakır 23 Nolu Acil Sağlık Hizmetleri İstasyonu;Sağlık Teknikeri;Diyarbakır;Onlisans;5;;70.117;70.403;"3005;1101;1105;4201;8585;9082;9178;9196";3005 - Aşağıdaki önlisans programlarından birinden mezun olmak. | 1101 - Acil Bakım Teknikerliği | 1105 - Ambulans ve Acil Bakım Teknikerliği | 4201 - Acil Yardım | 8585 - Acil Yardım Teknikerliği | 9082 - Paramedik | 9178 - Ambulans ve Acil Bakım | 9196 - İlk ve Acil Yardım;1da297bb-e6ff-e511-80c6-a0369f7d1486
2016;3;290160297;Diyarbakır 24 Nolu Acil Sağlık Hizmetleri İstasyonu;Sağlık Teknikeri;Diyarbakır;Onlisans;5;;70.1;75.018;"3005;1101;1105;4201;8585;9082;9178;9196";3005 - Aşağıdaki önlisans programlarından birinden mezun olmak. | 1101 - Acil Bakım Teknikerliği | 1105 - Ambulans ve Acil Bakım Teknikerliği | 4201 - Acil Yardım | 8585 - Acil Yardım Teknikerliği | 9082 - Paramedik | 9178 - Ambulans ve Acil Bakım | 9196 - İlk ve Acil Yardım;1ea297bb-e6ff-e511-80c6-a0369f7d1486
2016;3;290160197;Bingöl Karlıova 2 Nolu Acil Sağlık Hizmetleri İstasyonu;Sağlık Teknikeri;Bingöl;Onlisans;3;;70.099;70.523;"3005;1101;1105;4201;8585;9082;9178;9196";3005 - Aşağıdaki önlisans programlarından birinden mezun olmak. | 1101 - Acil Bakım Teknikerliği | 1105 - Ambulans ve Acil Bakım Teknikerliği | 4201 - Acil Yardım | 8585 - Acil Yardım Teknikerliği | 9082 - Paramedik | 9178 - Ambulans ve Acil Bakım | 9196 - İlk ve Acil Yardım;99a197bb-e6ff-e511-80c6-a0369f7d1486
2016;3;290160759;Kars Sarıkamış 2 Nolu (Karakurt) Acil Sağlık Hizmetleri İstasyonu;Sağlık Teknikeri;Kars;Onlisans;1;;70.085;70.085;"3005;1101;1105;4201;8585;9082;9178;9196";3005 - Aşağıdaki önlisans programlarından birinden mezun olmak. | 1101 - Acil Bakım Teknikerliği | 1105 - Ambulans ve Acil Bakım Teknikerliği | 4201 - Acil Yardım | 8585 - Acil Yardım Teknikerliği | 9082 - Paramedik | 9178 - Ambulans ve Acil Bakım | 9196 - İlk ve Acil Yardım;0aa497bb-e6ff-e511-80c6-a0369f7d1486
2016;3;290160069;Ağrı Tutak 2 Nolu Acil Sağlık Hizmetleri İstasyonu;Sağlık Teknikeri;Ağrı;Onlisans;2;;70.083;70.229;"3005;1101;1105;4201;8585;9082;9178;9196";3005 - Aşağıdaki önlisans programlarından birinden mezun olmak. | 1101 - Acil Bakım Teknikerliği | 1105 - Ambulans ve Acil Bakım Teknikerliği | 4201 - Acil Yardım | 8585 - Acil Yardım Teknikerliği | 9082 - Paramedik | 9178 - Ambulans ve Acil Bakım | 9196 - İlk ve Acil Yardım;5ca197bb-e6ff-e511-80c6-a0369f7d1486
2016;3;290161239;Van Çaldıran 1 Nolu Acil Sağlık Hizmetleri İstasyonu;Sağlık Teknikeri;Van;Onlisans;3;;70.082;70.631;"3005;1101;1105;4201;8585;9082;9178;9196";3005 - Aşağıdaki önlisans programlarından birinden mezun olmak. | 1101 - Acil Bakım Teknikerliği | 1105 - Ambulans ve Acil Bakım Teknikerliği | 4201 - Acil Yardım | 8585 - Acil Yardım Teknikerliği | 9082 - Paramedik | 9178 - Ambulans ve Acil Bakım | 9196 - İlk ve Acil Yardım;2da697bb-e6ff-e511-80c6-a0369f7d1486
2016;3;290160311;Diyarbakır Çüngüş 1 Nolu Acil Sağlık Hizmetleri İstasyonu;Sağlık Teknikeri;Diyarbakır;Onlisans;4;;70.071;70.73;"3005;1101;1105;4201;8585;9082;9178;9196";3005 - Aşağıdaki önlisans programlarından birinden mezun olmak. | 1101 - Acil Bakım Teknikerliği | 1105 - Ambulans ve Acil Bakım Teknikerliği | 4201 - Acil Yardım | 8585 - Acil Yardım Teknikerliği | 9082 - Paramedik | 9178 - Ambulans ve Acil Bakım | 9196 - İlk ve Acil Yardım;25a297bb-e6ff-e511-80c6-a0369f7d1486
2016;3;290160207;Bingöl Merkez 6 Nolu (Sancak) Acil Sağlık Hizmetleri İstasyonu;Sağlık Teknikeri;Bingöl;Onlisans;1;;70.058;70.058;"3005;1101;1105;4201;8585;9082;9178;9196";3005 - Aşağıdaki önlisans programlarından birinden mezun olmak. | 1101 - Acil Bakım Teknikerliği | 1105 - Ambulans ve Acil Bakım Teknikerliği | 4201 - Acil Yardım | 8585 - Acil Yardım Teknikerliği | 9082 - Paramedik | 9178 - Ambulans ve Acil Bakım | 9196 - İlk ve Acil Yardım;9ea197bb-e6ff-e511-80c6-a0369f7d1486
2016;3;290161281;Van Gürpınar 2 Nolu Acil Sağlık Hizmetleri İstasyonu;Sağlık Teknikeri;Van;Onlisans;1;;70.055;70.055;"3005;1101;1105;4201;8585;9082;9178;9196";3005 - Aşağıdaki önlisans programlarından birinden mezun olmak. | 1101 - Acil Bakım Teknikerliği | 1105 - Ambulans ve Acil Bakım Teknikerliği | 4201 - Acil Yardım | 8585 - Acil Yardım Teknikerliği | 9082 - Paramedik | 9178 - Ambulans ve Acil Bakım | 9196 - İlk ve Acil Yardım;42a697bb-e6ff-e511-80c6-a0369f7d1486
2016;3;290160327;Diyarbakır Kulp 2 Nolu (Sivrice) Acil Sağlık Hizmetleri İstasyonu;Sağlık Teknikeri;Diyarbakır;Onlisans;1;;70.053;70.053;"3005;1101;1105;4201;8585;9082;9178;9196";3005 - Aşağıdaki önlisans programlarından birinden mezun olmak. | 1101 - Acil Bakım Teknikerliği | 1105 - Ambulans ve Acil Bakım Teknikerliği | 4201 - Acil Yardım | 8585 - Acil Yardım Teknikerliği | 9082 - Paramedik | 9178 - Ambulans ve Acil Bakım | 9196 - İlk ve Acil Yardım;2da297bb-e6ff-e511-80c6-a0369f7d1486
2016;3;290160945;Muş Malazgirt 1 Nolu Acil Sağlık Hizmetleri İstasyonu;Sağlık Teknikeri;Muş;Onlisans;3;;70.047;70.088;"3005;1101;1105;4201;8585;9082;9178;9196";3005 - Aşağıdaki önlisans programlarından birinden mezun olmak. | 1101 - Acil Bakım Teknikerliği | 1105 - Ambulans ve Acil Bakım Teknikerliği | 4201 - Acil Yardım | 8585 - Acil Yardım Teknikerliği | 9082 - Paramedik | 9178 - Ambulans ve Acil Bakım | 9196 - İlk ve Acil Yardım;c7a497bb-e6ff-e511-80c6-a0369f7d1486
2016;3;290161231;Van Başkale 1 Nolu Acil Sağlık Hizmetleri İstasyonu;Sağlık Teknikeri;Van;Onlisans;4;;70.031;70.535;"3005;1101;1105;4201;8585;9082;9178;9196";3005 - Aşağıdaki önlisans programlarından birinden mezun olmak. | 1101 - Acil Bakım Teknikerliği | 1105 - Ambulans ve Acil Bakım Teknikerliği | 4201 - Acil Yardım | 8585 - Acil Yardım Teknikerliği | 9082 - Paramedik | 9178 - Ambulans ve Acil Bakım | 9196 - İlk ve Acil Yardım;29a697bb-e6ff-e511-80c6-a0369f7d1486
2016;3;290161159;Şırnak Cizre 2 Nolu Acil Sağlık Hizmetleri İstasyonu;Sağlık Teknikeri;Şırnak;Onlisans;1;;70.021;70.021;"3005;1101;1105;4201;8585;9082;9178;9196";3005 - Aşağıdaki önlisans programlarından birinden mezun olmak. | 1101 - Acil Bakım Teknikerliği | 1105 - Ambulans ve Acil Bakım Teknikerliği | 4201 - Acil Yardım | 8585 - Acil Yardım Teknikerliği | 9082 - Paramedik | 9178 - Ambulans ve Acil Bakım | 9196 - İlk ve Acil Yardım;e1a697bb-e6ff-e511-80c6-a0369f7d1486
2016;3;290161037;Siirt Şirvan 2 Nolu Acil Sağlık Hizmetleri İstasyonu;Sağlık Teknikeri;Siirt;Onlisans;1;;70.019;70.019;"3005;1101;1105;4201;8585;9082;9178;9196";3005 - Aşağıdaki önlisans programlarından birinden mezun olmak. | 1101 - Acil Bakım Teknikerliği | 1105 - Ambulans ve Acil Bakım Teknikerliği | 4201 - Acil Yardım | 8585 - Acil Yardım Teknikerliği | 9082 - Paramedik | 9178 - Ambulans ve Acil Bakım | 9196 - İlk ve Acil Yardım;52a597bb-e6ff-e511-80c6-a0369f7d1486
2016;3;290160935;Muş Bulanık 2 Nolu Acil Sağlık Hizmetleri İstasyonu;Sağlık Teknikeri;Muş;Onlisans;2;;70.014;70.066;"3005;1101;1105;4201;8585;9082;9178;9196";3005 - Aşağıdaki önlisans programlarından birinden mezun olmak. | 1101 - Acil Bakım Teknikerliği | 1105 - Ambulans ve Acil Bakım Teknikerliği | 4201 - Acil Yardım | 8585 - Acil Yardım Teknikerliği | 9082 - Paramedik | 9178 - Ambulans ve Acil Bakım | 9196 - İlk ve Acil Yardım;c2a497bb-e6ff-e511-80c6-a0369f7d1486
2016;3;290161023;Siirt Eruh 2 Nolu Acil Sağlık Hizmetleri İstasyonu;Sağlık Teknikeri;Siirt;Onlisans;2;;69.999;70.429;"3005;1101;1105;4201;8585;9082;9178;9196";3005 - Aşağıdaki önlisans programlarından birinden mezun olmak. | 1101 - Acil Bakım Teknikerliği | 1105 - Ambulans ve Acil Bakım Teknikerliği | 4201 - Acil Yardım | 8585 - Acil Yardım Teknikerliği | 9082 - Paramedik | 9178 - Ambulans ve Acil Bakım | 9196 - İlk ve Acil Yardım;4ba597bb-e6ff-e511-80c6-a0369f7d1486
2016;3;290160331;Diyarbakır Lice 3 Nolu (Erginköy) Acil Sağlık Hizmetleri İstasyonu;Sağlık Teknikeri;Diyarbakır;Onlisans;4;;69.986;70.093;"3005;1101;1105;4201;8585;9082;9178;9196";3005 - Aşağıdaki önlisans programlarından birinden mezun olmak. | 1101 - Acil Bakım Teknikerliği | 1105 - Ambulans ve Acil Bakım Teknikerliği | 4201 - Acil Yardım | 8585 - Acil Yardım Teknikerliği | 9082 - Paramedik | 9178 - Ambulans ve Acil Bakım | 9196 - İlk ve Acil Yardım;2fa297bb-e6ff-e511-80c6-a0369f7d1486
2016;3;290161213;Tunceli Mazgirt 2 (Akpazarı) Nolu Acil Sağlık Hizmetleri İstasyonu;Sağlık Teknikeri;Tunceli;Onlisans;1;;69.978;69.978;"3005;1101;1105;4201;8585;9082;9178;9196";3005 - Aşağıdaki önlisans programlarından birinden mezun olmak. | 1101 - Acil Bakım Teknikerliği | 1105 - Ambulans ve Acil Bakım Teknikerliği | 4201 - Acil Yardım | 8585 - Acil Yardım Teknikerliği | 9082 - Paramedik | 9178 - Ambulans ve Acil Bakım | 9196 - İlk ve Acil Yardım;9ea597bb-e6ff-e511-80c6-a0369f7d1486
2016;3;290160191;Bingöl Genç 1 Nolu Acil Sağlık Hizmetleri İstasyonu;Sağlık Teknikeri;Bingöl;Onlisans;1;;69.964;69.964;"3005;1101;1105;4201;8585;9082;9178;9196";3005 - Aşağıdaki önlisans programlarından birinden mezun olmak. | 1101 - Acil Bakım Teknikerliği | 1105 - Ambulans ve Acil Bakım Teknikerliği | 4201 - Acil Yardım | 8585 - Acil Yardım Teknikerliği | 9082 - Paramedik | 9178 - Ambulans ve Acil Bakım | 9196 - İlk ve Acil Yardım;96a197bb-e6ff-e511-80c6-a0369f7d1486
2016;3;290160203;Bingöl Merkez 3 Nolu Acil Sağlık Hizmetleri İstasyonu;Sağlık Teknikeri;Bingöl;Onlisans;1;;69.964;69.964;"3005;1101;1105;4201;8585;9082;9178;9196";3005 - Aşağıdaki önlisans programlarından birinden mezun olmak. | 1101 - Acil Bakım Teknikerliği | 1105 - Ambulans ve Acil Bakım Teknikerliği | 4201 - Acil Yardım | 8585 - Acil Yardım Teknikerliği | 9082 - Paramedik | 9178 - Ambulans ve Acil Bakım | 9196 - İlk ve Acil Yardım;9ca197bb-e6ff-e511-80c6-a0369f7d1486
2016;3;290161295;Van Saray 1 Nolu Acil Sağlık Hizmetleri İstasyonu;Sağlık Teknikeri;Van;Onlisans;4;;69.945;70.067;"3005;1101;1105;4201;8585;9082;9178;9196";3005 - Aşağıdaki önlisans programlarından birinden mezun olmak. | 1101 - Acil Bakım Teknikerliği | 1105 - Ambulans ve Acil Bakım Teknikerliği | 4201 - Acil Yardım | 8585 - Acil Yardım Teknikerliği | 9082 - Paramedik | 9178 - Ambulans ve Acil Bakım | 9196 - İlk ve Acil Yardım;49a697bb-e6ff-e511-80c6-a0369f7d1486
2016;3;290161233;Van Başkale 2 Nolu Acil Sağlık Hizmetleri İstasyonu;Sağlık Teknikeri;Van;Onlisans;2;;69.941;70.197;"3005;1101;1105;4201;8585;9082;9178;9196";3005 - Aşağıdaki önlisans programlarından birinden mezun olmak. | 1101 - Acil Bakım Teknikerliği | 1105 - Ambulans ve Acil Bakım Teknikerliği | 4201 - Acil Yardım | 8585 - Acil Yardım Teknikerliği | 9082 - Paramedik | 9178 - Ambulans ve Acil Bakım | 9196 - İlk ve Acil Yardım;2aa697bb-e6ff-e511-80c6-a0369f7d1486
2016;3;290160947;Muş Malazgirt 2 Nolu Acil Sağlık Hizmetleri İstasyonu;Sağlık Teknikeri;Muş;Onlisans;1;;69.919;69.919;"3005;1101;1105;4201;8585;9082;9178;9196";3005 - Aşağıdaki önlisans programlarından birinden mezun olmak. | 1101 - Acil Bakım Teknikerliği | 1105 - Ambulans ve Acil Bakım Teknikerliği | 4201 - Acil Yardım | 8585 - Acil Yardım Teknikerliği | 9082 - Paramedik | 9178 - Ambulans ve Acil Bakım | 9196 - İlk ve Acil Yardım;c8a497bb-e6ff-e511-80c6-a0369f7d1486
2016;3;290161215;Tunceli Nazımıye 1 Nolu Acil Sağlık Hizmetleri İstasyonu;Sağlık Teknikeri;Tunceli;Onlisans;1;;69.913;69.913;"3005;1101;1105;4201;8585;9082;9178;9196";3005 - Aşağıdaki önlisans programlarından birinden mezun olmak. | 1101 - Acil Bakım Teknikerliği | 1105 - Ambulans ve Acil Bakım Teknikerliği | 4201 - Acil Yardım | 8585 - Acil Yardım Teknikerliği | 9082 - Paramedik | 9178 - Ambulans ve Acil Bakım | 9196 - İlk ve Acil Yardım;9fa597bb-e6ff-e511-80c6-a0369f7d1486
2016;3;290160491;Hakkari 3 Nolu Acil Sağlık Hizmetleri İstasyonu;Sağlık Teknikeri;Hakkari;Onlisans;1;;69.911;69.911;"3005;1101;1105;4201;8585;9082;9178;9196";3005 - Aşağıdaki önlisans programlarından birinden mezun olmak. | 1101 - Acil Bakım Teknikerliği | 1105 - Ambulans ve Acil Bakım Teknikerliği | 4201 - Acil Yardım | 8585 - Acil Yardım Teknikerliği | 9082 - Paramedik | 9178 - Ambulans ve Acil Bakım | 9196 - İlk ve Acil Yardım;eca297bb-e6ff-e511-80c6-a0369f7d1486
2016;3;290161011;Siirt Baykan 2 Nolu (Veysel Karani) Acil Sağlık Hizmetleri İstasyonu;Sağlık Teknikeri;Siirt;Onlisans;2;;69.908;70.033;"3005;1101;1105;4201;8585;9082;9178;9196";3005 - Aşağıdaki önlisans programlarından birinden mezun olmak. | 1101 - Acil Bakım Teknikerliği | 1105 - Ambulans ve Acil Bakım Teknikerliği | 4201 - Acil Yardım | 8585 - Acil Yardım Teknikerliği | 9082 - Paramedik | 9178 - Ambulans ve Acil Bakım | 9196 - İlk ve Acil Yardım;45a597bb-e6ff-e511-80c6-a0369f7d1486
2016;3;290160313;Diyarbakır Çüngüş 3 Nolu (Yeniköy) Acil Sağlık Hizmetleri İstasyonu;Sağlık Teknikeri;Diyarbakır;Onlisans;2;;69.892;70.742;"3005;1101;1105;4201;8585;9082;9178;9196";3005 - Aşağıdaki önlisans programlarından birinden mezun olmak. | 1101 - Acil Bakım Teknikerliği | 1105 - Ambulans ve Acil Bakım Teknikerliği | 4201 - Acil Yardım | 8585 - Acil Yardım Teknikerliği | 9082 - Paramedik | 9178 - Ambulans ve Acil Bakım | 9196 - İlk ve Acil Yardım;26a297bb-e6ff-e511-80c6-a0369f7d1486
2016;3;290160329;Diyarbakır Kulp 3 Nolu (Zeyrek) Acil Sağlık Hizmetleri İstasyonu;Sağlık Teknikeri;Diyarbakır;Onlisans;1;;69.883;69.883;"3005;1101;1105;4201;8585;9082;9178;9196";3005 - Aşağıdaki önlisans programlarından birinden mezun olmak. | 1101 - Acil Bakım Teknikerliği | 1105 - Ambulans ve Acil Bakım Teknikerliği | 4201 - Acil Yardım | 8585 - Acil Yardım Teknikerliği | 9082 - Paramedik | 9178 - Ambulans ve Acil Bakım | 9196 - İlk ve Acil Yardım;2ea297bb-e6ff-e511-80c6-a0369f7d1486
2016;3;290161185;Şırnak Silopi 2 Nolu Acil Sağlık Hizmetleri İstasyonu;Sağlık Teknikeri;Şırnak;Onlisans;5;;69.859;70.174;"3005;1101;1105;4201;8585;9082;9178;9196";3005 - Aşağıdaki önlisans programlarından birinden mezun olmak. | 1101 - Acil Bakım Teknikerliği | 1105 - Ambulans ve Acil Bakım Teknikerliği | 4201 - Acil Yardım | 8585 - Acil Yardım Teknikerliği | 9082 - Paramedik | 9178 - Ambulans ve Acil Bakım | 9196 - İlk ve Acil Yardım;eea697bb-e6ff-e511-80c6-a0369f7d1486
2016;3;290160211;Bitlis 3 Nolu (Karınca) Acil Sağlık Hizmetleri İstasyonu;Sağlık Teknikeri;Bitlis;Onlisans;2;;69.801;69.842;"3005;1101;1105;4201;8585;9082;9178;9196";3005 - Aşağıdaki önlisans programlarından birinden mezun olmak. | 1101 - Acil Bakım Teknikerliği | 1105 - Ambulans ve Acil Bakım Teknikerliği | 4201 - Acil Yardım | 8585 - Acil Yardım Teknikerliği | 9082 - Paramedik | 9178 - Ambulans ve Acil Bakım | 9196 - İlk ve Acil Yardım;cfa197bb-e6ff-e511-80c6-a0369f7d1486
2016;3;290160511;Hakkari Şemdinli 3 Nolu Acil Sağlık Hizmetleri İstasyonu;Sağlık Teknikeri;Hakkari;Onlisans;3;;69.798;71.545;"3005;1101;1105;4201;8585;9082;9178;9196";3005 - Aşağıdaki önlisans programlarından birinden mezun olmak. | 1101 - Acil Bakım Teknikerliği | 1105 - Ambulans ve Acil Bakım Teknikerliği | 4201 - Acil Yardım | 8585 - Acil Yardım Teknikerliği | 9082 - Paramedik | 9178 - Ambulans ve Acil Bakım | 9196 - İlk ve Acil Yardım;f6a297bb-e6ff-e511-80c6-a0369f7d1486
2016;3;290160509;Hakkari Şemdinli 2 Nolu (Derecik) Acil Sağlık Hizmetleri İstasyonu;Sağlık Teknikeri;Hakkari;Onlisans;1;;69.769;69.769;"3005;1101;1105;4201;8585;9082;9178;9196";3005 - Aşağıdaki önlisans programlarından birinden mezun olmak. | 1101 - Acil Bakım Teknikerliği | 1105 - Ambulans ve Acil Bakım Teknikerliği | 4201 - Acil Yardım | 8585 - Acil Yardım Teknikerliği | 9082 - Paramedik | 9178 - Ambulans ve Acil Bakım | 9196 - İlk ve Acil Yardım;f5a297bb-e6ff-e511-80c6-a0369f7d1486
2016;3;290161227;Van Bahçesaray 1 Nolu Acil Sağlık Hizmetleri İstasyonu;Sağlık Teknikeri;Van;Onlisans;2;;69.742;69.755;"3005;1101;1105;4201;8585;9082;9178;9196";3005 - Aşağıdaki önlisans programlarından birinden mezun olmak. | 1101 - Acil Bakım Teknikerliği | 1105 - Ambulans ve Acil Bakım Teknikerliği | 4201 - Acil Yardım | 8585 - Acil Yardım Teknikerliği | 9082 - Paramedik | 9178 - Ambulans ve Acil Bakım | 9196 - İlk ve Acil Yardım;27a697bb-e6ff-e511-80c6-a0369f7d1486
2016;3;290161183;Şırnak Silopi 1 Nolu Acil Sağlık Hizmetleri İstasyonu;Sağlık Teknikeri;Şırnak;Onlisans;4;;69.736;69.895;"3005;1101;1105;4201;8585;9082;9178;9196";3005 - Aşağıdaki önlisans programlarından birinden mezun olmak. | 1101 - Acil Bakım Teknikerliği | 1105 - Ambulans ve Acil Bakım Teknikerliği | 4201 - Acil Yardım | 8585 - Acil Yardım Teknikerliği | 9082 - Paramedik | 9178 - Ambulans ve Acil Bakım | 9196 - İlk ve Acil Yardım;eda697bb-e6ff-e511-80c6-a0369f7d1486
2016;3;290160499;Hakkari 7 Nolu (Taşbaşı Köyü) Acıl Sağlık Hizmetleri Istasyonu;Sağlık Teknikeri;Hakkari;Onlisans;5;;69.733;70.238;"3005;1101;1105;4201;8585;9082;9178;9196";3005 - Aşağıdaki önlisans programlarından birinden mezun olmak. | 1101 - Acil Bakım Teknikerliği | 1105 - Ambulans ve Acil Bakım Teknikerliği | 4201 - Acil Yardım | 8585 - Acil Yardım Teknikerliği | 9082 - Paramedik | 9178 - Ambulans ve Acil Bakım | 9196 - İlk ve Acil Yardım;f0a297bb-e6ff-e511-80c6-a0369f7d1486
2016;3;290160153;Batman Beşiri 1 Nolu Acil Sağlık Hizmetleri İstasyonu;Sağlık Teknikeri;Batman;Onlisans;1;;69.717;69.717;"3005;1101;1105;4201;8585;9082;9178;9196";3005 - Aşağıdaki önlisans programlarından birinden mezun olmak. | 1101 - Acil Bakım Teknikerliği | 1105 - Ambulans ve Acil Bakım Teknikerliği | 4201 - Acil Yardım | 8585 - Acil Yardım Teknikerliği | 9082 - Paramedik | 9178 - Ambulans ve Acil Bakım | 9196 - İlk ve Acil Yardım;cba697bb-e6ff-e511-80c6-a0369f7d1486
2016;3;290161221;Tunceli Pülümür 1 Nolu Acil Sağlık Hizmetleri İstasyonu;Sağlık Teknikeri;Tunceli;Onlisans;2;;69.682;69.988;"3005;1101;1105;4201;8585;9082;9178;9196";3005 - Aşağıdaki önlisans programlarından birinden mezun olmak. | 1101 - Acil Bakım Teknikerliği | 1105 - Ambulans ve Acil Bakım Teknikerliği | 4201 - Acil Yardım | 8585 - Acil Yardım Teknikerliği | 9082 - Paramedik | 9178 - Ambulans ve Acil Bakım | 9196 - İlk ve Acil Yardım;a2a597bb-e6ff-e511-80c6-a0369f7d1486
2016;3;290160519;Hakkari Yüksekova 3 Nolu Acil Sağlık Hizmetleri İstasyonu;Sağlık Teknikeri;Hakkari;Onlisans;5;;69.67;69.883;"3005;1101;1105;4201;8585;9082;9178;9196";3005 - Aşağıdaki önlisans programlarından birinden mezun olmak. | 1101 - Acil Bakım Teknikerliği | 1105 - Ambulans ve Acil Bakım Teknikerliği | 4201 - Acil Yardım | 8585 - Acil Yardım Teknikerliği | 9082 - Paramedik | 9178 - Ambulans ve Acil Bakım | 9196 - İlk ve Acil Yardım;faa297bb-e6ff-e511-80c6-a0369f7d1486
2016;3;290160517;Hakkari Yüksekova 2 Nolu Acil Sağlık Hizmetleri İstasyonu;Sağlık Teknikeri;Hakkari;Onlisans;4;;69.669;70.939;"3005;1101;1105;4201;8585;9082;9178;9196";3005 - Aşağıdaki önlisans programlarından birinden mezun olmak. | 1101 - Acil Bakım Teknikerliği | 1105 - Ambulans ve Acil Bakım Teknikerliği | 4201 - Acil Yardım | 8585 - Acil Yardım Teknikerliği | 9082 - Paramedik | 9178 - Ambulans ve Acil Bakım | 9196 - İlk ve Acil Yardım;f9a297bb-e6ff-e511-80c6-a0369f7d1486
2016;3;290161241;Van Çaldıran 2 Nolu Acil Sağlık Hizmetleri İstasyonu;Sağlık Teknikeri;Van;Onlisans;1;;69.665;69.665;"3005;1101;1105;4201;8585;9082;9178;9196";3005 - Aşağıdaki önlisans programlarından birinden mezun olmak. | 1101 - Acil Bakım Teknikerliği | 1105 - Ambulans ve Acil Bakım Teknikerliği | 4201 - Acil Yardım | 8585 - Acil Yardım Teknikerliği | 9082 - Paramedik | 9178 - Ambulans ve Acil Bakım | 9196 - İlk ve Acil Yardım;2ea697bb-e6ff-e511-80c6-a0369f7d1486
2016;3;290161187;Şırnak Silopi 3 Nolu Acil Sağlık Hizmetleri İstasyonu;Sağlık Teknikeri;Şırnak;Onlisans;2;;69.659;69.784;"3005;1101;1105;4201;8585;9082;9178;9196";3005 - Aşağıdaki önlisans programlarından birinden mezun olmak. | 1101 - Acil Bakım Teknikerliği | 1105 - Ambulans ve Acil Bakım Teknikerliği | 4201 - Acil Yardım | 8585 - Acil Yardım Teknikerliği | 9082 - Paramedik | 9178 - Ambulans ve Acil Bakım | 9196 - İlk ve Acil Yardım;efa697bb-e6ff-e511-80c6-a0369f7d1486
2016;3;290160493;Hakkari 4 (Durankaya)Nolu Acıl Sağlık Hizmetleri Istasyonu;Sağlık Teknikeri;Hakkari;Onlisans;4;;69.595;69.648;"3005;1101;1105;4201;8585;9082;9178;9196";3005 - Aşağıdaki önlisans programlarından birinden mezun olmak. | 1101 - Acil Bakım Teknikerliği | 1105 - Ambulans ve Acil Bakım Teknikerliği | 4201 - Acil Yardım | 8585 - Acil Yardım Teknikerliği | 9082 - Paramedik | 9178 - Ambulans ve Acil Bakım | 9196 - İlk ve Acil Yardım;eda297bb-e6ff-e511-80c6-a0369f7d1486
2016;3;290160521;Hakkari Yüksekova 4 Nolu (Esendere) Acil Sağlık Hizmetleri İstasyonu;Sağlık Teknikeri;Hakkari;Onlisans;5;;69.576;69.864;"3005;1101;1105;4201;8585;9082;9178;9196";3005 - Aşağıdaki önlisans programlarından birinden mezun olmak. | 1101 - Acil Bakım Teknikerliği | 1105 - Ambulans ve Acil Bakım Teknikerliği | 4201 - Acil Yardım | 8585 - Acil Yardım Teknikerliği | 9082 - Paramedik | 9178 - Ambulans ve Acil Bakım | 9196 - İlk ve Acil Yardım;fba297bb-e6ff-e511-80c6-a0369f7d1486
2016;3;290160501;Hakkari Çukurca 1 Nolu Acil Sağlık Hizmetleri İstasyonu;Sağlık Teknikeri;Hakkari;Onlisans;2;;69.529;69.925;"3005;1101;1105;4201;8585;9082;9178;9196";3005 - Aşağıdaki önlisans programlarından birinden mezun olmak. | 1101 - Acil Bakım Teknikerliği | 1105 - Ambulans ve Acil Bakım Teknikerliği | 4201 - Acil Yardım | 8585 - Acil Yardım Teknikerliği | 9082 - Paramedik | 9178 - Ambulans ve Acil Bakım | 9196 - İlk ve Acil Yardım;f1a297bb-e6ff-e511-80c6-a0369f7d1486
2016;3;290161249;Van Çatak 2 Nolu (Görentaş) Acil Sağlık Hizmetleri İstasyonu;Sağlık Teknikeri;Van;Onlisans;2;;69.518;69.783;"3005;1101;1105;4201;8585;9082;9178;9196";3005 - Aşağıdaki önlisans programlarından birinden mezun olmak. | 1101 - Acil Bakım Teknikerliği | 1105 - Ambulans ve Acil Bakım Teknikerliği | 4201 - Acil Yardım | 8585 - Acil Yardım Teknikerliği | 9082 - Paramedik | 9178 - Ambulans ve Acil Bakım | 9196 - İlk ve Acil Yardım;32a697bb-e6ff-e511-80c6-a0369f7d1486
2016;3;290160495;Hakkari 5 (Bağışlı) Nolu Acıl Sağlık Hizmetleri İstasyonu;Sağlık Teknikeri;Hakkari;Onlisans;4;;69.44;69.7;"3005;1101;1105;4201;8585;9082;9178;9196";3005 - Aşağıdaki önlisans programlarından birinden mezun olmak. | 1101 - Acil Bakım Teknikerliği | 1105 - Ambulans ve Acil Bakım Teknikerliği | 4201 - Acil Yardım | 8585 - Acil Yardım Teknikerliği | 9082 - Paramedik | 9178 - Ambulans ve Acil Bakım | 9196 - İlk ve Acil Yardım;eea297bb-e6ff-e511-80c6-a0369f7d1486
2016;3;290160497;Hakkari 6 Nolu (Geçitli Köyü) Acıl Sağlık Hizmetleri Istasyonu;Sağlık Teknikeri;Hakkari;Onlisans;3;;69.409;69.618;"3005;1101;1105;4201;8585;9082;9178;9196";3005 - Aşağıdaki önlisans programlarından birinden mezun olmak. | 1101 - Acil Bakım Teknikerliği | 1105 - Ambulans ve Acil Bakım Teknikerliği | 4201 - Acil Yardım | 8585 - Acil Yardım Teknikerliği | 9082 - Paramedik | 9178 - Ambulans ve Acil Bakım | 9196 - İlk ve Acil Yardım;efa297bb-e6ff-e511-80c6-a0369f7d1486
2016;3;290160161;Batman Sason 3 Nolu Acil Sağlık Hizmetleri İstasyonu;Sağlık Teknikeri;Batman;Onlisans;1;;69.222;69.222;"3005;1101;1105;4201;8585;9082;9178;9196";3005 - Aşağıdaki önlisans programlarından birinden mezun olmak. | 1101 - Acil Bakım Teknikerliği | 1105 - Ambulans ve Acil Bakım Teknikerliği | 4201 - Acil Yardım | 8585 - Acil Yardım Teknikerliği | 9082 - Paramedik | 9178 - Ambulans ve Acil Bakım | 9196 - İlk ve Acil Yardım;cfa697bb-e6ff-e511-80c6-a0369f7d1486
2016;3;390160229;Diyarbakır Bağlar Toplum Sağlığı Merkezi;Psikolog;Diyarbakır;Lisans;1;;91.408;91.408;"4131;3286";4131 - Aşağıdaki lisans programlarından birinden mezun olmak. | 3286 - Psikoloji;fda197bb-e6ff-e511-80c6-a0369f7d1486
2016;3;390160891;Rize Kaçkar Devlet Hastanesi;Biyolog;Rize;Lisans;1;;90.686;90.686;"4571;3133;3267;3334;5121";4571 - Aşağıdaki lisans programlarından birinden mezun olmak. | 3133 - Biyoloji | 3267 - Moleküler Biyoloji ve Genetik | 3334 - Tıbbi Biyolojik Bilimler | 5121 - Moleküler Biyoloji;15a597bb-e6ff-e511-80c6-a0369f7d1486
2016;3;390160737;Kütahya Yoncalı Fizik Tedavi ve Rehabilitasyon Hastanesi;Fizyoterapist;Kütahya;Lisans;1;;90.127;90.127;"4587;3185;8344";4587 - Aşağıdaki lisans programlarından birinden mezun olmak. | 3185 - Fizik Tedavi ve Rehabilitasyon | 8344 - Fizyoterapi ve Rehabilitasyon;2fa497bb-e6ff-e511-80c6-a0369f7d1486
2016;3;390160495;İstanbul Beykoz Devlet Hastanesi;Fizyoterapist;İstanbul;Lisans;1;;89.137;89.137;"4587;3185;8344";4587 - Aşağıdaki lisans programlarından birinden mezun olmak. | 3185 - Fizik Tedavi ve Rehabilitasyon | 8344 - Fizyoterapi ve Rehabilitasyon;3ca397bb-e6ff-e511-80c6-a0369f7d1486
2016;3;390160493;İstanbul Beykoz Devlet Hastanesi;Biyolog;İstanbul;Lisans;1;;88.572;88.572;"4571;3133;3267;3334;5121";4571 - Aşağıdaki lisans programlarından birinden mezun olmak. | 3133 - Biyoloji | 3267 - Moleküler Biyoloji ve Genetik | 3334 - Tıbbi Biyolojik Bilimler | 5121 - Moleküler Biyoloji;3ba397bb-e6ff-e511-80c6-a0369f7d1486
2016;3;390160731;Konya Akşehir Devlet Hastanesi;Biyolog;Konya;Lisans;1;;88.229;88.229;"4571;3133;3267;3334;5121";4571 - Aşağıdaki lisans programlarından birinden mezun olmak. | 3133 - Biyoloji | 3267 - Moleküler Biyoloji ve Genetik | 3334 - Tıbbi Biyolojik Bilimler | 5121 - Moleküler Biyoloji;2ca497bb-e6ff-e511-80c6-a0369f7d1486
2016;3;390160377;Gümüşhane Devlet Hastanesi;Biyolog;Gümüşhane;Lisans;1;;88.189;88.189;"4571;3133;3267;3334;5121";4571 - Aşağıdaki lisans programlarından birinden mezun olmak. | 3133 - Biyoloji | 3267 - Moleküler Biyoloji ve Genetik | 3334 - Tıbbi Biyolojik Bilimler | 5121 - Moleküler Biyoloji;c5a297bb-e6ff-e511-80c6-a0369f7d1486
2016;3;390161145;Şanlıurfa Viranşehir Devlet Hastanesi;Biyolog;Şanlıurfa;Lisans;1;;88.178;88.178;"4571;3133;3267;3334;5121";4571 - Aşağıdaki lisans programlarından birinden mezun olmak. | 3133 - Biyoloji | 3267 - Moleküler Biyoloji ve Genetik | 3334 - Tıbbi Biyolojik Bilimler | 5121 - Moleküler Biyoloji;1ea697bb-e6ff-e511-80c6-a0369f7d1486
2016;3;390160999;Sivas Numune Hastanesi;Biyolog;Sivas;Lisans;1;;88.152;88.152;"4571;3133;3267;3334;5121";4571 - Aşağıdaki lisans programlarından birinden mezun olmak. | 3133 - Biyoloji | 3267 - Moleküler Biyoloji ve Genetik | 3334 - Tıbbi Biyolojik Bilimler | 5121 - Moleküler Biyoloji;70a597bb-e6ff-e511-80c6-a0369f7d1486
2016;3;390160153;Bayburt Devlet Hastanesi;Biyolog;Bayburt;Lisans;1;;88.052;88.052;"4571;3133;3267;3334;5121";4571 - Aşağıdaki lisans programlarından birinden mezun olmak. | 3133 - Biyoloji | 3267 - Moleküler Biyoloji ve Genetik | 3334 - Tıbbi Biyolojik Bilimler | 5121 - Moleküler Biyoloji;b1a697bb-e6ff-e511-80c6-a0369f7d1486
2016;3;390160125;Artvin Devlet Hastanesi;Biyolog;Artvin;Lisans;1;;88.004;88.004;"4571;3133;3267;3334;5121";4571 - Aşağıdaki lisans programlarından birinden mezun olmak. | 3133 - Biyoloji | 3267 - Moleküler Biyoloji ve Genetik | 3334 - Tıbbi Biyolojik Bilimler | 5121 - Moleküler Biyoloji;7ca197bb-e6ff-e511-80c6-a0369f7d1486
2016;3;390160221;Bursa Yüksek İhtisas Eğitim ve Araştırma Hastanesi;Fizyoterapist;Bursa;Lisans;1;;87.929;87.929;"4587;3185;8344";4587 - Aşağıdaki lisans programlarından birinden mezun olmak. | 3185 - Fizik Tedavi ve Rehabilitasyon | 8344 - Fizyoterapi ve Rehabilitasyon;e7a197bb-e6ff-e511-80c6-a0369f7d1486
2016;3;390160717;Kilis Devlet Hastanesi;Biyolog;Kilis;Lisans;2;;87.905;87.914;"4571;3133;3267;3334;5121";4571 - Aşağıdaki lisans programlarından birinden mezun olmak. | 3133 - Biyoloji | 3267 - Moleküler Biyoloji ve Genetik | 3334 - Tıbbi Biyolojik Bilimler | 5121 - Moleküler Biyoloji;49a797bb-e6ff-e511-80c6-a0369f7d1486
2016;3;390160027;Ağrı Devlet Hastanesi;Biyolog;Ağrı;Lisans;1;;87.815;87.815;"4571;3133;3267;3334;5121";4571 - Aşağıdaki lisans programlarından birinden mezun olmak. | 3133 - Biyoloji | 3267 - Moleküler Biyoloji ve Genetik | 3334 - Tıbbi Biyolojik Bilimler | 5121 - Moleküler Biyoloji;1fa197bb-e6ff-e511-80c6-a0369f7d1486
2016;3;390160165;Bingöl Devlet Hastanesi;Biyolog;Bingöl;Lisans;1;;87.813;87.813;"4571;3133;3267;3334;5121";4571 - Aşağıdaki lisans programlarından birinden mezun olmak. | 3133 - Biyoloji | 3267 - Moleküler Biyoloji ve Genetik | 3334 - Tıbbi Biyolojik Bilimler | 5121 - Moleküler Biyoloji;a3a197bb-e6ff-e511-80c6-a0369f7d1486
2016;3;390160047;Ağrı Doğubeyazıt Dr.Yaşar Eryılmaz Devlet Hastanesi;Biyolog;Ağrı;Lisans;1;;87.736;87.736;"4571;3133;3267;3334;5121";4571 - Aşağıdaki lisans programlarından birinden mezun olmak. | 3133 - Biyoloji | 3267 - Moleküler Biyoloji ve Genetik | 3334 - Tıbbi Biyolojik Bilimler | 5121 - Moleküler Biyoloji;29a197bb-e6ff-e511-80c6-a0369f7d1486
2016;3;390160135;Batman Bölge Devlet Hastanesi;Biyolog;Batman;Lisans;1;;87.736;87.736;"4571;3133;3267;3334;5121";4571 - Aşağıdaki lisans programlarından birinden mezun olmak. | 3133 - Biyoloji | 3267 - Moleküler Biyoloji ve Genetik | 3334 - Tıbbi Biyolojik Bilimler | 5121 - Moleküler Biyoloji;bda697bb-e6ff-e511-80c6-a0369f7d1486
2016;3;390160835;Muş Devlet Hastanesi;Biyolog;Muş;Lisans;1;;87.659;87.659;"4571;3133;3267;3334;5121";4571 - Aşağıdaki lisans programlarından birinden mezun olmak. | 3133 - Biyoloji | 3267 - Moleküler Biyoloji ve Genetik | 3334 - Tıbbi Biyolojik Bilimler | 5121 - Moleküler Biyoloji;d0a497bb-e6ff-e511-80c6-a0369f7d1486
2016;3;390160401;Hakkari Devlet Hastanesi;Biyolog;Hakkari;Lisans;1;;87.56;87.56;"4571;3133;3267;3334;5121";4571 - Aşağıdaki lisans programlarından birinden mezun olmak. | 3133 - Biyoloji | 3267 - Moleküler Biyoloji ve Genetik | 3334 - Tıbbi Biyolojik Bilimler | 5121 - Moleküler Biyoloji;04a397bb-e6ff-e511-80c6-a0369f7d1486
2016;3;390160925;Siirt Devlet Hastanesi;Biyolog;Siirt;Lisans;1;;87.544;87.544;"4571;3133;3267;3334;5121";4571 - Aşağıdaki lisans programlarından birinden mezun olmak. | 3133 - Biyoloji | 3267 - Moleküler Biyoloji ve Genetik | 3334 - Tıbbi Biyolojik Bilimler | 5121 - Moleküler Biyoloji;2ca597bb-e6ff-e511-80c6-a0369f7d1486
2016;3;390161173;Şırnak Devlet Hastanesi;Biyolog;Şırnak;Lisans;1;;87.445;87.445;"4571;3133;3267;3334;5121";4571 - Aşağıdaki lisans programlarından birinden mezun olmak. | 3133 - Biyoloji | 3267 - Moleküler Biyoloji ve Genetik | 3334 - Tıbbi Biyolojik Bilimler | 5121 - Moleküler Biyoloji;faa697bb-e6ff-e511-80c6-a0369f7d1486
2016;3;390160127;Artvin Hopa Toplum Sağlığı Merkezi;Diyetisyen;Artvin;Lisans;1;;86.889;86.889;"4797;3122";4797 - Aşağıdaki lisans programlarından birinden mezun olmak. | 3122 - Beslenme ve Diyetetik;7da197bb-e6ff-e511-80c6-a0369f7d1486
2016;3;390160015;Adıyaman Sincik Toplum Sağlığı Merkezi;Hemşire;Adıyaman;Lisans;1;;86.473;86.473;"4605;3204;3205;3297";4605 - Aşağıdaki lisans programlarından birinden mezun olmak. | 3204 - Hemşirelik | 3205 - Hemşirelik ve Sağlık Hizmetleri | 3297 - Sağlık Memurluğu;07a197bb-e6ff-e511-80c6-a0369f7d1486
2016;3;390160605;İstanbul Şile Toplum Sağlığı Merkezi;Diyetisyen;İstanbul;Lisans;1;;86.009;86.009;"4797;3122";4797 - Aşağıdaki lisans programlarından birinden mezun olmak. | 3122 - Beslenme ve Diyetetik;73a397bb-e6ff-e511-80c6-a0369f7d1486
2016;3;390161039;Şanlıurfa Balıklıgöl Devlet Hastanesi;Sosyal Çalışmacı;Şanlıurfa;Lisans;1;;86.004;86.004;"4177;6318;9403";4177 - Aşağıdaki lisans programlarından birinden mezun olmak. | 6318 - Sosyal Hizmetler / Sosyal Hizmet | 9403 - Sosyal Çalışmalar;e9a597bb-e6ff-e511-80c6-a0369f7d1486
2016;3;390160907;Sakarya Toyotasa Acil Yardım Hastanesi;Fizyoterapist;Sakarya;Lisans;1;;85.81;85.81;"4587;3185;8344";4587 - Aşağıdaki lisans programlarından birinden mezun olmak. | 3185 - Fizik Tedavi ve Rehabilitasyon | 8344 - Fizyoterapi ve Rehabilitasyon;1da597bb-e6ff-e511-80c6-a0369f7d1486
2016;3;390160375;Giresun Fizik Tedavi Ve Rehabilitasyon Merkezi;Fizyoterapist;Giresun;Lisans;1;;85.72;85.72;"4587;3185;8344";4587 - Aşağıdaki lisans programlarından birinden mezun olmak. | 3185 - Fizik Tedavi ve Rehabilitasyon | 8344 - Fizyoterapi ve Rehabilitasyon;c4a297bb-e6ff-e511-80c6-a0369f7d1486
2016;3;390160991;Sivas Halk Sağlığı Mudurluğu;Diyetisyen;Sivas;Lisans;1;;85.67;85.67;"4797;3122";4797 - Aşağıdaki lisans programlarından birinden mezun olmak. | 3122 - Beslenme ve Diyetetik;6ca597bb-e6ff-e511-80c6-a0369f7d1486
2016;3;390160627;İstanbul Ümraniye Toplum Sağlığı Merkezi;Diyetisyen;İstanbul;Lisans;1;;85.659;85.659;"4797;3122";4797 - Aşağıdaki lisans programlarından birinden mezun olmak. | 3122 - Beslenme ve Diyetetik;7ea397bb-e6ff-e511-80c6-a0369f7d1486
2016;3;390160575;İstanbul Maltepe Toplum Sağlığı Merkezi;Psikolog;İstanbul;Lisans;1;;85.654;85.654;"4131;3286";4131 - Aşağıdaki lisans programlarından birinden mezun olmak. | 3286 - Psikoloji;64a397bb-e6ff-e511-80c6-a0369f7d1486
2016;3;390160373;Gaziantep Dr. Ersin Arslan Eğitim ve Araştırma Hastanesi;Fizyoterapist;Gaziantep;Lisans;2;;85.346;88.642;"4587;3185;8344";4587 - Aşağıdaki lisans programlarından birinden mezun olmak. | 3185 - Fizik Tedavi ve Rehabilitasyon | 8344 - Fizyoterapi ve Rehabilitasyon;c3a297bb-e6ff-e511-80c6-a0369f7d1486
2016;3;390160459;İstanbul Avcılar Toplum Sağlığı Merkezi;Diyetisyen;İstanbul;Lisans;1;;85.161;85.161;"4797;3122";4797 - Aşağıdaki lisans programlarından birinden mezun olmak. | 3122 - Beslenme ve Diyetetik;2aa397bb-e6ff-e511-80c6-a0369f7d1486
2016;3;390160577;İstanbul Okmeydanı Eğitim ve Araştırma Hastanesi;Fizyoterapist;İstanbul;Lisans;1;;84.871;84.871;"4587;3185;8344";4587 - Aşağıdaki lisans programlarından birinden mezun olmak. | 3185 - Fizik Tedavi ve Rehabilitasyon | 8344 - Fizyoterapi ve Rehabilitasyon;65a397bb-e6ff-e511-80c6-a0369f7d1486
2016;3;390160219;Bursa Karacabey Devlet Hastanesi;Psikolog;Bursa;Lisans;1;;84.845;84.845;"4131;3286";4131 - Aşağıdaki lisans programlarından birinden mezun olmak. | 3286 - Psikoloji;e6a197bb-e6ff-e511-80c6-a0369f7d1486
2016;3;390160595;İstanbul Sultanbeyli Toplum Sağlığı Merkezi;Diyetisyen;İstanbul;Lisans;1;;84.792;84.792;"4797;3122";4797 - Aşağıdaki lisans programlarından birinden mezun olmak. | 3122 - Beslenme ve Diyetetik;6ea397bb-e6ff-e511-80c6-a0369f7d1486
2016;3;390160009;Adıyaman Kahta Toplum Sağlığı Merkezi;Diyetisyen;Adıyaman;Lisans;1;;84.66;84.66;"4797;3122";4797 - Aşağıdaki lisans programlarından birinden mezun olmak. | 3122 - Beslenme ve Diyetetik;04a197bb-e6ff-e511-80c6-a0369f7d1486
2016;3;390160509;İstanbul Büyükçekmece Toplum Sağlığı Merkezi;Psikolog;İstanbul;Lisans;1;;84.62;84.62;"4131;3286";4131 - Aşağıdaki lisans programlarından birinden mezun olmak. | 3286 - Psikoloji;43a397bb-e6ff-e511-80c6-a0369f7d1486
2016;3;390160487;İstanbul Bayrampaşa Toplum Sağlığı Merkezi;Diyetisyen;İstanbul;Lisans;1;;84.594;84.594;"4797;3122";4797 - Aşağıdaki lisans programlarından birinden mezun olmak. | 3122 - Beslenme ve Diyetetik;38a397bb-e6ff-e511-80c6-a0369f7d1486
2016;3;390160995;Sivas Merkez İbn-İ Sina Toplum Sağlığı Merkezi;Diyetisyen;Sivas;Lisans;1;;84.435;84.435;"4797;3122";4797 - Aşağıdaki lisans programlarından birinden mezun olmak. | 3122 - Beslenme ve Diyetetik;6ea597bb-e6ff-e511-80c6-a0369f7d1486
2016;3;390160285;Edirne Uzunköprü Devlet Hastanesi;Diyetisyen;Edirne;Lisans;1;;84.295;84.295;"4797;3122";4797 - Aşağıdaki lisans programlarından birinden mezun olmak. | 3122 - Beslenme ve Diyetetik;3aa297bb-e6ff-e511-80c6-a0369f7d1486
2016;3;390160381;Gümüşhane Devlet Hastanesi;Diyetisyen;Gümüşhane;Lisans;1;;84.204;84.204;"4797;3122";4797 - Aşağıdaki lisans programlarından birinden mezun olmak. | 3122 - Beslenme ve Diyetetik;c7a297bb-e6ff-e511-80c6-a0369f7d1486
2016;3;390161001;Sivas Numune Hastanesi;Diyetisyen;Sivas;Lisans;1;;84.204;84.204;"4797;3122";4797 - Aşağıdaki lisans programlarından birinden mezun olmak. | 3122 - Beslenme ve Diyetetik;71a597bb-e6ff-e511-80c6-a0369f7d1486
2016;3;390161017;Sivas Şarkışla Toplum Sağlığı Merkezi;Diyetisyen;Sivas;Lisans;1;;84.193;84.193;"4797;3122";4797 - Aşağıdaki lisans programlarından birinden mezun olmak. | 3122 - Beslenme ve Diyetetik;79a597bb-e6ff-e511-80c6-a0369f7d1486
2016;3;390160647;Kahramanmaraş Dulkadiroğlu Toplum Sağlığı Merkezi;Diyetisyen;Kahramanmaraş;Lisans;1;;84.14;84.14;"4797;3122";4797 - Aşağıdaki lisans programlarından birinden mezun olmak. | 3122 - Beslenme ve Diyetetik;48a497bb-e6ff-e511-80c6-a0369f7d1486
2016;3;390160593;İstanbul Silivri Toplum Sağlığı Merkezi;Diyetisyen;İstanbul;Lisans;1;;84.134;84.134;"4797;3122";4797 - Aşağıdaki lisans programlarından birinden mezun olmak. | 3122 - Beslenme ve Diyetetik;6da397bb-e6ff-e511-80c6-a0369f7d1486
2016;3;390161267;Van İpekyolu Toplum Sağlığı Merkezi;Diyetisyen;Van;Lisans;1;;84.127;84.127;"4797;3122";4797 - Aşağıdaki lisans programlarından birinden mezun olmak. | 3122 - Beslenme ve Diyetetik;72a697bb-e6ff-e511-80c6-a0369f7d1486
2016;3;390160755;Malatya Yeşilyurt Toplum Sağlığı Merkezi;Diyetisyen;Malatya;Lisans;1;;84.099;84.099;"4797;3122";4797 - Aşağıdaki lisans programlarından birinden mezun olmak. | 3122 - Beslenme ve Diyetetik;45a497bb-e6ff-e511-80c6-a0369f7d1486
2016;3;390160751;Malatya Halk Sağlığı Müdürlüğü;Diyetisyen;Malatya;Lisans;1;;84.083;84.083;"4797;3122";4797 - Aşağıdaki lisans programlarından birinden mezun olmak. | 3122 - Beslenme ve Diyetetik;43a497bb-e6ff-e511-80c6-a0369f7d1486
2016;3;390160541;İstanbul Güngören Toplum Sağlığı Merkezi;Diyetisyen;İstanbul;Lisans;1;;84.072;84.072;"4797;3122";4797 - Aşağıdaki lisans programlarından birinden mezun olmak. | 3122 - Beslenme ve Diyetetik;53a397bb-e6ff-e511-80c6-a0369f7d1486
2016;3;390160529;İstanbul Eyüp Toplum Sağlığı Merkezi;Diyetisyen;İstanbul;Lisans;1;;84.059;84.059;"4797;3122";4797 - Aşağıdaki lisans programlarından birinden mezun olmak. | 3122 - Beslenme ve Diyetetik;4da397bb-e6ff-e511-80c6-a0369f7d1486
2016;3;390160883;Osmaniye Kadirli Devlet Hastanesi;Diyetisyen;Osmaniye;Lisans;1;;84.046;84.046;"4797;3122";4797 - Aşağıdaki lisans programlarından birinden mezun olmak. | 3122 - Beslenme ve Diyetetik;4ea797bb-e6ff-e511-80c6-a0369f7d1486
2016;3;390160741;Malatya Battalgazi Toplum Sağlığı Merkezi;Diyetisyen;Malatya;Lisans;1;;83.993;83.993;"4797;3122";4797 - Aşağıdaki lisans programlarından birinden mezun olmak. | 3122 - Beslenme ve Diyetetik;3ea497bb-e6ff-e511-80c6-a0369f7d1486
2016;3;390160473;İstanbul Bahçelievler Toplum Sağlığı Merkezi;Psikolog;İstanbul;Lisans;1;;83.894;83.894;"4131;3286";4131 - Aşağıdaki lisans programlarından birinden mezun olmak. | 3286 - Psikoloji;31a397bb-e6ff-e511-80c6-a0369f7d1486
2016;3;390160667;Kahramanmaraş Onikişubat Toplum Sağlığı Merkezi;Diyetisyen;Kahramanmaraş;Lisans;2;;83.883;83.914;"4797;3122";4797 - Aşağıdaki lisans programlarından birinden mezun olmak. | 3122 - Beslenme ve Diyetetik;52a497bb-e6ff-e511-80c6-a0369f7d1486
2016;3;390160501;İstanbul Beylikduzu Toplum Sağlığı Merkezi;Diyetisyen;İstanbul;Lisans;1;;83.868;83.868;"4797;3122";4797 - Aşağıdaki lisans programlarından birinden mezun olmak. | 3122 - Beslenme ve Diyetetik;3fa397bb-e6ff-e511-80c6-a0369f7d1486
2016;3;390160385;Gümüşhane Halk Sağlığı Müdürlüğü;Diyetisyen;Gümüşhane;Lisans;1;;83.841;83.841;"4797;3122";4797 - Aşağıdaki lisans programlarından birinden mezun olmak. | 3122 - Beslenme ve Diyetetik;c9a297bb-e6ff-e511-80c6-a0369f7d1486
2016;3;390160657;Kahramanmaraş Elbistan Toplum Sağlığı Merkezi;Diyetisyen;Kahramanmaraş;Lisans;2;;83.81;84.039;"4797;3122";4797 - Aşağıdaki lisans programlarından birinden mezun olmak. | 3122 - Beslenme ve Diyetetik;4da497bb-e6ff-e511-80c6-a0369f7d1486
2016;3;390160295;Elazığ Merkez Toplum Sağlığı Merkezi;Diyetisyen;Elazığ;Lisans;1;;83.806;83.806;"4797;3122";4797 - Aşağıdaki lisans programlarından birinden mezun olmak. | 3122 - Beslenme ve Diyetetik;3fa297bb-e6ff-e511-80c6-a0369f7d1486
2016;3;390160745;Malatya Darende Toplum Sağlığı Merkezi;Diyetisyen;Malatya;Lisans;1;;83.777;83.777;"4797;3122";4797 - Aşağıdaki lisans programlarından birinden mezun olmak. | 3122 - Beslenme ve Diyetetik;40a497bb-e6ff-e511-80c6-a0369f7d1486
2016;3;390160247;Diyarbakır Ergani Toplum Sağlığı Merkezi;Diyetisyen;Diyarbakır;Lisans;1;;83.76;83.76;"4797;3122";4797 - Aşağıdaki lisans programlarından birinden mezun olmak. | 3122 - Beslenme ve Diyetetik;06a297bb-e6ff-e511-80c6-a0369f7d1486
2016;3;390160161;Bayburt Merkez Toplum Sağlığı Merkezi;Diyetisyen;Bayburt;Lisans;1;;83.751;83.751;"4797;3122";4797 - Aşağıdaki lisans programlarından birinden mezun olmak. | 3122 - Beslenme ve Diyetetik;b5a697bb-e6ff-e511-80c6-a0369f7d1486
2016;3;390160555;İstanbul Kağıthane Toplum Sağlığı Merkezi;Diyetisyen;İstanbul;Lisans;1;;83.749;83.749;"4797;3122";4797 - Aşağıdaki lisans programlarından birinden mezun olmak. | 3122 - Beslenme ve Diyetetik;5aa397bb-e6ff-e511-80c6-a0369f7d1486
2016;3;390160547;İstanbul Haseki Eğitim ve Araştırma Hastanesi;Sosyal Çalışmacı;İstanbul;Lisans;1;;83.736;83.736;"4177;6318;9403";4177 - Aşağıdaki lisans programlarından birinden mezun olmak. | 6318 - Sosyal Hizmetler / Sosyal Hizmet | 9403 - Sosyal Çalışmalar;56a397bb-e6ff-e511-80c6-a0369f7d1486
2016;3;390160369;Erzurum Yakutiye Toplum Sağlığı Merkezi;Diyetisyen;Erzurum;Lisans;1;;83.733;83.733;"4797;3122";4797 - Aşağıdaki lisans programlarından birinden mezun olmak. | 3122 - Beslenme ve Diyetetik;89a297bb-e6ff-e511-80c6-a0369f7d1486
2016;3;390160661;Kahramanmaraş Göksun Toplum Sağlığı Merkezi;Diyetisyen;Kahramanmaraş;Lisans;1;;83.725;83.725;"4797;3122";4797 - Aşağıdaki lisans programlarından birinden mezun olmak. | 3122 - Beslenme ve Diyetetik;4fa497bb-e6ff-e511-80c6-a0369f7d1486
2016;3;390161021;Sivas Yıldızeli Toplum Sağlığı Merkezi;Diyetisyen;Sivas;Lisans;1;;83.72;83.72;"4797;3122";4797 - Aşağıdaki lisans programlarından birinden mezun olmak. | 3122 - Beslenme ve Diyetetik;7ba597bb-e6ff-e511-80c6-a0369f7d1486
2016;3;390160867;Muş Merkez Toplum Sağlığı Merkezi;Diyetisyen;Muş;Lisans;1;;83.687;83.687;"4797;3122";4797 - Aşağıdaki lisans programlarından birinden mezun olmak. | 3122 - Beslenme ve Diyetetik;e0a497bb-e6ff-e511-80c6-a0369f7d1486
2016;3;390160643;Kahramanmaraş Afşin Devlet Hastanesi;Diyetisyen;Kahramanmaraş;Lisans;1;;83.685;83.685;"4797;3122";4797 - Aşağıdaki lisans programlarından birinden mezun olmak. | 3122 - Beslenme ve Diyetetik;46a497bb-e6ff-e511-80c6-a0369f7d1486
2016;3;390160129;Artvin Merkez Toplum Sağlığı Merkezi;Diyetisyen;Artvin;Lisans;1;;83.659;83.659;"4797;3122";4797 - Aşağıdaki lisans programlarından birinden mezun olmak. | 3122 - Beslenme ve Diyetetik;7ea197bb-e6ff-e511-80c6-a0369f7d1486
2016;3;390160155;Bayburt Devlet Hastanesi;Diyetisyen;Bayburt;Lisans;1;;83.608;83.608;"4797;3122";4797 - Aşağıdaki lisans programlarından birinden mezun olmak. | 3122 - Beslenme ve Diyetetik;b2a697bb-e6ff-e511-80c6-a0369f7d1486
2016;3;390161075;Şanlıurfa Çocuk Hastalıkları Hastanesi;Diyetisyen;Şanlıurfa;Lisans;1;;83.597;83.597;"4797;3122";4797 - Aşağıdaki lisans programlarından birinden mezun olmak. | 3122 - Beslenme ve Diyetetik;fba597bb-e6ff-e511-80c6-a0369f7d1486
2016;3;390160321;Erzurum Halk Sağlığı Müdürlüğü;Diyetisyen;Erzurum;Lisans;1;;83.546;83.546;"4797;3122";4797 - Aşağıdaki lisans programlarından birinden mezun olmak. | 3122 - Beslenme ve Diyetetik;71a297bb-e6ff-e511-80c6-a0369f7d1486
2016;3;390161079;Şanlıurfa Eyyubiye Toplum Sağlığı Merkezi;Diyetisyen;Şanlıurfa;Lisans;1;;83.546;83.546;"4797;3122";4797 - Aşağıdaki lisans programlarından birinden mezun olmak. | 3122 - Beslenme ve Diyetetik;fda597bb-e6ff-e511-80c6-a0369f7d1486
2016;3;390160343;Erzurum Oltu Toplum Sağlığı Merkezi;Diyetisyen;Erzurum;Lisans;1;;83.529;83.529;"4797;3122";4797 - Aşağıdaki lisans programlarından birinden mezun olmak. | 3122 - Beslenme ve Diyetetik;7ca297bb-e6ff-e511-80c6-a0369f7d1486
2016;3;390161285;Van Tuşba Toplum Sağlığı Merkezi;Diyetisyen;Van;Lisans;1;;83.461;83.461;"4797;3122";4797 - Aşağıdaki lisans programlarından birinden mezun olmak. | 3122 - Beslenme ve Diyetetik;7ba697bb-e6ff-e511-80c6-a0369f7d1486
2016;3;390160349;Erzurum Palandöken Toplum Sağlığı Merkezi;Diyetisyen;Erzurum;Lisans;2;;83.452;83.487;"4797;3122";4797 - Aşağıdaki lisans programlarından birinden mezun olmak. | 3122 - Beslenme ve Diyetetik;7fa297bb-e6ff-e511-80c6-a0369f7d1486
2016;3;390160355;Erzurum Pasinler Toplum Sağlığı Merkezi;Diyetisyen;Erzurum;Lisans;1;;83.386;83.386;"4797;3122";4797 - Aşağıdaki lisans programlarından birinden mezun olmak. | 3122 - Beslenme ve Diyetetik;82a297bb-e6ff-e511-80c6-a0369f7d1486
2016;3;390160703;Kars Sarıkamış Toplum Sağlığı Merkezi;Diyetisyen;Kars;Lisans;1;;83.34;83.34;"4797;3122";4797 - Aşağıdaki lisans programlarından birinden mezun olmak. | 3122 - Beslenme ve Diyetetik;dca397bb-e6ff-e511-80c6-a0369f7d1486
2016;3;390160697;Kars Kağızman Toplum Sağlığı Merkezi;Diyetisyen;Kars;Lisans;1;;83.322;83.322;"4797;3122";4797 - Aşağıdaki lisans programlarından birinden mezun olmak. | 3122 - Beslenme ve Diyetetik;d9a397bb-e6ff-e511-80c6-a0369f7d1486
2016;3;390161043;Şanlıurfa Birecik Toplum Sağlığı Merkezi;Diyetisyen;Şanlıurfa;Lisans;1;;83.3;83.3;"4797;3122";4797 - Aşağıdaki lisans programlarından birinden mezun olmak. | 3122 - Beslenme ve Diyetetik;eba597bb-e6ff-e511-80c6-a0369f7d1486
2016;3;390160005;Adıyaman Besni Gülsüm-Servi Erdemoğlu Toplum Sağlığı Merkezi;Diyetisyen;Adıyaman;Lisans;1;;83.276;83.276;"4797;3122";4797 - Aşağıdaki lisans programlarından birinden mezun olmak. | 3122 - Beslenme ve Diyetetik;02a197bb-e6ff-e511-80c6-a0369f7d1486
2016;3;390161103;Şanlıurfa Hilvan Toplum Sağlığı Merkezi;Diyetisyen;Şanlıurfa;Lisans;1;;83.274;83.274;"4797;3122";4797 - Aşağıdaki lisans programlarından birinden mezun olmak. | 3122 - Beslenme ve Diyetetik;09a697bb-e6ff-e511-80c6-a0369f7d1486
2016;3;390161255;Van Erciş Toplum Sağlığı Merkezi;Diyetisyen;Van;Lisans;1;;83.267;83.267;"4797;3122";4797 - Aşağıdaki lisans programlarından birinden mezun olmak. | 3122 - Beslenme ve Diyetetik;6ca697bb-e6ff-e511-80c6-a0369f7d1486
2016;3;390160293;Elazığ Kovancılar Toplum Sağlığı Merkezi;Diyetisyen;Elazığ;Lisans;1;;83.249;83.249;"4797;3122";4797 - Aşağıdaki lisans programlarından birinden mezun olmak. | 3122 - Beslenme ve Diyetetik;3ea297bb-e6ff-e511-80c6-a0369f7d1486
2016;3;390161051;Şanlıurfa Bozova Toplum Sağlığı Merkezi;Diyetisyen;Şanlıurfa;Lisans;1;;83.197;83.197;"4797;3122";4797 - Aşağıdaki lisans programlarından birinden mezun olmak. | 3122 - Beslenme ve Diyetetik;efa597bb-e6ff-e511-80c6-a0369f7d1486
2016;3;390160105;Aksaray Devlet Hastanesi;Fizyoterapist;Aksaray;Lisans;1;;83.188;83.188;"4587;3185;8344";4587 - Aşağıdaki lisans programlarından birinden mezun olmak. | 3185 - Fizik Tedavi ve Rehabilitasyon | 8344 - Fizyoterapi ve Rehabilitasyon;a3a697bb-e6ff-e511-80c6-a0369f7d1486
2016;3;390160609;İstanbul Şişli Hamidiye Etfal Eğitim ve Araştırma Hastanesi;Fizyoterapist;İstanbul;Lisans;1;;83.177;83.177;"4587;3185;8344";4587 - Aşağıdaki lisans programlarından birinden mezun olmak. | 3185 - Fizik Tedavi ve Rehabilitasyon | 8344 - Fizyoterapi ve Rehabilitasyon;75a397bb-e6ff-e511-80c6-a0369f7d1486
2016;3;390160719;Kilis Devlet Hastanesi;Diyetisyen;Kilis;Lisans;1;;83.166;83.166;"4797;3122";4797 - Aşağıdaki lisans programlarından birinden mezun olmak. | 3122 - Beslenme ve Diyetetik;4aa797bb-e6ff-e511-80c6-a0369f7d1486
2016;3;390160213;Bitlis Tatvan Toplum Sğlığı Merkezi;Diyetisyen;Bitlis;Lisans;1;;83.148;83.148;"4797;3122";4797 - Aşağıdaki lisans programlarından birinden mezun olmak. | 3122 - Beslenme ve Diyetetik;bba197bb-e6ff-e511-80c6-a0369f7d1486
2016;3;390160281;Diyarbakır Yenişehir Toplum Sağlığı Merkezi;Diyetisyen;Diyarbakır;Lisans;2;;83.148;83.692;"4797;3122";4797 - Aşağıdaki lisans programlarından birinden mezun olmak. | 3122 - Beslenme ve Diyetetik;17a297bb-e6ff-e511-80c6-a0369f7d1486
2016;3;390160303;Erzincan Sağlık Bakanlığı Erzincan Üniversitesi Mengücek Gazi Eğitim ve Araştırma Hastanesi;Diyetisyen;Erzincan;Lisans;1;;83.142;83.142;"4797;3122";4797 - Aşağıdaki lisans programlarından birinden mezun olmak. | 3122 - Beslenme ve Diyetetik;68a297bb-e6ff-e511-80c6-a0369f7d1486
2016;3;390161083;Şanlıurfa Halfeti Toplum Sağlığı Merkezi;Diyetisyen;Şanlıurfa;Lisans;1;;83.137;83.137;"4797;3122";4797 - Aşağıdaki lisans programlarından birinden mezun olmak. | 3122 - Beslenme ve Diyetetik;ffa597bb-e6ff-e511-80c6-a0369f7d1486
2016;3;390161241;Van Edremit Toplum Sağlığı Merkezi;Diyetisyen;Van;Lisans;1;;83.137;83.137;"4797;3122";4797 - Aşağıdaki lisans programlarından birinden mezun olmak. | 3122 - Beslenme ve Diyetetik;65a697bb-e6ff-e511-80c6-a0369f7d1486
2016;3;390160119;Ardahan Merkez Toplum Sağlığı Merkezi;Diyetisyen;Ardahan;Lisans;1;;83.115;83.115;"4797;3122";4797 - Aşağıdaki lisans programlarından birinden mezun olmak. | 3122 - Beslenme ve Diyetetik;13a797bb-e6ff-e511-80c6-a0369f7d1486
2016;3;390160227;Diyarbakır Bağlar Toplum Sağlığı Merkezi;Diyetisyen;Diyarbakır;Lisans;1;;83.115;83.115;"4797;3122";4797 - Aşağıdaki lisans programlarından birinden mezun olmak. | 3122 - Beslenme ve Diyetetik;fca197bb-e6ff-e511-80c6-a0369f7d1486
2016;3;390160447;Iğdır Merkez Toplum Sağlığı Merkezi;Diyetisyen;Iğdır;Lisans;1;;83.115;83.115;"4797;3122";4797 - Aşağıdaki lisans programlarından birinden mezun olmak. | 3122 - Beslenme ve Diyetetik;34a797bb-e6ff-e511-80c6-a0369f7d1486
2016;3;390160235;Diyarbakır Çermik Toplum Sağlığı Merkezi;Diyetisyen;Diyarbakır;Lisans;1;;83.076;83.076;"4797;3122";4797 - Aşağıdaki lisans programlarından birinden mezun olmak. | 3122 - Beslenme ve Diyetetik;00a297bb-e6ff-e511-80c6-a0369f7d1486
2016;3;390160169;Bingöl Genç Toplum Sağlığı Merkezi;Diyetisyen;Bingöl;Lisans;1;;83.073;83.073;"4797;3122";4797 - Aşağıdaki lisans programlarından birinden mezun olmak. | 3122 - Beslenme ve Diyetetik;a5a197bb-e6ff-e511-80c6-a0369f7d1486
2016;3;390160441;Iğdır Devlet Hastanesi;Diyetisyen;Iğdır;Lisans;1;;83.071;83.071;"4797;3122";4797 - Aşağıdaki lisans programlarından birinden mezun olmak. | 3122 - Beslenme ve Diyetetik;31a797bb-e6ff-e511-80c6-a0369f7d1486
2016;3;390160421;Hakkari Yüksekova Devlet Hastanesi;Diyetisyen;Hakkari;Lisans;1;;83.042;83.042;"4797;3122";4797 - Aşağıdaki lisans programlarından birinden mezun olmak. | 3122 - Beslenme ve Diyetetik;0ea397bb-e6ff-e511-80c6-a0369f7d1486
2016;3;390161063;Şanlıurfa Ceylanpınar Toplum Sağlığı Merkezi;Diyetisyen;Şanlıurfa;Lisans;1;;83.027;83.027;"4797;3122";4797 - Aşağıdaki lisans programlarından birinden mezun olmak. | 3122 - Beslenme ve Diyetetik;f5a597bb-e6ff-e511-80c6-a0369f7d1486
2016;3;390160277;Diyarbakır Sur Toplum Sağlığı Merkezi;Diyetisyen;Diyarbakır;Lisans;2;;83.016;84.756;"4797;3122";4797 - Aşağıdaki lisans programlarından birinden mezun olmak. | 3122 - Beslenme ve Diyetetik;15a297bb-e6ff-e511-80c6-a0369f7d1486
2016;3;390160075;Ağrı Merkez Toplum Sağlığı Merkezi;Diyetisyen;Ağrı;Lisans;1;;83.01;83.01;"4797;3122";4797 - Aşağıdaki lisans programlarından birinden mezun olmak. | 3122 - Beslenme ve Diyetetik;37a197bb-e6ff-e511-80c6-a0369f7d1486
2016;3;390160217;Bursa Dr.Ayten Bozkaya Spastik Çocuklar Hastanesi ve Rehabilitasyon Merkezi;Fizyoterapist;Bursa;Lisans;1;;82.968;82.968;"4587;3185;8344";4587 - Aşağıdaki lisans programlarından birinden mezun olmak. | 3185 - Fizik Tedavi ve Rehabilitasyon | 8344 - Fizyoterapi ve Rehabilitasyon;e5a197bb-e6ff-e511-80c6-a0369f7d1486
2016;3;390160785;Mardin Halk Sağlığı Müdürlüğü;Diyetisyen;Mardin;Lisans;2;;82.95;83.023;"4797;3122";4797 - Aşağıdaki lisans programlarından birinden mezun olmak. | 3122 - Beslenme ve Diyetetik;8ca497bb-e6ff-e511-80c6-a0369f7d1486
2016;3;390161151;Şanlıurfa Viranşehir Toplum Sağlığı Merkezi;Diyetisyen;Şanlıurfa;Lisans;1;;82.946;82.946;"4797;3122";4797 - Aşağıdaki lisans programlarından birinden mezun olmak. | 3122 - Beslenme ve Diyetetik;21a697bb-e6ff-e511-80c6-a0369f7d1486
2016;3;390160801;Mardin Mazıdağı Toplum Sağlığı Merkezi;Diyetisyen;Mardin;Lisans;1;;82.917;82.917;"4797;3122";4797 - Aşağıdaki lisans programlarından birinden mezun olmak. | 3122 - Beslenme ve Diyetetik;94a497bb-e6ff-e511-80c6-a0369f7d1486
2016;3;390161095;Şanlıurfa Harran Toplum Sağlığı Merkezi;Diyetisyen;Şanlıurfa;Lisans;1;;82.831;82.831;"4797;3122";4797 - Aşağıdaki lisans programlarından birinden mezun olmak. | 3122 - Beslenme ve Diyetetik;05a697bb-e6ff-e511-80c6-a0369f7d1486
2016;3;390160139;Batman Halk Sağlığı Müdürlüğü;Diyetisyen;Batman;Lisans;1;;82.816;82.816;"4797;3122";4797 - Aşağıdaki lisans programlarından birinden mezun olmak. | 3122 - Beslenme ve Diyetetik;bfa697bb-e6ff-e511-80c6-a0369f7d1486
2016;3;390161133;Şanlıurfa Suruç Toplum Sağlığı Merkezi;Diyetisyen;Şanlıurfa;Lisans;1;;82.798;82.798;"4797;3122";4797 - Aşağıdaki lisans programlarından birinden mezun olmak. | 3122 - Beslenme ve Diyetetik;18a697bb-e6ff-e511-80c6-a0369f7d1486
2016;3;390161233;Van Çaldıran Toplum Sağlığı Merkezi;Diyetisyen;Van;Lisans;1;;82.798;82.798;"4797;3122";4797 - Aşağıdaki lisans programlarından birinden mezun olmak. | 3122 - Beslenme ve Diyetetik;61a697bb-e6ff-e511-80c6-a0369f7d1486
2016;3;390160757;Mardin Artuklu Merkez Toplum Sağlığı Merkezi;Diyetisyen;Mardin;Lisans;1;;82.776;82.776;"4797;3122";4797 - Aşağıdaki lisans programlarından birinden mezun olmak. | 3122 - Beslenme ve Diyetetik;7ea497bb-e6ff-e511-80c6-a0369f7d1486
2016;3;390160239;Diyarbakır Çınar Toplum Sağlığı Merkezi;Diyetisyen;Diyarbakır;Lisans;1;;82.761;82.761;"4797;3122";4797 - Aşağıdaki lisans programlarından birinden mezun olmak. | 3122 - Beslenme ve Diyetetik;02a297bb-e6ff-e511-80c6-a0369f7d1486
2016;3;390161027;Şanlıurfa Akçakale Toplum Sağlığı Merkezi;Diyetisyen;Şanlıurfa;Lisans;1;;82.754;82.754;"4797;3122";4797 - Aşağıdaki lisans programlarından birinden mezun olmak. | 3122 - Beslenme ve Diyetetik;e3a597bb-e6ff-e511-80c6-a0369f7d1486
2016;3;390161273;Van Muradiye Toplum Sağlığı Merkezi;Diyetisyen;Van;Lisans;1;;82.75;82.75;"4797;3122";4797 - Aşağıdaki lisans programlarından birinden mezun olmak. | 3122 - Beslenme ve Diyetetik;75a697bb-e6ff-e511-80c6-a0369f7d1486
2016;3;390160043;Ağrı Diyadin Toplum Sağlığı Merkezi;Diyetisyen;Ağrı;Lisans;1;;82.664;82.664;"4797;3122";4797 - Aşağıdaki lisans programlarından birinden mezun olmak. | 3122 - Beslenme ve Diyetetik;27a197bb-e6ff-e511-80c6-a0369f7d1486
2016;3;390160837;Muş Devlet Hastanesi;Diyetisyen;Muş;Lisans;1;;82.644;82.644;"4797;3122";4797 - Aşağıdaki lisans programlarından birinden mezun olmak. | 3122 - Beslenme ve Diyetetik;d1a497bb-e6ff-e511-80c6-a0369f7d1486
2016;3;390160475;İstanbul Bakırköy Dr.Sadi Konuk Eğitim Araştırma Hastanesi;Fizyoterapist;İstanbul;Lisans;2;;82.598;86.559;"4587;3185;8344";4587 - Aşağıdaki lisans programlarından birinden mezun olmak. | 3185 - Fizik Tedavi ve Rehabilitasyon | 8344 - Fizyoterapi ve Rehabilitasyon;32a397bb-e6ff-e511-80c6-a0369f7d1486
2016;3;390160173;Bingöl Solhan Toplum Sağlığı Merkezi;Diyetisyen;Bingöl;Lisans;1;;82.596;82.596;"4797;3122";4797 - Aşağıdaki lisans programlarından birinden mezun olmak. | 3122 - Beslenme ve Diyetetik;a7a197bb-e6ff-e511-80c6-a0369f7d1486
2016;3;390160797;Mardin Kızıltepe Toplum Sağlığı Merkezi;Diyetisyen;Mardin;Lisans;2;;82.565;82.871;"4797;3122";4797 - Aşağıdaki lisans programlarından birinden mezun olmak. | 3122 - Beslenme ve Diyetetik;92a497bb-e6ff-e511-80c6-a0369f7d1486
2016;3;390160715;Kırıkkale Yüksek İhtisas Hastanesi;Fizyoterapist;Kırıkkale;Lisans;1;;82.517;82.517;"4587;3185;8344";4587 - Aşağıdaki lisans programlarından birinden mezun olmak. | 3185 - Fizik Tedavi ve Rehabilitasyon | 8344 - Fizyoterapi ve Rehabilitasyon;bca697bb-e6ff-e511-80c6-a0369f7d1486
2016;3;390160267;Diyarbakır Silvan Dr.Yusuf Azizoğlu Devlet Hastanesi;Diyetisyen;Diyarbakır;Lisans;1;;82.488;82.488;"4797;3122";4797 - Aşağıdaki lisans programlarından birinden mezun olmak. | 3122 - Beslenme ve Diyetetik;10a297bb-e6ff-e511-80c6-a0369f7d1486
2016;3;390160145;Batman Merkez 1 Nolu Toplum Sağlığı Merkezi;Diyetisyen;Batman;Lisans;2;;82.475;83.21;"4797;3122";4797 - Aşağıdaki lisans programlarından birinden mezun olmak. | 3122 - Beslenme ve Diyetetik;c2a697bb-e6ff-e511-80c6-a0369f7d1486
2016;3;390160201;Bitlis Merkez Toplum Sağlığı Merkezi;Diyetisyen;Bitlis;Lisans;1;;82.422;82.422;"4797;3122";4797 - Aşağıdaki lisans programlarından birinden mezun olmak. | 3122 - Beslenme ve Diyetetik;b5a197bb-e6ff-e511-80c6-a0369f7d1486
2016;3;390160181;Bitlis Ahlat Toplum Sağlığı Merkezi;Diyetisyen;Bitlis;Lisans;1;;82.4;82.4;"4797;3122";4797 - Aşağıdaki lisans programlarından birinden mezun olmak. | 3122 - Beslenme ve Diyetetik;aba197bb-e6ff-e511-80c6-a0369f7d1486
2016;3;390160521;İstanbul Eğitim ve Araştırma Hastanesi;Sosyal Çalışmacı;İstanbul;Lisans;1;;82.371;82.371;"4177;6318;9403";4177 - Aşağıdaki lisans programlarından birinden mezun olmak. | 6318 - Sosyal Hizmetler / Sosyal Hizmet | 9403 - Sosyal Çalışmalar;49a397bb-e6ff-e511-80c6-a0369f7d1486
2016;3;390161221;Tunceli Halk Sağlığı Mudurlugu;Diyetisyen;Tunceli;Lisans;1;;82.371;82.371;"4797;3122";4797 - Aşağıdaki lisans programlarından birinden mezun olmak. | 3122 - Beslenme ve Diyetetik;9ba597bb-e6ff-e511-80c6-a0369f7d1486
2016;3;390160029;Ağrı Devlet Hastanesi;Diyetisyen;Ağrı;Lisans;2;;82.341;82.492;"4797;3122";4797 - Aşağıdaki lisans programlarından birinden mezun olmak. | 3122 - Beslenme ve Diyetetik;20a197bb-e6ff-e511-80c6-a0369f7d1486
2016;3;390161003;Sivas Numune Hastanesi;Fizyoterapist;Sivas;Lisans;1;;82.279;82.279;"4587;3185;8344";4587 - Aşağıdaki lisans programlarından birinden mezun olmak. | 3185 - Fizik Tedavi ve Rehabilitasyon | 8344 - Fizyoterapi ve Rehabilitasyon;72a597bb-e6ff-e511-80c6-a0369f7d1486
2016;3;390160141;Batman Kadın Doğum Ve Çocuk Hastalıkları Hastanesi;Diyetisyen;Batman;Lisans;1;;82.257;82.257;"4797;3122";4797 - Aşağıdaki lisans programlarından birinden mezun olmak. | 3122 - Beslenme ve Diyetetik;c0a697bb-e6ff-e511-80c6-a0369f7d1486
2016;3;390160099;Ağrı Tutak Toplum Sağlığı Merkezi;Diyetisyen;Ağrı;Lisans;1;;82.235;82.235;"4797;3122";4797 - Aşağıdaki lisans programlarından birinden mezun olmak. | 3122 - Beslenme ve Diyetetik;43a197bb-e6ff-e511-80c6-a0369f7d1486
2016;3;390160491;İstanbul Bayrampaşa Toplum Sağlığı Merkezi;Psikolog;İstanbul;Lisans;1;;82.191;82.191;"4131;3286";4131 - Aşağıdaki lisans programlarından birinden mezun olmak. | 3286 - Psikoloji;3aa397bb-e6ff-e511-80c6-a0369f7d1486
2016;3;390160539;İstanbul Gaziosmanpaşa Toplum Sağlığı Merkezi;Psikolog;İstanbul;Lisans;1;;82.171;82.171;"4131;3286";4131 - Aşağıdaki lisans programlarından birinden mezun olmak. | 3286 - Psikoloji;52a397bb-e6ff-e511-80c6-a0369f7d1486
2016;3;390160877;Muş Varto Toplum Sağlığı Merkezi;Diyetisyen;Muş;Lisans;1;;82.162;82.162;"4797;3122";4797 - Aşağıdaki lisans programlarından birinden mezun olmak. | 3122 - Beslenme ve Diyetetik;e5a497bb-e6ff-e511-80c6-a0369f7d1486
2016;3;390160583;İstanbul Pendik Toplum Sağlığı Merkezi;Psikolog;İstanbul;Lisans;1;;82.156;82.156;"4131;3286";4131 - Aşağıdaki lisans programlarından birinden mezun olmak. | 3286 - Psikoloji;68a397bb-e6ff-e511-80c6-a0369f7d1486
2016;3;390160057;Ağrı Doğubeyazıt Toplum Sağlığı Merkezi;Diyetisyen;Ağrı;Lisans;1;;82.152;82.152;"4797;3122";4797 - Aşağıdaki lisans programlarından birinden mezun olmak. | 3122 - Beslenme ve Diyetetik;2ea197bb-e6ff-e511-80c6-a0369f7d1486
2016;3;390161181;Şırnak Halk Sağlığı Müdürlüğü;Diyetisyen;Şırnak;Lisans;1;;82.143;82.143;"4797;3122";4797 - Aşağıdaki lisans programlarından birinden mezun olmak. | 3122 - Beslenme ve Diyetetik;fea697bb-e6ff-e511-80c6-a0369f7d1486
2016;3;390160929;Siirt Devlet Hastanesi;Diyetisyen;Siirt;Lisans;1;;82.11;82.11;"4797;3122";4797 - Aşağıdaki lisans programlarından birinden mezun olmak. | 3122 - Beslenme ve Diyetetik;2ea597bb-e6ff-e511-80c6-a0369f7d1486
2016;3;390160949;Siirt Kurtalan Toplum Sağlığı Merkezi;Diyetisyen;Siirt;Lisans;1;;82.085;82.085;"4797;3122";4797 - Aşağıdaki lisans programlarından birinden mezun olmak. | 3122 - Beslenme ve Diyetetik;38a597bb-e6ff-e511-80c6-a0369f7d1486
2016;3;390160821;Mardin Savur Toplum Sağlığı Merkezi;Diyetisyen;Mardin;Lisans;1;;82.072;82.072;"4797;3122";4797 - Aşağıdaki lisans programlarından birinden mezun olmak. | 3122 - Beslenme ve Diyetetik;9ea497bb-e6ff-e511-80c6-a0369f7d1486
2016;3;390160829;Muş Bulanık Toplum Sağlığı Merkezi;Diyetisyen;Muş;Lisans;1;;82.072;82.072;"4797;3122";4797 - Aşağıdaki lisans programlarından birinden mezun olmak. | 3122 - Beslenme ve Diyetetik;cda497bb-e6ff-e511-80c6-a0369f7d1486
2016;3;390160143;Batman Kozluk Toplum Sağlığı Merkezi;Diyetisyen;Batman;Lisans;1;;82.033;82.033;"4797;3122";4797 - Aşağıdaki lisans programlarından birinden mezun olmak. | 3122 - Beslenme ve Diyetetik;c1a697bb-e6ff-e511-80c6-a0369f7d1486
2016;3;390160049;Ağrı Doğubeyazıt Dr.Yaşar Eryılmaz Devlet Hastanesi;Diyetisyen;Ağrı;Lisans;1;;82.013;82.013;"4797;3122";4797 - Aşağıdaki lisans programlarından birinden mezun olmak. | 3122 - Beslenme ve Diyetetik;2aa197bb-e6ff-e511-80c6-a0369f7d1486
2016;3;390160233;Diyarbakır Bismil Toplum Sağlığı Merkezi;Diyetisyen;Diyarbakır;Lisans;1;;82.0;82.0;"4797;3122";4797 - Aşağıdaki lisans programlarından birinden mezun olmak. | 3122 - Beslenme ve Diyetetik;ffa197bb-e6ff-e511-80c6-a0369f7d1486
2016;3;390160569;İstanbul Küçükçekmece Toplum Sağlığı Merkezi;Psikolog;İstanbul;Lisans;1;;81.997;81.997;"4131;3286";4131 - Aşağıdaki lisans programlarından birinden mezun olmak. | 3286 - Psikoloji;61a397bb-e6ff-e511-80c6-a0369f7d1486
2016;3;390160193;Bitlis Güroymak Toplum Sağlığı Merkezi;Diyetisyen;Bitlis;Lisans;1;;81.967;81.967;"4797;3122";4797 - Aşağıdaki lisans programlarından birinden mezun olmak. | 3122 - Beslenme ve Diyetetik;b1a197bb-e6ff-e511-80c6-a0369f7d1486
2016;3;390160485;İstanbul Başakşehir Toplum Sağlığı Merkezi;Psikolog;İstanbul;Lisans;1;;81.958;81.958;"4131;3286";4131 - Aşağıdaki lisans programlarından birinden mezun olmak. | 3286 - Psikoloji;37a397bb-e6ff-e511-80c6-a0369f7d1486
2016;3;390160619;İstanbul Tuzla Toplum Sağlığı Merkezi;Psikolog;İstanbul;Lisans;1;;81.953;81.953;"4131;3286";4131 - Aşağıdaki lisans programlarından birinden mezun olmak. | 3286 - Psikoloji;7aa397bb-e6ff-e511-80c6-a0369f7d1486
2016;3;390160599;İstanbul Sultanbeyli Toplum Sağlığı Merkezi;Psikolog;İstanbul;Lisans;1;;81.931;81.931;"4131;3286";4131 - Aşağıdaki lisans programlarından birinden mezun olmak. | 3286 - Psikoloji;70a397bb-e6ff-e511-80c6-a0369f7d1486
2016;3;390160943;Siirt Kurtalan Devlet Hastanesi;Diyetisyen;Siirt;Lisans;1;;81.896;81.896;"4797;3122";4797 - Aşağıdaki lisans programlarından birinden mezun olmak. | 3122 - Beslenme ve Diyetetik;35a597bb-e6ff-e511-80c6-a0369f7d1486
2016;3;390160271;Diyarbakır Silvan Toplum Sağlığı Merkezi;Diyetisyen;Diyarbakır;Lisans;1;;81.841;81.841;"4797;3122";4797 - Aşağıdaki lisans programlarından birinden mezun olmak. | 3122 - Beslenme ve Diyetetik;12a297bb-e6ff-e511-80c6-a0369f7d1486
2016;3;390160853;Muş Korkut Toplum Sağlığı Merkezi;Diyetisyen;Muş;Lisans;1;;81.826;81.826;"4797;3122";4797 - Aşağıdaki lisans programlarından birinden mezun olmak. | 3122 - Beslenme ve Diyetetik;d9a497bb-e6ff-e511-80c6-a0369f7d1486
2016;3;390160013;Adıyaman Merkez Toplum Sağlığı Merkezi;Psikolog;Adıyaman;Lisans;2;;81.788;85.04;"4131;3286";4131 - Aşağıdaki lisans programlarından birinden mezun olmak. | 3286 - Psikoloji;06a197bb-e6ff-e511-80c6-a0369f7d1486
2016;3;390161227;Van Başkale Toplum Sağlığı Merkezi;Diyetisyen;Van;Lisans;1;;81.782;81.782;"4797;3122";4797 - Aşağıdaki lisans programlarından birinden mezun olmak. | 3122 - Beslenme ve Diyetetik;5ea697bb-e6ff-e511-80c6-a0369f7d1486
2016;3;390160861;Muş Malazgirt Toplum Sağlığı Merkezi;Diyetisyen;Muş;Lisans;1;;81.742;81.742;"4797;3122";4797 - Aşağıdaki lisans programlarından birinden mezun olmak. | 3122 - Beslenme ve Diyetetik;dda497bb-e6ff-e511-80c6-a0369f7d1486
2016;3;390160811;Mardin Nusaybin Toplum Sağlığı Merkezi;Diyetisyen;Mardin;Lisans;1;;81.716;81.716;"4797;3122";4797 - Aşağıdaki lisans programlarından birinden mezun olmak. | 3122 - Beslenme ve Diyetetik;99a497bb-e6ff-e511-80c6-a0369f7d1486
2016;3;390160955;Siirt Merkez Toplum Sağlığı Merkezi;Diyetisyen;Siirt;Lisans;2;;81.663;82.363;"4797;3122";4797 - Aşağıdaki lisans programlarından birinden mezun olmak. | 3122 - Beslenme ve Diyetetik;3ba597bb-e6ff-e511-80c6-a0369f7d1486
2016;3;390160733;Konya Akşehir Devlet Hastanesi;Psikolog;Konya;Lisans;1;;81.63;81.63;"4131;3286";4131 - Aşağıdaki lisans programlarından birinden mezun olmak. | 3286 - Psikoloji;2da497bb-e6ff-e511-80c6-a0369f7d1486
2016;3;390160941;Siirt Halk Sağlığı Müdürlüğü;Diyetisyen;Siirt;Lisans;1;;81.527;81.527;"4797;3122";4797 - Aşağıdaki lisans programlarından birinden mezun olmak. | 3122 - Beslenme ve Diyetetik;34a597bb-e6ff-e511-80c6-a0369f7d1486
2016;3;390160261;Diyarbakır Kayapınar Toplum Sağlığı Merkezi;Psikolog;Diyarbakır;Lisans;1;;81.489;81.489;"4131;3286";4131 - Aşağıdaki lisans programlarından birinden mezun olmak. | 3286 - Psikoloji;0da297bb-e6ff-e511-80c6-a0369f7d1486
2016;3;390161213;Tekirdağ Çorlu Devlet Hastanesi;Sosyal Çalışmacı;Tekirdağ;Lisans;1;;81.384;81.384;"4177;6318;9403";4177 - Aşağıdaki lisans programlarından birinden mezun olmak. | 6318 - Sosyal Hizmetler / Sosyal Hizmet | 9403 - Sosyal Çalışmalar;90a597bb-e6ff-e511-80c6-a0369f7d1486
2016;3;390160409;Hakkari Merkez Toplum Sağlığı Merkezi;Diyetisyen;Hakkari;Lisans;1;;81.381;81.381;"4797;3122";4797 - Aşağıdaki lisans programlarından birinden mezun olmak. | 3122 - Beslenme ve Diyetetik;08a397bb-e6ff-e511-80c6-a0369f7d1486
2016;3;390160965;Siirt Pervari Toplum Sağlığı Merkezi;Diyetisyen;Siirt;Lisans;1;;81.359;81.359;"4797;3122";4797 - Aşağıdaki lisans programlarından birinden mezun olmak. | 3122 - Beslenme ve Diyetetik;40a597bb-e6ff-e511-80c6-a0369f7d1486
2016;3;390160283;Diyarbakır Yenişehir Toplum Sağlığı Merkezi;Psikolog;Diyarbakır;Lisans;1;;81.311;81.311;"4131;3286";4131 - Aşağıdaki lisans programlarından birinden mezun olmak. | 3286 - Psikoloji;18a297bb-e6ff-e511-80c6-a0369f7d1486
2016;3;390161279;Van Özalp Toplum Sağlığı Merkezi;Diyetisyen;Van;Lisans;1;;81.302;81.302;"4797;3122";4797 - Aşağıdaki lisans programlarından birinden mezun olmak. | 3122 - Beslenme ve Diyetetik;78a697bb-e6ff-e511-80c6-a0369f7d1486
2016;3;390160407;Hakkari Halk Sağlığı Müdürlüğü;Diyetisyen;Hakkari;Lisans;1;;81.3;81.3;"4797;3122";4797 - Aşağıdaki lisans programlarından birinden mezun olmak. | 3122 - Beslenme ve Diyetetik;07a397bb-e6ff-e511-80c6-a0369f7d1486
2016;3;390161131;Şanlıurfa Suruç Devlet Hastanesi;Sosyal Çalışmacı;Şanlıurfa;Lisans;1;;81.234;81.234;"4177;6318;9403";4177 - Aşağıdaki lisans programlarından birinden mezun olmak. | 6318 - Sosyal Hizmetler / Sosyal Hizmet | 9403 - Sosyal Çalışmalar;17a697bb-e6ff-e511-80c6-a0369f7d1486
2016;3;390161037;Şanlıurfa Balıklıgöl Devlet Hastanesi;Psikolog;Şanlıurfa;Lisans;1;;81.221;81.221;"4131;3286";4131 - Aşağıdaki lisans programlarından birinden mezun olmak. | 3286 - Psikoloji;e8a597bb-e6ff-e511-80c6-a0369f7d1486
2016;3;390160107;Amasya T.C. Sağlık Bakanlığı - Amasya Üniversitesi Sabuncuoğlu Şerefeddin Eğitim Ve Araş.Hastanesi;Sosyal Çalışmacı;Amasya;Lisans;1;;81.15;81.15;"4177;6318;9403";4177 - Aşağıdaki lisans programlarından birinden mezun olmak. | 6318 - Sosyal Hizmetler / Sosyal Hizmet | 9403 - Sosyal Çalışmalar;7ba197bb-e6ff-e511-80c6-a0369f7d1486
2016;3;390161169;Şırnak Cizre Toplum Sağlığı Merkezi;Diyetisyen;Şırnak;Lisans;1;;81.012;81.012;"4797;3122";4797 - Aşağıdaki lisans programlarından birinden mezun olmak. | 3122 - Beslenme ve Diyetetik;f8a697bb-e6ff-e511-80c6-a0369f7d1486
2016;3;390161067;Şanlıurfa Ceylanpınar Toplum Sağlığı Merkezi;Psikolog;Şanlıurfa;Lisans;1;;81.001;81.001;"4131;3286";4131 - Aşağıdaki lisans programlarından birinden mezun olmak. | 3286 - Psikoloji;f7a597bb-e6ff-e511-80c6-a0369f7d1486
2016;3;390160665;Kahramanmaraş Necip Fazıl Şehir Hastanesi;Sosyal Çalışmacı;Kahramanmaraş;Lisans;1;;80.979;80.979;"4177;6318;9403";4177 - Aşağıdaki lisans programlarından birinden mezun olmak. | 6318 - Sosyal Hizmetler / Sosyal Hizmet | 9403 - Sosyal Çalışmalar;51a497bb-e6ff-e511-80c6-a0369f7d1486
2016;3;390161187;Şırnak İdil Toplum Sağlığı Merkezi;Diyetisyen;Şırnak;Lisans;1;;80.961;80.961;"4797;3122";4797 - Aşağıdaki lisans programlarından birinden mezun olmak. | 3122 - Beslenme ve Diyetetik;01a797bb-e6ff-e511-80c6-a0369f7d1486
2016;3;390160279;Diyarbakır Sur Toplum Sağlığı Merkezi;Psikolog;Diyarbakır;Lisans;1;;80.917;80.917;"4131;3286";4131 - Aşağıdaki lisans programlarından birinden mezun olmak. | 3286 - Psikoloji;16a297bb-e6ff-e511-80c6-a0369f7d1486
2016;3;390161203;Şırnak Silopi Toplum Sağlığı Merkezi;Diyetisyen;Şırnak;Lisans;1;;80.886;80.886;"4797;3122";4797 - Aşağıdaki lisans programlarından birinden mezun olmak. | 3122 - Beslenme ve Diyetetik;09a797bb-e6ff-e511-80c6-a0369f7d1486
2016;3;390161269;Van İpekyolu Toplum Sağlığı Merkezi;Psikolog;Van;Lisans;1;;80.776;80.776;"4131;3286";4131 - Aşağıdaki lisans programlarından birinden mezun olmak. | 3286 - Psikoloji;73a697bb-e6ff-e511-80c6-a0369f7d1486
2016;3;390160427;Hakkari Yüksekova Toplum Sağlığı Merkezi;Diyetisyen;Hakkari;Lisans;1;;80.754;80.754;"4797;3122";4797 - Aşağıdaki lisans programlarından birinden mezun olmak. | 3122 - Beslenme ve Diyetetik;11a397bb-e6ff-e511-80c6-a0369f7d1486
2016;3;390160669;Kahramanmaraş Onikişubat Toplum Sağlığı Merkezi;Psikolog;Kahramanmaraş;Lisans;2;;80.704;81.549;"4131;3286";4131 - Aşağıdaki lisans programlarından birinden mezun olmak. | 3286 - Psikoloji;53a497bb-e6ff-e511-80c6-a0369f7d1486
2016;3;390161193;Şırnak Merkez Toplum Sağlığı Merkezi;Diyetisyen;Şırnak;Lisans;1;;80.691;80.691;"4797;3122";4797 - Aşağıdaki lisans programlarından birinden mezun olmak. | 3122 - Beslenme ve Diyetetik;04a797bb-e6ff-e511-80c6-a0369f7d1486
2016;3;390160307;Erzincan Sağlık Bakanlığı Erzincan Üniversitesi Mengücek Gazi Eğitim ve Araştırma Hastanesi;Sosyal Çalışmacı;Erzincan;Lisans;1;;80.655;80.655;"4177;6318;9403";4177 - Aşağıdaki lisans programlarından birinden mezun olmak. | 6318 - Sosyal Hizmetler / Sosyal Hizmet | 9403 - Sosyal Çalışmalar;6aa297bb-e6ff-e511-80c6-a0369f7d1486
2016;3;390161215;Tokat Erbaa Devlet Hastanesi;Sosyal Çalışmacı;Tokat;Lisans;1;;80.644;80.644;"4177;6318;9403";4177 - Aşağıdaki lisans programlarından birinden mezun olmak. | 6318 - Sosyal Hizmetler / Sosyal Hizmet | 9403 - Sosyal Çalışmalar;91a597bb-e6ff-e511-80c6-a0369f7d1486
2016;3;390160389;Gümüşhane Merkez Toplum Sağlığı Merkezi;Psikolog;Gümüşhane;Lisans;1;;80.536;80.536;"4131;3286";4131 - Aşağıdaki lisans programlarından birinden mezun olmak. | 3286 - Psikoloji;cba297bb-e6ff-e511-80c6-a0369f7d1486
2016;3;390160845;Muş Devlet Hastanesi;Sosyal Çalışmacı;Muş;Lisans;1;;80.521;80.521;"4177;6318;9403";4177 - Aşağıdaki lisans programlarından birinden mezun olmak. | 6318 - Sosyal Hizmetler / Sosyal Hizmet | 9403 - Sosyal Çalışmalar;d5a497bb-e6ff-e511-80c6-a0369f7d1486
2016;3;390160305;Erzincan Sağlık Bakanlığı Erzincan Üniversitesi Mengücek Gazi Eğitim ve Araştırma Hastanesi;Fizyoterapist;Erzincan;Lisans;1;;80.517;80.517;"4587;3185;8344";4587 - Aşağıdaki lisans programlarından birinden mezun olmak. | 3185 - Fizik Tedavi ve Rehabilitasyon | 8344 - Fizyoterapi ve Rehabilitasyon;69a297bb-e6ff-e511-80c6-a0369f7d1486
2016;3;390160591;İstanbul Silivri Devlet Hastanesi;Fizyoterapist;İstanbul;Lisans;1;;80.495;80.495;"4587;3185;8344";4587 - Aşağıdaki lisans programlarından birinden mezun olmak. | 3185 - Fizik Tedavi ve Rehabilitasyon | 8344 - Fizyoterapi ve Rehabilitasyon;6ca397bb-e6ff-e511-80c6-a0369f7d1486
2016;3;390160287;Edirne Uzunköprü Devlet Hastanesi;Fizyoterapist;Edirne;Lisans;1;;80.402;80.402;"4587;3185;8344";4587 - Aşağıdaki lisans programlarından birinden mezun olmak. | 3185 - Fizik Tedavi ve Rehabilitasyon | 8344 - Fizyoterapi ve Rehabilitasyon;3ba297bb-e6ff-e511-80c6-a0369f7d1486
2016;3;390160915;Samsun Fiziksel Tıp Rehabilitasyon Hastalıkları Hastanesi;Fizyoterapist;Samsun;Lisans;1;;80.4;80.4;"4587;3185;8344";4587 - Aşağıdaki lisans programlarından birinden mezun olmak. | 3185 - Fizik Tedavi ve Rehabilitasyon | 8344 - Fizyoterapi ve Rehabilitasyon;27a597bb-e6ff-e511-80c6-a0369f7d1486
2016;3;390160655;Kahramanmaraş Elbistan Devlet Hastanesi;Sosyal Çalışmacı;Kahramanmaraş;Lisans;1;;80.389;80.389;"4177;6318;9403";4177 - Aşağıdaki lisans programlarından birinden mezun olmak. | 6318 - Sosyal Hizmetler / Sosyal Hizmet | 9403 - Sosyal Çalışmalar;4ca497bb-e6ff-e511-80c6-a0369f7d1486
2016;3;390160317;Erzurum Bölge Eğitim ve Araştırma Hastanesi;Psikolog;Erzurum;Lisans;1;;80.358;80.358;"4131;3286";4131 - Aşağıdaki lisans programlarından birinden mezun olmak. | 3286 - Psikoloji;6fa297bb-e6ff-e511-80c6-a0369f7d1486
2016;3;390160971;Sinop Atatürk Devlet Hastanesi;Fizyoterapist;Sinop;Lisans;1;;80.349;80.349;"4587;3185;8344";4587 - Aşağıdaki lisans programlarından birinden mezun olmak. | 3185 - Fizik Tedavi ve Rehabilitasyon | 8344 - Fizyoterapi ve Rehabilitasyon;62a597bb-e6ff-e511-80c6-a0369f7d1486
2016;3;390160301;Elazığ Ruh Sağlığı ve Hastalıkları Hastanesi;Psikolog;Elazığ;Lisans;2;;80.316;80.803;"4131;3286";4131 - Aşağıdaki lisans programlarından birinden mezun olmak. | 3286 - Psikoloji;42a297bb-e6ff-e511-80c6-a0369f7d1486
2016;3;390160691;Kars Harakani Devlet Hastanesi;Sosyal Çalışmacı;Kars;Lisans;1;;80.272;80.272;"4177;6318;9403";4177 - Aşağıdaki lisans programlarından birinden mezun olmak. | 6318 - Sosyal Hizmetler / Sosyal Hizmet | 9403 - Sosyal Çalışmalar;d6a397bb-e6ff-e511-80c6-a0369f7d1486
2016;3;390160251;Diyarbakır Ergani Toplum Sağlığı Merkezi;Psikolog;Diyarbakır;Lisans;1;;80.261;80.261;"4131;3286";4131 - Aşağıdaki lisans programlarından birinden mezun olmak. | 3286 - Psikoloji;08a297bb-e6ff-e511-80c6-a0369f7d1486
2016;3;390160185;Bitlis Devlet Hastanesi;Fizyoterapist;Bitlis;Lisans;1;;80.202;80.202;"4587;3185;8344";4587 - Aşağıdaki lisans programlarından birinden mezun olmak. | 3185 - Fizik Tedavi ve Rehabilitasyon | 8344 - Fizyoterapi ve Rehabilitasyon;ada197bb-e6ff-e511-80c6-a0369f7d1486
2016;3;390161091;Şanlıurfa Haliliye Toplum Sağlığı Merkezi;Psikolog;Şanlıurfa;Lisans;1;;80.187;80.187;"4131;3286";4131 - Aşağıdaki lisans programlarından birinden mezun olmak. | 3286 - Psikoloji;03a697bb-e6ff-e511-80c6-a0369f7d1486
2016;3;390160625;İstanbul Ümraniye Eğitim Ve Araştırma Hastanesi;Odyolog;İstanbul;Lisans;1;;80.173;80.173;"4602;9267;7333";4602 - Aşağıdaki lisans programlarından birinden mezun olmak. | 9267 - Odyoloji | 7333 - (Bakınız Başvurma Özel Şartları Bölümü Odyolog);7da397bb-e6ff-e511-80c6-a0369f7d1486
2016;3;390160275;Diyarbakır Silvan Toplum Sağlığı Merkezi;Psikolog;Diyarbakır;Lisans;1;;80.147;80.147;"4131;3286";4131 - Aşağıdaki lisans programlarından birinden mezun olmak. | 3286 - Psikoloji;14a297bb-e6ff-e511-80c6-a0369f7d1486
2016;3;390160341;Erzurum Oltu Devlet Hastanesi;Psikolog;Erzurum;Lisans;1;;80.09;80.09;"4131;3286";4131 - Aşağıdaki lisans programlarından birinden mezun olmak. | 3286 - Psikoloji;7ba297bb-e6ff-e511-80c6-a0369f7d1486
2016;3;390160653;Kahramanmaraş Elbistan Devlet Hastanesi;Psikolog;Kahramanmaraş;Lisans;1;;80.068;80.068;"4131;3286";4131 - Aşağıdaki lisans programlarından birinden mezun olmak. | 3286 - Psikoloji;4ba497bb-e6ff-e511-80c6-a0369f7d1486
2016;3;390160721;Kilis Devlet Hastanesi;Fizyoterapist;Kilis;Lisans;2;;80.063;81.399;"4587;3185;8344";4587 - Aşağıdaki lisans programlarından birinden mezun olmak. | 3185 - Fizik Tedavi ve Rehabilitasyon | 8344 - Fizyoterapi ve Rehabilitasyon;4ba797bb-e6ff-e511-80c6-a0369f7d1486
2016;3;390160651;Kahramanmaraş Elbistan Devlet Hastanesi;Fizyoterapist;Kahramanmaraş;Lisans;1;;80.061;80.061;"4587;3185;8344";4587 - Aşağıdaki lisans programlarından birinden mezun olmak. | 3185 - Fizik Tedavi ve Rehabilitasyon | 8344 - Fizyoterapi ve Rehabilitasyon;4aa497bb-e6ff-e511-80c6-a0369f7d1486
2016;3;390161011;Sivas Numune Hastanesi;Sosyal Çalışmacı;Sivas;Lisans;1;;80.019;80.019;"4177;6318;9403";4177 - Aşağıdaki lisans programlarından birinden mezun olmak. | 6318 - Sosyal Hizmetler / Sosyal Hizmet | 9403 - Sosyal Çalışmalar;76a597bb-e6ff-e511-80c6-a0369f7d1486
2016;3;390161219;Trabzon Maçka Ömer Burhanoğlu Fizik Tedavi ve Rehabilitasyon Hastanesi;Fizyoterapist;Trabzon;Lisans;1;;79.964;79.964;"4587;3185;8344";4587 - Aşağıdaki lisans programlarından birinden mezun olmak. | 3185 - Fizik Tedavi ve Rehabilitasyon | 8344 - Fizyoterapi ve Rehabilitasyon;9aa597bb-e6ff-e511-80c6-a0369f7d1486
2016;3;390160149;Batman Merkez 1 Nolu Toplum Sağlığı Merkezi;Psikolog;Batman;Lisans;2;;79.94;80.693;"4131;3286";4131 - Aşağıdaki lisans programlarından birinden mezun olmak. | 3286 - Psikoloji;c4a697bb-e6ff-e511-80c6-a0369f7d1486
2016;3;390160171;Bingöl Halk Sağlığı Müdürlüğü;Psikolog;Bingöl;Lisans;1;;79.901;79.901;"4131;3286";4131 - Aşağıdaki lisans programlarından birinden mezun olmak. | 3286 - Psikoloji;a6a197bb-e6ff-e511-80c6-a0369f7d1486
2016;3;390161015;Sivas Suşehri Devlet Hastanesi;Psikolog;Sivas;Lisans;1;;79.879;79.879;"4131;3286";4131 - Aşağıdaki lisans programlarından birinden mezun olmak. | 3286 - Psikoloji;78a597bb-e6ff-e511-80c6-a0369f7d1486
2016;3;390160895;Rize T.C. Sağlık Bakanlığı Rize Khb Recep Tayyip Erdoğan Üniversitesi Eğitim ve Araştırma Hastanesi;Fizyoterapist;Rize;Lisans;2;;79.83;80.435;"4587;3185;8344";4587 - Aşağıdaki lisans programlarından birinden mezun olmak. | 3185 - Fizik Tedavi ve Rehabilitasyon | 8344 - Fizyoterapi ve Rehabilitasyon;17a597bb-e6ff-e511-80c6-a0369f7d1486
2016;3;390161287;Van Tuşba Toplum Sağlığı Merkezi;Psikolog;Van;Lisans;1;;79.797;79.797;"4131;3286";4131 - Aşağıdaki lisans programlarından birinden mezun olmak. | 3286 - Psikoloji;7ca697bb-e6ff-e511-80c6-a0369f7d1486
2016;3;390160763;Mardin Artuklu Merkez Toplum Sağlığı Merkezi;Psikolog;Mardin;Lisans;1;;79.698;79.698;"4131;3286";4131 - Aşağıdaki lisans programlarından birinden mezun olmak. | 3286 - Psikoloji;81a497bb-e6ff-e511-80c6-a0369f7d1486
2016;3;390160055;Ağrı Doğubeyazıt Dr.Yaşar Eryılmaz Devlet Hastanesi;Sosyal Çalışmacı;Ağrı;Lisans;1;;79.639;79.639;"4177;6318;9403";4177 - Aşağıdaki lisans programlarından birinden mezun olmak. | 6318 - Sosyal Hizmetler / Sosyal Hizmet | 9403 - Sosyal Çalışmalar;2da197bb-e6ff-e511-80c6-a0369f7d1486
2016;3;390160011;Adıyaman Kahta Toplum Sağlığı Merkezi;Psikolog;Adıyaman;Lisans;1;;79.608;79.608;"4131;3286";4131 - Aşağıdaki lisans programlarından birinden mezun olmak. | 3286 - Psikoloji;05a197bb-e6ff-e511-80c6-a0369f7d1486
2016;3;390160115;Ardahan Devlet Hastanesi;Psikolog;Ardahan;Lisans;1;;79.54;79.54;"4131;3286";4131 - Aşağıdaki lisans programlarından birinden mezun olmak. | 3286 - Psikoloji;11a797bb-e6ff-e511-80c6-a0369f7d1486
2016;3;390160997;Sivas Merkez İbn-İ Sina Toplum Sağlığı Merkezi;Psikolog;Sivas;Lisans;1;;79.507;79.507;"4131;3286";4131 - Aşağıdaki lisans programlarından birinden mezun olmak. | 3286 - Psikoloji;6fa597bb-e6ff-e511-80c6-a0369f7d1486
2016;3;390160159;Bayburt Halk Sağlığı Müdürlüğü;Psikolog;Bayburt;Lisans;1;;79.441;79.441;"4131;3286";4131 - Aşağıdaki lisans programlarından birinden mezun olmak. | 3286 - Psikoloji;b4a697bb-e6ff-e511-80c6-a0369f7d1486
2016;3;390161127;Şanlıurfa Siverek Toplum Sağlığı Merkezi;Psikolog;Şanlıurfa;Lisans;1;;79.438;79.438;"4131;3286";4131 - Aşağıdaki lisans programlarından birinden mezun olmak. | 3286 - Psikoloji;15a697bb-e6ff-e511-80c6-a0369f7d1486
2016;3;390160297;Elazığ Merkez Toplum Sağlığı Merkezi;Psikolog;Elazığ;Lisans;2;;79.414;79.923;"4131;3286";4131 - Aşağıdaki lisans programlarından birinden mezun olmak. | 3286 - Psikoloji;40a297bb-e6ff-e511-80c6-a0369f7d1486
2016;3;390160753;Malatya Halk Sağlığı Müdürlüğü;Psikolog;Malatya;Lisans;2;;79.408;81.043;"4131;3286";4131 - Aşağıdaki lisans programlarından birinden mezun olmak. | 3286 - Psikoloji;44a497bb-e6ff-e511-80c6-a0369f7d1486
2016;3;390161243;Van Edremit Toplum Sağlığı Merkezi;Psikolog;Van;Lisans;1;;79.401;79.401;"4131;3286";4131 - Aşağıdaki lisans programlarından birinden mezun olmak. | 3286 - Psikoloji;66a697bb-e6ff-e511-80c6-a0369f7d1486
2016;3;390160433;Hakkari Yüksekova Toplum Sağlığı Merkezi;Psikolog;Hakkari;Lisans;1;;79.142;79.142;"4131;3286";4131 - Aşağıdaki lisans programlarından birinden mezun olmak. | 3286 - Psikoloji;14a397bb-e6ff-e511-80c6-a0369f7d1486
2016;3;390160323;Erzurum Halk Sağlığı Müdürlüğü;Psikolog;Erzurum;Lisans;1;;79.119;79.119;"4131;3286";4131 - Aşağıdaki lisans programlarından birinden mezun olmak. | 3286 - Psikoloji;72a297bb-e6ff-e511-80c6-a0369f7d1486
2016;3;390160037;Ağrı Devlet Hastanesi;Psikolog;Ağrı;Lisans;1;;79.091;79.091;"4131;3286";4131 - Aşağıdaki lisans programlarından birinden mezun olmak. | 3286 - Psikoloji;24a197bb-e6ff-e511-80c6-a0369f7d1486
2016;3;390160787;Mardin Halk Sağlığı Müdürlüğü;Psikolog;Mardin;Lisans;1;;79.065;79.065;"4131;3286";4131 - Aşağıdaki lisans programlarından birinden mezun olmak. | 3286 - Psikoloji;8da497bb-e6ff-e511-80c6-a0369f7d1486
2016;3;390160743;Malatya Battalgazi Toplum Sağlığı Merkezi;Psikolog;Malatya;Lisans;1;;79.06;79.06;"4131;3286";4131 - Aşağıdaki lisans programlarından birinden mezun olmak. | 3286 - Psikoloji;3fa497bb-e6ff-e511-80c6-a0369f7d1486
2016;3;390160777;Mardin Derik Toplum Sağlığı Merkezi;Psikolog;Mardin;Lisans;1;;78.994;78.994;"4131;3286";4131 - Aşağıdaki lisans programlarından birinden mezun olmak. | 3286 - Psikoloji;88a497bb-e6ff-e511-80c6-a0369f7d1486
2016;3;390161155;Şanlıurfa Viranşehir Toplum Sağlığı Merkezi;Psikolog;Şanlıurfa;Lisans;1;;78.992;78.992;"4131;3286";4131 - Aşağıdaki lisans programlarından birinden mezun olmak. | 3286 - Psikoloji;23a697bb-e6ff-e511-80c6-a0369f7d1486
2016;3;390160033;Ağrı Devlet Hastanesi;Fizyoterapist;Ağrı;Lisans;2;;78.922;78.979;"4587;3185;8344";4587 - Aşağıdaki lisans programlarından birinden mezun olmak. | 3185 - Fizik Tedavi ve Rehabilitasyon | 8344 - Fizyoterapi ve Rehabilitasyon;22a197bb-e6ff-e511-80c6-a0369f7d1486
2016;3;390160685;Kars Harakani Devlet Hastanesi;Fizyoterapist;Kars;Lisans;2;;78.805;79.535;"4587;3185;8344";4587 - Aşağıdaki lisans programlarından birinden mezun olmak. | 3185 - Fizik Tedavi ve Rehabilitasyon | 8344 - Fizyoterapi ve Rehabilitasyon;d3a397bb-e6ff-e511-80c6-a0369f7d1486
2016;3;390160079;Ağrı Merkez Toplum Sağlığı Merkezi;Psikolog;Ağrı;Lisans;1;;78.734;78.734;"4131;3286";4131 - Aşağıdaki lisans programlarından birinden mezun olmak. | 3286 - Psikoloji;39a197bb-e6ff-e511-80c6-a0369f7d1486
2016;3;390160953;Siirt Kurtalan Toplum Sağlığı Merkezi;Psikolog;Siirt;Lisans;1;;78.699;78.699;"4131;3286";4131 - Aşağıdaki lisans programlarından birinden mezun olmak. | 3286 - Psikoloji;3aa597bb-e6ff-e511-80c6-a0369f7d1486
2016;3;390160351;Erzurum Palandöken Toplum Sağlığı Merkezi;Psikolog;Erzurum;Lisans;1;;78.69;78.69;"4131;3286";4131 - Aşağıdaki lisans programlarından birinden mezun olmak. | 3286 - Psikoloji;80a297bb-e6ff-e511-80c6-a0369f7d1486
2016;3;390161055;Şanlıurfa Bozova Toplum Sağlığı Merkezi;Psikolog;Şanlıurfa;Lisans;1;;78.679;78.679;"4131;3286";4131 - Aşağıdaki lisans programlarından birinden mezun olmak. | 3286 - Psikoloji;f1a597bb-e6ff-e511-80c6-a0369f7d1486
2016;3;390160061;Ağrı Doğubeyazıt Toplum Sağlığı Merkezi;Psikolog;Ağrı;Lisans;1;;78.633;78.633;"4131;3286";4131 - Aşağıdaki lisans programlarından birinden mezun olmak. | 3286 - Psikoloji;30a197bb-e6ff-e511-80c6-a0369f7d1486
2016;3;390160517;İstanbul Eğitim ve Araştırma Hastanesi;Odyolog;İstanbul;Lisans;1;;78.594;78.594;"4602;9267;7333";4602 - Aşağıdaki lisans programlarından birinden mezun olmak. | 9267 - Odyoloji | 7333 - (Bakınız Başvurma Özel Şartları Bölümü Odyolog);47a397bb-e6ff-e511-80c6-a0369f7d1486
2016;3;390160959;Siirt Merkez Toplum Sağlığı Merkezi;Psikolog;Siirt;Lisans;1;;78.576;78.576;"4131;3286";4131 - Aşağıdaki lisans programlarından birinden mezun olmak. | 3286 - Psikoloji;3da597bb-e6ff-e511-80c6-a0369f7d1486
2016;3;390160085;Ağrı Patnos Devlet Hastanesi;Psikolog;Ağrı;Lisans;1;;78.539;78.539;"4131;3286";4131 - Aşağıdaki lisans programlarından birinden mezun olmak. | 3286 - Psikoloji;3ca197bb-e6ff-e511-80c6-a0369f7d1486
2016;3;390160649;Kahramanmaraş Dulkadiroğlu Toplum Sağlığı Merkezi;Psikolog;Kahramanmaraş;Lisans;2;;78.527;79.342;"4131;3286";4131 - Aşağıdaki lisans programlarından birinden mezun olmak. | 3286 - Psikoloji;49a497bb-e6ff-e511-80c6-a0369f7d1486
2016;3;390160813;Mardin Nusaybin Toplum Sağlığı Merkezi;Psikolog;Mardin;Lisans;1;;78.431;78.431;"4131;3286";4131 - Aşağıdaki lisans programlarından birinden mezun olmak. | 3286 - Psikoloji;9aa497bb-e6ff-e511-80c6-a0369f7d1486
2016;3;390160371;Erzurum Yakutiye Toplum Sağlığı Merkezi;Psikolog;Erzurum;Lisans;1;;78.404;78.404;"4131;3286";4131 - Aşağıdaki lisans programlarından birinden mezun olmak. | 3286 - Psikoloji;8aa297bb-e6ff-e511-80c6-a0369f7d1486
2016;3;390160645;Kahramanmaraş Afşin Toplum Sağlığı Merkezi;Psikolog;Kahramanmaraş;Lisans;1;;78.396;78.396;"4131;3286";4131 - Aşağıdaki lisans programlarından birinden mezun olmak. | 3286 - Psikoloji;47a497bb-e6ff-e511-80c6-a0369f7d1486
2016;3;390160659;Kahramanmaraş Elbistan Toplum Sağlığı Merkezi;Psikolog;Kahramanmaraş;Lisans;1;;78.345;78.345;"4131;3286";4131 - Aşağıdaki lisans programlarından birinden mezun olmak. | 3286 - Psikoloji;4ea497bb-e6ff-e511-80c6-a0369f7d1486
2016;3;390160203;Bitlis Merkez Toplum Sağlığı Merkezi;Psikolog;Bitlis;Lisans;1;;78.336;78.336;"4131;3286";4131 - Aşağıdaki lisans programlarından birinden mezun olmak. | 3286 - Psikoloji;b6a197bb-e6ff-e511-80c6-a0369f7d1486
2016;3;390160311;Erzurum Aziziye Toplum Sağlığı Merkezi;Psikolog;Erzurum;Lisans;1;;78.312;78.312;"4131;3286";4131 - Aşağıdaki lisans programlarından birinden mezun olmak. | 3286 - Psikoloji;6ca297bb-e6ff-e511-80c6-a0369f7d1486
2016;3;390161099;Şanlıurfa Harran Toplum Sağlığı Merkezi;Psikolog;Şanlıurfa;Lisans;1;;78.303;78.303;"4131;3286";4131 - Aşağıdaki lisans programlarından birinden mezun olmak. | 3286 - Psikoloji;07a697bb-e6ff-e511-80c6-a0369f7d1486
2016;3;390161259;Van Erciş Toplum Sağlığı Merkezi;Psikolog;Van;Lisans;1;;78.215;78.215;"4131;3286";4131 - Aşağıdaki lisans programlarından birinden mezun olmak. | 3286 - Psikoloji;6ea697bb-e6ff-e511-80c6-a0369f7d1486
2016;3;390161081;Şanlıurfa Eyyübiye Toplum Sağlığı Merkezi;Psikolog;Şanlıurfa;Lisans;1;;78.143;78.143;"4131;3286";4131 - Aşağıdaki lisans programlarından birinden mezun olmak. | 3286 - Psikoloji;fea597bb-e6ff-e511-80c6-a0369f7d1486
2016;3;390160413;Hakkari Merkez Toplum Sağlığı Merkezi;Psikolog;Hakkari;Lisans;1;;78.138;78.138;"4131;3286";4131 - Aşağıdaki lisans programlarından birinden mezun olmak. | 3286 - Psikoloji;0aa397bb-e6ff-e511-80c6-a0369f7d1486
2016;3;390161045;Şanlıurfa Birecik Toplum Sağlığı Merkezi;Psikolog;Şanlıurfa;Lisans;1;;78.028;78.028;"4131;3286";4131 - Aşağıdaki lisans programlarından birinden mezun olmak. | 3286 - Psikoloji;eca597bb-e6ff-e511-80c6-a0369f7d1486
2016;3;390160449;Iğdır Merkez Toplum Sağlığı Merkezi;Psikolog;Iğdır;Lisans;1;;77.997;77.997;"4131;3286";4131 - Aşağıdaki lisans programlarından birinden mezun olmak. | 3286 - Psikoloji;35a797bb-e6ff-e511-80c6-a0369f7d1486
2016;3;390161137;Şanlıurfa Suruç Toplum Sağlığı Merkezi;Psikolog;Şanlıurfa;Lisans;1;;77.92;77.92;"4131;3286";4131 - Aşağıdaki lisans programlarından birinden mezun olmak. | 3286 - Psikoloji;1aa697bb-e6ff-e511-80c6-a0369f7d1486
2016;3;390160215;Bitlis Tatvan Toplum Sğlığı Merkezi;Psikolog;Bitlis;Lisans;1;;77.916;77.916;"4131;3286";4131 - Aşağıdaki lisans programlarından birinden mezun olmak. | 3286 - Psikoloji;bca197bb-e6ff-e511-80c6-a0369f7d1486
2016;3;390160195;Bitlis Halk Sağlığı Müdürlüğü;Psikolog;Bitlis;Lisans;1;;77.881;77.881;"4131;3286";4131 - Aşağıdaki lisans programlarından birinden mezun olmak. | 3286 - Psikoloji;b2a197bb-e6ff-e511-80c6-a0369f7d1486
2016;3;390160871;Muş Merkez Toplum Sağlığı Merkezi;Psikolog;Muş;Lisans;2;;77.876;77.956;"4131;3286";4131 - Aşağıdaki lisans programlarından birinden mezun olmak. | 3286 - Psikoloji;e2a497bb-e6ff-e511-80c6-a0369f7d1486
2016;3;390161283;Van Özalp Toplum Sağlığı Merkezi;Psikolog;Van;Lisans;1;;77.852;77.852;"4131;3286";4131 - Aşağıdaki lisans programlarından birinden mezun olmak. | 3286 - Psikoloji;7aa697bb-e6ff-e511-80c6-a0369f7d1486
2016;3;390160699;Kars Merkez Toplum Sağlığı Merkezi;Psikolog;Kars;Lisans;1;;77.804;77.804;"4131;3286";4131 - Aşağıdaki lisans programlarından birinden mezun olmak. | 3286 - Psikoloji;daa397bb-e6ff-e511-80c6-a0369f7d1486
2016;3;390161237;Van Çaldıran Toplum Sağlığı Merkezi;Psikolog;Van;Lisans;1;;77.78;77.78;"4131;3286";4131 - Aşağıdaki lisans programlarından birinden mezun olmak. | 3286 - Psikoloji;63a697bb-e6ff-e511-80c6-a0369f7d1486
2016;3;390160865;Muş Malazgirt Toplum Sağlığı Merkezi;Psikolog;Muş;Lisans;1;;77.696;77.696;"4131;3286";4131 - Aşağıdaki lisans programlarından birinden mezun olmak. | 3286 - Psikoloji;dfa497bb-e6ff-e511-80c6-a0369f7d1486
2016;3;390160021;Afyonkarahisar Dinar Devlet Hastanesi;Hemşire;Afyonkarahisar;Lisans;1;;77.663;77.663;"4605;3204;3205;3297";4605 - Aşağıdaki lisans programlarından birinden mezun olmak. | 3204 - Hemşirelik | 3205 - Hemşirelik ve Sağlık Hizmetleri | 3297 - Sağlık Memurluğu;1ca197bb-e6ff-e511-80c6-a0369f7d1486
2016;3;390161031;Şanlıurfa Akçakale Toplum Sağlığı Merkezi;Psikolog;Şanlıurfa;Lisans;1;;77.379;77.379;"4131;3286";4131 - Aşağıdaki lisans programlarından birinden mezun olmak. | 3286 - Psikoloji;e5a597bb-e6ff-e511-80c6-a0369f7d1486
2016;3;390160833;Muş Bulanık Toplum Sağlığı Merkezi;Psikolog;Muş;Lisans;1;;77.37;77.37;"4131;3286";4131 - Aşağıdaki lisans programlarından birinden mezun olmak. | 3286 - Psikoloji;cfa497bb-e6ff-e511-80c6-a0369f7d1486
2016;3;390160089;Ağrı Patnos Toplum Sağlığı Merkezi;Psikolog;Ağrı;Lisans;1;;77.339;77.339;"4131;3286";4131 - Aşağıdaki lisans programlarından birinden mezun olmak. | 3286 - Psikoloji;3ea197bb-e6ff-e511-80c6-a0369f7d1486
2016;3;390161191;Şırnak İdil Toplum Sağlığı Merkezi;Psikolog;Şırnak;Lisans;1;;77.328;77.328;"4131;3286";4131 - Aşağıdaki lisans programlarından birinden mezun olmak. | 3286 - Psikoloji;03a797bb-e6ff-e511-80c6-a0369f7d1486
2016;3;390161207;Şırnak Silopi Toplum Sağlığı Merkezi;Psikolog;Şırnak;Lisans;1;;77.304;77.304;"4131;3286";4131 - Aşağıdaki lisans programlarından birinden mezun olmak. | 3286 - Psikoloji;0ba797bb-e6ff-e511-80c6-a0369f7d1486
2016;3;390160379;Gümüşhane Devlet Hastanesi;Çocuk Gelişimcisi;Gümüşhane;Lisans;1;;77.298;77.298;"4148;4235;4149;3145";4148 - Aşağıdaki lisans programlarından birinden mezun olmak. | 4235 - Çocuk Gelişimi | 4149 - Aşağıdaki lisans programlarından birinden mezun olmak. | 3145 - Çocuk Gelişimi ve Eğitimi;c6a297bb-e6ff-e511-80c6-a0369f7d1486
2016;3;390161197;Şırnak Merkez Toplum Sağlığı Merkezi;Psikolog;Şırnak;Lisans;1;;77.254;77.254;"4131;3286";4131 - Aşağıdaki lisans programlarından birinden mezun olmak. | 3286 - Psikoloji;06a797bb-e6ff-e511-80c6-a0369f7d1486
2016;3;390160337;Erzurum Nenehatun Kadın Doğum Hastanesi;Çocuk Gelişimcisi;Erzurum;Lisans;1;;76.963;76.963;"4148;4235;4149;3145";4148 - Aşağıdaki lisans programlarından birinden mezun olmak. | 4235 - Çocuk Gelişimi | 4149 - Aşağıdaki lisans programlarından birinden mezun olmak. | 3145 - Çocuk Gelişimi ve Eğitimi;79a297bb-e6ff-e511-80c6-a0369f7d1486
2016;3;390160223;Bursa Yüksek İhtisas Eğitim ve Araştırma Hastanesi;İş ve Uğraşı Terapisti (Ergoterapist);Bursa;Lisans;1;;76.88;76.88;"4600;9225";4600 - Aşağıdaki lisans programlarından birinden mezun olmak. | 9225 - Ergoterapi;e8a197bb-e6ff-e511-80c6-a0369f7d1486
2016;3;390160789;Mardin Kadın Doğum ve Çocuk Hastalıkları Hastanesi;Çocuk Gelişimcisi;Mardin;Lisans;1;;76.763;76.763;"4148;4235;4149;3145";4148 - Aşağıdaki lisans programlarından birinden mezun olmak. | 4235 - Çocuk Gelişimi | 4149 - Aşağıdaki lisans programlarından birinden mezun olmak. | 3145 - Çocuk Gelişimi ve Eğitimi;8ea497bb-e6ff-e511-80c6-a0369f7d1486
2016;3;390160927;Siirt Devlet Hastanesi;Çocuk Gelişimcisi;Siirt;Lisans;1;;76.754;76.754;"4148;4235;4149;3145";4148 - Aşağıdaki lisans programlarından birinden mezun olmak. | 4235 - Çocuk Gelişimi | 4149 - Aşağıdaki lisans programlarından birinden mezun olmak. | 3145 - Çocuk Gelişimi ve Eğitimi;2da597bb-e6ff-e511-80c6-a0369f7d1486
2016;3;390160611;İstanbul Şişli Hamidiye Etfal Eğitim ve Araştırma Hastanesi;İş ve Uğraşı Terapisti (Ergoterapist);İstanbul;Lisans;1;;76.719;76.719;"4600;9225";4600 - Aşağıdaki lisans programlarından birinden mezun olmak. | 9225 - Ergoterapi;76a397bb-e6ff-e511-80c6-a0369f7d1486
2016;3;390161263;Van İpekyolu Kadın Doğum ve Çocuk Hastalıkları Hastanesi;Çocuk Gelişimcisi;Van;Lisans;1;;76.468;76.468;"4148;4235;4149;3145";4148 - Aşağıdaki lisans programlarından birinden mezun olmak. | 4235 - Çocuk Gelişimi | 4149 - Aşağıdaki lisans programlarından birinden mezun olmak. | 3145 - Çocuk Gelişimi ve Eğitimi;70a697bb-e6ff-e511-80c6-a0369f7d1486
2016;3;390160663;Kahramanmaraş Necip Fazıl Şehir Hastanesi;Odyolog;Kahramanmaraş;Lisans;1;;75.637;75.637;"4602;9267;7333";4602 - Aşağıdaki lisans programlarından birinden mezun olmak. | 9267 - Odyoloji | 7333 - (Bakınız Başvurma Özel Şartları Bölümü Odyolog);50a497bb-e6ff-e511-80c6-a0369f7d1486
2016;3;390160989;Sivas Gölova İlçe Devlet Hastanesi;Hemşire;Sivas;Lisans;1;;75.467;75.467;"4605;3204;3205;3297";4605 - Aşağıdaki lisans programlarından birinden mezun olmak. | 3204 - Hemşirelik | 3205 - Hemşirelik ve Sağlık Hizmetleri | 3297 - Sağlık Memurluğu;6ba597bb-e6ff-e511-80c6-a0369f7d1486
2016;3;390160983;Sivas Doğanşar İlçe Devlet Hastanesi;Hemşire;Sivas;Lisans;1;;74.706;74.706;"4605;3204;3205;3297";4605 - Aşağıdaki lisans programlarından birinden mezun olmak. | 3204 - Hemşirelik | 3205 - Hemşirelik ve Sağlık Hizmetleri | 3297 - Sağlık Memurluğu;68a597bb-e6ff-e511-80c6-a0369f7d1486
2016;3;390161053;Şanlıurfa Bozova Toplum Sağlığı Merkezi;Ebe;Şanlıurfa;Lisans;1;;74.472;74.472;"4603;3155";4603 - Aşağıdaki lisans programlarından birinden mezun olmak. | 3155 - Ebelik;f0a597bb-e6ff-e511-80c6-a0369f7d1486
2016;3;390160749;Malatya Devlet Hastanesi;Odyolog;Malatya;Lisans;1;;74.327;74.327;"4602;9267;7333";4602 - Aşağıdaki lisans programlarından birinden mezun olmak. | 9267 - Odyoloji | 7333 - (Bakınız Başvurma Özel Şartları Bölümü Odyolog);42a497bb-e6ff-e511-80c6-a0369f7d1486
2016;3;390160727;Kocaeli Derince Eğitim ve Araştırma Hastanesi;İş ve Uğraşı Terapisti (Ergoterapist);Kocaeli;Lisans;1;;74.039;74.039;"4600;9225";4600 - Aşağıdaki lisans programlarından birinden mezun olmak. | 9225 - Ergoterapi;2aa497bb-e6ff-e511-80c6-a0369f7d1486
2016;3;390161049;Şanlıurfa Bozova İlçe Devlet Hastanesi;Hemşire;Şanlıurfa;Lisans;2;;74.039;77.038;"4605;3204;3205;3297";4605 - Aşağıdaki lisans programlarından birinden mezun olmak. | 3204 - Hemşirelik | 3205 - Hemşirelik ve Sağlık Hizmetleri | 3297 - Sağlık Memurluğu;eea597bb-e6ff-e511-80c6-a0369f7d1486
2016;3;390160713;Kayseri Eğitim ve Araştırma Hastanesi;Perfüzyonist;Kayseri;Lisans;1;;73.892;73.892;7334;7334 - (Bakınız Başvurma Özel Şartları Bölümü Perfüzyonist).;21a497bb-e6ff-e511-80c6-a0369f7d1486
2016;3;390160523;İstanbul Erenköy Fizik Tedavi Ve Rehabilitasyon Hastanesi;İş ve Uğraşı Terapisti (Ergoterapist);İstanbul;Lisans;1;;73.474;73.474;"4600;9225";4600 - Aşağıdaki lisans programlarından birinden mezun olmak. | 9225 - Ergoterapi;4aa397bb-e6ff-e511-80c6-a0369f7d1486
2016;3;390160435;Hatay Antakya Devlet Hastanesi;Sağlık Fizikçisi;Hatay;Lisans;1;;73.401;73.401;7335;7335 - (Bakınız Başvurma Özel Şartları Bölümü Sağlık Fizikçisi);15a397bb-e6ff-e511-80c6-a0369f7d1486
2016;3;390160291;Elazığ Eğitim ve Araştırma Hastanesi;Odyolog;Elazığ;Lisans;1;;73.304;73.304;"4602;9267;7333";4602 - Aşağıdaki lisans programlarından birinden mezun olmak. | 9267 - Odyoloji | 7333 - (Bakınız Başvurma Özel Şartları Bölümü Odyolog);3da297bb-e6ff-e511-80c6-a0369f7d1486
2016;3;390160617;İstanbul Tuzla Toplum Sağlığı Merkezi;Ebe;İstanbul;Lisans;1;;73.223;73.223;"4603;3155";4603 - Aşağıdaki lisans programlarından birinden mezun olmak. | 3155 - Ebelik;79a397bb-e6ff-e511-80c6-a0369f7d1486
2016;3;390160007;Adıyaman Gerger Toplum Sağlığı Merkezi;Hemşire;Adıyaman;Lisans;1;;73.163;73.163;"4605;3204;3205;3297";4605 - Aşağıdaki lisans programlarından birinden mezun olmak. | 3204 - Hemşirelik | 3205 - Hemşirelik ve Sağlık Hizmetleri | 3297 - Sağlık Memurluğu;03a197bb-e6ff-e511-80c6-a0369f7d1486
2016;3;390160993;Sivas Koyulhisar İlçe Devlet Hastanesi;Ebe;Sivas;Lisans;1;;73.025;73.025;"4603;3155";4603 - Aşağıdaki lisans programlarından birinden mezun olmak. | 3155 - Ebelik;6da597bb-e6ff-e511-80c6-a0369f7d1486
2016;3;390161019;Sivas Yıldızeli Devlet Hastanesi;Ebe;Sivas;Lisans;1;;72.979;72.979;"4603;3155";4603 - Aşağıdaki lisans programlarından birinden mezun olmak. | 3155 - Ebelik;7aa597bb-e6ff-e511-80c6-a0369f7d1486
2016;3;390160761;Mardin Artuklu Merkez Toplum Sağlığı Merkezi;Hemşire;Mardin;Lisans;1;;72.961;72.961;"4605;3204;3205;3297";4605 - Aşağıdaki lisans programlarından birinden mezun olmak. | 3204 - Hemşirelik | 3205 - Hemşirelik ve Sağlık Hizmetleri | 3297 - Sağlık Memurluğu;80a497bb-e6ff-e511-80c6-a0369f7d1486
2016;3;390160977;Sivas Divriği Sadık Ozgur Devlet Hastanesi;Ebe;Sivas;Lisans;1;;72.866;72.866;"4603;3155";4603 - Aşağıdaki lisans programlarından birinden mezun olmak. | 3155 - Ebelik;65a597bb-e6ff-e511-80c6-a0369f7d1486
2016;3;390161007;Sivas Numune Hastanesi;Odyolog;Sivas;Lisans;1;;72.69;72.69;"4602;9267;7333";4602 - Aşağıdaki lisans programlarından birinden mezun olmak. | 9267 - Odyoloji | 7333 - (Bakınız Başvurma Özel Şartları Bölümü Odyolog);74a597bb-e6ff-e511-80c6-a0369f7d1486
2016;3;390160025;Afyonkarahisar Sandıklı Devlet Hastanesi;Hemşire;Afyonkarahisar;Lisans;1;;72.681;72.681;"4605;3204;3205;3297";4605 - Aşağıdaki lisans programlarından birinden mezun olmak. | 3204 - Hemşirelik | 3205 - Hemşirelik ve Sağlık Hizmetleri | 3297 - Sağlık Memurluğu;1ea197bb-e6ff-e511-80c6-a0369f7d1486
2016;3;390160561;İstanbul Kartal Dr.Lütfi Kırdar Eğitim ve Araştırma Hastanesi;İş ve Uğraşı Terapisti (Ergoterapist);İstanbul;Lisans;1;;72.598;72.598;"4600;9225";4600 - Aşağıdaki lisans programlarından birinden mezun olmak. | 9225 - Ergoterapi;5da397bb-e6ff-e511-80c6-a0369f7d1486
2016;3;390160001;Adana Dr.Ekrem Tok Ruh Sağlığı ve Hastalıkları Hastanesi;İş ve Uğraşı Terapisti (Ergoterapist);Adana;Lisans;1;;72.422;72.422;"4600;9225";4600 - Aşağıdaki lisans programlarından birinden mezun olmak. | 9225 - Ergoterapi;00a197bb-e6ff-e511-80c6-a0369f7d1486
2016;3;390160603;İstanbul Şile Devlet Hastanesi;Hemşire;İstanbul;Lisans;2;;72.4;74.952;"4605;3204;3205;3297";4605 - Aşağıdaki lisans programlarından birinden mezun olmak. | 3204 - Hemşirelik | 3205 - Hemşirelik ve Sağlık Hizmetleri | 3297 - Sağlık Memurluğu;72a397bb-e6ff-e511-80c6-a0369f7d1486
2016;3;390160299;Elazığ Ruh Sağlığı ve Hastalıkları Hastanesi;Hemşire;Elazığ;Lisans;4;;72.156;77.324;"4605;3204;3205;3297";4605 - Aşağıdaki lisans programlarından birinden mezun olmak. | 3204 - Hemşirelik | 3205 - Hemşirelik ve Sağlık Hizmetleri | 3297 - Sağlık Memurluğu;41a297bb-e6ff-e511-80c6-a0369f7d1486
2016;3;390161299;Zonguldak Karadeniz Ereğli Devlet Hastanesi;Hemşire;Zonguldak;Lisans;4;;72.074;73.513;"4605;3204;3205;3297";4605 - Aşağıdaki lisans programlarından birinden mezun olmak. | 3204 - Hemşirelik | 3205 - Hemşirelik ve Sağlık Hizmetleri | 3297 - Sağlık Memurluğu;9ea697bb-e6ff-e511-80c6-a0369f7d1486
2016;3;390160911;Sakarya Yenikent Devlet Hastanesi;Hemşire;Sakarya;Lisans;7;;71.678;83.863;"4605;3204;3205;3297";4605 - Aşağıdaki lisans programlarından birinden mezun olmak. | 3204 - Hemşirelik | 3205 - Hemşirelik ve Sağlık Hizmetleri | 3297 - Sağlık Memurluğu;1fa597bb-e6ff-e511-80c6-a0369f7d1486
2016;3;390160985;Sivas Gemerek İlçe Devlet Hastanesi;Hemşire;Sivas;Lisans;1;;71.63;71.63;"4605;3204;3205;3297";4605 - Aşağıdaki lisans programlarından birinden mezun olmak. | 3204 - Hemşirelik | 3205 - Hemşirelik ve Sağlık Hizmetleri | 3297 - Sağlık Memurluğu;69a597bb-e6ff-e511-80c6-a0369f7d1486
2016;3;390160497;İstanbul Beykoz Devlet Hastanesi;Hemşire;İstanbul;Lisans;2;;71.553;73.773;"4605;3204;3205;3297";4605 - Aşağıdaki lisans programlarından birinden mezun olmak. | 3204 - Hemşirelik | 3205 - Hemşirelik ve Sağlık Hizmetleri | 3297 - Sağlık Memurluğu;3da397bb-e6ff-e511-80c6-a0369f7d1486
2016;3;390161025;Sivas Zara Devlet Hastanesi;Hemşire;Sivas;Lisans;2;;71.416;72.998;"4605;3204;3205;3297";4605 - Aşağıdaki lisans programlarından birinden mezun olmak. | 3204 - Hemşirelik | 3205 - Hemşirelik ve Sağlık Hizmetleri | 3297 - Sağlık Memurluğu;7da597bb-e6ff-e511-80c6-a0369f7d1486
2016;3;390160909;Sakarya Toyotasa Acil Yardım Hastanesi;Hemşire;Sakarya;Lisans;2;;71.313;71.559;"4605;3204;3205;3297";4605 - Aşağıdaki lisans programlarından birinden mezun olmak. | 3204 - Hemşirelik | 3205 - Hemşirelik ve Sağlık Hizmetleri | 3297 - Sağlık Memurluğu;1ea597bb-e6ff-e511-80c6-a0369f7d1486
2016;3;390160571;İstanbul Lütfiye Nuri Burat Devlet Hastanesi;Hemşire;İstanbul;Lisans;2;;71.309;74.741;"4605;3204;3205;3297";4605 - Aşağıdaki lisans programlarından birinden mezun olmak. | 3204 - Hemşirelik | 3205 - Hemşirelik ve Sağlık Hizmetleri | 3297 - Sağlık Memurluğu;62a397bb-e6ff-e511-80c6-a0369f7d1486
2016;3;390160975;Sivas Altınyayla İlçe Devlet Hastanesi;Ebe;Sivas;Lisans;1;;71.297;71.297;"4603;3155";4603 - Aşağıdaki lisans programlarından birinden mezun olmak. | 3155 - Ebelik;64a597bb-e6ff-e511-80c6-a0369f7d1486
2016;3;390160551;İstanbul Haydarpaşa Numune Eğitim ve Araştırma Hastanesi;Sağlık Fizikçisi;İstanbul;Lisans;1;;71.282;71.282;7335;7335 - (Bakınız Başvurma Özel Şartları Bölümü Sağlık Fizikçisi);58a397bb-e6ff-e511-80c6-a0369f7d1486
2016;3;390160469;İstanbul Bahçelievler Devlet Hastanesi;Hemşire;İstanbul;Lisans;4;;71.273;74.765;"4605;3204;3205;3297";4605 - Aşağıdaki lisans programlarından birinden mezun olmak. | 3204 - Hemşirelik | 3205 - Hemşirelik ve Sağlık Hizmetleri | 3297 - Sağlık Memurluğu;2fa397bb-e6ff-e511-80c6-a0369f7d1486
2016;3;390161093;Şanlıurfa Harran Devlet Hastanesi;Hemşire;Şanlıurfa;Lisans;1;;71.258;71.258;"4605;3204;3205;3297";4605 - Aşağıdaki lisans programlarından birinden mezun olmak. | 3204 - Hemşirelik | 3205 - Hemşirelik ve Sağlık Hizmetleri | 3297 - Sağlık Memurluğu;04a697bb-e6ff-e511-80c6-a0369f7d1486
2016;3;390160747;Malatya Devlet Hastanesi;İş ve Uğraşı Terapisti (Ergoterapist);Malatya;Lisans;1;;71.236;71.236;"4600;9225";4600 - Aşağıdaki lisans programlarından birinden mezun olmak. | 9225 - Ergoterapi;41a497bb-e6ff-e511-80c6-a0369f7d1486
2016;3;390161023;Sivas Zara Devlet Hastanesi;Ebe;Sivas;Lisans;1;;71.031;71.031;"4603;3155";4603 - Aşağıdaki lisans programlarından birinden mezun olmak. | 3155 - Ebelik;7ca597bb-e6ff-e511-80c6-a0369f7d1486
2016;3;390161041;Şanlıurfa Birecik Devlet Hastanesi;Hemşire;Şanlıurfa;Lisans;4;;70.967;76.695;"4605;3204;3205;3297";4605 - Aşağıdaki lisans programlarından birinden mezun olmak. | 3204 - Hemşirelik | 3205 - Hemşirelik ve Sağlık Hizmetleri | 3297 - Sağlık Memurluğu;eaa597bb-e6ff-e511-80c6-a0369f7d1486
2016;3;390160265;Diyarbakır Selahaddin Eyyubi Devlet Hastanesi;Hemşire;Diyarbakır;Lisans;9;;70.945;73.368;"4605;3204;3205;3297";4605 - Aşağıdaki lisans programlarından birinden mezun olmak. | 3204 - Hemşirelik | 3205 - Hemşirelik ve Sağlık Hizmetleri | 3297 - Sağlık Memurluğu;0fa297bb-e6ff-e511-80c6-a0369f7d1486
2016;3;390160023;Afyonkarahisar İscehisar İlçe Devlet Hastanesi;Hemşire;Afyonkarahisar;Lisans;1;;70.915;70.915;"4605;3204;3205;3297";4605 - Aşağıdaki lisans programlarından birinden mezun olmak. | 3204 - Hemşirelik | 3205 - Hemşirelik ve Sağlık Hizmetleri | 3297 - Sağlık Memurluğu;1da197bb-e6ff-e511-80c6-a0369f7d1486
2016;3;390160559;İstanbul Kanuni Sultan Süleyman Eğitim ve Araştırma Hastanesi;Sağlık Fizikçisi;İstanbul;Lisans;1;;70.886;70.886;7335;7335 - (Bakınız Başvurma Özel Şartları Bölümü Sağlık Fizikçisi);5ca397bb-e6ff-e511-80c6-a0369f7d1486
2016;3;390160631;İstanbul Üsküdar Devlet Hastanesi;Hemşire;İstanbul;Lisans;7;;70.802;72.649;"4605;3204;3205;3297";4605 - Aşağıdaki lisans programlarından birinden mezun olmak. | 3204 - Hemşirelik | 3205 - Hemşirelik ve Sağlık Hizmetleri | 3297 - Sağlık Memurluğu;80a397bb-e6ff-e511-80c6-a0369f7d1486
2016;3;390160019;Afyonkarahisar Devlet Hastanesi;Hemşire;Afyonkarahisar;Lisans;16;;70.739;74.31;"4605;3204;3205;3297";4605 - Aşağıdaki lisans programlarından birinden mezun olmak. | 3204 - Hemşirelik | 3205 - Hemşirelik ve Sağlık Hizmetleri | 3297 - Sağlık Memurluğu;1ba197bb-e6ff-e511-80c6-a0369f7d1486
2016;3;390160163;Bayburt Merkez Toplum Sağlığı Merkezi Taht Sağlık Evi;Ebe;Bayburt;Lisans;1;;70.512;70.512;"4603;3155";4603 - Aşağıdaki lisans programlarından birinden mezun olmak. | 3155 - Ebelik;b6a697bb-e6ff-e511-80c6-a0369f7d1486
2016;3;390160901;Sakarya Hendek Devlet Hastanesi;Hemşire;Sakarya;Lisans;4;;70.508;72.928;"4605;3204;3205;3297";4605 - Aşağıdaki lisans programlarından birinden mezun olmak. | 3204 - Hemşirelik | 3205 - Hemşirelik ve Sağlık Hizmetleri | 3297 - Sağlık Memurluğu;1aa597bb-e6ff-e511-80c6-a0369f7d1486
2016;3;390160987;Sivas Gölova İlçe Devlet Hastanesi;Ebe;Sivas;Lisans;1;;70.479;70.479;"4603;3155";4603 - Aşağıdaki lisans programlarından birinden mezun olmak. | 3155 - Ebelik;6aa597bb-e6ff-e511-80c6-a0369f7d1486
2016;3;390161089;Şanlıurfa Halfeti Toplum Sağlığı Merkezi Fıstıközü Sağlık Evi;Ebe;Şanlıurfa;Lisans;1;;70.349;70.349;"4603;3155";4603 - Aşağıdaki lisans programlarından birinden mezun olmak. | 3155 - Ebelik;02a697bb-e6ff-e511-80c6-a0369f7d1486
2016;3;390160479;İstanbul Bakırköy Prof.Dr.Mazhar Osman Ruh Sağlığı ve Sinir Hastalıkları Eğitim ve Araş. Hastanesi;Hemşire;İstanbul;Lisans;4;;70.325;72.754;"4605;3204;3205;3297";4605 - Aşağıdaki lisans programlarından birinden mezun olmak. | 3204 - Hemşirelik | 3205 - Hemşirelik ve Sağlık Hizmetleri | 3297 - Sağlık Memurluğu;34a397bb-e6ff-e511-80c6-a0369f7d1486
2016;3;390160979;Sivas Divriği Sadık Ozgur Devlet Hastanesi;Hemşire;Sivas;Lisans;2;;70.151;70.745;"4605;3204;3205;3297";4605 - Aşağıdaki lisans programlarından birinden mezun olmak. | 3204 - Hemşirelik | 3205 - Hemşirelik ve Sağlık Hizmetleri | 3297 - Sağlık Memurluğu;66a597bb-e6ff-e511-80c6-a0369f7d1486
2016;3;390161013;Sivas Suşehri Devlet Hastanesi;Ebe;Sivas;Lisans;2;;70.118;71.493;"4603;3155";4603 - Aşağıdaki lisans programlarından birinden mezun olmak. | 3155 - Ebelik;77a597bb-e6ff-e511-80c6-a0369f7d1486
2016;3;390160319;Erzurum Cat Toplum Sağlığı Merkezi;Ebe;Erzurum;Lisans;1;;70.026;70.026;"4603;3155";4603 - Aşağıdaki lisans programlarından birinden mezun olmak. | 3155 - Ebelik;70a297bb-e6ff-e511-80c6-a0369f7d1486
2016;3;390160899;Sakarya Ferizli İlçe Devlet Hastanesi;Hemşire;Sakarya;Lisans;2;;70.008;71.779;"4605;3204;3205;3297";4605 - Aşağıdaki lisans programlarından birinden mezun olmak. | 3204 - Hemşirelik | 3205 - Hemşirelik ve Sağlık Hizmetleri | 3297 - Sağlık Memurluğu;19a597bb-e6ff-e511-80c6-a0369f7d1486
2016;3;390160981;Sivas Doğanşar İlçe Devlet Hastanesi;Ebe;Sivas;Lisans;1;;69.991;69.991;"4603;3155";4603 - Aşağıdaki lisans programlarından birinden mezun olmak. | 3155 - Ebelik;67a597bb-e6ff-e511-80c6-a0369f7d1486
2016;3;390160581;İstanbul Pendik Toplum Sağlığı Merkezi;Ebe;İstanbul;Lisans;7;;69.966;74.112;"4603;3155";4603 - Aşağıdaki lisans programlarından birinden mezun olmak. | 3155 - Ebelik;67a397bb-e6ff-e511-80c6-a0369f7d1486
2016;3;390160973;Sivas Akıncılar İlçe Devlet Hastanesi;Ebe;Sivas;Lisans;1;;69.911;69.911;"4603;3155";4603 - Aşağıdaki lisans programlarından birinden mezun olmak. | 3155 - Ebelik;63a597bb-e6ff-e511-80c6-a0369f7d1486
2016;3;390160885;Rize Çayeli İshakoğlu Devlet Hastanesi;Hemşire;Rize;Lisans;2;;69.903;71.174;"4605;3204;3205;3297";4605 - Aşağıdaki lisans programlarından birinden mezun olmak. | 3204 - Hemşirelik | 3205 - Hemşirelik ve Sağlık Hizmetleri | 3297 - Sağlık Memurluğu;12a597bb-e6ff-e511-80c6-a0369f7d1486
2016;3;390160383;Gümüşhane Devlet Hastanesi;Ebe;Gümüşhane;Lisans;2;;69.731;70.635;"4603;3155";4603 - Aşağıdaki lisans programlarından birinden mezun olmak. | 3155 - Ebelik;c8a297bb-e6ff-e511-80c6-a0369f7d1486
2016;3;390160231;Diyarbakır Bismil Devlet Hastanesi;Hemşire;Diyarbakır;Lisans;4;;69.72;72.354;"4605;3204;3205;3297";4605 - Aşağıdaki lisans programlarından birinden mezun olmak. | 3204 - Hemşirelik | 3205 - Hemşirelik ve Sağlık Hizmetleri | 3297 - Sağlık Memurluğu;fea197bb-e6ff-e511-80c6-a0369f7d1486
2016;3;390160363;Erzurum Tekman Toplum Sağlığı Merkezi;Ebe;Erzurum;Lisans;1;;69.661;69.661;"4603;3155";4603 - Aşağıdaki lisans programlarından birinden mezun olmak. | 3155 - Ebelik;86a297bb-e6ff-e511-80c6-a0369f7d1486
2016;3;390160773;Mardin Derik Devlet Hastanesi;Hemşire;Mardin;Lisans;2;;69.641;73.344;"4605;3204;3205;3297";4605 - Aşağıdaki lisans programlarından birinden mezun olmak. | 3204 - Hemşirelik | 3205 - Hemşirelik ve Sağlık Hizmetleri | 3297 - Sağlık Memurluğu;86a497bb-e6ff-e511-80c6-a0369f7d1486
2016;3;390160257;Diyarbakır Kadın Doğum Ve Çocuk Hastalıkları Hastanesi;Hemşire;Diyarbakır;Lisans;6;;69.542;73.115;"4605;3204;3205;3297";4605 - Aşağıdaki lisans programlarından birinden mezun olmak. | 3204 - Hemşirelik | 3205 - Hemşirelik ve Sağlık Hizmetleri | 3297 - Sağlık Memurluğu;0ba297bb-e6ff-e511-80c6-a0369f7d1486
2016;3;390161101;Şanlıurfa Hilvan Devlet Hastanesi;Hemşire;Şanlıurfa;Lisans;1;;69.531;69.531;"4605;3204;3205;3297";4605 - Aşağıdaki lisans programlarından birinden mezun olmak. | 3204 - Hemşirelik | 3205 - Hemşirelik ve Sağlık Hizmetleri | 3297 - Sağlık Memurluğu;08a697bb-e6ff-e511-80c6-a0369f7d1486
2016;3;390161289;Zonguldak Atatürk Devlet Hastanesi;Hemşire;Zonguldak;Lisans;11;;69.522;72.215;"4605;3204;3205;3297";4605 - Aşağıdaki lisans programlarından birinden mezun olmak. | 3204 - Hemşirelik | 3205 - Hemşirelik ve Sağlık Hizmetleri | 3297 - Sağlık Memurluğu;99a697bb-e6ff-e511-80c6-a0369f7d1486
2016;3;390160327;Erzurum Hınıs Toplum Sağlığı Merkezi;Hemşire;Erzurum;Lisans;2;;69.509;70.888;"4605;3204;3205;3297";4605 - Aşağıdaki lisans programlarından birinden mezun olmak. | 3204 - Hemşirelik | 3205 - Hemşirelik ve Sağlık Hizmetleri | 3297 - Sağlık Memurluğu;74a297bb-e6ff-e511-80c6-a0369f7d1486
2016;3;390160903;Sakarya Sağlık Bakanlığı Sakarya Üniversitesi Eğitim ve Araştırma Hastanesi;Hemşire;Sakarya;Lisans;9;;69.496;72.644;"4605;3204;3205;3297";4605 - Aşağıdaki lisans programlarından birinden mezun olmak. | 3204 - Hemşirelik | 3205 - Hemşirelik ve Sağlık Hizmetleri | 3297 - Sağlık Memurluğu;1ba597bb-e6ff-e511-80c6-a0369f7d1486
2016;3;390161297;Zonguldak Kadın Doğum ve Çocuk Hastalıkları Hastanesi;Hemşire;Zonguldak;Lisans;2;;69.469;70.481;"4605;3204;3205;3297";4605 - Aşağıdaki lisans programlarından birinden mezun olmak. | 3204 - Hemşirelik | 3205 - Hemşirelik ve Sağlık Hizmetleri | 3297 - Sağlık Memurluğu;9da697bb-e6ff-e511-80c6-a0369f7d1486
2016;3;390161035;Şanlıurfa Balıklıgöl Devlet Hastanesi;Hemşire;Şanlıurfa;Lisans;9;;69.447;76.048;"4605;3204;3205;3297";4605 - Aşağıdaki lisans programlarından birinden mezun olmak. | 3204 - Hemşirelik | 3205 - Hemşirelik ve Sağlık Hizmetleri | 3297 - Sağlık Memurluğu;e7a597bb-e6ff-e511-80c6-a0369f7d1486
2016;3;390160477;İstanbul Bakırköy Dr.Sadi Konuk Eğitim Araştırma Hastanesi;Hemşire;İstanbul;Lisans;8;;69.397;74.286;"4605;3204;3205;3297";4605 - Aşağıdaki lisans programlarından birinden mezun olmak. | 3204 - Hemşirelik | 3205 - Hemşirelik ve Sağlık Hizmetleri | 3297 - Sağlık Memurluğu;33a397bb-e6ff-e511-80c6-a0369f7d1486
2016;3;390161291;Zonguldak Çaycuma Devlet Hastanesi;Hemşire;Zonguldak;Lisans;6;;69.375;69.856;"4605;3204;3205;3297";4605 - Aşağıdaki lisans programlarından birinden mezun olmak. | 3204 - Hemşirelik | 3205 - Hemşirelik ve Sağlık Hizmetleri | 3297 - Sağlık Memurluğu;9aa697bb-e6ff-e511-80c6-a0369f7d1486
2016;3;390160333;Erzurum Karayazı Toplum Sağlığı Merkezi;Hemşire;Erzurum;Lisans;1;;69.304;69.304;"4605;3204;3205;3297";4605 - Aşağıdaki lisans programlarından birinden mezun olmak. | 3204 - Hemşirelik | 3205 - Hemşirelik ve Sağlık Hizmetleri | 3297 - Sağlık Memurluğu;77a297bb-e6ff-e511-80c6-a0369f7d1486
2016;3;390160573;İstanbul Maltepe Toplum Sağlığı Merkezi;Ebe;İstanbul;Lisans;5;;69.278;72.798;"4603;3155";4603 - Aşağıdaki lisans programlarından birinden mezun olmak. | 3155 - Ebelik;63a397bb-e6ff-e511-80c6-a0369f7d1486
2016;3;390161295;Zonguldak Gökçebey İlçe Devlet Hastanesi;Hemşire;Zonguldak;Lisans;2;;69.271;69.37;"4605;3204;3205;3297";4605 - Aşağıdaki lisans programlarından birinden mezun olmak. | 3204 - Hemşirelik | 3205 - Hemşirelik ve Sağlık Hizmetleri | 3297 - Sağlık Memurluğu;9ca697bb-e6ff-e511-80c6-a0369f7d1486
2016;3;390160151;Bayburt Aydıntepe Toplum Sağlığı Merkezi Pınargöze Sağlık Evi;Ebe;Bayburt;Lisans;1;;69.247;69.247;"4603;3155";4603 - Aşağıdaki lisans programlarından birinden mezun olmak. | 3155 - Ebelik;b0a697bb-e6ff-e511-80c6-a0369f7d1486
2016;3;390160633;İstanbul Üsküdar Toplum Sağlığı Merkezi;Ebe;İstanbul;Lisans;6;;69.247;78.527;"4603;3155";4603 - Aşağıdaki lisans programlarından birinden mezun olmak. | 3155 - Ebelik;81a397bb-e6ff-e511-80c6-a0369f7d1486
2016;3;390160241;Diyarbakır Çocuk Hastalıkları Hastanesi;Hemşire;Diyarbakır;Lisans;9;;69.242;70.611;"4605;3204;3205;3297";4605 - Aşağıdaki lisans programlarından birinden mezun olmak. | 3204 - Hemşirelik | 3205 - Hemşirelik ve Sağlık Hizmetleri | 3297 - Sağlık Memurluğu;03a297bb-e6ff-e511-80c6-a0369f7d1486
2016;3;390160121;Ardahan Merkez Toplum Sağlığı Merkezi;Ebe;Ardahan;Lisans;1;;69.231;69.231;"4603;3155";4603 - Aşağıdaki lisans programlarından birinden mezun olmak. | 3155 - Ebelik;14a797bb-e6ff-e511-80c6-a0369f7d1486
2016;3;390161293;Zonguldak Devrek Devlet Hastanesi;Hemşire;Zonguldak;Lisans;4;;69.218;71.515;"4605;3204;3205;3297";4605 - Aşağıdaki lisans programlarından birinden mezun olmak. | 3204 - Hemşirelik | 3205 - Hemşirelik ve Sağlık Hizmetleri | 3297 - Sağlık Memurluğu;9ba697bb-e6ff-e511-80c6-a0369f7d1486
2016;3;390160565;İstanbul Kartal Toplum Sağlığı Merkezi;Ebe;İstanbul;Lisans;5;;69.203;70.303;"4603;3155";4603 - Aşağıdaki lisans programlarından birinden mezun olmak. | 3155 - Ebelik;5fa397bb-e6ff-e511-80c6-a0369f7d1486
2016;3;390161005;Sivas Numune Hastanesi;Hemşire;Sivas;Lisans;29;;69.201;78.343;"4605;3204;3205;3297";4605 - Aşağıdaki lisans programlarından birinden mezun olmak. | 3204 - Hemşirelik | 3205 - Hemşirelik ve Sağlık Hizmetleri | 3297 - Sağlık Memurluğu;73a597bb-e6ff-e511-80c6-a0369f7d1486
2016;3;390160553;İstanbul Kadıköy Toplum Sağlığı Merkezi;Ebe;İstanbul;Lisans;5;;69.19;70.455;"4603;3155";4603 - Aşağıdaki lisans programlarından birinden mezun olmak. | 3155 - Ebelik;59a397bb-e6ff-e511-80c6-a0369f7d1486
2016;3;390160103;Ağrı Tutak Toplum Sağlığı Merkezi;Hemşire;Ağrı;Lisans;2;;69.146;69.291;"4605;3204;3205;3297";4605 - Aşağıdaki lisans programlarından birinden mezun olmak. | 3204 - Hemşirelik | 3205 - Hemşirelik ve Sağlık Hizmetleri | 3297 - Sağlık Memurluğu;45a197bb-e6ff-e511-80c6-a0369f7d1486
2016;3;390160245;Diyarbakır Ergani Devlet Hastanesi;Hemşire;Diyarbakır;Lisans;4;;69.139;75.377;"4605;3204;3205;3297";4605 - Aşağıdaki lisans programlarından birinden mezun olmak. | 3204 - Hemşirelik | 3205 - Hemşirelik ve Sağlık Hizmetleri | 3297 - Sağlık Memurluğu;05a297bb-e6ff-e511-80c6-a0369f7d1486
2016;3;390160289;Elazığ Eğitim ve Araştırma Hastanesi;Hemşire;Elazığ;Lisans;9;;69.047;72.4;"4605;3204;3205;3297";4605 - Aşağıdaki lisans programlarından birinden mezun olmak. | 3204 - Hemşirelik | 3205 - Hemşirelik ve Sağlık Hizmetleri | 3297 - Sağlık Memurluğu;3ca297bb-e6ff-e511-80c6-a0369f7d1486
2016;3;390160887;Rize Devlet Hastanesi;Hemşire;Rize;Lisans;7;;69.044;70.902;"4605;3204;3205;3297";4605 - Aşağıdaki lisans programlarından birinden mezun olmak. | 3204 - Hemşirelik | 3205 - Hemşirelik ve Sağlık Hizmetleri | 3297 - Sağlık Memurluğu;13a597bb-e6ff-e511-80c6-a0369f7d1486
2016;3;390161047;Şanlıurfa Bozova İlçe Devlet Hastanesi;Ebe;Şanlıurfa;Lisans;2;;69.038;69.597;"4603;3155";4603 - Aşağıdaki lisans programlarından birinden mezun olmak. | 3155 - Ebelik;eda597bb-e6ff-e511-80c6-a0369f7d1486
2016;3;390160453;İstanbul Arnavutköy Devlet Hastanesi;Hemşire;İstanbul;Lisans;2;;69.025;80.776;"4605;3204;3205;3297";4605 - Aşağıdaki lisans programlarından birinden mezun olmak. | 3204 - Hemşirelik | 3205 - Hemşirelik ve Sağlık Hizmetleri | 3297 - Sağlık Memurluğu;27a397bb-e6ff-e511-80c6-a0369f7d1486
2016;3;390160357;Erzurum Pazaryolu Hasan Basri Demirbağ İlçe Devlet Hastanesi;Ebe;Erzurum;Lisans;2;;68.978;69.328;"4603;3155";4603 - Aşağıdaki lisans programlarından birinden mezun olmak. | 3155 - Ebelik;83a297bb-e6ff-e511-80c6-a0369f7d1486
2016;3;390160533;İstanbul Fatih Sultan Mehmet Eğitim Araştırma Hastanesi;Hemşire;İstanbul;Lisans;7;;68.974;75.291;"4605;3204;3205;3297";4605 - Aşağıdaki lisans programlarından birinden mezun olmak. | 3204 - Hemşirelik | 3205 - Hemşirelik ve Sağlık Hizmetleri | 3297 - Sağlık Memurluğu;4fa397bb-e6ff-e511-80c6-a0369f7d1486
2016;3;390160893;Rize Kaçkar Devlet Hastanesi;Hemşire;Rize;Lisans;2;;68.868;73.614;"4605;3204;3205;3297";4605 - Aşağıdaki lisans programlarından birinden mezun olmak. | 3204 - Hemşirelik | 3205 - Hemşirelik ve Sağlık Hizmetleri | 3297 - Sağlık Memurluğu;16a597bb-e6ff-e511-80c6-a0369f7d1486
2016;3;390160175;Bitlis Adilcevaz Onkoloji Hastanesi;Hemşire;Bitlis;Lisans;2;;68.866;71.889;"4605;3204;3205;3297";4605 - Aşağıdaki lisans programlarından birinden mezun olmak. | 3204 - Hemşirelik | 3205 - Hemşirelik ve Sağlık Hizmetleri | 3297 - Sağlık Memurluğu;a8a197bb-e6ff-e511-80c6-a0369f7d1486
2016;3;390160499;İstanbul Beykoz Toplum Sağlığı Merkezi;Ebe;İstanbul;Lisans;2;;68.855;71.709;"4603;3155";4603 - Aşağıdaki lisans programlarından birinden mezun olmak. | 3155 - Ebelik;3ea397bb-e6ff-e511-80c6-a0369f7d1486
2016;3;390160017;Adıyaman T.C. Sağlık Bakanlığı Adıyaman Üniversitesi Eğitim ve Araştırma Hastanesi;Odyolog;Adıyaman;Lisans;1;;68.844;68.844;"4602;9267;7333";4602 - Aşağıdaki lisans programlarından birinden mezun olmak. | 9267 - Odyoloji | 7333 - (Bakınız Başvurma Özel Şartları Bölümü Odyolog);08a197bb-e6ff-e511-80c6-a0369f7d1486
2016;3;390160889;Rize Güneysu Tenzile Erdoğan İlçe Devlet Hastanesi;Hemşire;Rize;Lisans;3;;68.831;68.853;"4605;3204;3205;3297";4605 - Aşağıdaki lisans programlarından birinden mezun olmak. | 3204 - Hemşirelik | 3205 - Hemşirelik ve Sağlık Hizmetleri | 3297 - Sağlık Memurluğu;14a597bb-e6ff-e511-80c6-a0369f7d1486
2016;3;390160269;Diyarbakır Silvan Dr.Yusuf Azizoğlu Devlet Hastanesi;Hemşire;Diyarbakır;Lisans;4;;68.791;68.937;"4605;3204;3205;3297";4605 - Aşağıdaki lisans programlarından birinden mezun olmak. | 3204 - Hemşirelik | 3205 - Hemşirelik ve Sağlık Hizmetleri | 3297 - Sağlık Memurluğu;11a297bb-e6ff-e511-80c6-a0369f7d1486
2016;3;390160387;Gümüşhane Kelkit Devlet Hastanesi;Hemşire;Gümüşhane;Lisans;2;;68.791;68.796;"4605;3204;3205;3297";4605 - Aşağıdaki lisans programlarından birinden mezun olmak. | 3204 - Hemşirelik | 3205 - Hemşirelik ve Sağlık Hizmetleri | 3297 - Sağlık Memurluğu;caa297bb-e6ff-e511-80c6-a0369f7d1486
2016;3;390160457;İstanbul Ataşehir Toplum Sağlığı Merkezi;Ebe;İstanbul;Lisans;5;;68.783;72.948;"4603;3155";4603 - Aşağıdaki lisans programlarından birinden mezun olmak. | 3155 - Ebelik;29a397bb-e6ff-e511-80c6-a0369f7d1486
2016;3;390161077;Şanlıurfa Çocuk Hastalıkları Hastanesi;Hemşire;Şanlıurfa;Lisans;9;;68.695;70.268;"4605;3204;3205;3297";4605 - Aşağıdaki lisans programlarından birinden mezun olmak. | 3204 - Hemşirelik | 3205 - Hemşirelik ve Sağlık Hizmetleri | 3297 - Sağlık Memurluğu;fca597bb-e6ff-e511-80c6-a0369f7d1486
2016;3;390160463;İstanbul Bağcılar Eğitim ve Araştırma Hastanesi;Hemşire;İstanbul;Lisans;7;;68.692;70.092;"4605;3204;3205;3297";4605 - Aşağıdaki lisans programlarından birinden mezun olmak. | 3204 - Hemşirelik | 3205 - Hemşirelik ve Sağlık Hizmetleri | 3297 - Sağlık Memurluğu;2ca397bb-e6ff-e511-80c6-a0369f7d1486
2016;3;390161125;Şanlıurfa Siverek Devlet Hastanesi;Hemşire;Şanlıurfa;Lisans;6;;68.668;70.516;"4605;3204;3205;3297";4605 - Aşağıdaki lisans programlarından birinden mezun olmak. | 3204 - Hemşirelik | 3205 - Hemşirelik ve Sağlık Hizmetleri | 3297 - Sağlık Memurluğu;14a697bb-e6ff-e511-80c6-a0369f7d1486
2016;3;390161061;Şanlıurfa Bozova Toplum Sağlığı Merkezi Dutluca Sağlık Evi;Ebe;Şanlıurfa;Lisans;1;;68.655;68.655;"4603;3155";4603 - Aşağıdaki lisans programlarından birinden mezun olmak. | 3155 - Ebelik;f4a597bb-e6ff-e511-80c6-a0369f7d1486
2016;3;390161135;Şanlıurfa Suruç Toplum Sağlığı Merkezi;Ebe;Şanlıurfa;Lisans;3;;68.593;69.617;"4603;3155";4603 - Aşağıdaki lisans programlarından birinden mezun olmak. | 3155 - Ebelik;19a697bb-e6ff-e511-80c6-a0369f7d1486
2016;3;390160391;Gümüşhane Şiran Devlet Hastanesi;Hemşire;Gümüşhane;Lisans;2;;68.534;71.036;"4605;3204;3205;3297";4605 - Aşağıdaki lisans programlarından birinden mezun olmak. | 3204 - Hemşirelik | 3205 - Hemşirelik ve Sağlık Hizmetleri | 3297 - Sağlık Memurluğu;cca297bb-e6ff-e511-80c6-a0369f7d1486
2016;3;390161123;Şanlıurfa Siverek Devlet Hastanesi;Ebe;Şanlıurfa;Lisans;2;;68.516;68.618;"4603;3155";4603 - Aşağıdaki lisans programlarından birinden mezun olmak. | 3155 - Ebelik;13a697bb-e6ff-e511-80c6-a0369f7d1486
2016;3;390160615;İstanbul Şişli Toplum Sağlığı Merkezi;Ebe;İstanbul;Lisans;2;;68.466;68.598;"4603;3155";4603 - Aşağıdaki lisans programlarından birinden mezun olmak. | 3155 - Ebelik;78a397bb-e6ff-e511-80c6-a0369f7d1486
2016;3;390160585;İstanbul Sağlık Bakanlığı İstanbul Medeniyet Üniversitesi Göztepe Eğitim ve Araştırma Hastanesi;Hemşire;İstanbul;Lisans;9;;68.391;72.464;"4605;3204;3205;3297";4605 - Aşağıdaki lisans programlarından birinden mezun olmak. | 3204 - Hemşirelik | 3205 - Hemşirelik ve Sağlık Hizmetleri | 3297 - Sağlık Memurluğu;69a397bb-e6ff-e511-80c6-a0369f7d1486
2016;3;390160157;Bayburt Devlet Hastanesi;Hemşire;Bayburt;Lisans;8;;68.38;69.08;"4605;3204;3205;3297";4605 - Aşağıdaki lisans programlarından birinden mezun olmak. | 3204 - Hemşirelik | 3205 - Hemşirelik ve Sağlık Hizmetleri | 3297 - Sağlık Memurluğu;b3a697bb-e6ff-e511-80c6-a0369f7d1486
2016;3;390160481;İstanbul Bakırköy Toplum Sağlığı Merkezi;Ebe;İstanbul;Lisans;2;;68.376;68.408;"4603;3155";4603 - Aşağıdaki lisans programlarından birinden mezun olmak. | 3155 - Ebelik;35a397bb-e6ff-e511-80c6-a0369f7d1486
2016;3;390160513;İstanbul Dr.Siyami Ersek Göğüs Kalp Ve Damar Cerrahisi Eğitim Ve Araştırma Hastanesi;Hemşire;İstanbul;Lisans;7;;68.373;71.031;"4605;3204;3205;3297";4605 - Aşağıdaki lisans programlarından birinden mezun olmak. | 3204 - Hemşirelik | 3205 - Hemşirelik ve Sağlık Hizmetleri | 3297 - Sağlık Memurluğu;45a397bb-e6ff-e511-80c6-a0369f7d1486
2016;3;390160309;Erzurum Aşkale İlce Devlet Hastanesi;Hemşire;Erzurum;Lisans;1;;68.36;68.36;"4605;3204;3205;3297";4605 - Aşağıdaki lisans programlarından birinden mezun olmak. | 3204 - Hemşirelik | 3205 - Hemşirelik ve Sağlık Hizmetleri | 3297 - Sağlık Memurluğu;6ba297bb-e6ff-e511-80c6-a0369f7d1486
2016;3;390160629;İstanbul Ümraniye Toplum Sağlığı Merkezi;Ebe;İstanbul;Lisans;8;;68.34;69.889;"4603;3155";4603 - Aşağıdaki lisans programlarından birinden mezun olmak. | 3155 - Ebelik;7fa397bb-e6ff-e511-80c6-a0369f7d1486
2016;3;390160359;Erzurum Şenkaya İlçe Devlet Hastanesi;Ebe;Erzurum;Lisans;1;;68.318;68.318;"4603;3155";4603 - Aşağıdaki lisans programlarından birinden mezun olmak. | 3155 - Ebelik;84a297bb-e6ff-e511-80c6-a0369f7d1486
2016;3;390160723;Kilis Devlet Hastanesi;Hemşire;Kilis;Lisans;29;;68.318;73.13;"4605;3204;3205;3297";4605 - Aşağıdaki lisans programlarından birinden mezun olmak. | 3204 - Hemşirelik | 3205 - Hemşirelik ve Sağlık Hizmetleri | 3297 - Sağlık Memurluğu;4ca797bb-e6ff-e511-80c6-a0369f7d1486
2016;3;390161107;Şanlıurfa Hilvan Toplum Sağlığı Merkezi Bargaç Sağlık Evi;Ebe;Şanlıurfa;Lisans;1;;68.299;68.299;"4603;3155";4603 - Aşağıdaki lisans programlarından birinden mezun olmak. | 3155 - Ebelik;0ba697bb-e6ff-e511-80c6-a0369f7d1486
2016;3;390160623;İstanbul Ümraniye Eğitim Ve Araştırma Hastanesi;Hemşire;İstanbul;Lisans;13;;68.288;70.648;"4605;3204;3205;3297";4605 - Aşağıdaki lisans programlarından birinden mezun olmak. | 3204 - Hemşirelik | 3205 - Hemşirelik ve Sağlık Hizmetleri | 3297 - Sağlık Memurluğu;7ca397bb-e6ff-e511-80c6-a0369f7d1486
2016;3;390160947;Siirt Kurtalan Devlet Hastanesi;Hemşire;Siirt;Lisans;4;;68.287;71.132;"4605;3204;3205;3297";4605 - Aşağıdaki lisans programlarından birinden mezun olmak. | 3204 - Hemşirelik | 3205 - Hemşirelik ve Sağlık Hizmetleri | 3297 - Sağlık Memurluğu;37a597bb-e6ff-e511-80c6-a0369f7d1486
2016;3;390160347;Erzurum Palandöken Devlet Hastanesi;Hemşire;Erzurum;Lisans;6;;68.272;68.952;"4605;3204;3205;3297";4605 - Aşağıdaki lisans programlarından birinden mezun olmak. | 3204 - Hemşirelik | 3205 - Hemşirelik ve Sağlık Hizmetleri | 3297 - Sağlık Memurluğu;7ea297bb-e6ff-e511-80c6-a0369f7d1486
2016;3;390160933;Siirt Devlet Hastanesi;Hemşire;Siirt;Lisans;7;;68.266;71.188;"4605;3204;3205;3297";4605 - Aşağıdaki lisans programlarından birinden mezun olmak. | 3204 - Hemşirelik | 3205 - Hemşirelik ve Sağlık Hizmetleri | 3297 - Sağlık Memurluğu;30a597bb-e6ff-e511-80c6-a0369f7d1486
2016;3;390161085;Şanlıurfa Halfeti Toplum Sağlığı Merkezi A.Göklü Sağlık Evi;Ebe;Şanlıurfa;Lisans;1;;68.255;68.255;"4603;3155";4603 - Aşağıdaki lisans programlarından birinden mezun olmak. | 3155 - Ebelik;00a697bb-e6ff-e511-80c6-a0369f7d1486
2016;3;390160869;Muş Merkez Toplum Sağlığı Merkezi;Ebe;Muş;Lisans;2;;68.228;72.926;"4603;3155";4603 - Aşağıdaki lisans programlarından birinden mezun olmak. | 3155 - Ebelik;e1a497bb-e6ff-e511-80c6-a0369f7d1486
2016;3;390160587;İstanbul Sancaktepe Toplum Sağlığı Merkezi;Ebe;İstanbul;Lisans;5;;68.217;69.176;"4603;3155";4603 - Aşağıdaki lisans programlarından birinden mezun olmak. | 3155 - Ebelik;6aa397bb-e6ff-e511-80c6-a0369f7d1486
2016;3;390160549;İstanbul Haydarpaşa Numune Eğitim ve Araştırma Hastanesi;Hemşire;İstanbul;Lisans;9;;68.193;70.325;"4605;3204;3205;3297";4605 - Aşağıdaki lisans programlarından birinden mezun olmak. | 3204 - Hemşirelik | 3205 - Hemşirelik ve Sağlık Hizmetleri | 3297 - Sağlık Memurluğu;57a397bb-e6ff-e511-80c6-a0369f7d1486
2016;3;390160921;Siirt Baykan Devlet Hastanesi;Hemşire;Siirt;Lisans;1;;68.186;68.186;"4605;3204;3205;3297";4605 - Aşağıdaki lisans programlarından birinden mezun olmak. | 3204 - Hemşirelik | 3205 - Hemşirelik ve Sağlık Hizmetleri | 3297 - Sağlık Memurluğu;2aa597bb-e6ff-e511-80c6-a0369f7d1486
2016;3;390160779;Mardin Devlet Hastanesi;Hemşire;Mardin;Lisans;9;;68.145;74.356;"4605;3204;3205;3297";4605 - Aşağıdaki lisans programlarından birinden mezun olmak. | 3204 - Hemşirelik | 3205 - Hemşirelik ve Sağlık Hizmetleri | 3297 - Sağlık Memurluğu;89a497bb-e6ff-e511-80c6-a0369f7d1486
2016;3;390160339;Erzurum Nenehatun Kadın Doğum Hastanesi;Hemşire;Erzurum;Lisans;3;;68.129;68.219;"4605;3204;3205;3297";4605 - Aşağıdaki lisans programlarından birinden mezun olmak. | 3204 - Hemşirelik | 3205 - Hemşirelik ve Sağlık Hizmetleri | 3297 - Sağlık Memurluğu;7aa297bb-e6ff-e511-80c6-a0369f7d1486
2016;3;390160461;İstanbul Avcılar Toplum Sağlığı Merkezi;Ebe;İstanbul;Lisans;6;;68.127;71.471;"4603;3155";4603 - Aşağıdaki lisans programlarından birinden mezun olmak. | 3155 - Ebelik;2ba397bb-e6ff-e511-80c6-a0369f7d1486
2016;3;390160353;Erzurum Pasinler İbrahim Hakkı Devlet Hastanesi;Hemşire;Erzurum;Lisans;1;;68.125;68.125;"4605;3204;3205;3297";4605 - Aşağıdaki lisans programlarından birinden mezun olmak. | 3204 - Hemşirelik | 3205 - Hemşirelik ve Sağlık Hizmetleri | 3297 - Sağlık Memurluğu;81a297bb-e6ff-e511-80c6-a0369f7d1486
2016;3;390161129;Şanlıurfa Suruç Devlet Hastanesi;Ebe;Şanlıurfa;Lisans;1;;68.122;68.122;"4603;3155";4603 - Aşağıdaki lisans programlarından birinden mezun olmak. | 3155 - Ebelik;16a697bb-e6ff-e511-80c6-a0369f7d1486
2016;3;390160897;Rize T.C. Sağlık Bakanlığı Rize Khb Recep Tayyip Erdoğan Üniversitesi Eğitim ve Araştırma Hastanesi;Hemşire;Rize;Lisans;13;;68.112;70.851;"4605;3204;3205;3297";4605 - Aşağıdaki lisans programlarından birinden mezun olmak. | 3204 - Hemşirelik | 3205 - Hemşirelik ve Sağlık Hizmetleri | 3297 - Sağlık Memurluğu;18a597bb-e6ff-e511-80c6-a0369f7d1486
2016;3;390160635;İstanbul Yedikule Göğüs Hastalıkları ve Göğüs Cerrahisi Eğitim ve Araştırma Hastanesi;Hemşire;İstanbul;Lisans;4;;68.074;69.801;"4605;3204;3205;3297";4605 - Aşağıdaki lisans programlarından birinden mezun olmak. | 3204 - Hemşirelik | 3205 - Hemşirelik ve Sağlık Hizmetleri | 3297 - Sağlık Memurluğu;82a397bb-e6ff-e511-80c6-a0369f7d1486
2016;3;390160249;Diyarbakır Ergani Toplum Sağlığı Merkezi;Ebe;Diyarbakır;Lisans;3;;68.072;70.09;"4603;3155";4603 - Aşağıdaki lisans programlarından birinden mezun olmak. | 3155 - Ebelik;07a297bb-e6ff-e511-80c6-a0369f7d1486
2016;3;390161113;Şanlıurfa Kadın Hastalıkları ve Doğum Hastanesi;Hemşire;Şanlıurfa;Lisans;7;;68.039;78.664;"4605;3204;3205;3297";4605 - Aşağıdaki lisans programlarından birinden mezun olmak. | 3204 - Hemşirelik | 3205 - Hemşirelik ve Sağlık Hizmetleri | 3297 - Sağlık Memurluğu;0ea697bb-e6ff-e511-80c6-a0369f7d1486
2016;3;390160365;Erzurum Tortum İlçe Devlet Hastanesi;Hemşire;Erzurum;Lisans;1;;68.028;68.028;"4605;3204;3205;3297";4605 - Aşağıdaki lisans programlarından birinden mezun olmak. | 3204 - Hemşirelik | 3205 - Hemşirelik ve Sağlık Hizmetleri | 3297 - Sağlık Memurluğu;87a297bb-e6ff-e511-80c6-a0369f7d1486
2016;3;390160511;İstanbul Çekmekoy Toplum Sağlığı Merkezi;Ebe;İstanbul;Lisans;2;;67.999;68.092;"4603;3155";4603 - Aşağıdaki lisans programlarından birinden mezun olmak. | 3155 - Ebelik;44a397bb-e6ff-e511-80c6-a0369f7d1486
2016;3;390160637;İstanbul Zeynep Kamil Kadın Ve Çocuk Hastalıkları Eğitim Ve Araştırma Hastanesi;Hemşire;İstanbul;Lisans;7;;67.995;68.545;"4605;3204;3205;3297";4605 - Aşağıdaki lisans programlarından birinden mezun olmak. | 3204 - Hemşirelik | 3205 - Hemşirelik ve Sağlık Hizmetleri | 3297 - Sağlık Memurluğu;83a397bb-e6ff-e511-80c6-a0369f7d1486
2016;3;390160579;İstanbul Okmeydanı Eğitim ve Araştırma Hastanesi;Sağlık Fizikçisi;İstanbul;Lisans;1;;67.958;67.958;7335;7335 - (Bakınız Başvurma Özel Şartları Bölümü Sağlık Fizikçisi);66a397bb-e6ff-e511-80c6-a0369f7d1486
2016;3;390160503;İstanbul Beylikdüzü Toplum Sağlığı Merkezi;Ebe;İstanbul;Lisans;3;;67.944;68.037;"4603;3155";4603 - Aşağıdaki lisans programlarından birinden mezun olmak. | 3155 - Ebelik;40a397bb-e6ff-e511-80c6-a0369f7d1486
2016;3;390160329;Erzurum Horasan Devlet Hastanesi;Hemşire;Erzurum;Lisans;2;;67.913;68.017;"4605;3204;3205;3297";4605 - Aşağıdaki lisans programlarından birinden mezun olmak. | 3204 - Hemşirelik | 3205 - Hemşirelik ve Sağlık Hizmetleri | 3297 - Sağlık Memurluğu;75a297bb-e6ff-e511-80c6-a0369f7d1486
2016;3;390160545;İstanbul Haseki Eğitim ve Araştırma Hastanesi;Hemşire;İstanbul;Lisans;11;;67.889;71.067;"4605;3204;3205;3297";4605 - Aşağıdaki lisans programlarından birinden mezun olmak. | 3204 - Hemşirelik | 3205 - Hemşirelik ve Sağlık Hizmetleri | 3297 - Sağlık Memurluğu;55a397bb-e6ff-e511-80c6-a0369f7d1486
2016;3;390160345;Erzurum Olur İlçe Devlet Hastanesi;Ebe;Erzurum;Lisans;1;;67.874;67.874;"4603;3155";4603 - Aşağıdaki lisans programlarından birinden mezun olmak. | 3155 - Ebelik;7da297bb-e6ff-e511-80c6-a0369f7d1486
2016;3;390160399;Hakkari Çukurca Toplum Sağlığı Merkezi;Hemşire;Hakkari;Lisans;1;;67.863;67.863;"4605;3204;3205;3297";4605 - Aşağıdaki lisans programlarından birinden mezun olmak. | 3204 - Hemşirelik | 3205 - Hemşirelik ve Sağlık Hizmetleri | 3297 - Sağlık Memurluğu;03a397bb-e6ff-e511-80c6-a0369f7d1486
2016;3;390160515;İstanbul Eğitim ve Araştırma Hastanesi;Hemşire;İstanbul;Lisans;13;;67.834;68.941;"4605;3204;3205;3297";4605 - Aşağıdaki lisans programlarından birinden mezun olmak. | 3204 - Hemşirelik | 3205 - Hemşirelik ve Sağlık Hizmetleri | 3297 - Sağlık Memurluğu;46a397bb-e6ff-e511-80c6-a0369f7d1486
2016;3;390160531;İstanbul Eyüp Toplum Sağlığı Merkezi;Ebe;İstanbul;Lisans;5;;67.834;69.7;"4603;3155";4603 - Aşağıdaki lisans programlarından birinden mezun olmak. | 3155 - Ebelik;4ea397bb-e6ff-e511-80c6-a0369f7d1486
2016;3;390160707;Kars Selim İlçe Devlet Hastanesi;Hemşire;Kars;Lisans;1;;67.795;67.795;"4605;3204;3205;3297";4605 - Aşağıdaki lisans programlarından birinden mezun olmak. | 3204 - Hemşirelik | 3205 - Hemşirelik ve Sağlık Hizmetleri | 3297 - Sağlık Memurluğu;dea397bb-e6ff-e511-80c6-a0369f7d1486
2016;3;390161117;Şanlıurfa Mehmet Akif İnan Eğitim ve Araştırma Hastanesi;Hemşire;Şanlıurfa;Lisans;22;;67.77;73.493;"4605;3204;3205;3297";4605 - Aşağıdaki lisans programlarından birinden mezun olmak. | 3204 - Hemşirelik | 3205 - Hemşirelik ve Sağlık Hizmetleri | 3297 - Sağlık Memurluğu;10a697bb-e6ff-e511-80c6-a0369f7d1486
2016;3;390161149;Şanlıurfa Viranşehir Devlet Hastanesi;Hemşire;Şanlıurfa;Lisans;11;;67.757;68.644;"4605;3204;3205;3297";4605 - Aşağıdaki lisans programlarından birinden mezun olmak. | 3204 - Hemşirelik | 3205 - Hemşirelik ve Sağlık Hizmetleri | 3297 - Sağlık Memurluğu;20a697bb-e6ff-e511-80c6-a0369f7d1486
2016;3;390160597;İstanbul Sultanbeyli Toplum Sağlığı Merkezi;Ebe;İstanbul;Lisans;5;;67.738;69.152;"4603;3155";4603 - Aşağıdaki lisans programlarından birinden mezun olmak. | 3155 - Ebelik;6fa397bb-e6ff-e511-80c6-a0369f7d1486
2016;3;390160507;İstanbul Büyükçekmece Toplum Sağlığı Merkezi;Ebe;İstanbul;Lisans;3;;67.724;68.052;"4603;3155";4603 - Aşağıdaki lisans programlarından birinden mezun olmak. | 3155 - Ebelik;42a397bb-e6ff-e511-80c6-a0369f7d1486
2016;3;390161087;Şanlıurfa Halfeti Toplum Sağlığı Merkezi Dergili Sağlık Evi;Ebe;Şanlıurfa;Lisans;1;;67.722;67.722;"4603;3155";4603 - Aşağıdaki lisans programlarından birinden mezun olmak. | 3155 - Ebelik;01a697bb-e6ff-e511-80c6-a0369f7d1486
2016;3;390161147;Şanlıurfa Viranşehir Devlet Hastanesi;Ebe;Şanlıurfa;Lisans;2;;67.713;68.558;"4603;3155";4603 - Aşağıdaki lisans programlarından birinden mezun olmak. | 3155 - Ebelik;1fa697bb-e6ff-e511-80c6-a0369f7d1486
2016;3;390160815;Mardin Ömerli İlçe Devlet Hastanesi;Hemşire;Mardin;Lisans;1;;67.687;67.687;"4605;3204;3205;3297";4605 - Aşağıdaki lisans programlarından birinden mezun olmak. | 3204 - Hemşirelik | 3205 - Hemşirelik ve Sağlık Hizmetleri | 3297 - Sağlık Memurluğu;9ba497bb-e6ff-e511-80c6-a0369f7d1486
2016;3;390160803;Mardin Midyat Devlet Hastanesi;Hemşire;Mardin;Lisans;7;;67.68;82.629;"4605;3204;3205;3297";4605 - Aşağıdaki lisans programlarından birinden mezun olmak. | 3204 - Hemşirelik | 3205 - Hemşirelik ve Sağlık Hizmetleri | 3297 - Sağlık Memurluğu;95a497bb-e6ff-e511-80c6-a0369f7d1486
2016;3;390160795;Mardin Kızıltepe Devlet Hastanesi;Hemşire;Mardin;Lisans;9;;67.656;69.907;"4605;3204;3205;3297";4605 - Aşağıdaki lisans programlarından birinden mezun olmak. | 3204 - Hemşirelik | 3205 - Hemşirelik ve Sağlık Hizmetleri | 3297 - Sağlık Memurluğu;91a497bb-e6ff-e511-80c6-a0369f7d1486
2016;3;390161097;Şanlıurfa Harran Toplum Sağlığı Merkezi;Ebe;Şanlıurfa;Lisans;5;;67.641;69.295;"4603;3155";4603 - Aşağıdaki lisans programlarından birinden mezun olmak. | 3155 - Ebelik;06a697bb-e6ff-e511-80c6-a0369f7d1486
2016;3;390160367;Erzurum Uzundere Şehit İhsan Erdoğan İlçe Devlet Hastanesi;Hemşire;Erzurum;Lisans;1;;67.63;67.63;"4605;3204;3205;3297";4605 - Aşağıdaki lisans programlarından birinden mezun olmak. | 3204 - Hemşirelik | 3205 - Hemşirelik ve Sağlık Hizmetleri | 3297 - Sağlık Memurluğu;88a297bb-e6ff-e511-80c6-a0369f7d1486
2016;3;390161253;Van Erciş Devlet Hastanesi;Hemşire;Van;Lisans;2;;67.614;67.885;"4605;3204;3205;3297";4605 - Aşağıdaki lisans programlarından birinden mezun olmak. | 3204 - Hemşirelik | 3205 - Hemşirelik ve Sağlık Hizmetleri | 3297 - Sağlık Memurluğu;6ba697bb-e6ff-e511-80c6-a0369f7d1486
2016;3;390160211;Bitlis Tatvan Devlet Hastanesi;Hemşire;Bitlis;Lisans;7;;67.603;69.038;"4605;3204;3205;3297";4605 - Aşağıdaki lisans programlarından birinden mezun olmak. | 3204 - Hemşirelik | 3205 - Hemşirelik ve Sağlık Hizmetleri | 3297 - Sağlık Memurluğu;baa197bb-e6ff-e511-80c6-a0369f7d1486
2016;3;390160505;İstanbul Beyoğlu Toplum Sağlığı Merkezi;Ebe;İstanbul;Lisans;3;;67.579;71.489;"4603;3155";4603 - Aşağıdaki lisans programlarından birinden mezun olmak. | 3155 - Ebelik;41a397bb-e6ff-e511-80c6-a0369f7d1486
2016;3;390161105;Şanlıurfa Hilvan Toplum Sağlığı Merkezi Aşağıçatak Sağlık Evi;Ebe;Şanlıurfa;Lisans;1;;67.531;67.531;"4603;3155";4603 - Aşağıdaki lisans programlarından birinden mezun olmak. | 3155 - Ebelik;0aa697bb-e6ff-e511-80c6-a0369f7d1486
2016;3;390160455;İstanbul Arnavutköy Toplum Sağlığı Merkezi;Ebe;İstanbul;Lisans;5;;67.526;68.756;"4603;3155";4603 - Aşağıdaki lisans programlarından birinden mezun olmak. | 3155 - Ebelik;28a397bb-e6ff-e511-80c6-a0369f7d1486
2016;3;390160431;Hakkari Yüksekova Toplum Sağlığı Merkezi;Hemşire;Hakkari;Lisans;1;;67.518;67.518;"4605;3204;3205;3297";4605 - Aşağıdaki lisans programlarından birinden mezun olmak. | 3204 - Hemşirelik | 3205 - Hemşirelik ve Sağlık Hizmetleri | 3297 - Sağlık Memurluğu;13a397bb-e6ff-e511-80c6-a0369f7d1486
2016;3;390160113;Ardahan Devlet Hastanesi;Hemşire;Ardahan;Lisans;5;;67.515;71.364;"4605;3204;3205;3297";4605 - Aşağıdaki lisans programlarından birinden mezun olmak. | 3204 - Hemşirelik | 3205 - Hemşirelik ve Sağlık Hizmetleri | 3297 - Sağlık Memurluğu;10a797bb-e6ff-e511-80c6-a0369f7d1486
2016;3;390160315;Erzurum Bölge Eğitim ve Araştırma Hastanesi;Hemşire;Erzurum;Lisans;26;;67.504;69.124;"4605;3204;3205;3297";4605 - Aşağıdaki lisans programlarından birinden mezun olmak. | 3204 - Hemşirelik | 3205 - Hemşirelik ve Sağlık Hizmetleri | 3297 - Sağlık Memurluğu;6ea297bb-e6ff-e511-80c6-a0369f7d1486
2016;3;390160819;Mardin Savur İlçe Devlet Hastanesi;Hemşire;Mardin;Lisans;2;;67.493;67.654;"4605;3204;3205;3297";4605 - Aşağıdaki lisans programlarından birinden mezun olmak. | 3204 - Hemşirelik | 3205 - Hemşirelik ve Sağlık Hizmetleri | 3297 - Sağlık Memurluğu;9da497bb-e6ff-e511-80c6-a0369f7d1486
2016;3;390160111;Ardahan Devlet Hastanesi;Ebe;Ardahan;Lisans;4;;67.487;69.139;"4603;3155";4603 - Aşağıdaki lisans programlarından birinden mezun olmak. | 3155 - Ebelik;0fa797bb-e6ff-e511-80c6-a0369f7d1486
2016;3;390160483;İstanbul Başakşehir Toplum Sağlığı Merkezi;Ebe;İstanbul;Lisans;4;;67.482;70.079;"4603;3155";4603 - Aşağıdaki lisans programlarından birinden mezun olmak. | 3155 - Ebelik;36a397bb-e6ff-e511-80c6-a0369f7d1486
2016;3;390160527;İstanbul Esenyurt Toplum Sağlığı Merkezi;Ebe;İstanbul;Lisans;13;;67.476;70.052;"4603;3155";4603 - Aşağıdaki lisans programlarından birinden mezun olmak. | 3155 - Ebelik;4ca397bb-e6ff-e511-80c6-a0369f7d1486
2016;3;390160535;İstanbul Fatih Toplum Sağlığı Merkezi;Ebe;İstanbul;Lisans;5;;67.473;68.736;"4603;3155";4603 - Aşağıdaki lisans programlarından birinden mezun olmak. | 3155 - Ebelik;50a397bb-e6ff-e511-80c6-a0369f7d1486
2016;3;390160335;Erzurum Karayazı Türk Eczacıları Birliği İlçe Devlet Hastanesi;Hemşire;Erzurum;Lisans;1;;67.465;67.465;"4605;3204;3205;3297";4605 - Aşağıdaki lisans programlarından birinden mezun olmak. | 3204 - Hemşirelik | 3205 - Hemşirelik ve Sağlık Hizmetleri | 3297 - Sağlık Memurluğu;78a297bb-e6ff-e511-80c6-a0369f7d1486
2016;3;390160361;Erzurum Tekman Şehit Piyade Çavuş Muhammet Binici Devlet Hastanesi;Hemşire;Erzurum;Lisans;2;;67.452;67.522;"4605;3204;3205;3297";4605 - Aşağıdaki lisans programlarından birinden mezun olmak. | 3204 - Hemşirelik | 3205 - Hemşirelik ve Sağlık Hizmetleri | 3297 - Sağlık Memurluğu;85a297bb-e6ff-e511-80c6-a0369f7d1486
2016;3;390160639;İstanbul Zeytinburnu Toplum Sağlığı Merkezi;Ebe;İstanbul;Lisans;6;;67.425;71.522;"4603;3155";4603 - Aşağıdaki lisans programlarından birinden mezun olmak. | 3155 - Ebelik;84a397bb-e6ff-e511-80c6-a0369f7d1486
2016;3;390160641;İzmir Sağlık Bakanlığı İzmir Katip Çelebi Üniversitesi Atatürk Eğitim ve Araştırma Hastanesi;Perfüzyonist;İzmir;Lisans;1;;67.405;67.405;7334;7334 - (Bakınız Başvurma Özel Şartları Bölümü Perfüzyonist).;cba397bb-e6ff-e511-80c6-a0369f7d1486
2016;3;390160841;Muş Devlet Hastanesi;Hemşire;Muş;Lisans;13;;67.381;69.339;"4605;3204;3205;3297";4605 - Aşağıdaki lisans programlarından birinden mezun olmak. | 3204 - Hemşirelik | 3205 - Hemşirelik ve Sağlık Hizmetleri | 3297 - Sağlık Memurluğu;d3a497bb-e6ff-e511-80c6-a0369f7d1486
2016;3;390160471;İstanbul Bahçelievler Toplum Sağlığı Merkezi;Ebe;İstanbul;Lisans;7;;67.372;69.22;"4603;3155";4603 - Aşağıdaki lisans programlarından birinden mezun olmak. | 3155 - Ebelik;30a397bb-e6ff-e511-80c6-a0369f7d1486
2016;3;390161247;Van Eğitim ve Araştırma Hastanesi;Hemşire;Van;Lisans;6;;67.366;70.761;"4605;3204;3205;3297";4605 - Aşağıdaki lisans programlarından birinden mezun olmak. | 3204 - Hemşirelik | 3205 - Hemşirelik ve Sağlık Hizmetleri | 3297 - Sağlık Memurluğu;68a697bb-e6ff-e511-80c6-a0369f7d1486
2016;3;390160117;Ardahan Hanak Toplum Sağlığı Merkezi;Ebe;Ardahan;Lisans;2;;67.363;68.325;"4603;3155";4603 - Aşağıdaki lisans programlarından birinden mezun olmak. | 3155 - Ebelik;12a797bb-e6ff-e511-80c6-a0369f7d1486
2016;3;390160187;Bitlis Devlet Hastanesi;Hemşire;Bitlis;Lisans;10;;67.333;69.973;"4605;3204;3205;3297";4605 - Aşağıdaki lisans programlarından birinden mezun olmak. | 3204 - Hemşirelik | 3205 - Hemşirelik ve Sağlık Hizmetleri | 3297 - Sağlık Memurluğu;aea197bb-e6ff-e511-80c6-a0369f7d1486
2016;3;390160735;Konya Eğitim ve Araştırma Hastanesi;Sağlık Fizikçisi;Konya;Lisans;1;;67.326;67.326;7335;7335 - (Bakınız Başvurma Özel Şartları Bölümü Sağlık Fizikçisi);2ea497bb-e6ff-e511-80c6-a0369f7d1486
2016;3;390160567;İstanbul Küçükçekmece Toplum Sağlığı Merkezi;Ebe;İstanbul;Lisans;10;;67.315;68.904;"4603;3155";4603 - Aşağıdaki lisans programlarından birinden mezun olmak. | 3155 - Ebelik;60a397bb-e6ff-e511-80c6-a0369f7d1486
2016;3;390160589;İstanbul Sarıyer Toplum Sağlığı Merkezi;Ebe;İstanbul;Lisans;2;;67.313;68.778;"4603;3155";4603 - Aşağıdaki lisans programlarından birinden mezun olmak. | 3155 - Ebelik;6ba397bb-e6ff-e511-80c6-a0369f7d1486
2016;3;390161057;Şanlıurfa Bozova Toplum Sağlığı Merkezi Arıkök Sağlık Evi;Ebe;Şanlıurfa;Lisans;1;;67.247;67.247;"4603;3155";4603 - Aşağıdaki lisans programlarından birinden mezun olmak. | 3155 - Ebelik;f2a597bb-e6ff-e511-80c6-a0369f7d1486
2016;3;390160847;Muş Hasköy Devlet Hastanesi;Hemşire;Muş;Lisans;1;;67.238;67.238;"4605;3204;3205;3297";4605 - Aşağıdaki lisans programlarından birinden mezun olmak. | 3204 - Hemşirelik | 3205 - Hemşirelik ve Sağlık Hizmetleri | 3297 - Sağlık Memurluğu;d6a497bb-e6ff-e511-80c6-a0369f7d1486
2016;3;390160557;İstanbul Kağıthane Toplum Sağlığı Merkezi;Ebe;İstanbul;Lisans;7;;67.236;68.976;"4603;3155";4603 - Aşağıdaki lisans programlarından birinden mezun olmak. | 3155 - Ebelik;5ba397bb-e6ff-e511-80c6-a0369f7d1486
2016;3;390160467;İstanbul Bağcılar Toplum Sağlığı Merkezi;Ebe;İstanbul;Lisans;11;;67.231;68.714;"4603;3155";4603 - Aşağıdaki lisans programlarından birinden mezun olmak. | 3155 - Ebelik;2ea397bb-e6ff-e511-80c6-a0369f7d1486
2016;3;390161225;Van Başkale Devlet Hastanesi;Hemşire;Van;Lisans;2;;67.214;67.597;"4605;3204;3205;3297";4605 - Aşağıdaki lisans programlarından birinden mezun olmak. | 3204 - Hemşirelik | 3205 - Hemşirelik ve Sağlık Hizmetleri | 3297 - Sağlık Memurluğu;5da697bb-e6ff-e511-80c6-a0369f7d1486
2016;3;390160179;Bitlis Ahlat Devlet Hastanesi;Hemşire;Bitlis;Lisans;3;;67.198;68.043;"4605;3204;3205;3297";4605 - Aşağıdaki lisans programlarından birinden mezun olmak. | 3204 - Hemşirelik | 3205 - Hemşirelik ve Sağlık Hizmetleri | 3297 - Sağlık Memurluğu;aaa197bb-e6ff-e511-80c6-a0369f7d1486
2016;3;390160805;Mardin Midyat Toplum Sağlığı Merkezi;Ebe;Mardin;Lisans;2;;67.196;71.971;"4603;3155";4603 - Aşağıdaki lisans programlarından birinden mezun olmak. | 3155 - Ebelik;96a497bb-e6ff-e511-80c6-a0369f7d1486
2016;3;390160687;Kars Harakani Devlet Hastanesi;Hemşire;Kars;Lisans;4;;67.192;67.397;"4605;3204;3205;3297";4605 - Aşağıdaki lisans programlarından birinden mezun olmak. | 3204 - Hemşirelik | 3205 - Hemşirelik ve Sağlık Hizmetleri | 3297 - Sağlık Memurluğu;d4a397bb-e6ff-e511-80c6-a0369f7d1486
2016;3;390160097;Ağrı Tutak İlçe Devlet Hastanesi;Hemşire;Ağrı;Lisans;1;;67.185;67.185;"4605;3204;3205;3297";4605 - Aşağıdaki lisans programlarından birinden mezun olmak. | 3204 - Hemşirelik | 3205 - Hemşirelik ve Sağlık Hizmetleri | 3297 - Sağlık Memurluğu;42a197bb-e6ff-e511-80c6-a0369f7d1486
2016;3;390160123;Ardahan Posof İlçe Devlet Hastanesi;Ebe;Ardahan;Lisans;1;;67.185;67.185;"4603;3155";4603 - Aşağıdaki lisans programlarından birinden mezun olmak. | 3155 - Ebelik;15a797bb-e6ff-e511-80c6-a0369f7d1486
2016;3;390161111;Şanlıurfa Hilvan Toplum Sağlığı Merkezi Kuskunlu Sağlık Evi;Ebe;Şanlıurfa;Lisans;1;;67.181;67.181;"4603;3155";4603 - Aşağıdaki lisans programlarından birinden mezun olmak. | 3155 - Ebelik;0da697bb-e6ff-e511-80c6-a0369f7d1486
2016;3;390160071;Ağrı Hamur İlçe Devlet Hastanesi;Hemşire;Ağrı;Lisans;1;;67.141;67.141;"4605;3204;3205;3297";4605 - Aşağıdaki lisans programlarından birinden mezun olmak. | 3204 - Hemşirelik | 3205 - Hemşirelik ve Sağlık Hizmetleri | 3297 - Sağlık Memurluğu;35a197bb-e6ff-e511-80c6-a0369f7d1486
2016;3;390160525;İstanbul Esenler Toplum Sağlığı Merkezi;Ebe;İstanbul;Lisans;6;;67.119;68.138;"4603;3155";4603 - Aşağıdaki lisans programlarından birinden mezun olmak. | 3155 - Ebelik;4ba397bb-e6ff-e511-80c6-a0369f7d1486
2016;3;390160695;Kars Kağızman Devlet Hastanesi;Hemşire;Kars;Lisans;4;;67.119;67.843;"4605;3204;3205;3297";4605 - Aşağıdaki lisans programlarından birinden mezun olmak. | 3204 - Hemşirelik | 3205 - Hemşirelik ve Sağlık Hizmetleri | 3297 - Sağlık Memurluğu;d8a397bb-e6ff-e511-80c6-a0369f7d1486
2016;3;390160147;Batman Merkez 1 Nolu Toplum Sağlığı Merkezi;Ebe;Batman;Lisans;15;;67.113;68.591;"4603;3155";4603 - Aşağıdaki lisans programlarından birinden mezun olmak. | 3155 - Ebelik;c3a697bb-e6ff-e511-80c6-a0369f7d1486
2016;3;390160791;Mardin Kadın Doğum ve Çocuk Hastalıkları Hastanesi;Ebe;Mardin;Lisans;2;;67.113;67.623;"4603;3155";4603 - Aşağıdaki lisans programlarından birinden mezun olmak. | 3155 - Ebelik;8fa497bb-e6ff-e511-80c6-a0369f7d1486
2016;3;390160191;Bitlis Güroymak Devlet Hastanesi;Hemşire;Bitlis;Lisans;2;;67.104;69.407;"4605;3204;3205;3297";4605 - Aşağıdaki lisans programlarından birinden mezun olmak. | 3204 - Hemşirelik | 3205 - Hemşirelik ve Sağlık Hizmetleri | 3297 - Sağlık Memurluğu;b0a197bb-e6ff-e511-80c6-a0369f7d1486
2016;3;390161153;Şanlıurfa Viranşehir Toplum Sağlığı Merkezi;Ebe;Şanlıurfa;Lisans;6;;67.058;71.055;"4603;3155";4603 - Aşağıdaki lisans programlarından birinden mezun olmak. | 3155 - Ebelik;22a697bb-e6ff-e511-80c6-a0369f7d1486
2016;3;390161065;Şanlıurfa Ceylanpınar Toplum Sağlığı Merkezi;Ebe;Şanlıurfa;Lisans;3;;67.055;67.403;"4603;3155";4603 - Aşağıdaki lisans programlarından birinden mezun olmak. | 3155 - Ebelik;f6a597bb-e6ff-e511-80c6-a0369f7d1486
2016;3;390161143;Şanlıurfa Suruç Toplum Sağlığı Merkezi Ziyaret Sağlık Evi;Ebe;Şanlıurfa;Lisans;1;;67.051;67.051;"4603;3155";4603 - Aşağıdaki lisans programlarından birinden mezun olmak. | 3155 - Ebelik;1da697bb-e6ff-e511-80c6-a0369f7d1486
2016;3;390160035;Ağrı Devlet Hastanesi;Hemşire;Ağrı;Lisans;9;;67.049;69.117;"4605;3204;3205;3297";4605 - Aşağıdaki lisans programlarından birinden mezun olmak. | 3204 - Hemşirelik | 3205 - Hemşirelik ve Sağlık Hizmetleri | 3297 - Sağlık Memurluğu;23a197bb-e6ff-e511-80c6-a0369f7d1486
2016;3;390160543;İstanbul Güngören Toplum Sağlığı Merkezi;Ebe;İstanbul;Lisans;4;;67.044;68.041;"4603;3155";4603 - Aşağıdaki lisans programlarından birinden mezun olmak. | 3155 - Ebelik;54a397bb-e6ff-e511-80c6-a0369f7d1486
2016;3;390160673;Kars Akyaka İlçe Devlet Hastanesi;Hemşire;Kars;Lisans;2;;67.042;67.878;"4605;3204;3205;3297";4605 - Aşağıdaki lisans programlarından birinden mezun olmak. | 3204 - Hemşirelik | 3205 - Hemşirelik ve Sağlık Hizmetleri | 3297 - Sağlık Memurluğu;cda397bb-e6ff-e511-80c6-a0369f7d1486
2016;3;390160489;İstanbul Bayrampaşa Toplum Sağlığı Merkezi;Ebe;İstanbul;Lisans;3;;67.02;67.232;"4603;3155";4603 - Aşağıdaki lisans programlarından birinden mezun olmak. | 3155 - Ebelik;39a397bb-e6ff-e511-80c6-a0369f7d1486
2016;3;390160701;Kars Sarıkamış Devlet Hastanesi;Hemşire;Kars;Lisans;2;;67.016;67.106;"4605;3204;3205;3297";4605 - Aşağıdaki lisans programlarından birinden mezun olmak. | 3204 - Hemşirelik | 3205 - Hemşirelik ve Sağlık Hizmetleri | 3297 - Sağlık Memurluğu;dba397bb-e6ff-e511-80c6-a0369f7d1486
2016;3;390160053;Ağrı Doğubeyazıt Dr.Yaşar Eryılmaz Devlet Hastanesi;Hemşire;Ağrı;Lisans;4;;67.003;67.801;"4605;3204;3205;3297";4605 - Aşağıdaki lisans programlarından birinden mezun olmak. | 3204 - Hemşirelik | 3205 - Hemşirelik ve Sağlık Hizmetleri | 3297 - Sağlık Memurluğu;2ca197bb-e6ff-e511-80c6-a0369f7d1486
2016;3;390160677;Kars Arpaçay İlçe Devlet Hastanesi;Hemşire;Kars;Lisans;2;;66.996;67.293;"4605;3204;3205;3297";4605 - Aşağıdaki lisans programlarından birinden mezun olmak. | 3204 - Hemşirelik | 3205 - Hemşirelik ve Sağlık Hizmetleri | 3297 - Sağlık Memurluğu;cfa397bb-e6ff-e511-80c6-a0369f7d1486
2016;3;390161033;Şanlıurfa Akçakale Toplum Sağlığı Merkezi Guneren Sağlık Evi;Ebe;Şanlıurfa;Lisans;1;;66.983;66.983;"4603;3155";4603 - Aşağıdaki lisans programlarından birinden mezun olmak. | 3155 - Ebelik;e6a597bb-e6ff-e511-80c6-a0369f7d1486
2016;3;390160875;Muş Varto Devlet Hastanesi;Hemşire;Muş;Lisans;4;;66.968;67.302;"4605;3204;3205;3297";4605 - Aşağıdaki lisans programlarından birinden mezun olmak. | 3204 - Hemşirelik | 3205 - Hemşirelik ve Sağlık Hizmetleri | 3297 - Sağlık Memurluğu;e4a497bb-e6ff-e511-80c6-a0369f7d1486
2016;3;390160537;İstanbul Gaziosmanpaşa Toplum Sağlığı Merkezi;Ebe;İstanbul;Lisans;8;;66.965;69.117;"4603;3155";4603 - Aşağıdaki lisans programlarından birinden mezun olmak. | 3155 - Ebelik;51a397bb-e6ff-e511-80c6-a0369f7d1486
2016;3;390161029;Şanlıurfa Akçakale Toplum Sağlığı Merkezi;Ebe;Şanlıurfa;Lisans;4;;66.961;67.251;"4603;3155";4603 - Aşağıdaki lisans programlarından birinden mezun olmak. | 3155 - Ebelik;e4a597bb-e6ff-e511-80c6-a0369f7d1486
2016;3;390160827;Mus Bulanık Devlet Hastanesi;Hemşire;Muş;Lisans;4;;66.95;67.172;"4605;3204;3205;3297";4605 - Aşağıdaki lisans programlarından birinden mezun olmak. | 3204 - Hemşirelik | 3205 - Hemşirelik ve Sağlık Hizmetleri | 3297 - Sağlık Memurluğu;cca497bb-e6ff-e511-80c6-a0369f7d1486
2016;3;390161139;Şanlıurfa Suruç Toplum Sağlığı Merkezi A.Karıncalı Sağlık Evi;Ebe;Şanlıurfa;Lisans;1;;66.939;66.939;"4603;3155";4603 - Aşağıdaki lisans programlarından birinden mezun olmak. | 3155 - Ebelik;1ba697bb-e6ff-e511-80c6-a0369f7d1486
2016;3;390161059;Şanlıurfa Bozova Toplum Sağlığı Merkezi Denizcibacı Sağlık Evi;Ebe;Şanlıurfa;Lisans;1;;66.917;66.917;"4603;3155";4603 - Aşağıdaki lisans programlarından birinden mezun olmak. | 3155 - Ebelik;f3a597bb-e6ff-e511-80c6-a0369f7d1486
2016;3;390160767;Mardin Dargeçit İlçe Devlet Hastanesi;Hemşire;Mardin;Lisans;2;;66.888;67.476;"4605;3204;3205;3297";4605 - Aşağıdaki lisans programlarından birinden mezun olmak. | 3204 - Hemşirelik | 3205 - Hemşirelik ve Sağlık Hizmetleri | 3297 - Sağlık Memurluğu;83a497bb-e6ff-e511-80c6-a0369f7d1486
2016;3;390160601;İstanbul Sultangazi Toplum Sağlığı Merkezi;Ebe;İstanbul;Lisans;5;;66.833;67.003;"4603;3155";4603 - Aşağıdaki lisans programlarından birinden mezun olmak. | 3155 - Ebelik;71a397bb-e6ff-e511-80c6-a0369f7d1486
2016;3;390161109;Şanlıurfa Hilvan Toplum Sağlığı Merkezi Kavalık Sağlık Evi;Ebe;Şanlıurfa;Lisans;1;;66.827;66.827;"4603;3155";4603 - Aşağıdaki lisans programlarından birinden mezun olmak. | 3155 - Ebelik;0ca697bb-e6ff-e511-80c6-a0369f7d1486
2016;3;390161141;Şanlıurfa Suruç Toplum Sağlığı Merkezi Karaca Sağlık Evi;Ebe;Şanlıurfa;Lisans;1;;66.82;66.82;"4603;3155";4603 - Aşağıdaki lisans programlarından birinden mezun olmak. | 3155 - Ebelik;1ca697bb-e6ff-e511-80c6-a0369f7d1486
2016;3;390160939;Siirt Eruh Devlet Hastanesi;Hemşire;Siirt;Lisans;2;;66.816;67.454;"4605;3204;3205;3297";4605 - Aşağıdaki lisans programlarından birinden mezun olmak. | 3204 - Hemşirelik | 3205 - Hemşirelik ve Sağlık Hizmetleri | 3297 - Sağlık Memurluğu;33a597bb-e6ff-e511-80c6-a0369f7d1486
2016;3;390160325;Erzurum Hınıs Toplum Sağlığı Merkezi;Ebe;Erzurum;Lisans;2;;66.78;67.738;"4603;3155";4603 - Aşağıdaki lisans programlarından birinden mezun olmak. | 3155 - Ebelik;73a297bb-e6ff-e511-80c6-a0369f7d1486
2016;3;390160209;Bitlis Tatvan Devlet Hastanesi;Ebe;Bitlis;Lisans;4;;66.772;70.382;"4603;3155";4603 - Aşağıdaki lisans programlarından birinden mezun olmak. | 3155 - Ebelik;b9a197bb-e6ff-e511-80c6-a0369f7d1486
2016;3;390161185;Şırnak İdil Devlet Hastanesi;Hemşire;Şırnak;Lisans;2;;66.767;67.348;"4605;3204;3205;3297";4605 - Aşağıdaki lisans programlarından birinden mezun olmak. | 3204 - Hemşirelik | 3205 - Hemşirelik ve Sağlık Hizmetleri | 3297 - Sağlık Memurluğu;00a797bb-e6ff-e511-80c6-a0369f7d1486
2016;3;390160077;Ağrı Merkez Toplum Sağlığı Merkezi;Ebe;Ağrı;Lisans;6;;66.763;67.0;"4603;3155";4603 - Aşağıdaki lisans programlarından birinden mezun olmak. | 3155 - Ebelik;38a197bb-e6ff-e511-80c6-a0369f7d1486
2016;3;390160839;Muş Devlet Hastanesi;Ebe;Muş;Lisans;3;;66.763;68.888;"4603;3155";4603 - Aşağıdaki lisans programlarından birinden mezun olmak. | 3155 - Ebelik;d2a497bb-e6ff-e511-80c6-a0369f7d1486
2016;3;390160437;Iğdır Aralık İlçe Devlet Hastanesi;Ebe;Iğdır;Lisans;1;;66.723;66.723;"4603;3155";4603 - Aşağıdaki lisans programlarından birinden mezun olmak. | 3155 - Ebelik;2fa797bb-e6ff-e511-80c6-a0369f7d1486
2016;3;390160177;Bitlis Ahlat Devlet Hastanesi;Ebe;Bitlis;Lisans;2;;66.708;68.395;"4603;3155";4603 - Aşağıdaki lisans programlarından birinden mezun olmak. | 3155 - Ebelik;a9a197bb-e6ff-e511-80c6-a0369f7d1486
2016;3;390160809;Mardin Nusaybin Devlet Hastanesi;Hemşire;Mardin;Lisans;9;;66.675;72.224;"4605;3204;3205;3297";4605 - Aşağıdaki lisans programlarından birinden mezun olmak. | 3204 - Hemşirelik | 3205 - Hemşirelik ve Sağlık Hizmetleri | 3297 - Sağlık Memurluğu;98a497bb-e6ff-e511-80c6-a0369f7d1486
2016;3;390160237;Diyarbakır Çermik Toplum Sağlığı Merkezi;Ebe;Diyarbakır;Lisans;2;;66.655;66.666;"4603;3155";4603 - Aşağıdaki lisans programlarından birinden mezun olmak. | 3155 - Ebelik;01a297bb-e6ff-e511-80c6-a0369f7d1486
2016;3;390161265;Van İpekyolu Kadın Doğum ve Çocuk Hastalıkları Hastanesi;Ebe;Van;Lisans;6;;66.653;67.9;"4603;3155";4603 - Aşağıdaki lisans programlarından birinden mezun olmak. | 3155 - Ebelik;71a697bb-e6ff-e511-80c6-a0369f7d1486
2016;3;390160963;Siirt Pervari Devlet Hastanesi;Hemşire;Siirt;Lisans;2;;66.653;67.315;"4605;3204;3205;3297";4605 - Aşağıdaki lisans programlarından birinden mezun olmak. | 3204 - Hemşirelik | 3205 - Hemşirelik ve Sağlık Hizmetleri | 3297 - Sağlık Memurluğu;3fa597bb-e6ff-e511-80c6-a0369f7d1486
2016;3;390160083;Ağrı Patnos Devlet Hastanesi;Hemşire;Ağrı;Lisans;13;;66.651;69.099;"4605;3204;3205;3297";4605 - Aşağıdaki lisans programlarından birinden mezun olmak. | 3204 - Hemşirelik | 3205 - Hemşirelik ve Sağlık Hizmetleri | 3297 - Sağlık Memurluğu;3ba197bb-e6ff-e511-80c6-a0369f7d1486
2016;3;390160709;Kars Selim Toplum Sağlığı Merkezi;Ebe;Kars;Lisans;2;;66.611;67.608;"4603;3155";4603 - Aşağıdaki lisans programlarından birinden mezun olmak. | 3155 - Ebelik;dfa397bb-e6ff-e511-80c6-a0369f7d1486
2016;3;390160041;Ağrı Diyadin Devlet Hastanesi;Hemşire;Ağrı;Lisans;3;;66.611;67.379;"4605;3204;3205;3297";4605 - Aşağıdaki lisans programlarından birinden mezun olmak. | 3204 - Hemşirelik | 3205 - Hemşirelik ve Sağlık Hizmetleri | 3297 - Sağlık Memurluğu;26a197bb-e6ff-e511-80c6-a0369f7d1486
2016;3;390161157;Şanlıurfa Viranşehir Toplum Sağlığı Merkezi Sarpın Sağlık Evi;Ebe;Şanlıurfa;Lisans;1;;66.571;66.571;"4603;3155";4603 - Aşağıdaki lisans programlarından birinden mezun olmak. | 3155 - Ebelik;24a697bb-e6ff-e511-80c6-a0369f7d1486
2016;3;390161071;Şanlıurfa Ceylanpınar Toplum Sağlığı Merkezi Y.Karataş Sağlık Evi;Ebe;Şanlıurfa;Lisans;1;;66.549;66.549;"4603;3155";4603 - Aşağıdaki lisans programlarından birinden mezun olmak. | 3155 - Ebelik;f9a597bb-e6ff-e511-80c6-a0369f7d1486
2016;3;390160031;Ağrı Devlet Hastanesi;Ebe;Ağrı;Lisans;4;;66.547;68.237;"4603;3155";4603 - Aşağıdaki lisans programlarından birinden mezun olmak. | 3155 - Ebelik;21a197bb-e6ff-e511-80c6-a0369f7d1486
2016;3;390160679;Kars Arpaçay Toplum Sağlığı Merkezi;Ebe;Kars;Lisans;1;;66.541;66.541;"4603;3155";4603 - Aşağıdaki lisans programlarından birinden mezun olmak. | 3155 - Ebelik;d0a397bb-e6ff-e511-80c6-a0369f7d1486
2016;3;390160331;Erzurum Karacoban Toplum Sağlığı Merkezi;Ebe;Erzurum;Lisans;2;;66.538;66.765;"4603;3155";4603 - Aşağıdaki lisans programlarından birinden mezun olmak. | 3155 - Ebelik;76a297bb-e6ff-e511-80c6-a0369f7d1486
2016;3;390160065;Ağrı Eleşkirt İlçe Devlet Hastanesi;Hemşire;Ağrı;Lisans;2;;66.512;66.769;"4605;3204;3205;3297";4605 - Aşağıdaki lisans programlarından birinden mezun olmak. | 3204 - Hemşirelik | 3205 - Hemşirelik ve Sağlık Hizmetleri | 3297 - Sağlık Memurluğu;32a197bb-e6ff-e511-80c6-a0369f7d1486
2016;3;390160759;Mardin Artuklu Merkez Toplum Sağlığı Merkezi;Ebe;Mardin;Lisans;2;;66.508;67.077;"4603;3155";4603 - Aşağıdaki lisans programlarından birinden mezun olmak. | 3155 - Ebelik;7fa497bb-e6ff-e511-80c6-a0369f7d1486
2016;3;390160199;Bitlis Hizan Devlet Hastanesi;Hemşire;Bitlis;Lisans;3;;66.503;69.058;"4605;3204;3205;3297";4605 - Aşağıdaki lisans programlarından birinden mezun olmak. | 3204 - Hemşirelik | 3205 - Hemşirelik ve Sağlık Hizmetleri | 3297 - Sağlık Memurluğu;b4a197bb-e6ff-e511-80c6-a0369f7d1486
2016;3;390160183;Bitlis Devlet Hastanesi;Ebe;Bitlis;Lisans;3;;66.501;67.251;"4603;3155";4603 - Aşağıdaki lisans programlarından birinden mezun olmak. | 3155 - Ebelik;aca197bb-e6ff-e511-80c6-a0369f7d1486
2016;3;390161275;Van Muradiye Toplum Sağlığı Merkezi;Ebe;Van;Lisans;2;;66.468;66.646;"4603;3155";4603 - Aşağıdaki lisans programlarından birinden mezun olmak. | 3155 - Ebelik;76a697bb-e6ff-e511-80c6-a0369f7d1486
2016;3;390160705;Kars Selim İlçe Devlet Hastanesi;Ebe;Kars;Lisans;1;;66.446;66.446;"4603;3155";4603 - Aşağıdaki lisans programlarından birinden mezun olmak. | 3155 - Ebelik;dda397bb-e6ff-e511-80c6-a0369f7d1486
2016;3;390160207;Bitlis Mutki İlçe Devlet Hastanesi;Hemşire;Bitlis;Lisans;3;;66.428;66.708;"4605;3204;3205;3297";4605 - Aşağıdaki lisans programlarından birinden mezun olmak. | 3204 - Hemşirelik | 3205 - Hemşirelik ve Sağlık Hizmetleri | 3297 - Sağlık Memurluğu;b8a197bb-e6ff-e511-80c6-a0369f7d1486
2016;3;390161073;Şanlıurfa Ceylanpınar Toplum Sağlığı Merkezi Yalçınkaya Sağlık Evi;Ebe;Şanlıurfa;Lisans;1;;66.424;66.424;"4603;3155";4603 - Aşağıdaki lisans programlarından birinden mezun olmak. | 3155 - Ebelik;faa597bb-e6ff-e511-80c6-a0369f7d1486
2016;3;390160859;Muş Malazgirt Devlet Hastanesi;Hemşire;Muş;Lisans;3;;66.42;67.06;"4605;3204;3205;3297";4605 - Aşağıdaki lisans programlarından birinden mezun olmak. | 3204 - Hemşirelik | 3205 - Hemşirelik ve Sağlık Hizmetleri | 3297 - Sağlık Memurluğu;dca497bb-e6ff-e511-80c6-a0369f7d1486
2016;3;390160931;Siirt Devlet Hastanesi;Ebe;Siirt;Lisans;2;;66.417;66.459;"4603;3155";4603 - Aşağıdaki lisans programlarından birinden mezun olmak. | 3155 - Ebelik;2fa597bb-e6ff-e511-80c6-a0369f7d1486
2016;3;390160849;Muş Hasköy Toplum Sağlığı Merkezi;Ebe;Muş;Lisans;1;;66.417;66.417;"4603;3155";4603 - Aşağıdaki lisans programlarından birinden mezun olmak. | 3155 - Ebelik;d7a497bb-e6ff-e511-80c6-a0369f7d1486
2016;3;390160109;Ardahan Damal Toplum Sağlığı Merkezi;Ebe;Ardahan;Lisans;1;;66.391;66.391;"4603;3155";4603 - Aşağıdaki lisans programlarından birinden mezun olmak. | 3155 - Ebelik;0ea797bb-e6ff-e511-80c6-a0369f7d1486
2016;3;390160711;Kars Susuz Toplum Sağlığı Merkezi;Ebe;Kars;Lisans;2;;66.354;66.714;"4603;3155";4603 - Aşağıdaki lisans programlarından birinden mezun olmak. | 3155 - Ebelik;e0a397bb-e6ff-e511-80c6-a0369f7d1486
2016;3;390160851;Muş Korkut İlçe Devlet Hastanesi;Hemşire;Muş;Lisans;1;;66.353;66.353;"4605;3204;3205;3297";4605 - Aşağıdaki lisans programlarından birinden mezun olmak. | 3204 - Hemşirelik | 3205 - Hemşirelik ve Sağlık Hizmetleri | 3297 - Sağlık Memurluğu;d8a497bb-e6ff-e511-80c6-a0369f7d1486
2016;3;390161177;Şırnak Devlet Hastanesi;Hemşire;Şırnak;Lisans;2;;66.349;66.624;"4605;3204;3205;3297";4605 - Aşağıdaki lisans programlarından birinden mezun olmak. | 3204 - Hemşirelik | 3205 - Hemşirelik ve Sağlık Hizmetleri | 3297 - Sağlık Memurluğu;fca697bb-e6ff-e511-80c6-a0369f7d1486
2016;3;390160799;Mardin Kızıltepe Toplum Sağlığı Merkezi;Ebe;Mardin;Lisans;2;;66.318;66.369;"4603;3155";4603 - Aşağıdaki lisans programlarından birinden mezun olmak. | 3155 - Ebelik;93a497bb-e6ff-e511-80c6-a0369f7d1486
2016;3;390161261;Van Gevaş Devlet Hastanesi;Ebe;Van;Lisans;2;;66.316;66.448;"4603;3155";4603 - Aşağıdaki lisans programlarından birinden mezun olmak. | 3155 - Ebelik;6fa697bb-e6ff-e511-80c6-a0369f7d1486
2016;3;390160855;Muş Korkut Toplum Sağlığı Merkezi;Ebe;Muş;Lisans;2;;66.254;66.448;"4603;3155";4603 - Aşağıdaki lisans programlarından birinden mezun olmak. | 3155 - Ebelik;daa497bb-e6ff-e511-80c6-a0369f7d1486
2016;3;390161257;Van Erciş Toplum Sağlığı Merkezi;Ebe;Van;Lisans;5;;66.25;67.465;"4603;3155";4603 - Aşağıdaki lisans programlarından birinden mezun olmak. | 3155 - Ebelik;6da697bb-e6ff-e511-80c6-a0369f7d1486
2016;3;390160957;Siirt Merkez Toplum Sağlığı Merkezi;Ebe;Siirt;Lisans;4;;66.184;68.237;"4603;3155";4603 - Aşağıdaki lisans programlarından birinden mezun olmak. | 3155 - Ebelik;3ca597bb-e6ff-e511-80c6-a0369f7d1486
2016;3;390160793;Mardin Kızıltepe Devlet Hastanesi;Ebe;Mardin;Lisans;3;;66.151;66.541;"4603;3155";4603 - Aşağıdaki lisans programlarından birinden mezun olmak. | 3155 - Ebelik;90a497bb-e6ff-e511-80c6-a0369f7d1486
2016;3;390161167;Şırnak Cizre Dr.Selahattin Cizrelioğlu Devlet Hastanesi;Hemşire;Şırnak;Lisans;9;;66.14;69.161;"4605;3204;3205;3297";4605 - Aşağıdaki lisans programlarından birinden mezun olmak. | 3204 - Hemşirelik | 3205 - Hemşirelik ve Sağlık Hizmetleri | 3297 - Sağlık Memurluğu;f7a697bb-e6ff-e511-80c6-a0369f7d1486
2016;3;390160087;Ağrı Patnos Toplum Sağlığı Merkezi;Ebe;Ağrı;Lisans;6;;66.125;66.699;"4603;3155";4603 - Aşağıdaki lisans programlarından birinden mezun olmak. | 3155 - Ebelik;3da197bb-e6ff-e511-80c6-a0369f7d1486
2016;3;390160405;Hakkari Devlet Hastanesi;Hemşire;Hakkari;Lisans;11;;66.118;67.711;"4605;3204;3205;3297";4605 - Aşağıdaki lisans programlarından birinden mezun olmak. | 3204 - Hemşirelik | 3205 - Hemşirelik ve Sağlık Hizmetleri | 3297 - Sağlık Memurluğu;06a397bb-e6ff-e511-80c6-a0369f7d1486
2016;3;390161069;Şanlıurfa Ceylanpınar Toplum Sağlığı Merkezi Y.Doruklu Sağlık Evi;Ebe;Şanlıurfa;Lisans;1;;66.105;66.105;"4603;3155";4603 - Aşağıdaki lisans programlarından birinden mezun olmak. | 3155 - Ebelik;f8a597bb-e6ff-e511-80c6-a0369f7d1486
2016;3;390160243;Diyarbakır Dicle Toplum Sağlığı Merkezi;Ebe;Diyarbakır;Lisans;3;;66.103;66.589;"4603;3155";4603 - Aşağıdaki lisans programlarından birinden mezun olmak. | 3155 - Ebelik;04a297bb-e6ff-e511-80c6-a0369f7d1486
2016;3;390160681;Kars Digor İlçe Devlet Hastanesi;Hemşire;Kars;Lisans;2;;66.052;66.591;"4605;3204;3205;3297";4605 - Aşağıdaki lisans programlarından birinden mezun olmak. | 3204 - Hemşirelik | 3205 - Hemşirelik ve Sağlık Hizmetleri | 3297 - Sağlık Memurluğu;d1a397bb-e6ff-e511-80c6-a0369f7d1486
2016;3;390160775;Mardin Derik Toplum Sağlığı Merkezi;Ebe;Mardin;Lisans;1;;66.043;66.043;"4603;3155";4603 - Aşağıdaki lisans programlarından birinden mezun olmak. | 3155 - Ebelik;87a497bb-e6ff-e511-80c6-a0369f7d1486
2016;3;390161249;Van Eğitim ve Araştırma Hastanesi;Odyolog;Van;Lisans;1;;66.043;66.043;"4602;9267;7333";4602 - Aşağıdaki lisans programlarından birinden mezun olmak. | 9267 - Odyoloji | 7333 - (Bakınız Başvurma Özel Şartları Bölümü Odyolog);69a697bb-e6ff-e511-80c6-a0369f7d1486
2016;3;390161251;Van Erciş Devlet Hastanesi;Ebe;Van;Lisans;3;;66.039;66.347;"4603;3155";4603 - Aşağıdaki lisans programlarından birinden mezun olmak. | 3155 - Ebelik;6aa697bb-e6ff-e511-80c6-a0369f7d1486
2016;3;390160073;Ağrı Hamur Toplum Sağlığı Merkezi;Ebe;Ağrı;Lisans;2;;66.028;66.065;"4603;3155";4603 - Aşağıdaki lisans programlarından birinden mezun olmak. | 3155 - Ebelik;36a197bb-e6ff-e511-80c6-a0369f7d1486
2016;3;390161201;Şırnak Silopi Devlet Hastanesi;Hemşire;Şırnak;Lisans;7;;66.008;67.033;"4605;3204;3205;3297";4605 - Aşağıdaki lisans programlarından birinden mezun olmak. | 3204 - Hemşirelik | 3205 - Hemşirelik ve Sağlık Hizmetleri | 3297 - Sağlık Memurluğu;08a797bb-e6ff-e511-80c6-a0369f7d1486
2016;3;390160425;Hakkari Yüksekova Devlet Hastanesi;Hemşire;Hakkari;Lisans;11;;65.975;68.497;"4605;3204;3205;3297";4605 - Aşağıdaki lisans programlarından birinden mezun olmak. | 3204 - Hemşirelik | 3205 - Hemşirelik ve Sağlık Hizmetleri | 3297 - Sağlık Memurluğu;10a397bb-e6ff-e511-80c6-a0369f7d1486
2016;3;390160671;Kars Akyaka İlçe Devlet Hastanesi;Ebe;Kars;Lisans;2;;65.922;66.138;"4603;3155";4603 - Aşağıdaki lisans programlarından birinden mezun olmak. | 3155 - Ebelik;cca397bb-e6ff-e511-80c6-a0369f7d1486
2016;3;390160395;Hakkari Çukurca İlçe Devlet Hastanesi;Hemşire;Hakkari;Lisans;2;;65.856;66.501;"4605;3204;3205;3297";4605 - Aşağıdaki lisans programlarından birinden mezun olmak. | 3204 - Hemşirelik | 3205 - Hemşirelik ve Sağlık Hizmetleri | 3297 - Sağlık Memurluğu;01a397bb-e6ff-e511-80c6-a0369f7d1486
2016;3;390161179;Şırnak Güçlükonak İlçe Devlet Hastanesi;Hemşire;Şırnak;Lisans;4;;65.852;65.988;"4605;3204;3205;3297";4605 - Aşağıdaki lisans programlarından birinden mezun olmak. | 3204 - Hemşirelik | 3205 - Hemşirelik ve Sağlık Hizmetleri | 3297 - Sağlık Memurluğu;fda697bb-e6ff-e511-80c6-a0369f7d1486
2016;3;390160825;Muş Bulanık Devlet Hastanesi;Ebe;Muş;Lisans;2;;65.792;65.861;"4603;3155";4603 - Aşağıdaki lisans programlarından birinden mezun olmak. | 3155 - Ebelik;cba497bb-e6ff-e511-80c6-a0369f7d1486
2016;3;390160863;Muş Malazgirt Toplum Sağlığı Merkezi;Ebe;Muş;Lisans;5;;65.779;66.043;"4603;3155";4603 - Aşağıdaki lisans programlarından birinden mezun olmak. | 3155 - Ebelik;dea497bb-e6ff-e511-80c6-a0369f7d1486
2016;3;390160051;Ağrı Doğubeyazıt Dr.Yaşar Eryılmaz Devlet Hastanesi;Ebe;Ağrı;Lisans;2;;65.751;66.041;"4603;3155";4603 - Aşağıdaki lisans programlarından birinden mezun olmak. | 3155 - Ebelik;2ba197bb-e6ff-e511-80c6-a0369f7d1486
2016;3;390161271;Van Muradiye Devlet Hastanesi;Ebe;Van;Lisans;3;;65.751;66.805;"4603;3155";4603 - Aşağıdaki lisans programlarından birinden mezun olmak. | 3155 - Ebelik;74a697bb-e6ff-e511-80c6-a0369f7d1486
2016;3;390160683;Kars Digor Toplum Sağlığı Merkezi;Ebe;Kars;Lisans;1;;65.724;65.724;"4603;3155";4603 - Aşağıdaki lisans programlarından birinden mezun olmak. | 3155 - Ebelik;d2a397bb-e6ff-e511-80c6-a0369f7d1486
2016;3;390160445;Iğdır Merkez Karaağaç Toplum Sağlığı Merkezi Evci Sağlık Evi;Ebe;Iğdır;Lisans;1;;65.715;65.715;"4603;3155";4603 - Aşağıdaki lisans programlarından birinden mezun olmak. | 3155 - Ebelik;33a797bb-e6ff-e511-80c6-a0369f7d1486
2016;3;390160675;Kars Arpaçay İlçe Devlet Hastanesi;Ebe;Kars;Lisans;1;;65.704;65.704;"4603;3155";4603 - Aşağıdaki lisans programlarından birinden mezun olmak. | 3155 - Ebelik;cea397bb-e6ff-e511-80c6-a0369f7d1486
2016;3;390160951;Siirt Kurtalan Toplum Sağlığı Merkezi;Ebe;Siirt;Lisans;2;;65.7;65.828;"4603;3155";4603 - Aşağıdaki lisans programlarından birinden mezun olmak. | 3155 - Ebelik;39a597bb-e6ff-e511-80c6-a0369f7d1486
2016;3;390160417;Hakkari Şemdinli Devlet Hastanesi;Hemşire;Hakkari;Lisans;5;;65.691;65.977;"4605;3204;3205;3297";4605 - Aşağıdaki lisans programlarından birinden mezun olmak. | 3204 - Hemşirelik | 3205 - Hemşirelik ve Sağlık Hizmetleri | 3297 - Sağlık Memurluğu;0ca397bb-e6ff-e511-80c6-a0369f7d1486
2016;3;390160923;Siirt Baykan Toplum Sağlığı Merkezi;Ebe;Siirt;Lisans;2;;65.689;66.127;"4603;3155";4603 - Aşağıdaki lisans programlarından birinden mezun olmak. | 3155 - Ebelik;2ba597bb-e6ff-e511-80c6-a0369f7d1486
2016;3;390160917;Siirt Aydınlar Toplum Sağlığı Merkezi;Ebe;Siirt;Lisans;2;;65.685;66.03;"4603;3155";4603 - Aşağıdaki lisans programlarından birinden mezun olmak. | 3155 - Ebelik;28a597bb-e6ff-e511-80c6-a0369f7d1486
2016;3;390160189;Bitlis Güroymak Devlet Hastanesi;Ebe;Bitlis;Lisans;2;;65.634;66.25;"4603;3155";4603 - Aşağıdaki lisans programlarından birinden mezun olmak. | 3155 - Ebelik;afa197bb-e6ff-e511-80c6-a0369f7d1486
2016;3;390161161;Şırnak Beytüşşebap İlçe Devlet Hastanesi;Hemşire;Şırnak;Lisans;1;;65.634;65.634;"4605;3204;3205;3297";4605 - Aşağıdaki lisans programlarından birinden mezun olmak. | 3204 - Hemşirelik | 3205 - Hemşirelik ve Sağlık Hizmetleri | 3297 - Sağlık Memurluğu;f4a697bb-e6ff-e511-80c6-a0369f7d1486
2016;3;390160831;Muş Bulanık Toplum Sağlığı Merkezi;Ebe;Muş;Lisans;3;;65.597;66.323;"4603;3155";4603 - Aşağıdaki lisans programlarından birinden mezun olmak. | 3155 - Ebelik;cea497bb-e6ff-e511-80c6-a0369f7d1486
2016;3;390160069;Ağrı Hamur İlçe Devlet Hastanesi;Ebe;Ağrı;Lisans;2;;65.592;66.01;"4603;3155";4603 - Aşağıdaki lisans programlarından birinden mezun olmak. | 3155 - Ebelik;34a197bb-e6ff-e511-80c6-a0369f7d1486
2016;3;390160081;Ağrı Patnos Devlet Hastanesi;Ebe;Ağrı;Lisans;3;;65.553;65.784;"4603;3155";4603 - Aşağıdaki lisans programlarından birinden mezun olmak. | 3155 - Ebelik;3aa197bb-e6ff-e511-80c6-a0369f7d1486
2016;3;390161277;Van Özalp Devlet Hastanesi;Ebe;Van;Lisans;2;;65.528;65.812;"4603;3155";4603 - Aşağıdaki lisans programlarından birinden mezun olmak. | 3155 - Ebelik;77a697bb-e6ff-e511-80c6-a0369f7d1486
2016;3;390161229;Van Başkale Toplum Sağlığı Merkezi;Ebe;Van;Lisans;6;;65.52;66.164;"4603;3155";4603 - Aşağıdaki lisans programlarından birinden mezun olmak. | 3155 - Ebelik;5fa697bb-e6ff-e511-80c6-a0369f7d1486
2016;3;390160067;Ağrı Eleşkirt Toplum Sağlığı Merkezi;Ebe;Ağrı;Lisans;3;;65.509;66.723;"4603;3155";4603 - Aşağıdaki lisans programlarından birinden mezun olmak. | 3155 - Ebelik;33a197bb-e6ff-e511-80c6-a0369f7d1486
2016;3;390160693;Kars Kağızman Devlet Hastanesi;Ebe;Kars;Lisans;2;;65.504;65.933;"4603;3155";4603 - Aşağıdaki lisans programlarından birinden mezun olmak. | 3155 - Ebelik;d7a397bb-e6ff-e511-80c6-a0369f7d1486
2016;3;390161281;Van Özalp Toplum Sağlığı Merkezi;Ebe;Van;Lisans;5;;65.5;66.057;"4603;3155";4603 - Aşağıdaki lisans programlarından birinden mezun olmak. | 3155 - Ebelik;79a697bb-e6ff-e511-80c6-a0369f7d1486
2016;3;390160443;Iğdır Karakoyunlu Toplum Sağlığı Merkezi Şehit P.Er Bülent Aras Sağlık Evi;Ebe;Iğdır;Lisans;1;;65.484;65.484;"4603;3155";4603 - Aşağıdaki lisans programlarından birinden mezun olmak. | 3155 - Ebelik;32a797bb-e6ff-e511-80c6-a0369f7d1486
2016;3;390160101;Ağrı Tutak Toplum Sağlığı Merkezi;Ebe;Ağrı;Lisans;6;;65.438;66.057;"4603;3155";4603 - Aşağıdaki lisans programlarından birinden mezun olmak. | 3155 - Ebelik;44a197bb-e6ff-e511-80c6-a0369f7d1486
2016;3;390160059;Ağrı Doğubeyazıt Toplum Sağlığı Merkezi;Ebe;Ağrı;Lisans;4;;65.425;66.943;"4603;3155";4603 - Aşağıdaki lisans programlarından birinden mezun olmak. | 3155 - Ebelik;2fa197bb-e6ff-e511-80c6-a0369f7d1486
2016;3;390160451;Iğdır Tuzluca Toplum Sağlığı Merkezi Güllüce Sağlık Evi;Ebe;Iğdır;Lisans;1;;65.425;65.425;"4603;3155";4603 - Aşağıdaki lisans programlarından birinden mezun olmak. | 3155 - Ebelik;36a797bb-e6ff-e511-80c6-a0369f7d1486
2016;3;390160879;Muş Varto Toplum Sağlığı Merkezi;Ebe;Muş;Lisans;2;;65.407;65.722;"4603;3155";4603 - Aşağıdaki lisans programlarından birinden mezun olmak. | 3155 - Ebelik;e6a497bb-e6ff-e511-80c6-a0369f7d1486
2016;3;390160857;Muş Malazgirt Devlet Hastanesi;Ebe;Muş;Lisans;2;;65.381;65.821;"4603;3155";4603 - Aşağıdaki lisans programlarından birinden mezun olmak. | 3155 - Ebelik;dba497bb-e6ff-e511-80c6-a0369f7d1486
2016;3;390160063;Ağrı Eleşkirt İlçe Devlet Hastanesi;Ebe;Ağrı;Lisans;1;;65.333;65.333;"4603;3155";4603 - Aşağıdaki lisans programlarından birinden mezun olmak. | 3155 - Ebelik;31a197bb-e6ff-e511-80c6-a0369f7d1486
2016;3;390160273;Diyarbakır Silvan Toplum Sağlığı Merkezi;Ebe;Diyarbakır;Lisans;2;;65.28;66.039;"4603;3155";4603 - Aşağıdaki lisans programlarından birinden mezun olmak. | 3155 - Ebelik;13a297bb-e6ff-e511-80c6-a0369f7d1486
2016;3;390160093;Ağrı Taşlıçay Toplum Sağlığı Merkezi;Ebe;Ağrı;Lisans;3;;65.275;65.447;"4603;3155";4603 - Aşağıdaki lisans programlarından birinden mezun olmak. | 3155 - Ebelik;40a197bb-e6ff-e511-80c6-a0369f7d1486
2016;3;390161235;Van Çaldıran Toplum Sağlığı Merkezi;Ebe;Van;Lisans;6;;65.251;66.439;"4603;3155";4603 - Aşağıdaki lisans programlarından birinden mezun olmak. | 3155 - Ebelik;62a697bb-e6ff-e511-80c6-a0369f7d1486
2016;3;390160255;Diyarbakır Hani Toplum Sağlığı Merkezi;Ebe;Diyarbakır;Lisans;2;;65.245;65.399;"4603;3155";4603 - Aşağıdaki lisans programlarından birinden mezun olmak. | 3155 - Ebelik;0aa297bb-e6ff-e511-80c6-a0369f7d1486
2016;3;390160045;Ağrı Diyadin Toplum Sağlığı Merkezi;Ebe;Ağrı;Lisans;5;;65.216;65.467;"4603;3155";4603 - Aşağıdaki lisans programlarından birinden mezun olmak. | 3155 - Ebelik;28a197bb-e6ff-e511-80c6-a0369f7d1486
2016;3;390160439;Iğdır Aralık Toplum Sağlığı Merkezi Gödekli Sağlık Evi;Ebe;Iğdır;Lisans;1;;65.189;65.189;"4603;3155";4603 - Aşağıdaki lisans programlarından birinden mezun olmak. | 3155 - Ebelik;30a797bb-e6ff-e511-80c6-a0369f7d1486
2016;3;390160091;Ağrı Taşlıçay İlçe Devlet Hastanesi;Ebe;Ağrı;Lisans;2;;65.183;65.231;"4603;3155";4603 - Aşağıdaki lisans programlarından birinden mezun olmak. | 3155 - Ebelik;3fa197bb-e6ff-e511-80c6-a0369f7d1486
2016;3;390160945;Siirt Kurtalan Devlet Hastanesi;Ebe;Siirt;Lisans;2;;65.17;65.304;"4603;3155";4603 - Aşağıdaki lisans programlarından birinden mezun olmak. | 3155 - Ebelik;36a597bb-e6ff-e511-80c6-a0369f7d1486
2016;3;390160967;Siirt Pervari Toplum Sağlığı Merkezi;Ebe;Siirt;Lisans;2;;65.108;65.46;"4603;3155";4603 - Aşağıdaki lisans programlarından birinden mezun olmak. | 3155 - Ebelik;41a597bb-e6ff-e511-80c6-a0369f7d1486
2016;3;390160769;Mardin Dargeçit Toplum Sağlığı Merkezi;Ebe;Mardin;Lisans;2;;65.093;66.001;"4603;3155";4603 - Aşağıdaki lisans programlarından birinden mezun olmak. | 3155 - Ebelik;84a497bb-e6ff-e511-80c6-a0369f7d1486
2016;3;390161239;Van Çatak Toplum Sağlığı Merkezi;Ebe;Van;Lisans;6;;65.082;65.416;"4603;3155";4603 - Aşağıdaki lisans programlarından birinden mezun olmak. | 3155 - Ebelik;64a697bb-e6ff-e511-80c6-a0369f7d1486
2016;3;390160729;Kocaeli Derince Eğitim ve Araştırma Hastanesi;Perfüzyonist;Kocaeli;Lisans;1;;65.044;65.044;7334;7334 - (Bakınız Başvurma Özel Şartları Bölümü Perfüzyonist).;2ba497bb-e6ff-e511-80c6-a0369f7d1486
2016;3;390160771;Mardin Derik Devlet Hastanesi;Ebe;Mardin;Lisans;2;;65.003;65.781;"4603;3155";4603 - Aşağıdaki lisans programlarından birinden mezun olmak. | 3155 - Ebelik;85a497bb-e6ff-e511-80c6-a0369f7d1486
2016;3;390160823;Mardin Savur Toplum Sağlığı Merkezi;Ebe;Mardin;Lisans;1;;64.921;64.921;"4603;3155";4603 - Aşağıdaki lisans programlarından birinden mezun olmak. | 3155 - Ebelik;9fa497bb-e6ff-e511-80c6-a0369f7d1486
2016;3;390160131;Aydın Devlet Hastanesi;Perfüzyonist;Aydın;Lisans;1;;64.915;64.915;7334;7334 - (Bakınız Başvurma Özel Şartları Bölümü Perfüzyonist).;8ea197bb-e6ff-e511-80c6-a0369f7d1486
2016;3;390160919;Siirt Baykan Devlet Hastanesi;Ebe;Siirt;Lisans;1;;64.844;64.844;"4603;3155";4603 - Aşağıdaki lisans programlarından birinden mezun olmak. | 3155 - Ebelik;29a597bb-e6ff-e511-80c6-a0369f7d1486
2016;3;390160263;Diyarbakır Lice Toplum Sağlığı Merkezi;Ebe;Diyarbakır;Lisans;3;;64.824;65.929;"4603;3155";4603 - Aşağıdaki lisans programlarından birinden mezun olmak. | 3155 - Ebelik;0ea297bb-e6ff-e511-80c6-a0369f7d1486
2016;3;390161223;Van Başkale Devlet Hastanesi;Ebe;Van;Lisans;2;;64.789;65.935;"4603;3155";4603 - Aşağıdaki lisans programlarından birinden mezun olmak. | 3155 - Ebelik;5ca697bb-e6ff-e511-80c6-a0369f7d1486
2016;3;390161231;Van Çaldıran Devlet Hastanesi;Ebe;Van;Lisans;1;;64.789;64.789;"4603;3155";4603 - Aşağıdaki lisans programlarından birinden mezun olmak. | 3155 - Ebelik;60a697bb-e6ff-e511-80c6-a0369f7d1486
2016;3;390160205;Bitlis Mutki İlçe Devlet Hastanesi;Ebe;Bitlis;Lisans;1;;64.774;64.774;"4603;3155";4603 - Aşağıdaki lisans programlarından birinden mezun olmak. | 3155 - Ebelik;b7a197bb-e6ff-e511-80c6-a0369f7d1486
2016;3;390160095;Ağrı Tutak İlçe Devlet Hastanesi;Ebe;Ağrı;Lisans;2;;64.756;64.965;"4603;3155";4603 - Aşağıdaki lisans programlarından birinden mezun olmak. | 3155 - Ebelik;41a197bb-e6ff-e511-80c6-a0369f7d1486
2016;3;390160969;Siirt Şirvan İlçe Devlet Hastanesi;Ebe;Siirt;Lisans;3;;64.754;65.451;"4603;3155";4603 - Aşağıdaki lisans programlarından birinden mezun olmak. | 3155 - Ebelik;42a597bb-e6ff-e511-80c6-a0369f7d1486
2016;3;390160937;Siirt Eruh Devlet Hastanesi;Ebe;Siirt;Lisans;2;;64.749;64.875;"4603;3155";4603 - Aşağıdaki lisans programlarından birinden mezun olmak. | 3155 - Ebelik;32a597bb-e6ff-e511-80c6-a0369f7d1486
2016;3;390160465;İstanbul Bağcılar Eğitim ve Araştırma Hastanesi;Sağlık Fizikçisi;İstanbul;Lisans;1;;64.736;64.736;7335;7335 - (Bakınız Başvurma Özel Şartları Bölümü Sağlık Fizikçisi);2da397bb-e6ff-e511-80c6-a0369f7d1486
2016;3;390160197;Bitlis Hizan Devlet Hastanesi;Ebe;Bitlis;Lisans;2;;64.721;65.077;"4603;3155";4603 - Aşağıdaki lisans programlarından birinden mezun olmak. | 3155 - Ebelik;b3a197bb-e6ff-e511-80c6-a0369f7d1486
2016;3;390160039;Ağrı Diyadin Devlet Hastanesi;Ebe;Ağrı;Lisans;2;;64.637;65.044;"4603;3155";4603 - Aşağıdaki lisans programlarından birinden mezun olmak. | 3155 - Ebelik;25a197bb-e6ff-e511-80c6-a0369f7d1486
2016;3;390160411;Hakkari Merkez Toplum Sağlığı Merkezi;Ebe;Hakkari;Lisans;6;;64.587;64.972;"4603;3155";4603 - Aşağıdaki lisans programlarından birinden mezun olmak. | 3155 - Ebelik;09a397bb-e6ff-e511-80c6-a0369f7d1486
2016;3;390161195;Şırnak Merkez Toplum Sağlığı Merkezi;Ebe;Şırnak;Lisans;5;;64.554;64.714;"4603;3155";4603 - Aşağıdaki lisans programlarından birinden mezun olmak. | 3155 - Ebelik;05a797bb-e6ff-e511-80c6-a0369f7d1486
2016;3;390160397;Hakkari Çukurca Toplum Sağlığı Merkezi;Ebe;Hakkari;Lisans;2;;64.514;64.686;"4603;3155";4603 - Aşağıdaki lisans programlarından birinden mezun olmak. | 3155 - Ebelik;02a397bb-e6ff-e511-80c6-a0369f7d1486
2016;3;390160873;Muş Varto Devlet Hastanesi;Ebe;Muş;Lisans;1;;64.505;64.505;"4603;3155";4603 - Aşağıdaki lisans programlarından birinden mezun olmak. | 3155 - Ebelik;e3a497bb-e6ff-e511-80c6-a0369f7d1486
2016;3;390161175;Şırnak Devlet Hastanesi;Ebe;Şırnak;Lisans;4;;64.503;64.692;"4603;3155";4603 - Aşağıdaki lisans programlarından birinden mezun olmak. | 3155 - Ebelik;fba697bb-e6ff-e511-80c6-a0369f7d1486
2016;3;390160817;Mardin Savur İlçe Devlet Hastanesi;Ebe;Mardin;Lisans;1;;64.466;64.466;"4603;3155";4603 - Aşağıdaki lisans programlarından birinden mezun olmak. | 3155 - Ebelik;9ca497bb-e6ff-e511-80c6-a0369f7d1486
2016;3;390160905;Sakarya Sağlık Bakanlığı Sakarya Üniversitesi Eğitim ve Araştırma Hastanesi;Sağlık Fizikçisi;Sakarya;Lisans;1;;64.461;64.461;7335;7335 - (Bakınız Başvurma Özel Şartları Bölümü Sağlık Fizikçisi);1ca597bb-e6ff-e511-80c6-a0369f7d1486
2016;3;390160807;Mardin Nusaybin Devlet Hastanesi;Ebe;Mardin;Lisans;1;;64.395;64.395;"4603;3155";4603 - Aşağıdaki lisans programlarından birinden mezun olmak. | 3155 - Ebelik;97a497bb-e6ff-e511-80c6-a0369f7d1486
2016;3;390160403;Hakkari Devlet Hastanesi;Ebe;Hakkari;Lisans;2;;64.384;64.673;"4603;3155";4603 - Aşağıdaki lisans programlarından birinden mezun olmak. | 3155 - Ebelik;05a397bb-e6ff-e511-80c6-a0369f7d1486
2016;3;390161183;Şırnak İdil Devlet Hastanesi;Ebe;Şırnak;Lisans;1;;64.36;64.36;"4603;3155";4603 - Aşağıdaki lisans programlarından birinden mezun olmak. | 3155 - Ebelik;ffa697bb-e6ff-e511-80c6-a0369f7d1486
2016;3;390160765;Mardin Dargeçit İlçe Devlet Hastanesi;Ebe;Mardin;Lisans;2;;64.21;64.648;"4603;3155";4603 - Aşağıdaki lisans programlarından birinden mezun olmak. | 3155 - Ebelik;82a497bb-e6ff-e511-80c6-a0369f7d1486
2016;3;390161165;Şırnak Cizre Dr.Selahattin Cizrelioğlu Devlet Hastanesi;Ebe;Şırnak;Lisans;4;;63.902;65.064;"4603;3155";4603 - Aşağıdaki lisans programlarından birinden mezun olmak. | 3155 - Ebelik;f6a697bb-e6ff-e511-80c6-a0369f7d1486
2016;3;390160423;Hakkari Yüksekova Devlet Hastanesi;Ebe;Hakkari;Lisans;3;;63.797;64.452;"4603;3155";4603 - Aşağıdaki lisans programlarından birinden mezun olmak. | 3155 - Ebelik;0fa397bb-e6ff-e511-80c6-a0369f7d1486
2016;3;390160961;Siirt Pervari Devlet Hastanesi;Ebe;Siirt;Lisans;2;;63.742;64.204;"4603;3155";4603 - Aşağıdaki lisans programlarından birinden mezun olmak. | 3155 - Ebelik;3ea597bb-e6ff-e511-80c6-a0369f7d1486
2016;3;390161189;Şırnak İdil Toplum Sağlığı Merkezi;Ebe;Şırnak;Lisans;8;;63.566;64.444;"4603;3155";4603 - Aşağıdaki lisans programlarından birinden mezun olmak. | 3155 - Ebelik;02a797bb-e6ff-e511-80c6-a0369f7d1486
2016;3;390161171;Şırnak Cizre Toplum Sağlığı Merkezi;Ebe;Şırnak;Lisans;12;;63.542;64.659;"4603;3155";4603 - Aşağıdaki lisans programlarından birinden mezun olmak. | 3155 - Ebelik;f9a697bb-e6ff-e511-80c6-a0369f7d1486
2016;3;390161163;Şırnak Beytüşşebap Toplum Sağlığı Merkezi;Ebe;Şırnak;Lisans;3;;63.491;63.836;"4603;3155";4603 - Aşağıdaki lisans programlarından birinden mezun olmak. | 3155 - Ebelik;f5a697bb-e6ff-e511-80c6-a0369f7d1486
2016;3;390161199;Şırnak Silopi Devlet Hastanesi;Ebe;Şırnak;Lisans;6;;63.423;64.565;"4603;3155";4603 - Aşağıdaki lisans programlarından birinden mezun olmak. | 3155 - Ebelik;07a797bb-e6ff-e511-80c6-a0369f7d1486
2016;3;390161159;Şırnak Beytüşşebap İlçe Devlet Hastanesi;Ebe;Şırnak;Lisans;2;;63.398;63.654;"4603;3155";4603 - Aşağıdaki lisans programlarından birinden mezun olmak. | 3155 - Ebelik;f3a697bb-e6ff-e511-80c6-a0369f7d1486
2016;3;390160133;Balıkesir Devlet Hastanesi;Sağlık Fizikçisi;Balıkesir;Lisans;1;;63.366;63.366;7335;7335 - (Bakınız Başvurma Özel Şartları Bölümü Sağlık Fizikçisi);8fa197bb-e6ff-e511-80c6-a0369f7d1486
2016;3;390160429;Hakkari Yüksekova Toplum Sağlığı Merkezi;Ebe;Hakkari;Lisans;15;;63.302;64.595;"4603;3155";4603 - Aşağıdaki lisans programlarından birinden mezun olmak. | 3155 - Ebelik;12a397bb-e6ff-e511-80c6-a0369f7d1486
2016;3;390160419;Hakkari Şemdinli Toplum Sağlığı Merkezi;Ebe;Hakkari;Lisans;7;;63.3;64.499;"4603;3155";4603 - Aşağıdaki lisans programlarından birinden mezun olmak. | 3155 - Ebelik;0da397bb-e6ff-e511-80c6-a0369f7d1486
2016;3;390161205;Şırnak Silopi Toplum Sağlığı Merkezi;Ebe;Şırnak;Lisans;8;;63.238;64.334;"4603;3155";4603 - Aşağıdaki lisans programlarından birinden mezun olmak. | 3155 - Ebelik;0aa797bb-e6ff-e511-80c6-a0369f7d1486
2016;3;390161211;Şırnak Uludere Toplum Sağlığı Merkezi;Ebe;Şırnak;Lisans;4;;63.201;63.808;"4603;3155";4603 - Aşağıdaki lisans programlarından birinden mezun olmak. | 3155 - Ebelik;0da797bb-e6ff-e511-80c6-a0369f7d1486
2016;3;390160393;Hakkari Çukurca İlçe Devlet Hastanesi;Ebe;Hakkari;Lisans;3;;63.198;63.79;"4603;3155";4603 - Aşağıdaki lisans programlarından birinden mezun olmak. | 3155 - Ebelik;00a397bb-e6ff-e511-80c6-a0369f7d1486
2016;3;390161209;Şırnak Uludere Devlet Hastanesi;Ebe;Şırnak;Lisans;2;;63.198;63.377;"4603;3155";4603 - Aşağıdaki lisans programlarından birinden mezun olmak. | 3155 - Ebelik;0ca797bb-e6ff-e511-80c6-a0369f7d1486
2016;3;390160259;Diyarbakır Kadın Doğum Ve Çocuk Hastalıkları Hastanesi;Odyolog;Diyarbakır;Lisans;1;;63.172;63.172;"4602;9267;7333";4602 - Aşağıdaki lisans programlarından birinden mezun olmak. | 9267 - Odyoloji | 7333 - (Bakınız Başvurma Özel Şartları Bölümü Odyolog);0ca297bb-e6ff-e511-80c6-a0369f7d1486
2016;3;390160519;İstanbul Eğitim ve Araştırma Hastanesi;Sağlık Fizikçisi;İstanbul;Lisans;1;;63.073;63.073;7335;7335 - (Bakınız Başvurma Özel Şartları Bölümü Sağlık Fizikçisi);48a397bb-e6ff-e511-80c6-a0369f7d1486
2016;3;390160415;Hakkari Şemdinli Devlet Hastanesi;Ebe;Hakkari;Lisans;2;;62.934;63.159;"4603;3155";4603 - Aşağıdaki lisans programlarından birinden mezun olmak. | 3155 - Ebelik;0ba397bb-e6ff-e511-80c6-a0369f7d1486
2016;3;390160689;Kars Harakani Devlet Hastanesi;Odyolog;Kars;Lisans;1;;61.39;61.39;"4602;9267;7333";4602 - Aşağıdaki lisans programlarından birinden mezun olmak. | 9267 - Odyoloji | 7333 - (Bakınız Başvurma Özel Şartları Bölümü Odyolog);d5a397bb-e6ff-e511-80c6-a0369f7d1486
2016;3;390161115;Şanlıurfa Kadın Hastalıkları ve Doğum Hastanesi;Odyolog;Şanlıurfa;Lisans;1;;60.991;60.991;"4602;9267;7333";4602 - Aşağıdaki lisans programlarından birinden mezun olmak. | 9267 - Odyoloji | 7333 - (Bakınız Başvurma Özel Şartları Bölümü Odyolog);0fa697bb-e6ff-e511-80c6-a0369f7d1486
2016;3;390160783;Mardin Devlet Hastanesi;Sağlık Fizikçisi;Mardin;Lisans;1;;60.71;60.71;7335;7335 - (Bakınız Başvurma Özel Şartları Bölümü Sağlık Fizikçisi);8ba497bb-e6ff-e511-80c6-a0369f7d1486
2016;3;390160781;Mardin Devlet Hastanesi;Odyolog;Mardin;Lisans;1;;60.087;60.087;"4602;9267;7333";4602 - Aşağıdaki lisans programlarından birinden mezun olmak. | 9267 - Odyoloji | 7333 - (Bakınız Başvurma Özel Şartları Bölümü Odyolog);8aa497bb-e6ff-e511-80c6-a0369f7d1486
2016;3;390160003;Adana Numune Eğitim ve Araştırma Hastanesi;Perfüzyonist;Adana;Lisans;1;;59.654;59.654;7334;7334 - (Bakınız Başvurma Özel Şartları Bölümü Perfüzyonist).;01a197bb-e6ff-e511-80c6-a0369f7d1486
2016;3;390160739;Sağlık Bakanlığı Dumlupınar Üniversitesi Kütahya Evliya Çelebi Eğitim ve Araştırma Hastanesi;Perfüzyonist;Kütahya;Lisans;1;;57.26;57.26;7334;7334 - (Bakınız Başvurma Özel Şartları Bölümü Perfüzyonist).;30a497bb-e6ff-e511-80c6-a0369f7d1486
2016;3;390160913;Samsun Eğitim ve Araştırma Hastanesi;Perfüzyonist;Samsun;Lisans;1;;56.989;56.989;7334;7334 - (Bakınız Başvurma Özel Şartları Bölümü Perfüzyonist).;26a597bb-e6ff-e511-80c6-a0369f7d1486
2016;3;390160225;Denizli Devlet Hastanesi;Perfüzyonist;Denizli;Lisans;1;;56.562;56.562;7334;7334 - (Bakınız Başvurma Özel Şartları Bölümü Perfüzyonist).;fba197bb-e6ff-e511-80c6-a0369f7d1486
2016;3;390161009;Sivas Numune Hastanesi;Perfüzyonist;Sivas;Lisans;1;;56.197;56.197;7334;7334 - (Bakınız Başvurma Özel Şartları Bölümü Perfüzyonist).;75a597bb-e6ff-e511-80c6-a0369f7d1486
2016;3;390161217;Trabzon Ahi Evren Göğüs Kalp ve Damar Cerrahisi Eğitim ve Araştırma Hastanesi;Perfüzyonist;Trabzon;Lisans;1;;56.146;56.146;7334;7334 - (Bakınız Başvurma Özel Şartları Bölümü Perfüzyonist).;99a597bb-e6ff-e511-80c6-a0369f7d1486
2016;3;390160881;Ordu T.C. Sağlık Bakanlığı Ordu Üniversitesi Eğitim ve Araştırma Hastanesi;Perfüzyonist;Ordu;Lisans;1;;55.407;55.407;7334;7334 - (Bakınız Başvurma Özel Şartları Bölümü Perfüzyonist).;06a597bb-e6ff-e511-80c6-a0369f7d1486
2016;3;390161121;Şanlıurfa Mehmet Akif İnan Eğitim ve Araştırma Hastanesi;Perfüzyonist;Şanlıurfa;Lisans;1;;52.89;52.89;7334;7334 - (Bakınız Başvurma Özel Şartları Bölümü Perfüzyonist).;12a697bb-e6ff-e511-80c6-a0369f7d1486
2016;3;390160137;Batman Bölge Devlet Hastanesi;Perfüzyonist;Batman;Lisans;1;1;;;7334;7334 - (Bakınız Başvurma Özel Şartları Bölümü Perfüzyonist).;bea697bb-e6ff-e511-80c6-a0369f7d1486
2016;3;390160167;Bingöl Devlet Hastanesi;Odyolog;Bingöl;Lisans;1;1;;;"4602;9267;7333";4602 - Aşağıdaki lisans programlarından birinden mezun olmak. | 9267 - Odyoloji | 7333 - (Bakınız Başvurma Özel Şartları Bölümü Odyolog);a4a197bb-e6ff-e511-80c6-a0369f7d1486
2016;3;390160253;Diyarbakır Gazi Yaşargil Eğitim ve Araştırma Hastanesi;Perfüzyonist;Diyarbakır;Lisans;1;1;;;7334;7334 - (Bakınız Başvurma Özel Şartları Bölümü Perfüzyonist).;09a297bb-e6ff-e511-80c6-a0369f7d1486
2016;3;390160313;Erzurum Bölge Eğitim ve Araştırma Hastanesi;Dil ve Konuşma Terapisti;Erzurum;Lisans;1;1;;;"4601;9332;7332";4601 - Aşağıdaki lisans programlarından birinden mezun olmak. | 9332 - Dil ve Konuşma Terapisi | 7332 - (Bakınız Başvurma Özel Şartları Bölümü Dil ve Konuşma Terapisti);6da297bb-e6ff-e511-80c6-a0369f7d1486
2016;3;390160563;İstanbul Kartal Koşuyolu Yüksek İhtisas Eğitim ve Araştırma Hastanesi;Perfüzyonist;İstanbul;Lisans;1;1;;;7334;7334 - (Bakınız Başvurma Özel Şartları Bölümü Perfüzyonist).;5ea397bb-e6ff-e511-80c6-a0369f7d1486
2016;3;390160607;İstanbul Şişli Hamidiye Etfal Eğitim ve Araştırma Hastanesi;Dil ve Konuşma Terapisti;İstanbul;Lisans;1;1;;;"4601;9332;7332";4601 - Aşağıdaki lisans programlarından birinden mezun olmak. | 9332 - Dil ve Konuşma Terapisi | 7332 - (Bakınız Başvurma Özel Şartları Bölümü Dil ve Konuşma Terapisti);74a397bb-e6ff-e511-80c6-a0369f7d1486
2016;3;390160613;İstanbul Şişli Hamidiye Etfal Eğitim ve Araştırma Hastanesi;Perfüzyonist;İstanbul;Lisans;1;1;;;7334;7334 - (Bakınız Başvurma Özel Şartları Bölümü Perfüzyonist).;77a397bb-e6ff-e511-80c6-a0369f7d1486
2016;3;390160621;İstanbul Ümraniye Eğitim Ve Araştırma Hastanesi;Dil ve Konuşma Terapisti;İstanbul;Lisans;1;1;;;"4601;9332;7332";4601 - Aşağıdaki lisans programlarından birinden mezun olmak. | 9332 - Dil ve Konuşma Terapisi | 7332 - (Bakınız Başvurma Özel Şartları Bölümü Dil ve Konuşma Terapisti);7ba397bb-e6ff-e511-80c6-a0369f7d1486
2016;3;390160725;Kilis Devlet Hastanesi;Perfüzyonist;Kilis;Lisans;1;1;;;7334;7334 - (Bakınız Başvurma Özel Şartları Bölümü Perfüzyonist).;4da797bb-e6ff-e511-80c6-a0369f7d1486
2016;3;390160843;Muş Devlet Hastanesi;Odyolog;Muş;Lisans;1;1;;;"4602;9267;7333";4602 - Aşağıdaki lisans programlarından birinden mezun olmak. | 9267 - Odyoloji | 7333 - (Bakınız Başvurma Özel Şartları Bölümü Odyolog);d4a497bb-e6ff-e511-80c6-a0369f7d1486
2016;3;390160935;Siirt Devlet Hastanesi;Perfüzyonist;Siirt;Lisans;1;1;;;7334;7334 - (Bakınız Başvurma Özel Şartları Bölümü Perfüzyonist).;31a597bb-e6ff-e511-80c6-a0369f7d1486
2016;3;390161119;Şanlıurfa Mehmet Akif İnan Eğitim ve Araştırma Hastanesi;Odyolog;Şanlıurfa;Lisans;1;1;;;"4602;9267;7333";4602 - Aşağıdaki lisans programlarından birinden mezun olmak. | 9267 - Odyoloji | 7333 - (Bakınız Başvurma Özel Şartları Bölümü Odyolog);11a697bb-e6ff-e511-80c6-a0369f7d1486
2016;3;390161245;Van Eğitim ve Araştırma Hastanesi;Dil ve Konuşma Terapisti;Van;Lisans;1;1;;;"4601;9332;7332";4601 - Aşağıdaki lisans programlarından birinden mezun olmak. | 9332 - Dil ve Konuşma Terapisi | 7332 - (Bakınız Başvurma Özel Şartları Bölümü Dil ve Konuşma Terapisti);67a697bb-e6ff-e511-80c6-a0369f7d1486
