yil;donem;kadro_kodu;kurum;unvan;il;ogrenim;kontenjan;bos_kadro;min_puan;max_puan;nitelik_kodlari;nitelikler;kadro_guid
2017;1;190940049;Bayrampaşa Belediye Başkanlığı;Memur;İstanbul;Ortaogretim;1;;98.251;98.251;"2001;7225";2001 - Herhangi bir ortaöğretim programından mezun olmak. | 7225 - Güvenlik Tahkikatının Olumlu Sonuçlanması.;836b266f-7956-e711-80d3-a0369f7d149c
2017;1;190930121;Çorum İl Özel İdaresi;Veri Hazırlama ve Kontrol İşletmeni;Çorum;Ortaogretim;1;;98.015;98.015;"2001;6225;7225";2001 - Herhangi bir ortaöğretim programından mezun olmak. | 6225 - M.E.B.'Dan Onaylı Bilgisayar İşletmeni Sertifikası Sahibi olmak. | 7225 - Güvenlik Tahkikatının Olumlu Sonuçlanması.;926a266f-7956-e711-80d3-a0369f7d149c
2017;1;190930385;Karaman İl Özel İdaresi;Memur;Karaman;Ortaogretim;2;;97.608;97.995;"2001;7225";2001 - Herhangi bir ortaöğretim programından mezun olmak. | 7225 - Güvenlik Tahkikatının Olumlu Sonuçlanması.;a16d266f-7956-e711-80d3-a0369f7d149c
2017;1;190940445;Küçükçekmece Belediye Başkanlığı;Memur;İstanbul;Ortaogretim;4;;97.066;98.09;"2001;7225";2001 - Herhangi bir ortaöğretim programından mezun olmak. | 7225 - Güvenlik Tahkikatının Olumlu Sonuçlanması.;856b266f-7956-e711-80d3-a0369f7d149c
2017;1;190940055;Bayrampaşa Belediye Başkanlığı;Zabıta Memuru;İstanbul;Ortaogretim;2;;96.662;97.099;"2001;6199;7225";2001 - Herhangi bir ortaöğretim programından mezun olmak. | 6199 - Yerleştirme işlemlerinin ilk günü itibariyle 30 yaşını doldurmamış olmak | 7225 - Güvenlik Tahkikatının Olumlu Sonuçlanması.;846b266f-7956-e711-80d3-a0369f7d149c
2017;1;190920367;Hatay Büyükşehir Belediye Başkanlığı;Tahsildar;Hatay;Ortaogretim;4;;96.017;98.507;"2001;7225";2001 - Herhangi bir ortaöğretim programından mezun olmak. | 7225 - Güvenlik Tahkikatının Olumlu Sonuçlanması.;286b266f-7956-e711-80d3-a0369f7d149c
2017;1;190930361;Hakkari İl Özel İdaresi;Memur;Hakkari;Ortaogretim;3;;95.896;97.568;"2001;7225";2001 - Herhangi bir ortaöğretim programından mezun olmak. | 7225 - Güvenlik Tahkikatının Olumlu Sonuçlanması.;1b6b266f-7956-e711-80d3-a0369f7d149c
2017;1;191080169;Devlet Hava Meydanları İşletmesi Genel Müdürlüğü;Teknisyen;Bursa;Ortaogretim;1;;95.735;95.735;"2023;6013;6014;6014;7225;7322";2023 - Aşağıdaki ortaöğretim programlarından birinden mezun olmak. | 6013 - Elektrik-Elektronik Teknolojisi | 6014 - Endüstriyel Otomasyon Teknolojileri - Endüstriyel Kontrol Dalı (Dal kod: 1) | 6014 - Endüstriyel Otomasyon Teknolojileri - Endüstriyel Elektronik Dalı (Dal kod: 102) | 7225 - Güvenlik Tahkikatının Olumlu Sonuçlanması. | 7322 - (Bakınız Başvurma Özel Şartları Bölümü Devlet Hava Meydanları İşletmesi Genel Müdürlüğü).;616a266f-7956-e711-80d3-a0369f7d149c
2017;1;190930037;Ardahan İl Özel İdaresi;Hizmetli;Ardahan;Ortaogretim;1;;95.549;95.549;"2001;7225";2001 - Herhangi bir ortaöğretim programından mezun olmak. | 7225 - Güvenlik Tahkikatının Olumlu Sonuçlanması.;e56d266f-7956-e711-80d3-a0369f7d149c
2017;1;110450355;Giresun Üniversitesi;Kaloriferci;Giresun;Ortaogretim;1;;95.525;95.525;"2001;6251;6297;6661;6663;7225;7347";2001 - Herhangi bir ortaöğretim programından mezun olmak. | 6251 - M.E.B.'Dan Onaylı Doğalgaz Kalorifer Ateşçiliği Sertifikası Sahibi olmak. | 6297 - M.E.B.'Dan Onaylı Kalorifer Ateşçiliği Sertifikası Sahibi olmak. | 6661 - 3308 Sayılı Kanuna Göre Kalorifercilik Dalında Ustalık Belgesine Sahip olmak. | 6663 - 3308 Sayılı Kanuna Göre Kalorifercilik Dalında Kalfalık Belgesine Sahip olmak. | 7225 - Güvenlik Tahkikatının Olumlu Sonuçlanması. | 7347 - (Bakınız Başvurma Özel Şartları Bölümü Kaloriferci).;106b266f-7956-e711-80d3-a0369f7d149c
2017;1;190940085;Boğazlıyan Belediye Başkanlığı;Zabıta Memuru;Yozgat;Ortaogretim;2;;95.479;95.64;"2001;6199;7225";2001 - Herhangi bir ortaöğretim programından mezun olmak. | 6199 - Yerleştirme işlemlerinin ilk günü itibariyle 30 yaşını doldurmamış olmak | 7225 - Güvenlik Tahkikatının Olumlu Sonuçlanması.;776d266f-7956-e711-80d3-a0369f7d149c
2017;1;190940481;Serdivan Belediye Başkanlığı;Zabıta Memuru;Sakarya;Ortaogretim;7;;95.011;97.129;"2001;6199;7225;7300";2001 - Herhangi bir ortaöğretim programından mezun olmak. | 6199 - Yerleştirme işlemlerinin ilk günü itibariyle 30 yaşını doldurmamış olmak | 7225 - Güvenlik Tahkikatının Olumlu Sonuçlanması. | 7300 - Bu kadro/pozisyonda vardiya sistemi uygulanmaktadır.;b06c266f-7956-e711-80d3-a0369f7d149c
2017;1;190930379;Karaman İl Özel İdaresi;Hizmetli;Karaman;Ortaogretim;2;;94.739;95.721;"2001;7225";2001 - Herhangi bir ortaöğretim programından mezun olmak. | 7225 - Güvenlik Tahkikatının Olumlu Sonuçlanması.;a06d266f-7956-e711-80d3-a0369f7d149c
2017;1;190940343;Düzce Belediye Başkanlığı;Zabıta Memuru;Düzce;Ortaogretim;10;;94.729;97.016;"2001;6199;7225";2001 - Herhangi bir ortaöğretim programından mezun olmak. | 6199 - Yerleştirme işlemlerinin ilk günü itibariyle 30 yaşını doldurmamış olmak | 7225 - Güvenlik Tahkikatının Olumlu Sonuçlanması.;fe6d266f-7956-e711-80d3-a0369f7d149c
2017;1;190930415;Kırklareli İl Özel İdaresi;Bekçi;Kırklareli;Ortaogretim;4;;94.699;97.34;"2001;7225";2001 - Herhangi bir ortaöğretim programından mezun olmak. | 7225 - Güvenlik Tahkikatının Olumlu Sonuçlanması.;006c266f-7956-e711-80d3-a0369f7d149c
2017;1;191080217;Devlet Hava Meydanları İşletmesi Genel Müdürlüğü;Teknisyen;Hatay;Ortaogretim;1;;94.617;94.617;"2023;6013;6014;6014;7225;7322";2023 - Aşağıdaki ortaöğretim programlarından birinden mezun olmak. | 6013 - Elektrik-Elektronik Teknolojisi | 6014 - Endüstriyel Otomasyon Teknolojileri - Endüstriyel Kontrol Dalı (Dal kod: 1) | 6014 - Endüstriyel Otomasyon Teknolojileri - Endüstriyel Elektronik Dalı (Dal kod: 102) | 7225 - Güvenlik Tahkikatının Olumlu Sonuçlanması. | 7322 - (Bakınız Başvurma Özel Şartları Bölümü Devlet Hava Meydanları İşletmesi Genel Müdürlüğü).;276b266f-7956-e711-80d3-a0369f7d149c
2017;1;110020001;Adıyaman Üniversitesi;Bekçi;Adıyaman;Ortaogretim;2;;94.566;95.251;"1101;2001;7225";1101 - Cinsiyeti Erkek olmak. | 2001 - Herhangi bir ortaöğretim programından mezun olmak. | 7225 - Güvenlik Tahkikatının Olumlu Sonuçlanması.;4e69266f-7956-e711-80d3-a0369f7d149c
2017;1;190940427;Kızıltepe Belediye Başkanlığı;Zabıta Memuru;Mardin;Ortaogretim;5;;94.417;97.713;"2001;6199;7225";2001 - Herhangi bir ortaöğretim programından mezun olmak. | 6199 - Yerleştirme işlemlerinin ilk günü itibariyle 30 yaşını doldurmamış olmak | 7225 - Güvenlik Tahkikatının Olumlu Sonuçlanması.;416c266f-7956-e711-80d3-a0369f7d149c
2017;1;190930391;Kastamonu İl Özel İdaresi;Bekçi;Kastamonu;Ortaogretim;3;;94.079;94.455;"2001;7225";2001 - Herhangi bir ortaöğretim programından mezun olmak. | 7225 - Güvenlik Tahkikatının Olumlu Sonuçlanması.;e26b266f-7956-e711-80d3-a0369f7d149c
2017;1;190940079;Boğazlıyan Belediye Başkanlığı;İtfaiye Eri;Yozgat;Ortaogretim;3;;94.0;95.054;"2001;6199;7225;7359";2001 - Herhangi bir ortaöğretim programından mezun olmak. | 6199 - Yerleştirme işlemlerinin ilk günü itibariyle 30 yaşını doldurmamış olmak | 7225 - Güvenlik Tahkikatının Olumlu Sonuçlanması. | 7359 - (Bakınız Başvurma Özel Şartları Bölümü İtfaiye Eri).;766d266f-7956-e711-80d3-a0369f7d149c
2017;1;190930517;Zonguldak İl Özel İdaresi;Hizmetli;Zonguldak;Ortaogretim;4;;93.887;95.275;"2001;7225";2001 - Herhangi bir ortaöğretim programından mezun olmak. | 7225 - Güvenlik Tahkikatının Olumlu Sonuçlanması.;806d266f-7956-e711-80d3-a0369f7d149c
2017;1;191080247;Devlet Hava Meydanları İşletmesi Genel Müdürlüğü;Teknisyen;Malatya;Ortaogretim;1;;93.881;93.881;"2061;6033;7225";2061 - Aşağıdaki ortaöğretim programlarından birinden mezun olmak. | 6033 - Makine Teknolojisi | 7225 - Güvenlik Tahkikatının Olumlu Sonuçlanması.;2c6c266f-7956-e711-80d3-a0369f7d149c
2017;1;190930397;Kastamonu İl Özel İdaresi;Hizmetli;Kastamonu;Ortaogretim;2;;93.837;95.155;"2001;7225";2001 - Herhangi bir ortaöğretim programından mezun olmak. | 7225 - Güvenlik Tahkikatının Olumlu Sonuçlanması.;e36b266f-7956-e711-80d3-a0369f7d149c
2017;1;190930421;Kırklareli İl Özel İdaresi;Hizmetli;Kırklareli;Ortaogretim;4;;93.798;95.088;"2001;7225";2001 - Herhangi bir ortaöğretim programından mezun olmak. | 7225 - Güvenlik Tahkikatının Olumlu Sonuçlanması.;016c266f-7956-e711-80d3-a0369f7d149c
2017;1;191080301;Devlet Hava Meydanları İşletmesi Genel Müdürlüğü;Teknisyen;Trabzon;Ortaogretim;1;;93.682;93.682;"2061;6033;7225";2061 - Aşağıdaki ortaöğretim programlarından birinden mezun olmak. | 6033 - Makine Teknolojisi | 7225 - Güvenlik Tahkikatının Olumlu Sonuçlanması.;086d266f-7956-e711-80d3-a0369f7d149c
2017;1;190940337;Düzce Belediye Başkanlığı;İtfaiye Eri;Düzce;Ortaogretim;10;;93.682;96.69;"2001;6199;7225;7359";2001 - Herhangi bir ortaöğretim programından mezun olmak. | 6199 - Yerleştirme işlemlerinin ilk günü itibariyle 30 yaşını doldurmamış olmak | 7225 - Güvenlik Tahkikatının Olumlu Sonuçlanması. | 7359 - (Bakınız Başvurma Özel Şartları Bölümü İtfaiye Eri).;fd6d266f-7956-e711-80d3-a0369f7d149c
2017;1;190940511;Yenişehir (Diyarbakır) Belediye Başkanlığı;Kaloriferci;Diyarbakır;Ortaogretim;2;;93.627;94.079;"2001;6251;6297;6661;6663;7225;7347";2001 - Herhangi bir ortaöğretim programından mezun olmak. | 6251 - M.E.B.'Dan Onaylı Doğalgaz Kalorifer Ateşçiliği Sertifikası Sahibi olmak. | 6297 - M.E.B.'Dan Onaylı Kalorifer Ateşçiliği Sertifikası Sahibi olmak. | 6661 - 3308 Sayılı Kanuna Göre Kalorifercilik Dalında Ustalık Belgesine Sahip olmak. | 6663 - 3308 Sayılı Kanuna Göre Kalorifercilik Dalında Kalfalık Belgesine Sahip olmak. | 7225 - Güvenlik Tahkikatının Olumlu Sonuçlanması. | 7347 - (Bakınız Başvurma Özel Şartları Bölümü Kaloriferci).;b16a266f-7956-e711-80d3-a0369f7d149c
2017;1;190940097;Cizre Belediye Başkanlığı;İtfaiye Eri;Şırnak;Ortaogretim;5;;93.164;93.69;"2001;6199;7225;7359";2001 - Herhangi bir ortaöğretim programından mezun olmak. | 6199 - Yerleştirme işlemlerinin ilk günü itibariyle 30 yaşını doldurmamış olmak | 7225 - Güvenlik Tahkikatının Olumlu Sonuçlanması. | 7359 - (Bakınız Başvurma Özel Şartları Bölümü İtfaiye Eri).;d56d266f-7956-e711-80d3-a0369f7d149c
2017;1;110580373;İzmir Yüksek Teknoloji Enstitüsü;Kaloriferci;İzmir;Ortaogretim;1;;92.956;92.956;"2001;6251;6297;6661;6663;7225;7347";2001 - Herhangi bir ortaöğretim programından mezun olmak. | 6251 - M.E.B.'Dan Onaylı Doğalgaz Kalorifer Ateşçiliği Sertifikası Sahibi olmak. | 6297 - M.E.B.'Dan Onaylı Kalorifer Ateşçiliği Sertifikası Sahibi olmak. | 6661 - 3308 Sayılı Kanuna Göre Kalorifercilik Dalında Ustalık Belgesine Sahip olmak. | 6663 - 3308 Sayılı Kanuna Göre Kalorifercilik Dalında Kalfalık Belgesine Sahip olmak. | 7225 - Güvenlik Tahkikatının Olumlu Sonuçlanması. | 7347 - (Bakınız Başvurma Özel Şartları Bölümü Kaloriferci).;ba6b266f-7956-e711-80d3-a0369f7d149c
2017;1;191080199;Devlet Hava Meydanları İşletmesi Genel Müdürlüğü;Teknisyen;Gaziantep;Ortaogretim;1;;92.886;92.886;"2061;6033;7225";2061 - Aşağıdaki ortaöğretim programlarından birinden mezun olmak. | 6033 - Makine Teknolojisi | 7225 - Güvenlik Tahkikatının Olumlu Sonuçlanması.;076b266f-7956-e711-80d3-a0369f7d149c
2017;1;190940013;Ağrı Belediye Başkanlığı;Kaloriferci;Ağrı;Ortaogretim;1;;92.829;92.829;"2001;6251;6297;6661;6663;7225;7326;7347";2001 - Herhangi bir ortaöğretim programından mezun olmak. | 6251 - M.E.B.'Dan Onaylı Doğalgaz Kalorifer Ateşçiliği Sertifikası Sahibi olmak. | 6297 - M.E.B.'Dan Onaylı Kalorifer Ateşçiliği Sertifikası Sahibi olmak. | 6661 - 3308 Sayılı Kanuna Göre Kalorifercilik Dalında Ustalık Belgesine Sahip olmak. | 6663 - 3308 Sayılı Kanuna Göre Kalorifercilik Dalında Kalfalık Belgesine Sahip olmak. | 7225 - Güvenlik Tahkikatının Olumlu Sonuçlanması. | 7326 - (Bakınız Başvurma Özel Şartları Bölümü Maliye Bakanlığı). | 7347 - (Bakınız Başvurma Özel Şartları Bölümü Kaloriferci).;7069266f-7956-e711-80d3-a0369f7d149c
2017;1;191080265;Devlet Hava Meydanları İşletmesi Genel Müdürlüğü;Teknisyen;Muğla;Ortaogretim;1;;92.662;92.662;"2011;6006;7225";2011 - Aşağıdaki ortaöğretim programlarından birinden mezun olmak. | 6006 - Bilişim Teknolojileri | 7225 - Güvenlik Tahkikatının Olumlu Sonuçlanması.;5f6c266f-7956-e711-80d3-a0369f7d149c
2017;1;191080277;Devlet Hava Meydanları İşletmesi Genel Müdürlüğü;Teknisyen;Nevşehir;Ortaogretim;1;;92.642;92.642;"2023;6013;6014;6014;7225;7322";2023 - Aşağıdaki ortaöğretim programlarından birinden mezun olmak. | 6013 - Elektrik-Elektronik Teknolojisi | 6014 - Endüstriyel Otomasyon Teknolojileri - Endüstriyel Kontrol Dalı (Dal kod: 1) | 6014 - Endüstriyel Otomasyon Teknolojileri - Endüstriyel Elektronik Dalı (Dal kod: 102) | 7225 - Güvenlik Tahkikatının Olumlu Sonuçlanması. | 7322 - (Bakınız Başvurma Özel Şartları Bölümü Devlet Hava Meydanları İşletmesi Genel Müdürlüğü).;746c266f-7956-e711-80d3-a0369f7d149c
2017;1;190940043;Batman Belediye Başkanlığı;Zabıta Memuru;Batman;Ortaogretim;4;;92.565;94.55;"2001;6199;6506;6519;7225;7300";2001 - Herhangi bir ortaöğretim programından mezun olmak. | 6199 - Yerleştirme işlemlerinin ilk günü itibariyle 30 yaşını doldurmamış olmak | 6506 - B sınıfı sürücü belgesine sahip olmak | 6519 - İstenilen Sınıftaki Sürücü Belgesine En Az (5) Yıldır Sahip olmak. | 7225 - Güvenlik Tahkikatının Olumlu Sonuçlanması. | 7300 - Bu kadro/pozisyonda vardiya sistemi uygulanmaktadır.;ca6d266f-7956-e711-80d3-a0369f7d149c
2017;1;191080259;Devlet Hava Meydanları İşletmesi Genel Müdürlüğü;Teknisyen;Muğla;Ortaogretim;1;;92.521;92.521;"2023;6013;6014;6014;7225;7322";2023 - Aşağıdaki ortaöğretim programlarından birinden mezun olmak. | 6013 - Elektrik-Elektronik Teknolojisi | 6014 - Endüstriyel Otomasyon Teknolojileri - Endüstriyel Kontrol Dalı (Dal kod: 1) | 6014 - Endüstriyel Otomasyon Teknolojileri - Endüstriyel Elektronik Dalı (Dal kod: 102) | 7225 - Güvenlik Tahkikatının Olumlu Sonuçlanması. | 7322 - (Bakınız Başvurma Özel Şartları Bölümü Devlet Hava Meydanları İşletmesi Genel Müdürlüğü).;5e6c266f-7956-e711-80d3-a0369f7d149c
2017;1;191080181;Devlet Hava Meydanları İşletmesi Genel Müdürlüğü;Teknisyen;Diyarbakır;Ortaogretim;1;;92.486;92.486;"2073;6029;6039;7225";2073 - Aşağıdaki ortaöğretim programlarından birinden mezun olmak. | 6029 - Kimya Teknolojisi - Sınai Boya / Sanayi Boyacılığı ve Uygulama Tekniği Dalı (Dal kod: 101) | 6039 - Motorlu Araçlar Teknolojisi | 7225 - Güvenlik Tahkikatının Olumlu Sonuçlanması.;b26a266f-7956-e711-80d3-a0369f7d149c
2017;1;110690439;Kocaeli Üniversitesi;Sağlık Teknisyeni;Kocaeli;Ortaogretim;2;;92.455;93.289;"2099;6210;7225";2099 - Aşağıdaki ortaöğretim programlarından birinden mezun olmak. | 6210 - Tıbbi Laboratuvar - Tıbbi Laboratuvar Teknisyenliği Dalı (Dal kod: 101) | 7225 - Güvenlik Tahkikatının Olumlu Sonuçlanması.;0d6c266f-7956-e711-80d3-a0369f7d149c
2017;1;191080229;Devlet Hava Meydanları İşletmesi Genel Müdürlüğü;Teknisyen;Kahramanmaraş;Ortaogretim;1;;92.281;92.281;"2023;6013;6014;6014;7225;7322";2023 - Aşağıdaki ortaöğretim programlarından birinden mezun olmak. | 6013 - Elektrik-Elektronik Teknolojisi | 6014 - Endüstriyel Otomasyon Teknolojileri - Endüstriyel Kontrol Dalı (Dal kod: 1) | 6014 - Endüstriyel Otomasyon Teknolojileri - Endüstriyel Elektronik Dalı (Dal kod: 102) | 7225 - Güvenlik Tahkikatının Olumlu Sonuçlanması. | 7322 - (Bakınız Başvurma Özel Şartları Bölümü Devlet Hava Meydanları İşletmesi Genel Müdürlüğü).;406c266f-7956-e711-80d3-a0369f7d149c
2017;1;190940349;Gebze Belediye Başkanlığı;Zabıta Memuru;Kocaeli;Ortaogretim;5;;92.011;92.64;"2001;6199;6511;6519;7225;7300";2001 - Herhangi bir ortaöğretim programından mezun olmak. | 6199 - Yerleştirme işlemlerinin ilk günü itibariyle 30 yaşını doldurmamış olmak | 6511 - CE Sınıfı Sürücü Belgesi Sahibi Olmak | 6519 - İstenilen Sınıftaki Sürücü Belgesine En Az (5) Yıldır Sahip olmak. | 7225 - Güvenlik Tahkikatının Olumlu Sonuçlanması. | 7300 - Bu kadro/pozisyonda vardiya sistemi uygulanmaktadır.;0e6c266f-7956-e711-80d3-a0369f7d149c
2017;1;191080241;Devlet Hava Meydanları İşletmesi Genel Müdürlüğü;Teknisyen;Kayseri;Ortaogretim;1;;91.937;91.937;"2011;6006;7225";2011 - Aşağıdaki ortaöğretim programlarından birinden mezun olmak. | 6006 - Bilişim Teknolojileri | 7225 - Güvenlik Tahkikatının Olumlu Sonuçlanması.;f16b266f-7956-e711-80d3-a0369f7d149c
2017;1;191080133;Devlet Hava Meydanları İşletmesi Genel Müdürlüğü;Teknisyen;Adana;Ortaogretim;1;;91.923;91.923;"2023;6013;6014;6014;7225;7322";2023 - Aşağıdaki ortaöğretim programlarından birinden mezun olmak. | 6013 - Elektrik-Elektronik Teknolojisi | 6014 - Endüstriyel Otomasyon Teknolojileri - Endüstriyel Kontrol Dalı (Dal kod: 1) | 6014 - Endüstriyel Otomasyon Teknolojileri - Endüstriyel Elektronik Dalı (Dal kod: 102) | 7225 - Güvenlik Tahkikatının Olumlu Sonuçlanması. | 7322 - (Bakınız Başvurma Özel Şartları Bölümü Devlet Hava Meydanları İşletmesi Genel Müdürlüğü).;3569266f-7956-e711-80d3-a0369f7d149c
2017;1;190070115;Çalışma ve Sosyal Güvenlik Bakanlığı;Teknisyen;Ankara;Ortaogretim;1;;91.844;91.844;"2011;6006;7225";2011 - Aşağıdaki ortaöğretim programlarından birinden mezun olmak. | 6006 - Bilişim Teknolojileri | 7225 - Güvenlik Tahkikatının Olumlu Sonuçlanması.;b769266f-7956-e711-80d3-a0369f7d149c
2017;1;191080193;Devlet Hava Meydanları İşletmesi Genel Müdürlüğü;Teknisyen;Elazığ;Ortaogretim;1;;91.812;91.812;"2061;6033;7225";2061 - Aşağıdaki ortaöğretim programlarından birinden mezun olmak. | 6033 - Makine Teknolojisi | 7225 - Güvenlik Tahkikatının Olumlu Sonuçlanması.;cf6a266f-7956-e711-80d3-a0369f7d149c
2017;1;191080187;Devlet Hava Meydanları İşletmesi Genel Müdürlüğü;Teknisyen;Diyarbakır;Ortaogretim;1;;91.359;91.359;"2061;6033;7225";2061 - Aşağıdaki ortaöğretim programlarından birinden mezun olmak. | 6033 - Makine Teknolojisi | 7225 - Güvenlik Tahkikatının Olumlu Sonuçlanması.;b36a266f-7956-e711-80d3-a0369f7d149c
2017;1;191080253;Devlet Hava Meydanları İşletmesi Genel Müdürlüğü;Teknisyen;Muğla;Ortaogretim;1;;91.32;91.32;"2023;6013;6014;6014;7225;7322";2023 - Aşağıdaki ortaöğretim programlarından birinden mezun olmak. | 6013 - Elektrik-Elektronik Teknolojisi | 6014 - Endüstriyel Otomasyon Teknolojileri - Endüstriyel Kontrol Dalı (Dal kod: 1) | 6014 - Endüstriyel Otomasyon Teknolojileri - Endüstriyel Elektronik Dalı (Dal kod: 102) | 7225 - Güvenlik Tahkikatının Olumlu Sonuçlanması. | 7322 - (Bakınız Başvurma Özel Şartları Bölümü Devlet Hava Meydanları İşletmesi Genel Müdürlüğü).;5d6c266f-7956-e711-80d3-a0369f7d149c
2017;1;191080175;Devlet Hava Meydanları İşletmesi Genel Müdürlüğü;Teknisyen;Çanakkale;Ortaogretim;1;;91.181;91.181;"2023;6013;6014;6014;7225;7322";2023 - Aşağıdaki ortaöğretim programlarından birinden mezun olmak. | 6013 - Elektrik-Elektronik Teknolojisi | 6014 - Endüstriyel Otomasyon Teknolojileri - Endüstriyel Kontrol Dalı (Dal kod: 1) | 6014 - Endüstriyel Otomasyon Teknolojileri - Endüstriyel Elektronik Dalı (Dal kod: 102) | 7225 - Güvenlik Tahkikatının Olumlu Sonuçlanması. | 7322 - (Bakınız Başvurma Özel Şartları Bölümü Devlet Hava Meydanları İşletmesi Genel Müdürlüğü).;726a266f-7956-e711-80d3-a0369f7d149c
2017;1;191080151;Devlet Hava Meydanları İşletmesi Genel Müdürlüğü;Teknisyen;Batman;Ortaogretim;1;;91.054;91.054;"2023;6013;6014;6014;7225;7322";2023 - Aşağıdaki ortaöğretim programlarından birinden mezun olmak. | 6013 - Elektrik-Elektronik Teknolojisi | 6014 - Endüstriyel Otomasyon Teknolojileri - Endüstriyel Kontrol Dalı (Dal kod: 1) | 6014 - Endüstriyel Otomasyon Teknolojileri - Endüstriyel Elektronik Dalı (Dal kod: 102) | 7225 - Güvenlik Tahkikatının Olumlu Sonuçlanması. | 7322 - (Bakınız Başvurma Özel Şartları Bölümü Devlet Hava Meydanları İşletmesi Genel Müdürlüğü).;c86d266f-7956-e711-80d3-a0369f7d149c
2017;1;191080163;Devlet Hava Meydanları İşletmesi Genel Müdürlüğü;Teknisyen;Bingöl;Ortaogretim;1;;91.03;91.03;"2023;6013;6014;6014;7225;7322";2023 - Aşağıdaki ortaöğretim programlarından birinden mezun olmak. | 6013 - Elektrik-Elektronik Teknolojisi | 6014 - Endüstriyel Otomasyon Teknolojileri - Endüstriyel Kontrol Dalı (Dal kod: 1) | 6014 - Endüstriyel Otomasyon Teknolojileri - Endüstriyel Elektronik Dalı (Dal kod: 102) | 7225 - Güvenlik Tahkikatının Olumlu Sonuçlanması. | 7322 - (Bakınız Başvurma Özel Şartları Bölümü Devlet Hava Meydanları İşletmesi Genel Müdürlüğü).;3d6a266f-7956-e711-80d3-a0369f7d149c
2017;1;191080139;Devlet Hava Meydanları İşletmesi Genel Müdürlüğü;Teknisyen;Ağrı;Ortaogretim;1;;91.002;91.002;"2023;6013;6014;6014;7225;7322";2023 - Aşağıdaki ortaöğretim programlarından birinden mezun olmak. | 6013 - Elektrik-Elektronik Teknolojisi | 6014 - Endüstriyel Otomasyon Teknolojileri - Endüstriyel Kontrol Dalı (Dal kod: 1) | 6014 - Endüstriyel Otomasyon Teknolojileri - Endüstriyel Elektronik Dalı (Dal kod: 102) | 7225 - Güvenlik Tahkikatının Olumlu Sonuçlanması. | 7322 - (Bakınız Başvurma Özel Şartları Bölümü Devlet Hava Meydanları İşletmesi Genel Müdürlüğü).;6e69266f-7956-e711-80d3-a0369f7d149c
2017;1;191080271;Devlet Hava Meydanları İşletmesi Genel Müdürlüğü;Teknisyen;Muş;Ortaogretim;1;;90.937;90.937;"2023;6013;6014;6014;7225;7322";2023 - Aşağıdaki ortaöğretim programlarından birinden mezun olmak. | 6013 - Elektrik-Elektronik Teknolojisi | 6014 - Endüstriyel Otomasyon Teknolojileri - Endüstriyel Kontrol Dalı (Dal kod: 1) | 6014 - Endüstriyel Otomasyon Teknolojileri - Endüstriyel Elektronik Dalı (Dal kod: 102) | 7225 - Güvenlik Tahkikatının Olumlu Sonuçlanması. | 7322 - (Bakınız Başvurma Özel Şartları Bölümü Devlet Hava Meydanları İşletmesi Genel Müdürlüğü).;606c266f-7956-e711-80d3-a0369f7d149c
2017;1;190540487;Türkiye Adalet Akademisi Başkanlığı;Teknisyen;Ankara;Ortaogretim;1;;90.792;90.792;"2023;6013;6014;6014;7225";2023 - Aşağıdaki ortaöğretim programlarından birinden mezun olmak. | 6013 - Elektrik-Elektronik Teknolojisi | 6014 - Endüstriyel Otomasyon Teknolojileri - Endüstriyel Kontrol Dalı (Dal kod: 1) | 6014 - Endüstriyel Otomasyon Teknolojileri - Endüstriyel Elektronik Dalı (Dal kod: 102) | 7225 - Güvenlik Tahkikatının Olumlu Sonuçlanması.;b869266f-7956-e711-80d3-a0369f7d149c
2017;1;191080211;Devlet Hava Meydanları İşletmesi Genel Müdürlüğü;Teknisyen;Hakkari;Ortaogretim;1;;90.786;90.786;"2023;6013;6014;6014;7225;7322";2023 - Aşağıdaki ortaöğretim programlarından birinden mezun olmak. | 6013 - Elektrik-Elektronik Teknolojisi | 6014 - Endüstriyel Otomasyon Teknolojileri - Endüstriyel Kontrol Dalı (Dal kod: 1) | 6014 - Endüstriyel Otomasyon Teknolojileri - Endüstriyel Elektronik Dalı (Dal kod: 102) | 7225 - Güvenlik Tahkikatının Olumlu Sonuçlanması. | 7322 - (Bakınız Başvurma Özel Şartları Bölümü Devlet Hava Meydanları İşletmesi Genel Müdürlüğü).;1d6b266f-7956-e711-80d3-a0369f7d149c
2017;1;190940433;Kızıltepe Belediye Başkanlığı;Zabıta Memuru;Mardin;Ortaogretim;10;;90.708;93.208;"2001;6199;6510;7225";2001 - Herhangi bir ortaöğretim programından mezun olmak. | 6199 - Yerleştirme işlemlerinin ilk günü itibariyle 30 yaşını doldurmamış olmak | 6510 - C sınıfı sürücü belgesine sahip olmak | 7225 - Güvenlik Tahkikatının Olumlu Sonuçlanması.;426c266f-7956-e711-80d3-a0369f7d149c
2017;1;190070109;Çalışma ve Sosyal Güvenlik Bakanlığı;Teknisyen;Ankara;Ortaogretim;1;;90.514;90.514;"2023;6013;6014;6014;2027;6013;6014;6052;7225";2023 - Aşağıdaki ortaöğretim programlarından birinden mezun olmak. | 6013 - Elektrik-Elektronik Teknolojisi | 6014 - Endüstriyel Otomasyon Teknolojileri - Endüstriyel Kontrol Dalı (Dal kod: 1) | 6014 - Endüstriyel Otomasyon Teknolojileri - Endüstriyel Elektronik Dalı (Dal kod: 102) | 2027 - Aşağıdaki ortaöğretim programlarından birinden mezun olmak. | 6013 - Elektrik-Elektronik Teknolojisi - Otomatik Kumanda Dalı (Dal kod: 101) | 6014 - Endüstriyel Otomasyon Teknolojileri | 6052 - Tekstil Teknolojisi - Tekstil Mekatroniği Dalı (Dal kod: 6) | 7225 - Güvenlik Tahkikatının Olumlu Sonuçlanması.;b669266f-7956-e711-80d3-a0369f7d149c
2017;1;191080295;Devlet Hava Meydanları İşletmesi Genel Müdürlüğü;Teknisyen;Şırnak;Ortaogretim;1;;90.452;90.452;"2023;6013;6014;6014;7225;7322";2023 - Aşağıdaki ortaöğretim programlarından birinden mezun olmak. | 6013 - Elektrik-Elektronik Teknolojisi | 6014 - Endüstriyel Otomasyon Teknolojileri - Endüstriyel Kontrol Dalı (Dal kod: 1) | 6014 - Endüstriyel Otomasyon Teknolojileri - Endüstriyel Elektronik Dalı (Dal kod: 102) | 7225 - Güvenlik Tahkikatının Olumlu Sonuçlanması. | 7322 - (Bakınız Başvurma Özel Şartları Bölümü Devlet Hava Meydanları İşletmesi Genel Müdürlüğü).;d46d266f-7956-e711-80d3-a0369f7d149c
2017;1;190940067;Beşikdüzü Belediye Başkanlığı;Teknisyen;Trabzon;Ortaogretim;1;;90.41;90.41;"2023;6013;6014;6014;7225;7257";2023 - Aşağıdaki ortaöğretim programlarından birinden mezun olmak. | 6013 - Elektrik-Elektronik Teknolojisi | 6014 - Endüstriyel Otomasyon Teknolojileri - Endüstriyel Kontrol Dalı (Dal kod: 1) | 6014 - Endüstriyel Otomasyon Teknolojileri - Endüstriyel Elektronik Dalı (Dal kod: 102) | 7225 - Güvenlik Tahkikatının Olumlu Sonuçlanması. | 7257 - Seyahate ve Arazide Çalışmaya Elverişli olmak.;066d266f-7956-e711-80d3-a0369f7d149c
2017;1;191080157;Devlet Hava Meydanları İşletmesi Genel Müdürlüğü;Teknisyen;Batman;Ortaogretim;1;;90.182;90.182;"2073;6029;6039;7225";2073 - Aşağıdaki ortaöğretim programlarından birinden mezun olmak. | 6029 - Kimya Teknolojisi - Sınai Boya / Sanayi Boyacılığı ve Uygulama Tekniği Dalı (Dal kod: 101) | 6039 - Motorlu Araçlar Teknolojisi | 7225 - Güvenlik Tahkikatının Olumlu Sonuçlanması.;c96d266f-7956-e711-80d3-a0369f7d149c
2017;1;190940505;Viranşehir Belediye Başkanlığı;Ölçü ve Ayar Memuru;Şanlıurfa;Ortaogretim;1;;90.121;90.121;"2023;6013;6014;6014;7225";2023 - Aşağıdaki ortaöğretim programlarından birinden mezun olmak. | 6013 - Elektrik-Elektronik Teknolojisi | 6014 - Endüstriyel Otomasyon Teknolojileri - Endüstriyel Kontrol Dalı (Dal kod: 1) | 6014 - Endüstriyel Otomasyon Teknolojileri - Endüstriyel Elektronik Dalı (Dal kod: 102) | 7225 - Güvenlik Tahkikatının Olumlu Sonuçlanması.;306d266f-7956-e711-80d3-a0369f7d149c
2017;1;190940019;Ağrı Belediye Başkanlığı;Ölçü ve Ayar Memuru;Ağrı;Ortaogretim;1;;90.119;90.119;"2023;6013;6014;6014;7225";2023 - Aşağıdaki ortaöğretim programlarından birinden mezun olmak. | 6013 - Elektrik-Elektronik Teknolojisi | 6014 - Endüstriyel Otomasyon Teknolojileri - Endüstriyel Kontrol Dalı (Dal kod: 1) | 6014 - Endüstriyel Otomasyon Teknolojileri - Endüstriyel Elektronik Dalı (Dal kod: 102) | 7225 - Güvenlik Tahkikatının Olumlu Sonuçlanması.;7169266f-7956-e711-80d3-a0369f7d149c
2017;1;190940061;Beğendik Belediye Başkanlığı;Şoför;Siirt;Ortaogretim;1;;90.029;90.029;"2001;6516;6519;7225;7302";2001 - Herhangi bir ortaöğretim programından mezun olmak. | 6516 - G sınıfı sürücü belgesine sahip olmak | 6519 - İstenilen Sınıftaki Sürücü Belgesine En Az (5) Yıldır Sahip olmak. | 7225 - Güvenlik Tahkikatının Olumlu Sonuçlanması. | 7302 - Bakınız Başvurma Özel Şartları Bölümü Şoför;c46c266f-7956-e711-80d3-a0369f7d149c
2017;1;191080283;Devlet Hava Meydanları İşletmesi Genel Müdürlüğü;Teknisyen;Siirt;Ortaogretim;1;;89.992;89.992;"2061;6033;7225";2061 - Aşağıdaki ortaöğretim programlarından birinden mezun olmak. | 6033 - Makine Teknolojisi | 7225 - Güvenlik Tahkikatının Olumlu Sonuçlanması.;c56c266f-7956-e711-80d3-a0369f7d149c
2017;1;190930403;Kastamonu İl Özel İdaresi;Şoför;Kastamonu;Ortaogretim;5;;89.93;92.034;"2001;6511;7225;7302";2001 - Herhangi bir ortaöğretim programından mezun olmak. | 6511 - CE Sınıfı Sürücü Belgesi Sahibi Olmak | 7225 - Güvenlik Tahkikatının Olumlu Sonuçlanması. | 7302 - Bakınız Başvurma Özel Şartları Bölümü Şoför;e46b266f-7956-e711-80d3-a0369f7d149c
2017;1;191170457;Makina ve Kimya Endüstrisi Kurumu Genel Müdürlüğü;Teknisyen;Kırıkkale;Ortaogretim;6;;89.189;91.477;"2061;6033;7225";2061 - Aşağıdaki ortaöğretim programlarından birinden mezun olmak. | 6033 - Makine Teknolojisi | 7225 - Güvenlik Tahkikatının Olumlu Sonuçlanması.;a66d266f-7956-e711-80d3-a0369f7d149c
2017;1;190940073;Beşikdüzü Belediye Başkanlığı;Teknisyen;Trabzon;Ortaogretim;1;;89.066;89.066;"2061;6033;7225;7257";2061 - Aşağıdaki ortaöğretim programlarından birinden mezun olmak. | 6033 - Makine Teknolojisi | 7225 - Güvenlik Tahkikatının Olumlu Sonuçlanması. | 7257 - Seyahate ve Arazide Çalışmaya Elverişli olmak.;076d266f-7956-e711-80d3-a0369f7d149c
2017;1;110110025;Ankara Üniversitesi;Teknisyen;Ankara;Ortaogretim;1;;88.856;88.856;"2053;6029;7225";2053 - Aşağıdaki ortaöğretim programlarından birinden mezun olmak. | 6029 - Kimya Teknolojisi | 7225 - Güvenlik Tahkikatının Olumlu Sonuçlanması.;b469266f-7956-e711-80d3-a0369f7d149c
2017;1;191080289;Devlet Hava Meydanları İşletmesi Genel Müdürlüğü;Teknisyen;Şırnak;Ortaogretim;1;;88.58;88.58;"2073;6029;6039;7225";2073 - Aşağıdaki ortaöğretim programlarından birinden mezun olmak. | 6029 - Kimya Teknolojisi - Sınai Boya / Sanayi Boyacılığı ve Uygulama Tekniği Dalı (Dal kod: 101) | 6039 - Motorlu Araçlar Teknolojisi | 7225 - Güvenlik Tahkikatının Olumlu Sonuçlanması.;d36d266f-7956-e711-80d3-a0369f7d149c
2017;1;191170463;Makina ve Kimya Endüstrisi Kurumu Genel Müdürlüğü;Teknisyen;Kırıkkale;Ortaogretim;2;;88.532;88.618;"2053;6029;7225";2053 - Aşağıdaki ortaöğretim programlarından birinden mezun olmak. | 6029 - Kimya Teknolojisi | 7225 - Güvenlik Tahkikatının Olumlu Sonuçlanması.;a76d266f-7956-e711-80d3-a0369f7d149c
2017;1;110110031;Ankara Üniversitesi;Veteriner Sağlık Teknisyeni;Ankara;Ortaogretim;2;;88.124;89.116;"2047;6024;7225";2047 - Aşağıdaki ortaöğretim programlarından birinden mezun olmak. | 6024 - Hayvan Sağlığı - Veteriner Sağlık Dalı (Dal kod: 1) | 7225 - Güvenlik Tahkikatının Olumlu Sonuçlanması.;b569266f-7956-e711-80d3-a0369f7d149c
2017;1;110020007;Adıyaman Üniversitesi;Teknisyen;Adıyaman;Ortaogretim;1;;87.597;87.597;"2071;6002;6038;7225";2071 - Aşağıdaki ortaöğretim programlarından birinden mezun olmak. | 6002 - Ahşap Teknolojisi | 6038 - Mobilya ve İç Mekan Tasarımı | 7225 - Güvenlik Tahkikatının Olumlu Sonuçlanması.;4f69266f-7956-e711-80d3-a0369f7d149c
2017;1;190930409;Kastamonu İl Özel İdaresi;Teknisyen;Kastamonu;Ortaogretim;2;;87.258;88.01;"2073;6029;6039;7225";2073 - Aşağıdaki ortaöğretim programlarından birinden mezun olmak. | 6029 - Kimya Teknolojisi - Sınai Boya / Sanayi Boyacılığı ve Uygulama Tekniği Dalı (Dal kod: 101) | 6039 - Motorlu Araçlar Teknolojisi | 7225 - Güvenlik Tahkikatının Olumlu Sonuçlanması.;e56b266f-7956-e711-80d3-a0369f7d149c
2017;1;110290127;Çukurova Üniversitesi;Aşçı;Adana;Ortaogretim;1;;87.168;87.168;"2117;6003;6003;6030;6057;7225";2117 - Aşağıdaki ortaöğretim programlarından birinden mezun olmak. | 6003 - Aile ve Tüketici Hizmetleri - Beslenme ve Ev Yönetimi Dalı (Dal kod: 101) | 6003 - Aile ve Tüketici Hizmetleri - Ev Ekonomisi Dalı (Dal kod: 102) | 6030 - Konaklama ve Seyahat Hizmetleri - Turizm / Otelcilik ve Turizm Dalı (Dal kod: 101) | 6057 - Yiyecek İçecek Hizmetleri | 7225 - Güvenlik Tahkikatının Olumlu Sonuçlanması.;3469266f-7956-e711-80d3-a0369f7d149c
2017;1;191080235;Devlet Hava Meydanları İşletmesi Genel Müdürlüğü;Teknisyen;Kars;Ortaogretim;1;;87.02;87.02;"2073;6029;6039;7225";2073 - Aşağıdaki ortaöğretim programlarından birinden mezun olmak. | 6029 - Kimya Teknolojisi - Sınai Boya / Sanayi Boyacılığı ve Uygulama Tekniği Dalı (Dal kod: 101) | 6039 - Motorlu Araçlar Teknolojisi | 7225 - Güvenlik Tahkikatının Olumlu Sonuçlanması.;c96b266f-7956-e711-80d3-a0369f7d149c
2017;1;191080145;Devlet Hava Meydanları İşletmesi Genel Müdürlüğü;Teknisyen;Ağrı;Ortaogretim;1;;86.376;86.376;"2051;6002;6027;7225";2051 - Aşağıdaki ortaöğretim programlarından birinden mezun olmak. | 6002 - Ahşap Teknolojisi - Ahşap Yapı (Doğramacılık) Dalı (Dal kod: 101) | 6027 - İnşaat Teknolojisi | 7225 - Güvenlik Tahkikatının Olumlu Sonuçlanması.;6f69266f-7956-e711-80d3-a0369f7d149c
2017;1;191080307;Devlet Hava Meydanları İşletmesi Genel Müdürlüğü;Teknisyen;Van;Ortaogretim;1;;85.995;85.995;"2073;6029;6039;7225";2073 - Aşağıdaki ortaöğretim programlarından birinden mezun olmak. | 6029 - Kimya Teknolojisi - Sınai Boya / Sanayi Boyacılığı ve Uygulama Tekniği Dalı (Dal kod: 101) | 6039 - Motorlu Araçlar Teknolojisi | 7225 - Güvenlik Tahkikatının Olumlu Sonuçlanması.;6a6d266f-7956-e711-80d3-a0369f7d149c
2017;1;191080205;Devlet Hava Meydanları İşletmesi Genel Müdürlüğü;Teknisyen;Hakkari;Ortaogretim;1;;85.85;85.85;"2073;6029;6039;7225";2073 - Aşağıdaki ortaöğretim programlarından birinden mezun olmak. | 6029 - Kimya Teknolojisi - Sınai Boya / Sanayi Boyacılığı ve Uygulama Tekniği Dalı (Dal kod: 101) | 6039 - Motorlu Araçlar Teknolojisi | 7225 - Güvenlik Tahkikatının Olumlu Sonuçlanması.;1c6b266f-7956-e711-80d3-a0369f7d149c
2017;1;191080223;Devlet Hava Meydanları İşletmesi Genel Müdürlüğü;Teknisyen;Iğdır;Ortaogretim;1;;85.556;85.556;"2051;6002;6027;7225";2051 - Aşağıdaki ortaöğretim programlarından birinden mezun olmak. | 6002 - Ahşap Teknolojisi - Ahşap Yapı (Doğramacılık) Dalı (Dal kod: 101) | 6027 - İnşaat Teknolojisi | 7225 - Güvenlik Tahkikatının Olumlu Sonuçlanması.;ea6d266f-7956-e711-80d3-a0369f7d149c
2017;1;191170451;Makina ve Kimya Endüstrisi Kurumu Genel Müdürlüğü;Memur;Kırıkkale;Ortaogretim;1;;85.341;85.341;"2015;6008;6042;7225";2015 - Aşağıdaki ortaöğretim programlarından birinden mezun olmak. | 6008 - Büro Yönetimi | 6042 - Pazarlama ve Perakende - Ticaret / A-B Grubu (Ticaret Lisesi) Dalı (Dal kod: 101) | 7225 - Güvenlik Tahkikatının Olumlu Sonuçlanması.;a56d266f-7956-e711-80d3-a0369f7d149c
2017;1;190540493;Türkiye Adalet Akademisi Başkanlığı;Teknisyen;Ankara;Ortaogretim;1;;85.286;85.286;"2051;6002;6027;7225";2051 - Aşağıdaki ortaöğretim programlarından birinden mezun olmak. | 6002 - Ahşap Teknolojisi - Ahşap Yapı (Doğramacılık) Dalı (Dal kod: 101) | 6027 - İnşaat Teknolojisi | 7225 - Güvenlik Tahkikatının Olumlu Sonuçlanması.;b969266f-7956-e711-80d3-a0369f7d149c
2017;1;110260103;Cumhuriyet Üniversitesi;Gassal;Sivas;Ortaogretim;1;;85.195;85.195;"1103;2049;6026;7225";1103 - Cinsiyeti Kadın olmak. | 2049 - Aşağıdaki ortaöğretim programlarından birinden mezun olmak. | 6026 - İmam Hatip | 7225 - Güvenlik Tahkikatının Olumlu Sonuçlanması.;e66c266f-7956-e711-80d3-a0369f7d149c
2017;1;110880469;Sakarya Üniversitesi;Teknisyen;Sakarya;Ortaogretim;1;;84.809;84.809;"2033;6017;6032;7225";2033 - Aşağıdaki ortaöğretim programlarından birinden mezun olmak. | 6017 - Gıda Teknolojisi | 6032 - Laboratuvar Hizmetleri - Laborant Dalı (Dal kod: 101) | 7225 - Güvenlik Tahkikatının Olumlu Sonuçlanması.;b16c266f-7956-e711-80d3-a0369f7d149c
2017;1;190940475;Serdivan Belediye Başkanlığı;Memur;Sakarya;Ortaogretim;2;;84.635;85.511;"2015;6008;6042;7225";2015 - Aşağıdaki ortaöğretim programlarından birinden mezun olmak. | 6008 - Büro Yönetimi | 6042 - Pazarlama ve Perakende - Ticaret / A-B Grubu (Ticaret Lisesi) Dalı (Dal kod: 101) | 7225 - Güvenlik Tahkikatının Olumlu Sonuçlanması.;af6c266f-7956-e711-80d3-a0369f7d149c
2017;1;190540499;Türkiye Adalet Akademisi Başkanlığı;Teknisyen;Ankara;Ortaogretim;1;;84.482;84.482;"2111;6053;7225";2111 - Aşağıdaki ortaöğretim programlarından birinden mezun olmak. | 6053 - Tesisat Teknolojisi ve İklimlendirme | 7225 - Güvenlik Tahkikatının Olumlu Sonuçlanması.;ba69266f-7956-e711-80d3-a0369f7d149c
2017;1;190920091;Bursa Büyükşehir Belediye Başkanlığı;İtfaiye Eri;Bursa;Ortaogretim;60;;71.93;89.078;"2123;6028;6199;7225;7300;7359";2123 - Aşağıdaki ortaöğretim programlarından birinden mezun olmak. | 6028 - İtfaiyecilik ve Yangın Güvenliği - İtfaiyecilik ve Yangın Güvenliği Dalı (Dal kod: 1) | 6199 - Yerleştirme işlemlerinin ilk günü itibariyle 30 yaşını doldurmamış olmak | 7225 - Güvenlik Tahkikatının Olumlu Sonuçlanması. | 7300 - Bu kadro/pozisyonda vardiya sistemi uygulanmaktadır. | 7359 - (Bakınız Başvurma Özel Şartları Bölümü İtfaiye Eri).;626a266f-7956-e711-80d3-a0369f7d149c
2017;1;291081375;Devlet Hava Meydanları İşletmesi Genel Müdürlüğü;Tekniker;İzmir;Onlisans;1;;100.0;100.0;"3293;1153;1154;1159;8524;9068;7225;7322";3293 - Aşağıdaki önlisans programlarından birinden mezun olmak. | 1153 - Elektrik-Elektronik | 1154 - Elektronik | 1159 - Endüstriyel Elektronik | 8524 - Elektrik-Elektronik Teknikerliği | 9068 - Elektronik Teknolojisi | 7225 - Güvenlik Tahkikatının Olumlu Sonuçlanması. | 7322 - (Bakınız Başvurma Özel Şartları Bölümü Devlet Hava Meydanları İşletmesi Genel Müdürlüğü).;b96b266f-7956-e711-80d3-a0369f7d149c
2017;1;291081285;Devlet Hava Meydanları İşletmesi Genel Müdürlüğü;Tekniker;Antalya;Onlisans;1;;96.062;96.062;"3293;1153;1154;1159;8524;9068;7225;7322";3293 - Aşağıdaki önlisans programlarından birinden mezun olmak. | 1153 - Elektrik-Elektronik | 1154 - Elektronik | 1159 - Endüstriyel Elektronik | 8524 - Elektrik-Elektronik Teknikerliği | 9068 - Elektronik Teknolojisi | 7225 - Güvenlik Tahkikatının Olumlu Sonuçlanması. | 7322 - (Bakınız Başvurma Özel Şartları Bölümü Devlet Hava Meydanları İşletmesi Genel Müdürlüğü).;1b6a266f-7956-e711-80d3-a0369f7d149c
2017;1;291171891;Makina ve Kimya Endüstrisi Kurumu Genel Müdürlüğü;Memur;Ankara;Onlisans;1;;95.718;95.718;"3187;1145;1146;1178;1209;1343;5376;8530;7225";3187 - Aşağıdaki önlisans programlarından birinden mezun olmak. | 1145 - Dış Ticaret | 1146 - Dış Ticaret ve Avrupa Birliği | 1178 - Gümrük İşletme | 1209 - İthalat-İhracat | 1343 - Uluslararası Ticaret Yönetimi | 5376 - Uluslararası Ticaret | 8530 - Gümrük İşleri | 7225 - Güvenlik Tahkikatının Olumlu Sonuçlanması.;a469266f-7956-e711-80d3-a0369f7d149c
2017;1;290422089;Özelleştirme İdaresi Başkanlığı;Bilgisayar İşletmeni;Ankara;Onlisans;1;;95.024;95.024;"3001;6225;7225";3001 - Herhangi bir önlisans programından mezun olmak. | 6225 - M.E.B.'Dan Onaylı Bilgisayar İşletmeni Sertifikası Sahibi olmak. | 7225 - Güvenlik Tahkikatının Olumlu Sonuçlanması.;c369266f-7956-e711-80d3-a0369f7d149c
2017;1;290070733;Çalışma ve Sosyal Güvenlik Bakanlığı;Veri Hazırlama ve Kontrol İşletmeni;Ankara;Onlisans;1;;94.643;94.643;"3003;1102;6352;6225;7225";3003 - Aşağıdaki önlisans programlarından birinden mezun olmak. | 1102 - Adalet | 6352 - Adalet Meslek Yüksekokulu | 6225 - M.E.B.'Dan Onaylı Bilgisayar İşletmeni Sertifikası Sahibi olmak. | 7225 - Güvenlik Tahkikatının Olumlu Sonuçlanması.;bf69266f-7956-e711-80d3-a0369f7d149c
2017;1;291081411;Devlet Hava Meydanları İşletmesi Genel Müdürlüğü;Tekniker;Muğla;Onlisans;1;;94.153;94.153;"3248;1119;1123;4221;4223;4321;8507;9075;3249;1121;1122;1353;4399;8506;7225";3248 - Aşağıdaki önlisans programlarından birinden mezun olmak. | 1119 - Bilgisayar Donanımı | 1123 - Bilgisayar ve Enformasyon Sistemleri | 4221 - Bilgisayar Teknolojileri ve Bilişim Sistemleri | 4223 - Bilişim Sistemleri ve Teknolojileri | 4321 - Muhabere ve Elektronik Bilgi Sistemleri | 8507 - Bilgisayar Teknolojileri ve Yönetimi | 9075 - Bilgisayar Teknolojisi | 3249 - Aşağıdaki önlisans programlarından birinden mezun olmak. | 1121 - Bilgisayar Programcılığı | 1122 - Bilgisayar Teknolojisi ve Programlama | 1353 - Bilgisayar Programcılığı (Internet) | 4399 - Web Teknolojileri ve Programlama | 8506 - Bilgisayar Programlama | 7225 - Güvenlik Tahkikatının Olumlu Sonuçlanması.;576c266f-7956-e711-80d3-a0369f7d149c
2017;1;290940637;Bayrampaşa Belediye Başkanlığı;Memur;İstanbul;Onlisans;1;;94.06;94.06;"3003;1102;6352;7225";3003 - Aşağıdaki önlisans programlarından birinden mezun olmak. | 1102 - Adalet | 6352 - Adalet Meslek Yüksekokulu | 7225 - Güvenlik Tahkikatının Olumlu Sonuçlanması.;896b266f-7956-e711-80d3-a0369f7d149c
2017;1;291081339;Devlet Hava Meydanları İşletmesi Genel Müdürlüğü;Tekniker;Erzurum;Onlisans;1;;93.89;93.89;"3248;1119;1123;4221;4223;4321;8507;9075;3249;1121;1122;1353;4399;8506;7225";3248 - Aşağıdaki önlisans programlarından birinden mezun olmak. | 1119 - Bilgisayar Donanımı | 1123 - Bilgisayar ve Enformasyon Sistemleri | 4221 - Bilgisayar Teknolojileri ve Bilişim Sistemleri | 4223 - Bilişim Sistemleri ve Teknolojileri | 4321 - Muhabere ve Elektronik Bilgi Sistemleri | 8507 - Bilgisayar Teknolojileri ve Yönetimi | 9075 - Bilgisayar Teknolojisi | 3249 - Aşağıdaki önlisans programlarından birinden mezun olmak. | 1121 - Bilgisayar Programcılığı | 1122 - Bilgisayar Teknolojisi ve Programlama | 1353 - Bilgisayar Programcılığı (Internet) | 4399 - Web Teknolojileri ve Programlama | 8506 - Bilgisayar Programlama | 7225 - Güvenlik Tahkikatının Olumlu Sonuçlanması.;e36a266f-7956-e711-80d3-a0369f7d149c
2017;1;290930751;Çanakkale İl Özel İdaresi;Bilgisayar İşletmeni;Çanakkale;Onlisans;1;;93.612;93.612;"3001;6225;7225";3001 - Herhangi bir önlisans programından mezun olmak. | 6225 - M.E.B.'Dan Onaylı Bilgisayar İşletmeni Sertifikası Sahibi olmak. | 7225 - Güvenlik Tahkikatının Olumlu Sonuçlanması.;736a266f-7956-e711-80d3-a0369f7d149c
2017;1;291171867;Makina ve Kimya Endüstrisi Kurumu Genel Müdürlüğü;Bilgisayar İşletmeni;Kırıkkale;Onlisans;1;;93.608;93.608;"3163;1163;1206;1207;1254;1333;4296;5339;5341;5366;6176;8603;9253;6225;7225";3163 - Aşağıdaki önlisans programlarından birinden mezun olmak. | 1163 - Endüstriyel Yönetim | 1206 - İşletme Organizasyonu ve Çiftlik Yönetimi | 1207 - İşletmecilik | 1254 - Orta Kademe Yöneticiliği / Orta Kademe Yöneticilik | 1333 - Ticaret ve Yönetim | 4296 - İşletme Yönetimi | 5339 - İş İdaresi | 5341 - İşletme | 5366 - Tarımsal İşletmecilik | 6176 - Genel İşletme | 8603 - Girişimcilik ve Proje Yönetim Asistanlığı | 9253 - Tarım İşletmeciliği | 6225 - M.E.B.'Dan Onaylı Bilgisayar İşletmeni Sertifikası Sahibi olmak. | 7225 - Güvenlik Tahkikatının Olumlu Sonuçlanması.;b36d266f-7956-e711-80d3-a0369f7d149c
2017;1;290882023;Milli Güvenlik Kurulu Genel Sekreterliği;Programcı;Ankara;Onlisans;1;;93.47;93.47;"3246;4291;3247;9104;3248;1119;1123;4221;4223;4321;8507;9075;3249;1121;1122;1353;4399;8506;3253;1120;4218;8501;8504;8507;3254;1352;5310;8508;7225;7301";3246 - Aşağıdaki önlisans programlarından birinden mezun olmak. | 4291 - Internet ve Ağ Teknolojileri | 3247 - Aşağıdaki önlisans programlarından birinden mezun olmak. | 9104 - Bilgi Güvenliği Teknolojisi | 3248 - Aşağıdaki önlisans programlarından birinden mezun olmak. | 1119 - Bilgisayar Donanımı | 1123 - Bilgisayar ve Enformasyon Sistemleri | 4221 - Bilgisayar Teknolojileri ve Bilişim Sistemleri | 4223 - Bilişim Sistemleri ve Teknolojileri | 4321 - Muhabere ve Elektronik Bilgi Sistemleri | 8507 - Bilgisayar Teknolojileri ve Yönetimi | 9075 - Bilgisayar Teknolojisi | 3249 - Aşağıdaki önlisans programlarından birinden mezun olmak. | 1121 - Bilgisayar Programcılığı | 1122 - Bilgisayar Teknolojisi ve Programlama | 1353 - Bilgisayar Programcılığı (Internet) | 4399 - Web Teknolojileri ve Programlama | 8506 - Bilgisayar Programlama | 3253 - Aşağıdaki önlisans programlarından birinden mezun olmak. | 1120 - Bilgisayar Operatörlüğü ve Teknikerliği | 4218 - Bilgisayar | 8501 - Bilgisayar Operatörlüğü | 8504 - Bilgi İşlem | 8507 - Bilgisayar Teknolojileri ve Yönetimi | 3254 - Aşağıdaki önlisans programlarından birinden mezun olmak. | 1352 - Bilgi Yönetimi (Internet) | 5310 - Bilgi Yönetimi | 8508 - Bilişim-Yönetim | 7225 - Güvenlik Tahkikatının Olumlu Sonuçlanması. | 7301 - (Bakınız Başvurma Özel Şartları Bölümü Programcı).;b269266f-7956-e711-80d3-a0369f7d149c
2017;1;290942131;Serdivan Belediye Başkanlığı;Tahsildar;Sakarya;Onlisans;2;;93.364;94.235;"3001;7225";3001 - Herhangi bir önlisans programından mezun olmak. | 7225 - Güvenlik Tahkikatının Olumlu Sonuçlanması.;b26c266f-7956-e711-80d3-a0369f7d149c
2017;1;291081303;Devlet Hava Meydanları İşletmesi Genel Müdürlüğü;Tekniker;Bursa;Onlisans;1;;93.319;93.319;"3293;1153;1154;1159;8524;9068;7225;7322";3293 - Aşağıdaki önlisans programlarından birinden mezun olmak. | 1153 - Elektrik-Elektronik | 1154 - Elektronik | 1159 - Endüstriyel Elektronik | 8524 - Elektrik-Elektronik Teknikerliği | 9068 - Elektronik Teknolojisi | 7225 - Güvenlik Tahkikatının Olumlu Sonuçlanması. | 7322 - (Bakınız Başvurma Özel Şartları Bölümü Devlet Hava Meydanları İşletmesi Genel Müdürlüğü).;696a266f-7956-e711-80d3-a0369f7d149c
2017;1;291081423;Devlet Hava Meydanları İşletmesi Genel Müdürlüğü;Tekniker;Muğla;Onlisans;1;;93.287;93.287;"3225;1201;8535;9052;7225";3225 - Aşağıdaki önlisans programlarından birinden mezun olmak. | 1201 - İnşaat | 8535 - İnşaat Teknikerliği | 9052 - İnşaat Teknolojisi | 7225 - Güvenlik Tahkikatının Olumlu Sonuçlanması.;596c266f-7956-e711-80d3-a0369f7d149c
2017;1;210331597;Düzce Üniversitesi;Memur;Düzce;Onlisans;2;;93.058;94.121;"3001;7225";3001 - Herhangi bir önlisans programından mezun olmak. | 7225 - Güvenlik Tahkikatının Olumlu Sonuçlanması.;fb6d266f-7956-e711-80d3-a0369f7d149c
2017;1;291081345;Devlet Hava Meydanları İşletmesi Genel Müdürlüğü;Tekniker;Erzurum;Onlisans;1;;93.041;93.041;"3225;1201;8535;9052;7225";3225 - Aşağıdaki önlisans programlarından birinden mezun olmak. | 1201 - İnşaat | 8535 - İnşaat Teknikerliği | 9052 - İnşaat Teknolojisi | 7225 - Güvenlik Tahkikatının Olumlu Sonuçlanması.;e46a266f-7956-e711-80d3-a0369f7d149c
2017;1;210040529;Afyon Kocatepe Üniversitesi;Tekniker;Afyonkarahisar;Onlisans;1;;92.881;92.881;"3249;1121;1122;1353;4399;8506;7225";3249 - Aşağıdaki önlisans programlarından birinden mezun olmak. | 1121 - Bilgisayar Programcılığı | 1122 - Bilgisayar Teknolojisi ve Programlama | 1353 - Bilgisayar Programcılığı (Internet) | 4399 - Web Teknolojileri ve Programlama | 8506 - Bilgisayar Programlama | 7225 - Güvenlik Tahkikatının Olumlu Sonuçlanması.;5069266f-7956-e711-80d3-a0369f7d149c
2017;1;291081321;Devlet Hava Meydanları İşletmesi Genel Müdürlüğü;Tekniker;Diyarbakır;Onlisans;1;;92.774;92.774;"3290;1152;7225";3290 - Aşağıdaki önlisans programlarından birinden mezun olmak. | 1152 - Elektrik | 7225 - Güvenlik Tahkikatının Olumlu Sonuçlanması.;a76a266f-7956-e711-80d3-a0369f7d149c
2017;1;290941855;Küçükçekmece Belediye Başkanlığı;Bilgisayar İşletmeni;İstanbul;Onlisans;2;;92.769;94.891;"3001;6225;7225";3001 - Herhangi bir önlisans programından mezun olmak. | 6225 - M.E.B.'Dan Onaylı Bilgisayar İşletmeni Sertifikası Sahibi olmak. | 7225 - Güvenlik Tahkikatının Olumlu Sonuçlanması.;876b266f-7956-e711-80d3-a0369f7d149c
2017;1;210882125;Sakarya Üniversitesi;Laborant;Sakarya;Onlisans;1;;92.768;92.768;"3023;1330;8557;9083;7225";3023 - Aşağıdaki önlisans programlarından birinden mezun olmak. | 1330 - Tıbbi Laboratuvar | 8557 - Sağlık Laboratuvarı | 9083 - Tıbbi Laboratuar Teknikleri / Tıbbi Laboratuvar Teknikleri | 7225 - Güvenlik Tahkikatının Olumlu Sonuçlanması.;ae6c266f-7956-e711-80d3-a0369f7d149c
2017;1;291081273;Devlet Hava Meydanları İşletmesi Genel Müdürlüğü;Tekniker;Ankara;Onlisans;1;;92.693;92.693;"3366;1204;1232;1233;5312;7225";3366 - Aşağıdaki önlisans programlarından birinden mezun olmak. | 1204 - İş Makineleri | 1232 - Makine | 1233 - Makine Yağları ve Yağlama Teknolojisi | 5312 - Bilgisayar Destekli Makine | 7225 - Güvenlik Tahkikatının Olumlu Sonuçlanması.;9469266f-7956-e711-80d3-a0369f7d149c
2017;1;290920691;Bursa Büyükşehir Belediye Başkanlığı;Memur;Bursa;Onlisans;4;;92.49;93.819;"3003;1102;6352;7225";3003 - Aşağıdaki önlisans programlarından birinden mezun olmak. | 1102 - Adalet | 6352 - Adalet Meslek Yüksekokulu | 7225 - Güvenlik Tahkikatının Olumlu Sonuçlanması.;606a266f-7956-e711-80d3-a0369f7d149c
2017;1;210922455;Süleyman Demirel Üniversitesi;Memur;Isparta;Onlisans;1;;92.411;92.411;"3179;1129;1130;5351;8510;8560;9074;7225";3179 - Aşağıdaki önlisans programlarından birinden mezun olmak. | 1129 - Büro Yönetimi | 1130 - Büro Yönetimi ve Sekreterlik | 5351 - Ofis Teknolojileri ve Yönetimi | 8510 - Büro Yönetimi ve Yönetici Asistanlığı | 8560 - Sekreterlik | 9074 - Büro Hizmetleri ve Yönetici Asistanlığı | 7225 - Güvenlik Tahkikatının Olumlu Sonuçlanması.;3e6b266f-7956-e711-80d3-a0369f7d149c
2017;1;290942815;Viranşehir Belediye Başkanlığı;Tekniker;Şanlıurfa;Onlisans;1;;92.228;92.228;"3249;1121;1122;1353;4399;8506;7225";3249 - Aşağıdaki önlisans programlarından birinden mezun olmak. | 1121 - Bilgisayar Programcılığı | 1122 - Bilgisayar Teknolojisi ve Programlama | 1353 - Bilgisayar Programcılığı (Internet) | 4399 - Web Teknolojileri ve Programlama | 8506 - Bilgisayar Programlama | 7225 - Güvenlik Tahkikatının Olumlu Sonuçlanması.;2b6d266f-7956-e711-80d3-a0369f7d149c
2017;1;291081351;Devlet Hava Meydanları İşletmesi Genel Müdürlüğü;Tekniker;Gaziantep;Onlisans;1;;92.216;92.216;"3293;1153;1154;1159;8524;9068;7225;7322";3293 - Aşağıdaki önlisans programlarından birinden mezun olmak. | 1153 - Elektrik-Elektronik | 1154 - Elektronik | 1159 - Endüstriyel Elektronik | 8524 - Elektrik-Elektronik Teknikerliği | 9068 - Elektronik Teknolojisi | 7225 - Güvenlik Tahkikatının Olumlu Sonuçlanması. | 7322 - (Bakınız Başvurma Özel Şartları Bölümü Devlet Hava Meydanları İşletmesi Genel Müdürlüğü).;026b266f-7956-e711-80d3-a0369f7d149c
2017;1;291081429;Devlet Hava Meydanları İşletmesi Genel Müdürlüğü;Tekniker;Muğla;Onlisans;1;;92.171;92.171;"3293;1153;1154;1159;8524;9068;7225;7322";3293 - Aşağıdaki önlisans programlarından birinden mezun olmak. | 1153 - Elektrik-Elektronik | 1154 - Elektronik | 1159 - Endüstriyel Elektronik | 8524 - Elektrik-Elektronik Teknikerliği | 9068 - Elektronik Teknolojisi | 7225 - Güvenlik Tahkikatının Olumlu Sonuçlanması. | 7322 - (Bakınız Başvurma Özel Şartları Bölümü Devlet Hava Meydanları İşletmesi Genel Müdürlüğü).;5a6c266f-7956-e711-80d3-a0369f7d149c
2017;1;290462155;Sosyal Güvenlik Kurumu Başkanlığı;İcra Memuru;İstanbul;Onlisans;2;;92.158;96.611;"3003;1102;6352;6199;7225;7315";3003 - Aşağıdaki önlisans programlarından birinden mezun olmak. | 1102 - Adalet | 6352 - Adalet Meslek Yüksekokulu | 6199 - Yerleştirme işlemlerinin ilk günü itibariyle 30 yaşını doldurmamış olmak | 7225 - Güvenlik Tahkikatının Olumlu Sonuçlanması. | 7315 - (Bakınız Başvurma Özel Şartları Bölümü İcra Memuru);726b266f-7956-e711-80d3-a0369f7d149c
2017;1;291081405;Devlet Hava Meydanları İşletmesi Genel Müdürlüğü;Tekniker;Kocaeli;Onlisans;1;;92.14;92.14;"3293;1153;1154;1159;8524;9068;7225;7322";3293 - Aşağıdaki önlisans programlarından birinden mezun olmak. | 1153 - Elektrik-Elektronik | 1154 - Elektronik | 1159 - Endüstriyel Elektronik | 8524 - Elektrik-Elektronik Teknikerliği | 9068 - Elektronik Teknolojisi | 7225 - Güvenlik Tahkikatının Olumlu Sonuçlanması. | 7322 - (Bakınız Başvurma Özel Şartları Bölümü Devlet Hava Meydanları İşletmesi Genel Müdürlüğü).;096c266f-7956-e711-80d3-a0369f7d149c
2017;1;210872095;Recep Tayyip Erdoğan Üniversitesi;Bilgisayar İşletmeni;Rize;Onlisans;1;;92.081;92.081;"3003;1102;6352;6225;7225";3003 - Aşağıdaki önlisans programlarından birinden mezun olmak. | 1102 - Adalet | 6352 - Adalet Meslek Yüksekokulu | 6225 - M.E.B.'Dan Onaylı Bilgisayar İşletmeni Sertifikası Sahibi olmak. | 7225 - Güvenlik Tahkikatının Olumlu Sonuçlanması.;886c266f-7956-e711-80d3-a0369f7d149c
2017;1;290070739;Çalışma ve Sosyal Güvenlik Bakanlığı;Veri Hazırlama ve Kontrol İşletmeni;Ankara;Onlisans;1;;92.038;92.038;"3004;9098;3163;1163;1206;1207;1254;1333;4296;5339;5341;5366;6176;8603;9253;6225;7225";3004 - Aşağıdaki önlisans programlarından birinden mezun olmak. | 9098 - Sosyal Güvenlik | 3163 - Aşağıdaki önlisans programlarından birinden mezun olmak. | 1163 - Endüstriyel Yönetim | 1206 - İşletme Organizasyonu ve Çiftlik Yönetimi | 1207 - İşletmecilik | 1254 - Orta Kademe Yöneticiliği / Orta Kademe Yöneticilik | 1333 - Ticaret ve Yönetim | 4296 - İşletme Yönetimi | 5339 - İş İdaresi | 5341 - İşletme | 5366 - Tarımsal İşletmecilik | 6176 - Genel İşletme | 8603 - Girişimcilik ve Proje Yönetim Asistanlığı | 9253 - Tarım İşletmeciliği | 6225 - M.E.B.'Dan Onaylı Bilgisayar İşletmeni Sertifikası Sahibi olmak. | 7225 - Güvenlik Tahkikatının Olumlu Sonuçlanması.;c069266f-7956-e711-80d3-a0369f7d149c
2017;1;290931807;Kırklareli İl Özel İdaresi;Tekniker;Kırklareli;Onlisans;1;;92.012;92.012;"3319;1187;1188;1189;8546;7225";3319 - Aşağıdaki önlisans programlarından birinden mezun olmak. | 1187 - Harita | 1188 - Harita Kadastro / Harita ve Kadastro | 1189 - Harita ve Maden Ölçme | 8546 - Harita Teknikerliği | 7225 - Güvenlik Tahkikatının Olumlu Sonuçlanması.;fc6b266f-7956-e711-80d3-a0369f7d149c
2017;1;210691843;Kocaeli Üniversitesi;Programcı;Kocaeli;Onlisans;1;;91.993;91.993;"3246;4291;3247;9104;3248;1119;1123;4221;4223;4321;8507;9075;3249;1121;1122;1353;4399;8506;3253;1120;4218;8501;8504;8507;3254;1352;5310;8508;7225;7301";3246 - Aşağıdaki önlisans programlarından birinden mezun olmak. | 4291 - Internet ve Ağ Teknolojileri | 3247 - Aşağıdaki önlisans programlarından birinden mezun olmak. | 9104 - Bilgi Güvenliği Teknolojisi | 3248 - Aşağıdaki önlisans programlarından birinden mezun olmak. | 1119 - Bilgisayar Donanımı | 1123 - Bilgisayar ve Enformasyon Sistemleri | 4221 - Bilgisayar Teknolojileri ve Bilişim Sistemleri | 4223 - Bilişim Sistemleri ve Teknolojileri | 4321 - Muhabere ve Elektronik Bilgi Sistemleri | 8507 - Bilgisayar Teknolojileri ve Yönetimi | 9075 - Bilgisayar Teknolojisi | 3249 - Aşağıdaki önlisans programlarından birinden mezun olmak. | 1121 - Bilgisayar Programcılığı | 1122 - Bilgisayar Teknolojisi ve Programlama | 1353 - Bilgisayar Programcılığı (Internet) | 4399 - Web Teknolojileri ve Programlama | 8506 - Bilgisayar Programlama | 3253 - Aşağıdaki önlisans programlarından birinden mezun olmak. | 1120 - Bilgisayar Operatörlüğü ve Teknikerliği | 4218 - Bilgisayar | 8501 - Bilgisayar Operatörlüğü | 8504 - Bilgi İşlem | 8507 - Bilgisayar Teknolojileri ve Yönetimi | 3254 - Aşağıdaki önlisans programlarından birinden mezun olmak. | 1352 - Bilgi Yönetimi (Internet) | 5310 - Bilgi Yönetimi | 8508 - Bilişim-Yönetim | 7225 - Güvenlik Tahkikatının Olumlu Sonuçlanması. | 7301 - (Bakınız Başvurma Özel Şartları Bölümü Programcı).;0f6c266f-7956-e711-80d3-a0369f7d149c
2017;1;290942059;Osmangazi Belediye Başkanlığı;Tahsildar;Bursa;Onlisans;5;;91.878;94.033;"3001;7225";3001 - Herhangi bir önlisans programından mezun olmak. | 7225 - Güvenlik Tahkikatının Olumlu Sonuçlanması.;5a6a266f-7956-e711-80d3-a0369f7d149c
2017;1;290792593;Tapu ve Kadastro Genel Müdürlüğü;Tekniker;Iğdır;Onlisans;1;;91.86;91.86;"3319;1187;1188;1189;8546;7225";3319 - Aşağıdaki önlisans programlarından birinden mezun olmak. | 1187 - Harita | 1188 - Harita Kadastro / Harita ve Kadastro | 1189 - Harita ve Maden Ölçme | 8546 - Harita Teknikerliği | 7225 - Güvenlik Tahkikatının Olumlu Sonuçlanması.;e86d266f-7956-e711-80d3-a0369f7d149c
2017;1;290930757;Çanakkale İl Özel İdaresi;Veri Hazırlama ve Kontrol İşletmeni;Çanakkale;Onlisans;5;;91.738;92.871;"3001;6225;7225";3001 - Herhangi bir önlisans programından mezun olmak. | 6225 - M.E.B.'Dan Onaylı Bilgisayar İşletmeni Sertifikası Sahibi olmak. | 7225 - Güvenlik Tahkikatının Olumlu Sonuçlanması.;746a266f-7956-e711-80d3-a0369f7d149c
2017;1;211060595;Bandırma Onyedi Eylül Üniversitesi;Bilgisayar İşletmeni;Balıkesir;Onlisans;2;;91.582;91.642;"3003;1102;6352;6225;7225";3003 - Aşağıdaki önlisans programlarından birinden mezun olmak. | 1102 - Adalet | 6352 - Adalet Meslek Yüksekokulu | 6225 - M.E.B.'Dan Onaylı Bilgisayar İşletmeni Sertifikası Sahibi olmak. | 7225 - Güvenlik Tahkikatının Olumlu Sonuçlanması.;326a266f-7956-e711-80d3-a0369f7d149c
2017;1;290930661;Bolu İl Özel İdaresi;Veri Hazırlama ve Kontrol İşletmeni;Bolu;Onlisans;8;;91.482;98.705;"3001;6225;7225";3001 - Herhangi bir önlisans programından mezun olmak. | 6225 - M.E.B.'Dan Onaylı Bilgisayar İşletmeni Sertifikası Sahibi olmak. | 7225 - Güvenlik Tahkikatının Olumlu Sonuçlanması.;4d6a266f-7956-e711-80d3-a0369f7d149c
2017;1;290931777;Kastamonu İl Özel İdaresi;Bilgisayar İşletmeni;Kastamonu;Onlisans;1;;91.359;91.359;"3001;6225;7225";3001 - Herhangi bir önlisans programından mezun olmak. | 6225 - M.E.B.'Dan Onaylı Bilgisayar İşletmeni Sertifikası Sahibi olmak. | 7225 - Güvenlik Tahkikatının Olumlu Sonuçlanması.;de6b266f-7956-e711-80d3-a0369f7d149c
2017;1;291272743;Türkiye Elektrik İletim.A.Ş.Gen.Md.;Tekniker;Ankara;Onlisans;1;;91.339;91.339;"3366;1204;1232;1233;5312;7225;7257";3366 - Aşağıdaki önlisans programlarından birinden mezun olmak. | 1204 - İş Makineleri | 1232 - Makine | 1233 - Makine Yağları ve Yağlama Teknolojisi | 5312 - Bilgisayar Destekli Makine | 7225 - Güvenlik Tahkikatının Olumlu Sonuçlanması. | 7257 - Seyahate ve Arazide Çalışmaya Elverişli olmak.;a069266f-7956-e711-80d3-a0369f7d149c
2017;1;290931771;Kastamonu İl Özel İdaresi;Ayniyat Memuru;Kastamonu;Onlisans;2;;91.21;91.475;"3001;7225";3001 - Herhangi bir önlisans programından mezun olmak. | 7225 - Güvenlik Tahkikatının Olumlu Sonuçlanması.;dd6b266f-7956-e711-80d3-a0369f7d149c
2017;1;290921669;Hatay Büyükşehir Belediye Başkanlığı;Tahsildar;Hatay;Onlisans;1;;91.206;91.206;"3001;7225";3001 - Herhangi bir önlisans programından mezun olmak. | 7225 - Güvenlik Tahkikatının Olumlu Sonuçlanması.;236b266f-7956-e711-80d3-a0369f7d149c
2017;1;290931765;Kastamonu İl Özel İdaresi;Anbar Memuru;Kastamonu;Onlisans;2;;91.094;91.618;"3001;7225";3001 - Herhangi bir önlisans programından mezun olmak. | 7225 - Güvenlik Tahkikatının Olumlu Sonuçlanması.;dc6b266f-7956-e711-80d3-a0369f7d149c
2017;1;291081297;Devlet Hava Meydanları İşletmesi Genel Müdürlüğü;Tekniker;Balıkesir;Onlisans;1;;91.088;91.088;"3293;1153;1154;1159;8524;9068;7225;7322";3293 - Aşağıdaki önlisans programlarından birinden mezun olmak. | 1153 - Elektrik-Elektronik | 1154 - Elektronik | 1159 - Endüstriyel Elektronik | 8524 - Elektrik-Elektronik Teknikerliği | 9068 - Elektronik Teknolojisi | 7225 - Güvenlik Tahkikatının Olumlu Sonuçlanması. | 7322 - (Bakınız Başvurma Özel Şartları Bölümü Devlet Hava Meydanları İşletmesi Genel Müdürlüğü).;306a266f-7956-e711-80d3-a0369f7d149c
2017;1;290931795;Kastamonu İl Özel İdaresi;Veri Hazırlama ve Kontrol İşletmeni;Kastamonu;Onlisans;6;;91.045;91.474;"3001;6225;7225";3001 - Herhangi bir önlisans programından mezun olmak. | 6225 - M.E.B.'Dan Onaylı Bilgisayar İşletmeni Sertifikası Sahibi olmak. | 7225 - Güvenlik Tahkikatının Olumlu Sonuçlanması.;e16b266f-7956-e711-80d3-a0369f7d149c
2017;1;290931663;Hakkari İl Özel İdaresi;Anbar Memuru;Hakkari;Onlisans;2;;90.98;91.044;"3001;7225";3001 - Herhangi bir önlisans programından mezun olmak. | 7225 - Güvenlik Tahkikatının Olumlu Sonuçlanması.;226b266f-7956-e711-80d3-a0369f7d149c
2017;1;290941831;Kızıltepe Belediye Başkanlığı;Tahsildar;Mardin;Onlisans;4;;90.969;92.1;"3001;7225";3001 - Herhangi bir önlisans programından mezun olmak. | 7225 - Güvenlik Tahkikatının Olumlu Sonuçlanması.;456c266f-7956-e711-80d3-a0369f7d149c
2017;1;290941747;Karatay Belediye Başkanlığı;Memur;Konya;Onlisans;1;;90.963;90.963;"3384;4352;7225";3384 - Aşağıdaki önlisans programlarından birinden mezun olmak. | 4352 - Sosyal Hizmetler | 7225 - Güvenlik Tahkikatının Olumlu Sonuçlanması.;1e6c266f-7956-e711-80d3-a0369f7d149c
2017;1;290462161;Sosyal Güvenlik Kurumu Başkanlığı;Memur;Adana;Onlisans;1;;90.921;90.921;"3163;1163;1206;1207;1254;1333;4296;5339;5341;5366;6176;8603;9253;3173;1117;1124;1249;9032;3181;1235;7225";3163 - Aşağıdaki önlisans programlarından birinden mezun olmak. | 1163 - Endüstriyel Yönetim | 1206 - İşletme Organizasyonu ve Çiftlik Yönetimi | 1207 - İşletmecilik | 1254 - Orta Kademe Yöneticiliği / Orta Kademe Yöneticilik | 1333 - Ticaret ve Yönetim | 4296 - İşletme Yönetimi | 5339 - İş İdaresi | 5341 - İşletme | 5366 - Tarımsal İşletmecilik | 6176 - Genel İşletme | 8603 - Girişimcilik ve Proje Yönetim Asistanlığı | 9253 - Tarım İşletmeciliği | 3173 - Aşağıdaki önlisans programlarından birinden mezun olmak. | 1117 - Bilgisayar Destekli Muhasebe | 1124 - Bilgisayarlı Muhasebe ve Vergi Uygulama | 1249 - Muhasebe | 9032 - Muhasebe ve Vergi Uygulamaları | 3181 - Aşağıdaki önlisans programlarından birinden mezun olmak. | 1235 - Maliye | 7225 - Güvenlik Tahkikatının Olumlu Sonuçlanması.;3669266f-7956-e711-80d3-a0369f7d149c
2017;1;291081369;Devlet Hava Meydanları İşletmesi Genel Müdürlüğü;Tekniker;Iğdır;Onlisans;1;;90.88;90.88;"3290;1152;7225";3290 - Aşağıdaki önlisans programlarından birinden mezun olmak. | 1152 - Elektrik | 7225 - Güvenlik Tahkikatının Olumlu Sonuçlanması.;f06d266f-7956-e711-80d3-a0369f7d149c
2017;1;291171885;Makina ve Kimya Endüstrisi Kurumu Genel Müdürlüğü;Koruma ve Güvenlik Görevlisi;Ankara;Onlisans;1;;90.821;90.821;"1101;3389;4275;5353;5359;6551;7225;7303";1101 - Cinsiyeti Erkek olmak. | 3389 - Aşağıdaki önlisans programlarından birinden mezun olmak. | 4275 - Güvenlik | 5353 - Özel Güvenlik ve Koruma | 5359 - Savunma ve Güvenlik | 6551 - Özel Güvenlik Görevlisi Kimlik Kartına Sahip olmak. | 7225 - Güvenlik Tahkikatının Olumlu Sonuçlanması. | 7303 - (Bakınız Başvurma Özel Şartları Bölümü Koruma ve Güvenlik Görevlisi).;a369266f-7956-e711-80d3-a0369f7d149c
2017;1;290921681;Hatay Büyükşehir Belediye Başkanlığı;Zabıta Memuru;Hatay;Onlisans;5;;90.812;91.479;"3001;6199;7225";3001 - Herhangi bir önlisans programından mezun olmak. | 6199 - Yerleştirme işlemlerinin ilk günü itibariyle 30 yaşını doldurmamış olmak | 7225 - Güvenlik Tahkikatının Olumlu Sonuçlanması.;256b266f-7956-e711-80d3-a0369f7d149c
2017;1;290070721;Çalışma ve Sosyal Güvenlik Bakanlığı;Memur;Ankara;Onlisans;1;;90.781;90.781;"3248;1119;1123;4221;4223;4321;8507;9075;3249;1121;1122;1353;4399;8506;3253;1120;4218;8501;8504;8507;7225";3248 - Aşağıdaki önlisans programlarından birinden mezun olmak. | 1119 - Bilgisayar Donanımı | 1123 - Bilgisayar ve Enformasyon Sistemleri | 4221 - Bilgisayar Teknolojileri ve Bilişim Sistemleri | 4223 - Bilişim Sistemleri ve Teknolojileri | 4321 - Muhabere ve Elektronik Bilgi Sistemleri | 8507 - Bilgisayar Teknolojileri ve Yönetimi | 9075 - Bilgisayar Teknolojisi | 3249 - Aşağıdaki önlisans programlarından birinden mezun olmak. | 1121 - Bilgisayar Programcılığı | 1122 - Bilgisayar Teknolojisi ve Programlama | 1353 - Bilgisayar Programcılığı (Internet) | 4399 - Web Teknolojileri ve Programlama | 8506 - Bilgisayar Programlama | 3253 - Aşağıdaki önlisans programlarından birinden mezun olmak. | 1120 - Bilgisayar Operatörlüğü ve Teknikerliği | 4218 - Bilgisayar | 8501 - Bilgisayar Operatörlüğü | 8504 - Bilgi İşlem | 8507 - Bilgisayar Teknolojileri ve Yönetimi | 7225 - Güvenlik Tahkikatının Olumlu Sonuçlanması.;bd69266f-7956-e711-80d3-a0369f7d149c
2017;1;291272755;Türkiye Elektrik İletim.A.Ş.Gen.Md.;Tekniker;İstanbul;Onlisans;1;;90.734;90.734;"3319;1187;1188;1189;8546;7225;7257";3319 - Aşağıdaki önlisans programlarından birinden mezun olmak. | 1187 - Harita | 1188 - Harita Kadastro / Harita ve Kadastro | 1189 - Harita ve Maden Ölçme | 8546 - Harita Teknikerliği | 7225 - Güvenlik Tahkikatının Olumlu Sonuçlanması. | 7257 - Seyahate ve Arazide Çalışmaya Elverişli olmak.;966b266f-7956-e711-80d3-a0369f7d149c
2017;1;291081465;Devlet Hava Meydanları İşletmesi Genel Müdürlüğü;Tekniker;Siirt;Onlisans;1;;90.633;90.633;"3290;1152;7225";3290 - Aşağıdaki önlisans programlarından birinden mezun olmak. | 1152 - Elektrik | 7225 - Güvenlik Tahkikatının Olumlu Sonuçlanması.;c96c266f-7956-e711-80d3-a0369f7d149c
2017;1;210922461;Süleyman Demirel Üniversitesi;Programcı;Isparta;Onlisans;2;;90.581;91.266;"3246;4291;3247;9104;3248;1119;1123;4221;4223;4321;8507;9075;3249;1121;1122;1353;4399;8506;3253;1120;4218;8501;8504;8507;3254;1352;5310;8508;7225;7301";3246 - Aşağıdaki önlisans programlarından birinden mezun olmak. | 4291 - Internet ve Ağ Teknolojileri | 3247 - Aşağıdaki önlisans programlarından birinden mezun olmak. | 9104 - Bilgi Güvenliği Teknolojisi | 3248 - Aşağıdaki önlisans programlarından birinden mezun olmak. | 1119 - Bilgisayar Donanımı | 1123 - Bilgisayar ve Enformasyon Sistemleri | 4221 - Bilgisayar Teknolojileri ve Bilişim Sistemleri | 4223 - Bilişim Sistemleri ve Teknolojileri | 4321 - Muhabere ve Elektronik Bilgi Sistemleri | 8507 - Bilgisayar Teknolojileri ve Yönetimi | 9075 - Bilgisayar Teknolojisi | 3249 - Aşağıdaki önlisans programlarından birinden mezun olmak. | 1121 - Bilgisayar Programcılığı | 1122 - Bilgisayar Teknolojisi ve Programlama | 1353 - Bilgisayar Programcılığı (Internet) | 4399 - Web Teknolojileri ve Programlama | 8506 - Bilgisayar Programlama | 3253 - Aşağıdaki önlisans programlarından birinden mezun olmak. | 1120 - Bilgisayar Operatörlüğü ve Teknikerliği | 4218 - Bilgisayar | 8501 - Bilgisayar Operatörlüğü | 8504 - Bilgi İşlem | 8507 - Bilgisayar Teknolojileri ve Yönetimi | 3254 - Aşağıdaki önlisans programlarından birinden mezun olmak. | 1352 - Bilgi Yönetimi (Internet) | 5310 - Bilgi Yönetimi | 8508 - Bilişim-Yönetim | 7225 - Güvenlik Tahkikatının Olumlu Sonuçlanması. | 7301 - (Bakınız Başvurma Özel Şartları Bölümü Programcı).;3f6b266f-7956-e711-80d3-a0369f7d149c
2017;1;211060601;Bandırma Onyedi Eylül Üniversitesi;Şoför;Balıkesir;Onlisans;1;;90.413;90.413;"3188;1260;9012;6514;7225;7302";3188 - Aşağıdaki önlisans programlarından birinden mezun olmak. | 1260 - Otobüs Şoförlüğü (Kaptanlık) / Otobüs Şoförlüğü | 9012 - Otobüs Kaptanlığı | 6514 - D sınıfı sürücü belgesine sahip olmak | 7225 - Güvenlik Tahkikatının Olumlu Sonuçlanması. | 7302 - Bakınız Başvurma Özel Şartları Bölümü Şoför;336a266f-7956-e711-80d3-a0369f7d149c
2017;1;290240589;Atatürk Kültür Merkezi Başkanlığı;Bilgisayar İşletmeni;Ankara;Onlisans;1;;90.385;90.385;"3173;1117;1124;1249;9032;3181;1235;6225;7225";3173 - Aşağıdaki önlisans programlarından birinden mezun olmak. | 1117 - Bilgisayar Destekli Muhasebe | 1124 - Bilgisayarlı Muhasebe ve Vergi Uygulama | 1249 - Muhasebe | 9032 - Muhasebe ve Vergi Uygulamaları | 3181 - Aşağıdaki önlisans programlarından birinden mezun olmak. | 1235 - Maliye | 6225 - M.E.B.'Dan Onaylı Bilgisayar İşletmeni Sertifikası Sahibi olmak. | 7225 - Güvenlik Tahkikatının Olumlu Sonuçlanması.;c269266f-7956-e711-80d3-a0369f7d149c
2017;1;291091495;Devlet Malzeme Ofisi Genel Müdürlüğü;Tekniker;Ankara;Onlisans;1;;90.323;90.323;"3248;1119;1123;4221;4223;4321;8507;9075;7225";3248 - Aşağıdaki önlisans programlarından birinden mezun olmak. | 1119 - Bilgisayar Donanımı | 1123 - Bilgisayar ve Enformasyon Sistemleri | 4221 - Bilgisayar Teknolojileri ve Bilişim Sistemleri | 4223 - Bilişim Sistemleri ve Teknolojileri | 4321 - Muhabere ve Elektronik Bilgi Sistemleri | 8507 - Bilgisayar Teknolojileri ve Yönetimi | 9075 - Bilgisayar Teknolojisi | 7225 - Güvenlik Tahkikatının Olumlu Sonuçlanması.;9669266f-7956-e711-80d3-a0369f7d149c
2017;1;291081381;Devlet Hava Meydanları İşletmesi Genel Müdürlüğü;Tekniker;Kahramanmaraş;Onlisans;1;;90.319;90.319;"3293;1153;1154;1159;8524;9068;7225;7322";3293 - Aşağıdaki önlisans programlarından birinden mezun olmak. | 1153 - Elektrik-Elektronik | 1154 - Elektronik | 1159 - Endüstriyel Elektronik | 8524 - Elektrik-Elektronik Teknikerliği | 9068 - Elektronik Teknolojisi | 7225 - Güvenlik Tahkikatının Olumlu Sonuçlanması. | 7322 - (Bakınız Başvurma Özel Şartları Bölümü Devlet Hava Meydanları İşletmesi Genel Müdürlüğü).;3c6c266f-7956-e711-80d3-a0369f7d149c
2017;1;291081261;Devlet Hava Meydanları İşletmesi Genel Müdürlüğü;Tekniker;Adıyaman;Onlisans;1;;90.175;90.175;"3290;1152;7225";3290 - Aşağıdaki önlisans programlarından birinden mezun olmak. | 1152 - Elektrik | 7225 - Güvenlik Tahkikatının Olumlu Sonuçlanması.;4b69266f-7956-e711-80d3-a0369f7d149c
2017;1;291081417;Devlet Hava Meydanları İşletmesi Genel Müdürlüğü;Tekniker;Muğla;Onlisans;1;;90.158;90.158;"3293;1153;1154;1159;8524;9068;7225;7322";3293 - Aşağıdaki önlisans programlarından birinden mezun olmak. | 1153 - Elektrik-Elektronik | 1154 - Elektronik | 1159 - Endüstriyel Elektronik | 8524 - Elektrik-Elektronik Teknikerliği | 9068 - Elektronik Teknolojisi | 7225 - Güvenlik Tahkikatının Olumlu Sonuçlanması. | 7322 - (Bakınız Başvurma Özel Şartları Bölümü Devlet Hava Meydanları İşletmesi Genel Müdürlüğü).;586c266f-7956-e711-80d3-a0369f7d149c
2017;1;291272737;Türkiye Elektrik İletim.A.Ş.Gen.Md.;Tekniker;Ankara;Onlisans;1;;90.131;90.131;"3319;1187;1188;1189;8546;7225;7257";3319 - Aşağıdaki önlisans programlarından birinden mezun olmak. | 1187 - Harita | 1188 - Harita Kadastro / Harita ve Kadastro | 1189 - Harita ve Maden Ölçme | 8546 - Harita Teknikerliği | 7225 - Güvenlik Tahkikatının Olumlu Sonuçlanması. | 7257 - Seyahate ve Arazide Çalışmaya Elverişli olmak.;9f69266f-7956-e711-80d3-a0369f7d149c
2017;1;291081291;Devlet Hava Meydanları İşletmesi Genel Müdürlüğü;Tekniker;Balıkesir;Onlisans;1;;90.095;90.095;"3293;1153;1154;1159;8524;9068;7225;7322";3293 - Aşağıdaki önlisans programlarından birinden mezun olmak. | 1153 - Elektrik-Elektronik | 1154 - Elektronik | 1159 - Endüstriyel Elektronik | 8524 - Elektrik-Elektronik Teknikerliği | 9068 - Elektronik Teknolojisi | 7225 - Güvenlik Tahkikatının Olumlu Sonuçlanması. | 7322 - (Bakınız Başvurma Özel Şartları Bölümü Devlet Hava Meydanları İşletmesi Genel Müdürlüğü).;2f6a266f-7956-e711-80d3-a0369f7d149c
2017;1;290462203;Sosyal Güvenlik Kurumu Başkanlığı;Memur;Bilecik;Onlisans;1;;90.069;90.069;"3163;1163;1206;1207;1254;1333;4296;5339;5341;5366;6176;8603;9253;3173;1117;1124;1249;9032;3181;1235;7225";3163 - Aşağıdaki önlisans programlarından birinden mezun olmak. | 1163 - Endüstriyel Yönetim | 1206 - İşletme Organizasyonu ve Çiftlik Yönetimi | 1207 - İşletmecilik | 1254 - Orta Kademe Yöneticiliği / Orta Kademe Yöneticilik | 1333 - Ticaret ve Yönetim | 4296 - İşletme Yönetimi | 5339 - İş İdaresi | 5341 - İşletme | 5366 - Tarımsal İşletmecilik | 6176 - Genel İşletme | 8603 - Girişimcilik ve Proje Yönetim Asistanlığı | 9253 - Tarım İşletmeciliği | 3173 - Aşağıdaki önlisans programlarından birinden mezun olmak. | 1117 - Bilgisayar Destekli Muhasebe | 1124 - Bilgisayarlı Muhasebe ve Vergi Uygulama | 1249 - Muhasebe | 9032 - Muhasebe ve Vergi Uygulamaları | 3181 - Aşağıdaki önlisans programlarından birinden mezun olmak. | 1235 - Maliye | 7225 - Güvenlik Tahkikatının Olumlu Sonuçlanması.;386a266f-7956-e711-80d3-a0369f7d149c
2017;1;290792509;Tapu ve Kadastro Genel Müdürlüğü;Tekniker;Batman;Onlisans;1;;90.061;90.061;"3319;1187;1188;1189;8546;7225";3319 - Aşağıdaki önlisans programlarından birinden mezun olmak. | 1187 - Harita | 1188 - Harita Kadastro / Harita ve Kadastro | 1189 - Harita ve Maden Ölçme | 8546 - Harita Teknikerliği | 7225 - Güvenlik Tahkikatının Olumlu Sonuçlanması.;cd6d266f-7956-e711-80d3-a0369f7d149c
2017;1;290940613;Batman Belediye Başkanlığı;Zabıta Memuru;Batman;Onlisans;6;;90.056;91.409;"3001;6199;6506;7225;7300;7302";3001 - Herhangi bir önlisans programından mezun olmak. | 6199 - Yerleştirme işlemlerinin ilk günü itibariyle 30 yaşını doldurmamış olmak | 6506 - B sınıfı sürücü belgesine sahip olmak | 7225 - Güvenlik Tahkikatının Olumlu Sonuçlanması. | 7300 - Bu kadro/pozisyonda vardiya sistemi uygulanmaktadır. | 7302 - Bakınız Başvurma Özel Şartları Bölümü Şoför;cc6d266f-7956-e711-80d3-a0369f7d149c
2017;1;290921507;Diyarbakır Büyükşehir Belediye Başkanlığı;Zabıta Memuru;Diyarbakır;Onlisans;15;;89.968;93.387;"3001;6199;7225;7300";3001 - Herhangi bir önlisans programından mezun olmak. | 6199 - Yerleştirme işlemlerinin ilk günü itibariyle 30 yaşını doldurmamış olmak | 7225 - Güvenlik Tahkikatının Olumlu Sonuçlanması. | 7300 - Bu kadro/pozisyonda vardiya sistemi uygulanmaktadır.;b06a266f-7956-e711-80d3-a0369f7d149c
2017;1;290942473;Şehitkamil Belediye Başkanlığı;Tekniker;Gaziantep;Onlisans;3;;89.95;93.876;"3319;1187;1188;1189;8546;7225;7257";3319 - Aşağıdaki önlisans programlarından birinden mezun olmak. | 1187 - Harita | 1188 - Harita Kadastro / Harita ve Kadastro | 1189 - Harita ve Maden Ölçme | 8546 - Harita Teknikerliği | 7225 - Güvenlik Tahkikatının Olumlu Sonuçlanması. | 7257 - Seyahate ve Arazide Çalışmaya Elverişli olmak.;066b266f-7956-e711-80d3-a0369f7d149c
2017;1;290462413;Sosyal Güvenlik Kurumu Başkanlığı;Memur;Şanlıurfa;Onlisans;1;;89.922;89.922;"3163;1163;1206;1207;1254;1333;4296;5339;5341;5366;6176;8603;9253;3173;1117;1124;1249;9032;3181;1235;7225";3163 - Aşağıdaki önlisans programlarından birinden mezun olmak. | 1163 - Endüstriyel Yönetim | 1206 - İşletme Organizasyonu ve Çiftlik Yönetimi | 1207 - İşletmecilik | 1254 - Orta Kademe Yöneticiliği / Orta Kademe Yöneticilik | 1333 - Ticaret ve Yönetim | 4296 - İşletme Yönetimi | 5339 - İş İdaresi | 5341 - İşletme | 5366 - Tarımsal İşletmecilik | 6176 - Genel İşletme | 8603 - Girişimcilik ve Proje Yönetim Asistanlığı | 9253 - Tarım İşletmeciliği | 3173 - Aşağıdaki önlisans programlarından birinden mezun olmak. | 1117 - Bilgisayar Destekli Muhasebe | 1124 - Bilgisayarlı Muhasebe ve Vergi Uygulama | 1249 - Muhasebe | 9032 - Muhasebe ve Vergi Uygulamaları | 3181 - Aşağıdaki önlisans programlarından birinden mezun olmak. | 1235 - Maliye | 7225 - Güvenlik Tahkikatının Olumlu Sonuçlanması.;2f6d266f-7956-e711-80d3-a0369f7d149c
2017;1;290462179;Sosyal Güvenlik Kurumu Başkanlığı;Memur;Ankara;Onlisans;1;;89.917;89.917;"3163;1163;1206;1207;1254;1333;4296;5339;5341;5366;6176;8603;9253;3173;1117;1124;1249;9032;3181;1235;7225";3163 - Aşağıdaki önlisans programlarından birinden mezun olmak. | 1163 - Endüstriyel Yönetim | 1206 - İşletme Organizasyonu ve Çiftlik Yönetimi | 1207 - İşletmecilik | 1254 - Orta Kademe Yöneticiliği / Orta Kademe Yöneticilik | 1333 - Ticaret ve Yönetim | 4296 - İşletme Yönetimi | 5339 - İş İdaresi | 5341 - İşletme | 5366 - Tarımsal İşletmecilik | 6176 - Genel İşletme | 8603 - Girişimcilik ve Proje Yönetim Asistanlığı | 9253 - Tarım İşletmeciliği | 3173 - Aşağıdaki önlisans programlarından birinden mezun olmak. | 1117 - Bilgisayar Destekli Muhasebe | 1124 - Bilgisayarlı Muhasebe ve Vergi Uygulama | 1249 - Muhasebe | 9032 - Muhasebe ve Vergi Uygulamaları | 3181 - Aşağıdaki önlisans programlarından birinden mezun olmak. | 1235 - Maliye | 7225 - Güvenlik Tahkikatının Olumlu Sonuçlanması.;c669266f-7956-e711-80d3-a0369f7d149c
2017;1;210521693;Iğdır Üniversitesi;Şoför;Iğdır;Onlisans;1;;89.913;89.913;"3001;6514;7225;7302";3001 - Herhangi bir önlisans programından mezun olmak. | 6514 - D sınıfı sürücü belgesine sahip olmak | 7225 - Güvenlik Tahkikatının Olumlu Sonuçlanması. | 7302 - Bakınız Başvurma Özel Şartları Bölümü Şoför;eb6d266f-7956-e711-80d3-a0369f7d149c
2017;1;290930583;Ardahan İl Özel İdaresi;Bilgisayar İşletmeni;Ardahan;Onlisans;1;;89.897;89.897;"3249;1121;1122;1353;4399;8506;7225";3249 - Aşağıdaki önlisans programlarından birinden mezun olmak. | 1121 - Bilgisayar Programcılığı | 1122 - Bilgisayar Teknolojisi ve Programlama | 1353 - Bilgisayar Programcılığı (Internet) | 4399 - Web Teknolojileri ve Programlama | 8506 - Bilgisayar Programlama | 7225 - Güvenlik Tahkikatının Olumlu Sonuçlanması.;e76d266f-7956-e711-80d3-a0369f7d149c
2017;1;291272749;Türkiye Elektrik İletim.A.Ş.Gen.Md.;Tekniker;İstanbul;Onlisans;1;;89.883;89.883;"3225;1201;8535;9052;7225;7257";3225 - Aşağıdaki önlisans programlarından birinden mezun olmak. | 1201 - İnşaat | 8535 - İnşaat Teknikerliği | 9052 - İnşaat Teknolojisi | 7225 - Güvenlik Tahkikatının Olumlu Sonuçlanması. | 7257 - Seyahate ve Arazide Çalışmaya Elverişli olmak.;956b266f-7956-e711-80d3-a0369f7d149c
2017;1;210180619;Bayburt Üniversitesi;Bilgisayar İşletmeni;Bayburt;Onlisans;1;;89.825;89.825;"3173;1117;1124;1249;9032;3248;1119;1123;4221;4223;4321;8507;9075;3249;1121;1122;1353;4399;8506;3408;9214;6225;7225";3173 - Aşağıdaki önlisans programlarından birinden mezun olmak. | 1117 - Bilgisayar Destekli Muhasebe | 1124 - Bilgisayarlı Muhasebe ve Vergi Uygulama | 1249 - Muhasebe | 9032 - Muhasebe ve Vergi Uygulamaları | 3248 - Aşağıdaki önlisans programlarından birinden mezun olmak. | 1119 - Bilgisayar Donanımı | 1123 - Bilgisayar ve Enformasyon Sistemleri | 4221 - Bilgisayar Teknolojileri ve Bilişim Sistemleri | 4223 - Bilişim Sistemleri ve Teknolojileri | 4321 - Muhabere ve Elektronik Bilgi Sistemleri | 8507 - Bilgisayar Teknolojileri ve Yönetimi | 9075 - Bilgisayar Teknolojisi | 3249 - Aşağıdaki önlisans programlarından birinden mezun olmak. | 1121 - Bilgisayar Programcılığı | 1122 - Bilgisayar Teknolojisi ve Programlama | 1353 - Bilgisayar Programcılığı (Internet) | 4399 - Web Teknolojileri ve Programlama | 8506 - Bilgisayar Programlama | 3408 - Aşağıdaki önlisans programlarından birinden mezun olmak. | 9214 - Bilgi ve İletişim Teknolojileri/Bilgisayar | 6225 - M.E.B.'Dan Onaylı Bilgisayar İşletmeni Sertifikası Sahibi olmak. | 7225 - Güvenlik Tahkikatının Olumlu Sonuçlanması.;966d266f-7956-e711-80d3-a0369f7d149c
2017;1;291081483;Devlet Hava Meydanları İşletmesi Genel Müdürlüğü;Tekniker;Şırnak;Onlisans;1;;89.77;89.77;"3290;1152;7225";3290 - Aşağıdaki önlisans programlarından birinden mezun olmak. | 1152 - Elektrik | 7225 - Güvenlik Tahkikatının Olumlu Sonuçlanması.;d96d266f-7956-e711-80d3-a0369f7d149c
2017;1;290462191;Sosyal Güvenlik Kurumu Başkanlığı;Memur;Antalya;Onlisans;1;;89.74;89.74;"3163;1163;1206;1207;1254;1333;4296;5339;5341;5366;6176;8603;9253;3173;1117;1124;1249;9032;3181;1235;7225";3163 - Aşağıdaki önlisans programlarından birinden mezun olmak. | 1163 - Endüstriyel Yönetim | 1206 - İşletme Organizasyonu ve Çiftlik Yönetimi | 1207 - İşletmecilik | 1254 - Orta Kademe Yöneticiliği / Orta Kademe Yöneticilik | 1333 - Ticaret ve Yönetim | 4296 - İşletme Yönetimi | 5339 - İş İdaresi | 5341 - İşletme | 5366 - Tarımsal İşletmecilik | 6176 - Genel İşletme | 8603 - Girişimcilik ve Proje Yönetim Asistanlığı | 9253 - Tarım İşletmeciliği | 3173 - Aşağıdaki önlisans programlarından birinden mezun olmak. | 1117 - Bilgisayar Destekli Muhasebe | 1124 - Bilgisayarlı Muhasebe ve Vergi Uygulama | 1249 - Muhasebe | 9032 - Muhasebe ve Vergi Uygulamaları | 3181 - Aşağıdaki önlisans programlarından birinden mezun olmak. | 1235 - Maliye | 7225 - Güvenlik Tahkikatının Olumlu Sonuçlanması.;196a266f-7956-e711-80d3-a0369f7d149c
2017;1;291080907;Devlet Hava Meydanları İşletmesi Genel Müdürlüğü;Arff Memuru;Diyarbakır;Onlisans;1;;89.691;89.691;"3331;1208;8537;9023;7225;7307";3331 - Aşağıdaki önlisans programlarından birinden mezun olmak. | 1208 - İtfaiyecilik ve Yangın Güvenliği | 8537 - İtfaiyecilik ve Sivil Savunma | 9023 - Sivil Savunma ve İtfaiyecilik | 7225 - Güvenlik Tahkikatının Olumlu Sonuçlanması. | 7307 - (Bakınız Başvurma Özel Şartları Bölümü ARFF Memuru - İtfaiyeci).;ab6a266f-7956-e711-80d3-a0369f7d149c
2017;1;291272767;Türkiye Elektrik İletim.A.Ş.Gen.Md.;Tekniker;İzmir;Onlisans;1;;89.69;89.69;"3225;1201;8535;9052;7225;7257";3225 - Aşağıdaki önlisans programlarından birinden mezun olmak. | 1201 - İnşaat | 8535 - İnşaat Teknikerliği | 9052 - İnşaat Teknolojisi | 7225 - Güvenlik Tahkikatının Olumlu Sonuçlanması. | 7257 - Seyahate ve Arazide Çalışmaya Elverişli olmak.;b26b266f-7956-e711-80d3-a0369f7d149c
2017;1;291081267;Devlet Hava Meydanları İşletmesi Genel Müdürlüğü;Tekniker;Ankara;Onlisans;3;;89.689;90.455;"3290;1152;7225";3290 - Aşağıdaki önlisans programlarından birinden mezun olmak. | 1152 - Elektrik | 7225 - Güvenlik Tahkikatının Olumlu Sonuçlanması.;9369266f-7956-e711-80d3-a0369f7d149c
2017;1;290462197;Sosyal Güvenlik Kurumu Başkanlığı;Memur;Bilecik;Onlisans;1;;89.689;89.689;"3004;9098;7225";3004 - Aşağıdaki önlisans programlarından birinden mezun olmak. | 9098 - Sosyal Güvenlik | 7225 - Güvenlik Tahkikatının Olumlu Sonuçlanması.;376a266f-7956-e711-80d3-a0369f7d149c
2017;1;290462383;Sosyal Güvenlik Kurumu Başkanlığı;Memur;Sakarya;Onlisans;1;;89.533;89.533;"3004;9098;7225";3004 - Aşağıdaki önlisans programlarından birinden mezun olmak. | 9098 - Sosyal Güvenlik | 7225 - Güvenlik Tahkikatının Olumlu Sonuçlanması.;ac6c266f-7956-e711-80d3-a0369f7d149c
2017;1;291171951;Makina ve Kimya Endüstrisi Kurumu Genel Müdürlüğü;Tekniker;Ankara;Onlisans;1;;89.521;89.521;"3043;1205;8607;7225";3043 - Aşağıdaki önlisans programlarından birinden mezun olmak. | 1205 - İşçi Sağlığı ve İş Güvenliği | 8607 - İş Sağlığı ve Güvenliği | 7225 - Güvenlik Tahkikatının Olumlu Sonuçlanması.;a969266f-7956-e711-80d3-a0369f7d149c
2017;1;290070745;Çalışma ve Sosyal Güvenlik Bakanlığı;Veri Hazırlama ve Kontrol İşletmeni;Ankara;Onlisans;1;;89.492;89.492;"3385;5323;9246;6225;7225";3385 - Aşağıdaki önlisans programlarından birinden mezun olmak. | 5323 - Çocuk Gelişimi | 9246 - Çocuk Gelişimi ve Eğitimi | 6225 - M.E.B.'Dan Onaylı Bilgisayar İşletmeni Sertifikası Sahibi olmak. | 7225 - Güvenlik Tahkikatının Olumlu Sonuçlanması.;c169266f-7956-e711-80d3-a0369f7d149c
2017;1;291081333;Devlet Hava Meydanları İşletmesi Genel Müdürlüğü;Tekniker;Erzurum;Onlisans;1;;89.476;89.476;"3290;1152;7225";3290 - Aşağıdaki önlisans programlarından birinden mezun olmak. | 1152 - Elektrik | 7225 - Güvenlik Tahkikatının Olumlu Sonuçlanması.;e26a266f-7956-e711-80d3-a0369f7d149c
2017;1;290792659;Tapu ve Kadastro Genel Müdürlüğü;Tekniker;Muş;Onlisans;1;;89.45;89.45;"3319;1187;1188;1189;8546;7225";3319 - Aşağıdaki önlisans programlarından birinden mezun olmak. | 1187 - Harita | 1188 - Harita Kadastro / Harita ve Kadastro | 1189 - Harita ve Maden Ölçme | 8546 - Harita Teknikerliği | 7225 - Güvenlik Tahkikatının Olumlu Sonuçlanması.;646c266f-7956-e711-80d3-a0369f7d149c
2017;1;291081399;Devlet Hava Meydanları İşletmesi Genel Müdürlüğü;Tekniker;Kayseri;Onlisans;1;;89.314;89.314;"3293;1153;1154;1159;8524;9068;7225;7322";3293 - Aşağıdaki önlisans programlarından birinden mezun olmak. | 1153 - Elektrik-Elektronik | 1154 - Elektronik | 1159 - Endüstriyel Elektronik | 8524 - Elektrik-Elektronik Teknikerliği | 9068 - Elektronik Teknolojisi | 7225 - Güvenlik Tahkikatının Olumlu Sonuçlanması. | 7322 - (Bakınız Başvurma Özel Şartları Bölümü Devlet Hava Meydanları İşletmesi Genel Müdürlüğü).;f56b266f-7956-e711-80d3-a0369f7d149c
2017;1;290462215;Sosyal Güvenlik Kurumu Başkanlığı;Memur;Bursa;Onlisans;1;;89.292;89.292;"3163;1163;1206;1207;1254;1333;4296;5339;5341;5366;6176;8603;9253;3173;1117;1124;1249;9032;3181;1235;7225";3163 - Aşağıdaki önlisans programlarından birinden mezun olmak. | 1163 - Endüstriyel Yönetim | 1206 - İşletme Organizasyonu ve Çiftlik Yönetimi | 1207 - İşletmecilik | 1254 - Orta Kademe Yöneticiliği / Orta Kademe Yöneticilik | 1333 - Ticaret ve Yönetim | 4296 - İşletme Yönetimi | 5339 - İş İdaresi | 5341 - İşletme | 5366 - Tarımsal İşletmecilik | 6176 - Genel İşletme | 8603 - Girişimcilik ve Proje Yönetim Asistanlığı | 9253 - Tarım İşletmeciliği | 3173 - Aşağıdaki önlisans programlarından birinden mezun olmak. | 1117 - Bilgisayar Destekli Muhasebe | 1124 - Bilgisayarlı Muhasebe ve Vergi Uygulama | 1249 - Muhasebe | 9032 - Muhasebe ve Vergi Uygulamaları | 3181 - Aşağıdaki önlisans programlarından birinden mezun olmak. | 1235 - Maliye | 7225 - Güvenlik Tahkikatının Olumlu Sonuçlanması.;646a266f-7956-e711-80d3-a0369f7d149c
2017;1;290942833;Yenişehir (Diyarbakır) Belediye Başkanlığı;Tekniker;Diyarbakır;Onlisans;1;;89.28;89.28;"3225;1201;8535;9052;7225";3225 - Aşağıdaki önlisans programlarından birinden mezun olmak. | 1201 - İnşaat | 8535 - İnşaat Teknikerliği | 9052 - İnşaat Teknolojisi | 7225 - Güvenlik Tahkikatının Olumlu Sonuçlanması.;ac6a266f-7956-e711-80d3-a0369f7d149c
2017;1;291171897;Makina ve Kimya Endüstrisi Kurumu Genel Müdürlüğü;Memur;Ankara;Onlisans;2;;89.276;94.852;"3163;1163;1206;1207;1254;1333;4296;5339;5341;5366;6176;8603;9253;7225";3163 - Aşağıdaki önlisans programlarından birinden mezun olmak. | 1163 - Endüstriyel Yönetim | 1206 - İşletme Organizasyonu ve Çiftlik Yönetimi | 1207 - İşletmecilik | 1254 - Orta Kademe Yöneticiliği / Orta Kademe Yöneticilik | 1333 - Ticaret ve Yönetim | 4296 - İşletme Yönetimi | 5339 - İş İdaresi | 5341 - İşletme | 5366 - Tarımsal İşletmecilik | 6176 - Genel İşletme | 8603 - Girişimcilik ve Proje Yönetim Asistanlığı | 9253 - Tarım İşletmeciliği | 7225 - Güvenlik Tahkikatının Olumlu Sonuçlanması.;a569266f-7956-e711-80d3-a0369f7d149c
2017;1;291171903;Makina ve Kimya Endüstrisi Kurumu Genel Müdürlüğü;Memur;Kırıkkale;Onlisans;1;;89.264;89.264;"3163;1163;1206;1207;1254;1333;4296;5339;5341;5366;6176;8603;9253;7225";3163 - Aşağıdaki önlisans programlarından birinden mezun olmak. | 1163 - Endüstriyel Yönetim | 1206 - İşletme Organizasyonu ve Çiftlik Yönetimi | 1207 - İşletmecilik | 1254 - Orta Kademe Yöneticiliği / Orta Kademe Yöneticilik | 1333 - Ticaret ve Yönetim | 4296 - İşletme Yönetimi | 5339 - İş İdaresi | 5341 - İşletme | 5366 - Tarımsal İşletmecilik | 6176 - Genel İşletme | 8603 - Girişimcilik ve Proje Yönetim Asistanlığı | 9253 - Tarım İşletmeciliği | 7225 - Güvenlik Tahkikatının Olumlu Sonuçlanması.;aa6d266f-7956-e711-80d3-a0369f7d149c
2017;1;290792683;Tapu ve Kadastro Genel Müdürlüğü;Tekniker;Tunceli;Onlisans;2;;89.252;89.415;"3319;1187;1188;1189;8546;7225";3319 - Aşağıdaki önlisans programlarından birinden mezun olmak. | 1187 - Harita | 1188 - Harita Kadastro / Harita ve Kadastro | 1189 - Harita ve Maden Ölçme | 8546 - Harita Teknikerliği | 7225 - Güvenlik Tahkikatının Olumlu Sonuçlanması.;246d266f-7956-e711-80d3-a0369f7d149c
2017;1;290792665;Tapu ve Kadastro Genel Müdürlüğü;Tekniker;Siirt;Onlisans;1;;89.182;89.182;"3319;1187;1188;1189;8546;7225";3319 - Aşağıdaki önlisans programlarından birinden mezun olmak. | 1187 - Harita | 1188 - Harita Kadastro / Harita ve Kadastro | 1189 - Harita ve Maden Ölçme | 8546 - Harita Teknikerliği | 7225 - Güvenlik Tahkikatının Olumlu Sonuçlanması.;c36c266f-7956-e711-80d3-a0369f7d149c
2017;1;290462221;Sosyal Güvenlik Kurumu Başkanlığı;Memur;Bursa;Onlisans;1;;89.151;89.151;"3004;9098;7225";3004 - Aşağıdaki önlisans programlarından birinden mezun olmak. | 9098 - Sosyal Güvenlik | 7225 - Güvenlik Tahkikatının Olumlu Sonuçlanması.;656a266f-7956-e711-80d3-a0369f7d149c
2017;1;210391645;Fırat Üniversitesi;Sağlık Teknikeri;Elazığ;Onlisans;2;;89.082;89.98;"3037;1281;9086;7225";3037 - Aşağıdaki önlisans programlarından birinden mezun olmak. | 1281 - Radyoloji | 9086 - Tıbbi Görüntüleme Teknikleri | 7225 - Güvenlik Tahkikatının Olumlu Sonuçlanması.;d16a266f-7956-e711-80d3-a0369f7d149c
2017;1;290920679;Bursa Büyükşehir Belediye Başkanlığı;Bilgisayar İşletmeni;Bursa;Onlisans;2;;89.048;89.111;"3391;1185;1186;5337;8531;6225;7225";3391 - Aşağıdaki önlisans programlarından birinden mezun olmak. | 1185 - Halkla İlişkiler | 1186 - Halkla İlişkiler ve Reklamcılık | 5337 - İletişim ve Halkla İlişkiler | 8531 - Halkla İlişkiler ve Tanıtım | 6225 - M.E.B.'Dan Onaylı Bilgisayar İşletmeni Sertifikası Sahibi olmak. | 7225 - Güvenlik Tahkikatının Olumlu Sonuçlanması.;5e6a266f-7956-e711-80d3-a0369f7d149c
2017;1;291081459;Devlet Hava Meydanları İşletmesi Genel Müdürlüğü;Tekniker;Siirt;Onlisans;2;;89.044;89.86;"3293;1153;1154;1159;8524;9068;7225;7322";3293 - Aşağıdaki önlisans programlarından birinden mezun olmak. | 1153 - Elektrik-Elektronik | 1154 - Elektronik | 1159 - Endüstriyel Elektronik | 8524 - Elektrik-Elektronik Teknikerliği | 9068 - Elektronik Teknolojisi | 7225 - Güvenlik Tahkikatının Olumlu Sonuçlanması. | 7322 - (Bakınız Başvurma Özel Şartları Bölümü Devlet Hava Meydanları İşletmesi Genel Müdürlüğü).;c86c266f-7956-e711-80d3-a0369f7d149c
2017;1;291081447;Devlet Hava Meydanları İşletmesi Genel Müdürlüğü;Tekniker;Nevşehir;Onlisans;1;;89.009;89.009;"3293;1153;1154;1159;8524;9068;7225;7322";3293 - Aşağıdaki önlisans programlarından birinden mezun olmak. | 1153 - Elektrik-Elektronik | 1154 - Elektronik | 1159 - Endüstriyel Elektronik | 8524 - Elektrik-Elektronik Teknikerliği | 9068 - Elektronik Teknolojisi | 7225 - Güvenlik Tahkikatının Olumlu Sonuçlanması. | 7322 - (Bakınız Başvurma Özel Şartları Bölümü Devlet Hava Meydanları İşletmesi Genel Müdürlüğü).;726c266f-7956-e711-80d3-a0369f7d149c
2017;1;291272761;Türkiye Elektrik İletim.A.Ş.Gen.Md.;Tekniker;İstanbul;Onlisans;1;;89.009;89.009;"3225;1201;8535;9052;7225;7257";3225 - Aşağıdaki önlisans programlarından birinden mezun olmak. | 1201 - İnşaat | 8535 - İnşaat Teknikerliği | 9052 - İnşaat Teknolojisi | 7225 - Güvenlik Tahkikatının Olumlu Sonuçlanması. | 7257 - Seyahate ve Arazide Çalışmaya Elverişli olmak.;976b266f-7956-e711-80d3-a0369f7d149c
2017;1;299991633;Et ve Süt Kurumu Genel Müdürlüğü;Satınalma Memuru;Sivas;Onlisans;1;;88.999;88.999;"3167;1268;1276;1277;1289;1293;1316;5327;5332;6292;8536;8553;8635;3173;1117;1124;1249;9032;3174;9331;3181;1235;7225";3167 - Aşağıdaki önlisans programlarından birinden mezun olmak. | 1268 - Pazarlama | 1276 - Piyasa Araştırmaları ve Pazarlama | 1277 - Piyasa Araştırmaları ve Reklamcılık | 1289 - Reklamcılık Yönetimi | 1293 - Satış Yönetimi | 1316 - Tarımsal Pazarlama | 5327 - Elektronik Ticaret | 5332 - E-Ticaret | 6292 - Satış ve Reklam Yönetimi | 8536 - Internet İle Pazarlama | 8553 - Pazarlama ve Satış | 8635 - Tarım İşletmeciliği ve Pazarlama | 3173 - Aşağıdaki önlisans programlarından birinden mezun olmak. | 1117 - Bilgisayar Destekli Muhasebe | 1124 - Bilgisayarlı Muhasebe ve Vergi Uygulama | 1249 - Muhasebe | 9032 - Muhasebe ve Vergi Uygulamaları | 3174 - Aşağıdaki önlisans programlarından birinden mezun olmak. | 9331 - İşletme-Muhasebe | 3181 - Aşağıdaki önlisans programlarından birinden mezun olmak. | 1235 - Maliye | 7225 - Güvenlik Tahkikatının Olumlu Sonuçlanması.;ea6c266f-7956-e711-80d3-a0369f7d149c
2017;1;290462347;Sosyal Güvenlik Kurumu Başkanlığı;Memur;İzmir;Onlisans;2;;88.974;89.272;"3163;1163;1206;1207;1254;1333;4296;5339;5341;5366;6176;8603;9253;3173;1117;1124;1249;9032;3181;1235;7225";3163 - Aşağıdaki önlisans programlarından birinden mezun olmak. | 1163 - Endüstriyel Yönetim | 1206 - İşletme Organizasyonu ve Çiftlik Yönetimi | 1207 - İşletmecilik | 1254 - Orta Kademe Yöneticiliği / Orta Kademe Yöneticilik | 1333 - Ticaret ve Yönetim | 4296 - İşletme Yönetimi | 5339 - İş İdaresi | 5341 - İşletme | 5366 - Tarımsal İşletmecilik | 6176 - Genel İşletme | 8603 - Girişimcilik ve Proje Yönetim Asistanlığı | 9253 - Tarım İşletmeciliği | 3173 - Aşağıdaki önlisans programlarından birinden mezun olmak. | 1117 - Bilgisayar Destekli Muhasebe | 1124 - Bilgisayarlı Muhasebe ve Vergi Uygulama | 1249 - Muhasebe | 9032 - Muhasebe ve Vergi Uygulamaları | 3181 - Aşağıdaki önlisans programlarından birinden mezun olmak. | 1235 - Maliye | 7225 - Güvenlik Tahkikatının Olumlu Sonuçlanması.;bc6b266f-7956-e711-80d3-a0369f7d149c
2017;1;290792527;Tapu ve Kadastro Genel Müdürlüğü;Tekniker;Bingöl;Onlisans;2;;88.974;89.825;"3319;1187;1188;1189;8546;7225";3319 - Aşağıdaki önlisans programlarından birinden mezun olmak. | 1187 - Harita | 1188 - Harita Kadastro / Harita ve Kadastro | 1189 - Harita ve Maden Ölçme | 8546 - Harita Teknikerliği | 7225 - Güvenlik Tahkikatının Olumlu Sonuçlanması.;3f6a266f-7956-e711-80d3-a0369f7d149c
2017;1;291171945;Makina ve Kimya Endüstrisi Kurumu Genel Müdürlüğü;Tekniker;Ankara;Onlisans;1;;88.959;88.959;"3225;1201;8535;9052;7225";3225 - Aşağıdaki önlisans programlarından birinden mezun olmak. | 1201 - İnşaat | 8535 - İnşaat Teknikerliği | 9052 - İnşaat Teknolojisi | 7225 - Güvenlik Tahkikatının Olumlu Sonuçlanması.;a869266f-7956-e711-80d3-a0369f7d149c
2017;1;291081387;Devlet Hava Meydanları İşletmesi Genel Müdürlüğü;Tekniker;Kars;Onlisans;1;;88.928;88.928;"3290;1152;7225";3290 - Aşağıdaki önlisans programlarından birinden mezun olmak. | 1152 - Elektrik | 7225 - Güvenlik Tahkikatının Olumlu Sonuçlanması.;cf6b266f-7956-e711-80d3-a0369f7d149c
2017;1;291081435;Devlet Hava Meydanları İşletmesi Genel Müdürlüğü;Tekniker;Muş;Onlisans;1;;88.908;88.908;"3290;1152;7225";3290 - Aşağıdaki önlisans programlarından birinden mezun olmak. | 1152 - Elektrik | 7225 - Güvenlik Tahkikatının Olumlu Sonuçlanması.;656c266f-7956-e711-80d3-a0369f7d149c
2017;1;291081489;Devlet Hava Meydanları İşletmesi Genel Müdürlüğü;Tekniker;Tekirdağ;Onlisans;1;;88.903;88.903;"3293;1153;1154;1159;8524;9068;7225;7322";3293 - Aşağıdaki önlisans programlarından birinden mezun olmak. | 1153 - Elektrik-Elektronik | 1154 - Elektronik | 1159 - Endüstriyel Elektronik | 8524 - Elektrik-Elektronik Teknikerliği | 9068 - Elektronik Teknolojisi | 7225 - Güvenlik Tahkikatının Olumlu Sonuçlanması. | 7322 - (Bakınız Başvurma Özel Şartları Bölümü Devlet Hava Meydanları İşletmesi Genel Müdürlüğü).;f06c266f-7956-e711-80d3-a0369f7d149c
2017;1;291171861;Makina ve Kimya Endüstrisi Kurumu Genel Müdürlüğü;Bilgisayar İşletmeni;Ankara;Onlisans;1;;88.879;88.879;"3179;1129;1130;5351;8510;8560;9074;6225;7225";3179 - Aşağıdaki önlisans programlarından birinden mezun olmak. | 1129 - Büro Yönetimi | 1130 - Büro Yönetimi ve Sekreterlik | 5351 - Ofis Teknolojileri ve Yönetimi | 8510 - Büro Yönetimi ve Yönetici Asistanlığı | 8560 - Sekreterlik | 9074 - Büro Hizmetleri ve Yönetici Asistanlığı | 6225 - M.E.B.'Dan Onaylı Bilgisayar İşletmeni Sertifikası Sahibi olmak. | 7225 - Güvenlik Tahkikatının Olumlu Sonuçlanması.;9769266f-7956-e711-80d3-a0369f7d149c
2017;1;291081129;Devlet Hava Meydanları İşletmesi Genel Müdürlüğü;İş Makinası Sürücüsü;Antalya;Onlisans;1;;88.847;88.847;"3366;1204;1232;1233;5312;3368;9227;6516;7225;7302";3366 - Aşağıdaki önlisans programlarından birinden mezun olmak. | 1204 - İş Makineleri | 1232 - Makine | 1233 - Makine Yağları ve Yağlama Teknolojisi | 5312 - Bilgisayar Destekli Makine | 3368 - Aşağıdaki önlisans programlarından birinden mezun olmak. | 9227 - İş Makineleri Operatörlüğü | 6516 - G sınıfı sürücü belgesine sahip olmak | 7225 - Güvenlik Tahkikatının Olumlu Sonuçlanması. | 7302 - Bakınız Başvurma Özel Şartları Bölümü Şoför;1c6a266f-7956-e711-80d3-a0369f7d149c
2017;1;291081315;Devlet Hava Meydanları İşletmesi Genel Müdürlüğü;Tekniker;Denizli;Onlisans;1;;88.847;88.847;"3293;1153;1154;1159;8524;9068;7225;7322";3293 - Aşağıdaki önlisans programlarından birinden mezun olmak. | 1153 - Elektrik-Elektronik | 1154 - Elektronik | 1159 - Endüstriyel Elektronik | 8524 - Elektrik-Elektronik Teknikerliği | 9068 - Elektronik Teknolojisi | 7225 - Güvenlik Tahkikatının Olumlu Sonuçlanması. | 7322 - (Bakınız Başvurma Özel Şartları Bölümü Devlet Hava Meydanları İşletmesi Genel Müdürlüğü).;a66a266f-7956-e711-80d3-a0369f7d149c
2017;1;290462401;Sosyal Güvenlik Kurumu Başkanlığı;Memur;Sivas;Onlisans;1;;88.832;88.832;"3004;9098;7225";3004 - Aşağıdaki önlisans programlarından birinden mezun olmak. | 9098 - Sosyal Güvenlik | 7225 - Güvenlik Tahkikatının Olumlu Sonuçlanması.;e56c266f-7956-e711-80d3-a0369f7d149c
2017;1;290462359;Sosyal Güvenlik Kurumu Başkanlığı;Memur;Konya;Onlisans;1;;88.806;88.806;"3163;1163;1206;1207;1254;1333;4296;5339;5341;5366;6176;8603;9253;3173;1117;1124;1249;9032;3181;1235;7225";3163 - Aşağıdaki önlisans programlarından birinden mezun olmak. | 1163 - Endüstriyel Yönetim | 1206 - İşletme Organizasyonu ve Çiftlik Yönetimi | 1207 - İşletmecilik | 1254 - Orta Kademe Yöneticiliği / Orta Kademe Yöneticilik | 1333 - Ticaret ve Yönetim | 4296 - İşletme Yönetimi | 5339 - İş İdaresi | 5341 - İşletme | 5366 - Tarımsal İşletmecilik | 6176 - Genel İşletme | 8603 - Girişimcilik ve Proje Yönetim Asistanlığı | 9253 - Tarım İşletmeciliği | 3173 - Aşağıdaki önlisans programlarından birinden mezun olmak. | 1117 - Bilgisayar Destekli Muhasebe | 1124 - Bilgisayarlı Muhasebe ve Vergi Uygulama | 1249 - Muhasebe | 9032 - Muhasebe ve Vergi Uygulamaları | 3181 - Aşağıdaki önlisans programlarından birinden mezun olmak. | 1235 - Maliye | 7225 - Güvenlik Tahkikatının Olumlu Sonuçlanması.;236c266f-7956-e711-80d3-a0369f7d149c
2017;1;290462389;Sosyal Güvenlik Kurumu Başkanlığı;Memur;Sakarya;Onlisans;1;;88.725;88.725;"3163;1163;1206;1207;1254;1333;4296;5339;5341;5366;6176;8603;9253;3173;1117;1124;1249;9032;3181;1235;7225";3163 - Aşağıdaki önlisans programlarından birinden mezun olmak. | 1163 - Endüstriyel Yönetim | 1206 - İşletme Organizasyonu ve Çiftlik Yönetimi | 1207 - İşletmecilik | 1254 - Orta Kademe Yöneticiliği / Orta Kademe Yöneticilik | 1333 - Ticaret ve Yönetim | 4296 - İşletme Yönetimi | 5339 - İş İdaresi | 5341 - İşletme | 5366 - Tarımsal İşletmecilik | 6176 - Genel İşletme | 8603 - Girişimcilik ve Proje Yönetim Asistanlığı | 9253 - Tarım İşletmeciliği | 3173 - Aşağıdaki önlisans programlarından birinden mezun olmak. | 1117 - Bilgisayar Destekli Muhasebe | 1124 - Bilgisayarlı Muhasebe ve Vergi Uygulama | 1249 - Muhasebe | 9032 - Muhasebe ve Vergi Uygulamaları | 3181 - Aşağıdaki önlisans programlarından birinden mezun olmak. | 1235 - Maliye | 7225 - Güvenlik Tahkikatının Olumlu Sonuçlanması.;ad6c266f-7956-e711-80d3-a0369f7d149c
2017;1;290792533;Tapu ve Kadastro Genel Müdürlüğü;Tekniker;Bitlis;Onlisans;2;;88.694;88.741;"3319;1187;1188;1189;8546;7225";3319 - Aşağıdaki önlisans programlarından birinden mezun olmak. | 1187 - Harita | 1188 - Harita Kadastro / Harita ve Kadastro | 1189 - Harita ve Maden Ölçme | 8546 - Harita Teknikerliği | 7225 - Güvenlik Tahkikatının Olumlu Sonuçlanması.;4b6a266f-7956-e711-80d3-a0369f7d149c
2017;1;290941837;Kızıltepe Belediye Başkanlığı;Tekniker;Mardin;Onlisans;2;;88.653;89.686;"3225;1201;8535;9052;7225";3225 - Aşağıdaki önlisans programlarından birinden mezun olmak. | 1201 - İnşaat | 8535 - İnşaat Teknikerliği | 9052 - İnşaat Teknolojisi | 7225 - Güvenlik Tahkikatının Olumlu Sonuçlanması.;466c266f-7956-e711-80d3-a0369f7d149c
2017;1;291081255;Devlet Hava Meydanları İşletmesi Genel Müdürlüğü;Tekniker;Adana;Onlisans;1;;88.607;88.607;"3293;1153;1154;1159;8524;9068;7225;7322";3293 - Aşağıdaki önlisans programlarından birinden mezun olmak. | 1153 - Elektrik-Elektronik | 1154 - Elektronik | 1159 - Endüstriyel Elektronik | 8524 - Elektrik-Elektronik Teknikerliği | 9068 - Elektronik Teknolojisi | 7225 - Güvenlik Tahkikatının Olumlu Sonuçlanması. | 7322 - (Bakınız Başvurma Özel Şartları Bölümü Devlet Hava Meydanları İşletmesi Genel Müdürlüğü).;3969266f-7956-e711-80d3-a0369f7d149c
2017;1;291081363;Devlet Hava Meydanları İşletmesi Genel Müdürlüğü;Tekniker;Hatay;Onlisans;1;;88.593;88.593;"3293;1153;1154;1159;8524;9068;7225;7322";3293 - Aşağıdaki önlisans programlarından birinden mezun olmak. | 1153 - Elektrik-Elektronik | 1154 - Elektronik | 1159 - Endüstriyel Elektronik | 8524 - Elektrik-Elektronik Teknikerliği | 9068 - Elektronik Teknolojisi | 7225 - Güvenlik Tahkikatının Olumlu Sonuçlanması. | 7322 - (Bakınız Başvurma Özel Şartları Bölümü Devlet Hava Meydanları İşletmesi Genel Müdürlüğü).;296b266f-7956-e711-80d3-a0369f7d149c
2017;1;290941687;Hemşin Belediye Başkanlığı;Tekniker;Rize;Onlisans;1;;88.589;88.589;"3225;1201;8535;9052;3319;1187;1188;1189;8546;7225";3225 - Aşağıdaki önlisans programlarından birinden mezun olmak. | 1201 - İnşaat | 8535 - İnşaat Teknikerliği | 9052 - İnşaat Teknolojisi | 3319 - Aşağıdaki önlisans programlarından birinden mezun olmak. | 1187 - Harita | 1188 - Harita Kadastro / Harita ve Kadastro | 1189 - Harita ve Maden Ölçme | 8546 - Harita Teknikerliği | 7225 - Güvenlik Tahkikatının Olumlu Sonuçlanması.;866c266f-7956-e711-80d3-a0369f7d149c
2017;1;290792515;Tapu ve Kadastro Genel Müdürlüğü;Tekniker;Bayburt;Onlisans;2;;88.432;90.155;"3319;1187;1188;1189;8546;7225";3319 - Aşağıdaki önlisans programlarından birinden mezun olmak. | 1187 - Harita | 1188 - Harita Kadastro / Harita ve Kadastro | 1189 - Harita ve Maden Ölçme | 8546 - Harita Teknikerliği | 7225 - Güvenlik Tahkikatının Olumlu Sonuçlanması.;996d266f-7956-e711-80d3-a0369f7d149c
2017;1;291172005;Makina ve Kimya Endüstrisi Kurumu Genel Müdürlüğü;Tekniker;Kırıkkale;Onlisans;1;;88.427;88.427;"3291;1160;1221;5330;8542;8551;9069;7225";3291 - Aşağıdaki önlisans programlarından birinden mezun olmak. | 1160 - Endüstriyel Otomasyon Teknolojisi | 1221 - Kontrol Sistemleri Teknolojisi | 5330 - Endüstriyel Otomasyon | 8542 - Kontrol ve Ölçü Aletleri | 8551 - Otomasyon | 9069 - Kontrol ve Otomasyon Teknolojisi | 7225 - Güvenlik Tahkikatının Olumlu Sonuçlanması.;b16d266f-7956-e711-80d3-a0369f7d149c
2017;1;291081357;Devlet Hava Meydanları İşletmesi Genel Müdürlüğü;Tekniker;Hakkari;Onlisans;1;;88.426;88.426;"3290;1152;7225";3290 - Aşağıdaki önlisans programlarından birinden mezun olmak. | 1152 - Elektrik | 7225 - Güvenlik Tahkikatının Olumlu Sonuçlanması.;196b266f-7956-e711-80d3-a0369f7d149c
2017;1;290931783;Kastamonu İl Özel İdaresi;Tekniker;Kastamonu;Onlisans;1;;88.406;88.406;"3225;1201;8535;9052;7225";3225 - Aşağıdaki önlisans programlarından birinden mezun olmak. | 1201 - İnşaat | 8535 - İnşaat Teknikerliği | 9052 - İnşaat Teknolojisi | 7225 - Güvenlik Tahkikatının Olumlu Sonuçlanması.;df6b266f-7956-e711-80d3-a0369f7d149c
2017;1;291272731;Türkiye Elektrik İletim.A.Ş.Gen.Md.;Tekniker;Ankara;Onlisans;1;;88.402;88.402;"3290;1152;7225;7257";3290 - Aşağıdaki önlisans programlarından birinden mezun olmak. | 1152 - Elektrik | 7225 - Güvenlik Tahkikatının Olumlu Sonuçlanması. | 7257 - Seyahate ve Arazide Çalışmaya Elverişli olmak.;9e69266f-7956-e711-80d3-a0369f7d149c
2017;1;291272725;Türkiye Elektrik İletim.A.Ş.Gen.Md.;Tekniker;Ankara;Onlisans;1;;88.39;88.39;"3366;1204;1232;1233;5312;7225;7257";3366 - Aşağıdaki önlisans programlarından birinden mezun olmak. | 1204 - İş Makineleri | 1232 - Makine | 1233 - Makine Yağları ve Yağlama Teknolojisi | 5312 - Bilgisayar Destekli Makine | 7225 - Güvenlik Tahkikatının Olumlu Sonuçlanması. | 7257 - Seyahate ve Arazide Çalışmaya Elverişli olmak.;9d69266f-7956-e711-80d3-a0369f7d149c
2017;1;291081123;Devlet Hava Meydanları İşletmesi Genel Müdürlüğü;İş Makinası Sürücüsü;Ankara;Onlisans;1;;88.335;88.335;"3366;1204;1232;1233;5312;3368;9227;6516;7225;7302";3366 - Aşağıdaki önlisans programlarından birinden mezun olmak. | 1204 - İş Makineleri | 1232 - Makine | 1233 - Makine Yağları ve Yağlama Teknolojisi | 5312 - Bilgisayar Destekli Makine | 3368 - Aşağıdaki önlisans programlarından birinden mezun olmak. | 9227 - İş Makineleri Operatörlüğü | 6516 - G sınıfı sürücü belgesine sahip olmak | 7225 - Güvenlik Tahkikatının Olumlu Sonuçlanması. | 7302 - Bakınız Başvurma Özel Şartları Bölümü Şoför;9269266f-7956-e711-80d3-a0369f7d149c
2017;1;291081279;Devlet Hava Meydanları İşletmesi Genel Müdürlüğü;Tekniker;Ankara;Onlisans;2;;88.321;89.197;"3293;1153;1154;1159;8524;9068;7225;7322";3293 - Aşağıdaki önlisans programlarından birinden mezun olmak. | 1153 - Elektrik-Elektronik | 1154 - Elektronik | 1159 - Endüstriyel Elektronik | 8524 - Elektrik-Elektronik Teknikerliği | 9068 - Elektronik Teknolojisi | 7225 - Güvenlik Tahkikatının Olumlu Sonuçlanması. | 7322 - (Bakınız Başvurma Özel Şartları Bölümü Devlet Hava Meydanları İşletmesi Genel Müdürlüğü).;9569266f-7956-e711-80d3-a0369f7d149c
2017;1;290921675;Hatay Büyükşehir Belediye Başkanlığı;Tekniker;Hatay;Onlisans;5;;88.305;88.928;"3319;1187;1188;1189;8546;7225";3319 - Aşağıdaki önlisans programlarından birinden mezun olmak. | 1187 - Harita | 1188 - Harita Kadastro / Harita ve Kadastro | 1189 - Harita ve Maden Ölçme | 8546 - Harita Teknikerliği | 7225 - Güvenlik Tahkikatının Olumlu Sonuçlanması.;246b266f-7956-e711-80d3-a0369f7d149c
2017;1;291171957;Makina ve Kimya Endüstrisi Kurumu Genel Müdürlüğü;Tekniker;Ankara;Onlisans;1;;88.288;88.288;"1101;3290;1152;7225;7257;7314";1101 - Cinsiyeti Erkek olmak. | 3290 - Aşağıdaki önlisans programlarından birinden mezun olmak. | 1152 - Elektrik | 7225 - Güvenlik Tahkikatının Olumlu Sonuçlanması. | 7257 - Seyahate ve Arazide Çalışmaya Elverişli olmak. | 7314 - (Bakınız Başvurma Özel Şartları Bölümü Makina ve Kimya Endüstrisi Kurumu Genel Müdürlüğü);aa69266f-7956-e711-80d3-a0369f7d149c
2017;1;291081309;Devlet Hava Meydanları İşletmesi Genel Müdürlüğü;Tekniker;Çanakkale;Onlisans;1;;88.259;88.259;"3293;1153;1154;1159;8524;9068;7225;7322";3293 - Aşağıdaki önlisans programlarından birinden mezun olmak. | 1153 - Elektrik-Elektronik | 1154 - Elektronik | 1159 - Endüstriyel Elektronik | 8524 - Elektrik-Elektronik Teknikerliği | 9068 - Elektronik Teknolojisi | 7225 - Güvenlik Tahkikatının Olumlu Sonuçlanması. | 7322 - (Bakınız Başvurma Özel Şartları Bölümü Devlet Hava Meydanları İşletmesi Genel Müdürlüğü).;706a266f-7956-e711-80d3-a0369f7d149c
2017;1;291081393;Devlet Hava Meydanları İşletmesi Genel Müdürlüğü;Tekniker;Kastamonu;Onlisans;1;;88.257;88.257;"3293;1153;1154;1159;8524;9068;7225;7322";3293 - Aşağıdaki önlisans programlarından birinden mezun olmak. | 1153 - Elektrik-Elektronik | 1154 - Elektronik | 1159 - Endüstriyel Elektronik | 8524 - Elektrik-Elektronik Teknikerliği | 9068 - Elektronik Teknolojisi | 7225 - Güvenlik Tahkikatının Olumlu Sonuçlanması. | 7322 - (Bakınız Başvurma Özel Şartları Bölümü Devlet Hava Meydanları İşletmesi Genel Müdürlüğü).;d56b266f-7956-e711-80d3-a0369f7d149c
2017;1;290792677;Tapu ve Kadastro Genel Müdürlüğü;Tekniker;Şırnak;Onlisans;2;;88.254;88.295;"3319;1187;1188;1189;8546;7225";3319 - Aşağıdaki önlisans programlarından birinden mezun olmak. | 1187 - Harita | 1188 - Harita Kadastro / Harita ve Kadastro | 1189 - Harita ve Maden Ölçme | 8546 - Harita Teknikerliği | 7225 - Güvenlik Tahkikatının Olumlu Sonuçlanması.;d26d266f-7956-e711-80d3-a0369f7d149c
2017;1;291081453;Devlet Hava Meydanları İşletmesi Genel Müdürlüğü;Tekniker;Samsun;Onlisans;1;;88.252;88.252;"3293;1153;1154;1159;8524;9068;7225;7322";3293 - Aşağıdaki önlisans programlarından birinden mezun olmak. | 1153 - Elektrik-Elektronik | 1154 - Elektronik | 1159 - Endüstriyel Elektronik | 8524 - Elektrik-Elektronik Teknikerliği | 9068 - Elektronik Teknolojisi | 7225 - Güvenlik Tahkikatının Olumlu Sonuçlanması. | 7322 - (Bakınız Başvurma Özel Şartları Bölümü Devlet Hava Meydanları İşletmesi Genel Müdürlüğü).;ba6c266f-7956-e711-80d3-a0369f7d149c
2017;1;290462425;Sosyal Güvenlik Kurumu Başkanlığı;Memur;Tekirdağ;Onlisans;1;;88.182;88.182;"3163;1163;1206;1207;1254;1333;4296;5339;5341;5366;6176;8603;9253;3173;1117;1124;1249;9032;3181;1235;7225";3163 - Aşağıdaki önlisans programlarından birinden mezun olmak. | 1163 - Endüstriyel Yönetim | 1206 - İşletme Organizasyonu ve Çiftlik Yönetimi | 1207 - İşletmecilik | 1254 - Orta Kademe Yöneticiliği / Orta Kademe Yöneticilik | 1333 - Ticaret ve Yönetim | 4296 - İşletme Yönetimi | 5339 - İş İdaresi | 5341 - İşletme | 5366 - Tarımsal İşletmecilik | 6176 - Genel İşletme | 8603 - Girişimcilik ve Proje Yönetim Asistanlığı | 9253 - Tarım İşletmeciliği | 3173 - Aşağıdaki önlisans programlarından birinden mezun olmak. | 1117 - Bilgisayar Destekli Muhasebe | 1124 - Bilgisayarlı Muhasebe ve Vergi Uygulama | 1249 - Muhasebe | 9032 - Muhasebe ve Vergi Uygulamaları | 3181 - Aşağıdaki önlisans programlarından birinden mezun olmak. | 1235 - Maliye | 7225 - Güvenlik Tahkikatının Olumlu Sonuçlanması.;f36c266f-7956-e711-80d3-a0369f7d149c
2017;1;291081471;Devlet Hava Meydanları İşletmesi Genel Müdürlüğü;Tekniker;Sinop;Onlisans;1;;88.175;88.175;"3293;1153;1154;1159;8524;9068;7225;7322";3293 - Aşağıdaki önlisans programlarından birinden mezun olmak. | 1153 - Elektrik-Elektronik | 1154 - Elektronik | 1159 - Endüstriyel Elektronik | 8524 - Elektrik-Elektronik Teknikerliği | 9068 - Elektronik Teknolojisi | 7225 - Güvenlik Tahkikatının Olumlu Sonuçlanması. | 7322 - (Bakınız Başvurma Özel Şartları Bölümü Devlet Hava Meydanları İşletmesi Genel Müdürlüğü).;cc6c266f-7956-e711-80d3-a0369f7d149c
2017;1;291081477;Devlet Hava Meydanları İşletmesi Genel Müdürlüğü;Tekniker;Şanlıurfa;Onlisans;2;;88.173;88.174;"3293;1153;1154;1159;8524;9068;7225;7322";3293 - Aşağıdaki önlisans programlarından birinden mezun olmak. | 1153 - Elektrik-Elektronik | 1154 - Elektronik | 1159 - Endüstriyel Elektronik | 8524 - Elektrik-Elektronik Teknikerliği | 9068 - Elektronik Teknolojisi | 7225 - Güvenlik Tahkikatının Olumlu Sonuçlanması. | 7322 - (Bakınız Başvurma Özel Şartları Bölümü Devlet Hava Meydanları İşletmesi Genel Müdürlüğü).;296d266f-7956-e711-80d3-a0369f7d149c
2017;1;290462239;Sosyal Güvenlik Kurumu Başkanlığı;Memur;Hakkari;Onlisans;1;;88.162;88.162;"3163;1163;1206;1207;1254;1333;4296;5339;5341;5366;6176;8603;9253;3173;1117;1124;1249;9032;3181;1235;7225";3163 - Aşağıdaki önlisans programlarından birinden mezun olmak. | 1163 - Endüstriyel Yönetim | 1206 - İşletme Organizasyonu ve Çiftlik Yönetimi | 1207 - İşletmecilik | 1254 - Orta Kademe Yöneticiliği / Orta Kademe Yöneticilik | 1333 - Ticaret ve Yönetim | 4296 - İşletme Yönetimi | 5339 - İş İdaresi | 5341 - İşletme | 5366 - Tarımsal İşletmecilik | 6176 - Genel İşletme | 8603 - Girişimcilik ve Proje Yönetim Asistanlığı | 9253 - Tarım İşletmeciliği | 3173 - Aşağıdaki önlisans programlarından birinden mezun olmak. | 1117 - Bilgisayar Destekli Muhasebe | 1124 - Bilgisayarlı Muhasebe ve Vergi Uygulama | 1249 - Muhasebe | 9032 - Muhasebe ve Vergi Uygulamaları | 3181 - Aşağıdaki önlisans programlarından birinden mezun olmak. | 1235 - Maliye | 7225 - Güvenlik Tahkikatının Olumlu Sonuçlanması.;1f6b266f-7956-e711-80d3-a0369f7d149c
2017;1;290462173;Sosyal Güvenlik Kurumu Başkanlığı;Memur;Ankara;Onlisans;1;;88.148;88.148;"3163;1163;1206;1207;1254;1333;4296;5339;5341;5366;6176;8603;9253;3173;1117;1124;1249;9032;3181;1235;7225";3163 - Aşağıdaki önlisans programlarından birinden mezun olmak. | 1163 - Endüstriyel Yönetim | 1206 - İşletme Organizasyonu ve Çiftlik Yönetimi | 1207 - İşletmecilik | 1254 - Orta Kademe Yöneticiliği / Orta Kademe Yöneticilik | 1333 - Ticaret ve Yönetim | 4296 - İşletme Yönetimi | 5339 - İş İdaresi | 5341 - İşletme | 5366 - Tarımsal İşletmecilik | 6176 - Genel İşletme | 8603 - Girişimcilik ve Proje Yönetim Asistanlığı | 9253 - Tarım İşletmeciliği | 3173 - Aşağıdaki önlisans programlarından birinden mezun olmak. | 1117 - Bilgisayar Destekli Muhasebe | 1124 - Bilgisayarlı Muhasebe ve Vergi Uygulama | 1249 - Muhasebe | 9032 - Muhasebe ve Vergi Uygulamaları | 3181 - Aşağıdaki önlisans programlarından birinden mezun olmak. | 1235 - Maliye | 7225 - Güvenlik Tahkikatının Olumlu Sonuçlanması.;c569266f-7956-e711-80d3-a0369f7d149c
2017;1;290792611;Tapu ve Kadastro Genel Müdürlüğü;Tekniker;Kars;Onlisans;4;;88.144;88.73;"3319;1187;1188;1189;8546;7225";3319 - Aşağıdaki önlisans programlarından birinden mezun olmak. | 1187 - Harita | 1188 - Harita Kadastro / Harita ve Kadastro | 1189 - Harita ve Maden Ölçme | 8546 - Harita Teknikerliği | 7225 - Güvenlik Tahkikatının Olumlu Sonuçlanması.;cc6b266f-7956-e711-80d3-a0369f7d149c
2017;1;299991621;Et ve Süt Kurumu Genel Müdürlüğü;Memur;Sivas;Onlisans;3;;88.121;89.932;"3167;1268;1276;1277;1289;1293;1316;5327;5332;6292;8536;8553;8635;3173;1117;1124;1249;9032;3174;9331;3181;1235;7225";3167 - Aşağıdaki önlisans programlarından birinden mezun olmak. | 1268 - Pazarlama | 1276 - Piyasa Araştırmaları ve Pazarlama | 1277 - Piyasa Araştırmaları ve Reklamcılık | 1289 - Reklamcılık Yönetimi | 1293 - Satış Yönetimi | 1316 - Tarımsal Pazarlama | 5327 - Elektronik Ticaret | 5332 - E-Ticaret | 6292 - Satış ve Reklam Yönetimi | 8536 - Internet İle Pazarlama | 8553 - Pazarlama ve Satış | 8635 - Tarım İşletmeciliği ve Pazarlama | 3173 - Aşağıdaki önlisans programlarından birinden mezun olmak. | 1117 - Bilgisayar Destekli Muhasebe | 1124 - Bilgisayarlı Muhasebe ve Vergi Uygulama | 1249 - Muhasebe | 9032 - Muhasebe ve Vergi Uygulamaları | 3174 - Aşağıdaki önlisans programlarından birinden mezun olmak. | 9331 - İşletme-Muhasebe | 3181 - Aşağıdaki önlisans programlarından birinden mezun olmak. | 1235 - Maliye | 7225 - Güvenlik Tahkikatının Olumlu Sonuçlanması.;e86c266f-7956-e711-80d3-a0369f7d149c
2017;1;291081141;Devlet Hava Meydanları İşletmesi Genel Müdürlüğü;İş Makinası Sürücüsü;Bursa;Onlisans;1;;88.111;88.111;"3366;1204;1232;1233;5312;3368;9227;6516;7225;7302";3366 - Aşağıdaki önlisans programlarından birinden mezun olmak. | 1204 - İş Makineleri | 1232 - Makine | 1233 - Makine Yağları ve Yağlama Teknolojisi | 5312 - Bilgisayar Destekli Makine | 3368 - Aşağıdaki önlisans programlarından birinden mezun olmak. | 9227 - İş Makineleri Operatörlüğü | 6516 - G sınıfı sürücü belgesine sahip olmak | 7225 - Güvenlik Tahkikatının Olumlu Sonuçlanması. | 7302 - Bakınız Başvurma Özel Şartları Bölümü Şoför;686a266f-7956-e711-80d3-a0369f7d149c
2017;1;290942467;Şehitkamil Belediye Başkanlığı;Tekniker;Gaziantep;Onlisans;3;;88.11;91.74;"3225;1201;8535;9052;7225;7257";3225 - Aşağıdaki önlisans programlarından birinden mezun olmak. | 1201 - İnşaat | 8535 - İnşaat Teknikerliği | 9052 - İnşaat Teknolojisi | 7225 - Güvenlik Tahkikatının Olumlu Sonuçlanması. | 7257 - Seyahate ve Arazide Çalışmaya Elverişli olmak.;056b266f-7956-e711-80d3-a0369f7d149c
2017;1;291272785;Türkiye Elektrik İletim.A.Ş.Gen.Md.;Tekniker;Trabzon;Onlisans;1;;88.103;88.103;"3225;1201;8535;9052;7225;7257";3225 - Aşağıdaki önlisans programlarından birinden mezun olmak. | 1201 - İnşaat | 8535 - İnşaat Teknikerliği | 9052 - İnşaat Teknolojisi | 7225 - Güvenlik Tahkikatının Olumlu Sonuçlanması. | 7257 - Seyahate ve Arazide Çalışmaya Elverişli olmak.;036d266f-7956-e711-80d3-a0369f7d149c
2017;1;290942107;Rize Belediye Başkanlığı;Memur;Rize;Onlisans;1;;88.073;88.073;"3179;1129;1130;5351;8510;8560;9074;7225";3179 - Aşağıdaki önlisans programlarından birinden mezun olmak. | 1129 - Büro Yönetimi | 1130 - Büro Yönetimi ve Sekreterlik | 5351 - Ofis Teknolojileri ve Yönetimi | 8510 - Büro Yönetimi ve Yönetici Asistanlığı | 8560 - Sekreterlik | 9074 - Büro Hizmetleri ve Yönetici Asistanlığı | 7225 - Güvenlik Tahkikatının Olumlu Sonuçlanması.;806c266f-7956-e711-80d3-a0369f7d149c
2017;1;290792479;Tapu ve Kadastro Genel Müdürlüğü;Tekniker;Ağrı;Onlisans;2;;88.045;88.274;"3319;1187;1188;1189;8546;7225";3319 - Aşağıdaki önlisans programlarından birinden mezun olmak. | 1187 - Harita | 1188 - Harita Kadastro / Harita ve Kadastro | 1189 - Harita ve Maden Ölçme | 8546 - Harita Teknikerliği | 7225 - Güvenlik Tahkikatının Olumlu Sonuçlanması.;7369266f-7956-e711-80d3-a0369f7d149c
2017;1;290792587;Tapu ve Kadastro Genel Müdürlüğü;Tekniker;Hakkari;Onlisans;3;;88.01;88.203;"3319;1187;1188;1189;8546;7225";3319 - Aşağıdaki önlisans programlarından birinden mezun olmak. | 1187 - Harita | 1188 - Harita Kadastro / Harita ve Kadastro | 1189 - Harita ve Maden Ölçme | 8546 - Harita Teknikerliği | 7225 - Güvenlik Tahkikatının Olumlu Sonuçlanması.;216b266f-7956-e711-80d3-a0369f7d149c
2017;1;291081327;Devlet Hava Meydanları İşletmesi Genel Müdürlüğü;Tekniker;Elazığ;Onlisans;2;;88.001;88.065;"3293;1153;1154;1159;8524;9068;7225;7322";3293 - Aşağıdaki önlisans programlarından birinden mezun olmak. | 1153 - Elektrik-Elektronik | 1154 - Elektronik | 1159 - Endüstriyel Elektronik | 8524 - Elektrik-Elektronik Teknikerliği | 9068 - Elektronik Teknolojisi | 7225 - Güvenlik Tahkikatının Olumlu Sonuçlanması. | 7322 - (Bakınız Başvurma Özel Şartları Bölümü Devlet Hava Meydanları İşletmesi Genel Müdürlüğü).;ce6a266f-7956-e711-80d3-a0369f7d149c
2017;1;290792503;Tapu ve Kadastro Genel Müdürlüğü;Tekniker;Ardahan;Onlisans;2;;87.986;88.301;"3319;1187;1188;1189;8546;7225";3319 - Aşağıdaki önlisans programlarından birinden mezun olmak. | 1187 - Harita | 1188 - Harita Kadastro / Harita ve Kadastro | 1189 - Harita ve Maden Ölçme | 8546 - Harita Teknikerliği | 7225 - Güvenlik Tahkikatının Olumlu Sonuçlanması.;e66d266f-7956-e711-80d3-a0369f7d149c
2017;1;210902149;Siirt Üniversitesi;Tekniker;Siirt;Onlisans;1;;87.979;87.979;"3249;1121;1122;1353;4399;8506;7105;7225;7263;7265;7279;7283";3249 - Aşağıdaki önlisans programlarından birinden mezun olmak. | 1121 - Bilgisayar Programcılığı | 1122 - Bilgisayar Teknolojisi ve Programlama | 1353 - Bilgisayar Programcılığı (Internet) | 4399 - Web Teknolojileri ve Programlama | 8506 - Bilgisayar Programlama | 7105 - İngilizce Bilmek. | 7225 - Güvenlik Tahkikatının Olumlu Sonuçlanması. | 7263 - En Az İki Yüksek Düzeyli Programlama Dilini Bildiğini Belgelemek. | 7265 - Oracle ve C++ Veya Delphi Programlama Dilini Bildiğini Belgelemek. | 7279 - Cisco Ağ sistemlerini bildiğini belgelendirmek. | 7283 - Web tasarımı konusunda belge sahibi olmak.;c76c266f-7956-e711-80d3-a0369f7d149c
2017;1;291171987;Makina ve Kimya Endüstrisi Kurumu Genel Müdürlüğü;Tekniker;Kırıkkale;Onlisans;2;;87.96;88.283;"3064;1133;1135;6134;8593;9014;7225";3064 - Aşağıdaki önlisans programlarından birinden mezun olmak. | 1133 - Çevre | 1135 - Çevre Koruma | 6134 - Çevre Kirlenmesi ve Kontrolü | 8593 - Çevre Sağlığı | 9014 - Çevre Koruma ve Kontrol | 7225 - Güvenlik Tahkikatının Olumlu Sonuçlanması.;ae6d266f-7956-e711-80d3-a0369f7d149c
2017;1;291081441;Devlet Hava Meydanları İşletmesi Genel Müdürlüğü;Tekniker;Muş;Onlisans;1;;87.935;87.935;"3293;1153;1154;1159;8524;9068;7225;7322";3293 - Aşağıdaki önlisans programlarından birinden mezun olmak. | 1153 - Elektrik-Elektronik | 1154 - Elektronik | 1159 - Endüstriyel Elektronik | 8524 - Elektrik-Elektronik Teknikerliği | 9068 - Elektronik Teknolojisi | 7225 - Güvenlik Tahkikatının Olumlu Sonuçlanması. | 7322 - (Bakınız Başvurma Özel Şartları Bölümü Devlet Hava Meydanları İşletmesi Genel Müdürlüğü).;666c266f-7956-e711-80d3-a0369f7d149c
2017;1;290942845;Yenişehir (Diyarbakır) Belediye Başkanlığı;Tekniker;Diyarbakır;Onlisans;1;;87.867;87.867;"3235;1200;8564;8565;9064;7225";3235 - Aşağıdaki önlisans programlarından birinden mezun olmak. | 1200 - İklimlendirme-Soğutma | 8564 - Soğutma Tesisatçılığı / Soğutma Tesisatı | 8565 - Soğutma ve Havalandırma | 9064 - İklimlendirme Teknolojisi / İklimlendirme ve Soğutma Teknolojisi | 7225 - Güvenlik Tahkikatının Olumlu Sonuçlanması.;ae6a266f-7956-e711-80d3-a0369f7d149c
2017;1;291272719;Türkiye Elektrik İletim.A.Ş.Gen.Md.;Tekniker;Adana;Onlisans;1;;87.862;87.862;"3290;1152;7225;7257";3290 - Aşağıdaki önlisans programlarından birinden mezun olmak. | 1152 - Elektrik | 7225 - Güvenlik Tahkikatının Olumlu Sonuçlanması. | 7257 - Seyahate ve Arazide Çalışmaya Elverişli olmak.;3a69266f-7956-e711-80d3-a0369f7d149c
2017;1;291081105;Devlet Hava Meydanları İşletmesi Genel Müdürlüğü;İş Makinası Sürücüsü;Adana;Onlisans;1;;87.815;87.815;"3366;1204;1232;1233;5312;3368;9227;6516;7225;7302";3366 - Aşağıdaki önlisans programlarından birinden mezun olmak. | 1204 - İş Makineleri | 1232 - Makine | 1233 - Makine Yağları ve Yağlama Teknolojisi | 5312 - Bilgisayar Destekli Makine | 3368 - Aşağıdaki önlisans programlarından birinden mezun olmak. | 9227 - İş Makineleri Operatörlüğü | 6516 - G sınıfı sürücü belgesine sahip olmak | 7225 - Güvenlik Tahkikatının Olumlu Sonuçlanması. | 7302 - Bakınız Başvurma Özel Şartları Bölümü Şoför;3869266f-7956-e711-80d3-a0369f7d149c
2017;1;210361615;Erzincan Üniversitesi;Tekniker;Erzincan;Onlisans;1;;87.815;87.815;"3293;1153;1154;1159;8524;9068;7225";3293 - Aşağıdaki önlisans programlarından birinden mezun olmak. | 1153 - Elektrik-Elektronik | 1154 - Elektronik | 1159 - Endüstriyel Elektronik | 8524 - Elektrik-Elektronik Teknikerliği | 9068 - Elektronik Teknolojisi | 7225 - Güvenlik Tahkikatının Olumlu Sonuçlanması.;df6a266f-7956-e711-80d3-a0369f7d149c
2017;1;291172017;Makina ve Kimya Endüstrisi Kurumu Genel Müdürlüğü;Veznedar;Ankara;Onlisans;1;;87.737;87.737;"3173;1117;1124;1249;9032;7225";3173 - Aşağıdaki önlisans programlarından birinden mezun olmak. | 1117 - Bilgisayar Destekli Muhasebe | 1124 - Bilgisayarlı Muhasebe ve Vergi Uygulama | 1249 - Muhasebe | 9032 - Muhasebe ve Vergi Uygulamaları | 7225 - Güvenlik Tahkikatının Olumlu Sonuçlanması.;a269266f-7956-e711-80d3-a0369f7d149c
2017;1;290942071;Osmaniye Belediye Başkanlığı;İtfaiye Eri;Osmaniye;Onlisans;5;;87.73;89.479;"3001;6199;6510;7225;7300;7359";3001 - Herhangi bir önlisans programından mezun olmak. | 6199 - Yerleştirme işlemlerinin ilk günü itibariyle 30 yaşını doldurmamış olmak | 6510 - C sınıfı sürücü belgesine sahip olmak | 7225 - Güvenlik Tahkikatının Olumlu Sonuçlanması. | 7300 - Bu kadro/pozisyonda vardiya sistemi uygulanmaktadır. | 7359 - (Bakınız Başvurma Özel Şartları Bölümü İtfaiye Eri).;f76d266f-7956-e711-80d3-a0369f7d149c
2017;1;290681501;Devlet Su İşleri Genel Müdürlüğü;Memur;Ankara;Onlisans;2;;87.719;89.991;"3179;1129;1130;5351;8510;8560;9074;7225;7257";3179 - Aşağıdaki önlisans programlarından birinden mezun olmak. | 1129 - Büro Yönetimi | 1130 - Büro Yönetimi ve Sekreterlik | 5351 - Ofis Teknolojileri ve Yönetimi | 8510 - Büro Yönetimi ve Yönetici Asistanlığı | 8560 - Sekreterlik | 9074 - Büro Hizmetleri ve Yönetici Asistanlığı | 7225 - Güvenlik Tahkikatının Olumlu Sonuçlanması. | 7257 - Seyahate ve Arazide Çalışmaya Elverişli olmak.;ae69266f-7956-e711-80d3-a0369f7d149c
2017;1;290932803;Uşak İl Özel İdaresi;Şoför;Uşak;Onlisans;1;;87.674;87.674;"3001;6511;6519;7225;7302";3001 - Herhangi bir önlisans programından mezun olmak. | 6511 - CE Sınıfı Sürücü Belgesi Sahibi Olmak | 6519 - İstenilen Sınıftaki Sürücü Belgesine En Az (5) Yıldır Sahip olmak. | 7225 - Güvenlik Tahkikatının Olumlu Sonuçlanması. | 7302 - Bakınız Başvurma Özel Şartları Bölümü Şoför;5e6d266f-7956-e711-80d3-a0369f7d149c
2017;1;290462395;Sosyal Güvenlik Kurumu Başkanlığı;Memur;Sivas;Onlisans;1;;87.665;87.665;"3163;1163;1206;1207;1254;1333;4296;5339;5341;5366;6176;8603;9253;3173;1117;1124;1249;9032;3181;1235;7225";3163 - Aşağıdaki önlisans programlarından birinden mezun olmak. | 1163 - Endüstriyel Yönetim | 1206 - İşletme Organizasyonu ve Çiftlik Yönetimi | 1207 - İşletmecilik | 1254 - Orta Kademe Yöneticiliği / Orta Kademe Yöneticilik | 1333 - Ticaret ve Yönetim | 4296 - İşletme Yönetimi | 5339 - İş İdaresi | 5341 - İşletme | 5366 - Tarımsal İşletmecilik | 6176 - Genel İşletme | 8603 - Girişimcilik ve Proje Yönetim Asistanlığı | 9253 - Tarım İşletmeciliği | 3173 - Aşağıdaki önlisans programlarından birinden mezun olmak. | 1117 - Bilgisayar Destekli Muhasebe | 1124 - Bilgisayarlı Muhasebe ve Vergi Uygulama | 1249 - Muhasebe | 9032 - Muhasebe ve Vergi Uygulamaları | 3181 - Aşağıdaki önlisans programlarından birinden mezun olmak. | 1235 - Maliye | 7225 - Güvenlik Tahkikatının Olumlu Sonuçlanması.;e46c266f-7956-e711-80d3-a0369f7d149c
2017;1;291171909;Makina ve Kimya Endüstrisi Kurumu Genel Müdürlüğü;Memur;Kırıkkale;Onlisans;1;;87.663;87.663;"3173;1117;1124;1249;9032;7225";3173 - Aşağıdaki önlisans programlarından birinden mezun olmak. | 1117 - Bilgisayar Destekli Muhasebe | 1124 - Bilgisayarlı Muhasebe ve Vergi Uygulama | 1249 - Muhasebe | 9032 - Muhasebe ve Vergi Uygulamaları | 7225 - Güvenlik Tahkikatının Olumlu Sonuçlanması.;ab6d266f-7956-e711-80d3-a0369f7d149c
2017;1;290940655;Beşikdüzü Belediye Başkanlığı;Tekniker;Trabzon;Onlisans;1;;87.624;87.624;"3293;1153;1154;1159;8524;9068;7225;7257";3293 - Aşağıdaki önlisans programlarından birinden mezun olmak. | 1153 - Elektrik-Elektronik | 1154 - Elektronik | 1159 - Endüstriyel Elektronik | 8524 - Elektrik-Elektronik Teknikerliği | 9068 - Elektronik Teknolojisi | 7225 - Güvenlik Tahkikatının Olumlu Sonuçlanması. | 7257 - Seyahate ve Arazide Çalışmaya Elverişli olmak.;056d266f-7956-e711-80d3-a0369f7d149c
2017;1;290462227;Sosyal Güvenlik Kurumu Başkanlığı;Memur;Denizli;Onlisans;1;;87.575;87.575;"3004;9098;7225";3004 - Aşağıdaki önlisans programlarından birinden mezun olmak. | 9098 - Sosyal Güvenlik | 7225 - Güvenlik Tahkikatının Olumlu Sonuçlanması.;a26a266f-7956-e711-80d3-a0369f7d149c
2017;1;290462299;Sosyal Güvenlik Kurumu Başkanlığı;Memur;İstanbul;Onlisans;4;;87.543;91.813;"3163;1163;1206;1207;1254;1333;4296;5339;5341;5366;6176;8603;9253;3173;1117;1124;1249;9032;3181;1235;7225";3163 - Aşağıdaki önlisans programlarından birinden mezun olmak. | 1163 - Endüstriyel Yönetim | 1206 - İşletme Organizasyonu ve Çiftlik Yönetimi | 1207 - İşletmecilik | 1254 - Orta Kademe Yöneticiliği / Orta Kademe Yöneticilik | 1333 - Ticaret ve Yönetim | 4296 - İşletme Yönetimi | 5339 - İş İdaresi | 5341 - İşletme | 5366 - Tarımsal İşletmecilik | 6176 - Genel İşletme | 8603 - Girişimcilik ve Proje Yönetim Asistanlığı | 9253 - Tarım İşletmeciliği | 3173 - Aşağıdaki önlisans programlarından birinden mezun olmak. | 1117 - Bilgisayar Destekli Muhasebe | 1124 - Bilgisayarlı Muhasebe ve Vergi Uygulama | 1249 - Muhasebe | 9032 - Muhasebe ve Vergi Uygulamaları | 3181 - Aşağıdaki önlisans programlarından birinden mezun olmak. | 1235 - Maliye | 7225 - Güvenlik Tahkikatının Olumlu Sonuçlanması.;7c6b266f-7956-e711-80d3-a0369f7d149c
2017;1;291171999;Makina ve Kimya Endüstrisi Kurumu Genel Müdürlüğü;Tekniker;Kırıkkale;Onlisans;1;;87.477;87.477;"3290;1152;7225";3290 - Aşağıdaki önlisans programlarından birinden mezun olmak. | 1152 - Elektrik | 7225 - Güvenlik Tahkikatının Olumlu Sonuçlanması.;b06d266f-7956-e711-80d3-a0369f7d149c
2017;1;211000577;Ankara Yıldırım Beyazıt Üniversitesi;Memur;Ankara;Onlisans;1;;87.426;87.426;"3181;1235;7225";3181 - Aşağıdaki önlisans programlarından birinden mezun olmak. | 1235 - Maliye | 7225 - Güvenlik Tahkikatının Olumlu Sonuçlanması.;b169266f-7956-e711-80d3-a0369f7d149c
2017;1;290792647;Tapu ve Kadastro Genel Müdürlüğü;Tekniker;Kütahya;Onlisans;1;;87.408;87.408;"3318;1312;8567;7225";3318 - Aşağıdaki önlisans programlarından birinden mezun olmak. | 1312 - Tapu Kadastro Meslek Yüksekokulu | 8567 - Tapu ve Kadastro / Tapu Kadastro | 7225 - Güvenlik Tahkikatının Olumlu Sonuçlanması.;256c266f-7956-e711-80d3-a0369f7d149c
2017;1;291272773;Türkiye Elektrik İletim.A.Ş.Gen.Md.;Tekniker;Kastamonu;Onlisans;1;;87.391;87.391;"3225;1201;8535;9052;7225;7257";3225 - Aşağıdaki önlisans programlarından birinden mezun olmak. | 1201 - İnşaat | 8535 - İnşaat Teknikerliği | 9052 - İnşaat Teknolojisi | 7225 - Güvenlik Tahkikatının Olumlu Sonuçlanması. | 7257 - Seyahate ve Arazide Çalışmaya Elverişli olmak.;d66b266f-7956-e711-80d3-a0369f7d149c
2017;1;290940565;Aksaray Belediye Başkanlığı;Zabıta Memuru;Aksaray;Onlisans;3;;87.372;89.026;"3115;1166;1177;1315;8525;8583;6199;6506;7225;7300";3115 - Aşağıdaki önlisans programlarından birinden mezun olmak. | 1166 - Fermantasyon / Fermantasyon Teknikerliği | 1177 - Gıda Teknolojisi | 1315 - Tarımsal Laboratuvar | 8525 - Fermente Ürünler | 8583 - Gıda Teknikerliği | 6199 - Yerleştirme işlemlerinin ilk günü itibariyle 30 yaşını doldurmamış olmak | 6506 - B sınıfı sürücü belgesine sahip olmak | 7225 - Güvenlik Tahkikatının Olumlu Sonuçlanması. | 7300 - Bu kadro/pozisyonda vardiya sistemi uygulanmaktadır.;946d266f-7956-e711-80d3-a0369f7d149c
2017;1;291080997;Devlet Hava Meydanları İşletmesi Genel Müdürlüğü;Arff Memuru;Konya;Onlisans;1;;87.37;87.37;"3331;1208;8537;9023;7225;7307";3331 - Aşağıdaki önlisans programlarından birinden mezun olmak. | 1208 - İtfaiyecilik ve Yangın Güvenliği | 8537 - İtfaiyecilik ve Sivil Savunma | 9023 - Sivil Savunma ve İtfaiyecilik | 7225 - Güvenlik Tahkikatının Olumlu Sonuçlanması. | 7307 - (Bakınız Başvurma Özel Şartları Bölümü ARFF Memuru - İtfaiyeci).;216c266f-7956-e711-80d3-a0369f7d149c
2017;1;291272779;Türkiye Elektrik İletim.A.Ş.Gen.Md.;Tekniker;Sakarya;Onlisans;1;;87.349;87.349;"3225;1201;8535;9052;7225;7257";3225 - Aşağıdaki önlisans programlarından birinden mezun olmak. | 1201 - İnşaat | 8535 - İnşaat Teknikerliği | 9052 - İnşaat Teknolojisi | 7225 - Güvenlik Tahkikatının Olumlu Sonuçlanması. | 7257 - Seyahate ve Arazide Çalışmaya Elverişli olmak.;b46c266f-7956-e711-80d3-a0369f7d149c
2017;1;290942119;Rize Belediye Başkanlığı;Tekniker;Rize;Onlisans;1;;87.28;87.28;"3225;1201;8535;9052;7225";3225 - Aşağıdaki önlisans programlarından birinden mezun olmak. | 1201 - İnşaat | 8535 - İnşaat Teknikerliği | 9052 - İnşaat Teknolojisi | 7225 - Güvenlik Tahkikatının Olumlu Sonuçlanması.;826c266f-7956-e711-80d3-a0369f7d149c
2017;1;291171915;Makina ve Kimya Endüstrisi Kurumu Genel Müdürlüğü;Memur;Kırıkkale;Onlisans;1;;87.278;87.278;"3183;5338;6271;9073;7225";3183 - Aşağıdaki önlisans programlarından birinden mezun olmak. | 5338 - İnsan Kaynakları | 6271 - Personel Yönetimi | 9073 - İnsan Kaynakları Yönetimi | 7225 - Güvenlik Tahkikatının Olumlu Sonuçlanması.;ac6d266f-7956-e711-80d3-a0369f7d149c
2017;1;210351609;Erciyes Üniversitesi;Sağlık Teknikeri;Kayseri;Onlisans;7;;87.27;91.299;"3037;1281;9086;7225;7300";3037 - Aşağıdaki önlisans programlarından birinden mezun olmak. | 1281 - Radyoloji | 9086 - Tıbbi Görüntüleme Teknikleri | 7225 - Güvenlik Tahkikatının Olumlu Sonuçlanması. | 7300 - Bu kadro/pozisyonda vardiya sistemi uygulanmaktadır.;f26b266f-7956-e711-80d3-a0369f7d149c
2017;1;291081195;Devlet Hava Meydanları İşletmesi Genel Müdürlüğü;İş Makinası Sürücüsü;İzmir;Onlisans;1;;87.263;87.263;"3366;1204;1232;1233;5312;3368;9227;6516;7225;7302";3366 - Aşağıdaki önlisans programlarından birinden mezun olmak. | 1204 - İş Makineleri | 1232 - Makine | 1233 - Makine Yağları ve Yağlama Teknolojisi | 5312 - Bilgisayar Destekli Makine | 3368 - Aşağıdaki önlisans programlarından birinden mezun olmak. | 9227 - İş Makineleri Operatörlüğü | 6516 - G sınıfı sürücü belgesine sahip olmak | 7225 - Güvenlik Tahkikatının Olumlu Sonuçlanması. | 7302 - Bakınız Başvurma Özel Şartları Bölümü Şoför;b86b266f-7956-e711-80d3-a0369f7d149c
2017;1;290920673;Bursa Büyükşehir Belediye Başkanlığı;Bilgisayar İşletmeni;Bursa;Onlisans;4;;87.244;98.711;"3179;1129;1130;5351;8510;8560;9074;6225;7225";3179 - Aşağıdaki önlisans programlarından birinden mezun olmak. | 1129 - Büro Yönetimi | 1130 - Büro Yönetimi ve Sekreterlik | 5351 - Ofis Teknolojileri ve Yönetimi | 8510 - Büro Yönetimi ve Yönetici Asistanlığı | 8560 - Sekreterlik | 9074 - Büro Hizmetleri ve Yönetici Asistanlığı | 6225 - M.E.B.'Dan Onaylı Bilgisayar İşletmeni Sertifikası Sahibi olmak. | 7225 - Güvenlik Tahkikatının Olumlu Sonuçlanması.;5d6a266f-7956-e711-80d3-a0369f7d149c
2017;1;290942851;Yenişehir (Diyarbakır) Belediye Başkanlığı;Veznedar;Diyarbakır;Onlisans;2;;87.238;87.325;"3173;1117;1124;1249;9032;7225";3173 - Aşağıdaki önlisans programlarından birinden mezun olmak. | 1117 - Bilgisayar Destekli Muhasebe | 1124 - Bilgisayarlı Muhasebe ve Vergi Uygulama | 1249 - Muhasebe | 9032 - Muhasebe ve Vergi Uygulamaları | 7225 - Güvenlik Tahkikatının Olumlu Sonuçlanması.;af6a266f-7956-e711-80d3-a0369f7d149c
2017;1;291070787;Çay İşletmeleri Genel Müdürlüğü;Tekniker;Rize;Onlisans;2;;87.211;87.527;"3290;1152;7225";3290 - Aşağıdaki önlisans programlarından birinden mezun olmak. | 1152 - Elektrik | 7225 - Güvenlik Tahkikatının Olumlu Sonuçlanması.;846c266f-7956-e711-80d3-a0369f7d149c
2017;1;210180631;Bayburt Üniversitesi;Tekniker;Bayburt;Onlisans;1;;87.192;87.192;"3290;1152;7225";3290 - Aşağıdaki önlisans programlarından birinden mezun olmak. | 1152 - Elektrik | 7225 - Güvenlik Tahkikatının Olumlu Sonuçlanması.;986d266f-7956-e711-80d3-a0369f7d149c
2017;1;290650823;Darphane ve Damga Matbaası Genel Müdürlüğü;Koruma ve Güvenlik Görevlisi;İstanbul;Onlisans;1;;87.176;87.176;"1101;3389;4275;5353;5359;6551;7225;7303";1101 - Cinsiyeti Erkek olmak. | 3389 - Aşağıdaki önlisans programlarından birinden mezun olmak. | 4275 - Güvenlik | 5353 - Özel Güvenlik ve Koruma | 5359 - Savunma ve Güvenlik | 6551 - Özel Güvenlik Görevlisi Kimlik Kartına Sahip olmak. | 7225 - Güvenlik Tahkikatının Olumlu Sonuçlanması. | 7303 - (Bakınız Başvurma Özel Şartları Bölümü Koruma ve Güvenlik Görevlisi).;8b6b266f-7956-e711-80d3-a0369f7d149c
2017;1;290462437;Sosyal Güvenlik Kurumu Başkanlığı;Memur;Van;Onlisans;1;;87.167;87.167;"3163;1163;1206;1207;1254;1333;4296;5339;5341;5366;6176;8603;9253;3173;1117;1124;1249;9032;3181;1235;7225";3163 - Aşağıdaki önlisans programlarından birinden mezun olmak. | 1163 - Endüstriyel Yönetim | 1206 - İşletme Organizasyonu ve Çiftlik Yönetimi | 1207 - İşletmecilik | 1254 - Orta Kademe Yöneticiliği / Orta Kademe Yöneticilik | 1333 - Ticaret ve Yönetim | 4296 - İşletme Yönetimi | 5339 - İş İdaresi | 5341 - İşletme | 5366 - Tarımsal İşletmecilik | 6176 - Genel İşletme | 8603 - Girişimcilik ve Proje Yönetim Asistanlığı | 9253 - Tarım İşletmeciliği | 3173 - Aşağıdaki önlisans programlarından birinden mezun olmak. | 1117 - Bilgisayar Destekli Muhasebe | 1124 - Bilgisayarlı Muhasebe ve Vergi Uygulama | 1249 - Muhasebe | 9032 - Muhasebe ve Vergi Uygulamaları | 3181 - Aşağıdaki önlisans programlarından birinden mezun olmak. | 1235 - Maliye | 7225 - Güvenlik Tahkikatının Olumlu Sonuçlanması.;686d266f-7956-e711-80d3-a0369f7d149c
2017;1;210180625;Bayburt Üniversitesi;Bilgisayar İşletmeni;Bayburt;Onlisans;1;;87.121;87.121;"3173;1117;1124;1249;9032;3179;1129;1130;5351;8510;8560;9074;3254;1352;5310;8508;6225;7225";3173 - Aşağıdaki önlisans programlarından birinden mezun olmak. | 1117 - Bilgisayar Destekli Muhasebe | 1124 - Bilgisayarlı Muhasebe ve Vergi Uygulama | 1249 - Muhasebe | 9032 - Muhasebe ve Vergi Uygulamaları | 3179 - Aşağıdaki önlisans programlarından birinden mezun olmak. | 1129 - Büro Yönetimi | 1130 - Büro Yönetimi ve Sekreterlik | 5351 - Ofis Teknolojileri ve Yönetimi | 8510 - Büro Yönetimi ve Yönetici Asistanlığı | 8560 - Sekreterlik | 9074 - Büro Hizmetleri ve Yönetici Asistanlığı | 3254 - Aşağıdaki önlisans programlarından birinden mezun olmak. | 1352 - Bilgi Yönetimi (Internet) | 5310 - Bilgi Yönetimi | 8508 - Bilişim-Yönetim | 6225 - M.E.B.'Dan Onaylı Bilgisayar İşletmeni Sertifikası Sahibi olmak. | 7225 - Güvenlik Tahkikatının Olumlu Sonuçlanması.;976d266f-7956-e711-80d3-a0369f7d149c
2017;1;290462185;Sosyal Güvenlik Kurumu Başkanlığı;Memur;Ankara;Onlisans;1;;87.116;87.116;"3004;9098;7225";3004 - Aşağıdaki önlisans programlarından birinden mezun olmak. | 9098 - Sosyal Güvenlik | 7225 - Güvenlik Tahkikatının Olumlu Sonuçlanması.;c769266f-7956-e711-80d3-a0369f7d149c
2017;1;291081189;Devlet Hava Meydanları İşletmesi Genel Müdürlüğü;İş Makinası Sürücüsü;İstanbul;Onlisans;1;;87.106;87.106;"3366;1204;1232;1233;5312;3368;9227;6516;7225;7302";3366 - Aşağıdaki önlisans programlarından birinden mezun olmak. | 1204 - İş Makineleri | 1232 - Makine | 1233 - Makine Yağları ve Yağlama Teknolojisi | 5312 - Bilgisayar Destekli Makine | 3368 - Aşağıdaki önlisans programlarından birinden mezun olmak. | 9227 - İş Makineleri Operatörlüğü | 6516 - G sınıfı sürücü belgesine sahip olmak | 7225 - Güvenlik Tahkikatının Olumlu Sonuçlanması. | 7302 - Bakınız Başvurma Özel Şartları Bölümü Şoför;8c6b266f-7956-e711-80d3-a0369f7d149c
2017;1;290940541;Ağrı Belediye Başkanlığı;Tekniker;Ağrı;Onlisans;2;;87.026;87.139;"3225;1201;8535;9052;7225";3225 - Aşağıdaki önlisans programlarından birinden mezun olmak. | 1201 - İnşaat | 8535 - İnşaat Teknikerliği | 9052 - İnşaat Teknolojisi | 7225 - Güvenlik Tahkikatının Olumlu Sonuçlanması.;7569266f-7956-e711-80d3-a0369f7d149c
2017;1;210110571;Ankara Üniversitesi;Sağlık Teknikeri;Ankara;Onlisans;1;;86.952;86.952;"3028;9337;7225";3028 - Aşağıdaki önlisans programlarından birinden mezun olmak. | 9337 - Nükleer Tıp Teknikleri | 7225 - Güvenlik Tahkikatının Olumlu Sonuçlanması.;bb69266f-7956-e711-80d3-a0369f7d149c
2017;1;290931789;Kastamonu İl Özel İdaresi;Tekniker;Kastamonu;Onlisans;1;;86.904;86.904;"3366;1204;1232;1233;5312;7225";3366 - Aşağıdaki önlisans programlarından birinden mezun olmak. | 1204 - İş Makineleri | 1232 - Makine | 1233 - Makine Yağları ve Yağlama Teknolojisi | 5312 - Bilgisayar Destekli Makine | 7225 - Güvenlik Tahkikatının Olumlu Sonuçlanması.;e06b266f-7956-e711-80d3-a0369f7d149c
2017;1;291171993;Makina ve Kimya Endüstrisi Kurumu Genel Müdürlüğü;Tekniker;Kırıkkale;Onlisans;2;;86.903;87.569;"3043;1205;8607;7225";3043 - Aşağıdaki önlisans programlarından birinden mezun olmak. | 1205 - İşçi Sağlığı ve İş Güvenliği | 8607 - İş Sağlığı ve Güvenliği | 7225 - Güvenlik Tahkikatının Olumlu Sonuçlanması.;af6d266f-7956-e711-80d3-a0369f7d149c
2017;1;210671819;Kırklareli Üniversitesi;Bilgisayar İşletmeni;Kırklareli;Onlisans;1;;86.881;86.881;"3179;1129;1130;5351;8510;8560;9074;6225;7225";3179 - Aşağıdaki önlisans programlarından birinden mezun olmak. | 1129 - Büro Yönetimi | 1130 - Büro Yönetimi ve Sekreterlik | 5351 - Ofis Teknolojileri ve Yönetimi | 8510 - Büro Yönetimi ve Yönetici Asistanlığı | 8560 - Sekreterlik | 9074 - Büro Hizmetleri ve Yönetici Asistanlığı | 6225 - M.E.B.'Dan Onaylı Bilgisayar İşletmeni Sertifikası Sahibi olmak. | 7225 - Güvenlik Tahkikatının Olumlu Sonuçlanması.;fe6b266f-7956-e711-80d3-a0369f7d149c
2017;1;291081207;Devlet Hava Meydanları İşletmesi Genel Müdürlüğü;İş Makinası Sürücüsü;Kayseri;Onlisans;1;;86.843;86.843;"3366;1204;1232;1233;5312;3368;9227;6516;7225;7302";3366 - Aşağıdaki önlisans programlarından birinden mezun olmak. | 1204 - İş Makineleri | 1232 - Makine | 1233 - Makine Yağları ve Yağlama Teknolojisi | 5312 - Bilgisayar Destekli Makine | 3368 - Aşağıdaki önlisans programlarından birinden mezun olmak. | 9227 - İş Makineleri Operatörlüğü | 6516 - G sınıfı sürücü belgesine sahip olmak | 7225 - Güvenlik Tahkikatının Olumlu Sonuçlanması. | 7302 - Bakınız Başvurma Özel Şartları Bölümü Şoför;f66b266f-7956-e711-80d3-a0369f7d149c
2017;1;290462251;Sosyal Güvenlik Kurumu Başkanlığı;Memur;İstanbul;Onlisans;7;;86.766;87.585;"3163;1163;1206;1207;1254;1333;4296;5339;5341;5366;6176;8603;9253;3173;1117;1124;1249;9032;3181;1235;7225";3163 - Aşağıdaki önlisans programlarından birinden mezun olmak. | 1163 - Endüstriyel Yönetim | 1206 - İşletme Organizasyonu ve Çiftlik Yönetimi | 1207 - İşletmecilik | 1254 - Orta Kademe Yöneticiliği / Orta Kademe Yöneticilik | 1333 - Ticaret ve Yönetim | 4296 - İşletme Yönetimi | 5339 - İş İdaresi | 5341 - İşletme | 5366 - Tarımsal İşletmecilik | 6176 - Genel İşletme | 8603 - Girişimcilik ve Proje Yönetim Asistanlığı | 9253 - Tarım İşletmeciliği | 3173 - Aşağıdaki önlisans programlarından birinden mezun olmak. | 1117 - Bilgisayar Destekli Muhasebe | 1124 - Bilgisayarlı Muhasebe ve Vergi Uygulama | 1249 - Muhasebe | 9032 - Muhasebe ve Vergi Uygulamaları | 3181 - Aşağıdaki önlisans programlarından birinden mezun olmak. | 1235 - Maliye | 7225 - Güvenlik Tahkikatının Olumlu Sonuçlanması.;746b266f-7956-e711-80d3-a0369f7d149c
2017;1;290462293;Sosyal Güvenlik Kurumu Başkanlığı;Memur;İstanbul;Onlisans;2;;86.727;86.948;"3163;1163;1206;1207;1254;1333;4296;5339;5341;5366;6176;8603;9253;3173;1117;1124;1249;9032;3181;1235;7225";3163 - Aşağıdaki önlisans programlarından birinden mezun olmak. | 1163 - Endüstriyel Yönetim | 1206 - İşletme Organizasyonu ve Çiftlik Yönetimi | 1207 - İşletmecilik | 1254 - Orta Kademe Yöneticiliği / Orta Kademe Yöneticilik | 1333 - Ticaret ve Yönetim | 4296 - İşletme Yönetimi | 5339 - İş İdaresi | 5341 - İşletme | 5366 - Tarımsal İşletmecilik | 6176 - Genel İşletme | 8603 - Girişimcilik ve Proje Yönetim Asistanlığı | 9253 - Tarım İşletmeciliği | 3173 - Aşağıdaki önlisans programlarından birinden mezun olmak. | 1117 - Bilgisayar Destekli Muhasebe | 1124 - Bilgisayarlı Muhasebe ve Vergi Uygulama | 1249 - Muhasebe | 9032 - Muhasebe ve Vergi Uygulamaları | 3181 - Aşağıdaki önlisans programlarından birinden mezun olmak. | 1235 - Maliye | 7225 - Güvenlik Tahkikatının Olumlu Sonuçlanması.;7b6b266f-7956-e711-80d3-a0369f7d149c
2017;1;290462281;Sosyal Güvenlik Kurumu Başkanlığı;Memur;İstanbul;Onlisans;5;;86.676;87.477;"3163;1163;1206;1207;1254;1333;4296;5339;5341;5366;6176;8603;9253;3173;1117;1124;1249;9032;3181;1235;7225";3163 - Aşağıdaki önlisans programlarından birinden mezun olmak. | 1163 - Endüstriyel Yönetim | 1206 - İşletme Organizasyonu ve Çiftlik Yönetimi | 1207 - İşletmecilik | 1254 - Orta Kademe Yöneticiliği / Orta Kademe Yöneticilik | 1333 - Ticaret ve Yönetim | 4296 - İşletme Yönetimi | 5339 - İş İdaresi | 5341 - İşletme | 5366 - Tarımsal İşletmecilik | 6176 - Genel İşletme | 8603 - Girişimcilik ve Proje Yönetim Asistanlığı | 9253 - Tarım İşletmeciliği | 3173 - Aşağıdaki önlisans programlarından birinden mezun olmak. | 1117 - Bilgisayar Destekli Muhasebe | 1124 - Bilgisayarlı Muhasebe ve Vergi Uygulama | 1249 - Muhasebe | 9032 - Muhasebe ve Vergi Uygulamaları | 3181 - Aşağıdaki önlisans programlarından birinden mezun olmak. | 1235 - Maliye | 7225 - Güvenlik Tahkikatının Olumlu Sonuçlanması.;796b266f-7956-e711-80d3-a0369f7d149c
2017;1;211030697;Bülent Ecevit Üniversitesi;Bilgisayar İşletmeni;Zonguldak;Onlisans;2;;86.661;87.34;"3163;1163;1206;1207;1254;1333;4296;5339;5341;5366;6176;8603;9253;6225;7225";3163 - Aşağıdaki önlisans programlarından birinden mezun olmak. | 1163 - Endüstriyel Yönetim | 1206 - İşletme Organizasyonu ve Çiftlik Yönetimi | 1207 - İşletmecilik | 1254 - Orta Kademe Yöneticiliği / Orta Kademe Yöneticilik | 1333 - Ticaret ve Yönetim | 4296 - İşletme Yönetimi | 5339 - İş İdaresi | 5341 - İşletme | 5366 - Tarımsal İşletmecilik | 6176 - Genel İşletme | 8603 - Girişimcilik ve Proje Yönetim Asistanlığı | 9253 - Tarım İşletmeciliği | 6225 - M.E.B.'Dan Onaylı Bilgisayar İşletmeni Sertifikası Sahibi olmak. | 7225 - Güvenlik Tahkikatının Olumlu Sonuçlanması.;7f6d266f-7956-e711-80d3-a0369f7d149c
2017;1;290070715;Çalışma ve Sosyal Güvenlik Bakanlığı;Memur;Ankara;Onlisans;1;;86.649;86.649;"3183;5338;6271;9073;6225;7225";3183 - Aşağıdaki önlisans programlarından birinden mezun olmak. | 5338 - İnsan Kaynakları | 6271 - Personel Yönetimi | 9073 - İnsan Kaynakları Yönetimi | 6225 - M.E.B.'Dan Onaylı Bilgisayar İşletmeni Sertifikası Sahibi olmak. | 7225 - Güvenlik Tahkikatının Olumlu Sonuçlanması.;bc69266f-7956-e711-80d3-a0369f7d149c
2017;1;290462335;Sosyal Güvenlik Kurumu Başkanlığı;Memur;İstanbul;Onlisans;2;;86.629;87.528;"3163;1163;1206;1207;1254;1333;4296;5339;5341;5366;6176;8603;9253;3173;1117;1124;1249;9032;3181;1235;7225";3163 - Aşağıdaki önlisans programlarından birinden mezun olmak. | 1163 - Endüstriyel Yönetim | 1206 - İşletme Organizasyonu ve Çiftlik Yönetimi | 1207 - İşletmecilik | 1254 - Orta Kademe Yöneticiliği / Orta Kademe Yöneticilik | 1333 - Ticaret ve Yönetim | 4296 - İşletme Yönetimi | 5339 - İş İdaresi | 5341 - İşletme | 5366 - Tarımsal İşletmecilik | 6176 - Genel İşletme | 8603 - Girişimcilik ve Proje Yönetim Asistanlığı | 9253 - Tarım İşletmeciliği | 3173 - Aşağıdaki önlisans programlarından birinden mezun olmak. | 1117 - Bilgisayar Destekli Muhasebe | 1124 - Bilgisayarlı Muhasebe ve Vergi Uygulama | 1249 - Muhasebe | 9032 - Muhasebe ve Vergi Uygulamaları | 3181 - Aşağıdaki önlisans programlarından birinden mezun olmak. | 1235 - Maliye | 7225 - Güvenlik Tahkikatının Olumlu Sonuçlanması.;826b266f-7956-e711-80d3-a0369f7d149c
2017;1;290941753;Karatay Belediye Başkanlığı;Tahsildar;Konya;Onlisans;2;;86.599;88.168;"3173;1117;1124;1249;9032;7225";3173 - Aşağıdaki önlisans programlarından birinden mezun olmak. | 1117 - Bilgisayar Destekli Muhasebe | 1124 - Bilgisayarlı Muhasebe ve Vergi Uygulama | 1249 - Muhasebe | 9032 - Muhasebe ve Vergi Uygulamaları | 7225 - Güvenlik Tahkikatının Olumlu Sonuçlanması.;1f6c266f-7956-e711-80d3-a0369f7d149c
2017;1;211022857;Yüzüncü Yıl Üniversitesi;Laborant;Van;Onlisans;3;;86.589;87.097;"3023;1330;8557;9083;7225";3023 - Aşağıdaki önlisans programlarından birinden mezun olmak. | 1330 - Tıbbi Laboratuvar | 8557 - Sağlık Laboratuvarı | 9083 - Tıbbi Laboratuar Teknikleri / Tıbbi Laboratuvar Teknikleri | 7225 - Güvenlik Tahkikatının Olumlu Sonuçlanması.;696d266f-7956-e711-80d3-a0369f7d149c
2017;1;291081213;Devlet Hava Meydanları İşletmesi Genel Müdürlüğü;İş Makinası Sürücüsü;Muğla;Onlisans;1;;86.588;86.588;"3366;1204;1232;1233;5312;3368;9227;6516;7225;7302";3366 - Aşağıdaki önlisans programlarından birinden mezun olmak. | 1204 - İş Makineleri | 1232 - Makine | 1233 - Makine Yağları ve Yağlama Teknolojisi | 5312 - Bilgisayar Destekli Makine | 3368 - Aşağıdaki önlisans programlarından birinden mezun olmak. | 9227 - İş Makineleri Operatörlüğü | 6516 - G sınıfı sürücü belgesine sahip olmak | 7225 - Güvenlik Tahkikatının Olumlu Sonuçlanması. | 7302 - Bakınız Başvurma Özel Şartları Bölümü Şoför;566c266f-7956-e711-80d3-a0369f7d149c
2017;1;290462323;Sosyal Güvenlik Kurumu Başkanlığı;Memur;İstanbul;Onlisans;5;;86.559;87.061;"3163;1163;1206;1207;1254;1333;4296;5339;5341;5366;6176;8603;9253;3173;1117;1124;1249;9032;3181;1235;7225";3163 - Aşağıdaki önlisans programlarından birinden mezun olmak. | 1163 - Endüstriyel Yönetim | 1206 - İşletme Organizasyonu ve Çiftlik Yönetimi | 1207 - İşletmecilik | 1254 - Orta Kademe Yöneticiliği / Orta Kademe Yöneticilik | 1333 - Ticaret ve Yönetim | 4296 - İşletme Yönetimi | 5339 - İş İdaresi | 5341 - İşletme | 5366 - Tarımsal İşletmecilik | 6176 - Genel İşletme | 8603 - Girişimcilik ve Proje Yönetim Asistanlığı | 9253 - Tarım İşletmeciliği | 3173 - Aşağıdaki önlisans programlarından birinden mezun olmak. | 1117 - Bilgisayar Destekli Muhasebe | 1124 - Bilgisayarlı Muhasebe ve Vergi Uygulama | 1249 - Muhasebe | 9032 - Muhasebe ve Vergi Uygulamaları | 3181 - Aşağıdaki önlisans programlarından birinden mezun olmak. | 1235 - Maliye | 7225 - Güvenlik Tahkikatının Olumlu Sonuçlanması.;806b266f-7956-e711-80d3-a0369f7d149c
2017;1;291081153;Devlet Hava Meydanları İşletmesi Genel Müdürlüğü;İş Makinası Sürücüsü;Diyarbakır;Onlisans;1;;86.524;86.524;"3366;1204;1232;1233;5312;3368;9227;6516;7225;7302";3366 - Aşağıdaki önlisans programlarından birinden mezun olmak. | 1204 - İş Makineleri | 1232 - Makine | 1233 - Makine Yağları ve Yağlama Teknolojisi | 5312 - Bilgisayar Destekli Makine | 3368 - Aşağıdaki önlisans programlarından birinden mezun olmak. | 9227 - İş Makineleri Operatörlüğü | 6516 - G sınıfı sürücü belgesine sahip olmak | 7225 - Güvenlik Tahkikatının Olumlu Sonuçlanması. | 7302 - Bakınız Başvurma Özel Şartları Bölümü Şoför;a86a266f-7956-e711-80d3-a0369f7d149c
2017;1;290930811;Çorum İl Özel İdaresi;Veri Hazırlama ve Kontrol İşletmeni;Çorum;Onlisans;3;;86.513;87.086;"3173;1117;1124;1249;9032;6225;7225";3173 - Aşağıdaki önlisans programlarından birinden mezun olmak. | 1117 - Bilgisayar Destekli Muhasebe | 1124 - Bilgisayarlı Muhasebe ve Vergi Uygulama | 1249 - Muhasebe | 9032 - Muhasebe ve Vergi Uygulamaları | 6225 - M.E.B.'Dan Onaylı Bilgisayar İşletmeni Sertifikası Sahibi olmak. | 7225 - Güvenlik Tahkikatının Olumlu Sonuçlanması.;916a266f-7956-e711-80d3-a0369f7d149c
2017;1;290932797;Uşak İl Özel İdaresi;Sağlık Teknikeri;Uşak;Onlisans;1;;86.446;86.446;"3064;1133;1135;6134;8593;9014;7225;7257";3064 - Aşağıdaki önlisans programlarından birinden mezun olmak. | 1133 - Çevre | 1135 - Çevre Koruma | 6134 - Çevre Kirlenmesi ve Kontrolü | 8593 - Çevre Sağlığı | 9014 - Çevre Koruma ve Kontrol | 7225 - Güvenlik Tahkikatının Olumlu Sonuçlanması. | 7257 - Seyahate ve Arazide Çalışmaya Elverişli olmak.;5d6d266f-7956-e711-80d3-a0369f7d149c
2017;1;290882029;Milli Güvenlik Kurulu Genel Sekreterliği;Veri Hazırlama ve Kontrol İşletmeni;Ankara;Onlisans;1;;86.431;86.431;"3179;1129;1130;5351;8510;8560;9074;6225;7225";3179 - Aşağıdaki önlisans programlarından birinden mezun olmak. | 1129 - Büro Yönetimi | 1130 - Büro Yönetimi ve Sekreterlik | 5351 - Ofis Teknolojileri ve Yönetimi | 8510 - Büro Yönetimi ve Yönetici Asistanlığı | 8560 - Sekreterlik | 9074 - Büro Hizmetleri ve Yönetici Asistanlığı | 6225 - M.E.B.'Dan Onaylı Bilgisayar İşletmeni Sertifikası Sahibi olmak. | 7225 - Güvenlik Tahkikatının Olumlu Sonuçlanması.;b369266f-7956-e711-80d3-a0369f7d149c
2017;1;290942809;Viranşehir Belediye Başkanlığı;Muhasebeci;Şanlıurfa;Onlisans;1;;86.418;86.418;"3173;1117;1124;1249;9032;3181;1235;7225";3173 - Aşağıdaki önlisans programlarından birinden mezun olmak. | 1117 - Bilgisayar Destekli Muhasebe | 1124 - Bilgisayarlı Muhasebe ve Vergi Uygulama | 1249 - Muhasebe | 9032 - Muhasebe ve Vergi Uygulamaları | 3181 - Aşağıdaki önlisans programlarından birinden mezun olmak. | 1235 - Maliye | 7225 - Güvenlik Tahkikatının Olumlu Sonuçlanması.;2a6d266f-7956-e711-80d3-a0369f7d149c
2017;1;290942827;Yenişarbademli Belediye Başkanlığı;Memur;Isparta;Onlisans;1;;86.295;86.295;"3173;1117;1124;1249;9032;7225";3173 - Aşağıdaki önlisans programlarından birinden mezun olmak. | 1117 - Bilgisayar Destekli Muhasebe | 1124 - Bilgisayarlı Muhasebe ve Vergi Uygulama | 1249 - Muhasebe | 9032 - Muhasebe ve Vergi Uygulamaları | 7225 - Güvenlik Tahkikatının Olumlu Sonuçlanması.;3d6b266f-7956-e711-80d3-a0369f7d149c
2017;1;210391639;Fırat Üniversitesi;Sağlık Teknikeri;Elazığ;Onlisans;2;;86.273;86.735;"3011;1103;1104;1144;8518;7225";3011 - Aşağıdaki önlisans programlarından birinden mezun olmak. | 1103 - Ağız Diş Sağlığı | 1104 - Ağız ve Diş Sağlığı | 1144 - Diş Teknik Sekreterliği | 8518 - Diş Hekimliği-Hijyen | 7225 - Güvenlik Tahkikatının Olumlu Sonuçlanması.;d06a266f-7956-e711-80d3-a0369f7d149c
2017;1;290931723;Karaman İl Özel İdaresi;Memur;Karaman;Onlisans;2;;86.245;86.939;"3173;1117;1124;1249;9032;3179;1129;1130;5351;8510;8560;9074;6225;7225";3173 - Aşağıdaki önlisans programlarından birinden mezun olmak. | 1117 - Bilgisayar Destekli Muhasebe | 1124 - Bilgisayarlı Muhasebe ve Vergi Uygulama | 1249 - Muhasebe | 9032 - Muhasebe ve Vergi Uygulamaları | 3179 - Aşağıdaki önlisans programlarından birinden mezun olmak. | 1129 - Büro Yönetimi | 1130 - Büro Yönetimi ve Sekreterlik | 5351 - Ofis Teknolojileri ve Yönetimi | 8510 - Büro Yönetimi ve Yönetici Asistanlığı | 8560 - Sekreterlik | 9074 - Büro Hizmetleri ve Yönetici Asistanlığı | 6225 - M.E.B.'Dan Onaylı Bilgisayar İşletmeni Sertifikası Sahibi olmak. | 7225 - Güvenlik Tahkikatının Olumlu Sonuçlanması.;a36d266f-7956-e711-80d3-a0369f7d149c
2017;1;210671813;Kırklareli Üniversitesi;Bilgisayar İşletmeni;Kırklareli;Onlisans;1;;86.213;86.213;"3173;1117;1124;1249;9032;6225;7225";3173 - Aşağıdaki önlisans programlarından birinden mezun olmak. | 1117 - Bilgisayar Destekli Muhasebe | 1124 - Bilgisayarlı Muhasebe ve Vergi Uygulama | 1249 - Muhasebe | 9032 - Muhasebe ve Vergi Uygulamaları | 6225 - M.E.B.'Dan Onaylı Bilgisayar İşletmeni Sertifikası Sahibi olmak. | 7225 - Güvenlik Tahkikatının Olumlu Sonuçlanması.;fd6b266f-7956-e711-80d3-a0369f7d149c
2017;1;290942113;Rize Belediye Başkanlığı;Memur;Rize;Onlisans;1;;86.132;86.132;"3173;1117;1124;1249;9032;7225";3173 - Aşağıdaki önlisans programlarından birinden mezun olmak. | 1117 - Bilgisayar Destekli Muhasebe | 1124 - Bilgisayarlı Muhasebe ve Vergi Uygulama | 1249 - Muhasebe | 9032 - Muhasebe ve Vergi Uygulamaları | 7225 - Güvenlik Tahkikatının Olumlu Sonuçlanması.;816c266f-7956-e711-80d3-a0369f7d149c
2017;1;290931729;Karaman İl Özel İdaresi;Mutemet;Karaman;Onlisans;1;;86.123;86.123;"3173;1117;1124;1249;9032;7225";3173 - Aşağıdaki önlisans programlarından birinden mezun olmak. | 1117 - Bilgisayar Destekli Muhasebe | 1124 - Bilgisayarlı Muhasebe ve Vergi Uygulama | 1249 - Muhasebe | 9032 - Muhasebe ve Vergi Uygulamaları | 7225 - Güvenlik Tahkikatının Olumlu Sonuçlanması.;a46d266f-7956-e711-80d3-a0369f7d149c
2017;1;210952035;Munzur Üniversitesi;Sekreter;Tunceli;Onlisans;1;;85.924;85.924;"3179;1129;1130;5351;8510;8560;9074;7225";3179 - Aşağıdaki önlisans programlarından birinden mezun olmak. | 1129 - Büro Yönetimi | 1130 - Büro Yönetimi ve Sekreterlik | 5351 - Ofis Teknolojileri ve Yönetimi | 8510 - Büro Yönetimi ve Yönetici Asistanlığı | 8560 - Sekreterlik | 9074 - Büro Hizmetleri ve Yönetici Asistanlığı | 7225 - Güvenlik Tahkikatının Olumlu Sonuçlanması.;226d266f-7956-e711-80d3-a0369f7d149c
2017;1;290070727;Çalışma ve Sosyal Güvenlik Bakanlığı;Veri Hazırlama ve Kontrol İşletmeni;Ankara;Onlisans;1;;85.903;85.903;"3183;5338;6271;9073;6225;7225";3183 - Aşağıdaki önlisans programlarından birinden mezun olmak. | 5338 - İnsan Kaynakları | 6271 - Personel Yönetimi | 9073 - İnsan Kaynakları Yönetimi | 6225 - M.E.B.'Dan Onaylı Bilgisayar İşletmeni Sertifikası Sahibi olmak. | 7225 - Güvenlik Tahkikatının Olumlu Sonuçlanması.;be69266f-7956-e711-80d3-a0369f7d149c
2017;1;299991627;Et ve Süt Kurumu Genel Müdürlüğü;Memur;Sivas;Onlisans;2;;85.788;90.983;"3179;1129;1130;5351;8510;8560;9074;3183;5338;6271;9073;3461;4332;7225";3179 - Aşağıdaki önlisans programlarından birinden mezun olmak. | 1129 - Büro Yönetimi | 1130 - Büro Yönetimi ve Sekreterlik | 5351 - Ofis Teknolojileri ve Yönetimi | 8510 - Büro Yönetimi ve Yönetici Asistanlığı | 8560 - Sekreterlik | 9074 - Büro Hizmetleri ve Yönetici Asistanlığı | 3183 - Aşağıdaki önlisans programlarından birinden mezun olmak. | 5338 - İnsan Kaynakları | 6271 - Personel Yönetimi | 9073 - İnsan Kaynakları Yönetimi | 3461 - Aşağıdaki önlisans programlarından birinden mezun olmak. | 4332 - Personel | 7225 - Güvenlik Tahkikatının Olumlu Sonuçlanması.;e96c266f-7956-e711-80d3-a0369f7d149c
2017;1;290462365;Sosyal Güvenlik Kurumu Başkanlığı;Memur;Rize;Onlisans;1;;85.752;85.752;"3004;9098;7225";3004 - Aşağıdaki önlisans programlarından birinden mezun olmak. | 9098 - Sosyal Güvenlik | 7225 - Güvenlik Tahkikatının Olumlu Sonuçlanması.;8a6c266f-7956-e711-80d3-a0369f7d149c
2017;1;290942053;Nusaybin Belediye Başkanlığı;Zabıta Memuru;Mardin;Onlisans;9;;85.747;86.959;"3001;6199;6514;6519;7225;7300";3001 - Herhangi bir önlisans programından mezun olmak. | 6199 - Yerleştirme işlemlerinin ilk günü itibariyle 30 yaşını doldurmamış olmak | 6514 - D sınıfı sürücü belgesine sahip olmak | 6519 - İstenilen Sınıftaki Sürücü Belgesine En Az (5) Yıldır Sahip olmak. | 7225 - Güvenlik Tahkikatının Olumlu Sonuçlanması. | 7300 - Bu kadro/pozisyonda vardiya sistemi uygulanmaktadır.;476c266f-7956-e711-80d3-a0369f7d149c
2017;1;291451711;Kalkınma Bakanlığı;Sekreter;Ankara;Onlisans;4;;85.715;87.765;"3179;1129;1130;5351;8510;8560;9074;7225";3179 - Aşağıdaki önlisans programlarından birinden mezun olmak. | 1129 - Büro Yönetimi | 1130 - Büro Yönetimi ve Sekreterlik | 5351 - Ofis Teknolojileri ve Yönetimi | 8510 - Büro Yönetimi ve Yönetici Asistanlığı | 8560 - Sekreterlik | 9074 - Büro Hizmetleri ve Yönetici Asistanlığı | 7225 - Güvenlik Tahkikatının Olumlu Sonuçlanması.;a169266f-7956-e711-80d3-a0369f7d149c
2017;1;290462341;Sosyal Güvenlik Kurumu Başkanlığı;Memur;İzmir;Onlisans;2;;85.677;86.818;"3004;9098;7225";3004 - Aşağıdaki önlisans programlarından birinden mezun olmak. | 9098 - Sosyal Güvenlik | 7225 - Güvenlik Tahkikatının Olumlu Sonuçlanması.;bb6b266f-7956-e711-80d3-a0369f7d149c
2017;1;290941741;Karatay Belediye Başkanlığı;Memur;Konya;Onlisans;1;;85.649;85.649;"3183;5338;6271;9073;7225";3183 - Aşağıdaki önlisans programlarından birinden mezun olmak. | 5338 - İnsan Kaynakları | 6271 - Personel Yönetimi | 9073 - İnsan Kaynakları Yönetimi | 7225 - Güvenlik Tahkikatının Olumlu Sonuçlanması.;1d6c266f-7956-e711-80d3-a0369f7d149c
2017;1;290932863;Zonguldak İl Özel İdaresi;Memur;Zonguldak;Onlisans;2;;85.572;85.703;"3179;1129;1130;5351;8510;8560;9074;6225;7225";3179 - Aşağıdaki önlisans programlarından birinden mezun olmak. | 1129 - Büro Yönetimi | 1130 - Büro Yönetimi ve Sekreterlik | 5351 - Ofis Teknolojileri ve Yönetimi | 8510 - Büro Yönetimi ve Yönetici Asistanlığı | 8560 - Sekreterlik | 9074 - Büro Hizmetleri ve Yönetici Asistanlığı | 6225 - M.E.B.'Dan Onaylı Bilgisayar İşletmeni Sertifikası Sahibi olmak. | 7225 - Güvenlik Tahkikatının Olumlu Sonuçlanması.;7e6d266f-7956-e711-80d3-a0369f7d149c
2017;1;290941849;Küçükçekmece Belediye Başkanlığı;Bilgisayar İşletmeni;İstanbul;Onlisans;4;;85.485;86.707;"3185;1230;1231;8580;6225;7225";3185 - Aşağıdaki önlisans programlarından birinden mezun olmak. | 1230 - Mahalli İdareler | 1231 - Mahalli İdareler (Zabıta) | 8580 - Yerel Yönetimler | 6225 - M.E.B.'Dan Onaylı Bilgisayar İşletmeni Sertifikası Sahibi olmak. | 7225 - Güvenlik Tahkikatının Olumlu Sonuçlanması.;866b266f-7956-e711-80d3-a0369f7d149c
2017;1;291081147;Devlet Hava Meydanları İşletmesi Genel Müdürlüğü;İş Makinası Sürücüsü;Çanakkale;Onlisans;1;;85.462;85.462;"3366;1204;1232;1233;5312;3368;9227;6516;7225;7302";3366 - Aşağıdaki önlisans programlarından birinden mezun olmak. | 1204 - İş Makineleri | 1232 - Makine | 1233 - Makine Yağları ve Yağlama Teknolojisi | 5312 - Bilgisayar Destekli Makine | 3368 - Aşağıdaki önlisans programlarından birinden mezun olmak. | 9227 - İş Makineleri Operatörlüğü | 6516 - G sınıfı sürücü belgesine sahip olmak | 7225 - Güvenlik Tahkikatının Olumlu Sonuçlanması. | 7302 - Bakınız Başvurma Özel Şartları Bölümü Şoför;716a266f-7956-e711-80d3-a0369f7d149c
2017;1;210872101;Recep Tayyip Erdoğan Üniversitesi;Tekniker;Rize;Onlisans;1;;85.432;85.432;"3373;1257;1258;1261;1262;1263;8545;8552;9043;9255;7225";3373 - Aşağıdaki önlisans programlarından birinden mezun olmak. | 1257 - Oto Elektrik-Elektronik | 1258 - Oto Motor Teknolojileri | 1261 - Otomotiv | 1262 - Otomotiv Satış Sonrası Hizmet | 1263 - Otomotiv Tasarım ve İmalat | 8545 - Motor | 8552 - Otomotiv Endüstrisi | 9043 - Otomotiv Teknolojisi | 9255 - Otomotiv Tamir ve Bakım | 7225 - Güvenlik Tahkikatının Olumlu Sonuçlanması.;896c266f-7956-e711-80d3-a0369f7d149c
2017;1;291172011;Makina ve Kimya Endüstrisi Kurumu Genel Müdürlüğü;Tekniker;Kırıkkale;Onlisans;1;;85.388;85.388;"3347;1218;1247;7225";3347 - Aşağıdaki önlisans programlarından birinden mezun olmak. | 1218 - Kimya | 1247 - Kimya Teknolojisi | 7225 - Güvenlik Tahkikatının Olumlu Sonuçlanması.;b26d266f-7956-e711-80d3-a0369f7d149c
2017;1;290462353;Sosyal Güvenlik Kurumu Başkanlığı;Memur;Konya;Onlisans;1;;85.386;85.386;"3004;9098;7225";3004 - Aşağıdaki önlisans programlarından birinden mezun olmak. | 9098 - Sosyal Güvenlik | 7225 - Güvenlik Tahkikatının Olumlu Sonuçlanması.;226c266f-7956-e711-80d3-a0369f7d149c
2017;1;290920667;Bursa Büyükşehir Belediye Başkanlığı;Bilgisayar İşletmeni;Bursa;Onlisans;4;;85.354;90.008;"3185;1230;1231;8580;6225;7225";3185 - Aşağıdaki önlisans programlarından birinden mezun olmak. | 1230 - Mahalli İdareler | 1231 - Mahalli İdareler (Zabıta) | 8580 - Yerel Yönetimler | 6225 - M.E.B.'Dan Onaylı Bilgisayar İşletmeni Sertifikası Sahibi olmak. | 7225 - Güvenlik Tahkikatının Olumlu Sonuçlanması.;5c6a266f-7956-e711-80d3-a0369f7d149c
2017;1;290792551;Tapu ve Kadastro Genel Müdürlüğü;Tekniker;Çankırı;Onlisans;1;;85.347;85.347;"3318;1312;8567;7225";3318 - Aşağıdaki önlisans programlarından birinden mezun olmak. | 1312 - Tapu Kadastro Meslek Yüksekokulu | 8567 - Tapu ve Kadastro / Tapu Kadastro | 7225 - Güvenlik Tahkikatının Olumlu Sonuçlanması.;896a266f-7956-e711-80d3-a0369f7d149c
2017;1;290462167;Sosyal Güvenlik Kurumu Başkanlığı;Memur;Ankara;Onlisans;1;;85.325;85.325;"3004;9098;7225";3004 - Aşağıdaki önlisans programlarından birinden mezun olmak. | 9098 - Sosyal Güvenlik | 7225 - Güvenlik Tahkikatının Olumlu Sonuçlanması.;c469266f-7956-e711-80d3-a0369f7d149c
2017;1;290942443;Sultangazi Belediye Başkanlığı;Zabıta Memuru;İstanbul;Onlisans;10;;85.294;88.416;"3001;6199;6514;6519;7225;7300";3001 - Herhangi bir önlisans programından mezun olmak. | 6199 - Yerleştirme işlemlerinin ilk günü itibariyle 30 yaşını doldurmamış olmak | 6514 - D sınıfı sürücü belgesine sahip olmak | 6519 - İstenilen Sınıftaki Sürücü Belgesine En Az (5) Yıldır Sahip olmak. | 7225 - Güvenlik Tahkikatının Olumlu Sonuçlanması. | 7300 - Bu kadro/pozisyonda vardiya sistemi uygulanmaktadır.;886b266f-7956-e711-80d3-a0369f7d149c
2017;1;291081201;Devlet Hava Meydanları İşletmesi Genel Müdürlüğü;İş Makinası Sürücüsü;Kahramanmaraş;Onlisans;1;;85.179;85.179;"3366;1204;1232;1233;5312;3368;9227;6516;7225;7302";3366 - Aşağıdaki önlisans programlarından birinden mezun olmak. | 1204 - İş Makineleri | 1232 - Makine | 1233 - Makine Yağları ve Yağlama Teknolojisi | 5312 - Bilgisayar Destekli Makine | 3368 - Aşağıdaki önlisans programlarından birinden mezun olmak. | 9227 - İş Makineleri Operatörlüğü | 6516 - G sınıfı sürücü belgesine sahip olmak | 7225 - Güvenlik Tahkikatının Olumlu Sonuçlanması. | 7302 - Bakınız Başvurma Özel Şartları Bölümü Şoför;3d6c266f-7956-e711-80d3-a0369f7d149c
2017;1;290942839;Yenişehir (Diyarbakır) Belediye Başkanlığı;Tekniker;Diyarbakır;Onlisans;1;;85.169;85.169;"3097;1273;1274;1275;4339;7225";3097 - Aşağıdaki önlisans programlarından birinden mezun olmak. | 1273 - Peyzaj | 1274 - Peyzaj Uygulama ve Süs Bitkileri | 1275 - Peyzaj ve Süs Bitkileri | 4339 - Peyzaj ve Çevre Tasarımı | 7225 - Güvenlik Tahkikatının Olumlu Sonuçlanması.;ad6a266f-7956-e711-80d3-a0369f7d149c
2017;1;291081237;Devlet Hava Meydanları İşletmesi Genel Müdürlüğü;İş Makinası Sürücüsü;Sinop;Onlisans;1;;85.102;85.102;"3366;1204;1232;1233;5312;3368;9227;6516;7225;7302";3366 - Aşağıdaki önlisans programlarından birinden mezun olmak. | 1204 - İş Makineleri | 1232 - Makine | 1233 - Makine Yağları ve Yağlama Teknolojisi | 5312 - Bilgisayar Destekli Makine | 3368 - Aşağıdaki önlisans programlarından birinden mezun olmak. | 9227 - İş Makineleri Operatörlüğü | 6516 - G sınıfı sürücü belgesine sahip olmak | 7225 - Güvenlik Tahkikatının Olumlu Sonuçlanması. | 7302 - Bakınız Başvurma Özel Şartları Bölümü Şoför;cd6c266f-7956-e711-80d3-a0369f7d149c
2017;1;291171981;Makina ve Kimya Endüstrisi Kurumu Genel Müdürlüğü;Tekniker;Kırıkkale;Onlisans;7;;85.092;90.204;"3366;1204;1232;1233;5312;7225";3366 - Aşağıdaki önlisans programlarından birinden mezun olmak. | 1204 - İş Makineleri | 1232 - Makine | 1233 - Makine Yağları ve Yağlama Teknolojisi | 5312 - Bilgisayar Destekli Makine | 7225 - Güvenlik Tahkikatının Olumlu Sonuçlanması.;ad6d266f-7956-e711-80d3-a0369f7d149c
2017;1;291081117;Devlet Hava Meydanları İşletmesi Genel Müdürlüğü;İş Makinası Sürücüsü;Amasya;Onlisans;1;;85.076;85.076;"3366;1204;1232;1233;5312;3368;9227;6516;7225;7302";3366 - Aşağıdaki önlisans programlarından birinden mezun olmak. | 1204 - İş Makineleri | 1232 - Makine | 1233 - Makine Yağları ve Yağlama Teknolojisi | 5312 - Bilgisayar Destekli Makine | 3368 - Aşağıdaki önlisans programlarından birinden mezun olmak. | 9227 - İş Makineleri Operatörlüğü | 6516 - G sınıfı sürücü belgesine sahip olmak | 7225 - Güvenlik Tahkikatının Olumlu Sonuçlanması. | 7302 - Bakınız Başvurma Özel Şartları Bölümü Şoför;7869266f-7956-e711-80d3-a0369f7d149c
2017;1;290462209;Sosyal Güvenlik Kurumu Başkanlığı;Memur;Bursa;Onlisans;1;;85.031;85.031;"3004;9098;7225";3004 - Aşağıdaki önlisans programlarından birinden mezun olmak. | 9098 - Sosyal Güvenlik | 7225 - Güvenlik Tahkikatının Olumlu Sonuçlanması.;636a266f-7956-e711-80d3-a0369f7d149c
2017;1;290941657;Gebze Belediye Başkanlığı;Zabıta Memuru;Kocaeli;Onlisans;3;;85.007;86.018;"3115;1166;1177;1315;8525;8583;6199;6506;6519;7225;7300";3115 - Aşağıdaki önlisans programlarından birinden mezun olmak. | 1166 - Fermantasyon / Fermantasyon Teknikerliği | 1177 - Gıda Teknolojisi | 1315 - Tarımsal Laboratuvar | 8525 - Fermente Ürünler | 8583 - Gıda Teknikerliği | 6199 - Yerleştirme işlemlerinin ilk günü itibariyle 30 yaşını doldurmamış olmak | 6506 - B sınıfı sürücü belgesine sahip olmak | 6519 - İstenilen Sınıftaki Sürücü Belgesine En Az (5) Yıldır Sahip olmak. | 7225 - Güvenlik Tahkikatının Olumlu Sonuçlanması. | 7300 - Bu kadro/pozisyonda vardiya sistemi uygulanmaktadır.;116c266f-7956-e711-80d3-a0369f7d149c
2017;1;210782041;Muş Alparslan Üniversitesi;Tekniker;Muş;Onlisans;1;;85.006;85.006;"3373;1257;1258;1261;1262;1263;8545;8552;9043;9255;7225";3373 - Aşağıdaki önlisans programlarından birinden mezun olmak. | 1257 - Oto Elektrik-Elektronik | 1258 - Oto Motor Teknolojileri | 1261 - Otomotiv | 1262 - Otomotiv Satış Sonrası Hizmet | 1263 - Otomotiv Tasarım ve İmalat | 8545 - Motor | 8552 - Otomotiv Endüstrisi | 9043 - Otomotiv Teknolojisi | 9255 - Otomotiv Tamir ve Bakım | 7225 - Güvenlik Tahkikatının Olumlu Sonuçlanması.;616c266f-7956-e711-80d3-a0369f7d149c
2017;1;290462371;Sosyal Güvenlik Kurumu Başkanlığı;Memur;Rize;Onlisans;1;;84.982;84.982;"3004;9098;7225";3004 - Aşağıdaki önlisans programlarından birinden mezun olmak. | 9098 - Sosyal Güvenlik | 7225 - Güvenlik Tahkikatının Olumlu Sonuçlanması.;8b6c266f-7956-e711-80d3-a0369f7d149c
2017;1;290930799;Çorum İl Özel İdaresi;Şoför;Çorum;Onlisans;2;;84.928;85.956;"3188;1260;9012;6514;7225;7302";3188 - Aşağıdaki önlisans programlarından birinden mezun olmak. | 1260 - Otobüs Şoförlüğü (Kaptanlık) / Otobüs Şoförlüğü | 9012 - Otobüs Kaptanlığı | 6514 - D sınıfı sürücü belgesine sahip olmak | 7225 - Güvenlik Tahkikatının Olumlu Sonuçlanması. | 7302 - Bakınız Başvurma Özel Şartları Bölümü Şoför;8f6a266f-7956-e711-80d3-a0369f7d149c
2017;1;290462407;Sosyal Güvenlik Kurumu Başkanlığı;Memur;Şanlıurfa;Onlisans;2;;84.924;87.457;"3004;9098;7225";3004 - Aşağıdaki önlisans programlarından birinden mezun olmak. | 9098 - Sosyal Güvenlik | 7225 - Güvenlik Tahkikatının Olumlu Sonuçlanması.;2e6d266f-7956-e711-80d3-a0369f7d149c
2017;1;290931717;Karaman İl Özel İdaresi;Bilgisayar İşletmeni;Karaman;Onlisans;3;;84.825;85.012;"3248;1119;1123;4221;4223;4321;8507;9075;3253;1120;4218;8501;8504;8507;6225;7225";3248 - Aşağıdaki önlisans programlarından birinden mezun olmak. | 1119 - Bilgisayar Donanımı | 1123 - Bilgisayar ve Enformasyon Sistemleri | 4221 - Bilgisayar Teknolojileri ve Bilişim Sistemleri | 4223 - Bilişim Sistemleri ve Teknolojileri | 4321 - Muhabere ve Elektronik Bilgi Sistemleri | 8507 - Bilgisayar Teknolojileri ve Yönetimi | 9075 - Bilgisayar Teknolojisi | 3253 - Aşağıdaki önlisans programlarından birinden mezun olmak. | 1120 - Bilgisayar Operatörlüğü ve Teknikerliği | 4218 - Bilgisayar | 8501 - Bilgisayar Operatörlüğü | 8504 - Bilgi İşlem | 8507 - Bilgisayar Teknolojileri ve Yönetimi | 6225 - M.E.B.'Dan Onaylı Bilgisayar İşletmeni Sertifikası Sahibi olmak. | 7225 - Güvenlik Tahkikatının Olumlu Sonuçlanması.;a26d266f-7956-e711-80d3-a0369f7d149c
2017;1;290792545;Tapu ve Kadastro Genel Müdürlüğü;Tekniker;Burdur;Onlisans;1;;84.825;84.825;"3318;1312;8567;7225";3318 - Aşağıdaki önlisans programlarından birinden mezun olmak. | 1312 - Tapu Kadastro Meslek Yüksekokulu | 8567 - Tapu ve Kadastro / Tapu Kadastro | 7225 - Güvenlik Tahkikatının Olumlu Sonuçlanması.;4f6a266f-7956-e711-80d3-a0369f7d149c
2017;1;290462377;Sosyal Güvenlik Kurumu Başkanlığı;Memur;Sakarya;Onlisans;1;;84.818;84.818;"3004;9098;7225";3004 - Aşağıdaki önlisans programlarından birinden mezun olmak. | 9098 - Sosyal Güvenlik | 7225 - Güvenlik Tahkikatının Olumlu Sonuçlanması.;ab6c266f-7956-e711-80d3-a0369f7d149c
2017;1;290940649;Beşikdüzü Belediye Başkanlığı;Bilgisayar İşletmeni;Trabzon;Onlisans;1;;84.804;84.804;"3185;1230;1231;8580;6225;7225";3185 - Aşağıdaki önlisans programlarından birinden mezun olmak. | 1230 - Mahalli İdareler | 1231 - Mahalli İdareler (Zabıta) | 8580 - Yerel Yönetimler | 6225 - M.E.B.'Dan Onaylı Bilgisayar İşletmeni Sertifikası Sahibi olmak. | 7225 - Güvenlik Tahkikatının Olumlu Sonuçlanması.;046d266f-7956-e711-80d3-a0369f7d149c
2017;1;290792539;Tapu ve Kadastro Genel Müdürlüğü;Tekniker;Bolu;Onlisans;1;;84.798;84.798;"3318;1312;8567;7225";3318 - Aşağıdaki önlisans programlarından birinden mezun olmak. | 1312 - Tapu Kadastro Meslek Yüksekokulu | 8567 - Tapu ve Kadastro / Tapu Kadastro | 7225 - Güvenlik Tahkikatının Olumlu Sonuçlanması.;4c6a266f-7956-e711-80d3-a0369f7d149c
2017;1;210902143;Siirt Üniversitesi;Hayvan Bakıcısı;Siirt;Onlisans;1;;84.783;84.783;"3093;1116;1192;1309;8533;8562;9061;9317;7225";3093 - Aşağıdaki önlisans programlarından birinden mezun olmak. | 1116 - Besicilik | 1192 - Hayvan Yetiştiriciliği ve Sağlığı | 1309 - Süt Hayvancılığı | 8533 - Hayvan Yetiştiriciliği | 8562 - Sığır Yetiştiriciliği ve Besiciliği | 9061 - Büyük ve Küçük Baş Hayvan Yetiştiriciliği | 9317 - Süt ve Besi Hayvancılığı | 7225 - Güvenlik Tahkikatının Olumlu Sonuçlanması.;c66c266f-7956-e711-80d3-a0369f7d149c
2017;1;290930805;Çorum İl Özel İdaresi;Şoför;Çorum;Onlisans;1;;84.753;84.753;"3188;1260;9012;6514;7225;7302";3188 - Aşağıdaki önlisans programlarından birinden mezun olmak. | 1260 - Otobüs Şoförlüğü (Kaptanlık) / Otobüs Şoförlüğü | 9012 - Otobüs Kaptanlığı | 6514 - D sınıfı sürücü belgesine sahip olmak | 7225 - Güvenlik Tahkikatının Olumlu Sonuçlanması. | 7302 - Bakınız Başvurma Özel Şartları Bölümü Şoför;906a266f-7956-e711-80d3-a0369f7d149c
2017;1;291171969;Makina ve Kimya Endüstrisi Kurumu Genel Müdürlüğü;Tekniker;Ankara;Onlisans;2;;84.711;86.89;"1101;3366;1204;1232;1233;5312;7225;7257;7314";1101 - Cinsiyeti Erkek olmak. | 3366 - Aşağıdaki önlisans programlarından birinden mezun olmak. | 1204 - İş Makineleri | 1232 - Makine | 1233 - Makine Yağları ve Yağlama Teknolojisi | 5312 - Bilgisayar Destekli Makine | 7225 - Güvenlik Tahkikatının Olumlu Sonuçlanması. | 7257 - Seyahate ve Arazide Çalışmaya Elverişli olmak. | 7314 - (Bakınız Başvurma Özel Şartları Bölümü Makina ve Kimya Endüstrisi Kurumu Genel Müdürlüğü);ac69266f-7956-e711-80d3-a0369f7d149c
2017;1;291081225;Devlet Hava Meydanları İşletmesi Genel Müdürlüğü;İş Makinası Sürücüsü;Nevşehir;Onlisans;1;;84.706;84.706;"3366;1204;1232;1233;5312;3368;9227;6516;7225;7302";3366 - Aşağıdaki önlisans programlarından birinden mezun olmak. | 1204 - İş Makineleri | 1232 - Makine | 1233 - Makine Yağları ve Yağlama Teknolojisi | 5312 - Bilgisayar Destekli Makine | 3368 - Aşağıdaki önlisans programlarından birinden mezun olmak. | 9227 - İş Makineleri Operatörlüğü | 6516 - G sınıfı sürücü belgesine sahip olmak | 7225 - Güvenlik Tahkikatının Olumlu Sonuçlanması. | 7302 - Bakınız Başvurma Özel Şartları Bölümü Şoför;716c266f-7956-e711-80d3-a0369f7d149c
2017;1;290792653;Tapu ve Kadastro Genel Müdürlüğü;Tekniker;Mardin;Onlisans;1;;84.632;84.632;"3318;1312;8567;7225";3318 - Aşağıdaki önlisans programlarından birinden mezun olmak. | 1312 - Tapu Kadastro Meslek Yüksekokulu | 8567 - Tapu ve Kadastro / Tapu Kadastro | 7225 - Güvenlik Tahkikatının Olumlu Sonuçlanması.;436c266f-7956-e711-80d3-a0369f7d149c
2017;1;291171975;Makina ve Kimya Endüstrisi Kurumu Genel Müdürlüğü;Tekniker;Çankırı;Onlisans;1;;84.616;84.616;"3366;1204;1232;1233;5312;7225";3366 - Aşağıdaki önlisans programlarından birinden mezun olmak. | 1204 - İş Makineleri | 1232 - Makine | 1233 - Makine Yağları ve Yağlama Teknolojisi | 5312 - Bilgisayar Destekli Makine | 7225 - Güvenlik Tahkikatının Olumlu Sonuçlanması.;8a6a266f-7956-e711-80d3-a0369f7d149c
2017;1;290792491;Tapu ve Kadastro Genel Müdürlüğü;Tekniker;Aksaray;Onlisans;1;;84.493;84.493;"3318;1312;8567;7225";3318 - Aşağıdaki önlisans programlarından birinden mezun olmak. | 1312 - Tapu Kadastro Meslek Yüksekokulu | 8567 - Tapu ve Kadastro / Tapu Kadastro | 7225 - Güvenlik Tahkikatının Olumlu Sonuçlanması.;906d266f-7956-e711-80d3-a0369f7d149c
2017;1;291070793;Çay İşletmeleri Genel Müdürlüğü;Tekniker;Rize;Onlisans;3;;84.463;85.42;"3366;1204;1232;1233;5312;7225";3366 - Aşağıdaki önlisans programlarından birinden mezun olmak. | 1204 - İş Makineleri | 1232 - Makine | 1233 - Makine Yağları ve Yağlama Teknolojisi | 5312 - Bilgisayar Destekli Makine | 7225 - Güvenlik Tahkikatının Olumlu Sonuçlanması.;856c266f-7956-e711-80d3-a0369f7d149c
2017;1;290462419;Sosyal Güvenlik Kurumu Başkanlığı;Memur;Tekirdağ;Onlisans;1;;84.434;84.434;"3004;9098;7225";3004 - Aşağıdaki önlisans programlarından birinden mezun olmak. | 9098 - Sosyal Güvenlik | 7225 - Güvenlik Tahkikatının Olumlu Sonuçlanması.;f26c266f-7956-e711-80d3-a0369f7d149c
2017;1;290792563;Tapu ve Kadastro Genel Müdürlüğü;Tekniker;Denizli;Onlisans;1;;84.414;84.414;"3318;1312;8567;7225";3318 - Aşağıdaki önlisans programlarından birinden mezun olmak. | 1312 - Tapu Kadastro Meslek Yüksekokulu | 8567 - Tapu ve Kadastro / Tapu Kadastro | 7225 - Güvenlik Tahkikatının Olumlu Sonuçlanması.;a36a266f-7956-e711-80d3-a0369f7d149c
2017;1;210671825;Kırklareli Üniversitesi;Tekniker;Kırklareli;Onlisans;1;;84.154;84.154;"3366;1204;1232;1233;5312;7225;7257";3366 - Aşağıdaki önlisans programlarından birinden mezun olmak. | 1204 - İş Makineleri | 1232 - Makine | 1233 - Makine Yağları ve Yağlama Teknolojisi | 5312 - Bilgisayar Destekli Makine | 7225 - Güvenlik Tahkikatının Olumlu Sonuçlanması. | 7257 - Seyahate ve Arazide Çalışmaya Elverişli olmak.;ff6b266f-7956-e711-80d3-a0369f7d149c
2017;1;291070781;Çay İşletmeleri Genel Müdürlüğü;Tekniker;Rize;Onlisans;3;;84.073;86.041;"3373;1257;1258;1261;1262;1263;8545;8552;9043;9255;7225";3373 - Aşağıdaki önlisans programlarından birinden mezun olmak. | 1257 - Oto Elektrik-Elektronik | 1258 - Oto Motor Teknolojileri | 1261 - Otomotiv | 1262 - Otomotiv Satış Sonrası Hizmet | 1263 - Otomotiv Tasarım ve İmalat | 8545 - Motor | 8552 - Otomotiv Endüstrisi | 9043 - Otomotiv Teknolojisi | 9255 - Otomotiv Tamir ve Bakım | 7225 - Güvenlik Tahkikatının Olumlu Sonuçlanması.;836c266f-7956-e711-80d3-a0369f7d149c
2017;1;291081231;Devlet Hava Meydanları İşletmesi Genel Müdürlüğü;İş Makinası Sürücüsü;Ordu;Onlisans;1;;84.035;84.035;"3366;1204;1232;1233;5312;3368;9227;6516;7225;7302";3366 - Aşağıdaki önlisans programlarından birinden mezun olmak. | 1204 - İş Makineleri | 1232 - Makine | 1233 - Makine Yağları ve Yağlama Teknolojisi | 5312 - Bilgisayar Destekli Makine | 3368 - Aşağıdaki önlisans programlarından birinden mezun olmak. | 9227 - İş Makineleri Operatörlüğü | 6516 - G sınıfı sürücü belgesine sahip olmak | 7225 - Güvenlik Tahkikatının Olumlu Sonuçlanması. | 7302 - Bakınız Başvurma Özel Şartları Bölümü Şoför;7a6c266f-7956-e711-80d3-a0369f7d149c
2017;1;291081249;Devlet Hava Meydanları İşletmesi Genel Müdürlüğü;İş Makinası Sürücüsü;Trabzon;Onlisans;1;;83.971;83.971;"3366;1204;1232;1233;5312;3368;9227;6516;7225;7302";3366 - Aşağıdaki önlisans programlarından birinden mezun olmak. | 1204 - İş Makineleri | 1232 - Makine | 1233 - Makine Yağları ve Yağlama Teknolojisi | 5312 - Bilgisayar Destekli Makine | 3368 - Aşağıdaki önlisans programlarından birinden mezun olmak. | 9227 - İş Makineleri Operatörlüğü | 6516 - G sınıfı sürücü belgesine sahip olmak | 7225 - Güvenlik Tahkikatının Olumlu Sonuçlanması. | 7302 - Bakınız Başvurma Özel Şartları Bölümü Şoför;026d266f-7956-e711-80d3-a0369f7d149c
2017;1;290942137;Serdivan Belediye Başkanlığı;Zabıta Memuru;Sakarya;Onlisans;3;;83.915;85.352;"3185;1230;1231;8580;6199;7225";3185 - Aşağıdaki önlisans programlarından birinden mezun olmak. | 1230 - Mahalli İdareler | 1231 - Mahalli İdareler (Zabıta) | 8580 - Yerel Yönetimler | 6199 - Yerleştirme işlemlerinin ilk günü itibariyle 30 yaşını doldurmamış olmak | 7225 - Güvenlik Tahkikatının Olumlu Sonuçlanması.;b36c266f-7956-e711-80d3-a0369f7d149c
2017;1;290942821;Viranşehir Belediye Başkanlığı;Zabıta Memuru;Şanlıurfa;Onlisans;2;;83.884;84.483;"3185;1230;1231;8580;6199;6506;7225;7300";3185 - Aşağıdaki önlisans programlarından birinden mezun olmak. | 1230 - Mahalli İdareler | 1231 - Mahalli İdareler (Zabıta) | 8580 - Yerel Yönetimler | 6199 - Yerleştirme işlemlerinin ilk günü itibariyle 30 yaşını doldurmamış olmak | 6506 - B sınıfı sürücü belgesine sahip olmak | 7225 - Güvenlik Tahkikatının Olumlu Sonuçlanması. | 7300 - Bu kadro/pozisyonda vardiya sistemi uygulanmaktadır.;2c6d266f-7956-e711-80d3-a0369f7d149c
2017;1;291081243;Devlet Hava Meydanları İşletmesi Genel Müdürlüğü;İş Makinası Sürücüsü;Sivas;Onlisans;1;;83.877;83.877;"3366;1204;1232;1233;5312;3368;9227;6516;7225;7302";3366 - Aşağıdaki önlisans programlarından birinden mezun olmak. | 1204 - İş Makineleri | 1232 - Makine | 1233 - Makine Yağları ve Yağlama Teknolojisi | 5312 - Bilgisayar Destekli Makine | 3368 - Aşağıdaki önlisans programlarından birinden mezun olmak. | 9227 - İş Makineleri Operatörlüğü | 6516 - G sınıfı sürücü belgesine sahip olmak | 7225 - Güvenlik Tahkikatının Olumlu Sonuçlanması. | 7302 - Bakınız Başvurma Özel Şartları Bölümü Şoför;e76c266f-7956-e711-80d3-a0369f7d149c
2017;1;290792557;Tapu ve Kadastro Genel Müdürlüğü;Tekniker;Çorum;Onlisans;1;;83.845;83.845;"3318;1312;8567;7225";3318 - Aşağıdaki önlisans programlarından birinden mezun olmak. | 1312 - Tapu Kadastro Meslek Yüksekokulu | 8567 - Tapu ve Kadastro / Tapu Kadastro | 7225 - Güvenlik Tahkikatının Olumlu Sonuçlanması.;8e6a266f-7956-e711-80d3-a0369f7d149c
2017;1;290462431;Sosyal Güvenlik Kurumu Başkanlığı;Memur;Van;Onlisans;1;;83.714;83.714;"3004;9098;7225";3004 - Aşağıdaki önlisans programlarından birinden mezun olmak. | 9098 - Sosyal Güvenlik | 7225 - Güvenlik Tahkikatının Olumlu Sonuçlanması.;676d266f-7956-e711-80d3-a0369f7d149c
2017;1;290792569;Tapu ve Kadastro Genel Müdürlüğü;Tekniker;Elazığ;Onlisans;1;;83.687;83.687;"3318;1312;8567;7225";3318 - Aşağıdaki önlisans programlarından birinden mezun olmak. | 1312 - Tapu Kadastro Meslek Yüksekokulu | 8567 - Tapu ve Kadastro / Tapu Kadastro | 7225 - Güvenlik Tahkikatının Olumlu Sonuçlanması.;d26a266f-7956-e711-80d3-a0369f7d149c
2017;1;290542713;Türkiye Adalet Akademisi Başkanlığı;Şoför;Ankara;Onlisans;2;;83.494;83.867;"3188;1260;9012;6514;7225;7300;7302";3188 - Aşağıdaki önlisans programlarından birinden mezun olmak. | 1260 - Otobüs Şoförlüğü (Kaptanlık) / Otobüs Şoförlüğü | 9012 - Otobüs Kaptanlığı | 6514 - D sınıfı sürücü belgesine sahip olmak | 7225 - Güvenlik Tahkikatının Olumlu Sonuçlanması. | 7300 - Bu kadro/pozisyonda vardiya sistemi uygulanmaktadır. | 7302 - Bakınız Başvurma Özel Şartları Bölümü Şoför;af69266f-7956-e711-80d3-a0369f7d149c
2017;1;290792623;Tapu ve Kadastro Genel Müdürlüğü;Tekniker;Kastamonu;Onlisans;1;;83.474;83.474;"3318;1312;8567;7225";3318 - Aşağıdaki önlisans programlarından birinden mezun olmak. | 1312 - Tapu Kadastro Meslek Yüksekokulu | 8567 - Tapu ve Kadastro / Tapu Kadastro | 7225 - Güvenlik Tahkikatının Olumlu Sonuçlanması.;d86b266f-7956-e711-80d3-a0369f7d149c
2017;1;290462233;Sosyal Güvenlik Kurumu Başkanlığı;Memur;Hakkari;Onlisans;1;;83.434;83.434;"3004;9098;7225";3004 - Aşağıdaki önlisans programlarından birinden mezun olmak. | 9098 - Sosyal Güvenlik | 7225 - Güvenlik Tahkikatının Olumlu Sonuçlanması.;1e6b266f-7956-e711-80d3-a0369f7d149c
2017;1;210331603;Düzce Üniversitesi;Şoför;Düzce;Onlisans;1;;83.392;83.392;"3188;1260;9012;6514;7225;7302";3188 - Aşağıdaki önlisans programlarından birinden mezun olmak. | 1260 - Otobüs Şoförlüğü (Kaptanlık) / Otobüs Şoförlüğü | 9012 - Otobüs Kaptanlığı | 6514 - D sınıfı sürücü belgesine sahip olmak | 7225 - Güvenlik Tahkikatının Olumlu Sonuçlanması. | 7302 - Bakınız Başvurma Özel Şartları Bölümü Şoför;fc6d266f-7956-e711-80d3-a0369f7d149c
2017;1;290792635;Tapu ve Kadastro Genel Müdürlüğü;Tekniker;Kastamonu;Onlisans;1;;83.302;83.302;"3318;1312;8567;7225";3318 - Aşağıdaki önlisans programlarından birinden mezun olmak. | 1312 - Tapu Kadastro Meslek Yüksekokulu | 8567 - Tapu ve Kadastro / Tapu Kadastro | 7225 - Güvenlik Tahkikatının Olumlu Sonuçlanması.;da6b266f-7956-e711-80d3-a0369f7d149c
2017;1;291081171;Devlet Hava Meydanları İşletmesi Genel Müdürlüğü;İş Makinası Sürücüsü;Gaziantep;Onlisans;1;;83.245;83.245;"3366;1204;1232;1233;5312;3368;9227;6516;7225;7302";3366 - Aşağıdaki önlisans programlarından birinden mezun olmak. | 1204 - İş Makineleri | 1232 - Makine | 1233 - Makine Yağları ve Yağlama Teknolojisi | 5312 - Bilgisayar Destekli Makine | 3368 - Aşağıdaki önlisans programlarından birinden mezun olmak. | 9227 - İş Makineleri Operatörlüğü | 6516 - G sınıfı sürücü belgesine sahip olmak | 7225 - Güvenlik Tahkikatının Olumlu Sonuçlanması. | 7302 - Bakınız Başvurma Özel Şartları Bölümü Şoför;016b266f-7956-e711-80d3-a0369f7d149c
2017;1;291081159;Devlet Hava Meydanları İşletmesi Genel Müdürlüğü;İş Makinası Sürücüsü;Elazığ;Onlisans;2;;83.155;85.383;"3366;1204;1232;1233;5312;3368;9227;6516;7225;7302";3366 - Aşağıdaki önlisans programlarından birinden mezun olmak. | 1204 - İş Makineleri | 1232 - Makine | 1233 - Makine Yağları ve Yağlama Teknolojisi | 5312 - Bilgisayar Destekli Makine | 3368 - Aşağıdaki önlisans programlarından birinden mezun olmak. | 9227 - İş Makineleri Operatörlüğü | 6516 - G sınıfı sürücü belgesine sahip olmak | 7225 - Güvenlik Tahkikatının Olumlu Sonuçlanması. | 7302 - Bakınız Başvurma Özel Şartları Bölümü Şoför;cd6a266f-7956-e711-80d3-a0369f7d149c
2017;1;290462269;Sosyal Güvenlik Kurumu Başkanlığı;Memur;İstanbul;Onlisans;5;;83.125;84.527;"3004;9098;7225";3004 - Aşağıdaki önlisans programlarından birinden mezun olmak. | 9098 - Sosyal Güvenlik | 7225 - Güvenlik Tahkikatının Olumlu Sonuçlanması.;776b266f-7956-e711-80d3-a0369f7d149c
2017;1;291081111;Devlet Hava Meydanları İşletmesi Genel Müdürlüğü;İş Makinası Sürücüsü;Ağrı;Onlisans;1;;82.983;82.983;"3366;1204;1232;1233;5312;3368;9227;6516;7225;7302";3366 - Aşağıdaki önlisans programlarından birinden mezun olmak. | 1204 - İş Makineleri | 1232 - Makine | 1233 - Makine Yağları ve Yağlama Teknolojisi | 5312 - Bilgisayar Destekli Makine | 3368 - Aşağıdaki önlisans programlarından birinden mezun olmak. | 9227 - İş Makineleri Operatörlüğü | 6516 - G sınıfı sürücü belgesine sahip olmak | 7225 - Güvenlik Tahkikatının Olumlu Sonuçlanması. | 7302 - Bakınız Başvurma Özel Şartları Bölümü Şoför;6d69266f-7956-e711-80d3-a0369f7d149c
2017;1;291081165;Devlet Hava Meydanları İşletmesi Genel Müdürlüğü;İş Makinası Sürücüsü;Erzurum;Onlisans;2;;82.931;83.158;"3366;1204;1232;1233;5312;3368;9227;6516;7225;7302";3366 - Aşağıdaki önlisans programlarından birinden mezun olmak. | 1204 - İş Makineleri | 1232 - Makine | 1233 - Makine Yağları ve Yağlama Teknolojisi | 5312 - Bilgisayar Destekli Makine | 3368 - Aşağıdaki önlisans programlarından birinden mezun olmak. | 9227 - İş Makineleri Operatörlüğü | 6516 - G sınıfı sürücü belgesine sahip olmak | 7225 - Güvenlik Tahkikatının Olumlu Sonuçlanması. | 7302 - Bakınız Başvurma Özel Şartları Bölümü Şoför;e56a266f-7956-e711-80d3-a0369f7d149c
2017;1;290940643;Bayrampaşa Belediye Başkanlığı;Zabıta Memuru;İstanbul;Onlisans;6;;82.889;84.378;"3185;1230;1231;8580;6199;7225";3185 - Aşağıdaki önlisans programlarından birinden mezun olmak. | 1230 - Mahalli İdareler | 1231 - Mahalli İdareler (Zabıta) | 8580 - Yerel Yönetimler | 6199 - Yerleştirme işlemlerinin ilk günü itibariyle 30 yaşını doldurmamış olmak | 7225 - Güvenlik Tahkikatının Olumlu Sonuçlanması.;8a6b266f-7956-e711-80d3-a0369f7d149c
2017;1;290941705;Kalkandere Belediye Başkanlığı;Zabıta Memuru;Rize;Onlisans;1;;82.884;82.884;"3185;1230;1231;8580;6199;7225";3185 - Aşağıdaki önlisans programlarından birinden mezun olmak. | 1230 - Mahalli İdareler | 1231 - Mahalli İdareler (Zabıta) | 8580 - Yerel Yönetimler | 6199 - Yerleştirme işlemlerinin ilk günü itibariyle 30 yaşını doldurmamış olmak | 7225 - Güvenlik Tahkikatının Olumlu Sonuçlanması.;876c266f-7956-e711-80d3-a0369f7d149c
2017;1;290792629;Tapu ve Kadastro Genel Müdürlüğü;Tekniker;Kastamonu;Onlisans;1;;82.805;82.805;"3318;1312;8567;7225";3318 - Aşağıdaki önlisans programlarından birinden mezun olmak. | 1312 - Tapu Kadastro Meslek Yüksekokulu | 8567 - Tapu ve Kadastro / Tapu Kadastro | 7225 - Güvenlik Tahkikatının Olumlu Sonuçlanması.;d96b266f-7956-e711-80d3-a0369f7d149c
2017;1;210020523;Adıyaman Üniversitesi;Sağlık Teknikeri;Adıyaman;Onlisans;1;;82.788;82.788;"3011;1103;1104;1144;8518;7225";3011 - Aşağıdaki önlisans programlarından birinden mezun olmak. | 1103 - Ağız Diş Sağlığı | 1104 - Ağız ve Diş Sağlığı | 1144 - Diş Teknik Sekreterliği | 8518 - Diş Hekimliği-Hijyen | 7225 - Güvenlik Tahkikatının Olumlu Sonuçlanması.;4d69266f-7956-e711-80d3-a0369f7d149c
2017;1;290792695;Tapu ve Kadastro Genel Müdürlüğü;Tekniker;Van;Onlisans;1;;82.785;82.785;"3318;1312;8567;7225";3318 - Aşağıdaki önlisans programlarından birinden mezun olmak. | 1312 - Tapu Kadastro Meslek Yüksekokulu | 8567 - Tapu ve Kadastro / Tapu Kadastro | 7225 - Güvenlik Tahkikatının Olumlu Sonuçlanması.;666d266f-7956-e711-80d3-a0369f7d149c
2017;1;290941759;Karatay Belediye Başkanlığı;Zabıta Memuru;Konya;Onlisans;4;;82.753;86.132;"3185;1230;1231;8580;6199;6506;7225;7300";3185 - Aşağıdaki önlisans programlarından birinden mezun olmak. | 1230 - Mahalli İdareler | 1231 - Mahalli İdareler (Zabıta) | 8580 - Yerel Yönetimler | 6199 - Yerleştirme işlemlerinin ilk günü itibariyle 30 yaşını doldurmamış olmak | 6506 - B sınıfı sürücü belgesine sahip olmak | 7225 - Güvenlik Tahkikatının Olumlu Sonuçlanması. | 7300 - Bu kadro/pozisyonda vardiya sistemi uygulanmaktadır.;206c266f-7956-e711-80d3-a0369f7d149c
2017;1;291080865;Devlet Hava Meydanları İşletmesi Genel Müdürlüğü;Arff Memuru;Balıkesir;Onlisans;2;;82.506;85.014;"3331;1208;8537;9023;7225;7307";3331 - Aşağıdaki önlisans programlarından birinden mezun olmak. | 1208 - İtfaiyecilik ve Yangın Güvenliği | 8537 - İtfaiyecilik ve Sivil Savunma | 9023 - Sivil Savunma ve İtfaiyecilik | 7225 - Güvenlik Tahkikatının Olumlu Sonuçlanması. | 7307 - (Bakınız Başvurma Özel Şartları Bölümü ARFF Memuru - İtfaiyeci).;316a266f-7956-e711-80d3-a0369f7d149c
2017;1;291080973;Devlet Hava Meydanları İşletmesi Genel Müdürlüğü;Arff Memuru;Kahramanmaraş;Onlisans;1;;82.426;82.426;"3331;1208;8537;9023;7225;7307";3331 - Aşağıdaki önlisans programlarından birinden mezun olmak. | 1208 - İtfaiyecilik ve Yangın Güvenliği | 8537 - İtfaiyecilik ve Sivil Savunma | 9023 - Sivil Savunma ve İtfaiyecilik | 7225 - Güvenlik Tahkikatının Olumlu Sonuçlanması. | 7307 - (Bakınız Başvurma Özel Şartları Bölümü ARFF Memuru - İtfaiyeci).;3e6c266f-7956-e711-80d3-a0369f7d149c
2017;1;290462257;Sosyal Güvenlik Kurumu Başkanlığı;Memur;İstanbul;Onlisans;2;;82.378;83.856;"3004;9098;7225";3004 - Aşağıdaki önlisans programlarından birinden mezun olmak. | 9098 - Sosyal Güvenlik | 7225 - Güvenlik Tahkikatının Olumlu Sonuçlanması.;756b266f-7956-e711-80d3-a0369f7d149c
2017;1;291081183;Devlet Hava Meydanları İşletmesi Genel Müdürlüğü;İş Makinası Sürücüsü;Iğdır;Onlisans;1;;82.313;82.313;"3366;1204;1232;1233;5312;3368;9227;6516;7225;7302";3366 - Aşağıdaki önlisans programlarından birinden mezun olmak. | 1204 - İş Makineleri | 1232 - Makine | 1233 - Makine Yağları ve Yağlama Teknolojisi | 5312 - Bilgisayar Destekli Makine | 3368 - Aşağıdaki önlisans programlarından birinden mezun olmak. | 9227 - İş Makineleri Operatörlüğü | 6516 - G sınıfı sürücü belgesine sahip olmak | 7225 - Güvenlik Tahkikatının Olumlu Sonuçlanması. | 7302 - Bakınız Başvurma Özel Şartları Bölümü Şoför;ef6d266f-7956-e711-80d3-a0369f7d149c
2017;1;290942077;Osmaniye Belediye Başkanlığı;Zabıta Memuru;Osmaniye;Onlisans;5;;82.2;83.351;"3185;1230;1231;8580;6199;7225";3185 - Aşağıdaki önlisans programlarından birinden mezun olmak. | 1230 - Mahalli İdareler | 1231 - Mahalli İdareler (Zabıta) | 8580 - Yerel Yönetimler | 6199 - Yerleştirme işlemlerinin ilk günü itibariyle 30 yaşını doldurmamış olmak | 7225 - Güvenlik Tahkikatının Olumlu Sonuçlanması.;f86d266f-7956-e711-80d3-a0369f7d149c
2017;1;291081219;Devlet Hava Meydanları İşletmesi Genel Müdürlüğü;İş Makinası Sürücüsü;Muş;Onlisans;2;;82.161;82.843;"3366;1204;1232;1233;5312;3368;9227;6516;7225;7302";3366 - Aşağıdaki önlisans programlarından birinden mezun olmak. | 1204 - İş Makineleri | 1232 - Makine | 1233 - Makine Yağları ve Yağlama Teknolojisi | 5312 - Bilgisayar Destekli Makine | 3368 - Aşağıdaki önlisans programlarından birinden mezun olmak. | 9227 - İş Makineleri Operatörlüğü | 6516 - G sınıfı sürücü belgesine sahip olmak | 7225 - Güvenlik Tahkikatının Olumlu Sonuçlanması. | 7302 - Bakınız Başvurma Özel Şartları Bölümü Şoför;676c266f-7956-e711-80d3-a0369f7d149c
2017;1;290792497;Tapu ve Kadastro Genel Müdürlüğü;Tekniker;Amasya;Onlisans;1;;82.14;82.14;"3318;1312;8567;7225";3318 - Aşağıdaki önlisans programlarından birinden mezun olmak. | 1312 - Tapu Kadastro Meslek Yüksekokulu | 8567 - Tapu ve Kadastro / Tapu Kadastro | 7225 - Güvenlik Tahkikatının Olumlu Sonuçlanması.;7669266f-7956-e711-80d3-a0369f7d149c
2017;1;290792581;Tapu ve Kadastro Genel Müdürlüğü;Tekniker;Erzurum;Onlisans;1;;82.116;82.116;"3318;1312;8567;7225";3318 - Aşağıdaki önlisans programlarından birinden mezun olmak. | 1312 - Tapu Kadastro Meslek Yüksekokulu | 8567 - Tapu ve Kadastro / Tapu Kadastro | 7225 - Güvenlik Tahkikatının Olumlu Sonuçlanması.;e06a266f-7956-e711-80d3-a0369f7d149c
2017;1;290592791;Türkiye İstatistik Kurumu Başkanlığı;Aşçı;Ankara;Onlisans;2;;81.963;85.574;"3222;1110;1196;1250;8578;8599;7225";3222 - Aşağıdaki önlisans programlarından birinden mezun olmak. | 1110 - Aşçılık | 1196 - Hazır Yemek ve Aşçılık | 1250 - Mutfak Yönetimi | 8578 - Yemek Pişirme Teknikleri | 8599 - Gastronomi ve Mutfak Sanatları | 7225 - Güvenlik Tahkikatının Olumlu Sonuçlanması.;b069266f-7956-e711-80d3-a0369f7d149c
2017;1;290792689;Tapu ve Kadastro Genel Müdürlüğü;Tekniker;Uşak;Onlisans;1;;81.94;81.94;"3318;1312;8567;7225";3318 - Aşağıdaki önlisans programlarından birinden mezun olmak. | 1312 - Tapu Kadastro Meslek Yüksekokulu | 8567 - Tapu ve Kadastro / Tapu Kadastro | 7225 - Güvenlik Tahkikatının Olumlu Sonuçlanması.;5c6d266f-7956-e711-80d3-a0369f7d149c
2017;1;290792701;Tapu ve Kadastro Genel Müdürlüğü;Tekniker;Yozgat;Onlisans;1;;81.938;81.938;"3318;1312;8567;7225";3318 - Aşağıdaki önlisans programlarından birinden mezun olmak. | 1312 - Tapu Kadastro Meslek Yüksekokulu | 8567 - Tapu ve Kadastro / Tapu Kadastro | 7225 - Güvenlik Tahkikatının Olumlu Sonuçlanması.;786d266f-7956-e711-80d3-a0369f7d149c
2017;1;290462329;Sosyal Güvenlik Kurumu Başkanlığı;Memur;İstanbul;Onlisans;2;;81.89;82.587;"3004;9098;7225";3004 - Aşağıdaki önlisans programlarından birinden mezun olmak. | 9098 - Sosyal Güvenlik | 7225 - Güvenlik Tahkikatının Olumlu Sonuçlanması.;816b266f-7956-e711-80d3-a0369f7d149c
2017;1;291080931;Devlet Hava Meydanları İşletmesi Genel Müdürlüğü;Arff Memuru;Gaziantep;Onlisans;4;;81.738;90.933;"3331;1208;8537;9023;7225;7307";3331 - Aşağıdaki önlisans programlarından birinden mezun olmak. | 1208 - İtfaiyecilik ve Yangın Güvenliği | 8537 - İtfaiyecilik ve Sivil Savunma | 9023 - Sivil Savunma ve İtfaiyecilik | 7225 - Güvenlik Tahkikatının Olumlu Sonuçlanması. | 7307 - (Bakınız Başvurma Özel Şartları Bölümü ARFF Memuru - İtfaiyeci).;046b266f-7956-e711-80d3-a0369f7d149c
2017;1;290462263;Sosyal Güvenlik Kurumu Başkanlığı;Memur;İstanbul;Onlisans;1;;81.697;81.697;"3004;9098;7225";3004 - Aşağıdaki önlisans programlarından birinden mezun olmak. | 9098 - Sosyal Güvenlik | 7225 - Güvenlik Tahkikatının Olumlu Sonuçlanması.;766b266f-7956-e711-80d3-a0369f7d149c
2017;1;291081135;Devlet Hava Meydanları İşletmesi Genel Müdürlüğü;İş Makinası Sürücüsü;Bingöl;Onlisans;2;;81.503;81.625;"3366;1204;1232;1233;5312;3368;9227;6516;7225;7302";3366 - Aşağıdaki önlisans programlarından birinden mezun olmak. | 1204 - İş Makineleri | 1232 - Makine | 1233 - Makine Yağları ve Yağlama Teknolojisi | 5312 - Bilgisayar Destekli Makine | 3368 - Aşağıdaki önlisans programlarından birinden mezun olmak. | 9227 - İş Makineleri Operatörlüğü | 6516 - G sınıfı sürücü belgesine sahip olmak | 7225 - Güvenlik Tahkikatının Olumlu Sonuçlanması. | 7302 - Bakınız Başvurma Özel Şartları Bölümü Şoför;3c6a266f-7956-e711-80d3-a0369f7d149c
2017;1;291080883;Devlet Hava Meydanları İşletmesi Genel Müdürlüğü;Arff Memuru;Bursa;Onlisans;2;;81.49;81.924;"3331;1208;8537;9023;7225;7307";3331 - Aşağıdaki önlisans programlarından birinden mezun olmak. | 1208 - İtfaiyecilik ve Yangın Güvenliği | 8537 - İtfaiyecilik ve Sivil Savunma | 9023 - Sivil Savunma ve İtfaiyecilik | 7225 - Güvenlik Tahkikatının Olumlu Sonuçlanması. | 7307 - (Bakınız Başvurma Özel Şartları Bölümü ARFF Memuru - İtfaiyeci).;5b6a266f-7956-e711-80d3-a0369f7d149c
2017;1;291080829;Devlet Hava Meydanları İşletmesi Genel Müdürlüğü;Arff Memuru;Adana;Onlisans;4;;81.364;88.504;"3331;1208;8537;9023;7225;7307";3331 - Aşağıdaki önlisans programlarından birinden mezun olmak. | 1208 - İtfaiyecilik ve Yangın Güvenliği | 8537 - İtfaiyecilik ve Sivil Savunma | 9023 - Sivil Savunma ve İtfaiyecilik | 7225 - Güvenlik Tahkikatının Olumlu Sonuçlanması. | 7307 - (Bakınız Başvurma Özel Şartları Bölümü ARFF Memuru - İtfaiyeci).;3769266f-7956-e711-80d3-a0369f7d149c
2017;1;290462275;Sosyal Güvenlik Kurumu Başkanlığı;Memur;İstanbul;Onlisans;5;;81.306;82.799;"3004;9098;7225";3004 - Aşağıdaki önlisans programlarından birinden mezun olmak. | 9098 - Sosyal Güvenlik | 7225 - Güvenlik Tahkikatının Olumlu Sonuçlanması.;786b266f-7956-e711-80d3-a0369f7d149c
2017;1;291080835;Devlet Hava Meydanları İşletmesi Genel Müdürlüğü;Arff Memuru;Adıyaman;Onlisans;2;;81.237;83.642;"3331;1208;8537;9023;7225;7307";3331 - Aşağıdaki önlisans programlarından birinden mezun olmak. | 1208 - İtfaiyecilik ve Yangın Güvenliği | 8537 - İtfaiyecilik ve Sivil Savunma | 9023 - Sivil Savunma ve İtfaiyecilik | 7225 - Güvenlik Tahkikatının Olumlu Sonuçlanması. | 7307 - (Bakınız Başvurma Özel Şartları Bölümü ARFF Memuru - İtfaiyeci).;4c69266f-7956-e711-80d3-a0369f7d149c
2017;1;290792671;Tapu ve Kadastro Genel Müdürlüğü;Tekniker;Sivas;Onlisans;1;;81.183;81.183;"3318;1312;8567;7225";3318 - Aşağıdaki önlisans programlarından birinden mezun olmak. | 1312 - Tapu Kadastro Meslek Yüksekokulu | 8567 - Tapu ve Kadastro / Tapu Kadastro | 7225 - Güvenlik Tahkikatının Olumlu Sonuçlanması.;e36c266f-7956-e711-80d3-a0369f7d149c
2017;1;290792521;Tapu ve Kadastro Genel Müdürlüğü;Tekniker;Bingöl;Onlisans;1;;81.144;81.144;"3318;1312;8567;7225";3318 - Aşağıdaki önlisans programlarından birinden mezun olmak. | 1312 - Tapu Kadastro Meslek Yüksekokulu | 8567 - Tapu ve Kadastro / Tapu Kadastro | 7225 - Güvenlik Tahkikatının Olumlu Sonuçlanması.;3e6a266f-7956-e711-80d3-a0369f7d149c
2017;1;290792485;Tapu ve Kadastro Genel Müdürlüğü;Tekniker;Ağrı;Onlisans;1;;81.117;81.117;"3318;1312;8567;7225";3318 - Aşağıdaki önlisans programlarından birinden mezun olmak. | 1312 - Tapu Kadastro Meslek Yüksekokulu | 8567 - Tapu ve Kadastro / Tapu Kadastro | 7225 - Güvenlik Tahkikatının Olumlu Sonuçlanması.;7469266f-7956-e711-80d3-a0369f7d149c
2017;1;290462305;Sosyal Güvenlik Kurumu Başkanlığı;Memur;İstanbul;Onlisans;5;;81.071;81.99;"3004;9098;7225";3004 - Aşağıdaki önlisans programlarından birinden mezun olmak. | 9098 - Sosyal Güvenlik | 7225 - Güvenlik Tahkikatının Olumlu Sonuçlanması.;7d6b266f-7956-e711-80d3-a0369f7d149c
2017;1;291081177;Devlet Hava Meydanları İşletmesi Genel Müdürlüğü;İş Makinası Sürücüsü;Hakkari;Onlisans;2;;81.069;81.187;"3366;1204;1232;1233;5312;3368;9227;6516;7225;7302";3366 - Aşağıdaki önlisans programlarından birinden mezun olmak. | 1204 - İş Makineleri | 1232 - Makine | 1233 - Makine Yağları ve Yağlama Teknolojisi | 5312 - Bilgisayar Destekli Makine | 3368 - Aşağıdaki önlisans programlarından birinden mezun olmak. | 9227 - İş Makineleri Operatörlüğü | 6516 - G sınıfı sürücü belgesine sahip olmak | 7225 - Güvenlik Tahkikatının Olumlu Sonuçlanması. | 7302 - Bakınız Başvurma Özel Şartları Bölümü Şoför;1a6b266f-7956-e711-80d3-a0369f7d149c
2017;1;290942083;Osmaniye Belediye Başkanlığı;Zabıta Memuru;Osmaniye;Onlisans;5;;80.851;82.123;"3185;1230;1231;8580;6199;6506;7225;7300";3185 - Aşağıdaki önlisans programlarından birinden mezun olmak. | 1230 - Mahalli İdareler | 1231 - Mahalli İdareler (Zabıta) | 8580 - Yerel Yönetimler | 6199 - Yerleştirme işlemlerinin ilk günü itibariyle 30 yaşını doldurmamış olmak | 6506 - B sınıfı sürücü belgesine sahip olmak | 7225 - Güvenlik Tahkikatının Olumlu Sonuçlanması. | 7300 - Bu kadro/pozisyonda vardiya sistemi uygulanmaktadır.;f96d266f-7956-e711-80d3-a0369f7d149c
2017;1;290462245;Sosyal Güvenlik Kurumu Başkanlığı;Memur;İstanbul;Onlisans;7;;80.768;85.2;"3004;9098;7225";3004 - Aşağıdaki önlisans programlarından birinden mezun olmak. | 9098 - Sosyal Güvenlik | 7225 - Güvenlik Tahkikatının Olumlu Sonuçlanması.;736b266f-7956-e711-80d3-a0369f7d149c
2017;1;291080961;Devlet Hava Meydanları İşletmesi Genel Müdürlüğü;Arff Memuru;İstanbul;Onlisans;2;;80.628;82.841;"3331;1208;8537;9023;7225;7307";3331 - Aşağıdaki önlisans programlarından birinden mezun olmak. | 1208 - İtfaiyecilik ve Yangın Güvenliği | 8537 - İtfaiyecilik ve Sivil Savunma | 9023 - Sivil Savunma ve İtfaiyecilik | 7225 - Güvenlik Tahkikatının Olumlu Sonuçlanması. | 7307 - (Bakınız Başvurma Özel Şartları Bölümü ARFF Memuru - İtfaiyeci).;8d6b266f-7956-e711-80d3-a0369f7d149c
2017;1;291080895;Devlet Hava Meydanları İşletmesi Genel Müdürlüğü;Arff Memuru;Çanakkale;Onlisans;2;;80.618;80.821;"3331;1208;8537;9023;7225;7307";3331 - Aşağıdaki önlisans programlarından birinden mezun olmak. | 1208 - İtfaiyecilik ve Yangın Güvenliği | 8537 - İtfaiyecilik ve Sivil Savunma | 9023 - Sivil Savunma ve İtfaiyecilik | 7225 - Güvenlik Tahkikatının Olumlu Sonuçlanması. | 7307 - (Bakınız Başvurma Özel Şartları Bölümü ARFF Memuru - İtfaiyeci).;766a266f-7956-e711-80d3-a0369f7d149c
2017;1;291080871;Devlet Hava Meydanları İşletmesi Genel Müdürlüğü;Arff Memuru;Batman;Onlisans;2;;80.614;86.599;"3331;1208;8537;9023;7225;7307";3331 - Aşağıdaki önlisans programlarından birinden mezun olmak. | 1208 - İtfaiyecilik ve Yangın Güvenliği | 8537 - İtfaiyecilik ve Sivil Savunma | 9023 - Sivil Savunma ve İtfaiyecilik | 7225 - Güvenlik Tahkikatının Olumlu Sonuçlanması. | 7307 - (Bakınız Başvurma Özel Şartları Bölümü ARFF Memuru - İtfaiyeci).;ce6d266f-7956-e711-80d3-a0369f7d149c
2017;1;290940559;Aksaray Belediye Başkanlığı;Zabıta Memuru;Aksaray;Onlisans;27;;80.566;85.499;"3185;1230;1231;8580;6199;6506;7225;7300";3185 - Aşağıdaki önlisans programlarından birinden mezun olmak. | 1230 - Mahalli İdareler | 1231 - Mahalli İdareler (Zabıta) | 8580 - Yerel Yönetimler | 6199 - Yerleştirme işlemlerinin ilk günü itibariyle 30 yaşını doldurmamış olmak | 6506 - B sınıfı sürücü belgesine sahip olmak | 7225 - Güvenlik Tahkikatının Olumlu Sonuçlanması. | 7300 - Bu kadro/pozisyonda vardiya sistemi uygulanmaktadır.;936d266f-7956-e711-80d3-a0369f7d149c
2017;1;290940709;Cizre Belediye Başkanlığı;Zabıta Memuru;Şırnak;Onlisans;20;;80.532;89.532;"3185;1230;1231;8580;6199;7225";3185 - Aşağıdaki önlisans programlarından birinden mezun olmak. | 1230 - Mahalli İdareler | 1231 - Mahalli İdareler (Zabıta) | 8580 - Yerel Yönetimler | 6199 - Yerleştirme işlemlerinin ilk günü itibariyle 30 yaşını doldurmamış olmak | 7225 - Güvenlik Tahkikatının Olumlu Sonuçlanması.;d16d266f-7956-e711-80d3-a0369f7d149c
2017;1;291080943;Devlet Hava Meydanları İşletmesi Genel Müdürlüğü;Arff Memuru;Hatay;Onlisans;3;;80.393;82.105;"3331;1208;8537;9023;7225;7307";3331 - Aşağıdaki önlisans programlarından birinden mezun olmak. | 1208 - İtfaiyecilik ve Yangın Güvenliği | 8537 - İtfaiyecilik ve Sivil Savunma | 9023 - Sivil Savunma ve İtfaiyecilik | 7225 - Güvenlik Tahkikatının Olumlu Sonuçlanması. | 7307 - (Bakınız Başvurma Özel Şartları Bölümü ARFF Memuru - İtfaiyeci).;266b266f-7956-e711-80d3-a0369f7d149c
2017;1;290792641;Tapu ve Kadastro Genel Müdürlüğü;Tekniker;Kastamonu;Onlisans;1;;80.374;80.374;"3318;1312;8567;7225";3318 - Aşağıdaki önlisans programlarından birinden mezun olmak. | 1312 - Tapu Kadastro Meslek Yüksekokulu | 8567 - Tapu ve Kadastro / Tapu Kadastro | 7225 - Güvenlik Tahkikatının Olumlu Sonuçlanması.;db6b266f-7956-e711-80d3-a0369f7d149c
2017;1;290462287;Sosyal Güvenlik Kurumu Başkanlığı;Memur;İstanbul;Onlisans;5;;80.333;81.074;"3004;9098;7225";3004 - Aşağıdaki önlisans programlarından birinden mezun olmak. | 9098 - Sosyal Güvenlik | 7225 - Güvenlik Tahkikatının Olumlu Sonuçlanması.;7a6b266f-7956-e711-80d3-a0369f7d149c
2017;1;290462311;Sosyal Güvenlik Kurumu Başkanlığı;Memur;İstanbul;Onlisans;4;;80.299;81.718;"3004;9098;7225";3004 - Aşağıdaki önlisans programlarından birinden mezun olmak. | 9098 - Sosyal Güvenlik | 7225 - Güvenlik Tahkikatının Olumlu Sonuçlanması.;7e6b266f-7956-e711-80d3-a0369f7d149c
2017;1;291081099;Devlet Hava Meydanları İşletmesi Genel Müdürlüğü;Arff Memuru;Van;Onlisans;4;;80.244;83.757;"3331;1208;8537;9023;7225;7307";3331 - Aşağıdaki önlisans programlarından birinden mezun olmak. | 1208 - İtfaiyecilik ve Yangın Güvenliği | 8537 - İtfaiyecilik ve Sivil Savunma | 9023 - Sivil Savunma ve İtfaiyecilik | 7225 - Güvenlik Tahkikatının Olumlu Sonuçlanması. | 7307 - (Bakınız Başvurma Özel Şartları Bölümü ARFF Memuru - İtfaiyeci).;656d266f-7956-e711-80d3-a0369f7d149c
2017;1;290792575;Tapu ve Kadastro Genel Müdürlüğü;Tekniker;Erzincan;Onlisans;1;;80.117;80.117;"3318;1312;8567;7225";3318 - Aşağıdaki önlisans programlarından birinden mezun olmak. | 1312 - Tapu Kadastro Meslek Yüksekokulu | 8567 - Tapu ve Kadastro / Tapu Kadastro | 7225 - Güvenlik Tahkikatının Olumlu Sonuçlanması.;de6a266f-7956-e711-80d3-a0369f7d149c
2017;1;291171939;Makina ve Kimya Endüstrisi Kurumu Genel Müdürlüğü;Sağlık Memuru;Kocaeli;Onlisans;1;;79.978;79.978;"3017;5380;8558;8559;7225";3017 - Aşağıdaki önlisans programlarından birinden mezun olmak. | 5380 - Hemşirelik | 8558 - Sağlık Memurluğu | 8559 - Sağlık Teknikerliği | 7225 - Güvenlik Tahkikatının Olumlu Sonuçlanması.;086c266f-7956-e711-80d3-a0369f7d149c
2017;1;210040535;Afyon Kocatepe Üniversitesi;Tekniker;Afyonkarahisar;Onlisans;1;;79.952;79.952;"3261;1228;5320;5321;5347;9030;7225";3261 - Aşağıdaki önlisans programlarından birinden mezun olmak. | 1228 - Maden | 5320 - Cevher Hazırlama | 5321 - Cevher Hazırlama ve Madencilik | 5347 - Maden ve Cevher Hazırlama | 9030 - Maden Teknolojisi | 7225 - Güvenlik Tahkikatının Olumlu Sonuçlanması.;5169266f-7956-e711-80d3-a0369f7d149c
2017;1;290792599;Tapu ve Kadastro Genel Müdürlüğü;Tekniker;Kars;Onlisans;1;;79.903;79.903;"3318;1312;8567;7225";3318 - Aşağıdaki önlisans programlarından birinden mezun olmak. | 1312 - Tapu Kadastro Meslek Yüksekokulu | 8567 - Tapu ve Kadastro / Tapu Kadastro | 7225 - Güvenlik Tahkikatının Olumlu Sonuçlanması.;ca6b266f-7956-e711-80d3-a0369f7d149c
2017;1;291080967;Devlet Hava Meydanları İşletmesi Genel Müdürlüğü;Arff Memuru;İzmir;Onlisans;3;;79.835;82.232;"3331;1208;8537;9023;7225;7307";3331 - Aşağıdaki önlisans programlarından birinden mezun olmak. | 1208 - İtfaiyecilik ve Yangın Güvenliği | 8537 - İtfaiyecilik ve Sivil Savunma | 9023 - Sivil Savunma ve İtfaiyecilik | 7225 - Güvenlik Tahkikatının Olumlu Sonuçlanması. | 7307 - (Bakınız Başvurma Özel Şartları Bölümü ARFF Memuru - İtfaiyeci).;b76b266f-7956-e711-80d3-a0369f7d149c
2017;1;290792617;Tapu ve Kadastro Genel Müdürlüğü;Tekniker;Kars;Onlisans;1;;79.821;79.821;"3318;1312;8567;7225";3318 - Aşağıdaki önlisans programlarından birinden mezun olmak. | 1312 - Tapu Kadastro Meslek Yüksekokulu | 8567 - Tapu ve Kadastro / Tapu Kadastro | 7225 - Güvenlik Tahkikatının Olumlu Sonuçlanması.;cd6b266f-7956-e711-80d3-a0369f7d149c
2017;1;291080991;Devlet Hava Meydanları İşletmesi Genel Müdürlüğü;Arff Memuru;Kayseri;Onlisans;4;;79.795;85.723;"3331;1208;8537;9023;7225;7307";3331 - Aşağıdaki önlisans programlarından birinden mezun olmak. | 1208 - İtfaiyecilik ve Yangın Güvenliği | 8537 - İtfaiyecilik ve Sivil Savunma | 9023 - Sivil Savunma ve İtfaiyecilik | 7225 - Güvenlik Tahkikatının Olumlu Sonuçlanması. | 7307 - (Bakınız Başvurma Özel Şartları Bölümü ARFF Memuru - İtfaiyeci).;f36b266f-7956-e711-80d3-a0369f7d149c
2017;1;291081093;Devlet Hava Meydanları İşletmesi Genel Müdürlüğü;Arff Memuru;Uşak;Onlisans;2;;79.72;80.394;"3331;1208;8537;9023;7225;7307";3331 - Aşağıdaki önlisans programlarından birinden mezun olmak. | 1208 - İtfaiyecilik ve Yangın Güvenliği | 8537 - İtfaiyecilik ve Sivil Savunma | 9023 - Sivil Savunma ve İtfaiyecilik | 7225 - Güvenlik Tahkikatının Olumlu Sonuçlanması. | 7307 - (Bakınız Başvurma Özel Şartları Bölümü ARFF Memuru - İtfaiyeci).;5f6d266f-7956-e711-80d3-a0369f7d149c
2017;1;290462317;Sosyal Güvenlik Kurumu Başkanlığı;Memur;İstanbul;Onlisans;5;;79.692;80.714;"3004;9098;7225";3004 - Aşağıdaki önlisans programlarından birinden mezun olmak. | 9098 - Sosyal Güvenlik | 7225 - Güvenlik Tahkikatının Olumlu Sonuçlanması.;7f6b266f-7956-e711-80d3-a0369f7d149c
2017;1;290792605;Tapu ve Kadastro Genel Müdürlüğü;Tekniker;Kars;Onlisans;1;;79.628;79.628;"3318;1312;8567;7225";3318 - Aşağıdaki önlisans programlarından birinden mezun olmak. | 1312 - Tapu Kadastro Meslek Yüksekokulu | 8567 - Tapu ve Kadastro / Tapu Kadastro | 7225 - Güvenlik Tahkikatının Olumlu Sonuçlanması.;cb6b266f-7956-e711-80d3-a0369f7d149c
2017;1;291080859;Devlet Hava Meydanları İşletmesi Genel Müdürlüğü;Arff Memuru;Antalya;Onlisans;5;;79.492;85.092;"3331;1208;8537;9023;7225;7307";3331 - Aşağıdaki önlisans programlarından birinden mezun olmak. | 1208 - İtfaiyecilik ve Yangın Güvenliği | 8537 - İtfaiyecilik ve Sivil Savunma | 9023 - Sivil Savunma ve İtfaiyecilik | 7225 - Güvenlik Tahkikatının Olumlu Sonuçlanması. | 7307 - (Bakınız Başvurma Özel Şartları Bölümü ARFF Memuru - İtfaiyeci).;1a6a266f-7956-e711-80d3-a0369f7d149c
2017;1;291081063;Devlet Hava Meydanları İşletmesi Genel Müdürlüğü;Arff Memuru;Şanlıurfa;Onlisans;3;;79.157;81.72;"3331;1208;8537;9023;7225;7307";3331 - Aşağıdaki önlisans programlarından birinden mezun olmak. | 1208 - İtfaiyecilik ve Yangın Güvenliği | 8537 - İtfaiyecilik ve Sivil Savunma | 9023 - Sivil Savunma ve İtfaiyecilik | 7225 - Güvenlik Tahkikatının Olumlu Sonuçlanması. | 7307 - (Bakınız Başvurma Özel Şartları Bölümü ARFF Memuru - İtfaiyeci).;2d6d266f-7956-e711-80d3-a0369f7d149c
2017;1;291081075;Devlet Hava Meydanları İşletmesi Genel Müdürlüğü;Arff Memuru;Tekirdağ;Onlisans;4;;78.969;79.85;"3331;1208;8537;9023;7225;7307";3331 - Aşağıdaki önlisans programlarından birinden mezun olmak. | 1208 - İtfaiyecilik ve Yangın Güvenliği | 8537 - İtfaiyecilik ve Sivil Savunma | 9023 - Sivil Savunma ve İtfaiyecilik | 7225 - Güvenlik Tahkikatının Olumlu Sonuçlanması. | 7307 - (Bakınız Başvurma Özel Şartları Bölümü ARFF Memuru - İtfaiyeci).;f16c266f-7956-e711-80d3-a0369f7d149c
2017;1;290941651;Gebze Belediye Başkanlığı;Zabıta Memuru;Kocaeli;Onlisans;17;;78.894;82.236;"3185;1230;1231;8580;6199;6506;6519;7225;7300";3185 - Aşağıdaki önlisans programlarından birinden mezun olmak. | 1230 - Mahalli İdareler | 1231 - Mahalli İdareler (Zabıta) | 8580 - Yerel Yönetimler | 6199 - Yerleştirme işlemlerinin ilk günü itibariyle 30 yaşını doldurmamış olmak | 6506 - B sınıfı sürücü belgesine sahip olmak | 6519 - İstenilen Sınıftaki Sürücü Belgesine En Az (5) Yıldır Sahip olmak. | 7225 - Güvenlik Tahkikatının Olumlu Sonuçlanması. | 7300 - Bu kadro/pozisyonda vardiya sistemi uygulanmaktadır.;106c266f-7956-e711-80d3-a0369f7d149c
2017;1;291080901;Devlet Hava Meydanları İşletmesi Genel Müdürlüğü;Arff Memuru;Denizli;Onlisans;2;;78.747;80.298;"3331;1208;8537;9023;7225;7307";3331 - Aşağıdaki önlisans programlarından birinden mezun olmak. | 1208 - İtfaiyecilik ve Yangın Güvenliği | 8537 - İtfaiyecilik ve Sivil Savunma | 9023 - Sivil Savunma ve İtfaiyecilik | 7225 - Güvenlik Tahkikatının Olumlu Sonuçlanması. | 7307 - (Bakınız Başvurma Özel Şartları Bölümü ARFF Memuru - İtfaiyeci).;a46a266f-7956-e711-80d3-a0369f7d149c
2017;1;291080853;Devlet Hava Meydanları İşletmesi Genel Müdürlüğü;Arff Memuru;Ankara;Onlisans;5;;78.746;83.322;"3331;1208;8537;9023;7225;7307";3331 - Aşağıdaki önlisans programlarından birinden mezun olmak. | 1208 - İtfaiyecilik ve Yangın Güvenliği | 8537 - İtfaiyecilik ve Sivil Savunma | 9023 - Sivil Savunma ve İtfaiyecilik | 7225 - Güvenlik Tahkikatının Olumlu Sonuçlanması. | 7307 - (Bakınız Başvurma Özel Şartları Bölümü ARFF Memuru - İtfaiyeci).;ad69266f-7956-e711-80d3-a0369f7d149c
2017;1;291081087;Devlet Hava Meydanları İşletmesi Genel Müdürlüğü;Arff Memuru;Trabzon;Onlisans;4;;78.639;82.023;"3331;1208;8537;9023;7225;7307";3331 - Aşağıdaki önlisans programlarından birinden mezun olmak. | 1208 - İtfaiyecilik ve Yangın Güvenliği | 8537 - İtfaiyecilik ve Sivil Savunma | 9023 - Sivil Savunma ve İtfaiyecilik | 7225 - Güvenlik Tahkikatının Olumlu Sonuçlanması. | 7307 - (Bakınız Başvurma Özel Şartları Bölümü ARFF Memuru - İtfaiyeci).;016d266f-7956-e711-80d3-a0369f7d149c
2017;1;291081039;Devlet Hava Meydanları İşletmesi Genel Müdürlüğü;Arff Memuru;Samsun;Onlisans;3;;78.634;80.898;"3331;1208;8537;9023;7225;7307";3331 - Aşağıdaki önlisans programlarından birinden mezun olmak. | 1208 - İtfaiyecilik ve Yangın Güvenliği | 8537 - İtfaiyecilik ve Sivil Savunma | 9023 - Sivil Savunma ve İtfaiyecilik | 7225 - Güvenlik Tahkikatının Olumlu Sonuçlanması. | 7307 - (Bakınız Başvurma Özel Şartları Bölümü ARFF Memuru - İtfaiyeci).;bb6c266f-7956-e711-80d3-a0369f7d149c
2017;1;291080955;Devlet Hava Meydanları İşletmesi Genel Müdürlüğü;Arff Memuru;Isparta;Onlisans;4;;78.61;83.65;"3331;1208;8537;9023;7225;7307";3331 - Aşağıdaki önlisans programlarından birinden mezun olmak. | 1208 - İtfaiyecilik ve Yangın Güvenliği | 8537 - İtfaiyecilik ve Sivil Savunma | 9023 - Sivil Savunma ve İtfaiyecilik | 7225 - Güvenlik Tahkikatının Olumlu Sonuçlanması. | 7307 - (Bakınız Başvurma Özel Şartları Bölümü ARFF Memuru - İtfaiyeci).;3c6b266f-7956-e711-80d3-a0369f7d149c
2017;1;291081033;Devlet Hava Meydanları İşletmesi Genel Müdürlüğü;Arff Memuru;Ordu;Onlisans;2;;78.595;78.842;"3331;1208;8537;9023;7225;7307";3331 - Aşağıdaki önlisans programlarından birinden mezun olmak. | 1208 - İtfaiyecilik ve Yangın Güvenliği | 8537 - İtfaiyecilik ve Sivil Savunma | 9023 - Sivil Savunma ve İtfaiyecilik | 7225 - Güvenlik Tahkikatının Olumlu Sonuçlanması. | 7307 - (Bakınız Başvurma Özel Şartları Bölümü ARFF Memuru - İtfaiyeci).;796c266f-7956-e711-80d3-a0369f7d149c
2017;1;291081009;Devlet Hava Meydanları İşletmesi Genel Müdürlüğü;Arff Memuru;Muğla;Onlisans;5;;78.324;82.123;"3331;1208;8537;9023;7225;7307";3331 - Aşağıdaki önlisans programlarından birinden mezun olmak. | 1208 - İtfaiyecilik ve Yangın Güvenliği | 8537 - İtfaiyecilik ve Sivil Savunma | 9023 - Sivil Savunma ve İtfaiyecilik | 7225 - Güvenlik Tahkikatının Olumlu Sonuçlanması. | 7307 - (Bakınız Başvurma Özel Şartları Bölümü ARFF Memuru - İtfaiyeci).;5b6c266f-7956-e711-80d3-a0369f7d149c
2017;1;291080913;Devlet Hava Meydanları İşletmesi Genel Müdürlüğü;Arff Memuru;Elazığ;Onlisans;4;;78.272;87.742;"3331;1208;8537;9023;7225;7307";3331 - Aşağıdaki önlisans programlarından birinden mezun olmak. | 1208 - İtfaiyecilik ve Yangın Güvenliği | 8537 - İtfaiyecilik ve Sivil Savunma | 9023 - Sivil Savunma ve İtfaiyecilik | 7225 - Güvenlik Tahkikatının Olumlu Sonuçlanması. | 7307 - (Bakınız Başvurma Özel Şartları Bölümü ARFF Memuru - İtfaiyeci).;d36a266f-7956-e711-80d3-a0369f7d149c
2017;1;291081027;Devlet Hava Meydanları İşletmesi Genel Müdürlüğü;Arff Memuru;Nevşehir;Onlisans;3;;78.233;80.987;"3331;1208;8537;9023;7225;7307";3331 - Aşağıdaki önlisans programlarından birinden mezun olmak. | 1208 - İtfaiyecilik ve Yangın Güvenliği | 8537 - İtfaiyecilik ve Sivil Savunma | 9023 - Sivil Savunma ve İtfaiyecilik | 7225 - Güvenlik Tahkikatının Olumlu Sonuçlanması. | 7307 - (Bakınız Başvurma Özel Şartları Bölümü ARFF Memuru - İtfaiyeci).;736c266f-7956-e711-80d3-a0369f7d149c
2017;1;291081015;Devlet Hava Meydanları İşletmesi Genel Müdürlüğü;Arff Memuru;Muğla;Onlisans;5;;78.135;81.515;"3331;1208;8537;9023;7225;7307";3331 - Aşağıdaki önlisans programlarından birinden mezun olmak. | 1208 - İtfaiyecilik ve Yangın Güvenliği | 8537 - İtfaiyecilik ve Sivil Savunma | 9023 - Sivil Savunma ve İtfaiyecilik | 7225 - Güvenlik Tahkikatının Olumlu Sonuçlanması. | 7307 - (Bakınız Başvurma Özel Şartları Bölümü ARFF Memuru - İtfaiyeci).;5c6c266f-7956-e711-80d3-a0369f7d149c
2017;1;291080985;Devlet Hava Meydanları İşletmesi Genel Müdürlüğü;Arff Memuru;Kastamonu;Onlisans;2;;78.05;81.148;"3331;1208;8537;9023;7225;7307";3331 - Aşağıdaki önlisans programlarından birinden mezun olmak. | 1208 - İtfaiyecilik ve Yangın Güvenliği | 8537 - İtfaiyecilik ve Sivil Savunma | 9023 - Sivil Savunma ve İtfaiyecilik | 7225 - Güvenlik Tahkikatının Olumlu Sonuçlanması. | 7307 - (Bakınız Başvurma Özel Şartları Bölümü ARFF Memuru - İtfaiyeci).;d76b266f-7956-e711-80d3-a0369f7d149c
2017;1;291080889;Devlet Hava Meydanları İşletmesi Genel Müdürlüğü;Arff Memuru;Çanakkale;Onlisans;1;;78.005;78.005;"3331;1208;8537;9023;7225;7307";3331 - Aşağıdaki önlisans programlarından birinden mezun olmak. | 1208 - İtfaiyecilik ve Yangın Güvenliği | 8537 - İtfaiyecilik ve Sivil Savunma | 9023 - Sivil Savunma ve İtfaiyecilik | 7225 - Güvenlik Tahkikatının Olumlu Sonuçlanması. | 7307 - (Bakınız Başvurma Özel Şartları Bölümü ARFF Memuru - İtfaiyeci).;756a266f-7956-e711-80d3-a0369f7d149c
2017;1;291080847;Devlet Hava Meydanları İşletmesi Genel Müdürlüğü;Arff Memuru;Amasya;Onlisans;2;;77.924;78.173;"3331;1208;8537;9023;7225;7307";3331 - Aşağıdaki önlisans programlarından birinden mezun olmak. | 1208 - İtfaiyecilik ve Yangın Güvenliği | 8537 - İtfaiyecilik ve Sivil Savunma | 9023 - Sivil Savunma ve İtfaiyecilik | 7225 - Güvenlik Tahkikatının Olumlu Sonuçlanması. | 7307 - (Bakınız Başvurma Özel Şartları Bölümü ARFF Memuru - İtfaiyeci).;7769266f-7956-e711-80d3-a0369f7d149c
2017;1;291081081;Devlet Hava Meydanları İşletmesi Genel Müdürlüğü;Arff Memuru;Tokat;Onlisans;2;;77.891;78.129;"3331;1208;8537;9023;7225;7307";3331 - Aşağıdaki önlisans programlarından birinden mezun olmak. | 1208 - İtfaiyecilik ve Yangın Güvenliği | 8537 - İtfaiyecilik ve Sivil Savunma | 9023 - Sivil Savunma ve İtfaiyecilik | 7225 - Güvenlik Tahkikatının Olumlu Sonuçlanması. | 7307 - (Bakınız Başvurma Özel Şartları Bölümü ARFF Memuru - İtfaiyeci).;fc6c266f-7956-e711-80d3-a0369f7d149c
2017;1;291081051;Devlet Hava Meydanları İşletmesi Genel Müdürlüğü;Arff Memuru;Sinop;Onlisans;2;;77.848;80.745;"3331;1208;8537;9023;7225;7307";3331 - Aşağıdaki önlisans programlarından birinden mezun olmak. | 1208 - İtfaiyecilik ve Yangın Güvenliği | 8537 - İtfaiyecilik ve Sivil Savunma | 9023 - Sivil Savunma ve İtfaiyecilik | 7225 - Güvenlik Tahkikatının Olumlu Sonuçlanması. | 7307 - (Bakınız Başvurma Özel Şartları Bölümü ARFF Memuru - İtfaiyeci).;ce6c266f-7956-e711-80d3-a0369f7d149c
2017;1;291081057;Devlet Hava Meydanları İşletmesi Genel Müdürlüğü;Arff Memuru;Sivas;Onlisans;4;;77.674;77.846;"3331;1208;8537;9023;7225;7307";3331 - Aşağıdaki önlisans programlarından birinden mezun olmak. | 1208 - İtfaiyecilik ve Yangın Güvenliği | 8537 - İtfaiyecilik ve Sivil Savunma | 9023 - Sivil Savunma ve İtfaiyecilik | 7225 - Güvenlik Tahkikatının Olumlu Sonuçlanması. | 7307 - (Bakınız Başvurma Özel Şartları Bölümü ARFF Memuru - İtfaiyeci).;e26c266f-7956-e711-80d3-a0369f7d149c
2017;1;291080919;Devlet Hava Meydanları İşletmesi Genel Müdürlüğü;Arff Memuru;Erzincan;Onlisans;4;;77.62;83.08;"3331;1208;8537;9023;7225;7307";3331 - Aşağıdaki önlisans programlarından birinden mezun olmak. | 1208 - İtfaiyecilik ve Yangın Güvenliği | 8537 - İtfaiyecilik ve Sivil Savunma | 9023 - Sivil Savunma ve İtfaiyecilik | 7225 - Güvenlik Tahkikatının Olumlu Sonuçlanması. | 7307 - (Bakınız Başvurma Özel Şartları Bölümü ARFF Memuru - İtfaiyeci).;dd6a266f-7956-e711-80d3-a0369f7d149c
2017;1;291080925;Devlet Hava Meydanları İşletmesi Genel Müdürlüğü;Arff Memuru;Erzurum;Onlisans;6;;77.503;77.64;"3331;1208;8537;9023;7225;7307";3331 - Aşağıdaki önlisans programlarından birinden mezun olmak. | 1208 - İtfaiyecilik ve Yangın Güvenliği | 8537 - İtfaiyecilik ve Sivil Savunma | 9023 - Sivil Savunma ve İtfaiyecilik | 7225 - Güvenlik Tahkikatının Olumlu Sonuçlanması. | 7307 - (Bakınız Başvurma Özel Şartları Bölümü ARFF Memuru - İtfaiyeci).;e16a266f-7956-e711-80d3-a0369f7d149c
2017;1;291081003;Devlet Hava Meydanları İşletmesi Genel Müdürlüğü;Arff Memuru;Mardin;Onlisans;4;;77.498;85.878;"3331;1208;8537;9023;7225;7307";3331 - Aşağıdaki önlisans programlarından birinden mezun olmak. | 1208 - İtfaiyecilik ve Yangın Güvenliği | 8537 - İtfaiyecilik ve Sivil Savunma | 9023 - Sivil Savunma ve İtfaiyecilik | 7225 - Güvenlik Tahkikatının Olumlu Sonuçlanması. | 7307 - (Bakınız Başvurma Özel Şartları Bölümü ARFF Memuru - İtfaiyeci).;446c266f-7956-e711-80d3-a0369f7d149c
2017;1;291081021;Devlet Hava Meydanları İşletmesi Genel Müdürlüğü;Arff Memuru;Muş;Onlisans;3;;77.37;80.478;"3331;1208;8537;9023;7225;7307";3331 - Aşağıdaki önlisans programlarından birinden mezun olmak. | 1208 - İtfaiyecilik ve Yangın Güvenliği | 8537 - İtfaiyecilik ve Sivil Savunma | 9023 - Sivil Savunma ve İtfaiyecilik | 7225 - Güvenlik Tahkikatının Olumlu Sonuçlanması. | 7307 - (Bakınız Başvurma Özel Şartları Bölümü ARFF Memuru - İtfaiyeci).;636c266f-7956-e711-80d3-a0369f7d149c
2017;1;291080877;Devlet Hava Meydanları İşletmesi Genel Müdürlüğü;Arff Memuru;Bingöl;Onlisans;3;;77.294;77.819;"3331;1208;8537;9023;7225;7307";3331 - Aşağıdaki önlisans programlarından birinden mezun olmak. | 1208 - İtfaiyecilik ve Yangın Güvenliği | 8537 - İtfaiyecilik ve Sivil Savunma | 9023 - Sivil Savunma ve İtfaiyecilik | 7225 - Güvenlik Tahkikatının Olumlu Sonuçlanması. | 7307 - (Bakınız Başvurma Özel Şartları Bölümü ARFF Memuru - İtfaiyeci).;406a266f-7956-e711-80d3-a0369f7d149c
2017;1;291080949;Devlet Hava Meydanları İşletmesi Genel Müdürlüğü;Arff Memuru;Iğdır;Onlisans;4;;77.202;77.321;"3331;1208;8537;9023;7225;7307";3331 - Aşağıdaki önlisans programlarından birinden mezun olmak. | 1208 - İtfaiyecilik ve Yangın Güvenliği | 8537 - İtfaiyecilik ve Sivil Savunma | 9023 - Sivil Savunma ve İtfaiyecilik | 7225 - Güvenlik Tahkikatının Olumlu Sonuçlanması. | 7307 - (Bakınız Başvurma Özel Şartları Bölümü ARFF Memuru - İtfaiyeci).;e96d266f-7956-e711-80d3-a0369f7d149c
2017;1;291080979;Devlet Hava Meydanları İşletmesi Genel Müdürlüğü;Arff Memuru;Kars;Onlisans;2;;77.15;77.447;"3331;1208;8537;9023;7225;7307";3331 - Aşağıdaki önlisans programlarından birinden mezun olmak. | 1208 - İtfaiyecilik ve Yangın Güvenliği | 8537 - İtfaiyecilik ve Sivil Savunma | 9023 - Sivil Savunma ve İtfaiyecilik | 7225 - Güvenlik Tahkikatının Olumlu Sonuçlanması. | 7307 - (Bakınız Başvurma Özel Şartları Bölümü ARFF Memuru - İtfaiyeci).;ce6b266f-7956-e711-80d3-a0369f7d149c
2017;1;291080841;Devlet Hava Meydanları İşletmesi Genel Müdürlüğü;Arff Memuru;Ağrı;Onlisans;2;;77.132;77.414;"3331;1208;8537;9023;7225;7307";3331 - Aşağıdaki önlisans programlarından birinden mezun olmak. | 1208 - İtfaiyecilik ve Yangın Güvenliği | 8537 - İtfaiyecilik ve Sivil Savunma | 9023 - Sivil Savunma ve İtfaiyecilik | 7225 - Güvenlik Tahkikatının Olumlu Sonuçlanması. | 7307 - (Bakınız Başvurma Özel Şartları Bölümü ARFF Memuru - İtfaiyeci).;7269266f-7956-e711-80d3-a0369f7d149c
2017;1;291081045;Devlet Hava Meydanları İşletmesi Genel Müdürlüğü;Arff Memuru;Siirt;Onlisans;3;;76.984;77.914;"3331;1208;8537;9023;7225;7307";3331 - Aşağıdaki önlisans programlarından birinden mezun olmak. | 1208 - İtfaiyecilik ve Yangın Güvenliği | 8537 - İtfaiyecilik ve Sivil Savunma | 9023 - Sivil Savunma ve İtfaiyecilik | 7225 - Güvenlik Tahkikatının Olumlu Sonuçlanması. | 7307 - (Bakınız Başvurma Özel Şartları Bölümü ARFF Memuru - İtfaiyeci).;c26c266f-7956-e711-80d3-a0369f7d149c
2017;1;291171873;Makina ve Kimya Endüstrisi Kurumu Genel Müdürlüğü;İtfaiyeci;Ankara;Onlisans;3;;76.886;77.239;"3331;1208;8537;9023;7225;7300";3331 - Aşağıdaki önlisans programlarından birinden mezun olmak. | 1208 - İtfaiyecilik ve Yangın Güvenliği | 8537 - İtfaiyecilik ve Sivil Savunma | 9023 - Sivil Savunma ve İtfaiyecilik | 7225 - Güvenlik Tahkikatının Olumlu Sonuçlanması. | 7300 - Bu kadro/pozisyonda vardiya sistemi uygulanmaktadır.;a669266f-7956-e711-80d3-a0369f7d149c
2017;1;291171879;Makina ve Kimya Endüstrisi Kurumu Genel Müdürlüğü;İtfaiyeci;Kırıkkale;Onlisans;1;;76.721;76.721;"3331;1208;8537;9023;7225;7300";3331 - Aşağıdaki önlisans programlarından birinden mezun olmak. | 1208 - İtfaiyecilik ve Yangın Güvenliği | 8537 - İtfaiyecilik ve Sivil Savunma | 9023 - Sivil Savunma ve İtfaiyecilik | 7225 - Güvenlik Tahkikatının Olumlu Sonuçlanması. | 7300 - Bu kadro/pozisyonda vardiya sistemi uygulanmaktadır.;a96d266f-7956-e711-80d3-a0369f7d149c
2017;1;291080937;Devlet Hava Meydanları İşletmesi Genel Müdürlüğü;Arff Memuru;Hakkari;Onlisans;4;;76.625;76.904;"3331;1208;8537;9023;7225;7307";3331 - Aşağıdaki önlisans programlarından birinden mezun olmak. | 1208 - İtfaiyecilik ve Yangın Güvenliği | 8537 - İtfaiyecilik ve Sivil Savunma | 9023 - Sivil Savunma ve İtfaiyecilik | 7225 - Güvenlik Tahkikatının Olumlu Sonuçlanması. | 7307 - (Bakınız Başvurma Özel Şartları Bölümü ARFF Memuru - İtfaiyeci).;206b266f-7956-e711-80d3-a0369f7d149c
2017;1;291081069;Devlet Hava Meydanları İşletmesi Genel Müdürlüğü;Arff Memuru;Şırnak;Onlisans;4;;76.409;77.158;"3331;1208;8537;9023;7225;7307";3331 - Aşağıdaki önlisans programlarından birinden mezun olmak. | 1208 - İtfaiyecilik ve Yangın Güvenliği | 8537 - İtfaiyecilik ve Sivil Savunma | 9023 - Sivil Savunma ve İtfaiyecilik | 7225 - Güvenlik Tahkikatının Olumlu Sonuçlanması. | 7307 - (Bakınız Başvurma Özel Şartları Bölümü ARFF Memuru - İtfaiyeci).;cf6d266f-7956-e711-80d3-a0369f7d149c
2017;1;291171933;Makina ve Kimya Endüstrisi Kurumu Genel Müdürlüğü;Sağlık Memuru;Kırıkkale;Onlisans;1;;75.96;75.96;"3017;5380;8558;8559;7225";3017 - Aşağıdaki önlisans programlarından birinden mezun olmak. | 5380 - Hemşirelik | 8558 - Sağlık Memurluğu | 8559 - Sağlık Teknikerliği | 7225 - Güvenlik Tahkikatının Olumlu Sonuçlanması.;a86d266f-7956-e711-80d3-a0369f7d149c
2017;1;290940547;Aksaray Belediye Başkanlığı;İtfaiye Eri;Aksaray;Onlisans;24;;75.678;78.61;"3331;1208;8537;9023;6199;7225;7300;7359";3331 - Aşağıdaki önlisans programlarından birinden mezun olmak. | 1208 - İtfaiyecilik ve Yangın Güvenliği | 8537 - İtfaiyecilik ve Sivil Savunma | 9023 - Sivil Savunma ve İtfaiyecilik | 6199 - Yerleştirme işlemlerinin ilk günü itibariyle 30 yaşını doldurmamış olmak | 7225 - Güvenlik Tahkikatının Olumlu Sonuçlanması. | 7300 - Bu kadro/pozisyonda vardiya sistemi uygulanmaktadır. | 7359 - (Bakınız Başvurma Özel Şartları Bölümü İtfaiye Eri).;916d266f-7956-e711-80d3-a0369f7d149c
2017;1;290942449;Sultanhanı Belediye Başkanlığı;İtfaiye Eri;Aksaray;Onlisans;1;;75.619;75.619;"3331;1208;8537;9023;6199;7225;7359";3331 - Aşağıdaki önlisans programlarından birinden mezun olmak. | 1208 - İtfaiyecilik ve Yangın Güvenliği | 8537 - İtfaiyecilik ve Sivil Savunma | 9023 - Sivil Savunma ve İtfaiyecilik | 6199 - Yerleştirme işlemlerinin ilk günü itibariyle 30 yaşını doldurmamış olmak | 7225 - Güvenlik Tahkikatının Olumlu Sonuçlanması. | 7359 - (Bakınız Başvurma Özel Şartları Bölümü İtfaiye Eri).;956d266f-7956-e711-80d3-a0369f7d149c
2017;1;290942065;Osmaniye Belediye Başkanlığı;İtfaiye Eri;Osmaniye;Onlisans;20;;75.415;77.636;"3331;1208;8537;9023;6199;7225;7300;7359";3331 - Aşağıdaki önlisans programlarından birinden mezun olmak. | 1208 - İtfaiyecilik ve Yangın Güvenliği | 8537 - İtfaiyecilik ve Sivil Savunma | 9023 - Sivil Savunma ve İtfaiyecilik | 6199 - Yerleştirme işlemlerinin ilk günü itibariyle 30 yaşını doldurmamış olmak | 7225 - Güvenlik Tahkikatının Olumlu Sonuçlanması. | 7300 - Bu kadro/pozisyonda vardiya sistemi uygulanmaktadır. | 7359 - (Bakınız Başvurma Özel Şartları Bölümü İtfaiye Eri).;f66d266f-7956-e711-80d3-a0369f7d149c
2017;1;210782047;Muş Alparslan Üniversitesi;Tekniker;Muş;Onlisans;1;;75.191;75.191;"3268;4343;4344;9015;7225";3268 - Aşağıdaki önlisans programlarından birinden mezun olmak. | 4343 - Sahne ve Gösteri Sanatları Işık Teknolojisi | 4344 - Sahne ve Gösteri Sanatları Ses Teknolojisi | 9015 - Sahne ve Gösteri Sanatları Teknolojisi | 7225 - Güvenlik Tahkikatının Olumlu Sonuçlanması.;626c266f-7956-e711-80d3-a0369f7d149c
2017;1;290942707;Tunceli Belediye Başkanlığı;İtfaiye Eri;Tunceli;Onlisans;4;;74.982;75.36;"3331;1208;8537;9023;6199;7225;7300;7359";3331 - Aşağıdaki önlisans programlarından birinden mezun olmak. | 1208 - İtfaiyecilik ve Yangın Güvenliği | 8537 - İtfaiyecilik ve Sivil Savunma | 9023 - Sivil Savunma ve İtfaiyecilik | 6199 - Yerleştirme işlemlerinin ilk günü itibariyle 30 yaşını doldurmamış olmak | 7225 - Güvenlik Tahkikatının Olumlu Sonuçlanması. | 7300 - Bu kadro/pozisyonda vardiya sistemi uygulanmaktadır. | 7359 - (Bakınız Başvurma Özel Şartları Bölümü İtfaiye Eri).;236d266f-7956-e711-80d3-a0369f7d149c
2017;1;290940703;Cizre Belediye Başkanlığı;İtfaiye Eri;Şırnak;Onlisans;5;;74.817;75.696;"3331;1208;8537;9023;6199;7225;7359";3331 - Aşağıdaki önlisans programlarından birinden mezun olmak. | 1208 - İtfaiyecilik ve Yangın Güvenliği | 8537 - İtfaiyecilik ve Sivil Savunma | 9023 - Sivil Savunma ve İtfaiyecilik | 6199 - Yerleştirme işlemlerinin ilk günü itibariyle 30 yaşını doldurmamış olmak | 7225 - Güvenlik Tahkikatının Olumlu Sonuçlanması. | 7359 - (Bakınız Başvurma Özel Şartları Bölümü İtfaiye Eri).;d06d266f-7956-e711-80d3-a0369f7d149c
2017;1;290931801;Kırklareli İl Özel İdaresi;Sağlık Teknikeri;Kırklareli;Onlisans;1;;73.125;73.125;"3017;5380;8558;8559;7225";3017 - Aşağıdaki önlisans programlarından birinden mezun olmak. | 5380 - Hemşirelik | 8558 - Sağlık Memurluğu | 8559 - Sağlık Teknikerliği | 7225 - Güvenlik Tahkikatının Olumlu Sonuçlanması.;fb6b266f-7956-e711-80d3-a0369f7d149c
2017;1;290941591;Düzce Belediye Başkanlığı;İtfaiye Eri;Düzce;Onlisans;5;;72.746;78.396;"3331;1208;8537;9023;6199;6510;7225;7359";3331 - Aşağıdaki önlisans programlarından birinden mezun olmak. | 1208 - İtfaiyecilik ve Yangın Güvenliği | 8537 - İtfaiyecilik ve Sivil Savunma | 9023 - Sivil Savunma ve İtfaiyecilik | 6199 - Yerleştirme işlemlerinin ilk günü itibariyle 30 yaşını doldurmamış olmak | 6510 - C sınıfı sürücü belgesine sahip olmak | 7225 - Güvenlik Tahkikatının Olumlu Sonuçlanması. | 7359 - (Bakınız Başvurma Özel Şartları Bölümü İtfaiye Eri).;fa6d266f-7956-e711-80d3-a0369f7d149c
2017;1;290941735;Karamanlı Belediye Başkanlığı;İtfaiye Eri;Burdur;Onlisans;2;;72.467;74.375;"3331;1208;8537;9023;6199;6510;7225;7300;7359";3331 - Aşağıdaki önlisans programlarından birinden mezun olmak. | 1208 - İtfaiyecilik ve Yangın Güvenliği | 8537 - İtfaiyecilik ve Sivil Savunma | 9023 - Sivil Savunma ve İtfaiyecilik | 6199 - Yerleştirme işlemlerinin ilk günü itibariyle 30 yaşını doldurmamış olmak | 6510 - C sınıfı sürücü belgesine sahip olmak | 7225 - Güvenlik Tahkikatının Olumlu Sonuçlanması. | 7300 - Bu kadro/pozisyonda vardiya sistemi uygulanmaktadır. | 7359 - (Bakınız Başvurma Özel Şartları Bölümü İtfaiye Eri).;506a266f-7956-e711-80d3-a0369f7d149c
2017;1;299991699;Kaçkar İtfaiye,Mezbahane ve Katı Atık Birliği;İtfaiye Eri;Rize;Onlisans;1;;71.996;71.996;"3331;1208;8537;9023;6199;6510;7225;7300;7359";3331 - Aşağıdaki önlisans programlarından birinden mezun olmak. | 1208 - İtfaiyecilik ve Yangın Güvenliği | 8537 - İtfaiyecilik ve Sivil Savunma | 9023 - Sivil Savunma ve İtfaiyecilik | 6199 - Yerleştirme işlemlerinin ilk günü itibariyle 30 yaşını doldurmamış olmak | 6510 - C sınıfı sürücü belgesine sahip olmak | 7225 - Güvenlik Tahkikatının Olumlu Sonuçlanması. | 7300 - Bu kadro/pozisyonda vardiya sistemi uygulanmaktadır. | 7359 - (Bakınız Başvurma Özel Şartları Bölümü İtfaiye Eri).;7f6c266f-7956-e711-80d3-a0369f7d149c
2017;1;290920685;Bursa Büyükşehir Belediye Başkanlığı;İtfaiye Eri;Bursa;Onlisans;30;;71.694;83.574;"3331;1208;8537;9023;6199;6510;7225;7300;7359";3331 - Aşağıdaki önlisans programlarından birinden mezun olmak. | 1208 - İtfaiyecilik ve Yangın Güvenliği | 8537 - İtfaiyecilik ve Sivil Savunma | 9023 - Sivil Savunma ve İtfaiyecilik | 6199 - Yerleştirme işlemlerinin ilk günü itibariyle 30 yaşını doldurmamış olmak | 6510 - C sınıfı sürücü belgesine sahip olmak | 7225 - Güvenlik Tahkikatının Olumlu Sonuçlanması. | 7300 - Bu kadro/pozisyonda vardiya sistemi uygulanmaktadır. | 7359 - (Bakınız Başvurma Özel Şartları Bölümü İtfaiye Eri).;5f6a266f-7956-e711-80d3-a0369f7d149c
2017;1;290940553;Aksaray Belediye Başkanlığı;İtfaiye Eri;Aksaray;Onlisans;6;;71.677;74.679;"3331;1208;8537;9023;6199;6510;7225;7300;7359";3331 - Aşağıdaki önlisans programlarından birinden mezun olmak. | 1208 - İtfaiyecilik ve Yangın Güvenliği | 8537 - İtfaiyecilik ve Sivil Savunma | 9023 - Sivil Savunma ve İtfaiyecilik | 6199 - Yerleştirme işlemlerinin ilk günü itibariyle 30 yaşını doldurmamış olmak | 6510 - C sınıfı sürücü belgesine sahip olmak | 7225 - Güvenlik Tahkikatının Olumlu Sonuçlanması. | 7300 - Bu kadro/pozisyonda vardiya sistemi uygulanmaktadır. | 7359 - (Bakınız Başvurma Özel Şartları Bölümü İtfaiye Eri).;926d266f-7956-e711-80d3-a0369f7d149c
2017;1;291171927;Makina ve Kimya Endüstrisi Kurumu Genel Müdürlüğü;Sağlık Memuru;İzmir;Onlisans;1;;71.13;71.13;"3017;5380;8558;8559;7225";3017 - Aşağıdaki önlisans programlarından birinden mezun olmak. | 5380 - Hemşirelik | 8558 - Sağlık Memurluğu | 8559 - Sağlık Teknikerliği | 7225 - Güvenlik Tahkikatının Olumlu Sonuçlanması.;b36b266f-7956-e711-80d3-a0369f7d149c
2017;1;290940607;Batman Belediye Başkanlığı;İtfaiye Eri;Batman;Onlisans;20;;69.95;71.653;"3331;1208;8537;9023;6199;6510;7225;7300;7359";3331 - Aşağıdaki önlisans programlarından birinden mezun olmak. | 1208 - İtfaiyecilik ve Yangın Güvenliği | 8537 - İtfaiyecilik ve Sivil Savunma | 9023 - Sivil Savunma ve İtfaiyecilik | 6199 - Yerleştirme işlemlerinin ilk günü itibariyle 30 yaşını doldurmamış olmak | 6510 - C sınıfı sürücü belgesine sahip olmak | 7225 - Güvenlik Tahkikatının Olumlu Sonuçlanması. | 7300 - Bu kadro/pozisyonda vardiya sistemi uygulanmaktadır. | 7359 - (Bakınız Başvurma Özel Şartları Bölümü İtfaiye Eri).;cb6d266f-7956-e711-80d3-a0369f7d149c
2017;1;291171921;Makina ve Kimya Endüstrisi Kurumu Genel Müdürlüğü;Sağlık Memuru;Ankara;Onlisans;1;;68.113;68.113;"3017;5380;8558;8559;7225;7300";3017 - Aşağıdaki önlisans programlarından birinden mezun olmak. | 5380 - Hemşirelik | 8558 - Sağlık Memurluğu | 8559 - Sağlık Teknikerliği | 7225 - Güvenlik Tahkikatının Olumlu Sonuçlanması. | 7300 - Bu kadro/pozisyonda vardiya sistemi uygulanmaktadır.;a769266f-7956-e711-80d3-a0369f7d149c
2017;1;291171963;Makina ve Kimya Endüstrisi Kurumu Genel Müdürlüğü;Tekniker;Ankara;Onlisans;6;;66.433;80.268;"1101;3356;1241;7225;7257;7314";1101 - Cinsiyeti Erkek olmak. | 3356 - Aşağıdaki önlisans programlarından birinden mezun olmak. | 1241 - Metal İşleri | 7225 - Güvenlik Tahkikatının Olumlu Sonuçlanması. | 7257 - Seyahate ve Arazide Çalışmaya Elverişli olmak. | 7314 - (Bakınız Başvurma Özel Şartları Bölümü Makina ve Kimya Endüstrisi Kurumu Genel Müdürlüğü);ab69266f-7956-e711-80d3-a0369f7d149c
2017;1;391084195;Devlet Hava Meydanları İşletmesi Genel Müdürlüğü;Stajyer Aım Memuru;Çanakkale;Lisans;1;;99.07;99.07;"4001;7113;7225";4001 - Herhangi bir lisans programından mezun olmak. | 7113 - Son 5 Yıl İçerisinde KPDS/YDS En Az D Seviyesinde İngilizce Bilmek. | 7225 - Güvenlik Tahkikatının Olumlu Sonuçlanması.;7a6a266f-7956-e711-80d3-a0369f7d149c
2017;1;390935545;Sinop İl Özel İdaresi;Bilgisayar İşletmeni;Sinop;Lisans;1;;96.773;96.773;"4001;6225;7225";4001 - Herhangi bir lisans programından mezun olmak. | 6225 - M.E.B.'Dan Onaylı Bilgisayar İşletmeni Sertifikası Sahibi olmak. | 7225 - Güvenlik Tahkikatının Olumlu Sonuçlanması.;d26c266f-7956-e711-80d3-a0369f7d149c
2017;1;391084081;Devlet Hava Meydanları İşletmesi Genel Müdürlüğü;Mühendis;Ankara;Lisans;1;;96.091;96.091;"4669;3221;7225";4669 - Aşağıdaki lisans programlarından birinden mezun olmak. | 3221 - İnşaat Mühendisliği | 7225 - Güvenlik Tahkikatının Olumlu Sonuçlanması.;086a266f-7956-e711-80d3-a0369f7d149c
2017;1;391084243;Devlet Hava Meydanları İşletmesi Genel Müdürlüğü;Stajyer Aım Memuru;Ordu;Lisans;1;;95.851;95.851;"4001;7113;7225";4001 - Herhangi bir lisans programından mezun olmak. | 7113 - Son 5 Yıl İçerisinde KPDS/YDS En Az D Seviyesinde İngilizce Bilmek. | 7225 - Güvenlik Tahkikatının Olumlu Sonuçlanması.;776c266f-7956-e711-80d3-a0369f7d149c
2017;1;390425473;Özelleştirme İdaresi Başkanlığı;Memur;Ankara;Lisans;1;;95.626;95.626;"4001;7225";4001 - Herhangi bir lisans programından mezun olmak. | 7225 - Güvenlik Tahkikatının Olumlu Sonuçlanması.;8a69266f-7956-e711-80d3-a0369f7d149c
2017;1;390073439;Çalışma ve Sosyal Güvenlik Bakanlığı;Kimyager;Kayseri;Lisans;1;;95.518;95.518;"4559;3240;4569;3132;7163;7225";4559 - Aşağıdaki lisans programlarından birinden mezun olmak. | 3240 - Kimya | 4569 - Aşağıdaki lisans programlarından birinden mezun olmak. | 3132 - Biyokimya | 7163 - C Sınıfı İş Güvenliği Uzmanı belgesine sahip olmak. | 7225 - Güvenlik Tahkikatının Olumlu Sonuçlanması.;f76b266f-7956-e711-80d3-a0369f7d149c
2017;1;391084237;Devlet Hava Meydanları İşletmesi Genel Müdürlüğü;Stajyer Aım Memuru;Nevşehir;Lisans;1;;94.815;94.815;"4001;7113;7225";4001 - Herhangi bir lisans programından mezun olmak. | 7113 - Son 5 Yıl İçerisinde KPDS/YDS En Az D Seviyesinde İngilizce Bilmek. | 7225 - Güvenlik Tahkikatının Olumlu Sonuçlanması.;706c266f-7956-e711-80d3-a0369f7d149c
2017;1;391084201;Devlet Hava Meydanları İşletmesi Genel Müdürlüğü;Stajyer Aım Memuru;Elazığ;Lisans;1;;94.776;94.776;"4001;7113;7225";4001 - Herhangi bir lisans programından mezun olmak. | 7113 - Son 5 Yıl İçerisinde KPDS/YDS En Az D Seviyesinde İngilizce Bilmek. | 7225 - Güvenlik Tahkikatının Olumlu Sonuçlanması.;d56a266f-7956-e711-80d3-a0369f7d149c
2017;1;391084111;Devlet Hava Meydanları İşletmesi Genel Müdürlüğü;Mühendis;Gaziantep;Lisans;1;;94.759;94.759;"4611;3160;3162;7225;7322";4611 - Aşağıdaki lisans programlarından birinden mezun olmak. | 3160 - Elektrik Mühendisliği | 3162 - Elektrik ve Elektronik Mühendisliği / Elektrik-Elektronik Mühendisliği | 7225 - Güvenlik Tahkikatının Olumlu Sonuçlanması. | 7322 - (Bakınız Başvurma Özel Şartları Bölümü Devlet Hava Meydanları İşletmesi Genel Müdürlüğü).;096b266f-7956-e711-80d3-a0369f7d149c
2017;1;391084123;Devlet Hava Meydanları İşletmesi Genel Müdürlüğü;Mühendis;Kayseri;Lisans;1;;94.66;94.66;"4611;3160;3162;7225;7322";4611 - Aşağıdaki lisans programlarından birinden mezun olmak. | 3160 - Elektrik Mühendisliği | 3162 - Elektrik ve Elektronik Mühendisliği / Elektrik-Elektronik Mühendisliği | 7225 - Güvenlik Tahkikatının Olumlu Sonuçlanması. | 7322 - (Bakınız Başvurma Özel Şartları Bölümü Devlet Hava Meydanları İşletmesi Genel Müdürlüğü).;f06b266f-7956-e711-80d3-a0369f7d149c
2017;1;391084093;Devlet Hava Meydanları İşletmesi Genel Müdürlüğü;Mühendis;Ankara;Lisans;3;;94.498;98.8;"4639;3252;4314;7225";4639 - Aşağıdaki lisans programlarından birinden mezun olmak. | 3252 - Makine Mühendisliği | 4314 - Makine ve İmalat Mühendisliği | 7225 - Güvenlik Tahkikatının Olumlu Sonuçlanması.;0a6a266f-7956-e711-80d3-a0369f7d149c
2017;1;391084069;Devlet Hava Meydanları İşletmesi Genel Müdürlüğü;Mühendis;Ankara;Lisans;1;;94.288;94.288;"4611;3160;3162;7225;7322";4611 - Aşağıdaki lisans programlarından birinden mezun olmak. | 3160 - Elektrik Mühendisliği | 3162 - Elektrik ve Elektronik Mühendisliği / Elektrik-Elektronik Mühendisliği | 7225 - Güvenlik Tahkikatının Olumlu Sonuçlanması. | 7322 - (Bakınız Başvurma Özel Şartları Bölümü Devlet Hava Meydanları İşletmesi Genel Müdürlüğü).;066a266f-7956-e711-80d3-a0369f7d149c
2017;1;310775437;Mustafa Kemal Üniversitesi;Mühendis;Hatay;Lisans;1;;94.087;94.087;"4577;3134;7225";4577 - Aşağıdaki lisans programlarından birinden mezun olmak. | 3134 - Biyomedikal Mühendisliği | 7225 - Güvenlik Tahkikatının Olumlu Sonuçlanması.;2a6b266f-7956-e711-80d3-a0369f7d149c
2017;1;391084183;Devlet Hava Meydanları İşletmesi Genel Müdürlüğü;Stajyer Aım Memuru;Ankara;Lisans;8;;94.08;96.238;"4001;7113;7225";4001 - Herhangi bir lisans programından mezun olmak. | 7113 - Son 5 Yıl İçerisinde KPDS/YDS En Az D Seviyesinde İngilizce Bilmek. | 7225 - Güvenlik Tahkikatının Olumlu Sonuçlanması.;036a266f-7956-e711-80d3-a0369f7d149c
2017;1;391276871;Türkiye Elektrik İletim.A.Ş.Gen.Md.;Mühendis;İzmir;Lisans;1;;94.048;94.048;"4611;3160;3162;7109;7225;7257";4611 - Aşağıdaki lisans programlarından birinden mezun olmak. | 3160 - Elektrik Mühendisliği | 3162 - Elektrik ve Elektronik Mühendisliği / Elektrik-Elektronik Mühendisliği | 7109 - Son 5 Yıl İçerisinde KPDS/YDS En Az B Seviyesinde İngilizce Bilmek. | 7225 - Güvenlik Tahkikatının Olumlu Sonuçlanması. | 7257 - Seyahate ve Arazide Çalışmaya Elverişli olmak.;c26b266f-7956-e711-80d3-a0369f7d149c
2017;1;391276931;Türkiye Elektrik İletim.A.Ş.Gen.Md.;Mühendis;Samsun;Lisans;1;;94.01;94.01;"4611;3160;3162;7225;7257";4611 - Aşağıdaki lisans programlarından birinden mezun olmak. | 3160 - Elektrik Mühendisliği | 3162 - Elektrik ve Elektronik Mühendisliği / Elektrik-Elektronik Mühendisliği | 7225 - Güvenlik Tahkikatının Olumlu Sonuçlanması. | 7257 - Seyahate ve Arazide Çalışmaya Elverişli olmak.;bc6c266f-7956-e711-80d3-a0369f7d149c
2017;1;391276631;Türkiye Elektrik İletim.A.Ş.Gen.Md.;Mühendis;Ankara;Lisans;1;;93.893;93.893;"4639;3252;4314;7225;7257";4639 - Aşağıdaki lisans programlarından birinden mezun olmak. | 3252 - Makine Mühendisliği | 4314 - Makine ve İmalat Mühendisliği | 7225 - Güvenlik Tahkikatının Olumlu Sonuçlanması. | 7257 - Seyahate ve Arazide Çalışmaya Elverişli olmak.;d869266f-7956-e711-80d3-a0369f7d149c
2017;1;391084075;Devlet Hava Meydanları İşletmesi Genel Müdürlüğü;Mühendis;Ankara;Lisans;2;;93.863;95.603;"4531;3124;5103;5137;8141;8156;8309;7225";4531 - Aşağıdaki lisans programlarından birinden mezun olmak. | 3124 - Bilgisayar Mühendisliği | 5103 - Bilişim Sistemleri Mühendisliği | 5137 - Bilgisayar Bilimi ve Mühendisliği / Bilgisayar Bilimleri Mühendisliği | 8141 - Kontrol ve Bilgisayar Mühendisliği | 8156 - Bilgisayar ve Enformatik Mühendisliği | 8309 - Bilgisayar Donanımı ve Teknolojisi | 7225 - Güvenlik Tahkikatının Olumlu Sonuçlanması.;076a266f-7956-e711-80d3-a0369f7d149c
2017;1;391083937;Devlet Hava Meydanları İşletmesi Genel Müdürlüğü;Memur;Hatay;Lisans;1;;93.778;93.778;"4421;3159;3213;5131;8208;4431;3226;3361;3381;5123;8207;8208;8296;8334;7225";4421 - Aşağıdaki lisans programlarından birinden mezun olmak. | 3159 - Ekonomi | 3213 - İktisat | 5131 - Uluslararası Ticaret ve Finansman | 8208 - İş İdaresi ve İktisat | 4431 - Aşağıdaki lisans programlarından birinden mezun olmak. | 3226 - İşletme / İşletmecilik | 3361 - Yönetim Bilişim Sistemleri | 3381 - Muhasebe-Finansman | 5123 - Muhasebe ve Finansal Yönetim / Muhasebe ve Finans Yönetimi | 8207 - İş İdaresi | 8208 - İş İdaresi ve İktisat | 8296 - Yönetim ve Organizasyon | 8334 - Pazarlama | 7225 - Güvenlik Tahkikatının Olumlu Sonuçlanması.;2d6b266f-7956-e711-80d3-a0369f7d149c
2017;1;391377159;Türkiye Vagon Sanayii A..Ş. Genel Müdürlüğü;Mühendis;Sakarya;Lisans;1;;93.662;93.662;"4703;3168;8318;9321;7113;7225";4703 - Aşağıdaki lisans programlarından birinden mezun olmak. | 3168 - Endüstri Mühendisliği | 8318 - Endüstri Sistemleri Mühendisliği | 9321 - Endüstri Sistem Mühendisliği | 7113 - Son 5 Yıl İçerisinde KPDS/YDS En Az D Seviyesinde İngilizce Bilmek. | 7225 - Güvenlik Tahkikatının Olumlu Sonuçlanması.;a76c266f-7956-e711-80d3-a0369f7d149c
2017;1;391084177;Devlet Hava Meydanları İşletmesi Genel Müdürlüğü;Stajyer Aım Memuru;Adana;Lisans;2;;93.615;96.587;"4001;7113;7225";4001 - Herhangi bir lisans programından mezun olmak. | 7113 - Son 5 Yıl İçerisinde KPDS/YDS En Az D Seviyesinde İngilizce Bilmek. | 7225 - Güvenlik Tahkikatının Olumlu Sonuçlanması.;4169266f-7956-e711-80d3-a0369f7d149c
2017;1;391276679;Türkiye Elektrik İletim.A.Ş.Gen.Md.;Mühendis;Ankara;Lisans;1;;93.515;93.515;"4639;3252;4314;7225;7257";4639 - Aşağıdaki lisans programlarından birinden mezun olmak. | 3252 - Makine Mühendisliği | 4314 - Makine ve İmalat Mühendisliği | 7225 - Güvenlik Tahkikatının Olumlu Sonuçlanması. | 7257 - Seyahate ve Arazide Çalışmaya Elverişli olmak.;e069266f-7956-e711-80d3-a0369f7d149c
2017;1;390837291;Vakıflar Genel Müdürlüğü;Mimar;Bursa;Lisans;1;;93.468;93.468;"4747;3263;7225";4747 - Aşağıdaki lisans programlarından birinden mezun olmak. | 3263 - Mimarlık | 7225 - Güvenlik Tahkikatının Olumlu Sonuçlanması.;536a266f-7956-e711-80d3-a0369f7d149c
2017;1;390465773;Sosyal Güvenlik Kurumu Başkanlığı;Memur;Antalya;Lisans;1;;93.445;93.445;"4421;3159;3213;5131;8208;4431;3226;3361;3381;5123;8207;8208;8296;8334;4459;3254;4322;8225;4469;3306;5127;4503;3237;3313;3314;4507;3313;3315;3352;3353;5116;5142;7225";4421 - Aşağıdaki lisans programlarından birinden mezun olmak. | 3159 - Ekonomi | 3213 - İktisat | 5131 - Uluslararası Ticaret ve Finansman | 8208 - İş İdaresi ve İktisat | 4431 - Aşağıdaki lisans programlarından birinden mezun olmak. | 3226 - İşletme / İşletmecilik | 3361 - Yönetim Bilişim Sistemleri | 3381 - Muhasebe-Finansman | 5123 - Muhasebe ve Finansal Yönetim / Muhasebe ve Finans Yönetimi | 8207 - İş İdaresi | 8208 - İş İdaresi ve İktisat | 8296 - Yönetim ve Organizasyon | 8334 - Pazarlama | 4459 - Aşağıdaki lisans programlarından birinden mezun olmak. | 3254 - Maliye | 4322 - Muhasebe ve Maliye | 8225 - Maliye-Muhasebe | 4469 - Aşağıdaki lisans programlarından birinden mezun olmak. | 3306 - Sigortacılık | 5127 - Sigortacılık ve Risk Yönetimi | 4503 - Aşağıdaki lisans programlarından birinden mezun olmak. | 3237 - Kamu Yönetimi | 3313 - Siyaset Bilimi | 3314 - Siyaset Bilimi ve Kamu Yönetimi | 4507 - Aşağıdaki lisans programlarından birinden mezun olmak. | 3313 - Siyaset Bilimi | 3315 - Siyaset Bilimi ve Uluslararası İlişkiler | 3352 - Uluslararası İlişkiler | 3353 - Uluslararası İlişkiler ve Avrupa Birliği | 5116 - Küresel ve Uluslararası İlişkiler / Küresel Siyaset ve Uluslararası İlişkiler | 5142 - Toplumsal ve Siyasal Bilimler | 7225 - Güvenlik Tahkikatının Olumlu Sonuçlanması.;1f6a266f-7956-e711-80d3-a0369f7d149c
2017;1;391276865;Türkiye Elektrik İletim.A.Ş.Gen.Md.;Mühendis;İzmir;Lisans;2;;93.445;93.632;"4611;3160;3162;7225;7257";4611 - Aşağıdaki lisans programlarından birinden mezun olmak. | 3160 - Elektrik Mühendisliği | 3162 - Elektrik ve Elektronik Mühendisliği / Elektrik-Elektronik Mühendisliği | 7225 - Güvenlik Tahkikatının Olumlu Sonuçlanması. | 7257 - Seyahate ve Arazide Çalışmaya Elverişli olmak.;c16b266f-7956-e711-80d3-a0369f7d149c
2017;1;390807105;Türkiye İş Kurumu Genel Müdürlüğü;Diyetisyen;Ankara;Lisans;1;;93.445;93.445;"4797;3122;7225";4797 - Aşağıdaki lisans programlarından birinden mezun olmak. | 3122 - Beslenme ve Diyetetik | 7225 - Güvenlik Tahkikatının Olumlu Sonuçlanması.;c869266f-7956-e711-80d3-a0369f7d149c
2017;1;391276937;Türkiye Elektrik İletim.A.Ş.Gen.Md.;Mühendis;Samsun;Lisans;1;;93.359;93.359;"4639;3252;4314;7225;7257";4639 - Aşağıdaki lisans programlarından birinden mezun olmak. | 3252 - Makine Mühendisliği | 4314 - Makine ve İmalat Mühendisliği | 7225 - Güvenlik Tahkikatının Olumlu Sonuçlanması. | 7257 - Seyahate ve Arazide Çalışmaya Elverişli olmak.;bd6c266f-7956-e711-80d3-a0369f7d149c
2017;1;390947381;Yenişehir (Diyarbakır) Belediye Başkanlığı;Mimar;Diyarbakır;Lisans;1;;93.321;93.321;"4747;3263;7225";4747 - Aşağıdaki lisans programlarından birinden mezun olmak. | 3263 - Mimarlık | 7225 - Güvenlik Tahkikatının Olumlu Sonuçlanması.;b66a266f-7956-e711-80d3-a0369f7d149c
2017;1;391084213;Devlet Hava Meydanları İşletmesi Genel Müdürlüğü;Stajyer Aım Memuru;Gaziantep;Lisans;2;;93.284;94.466;"4001;7113;7225";4001 - Herhangi bir lisans programından mezun olmak. | 7113 - Son 5 Yıl İçerisinde KPDS/YDS En Az D Seviyesinde İngilizce Bilmek. | 7225 - Güvenlik Tahkikatının Olumlu Sonuçlanması.;0a6b266f-7956-e711-80d3-a0369f7d149c
2017;1;391276925;Türkiye Elektrik İletim.A.Ş.Gen.Md.;Mühendis;Sakarya;Lisans;1;;93.188;93.188;"4611;3160;3162;7225;7257";4611 - Aşağıdaki lisans programlarından birinden mezun olmak. | 3160 - Elektrik Mühendisliği | 3162 - Elektrik ve Elektronik Mühendisliği / Elektrik-Elektronik Mühendisliği | 7225 - Güvenlik Tahkikatının Olumlu Sonuçlanması. | 7257 - Seyahate ve Arazide Çalışmaya Elverişli olmak.;aa6c266f-7956-e711-80d3-a0369f7d149c
2017;1;390597069;Türkiye İstatistik Kurumu Başkanlığı;Mühendis;Ankara;Lisans;1;;93.188;93.188;"4611;3160;3162;7225";4611 - Aşağıdaki lisans programlarından birinden mezun olmak. | 3160 - Elektrik Mühendisliği | 3162 - Elektrik ve Elektronik Mühendisliği / Elektrik-Elektronik Mühendisliği | 7225 - Güvenlik Tahkikatının Olumlu Sonuçlanması.;9069266f-7956-e711-80d3-a0369f7d149c
2017;1;391084063;Devlet Hava Meydanları İşletmesi Genel Müdürlüğü;Mühendis;Ankara;Lisans;5;;93.128;96.091;"4619;3162;3163;3166;3331;8323;7111;7225;7322";4619 - Aşağıdaki lisans programlarından birinden mezun olmak. | 3162 - Elektrik ve Elektronik Mühendisliği / Elektrik-Elektronik Mühendisliği | 3163 - Elektronik Mühendisliği | 3166 - Elektronik ve Haberleşme Mühendisliği | 3331 - Telekomünikasyon Mühendisliği | 8323 - Haberleşme Mühendisliği | 7111 - Son 5 Yıl İçerisinde KPDS/YDS En Az C Seviyesinde İngilizce Bilmek. | 7225 - Güvenlik Tahkikatının Olumlu Sonuçlanması. | 7322 - (Bakınız Başvurma Özel Şartları Bölümü Devlet Hava Meydanları İşletmesi Genel Müdürlüğü).;056a266f-7956-e711-80d3-a0369f7d149c
2017;1;391084129;Devlet Hava Meydanları İşletmesi Genel Müdürlüğü;Mühendis;Muğla;Lisans;1;;93.128;93.128;"4669;3221;7225";4669 - Aşağıdaki lisans programlarından birinden mezun olmak. | 3221 - İnşaat Mühendisliği | 7225 - Güvenlik Tahkikatının Olumlu Sonuçlanması.;506c266f-7956-e711-80d3-a0369f7d149c
2017;1;391084189;Devlet Hava Meydanları İşletmesi Genel Müdürlüğü;Stajyer Aım Memuru;Balıkesir;Lisans;2;;93.042;93.104;"4001;7113;7225";4001 - Herhangi bir lisans programından mezun olmak. | 7113 - Son 5 Yıl İçerisinde KPDS/YDS En Az D Seviyesinde İngilizce Bilmek. | 7225 - Güvenlik Tahkikatının Olumlu Sonuçlanması.;366a266f-7956-e711-80d3-a0369f7d149c
2017;1;391084159;Devlet Hava Meydanları İşletmesi Genel Müdürlüğü;Mühendis;Trabzon;Lisans;1;;92.988;92.988;"4669;3221;7225";4669 - Aşağıdaki lisans programlarından birinden mezun olmak. | 3221 - İnşaat Mühendisliği | 7225 - Güvenlik Tahkikatının Olumlu Sonuçlanması.;1c6d266f-7956-e711-80d3-a0369f7d149c
2017;1;391276967;Türkiye Elektrik İletim.A.Ş.Gen.Md.;Mühendis;Trabzon;Lisans;1;;92.966;92.966;"4611;3160;3162;7225;7257";4611 - Aşağıdaki lisans programlarından birinden mezun olmak. | 3160 - Elektrik Mühendisliği | 3162 - Elektrik ve Elektronik Mühendisliği / Elektrik-Elektronik Mühendisliği | 7225 - Güvenlik Tahkikatının Olumlu Sonuçlanması. | 7257 - Seyahate ve Arazide Çalışmaya Elverişli olmak.;156d266f-7956-e711-80d3-a0369f7d149c
2017;1;390933721;Çorum İl Özel İdaresi;Mühendis;Çorum;Lisans;1;;92.919;92.919;"4703;3168;8318;9321;7225";4703 - Aşağıdaki lisans programlarından birinden mezun olmak. | 3168 - Endüstri Mühendisliği | 8318 - Endüstri Sistemleri Mühendisliği | 9321 - Endüstri Sistem Mühendisliği | 7225 - Güvenlik Tahkikatının Olumlu Sonuçlanması.;946a266f-7956-e711-80d3-a0369f7d149c
2017;1;390837273;Vakıflar Genel Müdürlüğü;Mimar;Aydın;Lisans;1;;92.918;92.918;"4747;3263;7225";4747 - Aşağıdaki lisans programlarından birinden mezun olmak. | 3263 - Mimarlık | 7225 - Güvenlik Tahkikatının Olumlu Sonuçlanması.;2b6a266f-7956-e711-80d3-a0369f7d149c
2017;1;391084141;Devlet Hava Meydanları İşletmesi Genel Müdürlüğü;Mühendis;Muğla;Lisans;1;;92.88;92.88;"4669;3221;7225";4669 - Aşağıdaki lisans programlarından birinden mezun olmak. | 3221 - İnşaat Mühendisliği | 7225 - Güvenlik Tahkikatının Olumlu Sonuçlanması.;526c266f-7956-e711-80d3-a0369f7d149c
2017;1;391276625;Türkiye Elektrik İletim.A.Ş.Gen.Md.;Mühendis;Ankara;Lisans;2;;92.856;93.019;"4531;3124;5103;5137;8141;8156;8309;7225";4531 - Aşağıdaki lisans programlarından birinden mezun olmak. | 3124 - Bilgisayar Mühendisliği | 5103 - Bilişim Sistemleri Mühendisliği | 5137 - Bilgisayar Bilimi ve Mühendisliği / Bilgisayar Bilimleri Mühendisliği | 8141 - Kontrol ve Bilgisayar Mühendisliği | 8156 - Bilgisayar ve Enformatik Mühendisliği | 8309 - Bilgisayar Donanımı ve Teknolojisi | 7225 - Güvenlik Tahkikatının Olumlu Sonuçlanması.;d769266f-7956-e711-80d3-a0369f7d149c
2017;1;391276949;Türkiye Elektrik İletim.A.Ş.Gen.Md.;Mühendis;Şanlıurfa;Lisans;1;;92.856;92.856;"4611;3160;3162;7225;7257";4611 - Aşağıdaki lisans programlarından birinden mezun olmak. | 3160 - Elektrik Mühendisliği | 3162 - Elektrik ve Elektronik Mühendisliği / Elektrik-Elektronik Mühendisliği | 7225 - Güvenlik Tahkikatının Olumlu Sonuçlanması. | 7257 - Seyahate ve Arazide Çalışmaya Elverişli olmak.;516d266f-7956-e711-80d3-a0369f7d149c
2017;1;391276817;Türkiye Elektrik İletim.A.Ş.Gen.Md.;Mühendis;İstanbul;Lisans;2;;92.787;93.716;"4611;3160;3162;7225;7257";4611 - Aşağıdaki lisans programlarından birinden mezun olmak. | 3160 - Elektrik Mühendisliği | 3162 - Elektrik ve Elektronik Mühendisliği / Elektrik-Elektronik Mühendisliği | 7225 - Güvenlik Tahkikatının Olumlu Sonuçlanması. | 7257 - Seyahate ve Arazide Çalışmaya Elverişli olmak.;686b266f-7956-e711-80d3-a0369f7d149c
2017;1;391175245;Makina ve Kimya Endüstrisi Kurumu Genel Müdürlüğü;Mühendis;Ankara;Lisans;1;;92.701;92.701;"4639;3252;4314;7111;7225";4639 - Aşağıdaki lisans programlarından birinden mezun olmak. | 3252 - Makine Mühendisliği | 4314 - Makine ve İmalat Mühendisliği | 7111 - Son 5 Yıl İçerisinde KPDS/YDS En Az C Seviyesinde İngilizce Bilmek. | 7225 - Güvenlik Tahkikatının Olumlu Sonuçlanması.;f769266f-7956-e711-80d3-a0369f7d149c
2017;1;391084261;Devlet Hava Meydanları İşletmesi Genel Müdürlüğü;Stajyer Aım Memuru;Tekirdağ;Lisans;2;;92.693;94.001;"4001;7113;7225";4001 - Herhangi bir lisans programından mezun olmak. | 7113 - Son 5 Yıl İçerisinde KPDS/YDS En Az D Seviyesinde İngilizce Bilmek. | 7225 - Güvenlik Tahkikatının Olumlu Sonuçlanması.;f56c266f-7956-e711-80d3-a0369f7d149c
2017;1;391084225;Devlet Hava Meydanları İşletmesi Genel Müdürlüğü;Stajyer Aım Memuru;Isparta;Lisans;2;;92.671;93.476;"4001;7113;7225";4001 - Herhangi bir lisans programından mezun olmak. | 7113 - Son 5 Yıl İçerisinde KPDS/YDS En Az D Seviyesinde İngilizce Bilmek. | 7225 - Güvenlik Tahkikatının Olumlu Sonuçlanması.;346b266f-7956-e711-80d3-a0369f7d149c
2017;1;391276691;Türkiye Elektrik İletim.A.Ş.Gen.Md.;Mühendis;Antalya;Lisans;2;;92.664;93.877;"4611;3160;3162;7225;7257";4611 - Aşağıdaki lisans programlarından birinden mezun olmak. | 3160 - Elektrik Mühendisliği | 3162 - Elektrik ve Elektronik Mühendisliği / Elektrik-Elektronik Mühendisliği | 7225 - Güvenlik Tahkikatının Olumlu Sonuçlanması. | 7257 - Seyahate ve Arazide Çalışmaya Elverişli olmak.;176a266f-7956-e711-80d3-a0369f7d149c
2017;1;391337141;Türkiye Lokomotif ve Motor Sanayii A.Ş. Genel Müdürlüğü;Mühendis;Eskişehir;Lisans;1;;92.516;92.516;"4639;3252;4314;7109;7225";4639 - Aşağıdaki lisans programlarından birinden mezun olmak. | 3252 - Makine Mühendisliği | 4314 - Makine ve İmalat Mühendisliği | 7109 - Son 5 Yıl İçerisinde KPDS/YDS En Az B Seviyesinde İngilizce Bilmek. | 7225 - Güvenlik Tahkikatının Olumlu Sonuçlanması.;ff6a266f-7956-e711-80d3-a0369f7d149c
2017;1;310223343;Boğaziçi Üniversitesi;Mühendis;İstanbul;Lisans;1;;92.501;92.501;"4561;6241;9192;9226;7163;7225";4561 - Aşağıdaki lisans programlarından birinden mezun olmak. | 6241 - Kimya Mühendisliği | 9192 - Kimya ve Süreç Mühendisliği | 9226 - Kimya Mühendisliği ve Uygulamalı Kimya | 7163 - C Sınıfı İş Güvenliği Uzmanı belgesine sahip olmak. | 7225 - Güvenlik Tahkikatının Olumlu Sonuçlanması.;946b266f-7956-e711-80d3-a0369f7d149c
2017;1;310926133;Süleyman Demirel Üniversitesi;Diyetisyen;Isparta;Lisans;1;;92.453;92.453;"4797;3122;7225";4797 - Aşağıdaki lisans programlarından birinden mezun olmak. | 3122 - Beslenme ve Diyetetik | 7225 - Güvenlik Tahkikatının Olumlu Sonuçlanması.;3a6b266f-7956-e711-80d3-a0369f7d149c
2017;1;391276727;Türkiye Elektrik İletim.A.Ş.Gen.Md.;Mühendis;Bursa;Lisans;2;;92.407;92.516;"4611;3160;3162;7225;7257";4611 - Aşağıdaki lisans programlarından birinden mezun olmak. | 3160 - Elektrik Mühendisliği | 3162 - Elektrik ve Elektronik Mühendisliği / Elektrik-Elektronik Mühendisliği | 7225 - Güvenlik Tahkikatının Olumlu Sonuçlanması. | 7257 - Seyahate ve Arazide Çalışmaya Elverişli olmak.;586a266f-7956-e711-80d3-a0369f7d149c
2017;1;310977195;Uludağ Üniversitesi;Mühendis;Bursa;Lisans;1;;92.354;92.354;"4639;3252;4314;7225";4639 - Aşağıdaki lisans programlarından birinden mezun olmak. | 3252 - Makine Mühendisliği | 4314 - Makine ve İmalat Mühendisliği | 7225 - Güvenlik Tahkikatının Olumlu Sonuçlanması.;6f6a266f-7956-e711-80d3-a0369f7d149c
2017;1;391276739;Türkiye Elektrik İletim.A.Ş.Gen.Md.;Mühendis;Çanakkale;Lisans;1;;92.331;92.331;"4611;3160;3162;7225;7257";4611 - Aşağıdaki lisans programlarından birinden mezun olmak. | 3160 - Elektrik Mühendisliği | 3162 - Elektrik ve Elektronik Mühendisliği / Elektrik-Elektronik Mühendisliği | 7225 - Güvenlik Tahkikatının Olumlu Sonuçlanması. | 7257 - Seyahate ve Arazide Çalışmaya Elverişli olmak.;776a266f-7956-e711-80d3-a0369f7d149c
2017;1;391084231;Devlet Hava Meydanları İşletmesi Genel Müdürlüğü;Stajyer Aım Memuru;İstanbul;Lisans;16;;92.292;98.567;"4001;7113;7225";4001 - Herhangi bir lisans programından mezun olmak. | 7113 - Son 5 Yıl İçerisinde KPDS/YDS En Az D Seviyesinde İngilizce Bilmek. | 7225 - Güvenlik Tahkikatının Olumlu Sonuçlanması.;706b266f-7956-e711-80d3-a0369f7d149c
2017;1;390947513;Zeytinburnu Belediye Başkanlığı;Memur;İstanbul;Lisans;1;;92.268;92.268;"4177;6318;9403;6225;7225";4177 - Aşağıdaki lisans programlarından birinden mezun olmak. | 6318 - Sosyal Hizmetler / Sosyal Hizmet | 9403 - Sosyal Çalışmalar | 6225 - M.E.B.'Dan Onaylı Bilgisayar İşletmeni Sertifikası Sahibi olmak. | 7225 - Güvenlik Tahkikatının Olumlu Sonuçlanması.;596b266f-7956-e711-80d3-a0369f7d149c
2017;1;391276853;Türkiye Elektrik İletim.A.Ş.Gen.Md.;Mühendis;İzmir;Lisans;1;;92.245;92.245;"4611;3160;3162;7225;7257";4611 - Aşağıdaki lisans programlarından birinden mezun olmak. | 3160 - Elektrik Mühendisliği | 3162 - Elektrik ve Elektronik Mühendisliği / Elektrik-Elektronik Mühendisliği | 7225 - Güvenlik Tahkikatının Olumlu Sonuçlanması. | 7257 - Seyahate ve Arazide Çalışmaya Elverişli olmak.;bf6b266f-7956-e711-80d3-a0369f7d149c
2017;1;390937201;Uşak İl Özel İdaresi;Anbar Memuru;Uşak;Lisans;1;;92.208;92.208;"4001;7225";4001 - Herhangi bir lisans programından mezun olmak. | 7225 - Güvenlik Tahkikatının Olumlu Sonuçlanması.;546d266f-7956-e711-80d3-a0369f7d149c
2017;1;391083877;Devlet Hava Meydanları İşletmesi Genel Müdürlüğü;Memur;Ankara;Lisans;1;;92.184;92.184;"4503;3237;3313;3314;7225";4503 - Aşağıdaki lisans programlarından birinden mezun olmak. | 3237 - Kamu Yönetimi | 3313 - Siyaset Bilimi | 3314 - Siyaset Bilimi ve Kamu Yönetimi | 7225 - Güvenlik Tahkikatının Olumlu Sonuçlanması.;026a266f-7956-e711-80d3-a0369f7d149c
2017;1;390684321;Devlet Su İşleri Genel Müdürlüğü;Avukat;Adana;Lisans;1;;92.176;92.176;"4419;3209;7205;7225;7257;7361";4419 - Aşağıdaki lisans programlarından birinden mezun olmak. | 3209 - Hukuk | 7205 - Avukatlık Ruhsatı Sahibi olmak. | 7225 - Güvenlik Tahkikatının Olumlu Sonuçlanması. | 7257 - Seyahate ve Arazide Çalışmaya Elverişli olmak. | 7361 - (Bakınız Başvurma Özel Şartları Bölümü Avukat).;3f69266f-7956-e711-80d3-a0369f7d149c
2017;1;391276709;Türkiye Elektrik İletim.A.Ş.Gen.Md.;Mühendis;Aydın;Lisans;1;;92.175;92.175;"4639;3252;4314;7225;7257";4639 - Aşağıdaki lisans programlarından birinden mezun olmak. | 3252 - Makine Mühendisliği | 4314 - Makine ve İmalat Mühendisliği | 7225 - Güvenlik Tahkikatının Olumlu Sonuçlanması. | 7257 - Seyahate ve Arazide Çalışmaya Elverişli olmak.;286a266f-7956-e711-80d3-a0369f7d149c
2017;1;391084057;Devlet Hava Meydanları İşletmesi Genel Müdürlüğü;Mühendis;Ankara;Lisans;1;;92.145;92.145;"4677;3142;7225";4677 - Aşağıdaki lisans programlarından birinden mezun olmak. | 3142 - Çevre Mühendisliği | 7225 - Güvenlik Tahkikatının Olumlu Sonuçlanması.;046a266f-7956-e711-80d3-a0369f7d149c
2017;1;391084249;Devlet Hava Meydanları İşletmesi Genel Müdürlüğü;Stajyer Aım Memuru;Sinop;Lisans;2;;92.145;93.027;"4001;7113;7225";4001 - Herhangi bir lisans programından mezun olmak. | 7113 - Son 5 Yıl İçerisinde KPDS/YDS En Az D Seviyesinde İngilizce Bilmek. | 7225 - Güvenlik Tahkikatının Olumlu Sonuçlanması.;d06c266f-7956-e711-80d3-a0369f7d149c
2017;1;391276901;Türkiye Elektrik İletim.A.Ş.Gen.Md.;Mühendis;Konya;Lisans;2;;92.069;97.035;"4611;3160;3162;7225;7257";4611 - Aşağıdaki lisans programlarından birinden mezun olmak. | 3160 - Elektrik Mühendisliği | 3162 - Elektrik ve Elektronik Mühendisliği / Elektrik-Elektronik Mühendisliği | 7225 - Güvenlik Tahkikatının Olumlu Sonuçlanması. | 7257 - Seyahate ve Arazide Çalışmaya Elverişli olmak.;1c6c266f-7956-e711-80d3-a0369f7d149c
2017;1;391276667;Türkiye Elektrik İletim.A.Ş.Gen.Md.;Mühendis;Ankara;Lisans;1;;92.059;92.059;"4611;3160;3162;7225;7257";4611 - Aşağıdaki lisans programlarından birinden mezun olmak. | 3160 - Elektrik Mühendisliği | 3162 - Elektrik ve Elektronik Mühendisliği / Elektrik-Elektronik Mühendisliği | 7225 - Güvenlik Tahkikatının Olumlu Sonuçlanması. | 7257 - Seyahate ve Arazide Çalışmaya Elverişli olmak.;de69266f-7956-e711-80d3-a0369f7d149c
2017;1;390933499;Çanakkale İl Özel İdaresi;Mühendis;Çanakkale;Lisans;1;;92.052;92.052;"4669;3221;7225";4669 - Aşağıdaki lisans programlarından birinden mezun olmak. | 3221 - İnşaat Mühendisliği | 7225 - Güvenlik Tahkikatının Olumlu Sonuçlanması.;7b6a266f-7956-e711-80d3-a0369f7d149c
2017;1;391276847;Türkiye Elektrik İletim.A.Ş.Gen.Md.;Mühendis;İstanbul;Lisans;2;;92.014;92.3;"4611;3160;3162;7225;7257";4611 - Aşağıdaki lisans programlarından birinden mezun olmak. | 3160 - Elektrik Mühendisliği | 3162 - Elektrik ve Elektronik Mühendisliği / Elektrik-Elektronik Mühendisliği | 7225 - Güvenlik Tahkikatının Olumlu Sonuçlanması. | 7257 - Seyahate ve Arazide Çalışmaya Elverişli olmak.;6d6b266f-7956-e711-80d3-a0369f7d149c
2017;1;390943223;Bayrampaşa Belediye Başkanlığı;Memur;İstanbul;Lisans;1;;91.984;91.984;"4285;3287;3288;3289;3307;3308;5126;8246;8247;8292;7225";4285 - Aşağıdaki lisans programlarından birinden mezun olmak. | 3287 - Radyo, Sinema ve Televizyon / Radyo, Televizyon ve Sinema / Radyo-Televizyon, Sinema | 3288 - Radyo, Tv ve Sinema | 3289 - Radyo-Tv-Sinema | 3307 - Sinema ve Televizyon | 3308 - Sinema-Tv | 5126 - Radyo-Tv-Sinema ve Görsel Sanatlar | 8246 - Sinema-Tv Fotoğraf / Sinema-Tv-Fotoğraf | 8247 - Radyo ve Televizyon / Radyo-Tv | 8292 - Sinema | 7225 - Güvenlik Tahkikatının Olumlu Sonuçlanması.;476b266f-7956-e711-80d3-a0369f7d149c
2017;1;391084273;Devlet Hava Meydanları İşletmesi Genel Müdürlüğü;Stajyer Aım Memuru;Van;Lisans;2;;91.974;92.185;"4001;7113;7225";4001 - Herhangi bir lisans programından mezun olmak. | 7113 - Son 5 Yıl İçerisinde KPDS/YDS En Az D Seviyesinde İngilizce Bilmek. | 7225 - Güvenlik Tahkikatının Olumlu Sonuçlanması.;706d266f-7956-e711-80d3-a0369f7d149c
2017;1;391276913;Türkiye Elektrik İletim.A.Ş.Gen.Md.;Mühendis;Muğla;Lisans;1;;91.965;91.965;"4611;3160;3162;7225;7257";4611 - Aşağıdaki lisans programlarından birinden mezun olmak. | 3160 - Elektrik Mühendisliği | 3162 - Elektrik ve Elektronik Mühendisliği / Elektrik-Elektronik Mühendisliği | 7225 - Güvenlik Tahkikatının Olumlu Sonuçlanması. | 7257 - Seyahate ve Arazide Çalışmaya Elverişli olmak.;546c266f-7956-e711-80d3-a0369f7d149c
2017;1;391175155;Makina ve Kimya Endüstrisi Kurumu Genel Müdürlüğü;Diyetisyen;Ankara;Lisans;1;;91.951;91.951;"4797;3122;7225";4797 - Aşağıdaki lisans programlarından birinden mezun olmak. | 3122 - Beslenme ve Diyetetik | 7225 - Güvenlik Tahkikatının Olumlu Sonuçlanması.;f069266f-7956-e711-80d3-a0369f7d149c
2017;1;310255389;Manisa Celal Bayar Üniversitesi;Mimar;Manisa;Lisans;2;;91.913;92.678;"4747;3263;7225";4747 - Aşağıdaki lisans programlarından birinden mezun olmak. | 3263 - Mimarlık | 7225 - Güvenlik Tahkikatının Olumlu Sonuçlanması.;336c266f-7956-e711-80d3-a0369f7d149c
2017;1;391084153;Devlet Hava Meydanları İşletmesi Genel Müdürlüğü;Mühendis;Trabzon;Lisans;1;;91.912;91.912;"4677;3142;7225";4677 - Aşağıdaki lisans programlarından birinden mezun olmak. | 3142 - Çevre Mühendisliği | 7225 - Güvenlik Tahkikatının Olumlu Sonuçlanması.;1b6d266f-7956-e711-80d3-a0369f7d149c
2017;1;391084267;Devlet Hava Meydanları İşletmesi Genel Müdürlüğü;Stajyer Aım Memuru;Trabzon;Lisans;2;;91.912;92.594;"4001;7113;7225";4001 - Herhangi bir lisans programından mezun olmak. | 7113 - Son 5 Yıl İçerisinde KPDS/YDS En Az D Seviyesinde İngilizce Bilmek. | 7225 - Güvenlik Tahkikatının Olumlu Sonuçlanması.;1a6d266f-7956-e711-80d3-a0369f7d149c
2017;1;310255395;Manisa Celal Bayar Üniversitesi;Mühendis;Manisa;Lisans;1;;91.912;91.912;"4530;9343;4531;3124;5103;5137;8141;8156;8309;7225";4530 - Aşağıdaki lisans programlarından birinden mezun olmak. | 9343 - Bilgisayar ve Yazılım Mühendisliği | 4531 - Aşağıdaki lisans programlarından birinden mezun olmak. | 3124 - Bilgisayar Mühendisliği | 5103 - Bilişim Sistemleri Mühendisliği | 5137 - Bilgisayar Bilimi ve Mühendisliği / Bilgisayar Bilimleri Mühendisliği | 8141 - Kontrol ve Bilgisayar Mühendisliği | 8156 - Bilgisayar ve Enformatik Mühendisliği | 8309 - Bilgisayar Donanımı ve Teknolojisi | 7225 - Güvenlik Tahkikatının Olumlu Sonuçlanması.;346c266f-7956-e711-80d3-a0369f7d149c
2017;1;390837333;Vakıflar Genel Müdürlüğü;Mühendis;Kütahya;Lisans;1;;91.875;91.875;"4639;3252;4314;7225";4639 - Aşağıdaki lisans programlarından birinden mezun olmak. | 3252 - Makine Mühendisliği | 4314 - Makine ve İmalat Mühendisliği | 7225 - Güvenlik Tahkikatının Olumlu Sonuçlanması.;276c266f-7956-e711-80d3-a0369f7d149c
2017;1;390935449;Muş İl Özel İdaresi;Mühendis;Muş;Lisans;1;;91.865;91.865;"4685;3206;4334;6235;7225";4685 - Aşağıdaki lisans programlarından birinden mezun olmak. | 3206 - Hidrojeoloji Mühendisliği | 4334 - Petrol ve Doğalgaz Jeolojisi | 6235 - Jeoloji Mühendisliği | 7225 - Güvenlik Tahkikatının Olumlu Sonuçlanması.;6d6c266f-7956-e711-80d3-a0369f7d149c
2017;1;391276979;Türkiye Elektrik İletim.A.Ş.Gen.Md.;Mühendis;Trabzon;Lisans;1;;91.836;91.836;"4639;3252;4314;7225;7257";4639 - Aşağıdaki lisans programlarından birinden mezun olmak. | 3252 - Makine Mühendisliği | 4314 - Makine ve İmalat Mühendisliği | 7225 - Güvenlik Tahkikatının Olumlu Sonuçlanması. | 7257 - Seyahate ve Arazide Çalışmaya Elverişli olmak.;176d266f-7956-e711-80d3-a0369f7d149c
2017;1;391276703;Türkiye Elektrik İletim.A.Ş.Gen.Md.;Mühendis;Aydın;Lisans;2;;91.804;93.042;"4611;3160;3162;7225;7257";4611 - Aşağıdaki lisans programlarından birinden mezun olmak. | 3160 - Elektrik Mühendisliği | 3162 - Elektrik ve Elektronik Mühendisliği / Elektrik-Elektronik Mühendisliği | 7225 - Güvenlik Tahkikatının Olumlu Sonuçlanması. | 7257 - Seyahate ve Arazide Çalışmaya Elverişli olmak.;276a266f-7956-e711-80d3-a0369f7d149c
2017;1;391276895;Türkiye Elektrik İletim.A.Ş.Gen.Md.;Mühendis;Kastamonu;Lisans;1;;91.734;91.734;"4639;3252;4314;7225;7257";4639 - Aşağıdaki lisans programlarından birinden mezun olmak. | 3252 - Makine Mühendisliği | 4314 - Makine ve İmalat Mühendisliği | 7225 - Güvenlik Tahkikatının Olumlu Sonuçlanması. | 7257 - Seyahate ve Arazide Çalışmaya Elverişli olmak.;e86b266f-7956-e711-80d3-a0369f7d149c
2017;1;391073673;Çay İşletmeleri Genel Müdürlüğü;Mühendis;Rize;Lisans;1;;91.727;91.727;"4629;5119;7225";4629 - Aşağıdaki lisans programlarından birinden mezun olmak. | 5119 - Mekatronik Mühendisliği | 7225 - Güvenlik Tahkikatının Olumlu Sonuçlanması.;906c266f-7956-e711-80d3-a0369f7d149c
2017;1;391175281;Makina ve Kimya Endüstrisi Kurumu Genel Müdürlüğü;Mühendis;Ankara;Lisans;1;;91.69;91.69;"4561;6241;9192;9226;7111;7225";4561 - Aşağıdaki lisans programlarından birinden mezun olmak. | 6241 - Kimya Mühendisliği | 9192 - Kimya ve Süreç Mühendisliği | 9226 - Kimya Mühendisliği ve Uygulamalı Kimya | 7111 - Son 5 Yıl İçerisinde KPDS/YDS En Az C Seviyesinde İngilizce Bilmek. | 7225 - Güvenlik Tahkikatının Olumlu Sonuçlanması.;fd69266f-7956-e711-80d3-a0369f7d149c
2017;1;391276565;Türkiye Elektrik İletim.A.Ş.Gen.Md.;Mühendis;Adana;Lisans;2;;91.68;92.648;"4611;3160;3162;7225;7257";4611 - Aşağıdaki lisans programlarından birinden mezun olmak. | 3160 - Elektrik Mühendisliği | 3162 - Elektrik ve Elektronik Mühendisliği / Elektrik-Elektronik Mühendisliği | 7225 - Güvenlik Tahkikatının Olumlu Sonuçlanması. | 7257 - Seyahate ve Arazide Çalışmaya Elverişli olmak.;4369266f-7956-e711-80d3-a0369f7d149c
2017;1;310042917;Afyon Kocatepe Üniversitesi;Mühendis;Afyonkarahisar;Lisans;1;;91.665;91.665;"4531;3124;5103;5137;8141;8156;8309;7225";4531 - Aşağıdaki lisans programlarından birinden mezun olmak. | 3124 - Bilgisayar Mühendisliği | 5103 - Bilişim Sistemleri Mühendisliği | 5137 - Bilgisayar Bilimi ve Mühendisliği / Bilgisayar Bilimleri Mühendisliği | 8141 - Kontrol ve Bilgisayar Mühendisliği | 8156 - Bilgisayar ve Enformatik Mühendisliği | 8309 - Bilgisayar Donanımı ve Teknolojisi | 7225 - Güvenlik Tahkikatının Olumlu Sonuçlanması.;5469266f-7956-e711-80d3-a0369f7d149c
2017;1;399994651;Et ve Süt Kurumu Genel Müdürlüğü;Mühendis;Erzurum;Lisans;1;;91.627;91.627;"4799;3191;7225";4799 - Aşağıdaki lisans programlarından birinden mezun olmak. | 3191 - Gıda Mühendisliği | 7225 - Güvenlik Tahkikatının Olumlu Sonuçlanması.;ea6a266f-7956-e711-80d3-a0369f7d149c
2017;1;390935107;Kırklareli İl Özel İdaresi;Veri Hazırlama ve Kontrol İşletmeni;Kırklareli;Lisans;2;;91.603;92.686;"4001;6225;7225";4001 - Herhangi bir lisans programından mezun olmak. | 6225 - M.E.B.'Dan Onaylı Bilgisayar İşletmeni Sertifikası Sahibi olmak. | 7225 - Güvenlik Tahkikatının Olumlu Sonuçlanması.;046c266f-7956-e711-80d3-a0369f7d149c
2017;1;391276877;Türkiye Elektrik İletim.A.Ş.Gen.Md.;Mühendis;Kahramanmaraş;Lisans;2;;91.557;92.648;"4611;3160;3162;7225;7257";4611 - Aşağıdaki lisans programlarından birinden mezun olmak. | 3160 - Elektrik Mühendisliği | 3162 - Elektrik ve Elektronik Mühendisliği / Elektrik-Elektronik Mühendisliği | 7225 - Güvenlik Tahkikatının Olumlu Sonuçlanması. | 7257 - Seyahate ve Arazide Çalışmaya Elverişli olmak.;3b6c266f-7956-e711-80d3-a0369f7d149c
2017;1;391276907;Türkiye Elektrik İletim.A.Ş.Gen.Md.;Mühendis;Kütahya;Lisans;2;;91.509;91.968;"4611;3160;3162;7225;7257";4611 - Aşağıdaki lisans programlarından birinden mezun olmak. | 3160 - Elektrik Mühendisliği | 3162 - Elektrik ve Elektronik Mühendisliği / Elektrik-Elektronik Mühendisliği | 7225 - Güvenlik Tahkikatının Olumlu Sonuçlanması. | 7257 - Seyahate ve Arazide Çalışmaya Elverişli olmak.;266c266f-7956-e711-80d3-a0369f7d149c
2017;1;390947351;Viranşehir Belediye Başkanlığı;Mühendis;Şanlıurfa;Lisans;1;;91.503;91.503;"4531;3124;5103;5137;8141;8156;8309;4533;5134;7225";4531 - Aşağıdaki lisans programlarından birinden mezun olmak. | 3124 - Bilgisayar Mühendisliği | 5103 - Bilişim Sistemleri Mühendisliği | 5137 - Bilgisayar Bilimi ve Mühendisliği / Bilgisayar Bilimleri Mühendisliği | 8141 - Kontrol ve Bilgisayar Mühendisliği | 8156 - Bilgisayar ve Enformatik Mühendisliği | 8309 - Bilgisayar Donanımı ve Teknolojisi | 4533 - Aşağıdaki lisans programlarından birinden mezun olmak. | 5134 - Yazılım Mühendisliği | 7225 - Güvenlik Tahkikatının Olumlu Sonuçlanması.;336d266f-7956-e711-80d3-a0369f7d149c
2017;1;391276715;Türkiye Elektrik İletim.A.Ş.Gen.Md.;Mühendis;Batman;Lisans;3;;91.502;92.052;"4611;3160;3162;7225;7257";4611 - Aşağıdaki lisans programlarından birinden mezun olmak. | 3160 - Elektrik Mühendisliği | 3162 - Elektrik ve Elektronik Mühendisliği / Elektrik-Elektronik Mühendisliği | 7225 - Güvenlik Tahkikatının Olumlu Sonuçlanması. | 7257 - Seyahate ve Arazide Çalışmaya Elverişli olmak.;c46d266f-7956-e711-80d3-a0369f7d149c
2017;1;391276655;Türkiye Elektrik İletim.A.Ş.Gen.Md.;Mühendis;Ankara;Lisans;9;;91.495;93.274;"4611;3160;3162;7225;7257";4611 - Aşağıdaki lisans programlarından birinden mezun olmak. | 3160 - Elektrik Mühendisliği | 3162 - Elektrik ve Elektronik Mühendisliği / Elektrik-Elektronik Mühendisliği | 7225 - Güvenlik Tahkikatının Olumlu Sonuçlanması. | 7257 - Seyahate ve Arazide Çalışmaya Elverişli olmak.;dc69266f-7956-e711-80d3-a0369f7d149c
2017;1;391276559;Türkiye Elektrik İletim.A.Ş.Gen.Md.;Mimar;Ankara;Lisans;1;;91.486;91.486;"4747;3263;7225;7257";4747 - Aşağıdaki lisans programlarından birinden mezun olmak. | 3263 - Mimarlık | 7225 - Güvenlik Tahkikatının Olumlu Sonuçlanması. | 7257 - Seyahate ve Arazide Çalışmaya Elverişli olmak.;0d6a266f-7956-e711-80d3-a0369f7d149c
2017;1;391084117;Devlet Hava Meydanları İşletmesi Genel Müdürlüğü;Mühendis;İzmir;Lisans;1;;91.449;91.449;"4677;3142;7225";4677 - Aşağıdaki lisans programlarından birinden mezun olmak. | 3142 - Çevre Mühendisliği | 7225 - Güvenlik Tahkikatının Olumlu Sonuçlanması.;bd6b266f-7956-e711-80d3-a0369f7d149c
2017;1;390425479;Özelleştirme İdaresi Başkanlığı;Programcı;Ankara;Lisans;1;;91.425;91.425;"4530;9343;4531;3124;5103;5137;8141;8156;8309;4532;4220;4539;3127;3130;3361;8125;8151;8308;7225;7263;7301";4530 - Aşağıdaki lisans programlarından birinden mezun olmak. | 9343 - Bilgisayar ve Yazılım Mühendisliği | 4531 - Aşağıdaki lisans programlarından birinden mezun olmak. | 3124 - Bilgisayar Mühendisliği | 5103 - Bilişim Sistemleri Mühendisliği | 5137 - Bilgisayar Bilimi ve Mühendisliği / Bilgisayar Bilimleri Mühendisliği | 8141 - Kontrol ve Bilgisayar Mühendisliği | 8156 - Bilgisayar ve Enformatik Mühendisliği | 8309 - Bilgisayar Donanımı ve Teknolojisi | 4532 - Aşağıdaki lisans programlarından birinden mezun olmak. | 4220 - Bilgisayar Sistemleri ve Ağları | 4539 - Aşağıdaki lisans programlarından birinden mezun olmak. | 3127 - Bilgisayar Teknolojisi ve Bilişim Sistemleri | 3130 - Bilişim Sistemleri ve Teknolojileri | 3361 - Yönetim Bilişim Sistemleri | 8125 - Bilgisayar Teknolojisi Bölümü | 8151 - Bilgisayar Sistemleri ve Teknolojileri | 8308 - Bilgi Teknolojileri | 7225 - Güvenlik Tahkikatının Olumlu Sonuçlanması. | 7263 - En Az İki Yüksek Düzeyli Programlama Dilini Bildiğini Belgelemek. | 7301 - (Bakınız Başvurma Özel Şartları Bölümü Programcı).;8b69266f-7956-e711-80d3-a0369f7d149c
2017;1;391276637;Türkiye Elektrik İletim.A.Ş.Gen.Md.;Mühendis;Ankara;Lisans;1;;91.417;91.417;"4669;3221;7225;7257";4669 - Aşağıdaki lisans programlarından birinden mezun olmak. | 3221 - İnşaat Mühendisliği | 7225 - Güvenlik Tahkikatının Olumlu Sonuçlanması. | 7257 - Seyahate ve Arazide Çalışmaya Elverişli olmak.;d969266f-7956-e711-80d3-a0369f7d149c
2017;1;391276991;Türkiye Elektrik İletim.A.Ş.Gen.Md.;Mühendis;Zonguldak;Lisans;1;;91.393;91.393;"4611;3160;3162;7225;7257";4611 - Aşağıdaki lisans programlarından birinden mezun olmak. | 3160 - Elektrik Mühendisliği | 3162 - Elektrik ve Elektronik Mühendisliği / Elektrik-Elektronik Mühendisliği | 7225 - Güvenlik Tahkikatının Olumlu Sonuçlanması. | 7257 - Seyahate ve Arazide Çalışmaya Elverişli olmak.;896d266f-7956-e711-80d3-a0369f7d149c
2017;1;391276943;Türkiye Elektrik İletim.A.Ş.Gen.Md.;Mühendis;Samsun;Lisans;1;;91.324;91.324;"4669;3221;7225;7257";4669 - Aşağıdaki lisans programlarından birinden mezun olmak. | 3221 - İnşaat Mühendisliği | 7225 - Güvenlik Tahkikatının Olumlu Sonuçlanması. | 7257 - Seyahate ve Arazide Çalışmaya Elverişli olmak.;be6c266f-7956-e711-80d3-a0369f7d149c
2017;1;391073667;Çay İşletmeleri Genel Müdürlüğü;Mühendis;Rize;Lisans;2;;91.309;91.704;"4703;3168;8318;9321;7225";4703 - Aşağıdaki lisans programlarından birinden mezun olmak. | 3168 - Endüstri Mühendisliği | 8318 - Endüstri Sistemleri Mühendisliği | 9321 - Endüstri Sistem Mühendisliği | 7225 - Güvenlik Tahkikatının Olumlu Sonuçlanması.;8f6c266f-7956-e711-80d3-a0369f7d149c
2017;1;391175341;Makina ve Kimya Endüstrisi Kurumu Genel Müdürlüğü;Mühendis;Kırıkkale;Lisans;2;;91.286;91.44;"4561;6241;9192;9226;7111;7225";4561 - Aşağıdaki lisans programlarından birinden mezun olmak. | 6241 - Kimya Mühendisliği | 9192 - Kimya ve Süreç Mühendisliği | 9226 - Kimya Mühendisliği ve Uygulamalı Kimya | 7111 - Son 5 Yıl İçerisinde KPDS/YDS En Az C Seviyesinde İngilizce Bilmek. | 7225 - Güvenlik Tahkikatının Olumlu Sonuçlanması.;be6d266f-7956-e711-80d3-a0369f7d149c
2017;1;391276577;Türkiye Elektrik İletim.A.Ş.Gen.Md.;Mühendis;Afyonkarahisar;Lisans;1;;91.278;91.278;"4611;3160;3162;7225;7257";4611 - Aşağıdaki lisans programlarından birinden mezun olmak. | 3160 - Elektrik Mühendisliği | 3162 - Elektrik ve Elektronik Mühendisliği / Elektrik-Elektronik Mühendisliği | 7225 - Güvenlik Tahkikatının Olumlu Sonuçlanması. | 7257 - Seyahate ve Arazide Çalışmaya Elverişli olmak.;5769266f-7956-e711-80d3-a0369f7d149c
2017;1;391175275;Makina ve Kimya Endüstrisi Kurumu Genel Müdürlüğü;Mühendis;Ankara;Lisans;2;;91.248;91.642;"4611;3160;3162;7225";4611 - Aşağıdaki lisans programlarından birinden mezun olmak. | 3160 - Elektrik Mühendisliği | 3162 - Elektrik ve Elektronik Mühendisliği / Elektrik-Elektronik Mühendisliği | 7225 - Güvenlik Tahkikatının Olumlu Sonuçlanması.;fc69266f-7956-e711-80d3-a0369f7d149c
2017;1;390837315;Vakıflar Genel Müdürlüğü;Mühendis;Aydın;Lisans;1;;91.192;91.192;"4669;3221;7225";4669 - Aşağıdaki lisans programlarından birinden mezun olmak. | 3221 - İnşaat Mühendisliği | 7225 - Güvenlik Tahkikatının Olumlu Sonuçlanması.;296a266f-7956-e711-80d3-a0369f7d149c
2017;1;391636997;Türkiye İnsan Hakları ve Eşitlik Kurumu;Memur;Ankara;Lisans;1;;91.185;91.185;"4001;7225";4001 - Herhangi bir lisans programından mezun olmak. | 7225 - Güvenlik Tahkikatının Olumlu Sonuçlanması.;106a266f-7956-e711-80d3-a0369f7d149c
2017;1;391084255;Devlet Hava Meydanları İşletmesi Genel Müdürlüğü;Stajyer Aım Memuru;Sivas;Lisans;2;;91.178;91.339;"4001;7113;7225";4001 - Herhangi bir lisans programından mezun olmak. | 7113 - Son 5 Yıl İçerisinde KPDS/YDS En Az D Seviyesinde İngilizce Bilmek. | 7225 - Güvenlik Tahkikatının Olumlu Sonuçlanması.;da6c266f-7956-e711-80d3-a0369f7d149c
2017;1;391276607;Türkiye Elektrik İletim.A.Ş.Gen.Md.;Mühendis;Ankara;Lisans;1;;91.177;91.177;"4611;3160;3162;7225;7257;7300";4611 - Aşağıdaki lisans programlarından birinden mezun olmak. | 3160 - Elektrik Mühendisliği | 3162 - Elektrik ve Elektronik Mühendisliği / Elektrik-Elektronik Mühendisliği | 7225 - Güvenlik Tahkikatının Olumlu Sonuçlanması. | 7257 - Seyahate ve Arazide Çalışmaya Elverişli olmak. | 7300 - Bu kadro/pozisyonda vardiya sistemi uygulanmaktadır.;d469266f-7956-e711-80d3-a0369f7d149c
2017;1;391276811;Türkiye Elektrik İletim.A.Ş.Gen.Md.;Mühendis;Isparta;Lisans;1;;91.17;91.17;"4611;3160;3162;7225;7257";4611 - Aşağıdaki lisans programlarından birinden mezun olmak. | 3160 - Elektrik Mühendisliği | 3162 - Elektrik ve Elektronik Mühendisliği / Elektrik-Elektronik Mühendisliği | 7225 - Güvenlik Tahkikatının Olumlu Sonuçlanması. | 7257 - Seyahate ve Arazide Çalışmaya Elverişli olmak.;396b266f-7956-e711-80d3-a0369f7d149c
2017;1;390837303;Vakıflar Genel Müdürlüğü;Mimar;Kastamonu;Lisans;1;;91.17;91.17;"4747;3263;7225";4747 - Aşağıdaki lisans programlarından birinden mezun olmak. | 3263 - Mimarlık | 7225 - Güvenlik Tahkikatının Olumlu Sonuçlanması.;ec6b266f-7956-e711-80d3-a0369f7d149c
2017;1;310314573;Dokuz Eylül Üniversitesi;Mühendis;İzmir;Lisans;1;;91.139;91.139;"4669;3221;7225";4669 - Aşağıdaki lisans programlarından birinden mezun olmak. | 3221 - İnşaat Mühendisliği | 7225 - Güvenlik Tahkikatının Olumlu Sonuçlanması.;b56b266f-7956-e711-80d3-a0369f7d149c
2017;1;391084135;Devlet Hava Meydanları İşletmesi Genel Müdürlüğü;Mühendis;Muğla;Lisans;1;;91.131;91.131;"4677;3142;7225";4677 - Aşağıdaki lisans programlarından birinden mezun olmak. | 3142 - Çevre Mühendisliği | 7225 - Güvenlik Tahkikatının Olumlu Sonuçlanması.;516c266f-7956-e711-80d3-a0369f7d149c
2017;1;390465965;Sosyal Güvenlik Kurumu Başkanlığı;Memur;Kahramanmaraş;Lisans;1;;91.092;91.092;"4421;3159;3213;5131;8208;4431;3226;3361;3381;5123;8207;8208;8296;8334;4459;3254;4322;8225;4469;3306;5127;4503;3237;3313;3314;4507;3313;3315;3352;3353;5116;5142;7225";4421 - Aşağıdaki lisans programlarından birinden mezun olmak. | 3159 - Ekonomi | 3213 - İktisat | 5131 - Uluslararası Ticaret ve Finansman | 8208 - İş İdaresi ve İktisat | 4431 - Aşağıdaki lisans programlarından birinden mezun olmak. | 3226 - İşletme / İşletmecilik | 3361 - Yönetim Bilişim Sistemleri | 3381 - Muhasebe-Finansman | 5123 - Muhasebe ve Finansal Yönetim / Muhasebe ve Finans Yönetimi | 8207 - İş İdaresi | 8208 - İş İdaresi ve İktisat | 8296 - Yönetim ve Organizasyon | 8334 - Pazarlama | 4459 - Aşağıdaki lisans programlarından birinden mezun olmak. | 3254 - Maliye | 4322 - Muhasebe ve Maliye | 8225 - Maliye-Muhasebe | 4469 - Aşağıdaki lisans programlarından birinden mezun olmak. | 3306 - Sigortacılık | 5127 - Sigortacılık ve Risk Yönetimi | 4503 - Aşağıdaki lisans programlarından birinden mezun olmak. | 3237 - Kamu Yönetimi | 3313 - Siyaset Bilimi | 3314 - Siyaset Bilimi ve Kamu Yönetimi | 4507 - Aşağıdaki lisans programlarından birinden mezun olmak. | 3313 - Siyaset Bilimi | 3315 - Siyaset Bilimi ve Uluslararası İlişkiler | 3352 - Uluslararası İlişkiler | 3353 - Uluslararası İlişkiler ve Avrupa Birliği | 5116 - Küresel ve Uluslararası İlişkiler / Küresel Siyaset ve Uluslararası İlişkiler | 5142 - Toplumsal ve Siyasal Bilimler | 7225 - Güvenlik Tahkikatının Olumlu Sonuçlanması.;3f6c266f-7956-e711-80d3-a0369f7d149c
2017;1;391175239;Makina ve Kimya Endüstrisi Kurumu Genel Müdürlüğü;Mühendis;Ankara;Lisans;3;;91.077;93.299;"4703;3168;8318;9321;7111;7225";4703 - Aşağıdaki lisans programlarından birinden mezun olmak. | 3168 - Endüstri Mühendisliği | 8318 - Endüstri Sistemleri Mühendisliği | 9321 - Endüstri Sistem Mühendisliği | 7111 - Son 5 Yıl İçerisinde KPDS/YDS En Az C Seviyesinde İngilizce Bilmek. | 7225 - Güvenlik Tahkikatının Olumlu Sonuçlanması.;f669266f-7956-e711-80d3-a0369f7d149c
2017;1;391276775;Türkiye Elektrik İletim.A.Ş.Gen.Md.;Mühendis;Erzurum;Lisans;2;;91.069;92.261;"4611;3160;3162;7225;7257";4611 - Aşağıdaki lisans programlarından birinden mezun olmak. | 3160 - Elektrik Mühendisliği | 3162 - Elektrik ve Elektronik Mühendisliği / Elektrik-Elektronik Mühendisliği | 7225 - Güvenlik Tahkikatının Olumlu Sonuçlanması. | 7257 - Seyahate ve Arazide Çalışmaya Elverişli olmak.;eb6a266f-7956-e711-80d3-a0369f7d149c
2017;1;390947405;Yenişehir (Diyarbakır) Belediye Başkanlığı;Mühendis;Diyarbakır;Lisans;1;;91.069;91.069;"4611;3160;3162;7225";4611 - Aşağıdaki lisans programlarından birinden mezun olmak. | 3160 - Elektrik Mühendisliği | 3162 - Elektrik ve Elektronik Mühendisliği / Elektrik-Elektronik Mühendisliği | 7225 - Güvenlik Tahkikatının Olumlu Sonuçlanması.;ba6a266f-7956-e711-80d3-a0369f7d149c
2017;1;391094309;Devlet Malzeme Ofisi Genel Müdürlüğü;Mühendis;Ankara;Lisans;2;;91.03;91.595;"4639;3252;4314;7113;7225";4639 - Aşağıdaki lisans programlarından birinden mezun olmak. | 3252 - Makine Mühendisliği | 4314 - Makine ve İmalat Mühendisliği | 7113 - Son 5 Yıl İçerisinde KPDS/YDS En Az D Seviyesinde İngilizce Bilmek. | 7225 - Güvenlik Tahkikatının Olumlu Sonuçlanması.;ed69266f-7956-e711-80d3-a0369f7d149c
2017;1;391084219;Devlet Hava Meydanları İşletmesi Genel Müdürlüğü;Stajyer Aım Memuru;Hatay;Lisans;2;;91.024;92.292;"4001;7113;7225";4001 - Herhangi bir lisans programından mezun olmak. | 7113 - Son 5 Yıl İçerisinde KPDS/YDS En Az D Seviyesinde İngilizce Bilmek. | 7225 - Güvenlik Tahkikatının Olumlu Sonuçlanması.;2e6b266f-7956-e711-80d3-a0369f7d149c
2017;1;390944729;Haliliye Belediye Başkanlığı;Memur;Şanlıurfa;Lisans;1;;91.022;91.022;"4177;6318;9403;7225";4177 - Aşağıdaki lisans programlarından birinden mezun olmak. | 6318 - Sosyal Hizmetler / Sosyal Hizmet | 9403 - Sosyal Çalışmalar | 7225 - Güvenlik Tahkikatının Olumlu Sonuçlanması.;3f6d266f-7956-e711-80d3-a0369f7d149c
2017;1;391084207;Devlet Hava Meydanları İşletmesi Genel Müdürlüğü;Stajyer Aım Memuru;Erzurum;Lisans;2;;91.015;91.44;"4001;7113;7225";4001 - Herhangi bir lisans programından mezun olmak. | 7113 - Son 5 Yıl İçerisinde KPDS/YDS En Az D Seviyesinde İngilizce Bilmek. | 7225 - Güvenlik Tahkikatının Olumlu Sonuçlanması.;f06a266f-7956-e711-80d3-a0369f7d149c
2017;1;390837279;Vakıflar Genel Müdürlüğü;Mimar;Balıkesir;Lisans;1;;90.984;90.984;"4747;3263;7225";4747 - Aşağıdaki lisans programlarından birinden mezun olmak. | 3263 - Mimarlık | 7225 - Güvenlik Tahkikatının Olumlu Sonuçlanması.;346a266f-7956-e711-80d3-a0369f7d149c
2017;1;391637009;Türkiye İnsan Hakları ve Eşitlik Kurumu;Veri Hazırlama ve Kontrol İşletmeni;Ankara;Lisans;2;;90.977;91.403;"4001;6225;7225";4001 - Herhangi bir lisans programından mezun olmak. | 6225 - M.E.B.'Dan Onaylı Bilgisayar İşletmeni Sertifikası Sahibi olmak. | 7225 - Güvenlik Tahkikatının Olumlu Sonuçlanması.;126a266f-7956-e711-80d3-a0369f7d149c
2017;1;310243397;Bursa Teknik Üniversitesi;Mühendis;Bursa;Lisans;1;;90.96;90.96;"4611;3160;3162;7225";4611 - Aşağıdaki lisans programlarından birinden mezun olmak. | 3160 - Elektrik Mühendisliği | 3162 - Elektrik ve Elektronik Mühendisliği / Elektrik-Elektronik Mühendisliği | 7225 - Güvenlik Tahkikatının Olumlu Sonuçlanması.;676a266f-7956-e711-80d3-a0369f7d149c
2017;1;391276649;Türkiye Elektrik İletim.A.Ş.Gen.Md.;Mühendis;Ankara;Lisans;2;;90.96;91.209;"4611;3160;3162;7225;7257;7300";4611 - Aşağıdaki lisans programlarından birinden mezun olmak. | 3160 - Elektrik Mühendisliği | 3162 - Elektrik ve Elektronik Mühendisliği / Elektrik-Elektronik Mühendisliği | 7225 - Güvenlik Tahkikatının Olumlu Sonuçlanması. | 7257 - Seyahate ve Arazide Çalışmaya Elverişli olmak. | 7300 - Bu kadro/pozisyonda vardiya sistemi uygulanmaktadır.;db69266f-7956-e711-80d3-a0369f7d149c
2017;1;391276955;Türkiye Elektrik İletim.A.Ş.Gen.Md.;Mühendis;Tekirdağ;Lisans;1;;90.96;90.96;"4611;3160;3162;7225;7257";4611 - Aşağıdaki lisans programlarından birinden mezun olmak. | 3160 - Elektrik Mühendisliği | 3162 - Elektrik ve Elektronik Mühendisliği / Elektrik-Elektronik Mühendisliği | 7225 - Güvenlik Tahkikatının Olumlu Sonuçlanması. | 7257 - Seyahate ve Arazide Çalışmaya Elverişli olmak.;f46c266f-7956-e711-80d3-a0369f7d149c
2017;1;391094291;Devlet Malzeme Ofisi Genel Müdürlüğü;Mühendis;Ankara;Lisans;2;;90.945;91.928;"4530;9343;4531;3124;5103;5137;8141;8156;8309;7113;7225";4530 - Aşağıdaki lisans programlarından birinden mezun olmak. | 9343 - Bilgisayar ve Yazılım Mühendisliği | 4531 - Aşağıdaki lisans programlarından birinden mezun olmak. | 3124 - Bilgisayar Mühendisliği | 5103 - Bilişim Sistemleri Mühendisliği | 5137 - Bilgisayar Bilimi ve Mühendisliği / Bilgisayar Bilimleri Mühendisliği | 8141 - Kontrol ve Bilgisayar Mühendisliği | 8156 - Bilgisayar ve Enformatik Mühendisliği | 8309 - Bilgisayar Donanımı ve Teknolojisi | 7113 - Son 5 Yıl İçerisinde KPDS/YDS En Az D Seviyesinde İngilizce Bilmek. | 7225 - Güvenlik Tahkikatının Olumlu Sonuçlanması.;ea69266f-7956-e711-80d3-a0369f7d149c
2017;1;310977183;Uludağ Üniversitesi;Mühendis;Bursa;Lisans;1;;90.945;90.945;"4611;3160;3162;7225";4611 - Aşağıdaki lisans programlarından birinden mezun olmak. | 3160 - Elektrik Mühendisliği | 3162 - Elektrik ve Elektronik Mühendisliği / Elektrik-Elektronik Mühendisliği | 7225 - Güvenlik Tahkikatının Olumlu Sonuçlanması.;6d6a266f-7956-e711-80d3-a0369f7d149c
2017;1;391094297;Devlet Malzeme Ofisi Genel Müdürlüğü;Mühendis;Ankara;Lisans;5;;90.922;91.525;"4619;3162;3163;3166;3331;8323;7113;7225";4619 - Aşağıdaki lisans programlarından birinden mezun olmak. | 3162 - Elektrik ve Elektronik Mühendisliği / Elektrik-Elektronik Mühendisliği | 3163 - Elektronik Mühendisliği | 3166 - Elektronik ve Haberleşme Mühendisliği | 3331 - Telekomünikasyon Mühendisliği | 8323 - Haberleşme Mühendisliği | 7113 - Son 5 Yıl İçerisinde KPDS/YDS En Az D Seviyesinde İngilizce Bilmek. | 7225 - Güvenlik Tahkikatının Olumlu Sonuçlanması.;eb69266f-7956-e711-80d3-a0369f7d149c
2017;1;391276721;Türkiye Elektrik İletim.A.Ş.Gen.Md.;Mühendis;Bitlis;Lisans;1;;90.891;90.891;"4611;3160;3162;7225;7257";4611 - Aşağıdaki lisans programlarından birinden mezun olmak. | 3160 - Elektrik Mühendisliği | 3162 - Elektrik ve Elektronik Mühendisliği / Elektrik-Elektronik Mühendisliği | 7225 - Güvenlik Tahkikatının Olumlu Sonuçlanması. | 7257 - Seyahate ve Arazide Çalışmaya Elverişli olmak.;4a6a266f-7956-e711-80d3-a0369f7d149c
2017;1;310665083;Kırıkkale Üniversitesi;Çözümleyici;Kırıkkale;Lisans;1;;90.877;90.877;"4531;3124;5103;5137;8141;8156;8309;7225;7311";4531 - Aşağıdaki lisans programlarından birinden mezun olmak. | 3124 - Bilgisayar Mühendisliği | 5103 - Bilişim Sistemleri Mühendisliği | 5137 - Bilgisayar Bilimi ve Mühendisliği / Bilgisayar Bilimleri Mühendisliği | 8141 - Kontrol ve Bilgisayar Mühendisliği | 8156 - Bilgisayar ve Enformatik Mühendisliği | 8309 - Bilgisayar Donanımı ve Teknolojisi | 7225 - Güvenlik Tahkikatının Olumlu Sonuçlanması. | 7311 - (Bakınız Başvurma Özel Şartları Bölümü Çözümleyici).;b46d266f-7956-e711-80d3-a0369f7d149c
2017;1;391276859;Türkiye Elektrik İletim.A.Ş.Gen.Md.;Mühendis;İzmir;Lisans;1;;90.876;90.876;"4611;3160;3162;7109;7225;7257;7300";4611 - Aşağıdaki lisans programlarından birinden mezun olmak. | 3160 - Elektrik Mühendisliği | 3162 - Elektrik ve Elektronik Mühendisliği / Elektrik-Elektronik Mühendisliği | 7109 - Son 5 Yıl İçerisinde KPDS/YDS En Az B Seviyesinde İngilizce Bilmek. | 7225 - Güvenlik Tahkikatının Olumlu Sonuçlanması. | 7257 - Seyahate ve Arazide Çalışmaya Elverişli olmak. | 7300 - Bu kadro/pozisyonda vardiya sistemi uygulanmaktadır.;c06b266f-7956-e711-80d3-a0369f7d149c
2017;1;391276823;Türkiye Elektrik İletim.A.Ş.Gen.Md.;Mühendis;İstanbul;Lisans;1;;90.86;90.86;"4669;3221;7225;7257";4669 - Aşağıdaki lisans programlarından birinden mezun olmak. | 3221 - İnşaat Mühendisliği | 7225 - Güvenlik Tahkikatının Olumlu Sonuçlanması. | 7257 - Seyahate ve Arazide Çalışmaya Elverişli olmak.;696b266f-7956-e711-80d3-a0369f7d149c
2017;1;391276595;Türkiye Elektrik İletim.A.Ş.Gen.Md.;Mühendis;Ankara;Lisans;2;;90.784;90.945;"4611;3160;3162;7225;7257;7300";4611 - Aşağıdaki lisans programlarından birinden mezun olmak. | 3160 - Elektrik Mühendisliği | 3162 - Elektrik ve Elektronik Mühendisliği / Elektrik-Elektronik Mühendisliği | 7225 - Güvenlik Tahkikatının Olumlu Sonuçlanması. | 7257 - Seyahate ve Arazide Çalışmaya Elverişli olmak. | 7300 - Bu kadro/pozisyonda vardiya sistemi uygulanmaktadır.;d269266f-7956-e711-80d3-a0369f7d149c
2017;1;391276643;Türkiye Elektrik İletim.A.Ş.Gen.Md.;Mühendis;Ankara;Lisans;1;;90.783;90.783;"4677;3142;7109;7225;7257";4677 - Aşağıdaki lisans programlarından birinden mezun olmak. | 3142 - Çevre Mühendisliği | 7109 - Son 5 Yıl İçerisinde KPDS/YDS En Az B Seviyesinde İngilizce Bilmek. | 7225 - Güvenlik Tahkikatının Olumlu Sonuçlanması. | 7257 - Seyahate ve Arazide Çalışmaya Elverişli olmak.;da69266f-7956-e711-80d3-a0369f7d149c
2017;1;390937219;Uşak İl Özel İdaresi;Mühendis;Uşak;Lisans;1;;90.775;90.775;"4611;3160;3162;7225;7257";4611 - Aşağıdaki lisans programlarından birinden mezun olmak. | 3160 - Elektrik Mühendisliği | 3162 - Elektrik ve Elektronik Mühendisliği / Elektrik-Elektronik Mühendisliği | 7225 - Güvenlik Tahkikatının Olumlu Sonuçlanması. | 7257 - Seyahate ve Arazide Çalışmaya Elverişli olmak.;576d266f-7956-e711-80d3-a0369f7d149c
2017;1;390937237;Uşak İl Özel İdaresi;Mühendis;Uşak;Lisans;1;;90.751;90.751;"4639;3252;4314;7225;7257";4639 - Aşağıdaki lisans programlarından birinden mezun olmak. | 3252 - Makine Mühendisliği | 4314 - Makine ve İmalat Mühendisliği | 7225 - Güvenlik Tahkikatının Olumlu Sonuçlanması. | 7257 - Seyahate ve Arazide Çalışmaya Elverişli olmak.;5a6d266f-7956-e711-80d3-a0369f7d149c
2017;1;390745017;Karayolları Genel Müdürlüğü;Avukat;İstanbul;Lisans;2;;90.737;91.255;"4419;3209;7205;7225;7257;7361";4419 - Aşağıdaki lisans programlarından birinden mezun olmak. | 3209 - Hukuk | 7205 - Avukatlık Ruhsatı Sahibi olmak. | 7225 - Güvenlik Tahkikatının Olumlu Sonuçlanması. | 7257 - Seyahate ve Arazide Çalışmaya Elverişli olmak. | 7361 - (Bakınız Başvurma Özel Şartları Bölümü Avukat).;416b266f-7956-e711-80d3-a0369f7d149c
2017;1;391175257;Makina ve Kimya Endüstrisi Kurumu Genel Müdürlüğü;Mühendis;Ankara;Lisans;2;;90.729;90.976;"4703;3168;8318;9321;7111;7225";4703 - Aşağıdaki lisans programlarından birinden mezun olmak. | 3168 - Endüstri Mühendisliği | 8318 - Endüstri Sistemleri Mühendisliği | 9321 - Endüstri Sistem Mühendisliği | 7111 - Son 5 Yıl İçerisinde KPDS/YDS En Az C Seviyesinde İngilizce Bilmek. | 7225 - Güvenlik Tahkikatının Olumlu Sonuçlanması.;f969266f-7956-e711-80d3-a0369f7d149c
2017;1;390837309;Vakıflar Genel Müdürlüğü;Mimar;Kütahya;Lisans;1;;90.713;90.713;"4747;3263;7225";4747 - Aşağıdaki lisans programlarından birinden mezun olmak. | 3263 - Mimarlık | 7225 - Güvenlik Tahkikatının Olumlu Sonuçlanması.;296c266f-7956-e711-80d3-a0369f7d149c
2017;1;390946091;Sultanhanı Belediye Başkanlığı;Veri Hazırlama ve Kontrol İşletmeni;Aksaray;Lisans;1;;90.712;90.712;"4001;6225;7225";4001 - Herhangi bir lisans programından mezun olmak. | 6225 - M.E.B.'Dan Onaylı Bilgisayar İşletmeni Sertifikası Sahibi olmak. | 7225 - Güvenlik Tahkikatının Olumlu Sonuçlanması.;8c6d266f-7956-e711-80d3-a0369f7d149c
2017;1;310334585;Düzce Üniversitesi;Mühendis;Düzce;Lisans;1;;90.705;90.705;"4611;3160;3162;7225";4611 - Aşağıdaki lisans programlarından birinden mezun olmak. | 3160 - Elektrik Mühendisliği | 3162 - Elektrik ve Elektronik Mühendisliği / Elektrik-Elektronik Mühendisliği | 7225 - Güvenlik Tahkikatının Olumlu Sonuçlanması.;ff6d266f-7956-e711-80d3-a0369f7d149c
2017;1;391276961;Türkiye Elektrik İletim.A.Ş.Gen.Md.;Mühendis;Tokat;Lisans;1;;90.69;90.69;"4611;3160;3162;7225;7257";4611 - Aşağıdaki lisans programlarından birinden mezun olmak. | 3160 - Elektrik Mühendisliği | 3162 - Elektrik ve Elektronik Mühendisliği / Elektrik-Elektronik Mühendisliği | 7225 - Güvenlik Tahkikatının Olumlu Sonuçlanması. | 7257 - Seyahate ve Arazide Çalışmaya Elverişli olmak.;f86c266f-7956-e711-80d3-a0369f7d149c
2017;1;390947429;Yenişehir (Diyarbakır) Belediye Başkanlığı;Veznedar;Diyarbakır;Lisans;1;;90.675;90.675;"4001;7225";4001 - Herhangi bir lisans programından mezun olmak. | 7225 - Güvenlik Tahkikatının Olumlu Sonuçlanması.;be6a266f-7956-e711-80d3-a0369f7d149c
2017;1;391276883;Türkiye Elektrik İletim.A.Ş.Gen.Md.;Mühendis;Kastamonu;Lisans;1;;90.651;90.651;"4611;3160;3162;7225;7257";4611 - Aşağıdaki lisans programlarından birinden mezun olmak. | 3160 - Elektrik Mühendisliği | 3162 - Elektrik ve Elektronik Mühendisliği / Elektrik-Elektronik Mühendisliği | 7225 - Güvenlik Tahkikatının Olumlu Sonuçlanması. | 7257 - Seyahate ve Arazide Çalışmaya Elverişli olmak.;e66b266f-7956-e711-80d3-a0369f7d149c
2017;1;390933739;Çorum İl Özel İdaresi;Mühendis;Çorum;Lisans;1;;90.644;90.644;"4639;3252;4314;7225";4639 - Aşağıdaki lisans programlarından birinden mezun olmak. | 3252 - Makine Mühendisliği | 4314 - Makine ve İmalat Mühendisliği | 7225 - Güvenlik Tahkikatının Olumlu Sonuçlanması.;976a266f-7956-e711-80d3-a0369f7d149c
2017;1;391276745;Türkiye Elektrik İletim.A.Ş.Gen.Md.;Mühendis;Edirne;Lisans;2;;90.642;90.705;"4611;3160;3162;7225;7257";4611 - Aşağıdaki lisans programlarından birinden mezun olmak. | 3160 - Elektrik Mühendisliği | 3162 - Elektrik ve Elektronik Mühendisliği / Elektrik-Elektronik Mühendisliği | 7225 - Güvenlik Tahkikatının Olumlu Sonuçlanması. | 7257 - Seyahate ve Arazide Çalışmaya Elverişli olmak.;c96a266f-7956-e711-80d3-a0369f7d149c
2017;1;311053073;Alanya Alaaddin Keykubat Üniversitesi;Mühendis;Antalya;Lisans;1;;90.628;90.628;"4611;3160;3162;7225";4611 - Aşağıdaki lisans programlarından birinden mezun olmak. | 3160 - Elektrik Mühendisliği | 3162 - Elektrik ve Elektronik Mühendisliği / Elektrik-Elektronik Mühendisliği | 7225 - Güvenlik Tahkikatının Olumlu Sonuçlanması.;216a266f-7956-e711-80d3-a0369f7d149c
2017;1;391637003;Türkiye İnsan Hakları ve Eşitlik Kurumu;Sekreter;Ankara;Lisans;1;;90.619;90.619;"4001;7225";4001 - Herhangi bir lisans programından mezun olmak. | 7225 - Güvenlik Tahkikatının Olumlu Sonuçlanması.;116a266f-7956-e711-80d3-a0369f7d149c
2017;1;390465647;Sosyal Güvenlik Kurumu Başkanlığı;Avukat;Ordu;Lisans;1;;90.613;90.613;"4419;3209;7205;7225;7361";4419 - Aşağıdaki lisans programlarından birinden mezun olmak. | 3209 - Hukuk | 7205 - Avukatlık Ruhsatı Sahibi olmak. | 7225 - Güvenlik Tahkikatının Olumlu Sonuçlanması. | 7361 - (Bakınız Başvurma Özel Şartları Bölümü Avukat).;7b6c266f-7956-e711-80d3-a0369f7d149c
2017;1;391084147;Devlet Hava Meydanları İşletmesi Genel Müdürlüğü;Mühendis;Muğla;Lisans;1;;90.588;90.588;"4677;3142;7225";4677 - Aşağıdaki lisans programlarından birinden mezun olmak. | 3142 - Çevre Mühendisliği | 7225 - Güvenlik Tahkikatının Olumlu Sonuçlanması.;536c266f-7956-e711-80d3-a0369f7d149c
2017;1;390935563;Sinop İl Özel İdaresi;Mühendis;Sinop;Lisans;1;;90.551;90.551;"4639;3252;4314;7225;7257";4639 - Aşağıdaki lisans programlarından birinden mezun olmak. | 3252 - Makine Mühendisliği | 4314 - Makine ve İmalat Mühendisliği | 7225 - Güvenlik Tahkikatının Olumlu Sonuçlanması. | 7257 - Seyahate ve Arazide Çalışmaya Elverişli olmak.;d56c266f-7956-e711-80d3-a0369f7d149c
2017;1;390745023;Karayolları Genel Müdürlüğü;Avukat;İzmir;Lisans;1;;90.535;90.535;"4419;3209;7205;7225;7257;7361";4419 - Aşağıdaki lisans programlarından birinden mezun olmak. | 3209 - Hukuk | 7205 - Avukatlık Ruhsatı Sahibi olmak. | 7225 - Güvenlik Tahkikatının Olumlu Sonuçlanması. | 7257 - Seyahate ve Arazide Çalışmaya Elverişli olmak. | 7361 - (Bakınız Başvurma Özel Şartları Bölümü Avukat).;c46b266f-7956-e711-80d3-a0369f7d149c
2017;1;391276661;Türkiye Elektrik İletim.A.Ş.Gen.Md.;Mühendis;Ankara;Lisans;2;;90.534;90.589;"4703;3168;8318;9321;7109;7225";4703 - Aşağıdaki lisans programlarından birinden mezun olmak. | 3168 - Endüstri Mühendisliği | 8318 - Endüstri Sistemleri Mühendisliği | 9321 - Endüstri Sistem Mühendisliği | 7109 - Son 5 Yıl İçerisinde KPDS/YDS En Az B Seviyesinde İngilizce Bilmek. | 7225 - Güvenlik Tahkikatının Olumlu Sonuçlanması.;dd69266f-7956-e711-80d3-a0369f7d149c
2017;1;390945503;Pamukkale Belediye Başkanlığı;Mühendis;Denizli;Lisans;1;;90.513;90.513;"4611;3160;3162;7225;7257";4611 - Aşağıdaki lisans programlarından birinden mezun olmak. | 3160 - Elektrik Mühendisliği | 3162 - Elektrik ve Elektronik Mühendisliği / Elektrik-Elektronik Mühendisliği | 7225 - Güvenlik Tahkikatının Olumlu Sonuçlanması. | 7257 - Seyahate ve Arazide Çalışmaya Elverişli olmak.;9e6a266f-7956-e711-80d3-a0369f7d149c
2017;1;391484561;Doğu Karadeniz Projesi Bölge Kalkınma İdaresi Başkanlığı;Mühendis;Giresun;Lisans;1;;90.482;90.482;"4669;3221;7225";4669 - Aşağıdaki lisans programlarından birinden mezun olmak. | 3221 - İnşaat Mühendisliği | 7225 - Güvenlik Tahkikatının Olumlu Sonuçlanması.;0f6b266f-7956-e711-80d3-a0369f7d149c
2017;1;391276697;Türkiye Elektrik İletim.A.Ş.Gen.Md.;Mühendis;Artvin;Lisans;1;;90.48;90.48;"4611;3160;3162;7225;7257";4611 - Aşağıdaki lisans programlarından birinden mezun olmak. | 3160 - Elektrik Mühendisliği | 3162 - Elektrik ve Elektronik Mühendisliği / Elektrik-Elektronik Mühendisliği | 7225 - Güvenlik Tahkikatının Olumlu Sonuçlanması. | 7257 - Seyahate ve Arazide Çalışmaya Elverişli olmak.;266a266f-7956-e711-80d3-a0369f7d149c
2017;1;391084087;Devlet Hava Meydanları İşletmesi Genel Müdürlüğü;Mühendis;Ankara;Lisans;2;;90.442;91.077;"4689;3233;4298;8324;9034;7225";4689 - Aşağıdaki lisans programlarından birinden mezun olmak. | 3233 - Jeodezi ve Fotogrametri Mühendisliği | 4298 - Jeodezi ve Haritacılık | 8324 - Harita Mühendisliği | 9034 - Geomatik Mühendisliği | 7225 - Güvenlik Tahkikatının Olumlu Sonuçlanması.;096a266f-7956-e711-80d3-a0369f7d149c
2017;1;391276769;Türkiye Elektrik İletim.A.Ş.Gen.Md.;Mühendis;Erzincan;Lisans;1;;90.433;90.433;"4611;3160;3162;7225;7257";4611 - Aşağıdaki lisans programlarından birinden mezun olmak. | 3160 - Elektrik Mühendisliği | 3162 - Elektrik ve Elektronik Mühendisliği / Elektrik-Elektronik Mühendisliği | 7225 - Güvenlik Tahkikatının Olumlu Sonuçlanması. | 7257 - Seyahate ve Arazide Çalışmaya Elverişli olmak.;db6a266f-7956-e711-80d3-a0369f7d149c
2017;1;390837327;Vakıflar Genel Müdürlüğü;Mühendis;Hatay;Lisans;1;;90.404;90.404;"4611;3160;3162;7225";4611 - Aşağıdaki lisans programlarından birinden mezun olmak. | 3160 - Elektrik Mühendisliği | 3162 - Elektrik ve Elektronik Mühendisliği / Elektrik-Elektronik Mühendisliği | 7225 - Güvenlik Tahkikatının Olumlu Sonuçlanması.;316b266f-7956-e711-80d3-a0369f7d149c
2017;1;391276583;Türkiye Elektrik İletim.A.Ş.Gen.Md.;Mühendis;Ağrı;Lisans;1;;90.396;90.396;"4611;3160;3162;7225;7257";4611 - Aşağıdaki lisans programlarından birinden mezun olmak. | 3160 - Elektrik Mühendisliği | 3162 - Elektrik ve Elektronik Mühendisliği / Elektrik-Elektronik Mühendisliği | 7225 - Güvenlik Tahkikatının Olumlu Sonuçlanması. | 7257 - Seyahate ve Arazide Çalışmaya Elverişli olmak.;5a69266f-7956-e711-80d3-a0369f7d149c
2017;1;310334591;Düzce Üniversitesi;Mühendis;Düzce;Lisans;1;;90.38;90.38;"4639;3252;4314;7225";4639 - Aşağıdaki lisans programlarından birinden mezun olmak. | 3252 - Makine Mühendisliği | 4314 - Makine ve İmalat Mühendisliği | 7225 - Güvenlik Tahkikatının Olumlu Sonuçlanması.;006e266f-7956-e711-80d3-a0369f7d149c
2017;1;390933157;Bartın İl Özel İdaresi;Mühendis;Bartın;Lisans;1;;90.357;90.357;"4639;3252;4314;7225";4639 - Aşağıdaki lisans programlarından birinden mezun olmak. | 3252 - Makine Mühendisliği | 4314 - Makine ve İmalat Mühendisliği | 7225 - Güvenlik Tahkikatının Olumlu Sonuçlanması.;de6d266f-7956-e711-80d3-a0369f7d149c
2017;1;390935095;Kırklareli İl Özel İdaresi;Memur;Kırklareli;Lisans;2;;90.342;90.366;"4001;7225";4001 - Herhangi bir lisans programından mezun olmak. | 7225 - Güvenlik Tahkikatının Olumlu Sonuçlanması.;026c266f-7956-e711-80d3-a0369f7d149c
2017;1;391276985;Türkiye Elektrik İletim.A.Ş.Gen.Md.;Mühendis;Van;Lisans;2;;90.342;91.169;"4611;3160;3162;7225;7257";4611 - Aşağıdaki lisans programlarından birinden mezun olmak. | 3160 - Elektrik Mühendisliği | 3162 - Elektrik ve Elektronik Mühendisliği / Elektrik-Elektronik Mühendisliği | 7225 - Güvenlik Tahkikatının Olumlu Sonuçlanması. | 7257 - Seyahate ve Arazide Çalışmaya Elverişli olmak.;716d266f-7956-e711-80d3-a0369f7d149c
2017;1;310183187;Bayburt Üniversitesi;Mühendis;Bayburt;Lisans;1;;90.311;90.311;"4611;3160;3162;7225";4611 - Aşağıdaki lisans programlarından birinden mezun olmak. | 3160 - Elektrik Mühendisliği | 3162 - Elektrik ve Elektronik Mühendisliği / Elektrik-Elektronik Mühendisliği | 7225 - Güvenlik Tahkikatının Olumlu Sonuçlanması.;9a6d266f-7956-e711-80d3-a0369f7d149c
2017;1;390744987;Karayolları Genel Müdürlüğü;Avukat;Ankara;Lisans;1;;90.296;90.296;"4419;3209;7205;7225;7257;7361";4419 - Aşağıdaki lisans programlarından birinden mezun olmak. | 3209 - Hukuk | 7205 - Avukatlık Ruhsatı Sahibi olmak. | 7225 - Güvenlik Tahkikatının Olumlu Sonuçlanması. | 7257 - Seyahate ve Arazide Çalışmaya Elverişli olmak. | 7361 - (Bakınız Başvurma Özel Şartları Bölümü Avukat).;cc69266f-7956-e711-80d3-a0369f7d149c
2017;1;390942959;Ağrı Belediye Başkanlığı;Kimyager;Ağrı;Lisans;1;;90.295;90.295;"4559;3240;4569;3132;7225";4559 - Aşağıdaki lisans programlarından birinden mezun olmak. | 3240 - Kimya | 4569 - Aşağıdaki lisans programlarından birinden mezun olmak. | 3132 - Biyokimya | 7225 - Güvenlik Tahkikatının Olumlu Sonuçlanması.;6069266f-7956-e711-80d3-a0369f7d149c
2017;1;391276751;Türkiye Elektrik İletim.A.Ş.Gen.Md.;Mühendis;Edirne;Lisans;1;;90.286;90.286;"4669;3221;7225;7257";4669 - Aşağıdaki lisans programlarından birinden mezun olmak. | 3221 - İnşaat Mühendisliği | 7225 - Güvenlik Tahkikatının Olumlu Sonuçlanması. | 7257 - Seyahate ve Arazide Çalışmaya Elverişli olmak.;ca6a266f-7956-e711-80d3-a0369f7d149c
2017;1;390947375;Yenişehir (Diyarbakır) Belediye Başkanlığı;Ayniyat Memuru;Diyarbakır;Lisans;1;;90.249;90.249;"4001;7225";4001 - Herhangi bir lisans programından mezun olmak. | 7225 - Güvenlik Tahkikatının Olumlu Sonuçlanması.;b56a266f-7956-e711-80d3-a0369f7d149c
2017;1;391073661;Çay İşletmeleri Genel Müdürlüğü;Mühendis;Rize;Lisans;4;;90.248;90.613;"4611;3160;3162;7225";4611 - Aşağıdaki lisans programlarından birinden mezun olmak. | 3160 - Elektrik Mühendisliği | 3162 - Elektrik ve Elektronik Mühendisliği / Elektrik-Elektronik Mühendisliği | 7225 - Güvenlik Tahkikatının Olumlu Sonuçlanması.;8e6c266f-7956-e711-80d3-a0369f7d149c
2017;1;390684327;Devlet Su İşleri Genel Müdürlüğü;Avukat;Ankara;Lisans;2;;90.248;92.254;"4419;3209;7205;7225;7361";4419 - Aşağıdaki lisans programlarından birinden mezun olmak. | 3209 - Hukuk | 7205 - Avukatlık Ruhsatı Sahibi olmak. | 7225 - Güvenlik Tahkikatının Olumlu Sonuçlanması. | 7361 - (Bakınız Başvurma Özel Şartları Bölümü Avukat).;8f69266f-7956-e711-80d3-a0369f7d149c
2017;1;390073469;Çalışma ve Sosyal Güvenlik Bakanlığı;Veri Hazırlama ve Kontrol İşletmeni;Ankara;Lisans;1;;90.227;90.227;"4421;3159;3213;5131;8208;4429;3141;8312;4431;3226;3361;3381;5123;8207;8208;8296;8334;4503;3237;3313;3314;6225;7225";4421 - Aşağıdaki lisans programlarından birinden mezun olmak. | 3159 - Ekonomi | 3213 - İktisat | 5131 - Uluslararası Ticaret ve Finansman | 8208 - İş İdaresi ve İktisat | 4429 - Aşağıdaki lisans programlarından birinden mezun olmak. | 3141 - Çalışma Ekonomisi ve Endüstri İlişkileri | 8312 - Çalışma Ekonomisi | 4431 - Aşağıdaki lisans programlarından birinden mezun olmak. | 3226 - İşletme / İşletmecilik | 3361 - Yönetim Bilişim Sistemleri | 3381 - Muhasebe-Finansman | 5123 - Muhasebe ve Finansal Yönetim / Muhasebe ve Finans Yönetimi | 8207 - İş İdaresi | 8208 - İş İdaresi ve İktisat | 8296 - Yönetim ve Organizasyon | 8334 - Pazarlama | 4503 - Aşağıdaki lisans programlarından birinden mezun olmak. | 3237 - Kamu Yönetimi | 3313 - Siyaset Bilimi | 3314 - Siyaset Bilimi ve Kamu Yönetimi | 6225 - M.E.B.'Dan Onaylı Bilgisayar İşletmeni Sertifikası Sahibi olmak. | 7225 - Güvenlik Tahkikatının Olumlu Sonuçlanması.;8169266f-7956-e711-80d3-a0369f7d149c
2017;1;390946169;Şişli Belediye Başkanlığı;Memur;İstanbul;Lisans;10;;90.219;93.035;"4001;7225";4001 - Herhangi bir lisans programından mezun olmak. | 7225 - Güvenlik Tahkikatının Olumlu Sonuçlanması.;656b266f-7956-e711-80d3-a0369f7d149c
2017;1;391337123;Türkiye Lokomotif ve Motor Sanayii A.Ş. Genel Müdürlüğü;Mühendis;Eskişehir;Lisans;1;;90.186;90.186;"4561;6241;9192;9226;7163;7225";4561 - Aşağıdaki lisans programlarından birinden mezun olmak. | 6241 - Kimya Mühendisliği | 9192 - Kimya ve Süreç Mühendisliği | 9226 - Kimya Mühendisliği ve Uygulamalı Kimya | 7163 - C Sınıfı İş Güvenliği Uzmanı belgesine sahip olmak. | 7225 - Güvenlik Tahkikatının Olumlu Sonuçlanması.;fc6a266f-7956-e711-80d3-a0369f7d149c
2017;1;391073679;Çay İşletmeleri Genel Müdürlüğü;Mühendis;Rize;Lisans;3;;90.149;91.858;"4619;3162;3163;3166;3331;8323;7225";4619 - Aşağıdaki lisans programlarından birinden mezun olmak. | 3162 - Elektrik ve Elektronik Mühendisliği / Elektrik-Elektronik Mühendisliği | 3163 - Elektronik Mühendisliği | 3166 - Elektronik ve Haberleşme Mühendisliği | 3331 - Telekomünikasyon Mühendisliği | 8323 - Haberleşme Mühendisliği | 7225 - Güvenlik Tahkikatının Olumlu Sonuçlanması.;916c266f-7956-e711-80d3-a0369f7d149c
2017;1;390425467;Özelleştirme İdaresi Başkanlığı;Avukat;Ankara;Lisans;1;;90.124;90.124;"4419;3209;7205;7225;7361";4419 - Aşağıdaki lisans programlarından birinden mezun olmak. | 3209 - Hukuk | 7205 - Avukatlık Ruhsatı Sahibi olmak. | 7225 - Güvenlik Tahkikatının Olumlu Sonuçlanması. | 7361 - (Bakınız Başvurma Özel Şartları Bölümü Avukat).;8969266f-7956-e711-80d3-a0369f7d149c
2017;1;390934951;Karaman İl Özel İdaresi;Memur;Karaman;Lisans;3;;90.089;90.287;"4001;6225;7225";4001 - Herhangi bir lisans programından mezun olmak. | 6225 - M.E.B.'Dan Onaylı Bilgisayar İşletmeni Sertifikası Sahibi olmak. | 7225 - Güvenlik Tahkikatının Olumlu Sonuçlanması.;9d6d266f-7956-e711-80d3-a0369f7d149c
2017;1;390942923;Ağaçören Belediye Başkanlığı;Memur;Aksaray;Lisans;2;;90.057;90.087;"4001;7225";4001 - Herhangi bir lisans programından mezun olmak. | 7225 - Güvenlik Tahkikatının Olumlu Sonuçlanması.;8a6d266f-7956-e711-80d3-a0369f7d149c
2017;1;390744999;Karayolları Genel Müdürlüğü;Avukat;Antalya;Lisans;1;;90.025;90.025;"4419;3209;7205;7225;7257;7361";4419 - Aşağıdaki lisans programlarından birinden mezun olmak. | 3209 - Hukuk | 7205 - Avukatlık Ruhsatı Sahibi olmak. | 7225 - Güvenlik Tahkikatının Olumlu Sonuçlanması. | 7257 - Seyahate ve Arazide Çalışmaya Elverişli olmak. | 7361 - (Bakınız Başvurma Özel Şartları Bölümü Avukat).;186a266f-7956-e711-80d3-a0369f7d149c
2017;1;390744993;Karayolları Genel Müdürlüğü;Avukat;Ankara;Lisans;2;;90.008;91.78;"4419;3209;7205;7225;7257;7361";4419 - Aşağıdaki lisans programlarından birinden mezun olmak. | 3209 - Hukuk | 7205 - Avukatlık Ruhsatı Sahibi olmak. | 7225 - Güvenlik Tahkikatının Olumlu Sonuçlanması. | 7257 - Seyahate ve Arazide Çalışmaya Elverişli olmak. | 7361 - (Bakınız Başvurma Özel Şartları Bölümü Avukat).;cd69266f-7956-e711-80d3-a0369f7d149c
2017;1;310987249;Uşak Üniversitesi;Mühendis;Uşak;Lisans;1;;90.003;90.003;"4799;3191;7225";4799 - Aşağıdaki lisans programlarından birinden mezun olmak. | 3191 - Gıda Mühendisliği | 7225 - Güvenlik Tahkikatının Olumlu Sonuçlanması.;606d266f-7956-e711-80d3-a0369f7d149c
2017;1;390073445;Çalışma ve Sosyal Güvenlik Bakanlığı;Programcı;Ankara;Lisans;1;;89.978;89.978;"4515;3257;4531;3124;5103;5137;8141;8156;8309;4533;5134;7225;7263;7271;7273;7281";4515 - Aşağıdaki lisans programlarından birinden mezun olmak. | 3257 - Matematik Mühendisliği | 4531 - Aşağıdaki lisans programlarından birinden mezun olmak. | 3124 - Bilgisayar Mühendisliği | 5103 - Bilişim Sistemleri Mühendisliği | 5137 - Bilgisayar Bilimi ve Mühendisliği / Bilgisayar Bilimleri Mühendisliği | 8141 - Kontrol ve Bilgisayar Mühendisliği | 8156 - Bilgisayar ve Enformatik Mühendisliği | 8309 - Bilgisayar Donanımı ve Teknolojisi | 4533 - Aşağıdaki lisans programlarından birinden mezun olmak. | 5134 - Yazılım Mühendisliği | 7225 - Güvenlik Tahkikatının Olumlu Sonuçlanması. | 7263 - En Az İki Yüksek Düzeyli Programlama Dilini Bildiğini Belgelemek. | 7271 - Java ve J2EE bildiğini belgelemek. | 7273 - SQL veya PL/SQL bildiğini belgelemek. | 7281 - Oracle Veri Taban Yönetim Sistemlerini bildiğini belgelemek.;7d69266f-7956-e711-80d3-a0369f7d149c
2017;1;390935551;Sinop İl Özel İdaresi;Memur;Sinop;Lisans;5;;89.973;90.97;"4001;7225";4001 - Herhangi bir lisans programından mezun olmak. | 7225 - Güvenlik Tahkikatının Olumlu Sonuçlanması.;d36c266f-7956-e711-80d3-a0369f7d149c
2017;1;390796223;Tapu ve Kadastro Genel Müdürlüğü;Mühendis;Balıkesir;Lisans;1;;89.969;89.969;"4689;3233;4298;8324;9034;7225";4689 - Aşağıdaki lisans programlarından birinden mezun olmak. | 3233 - Jeodezi ve Fotogrametri Mühendisliği | 4298 - Jeodezi ve Haritacılık | 8324 - Harita Mühendisliği | 9034 - Geomatik Mühendisliği | 7225 - Güvenlik Tahkikatının Olumlu Sonuçlanması.;356a266f-7956-e711-80d3-a0369f7d149c
2017;1;310103079;Anadolu Üniversitesi;Avukat;Eskişehir;Lisans;1;;89.954;89.954;"4419;3209;7205;7225;7361";4419 - Aşağıdaki lisans programlarından birinden mezun olmak. | 3209 - Hukuk | 7205 - Avukatlık Ruhsatı Sahibi olmak. | 7225 - Güvenlik Tahkikatının Olumlu Sonuçlanması. | 7361 - (Bakınız Başvurma Özel Şartları Bölümü Avukat).;006b266f-7956-e711-80d3-a0369f7d149c
2017;1;390943265;Beşikdüzü Belediye Başkanlığı;Mühendis;Trabzon;Lisans;1;;89.954;89.954;"4611;3160;3162;7111;7225;7257";4611 - Aşağıdaki lisans programlarından birinden mezun olmak. | 3160 - Elektrik Mühendisliği | 3162 - Elektrik ve Elektronik Mühendisliği / Elektrik-Elektronik Mühendisliği | 7111 - Son 5 Yıl İçerisinde KPDS/YDS En Az C Seviyesinde İngilizce Bilmek. | 7225 - Güvenlik Tahkikatının Olumlu Sonuçlanması. | 7257 - Seyahate ve Arazide Çalışmaya Elverişli olmak.;0c6d266f-7956-e711-80d3-a0369f7d149c
2017;1;390943235;Bayrampaşa Belediye Başkanlığı;Memur;İstanbul;Lisans;7;;89.947;91.503;"4001;7225";4001 - Herhangi bir lisans programından mezun olmak. | 7225 - Güvenlik Tahkikatının Olumlu Sonuçlanması.;496b266f-7956-e711-80d3-a0369f7d149c
2017;1;390796373;Tapu ve Kadastro Genel Müdürlüğü;Mühendis;Kocaeli;Lisans;1;;89.939;89.939;"4689;3233;4298;8324;9034;7225";4689 - Aşağıdaki lisans programlarından birinden mezun olmak. | 3233 - Jeodezi ve Fotogrametri Mühendisliği | 4298 - Jeodezi ve Haritacılık | 8324 - Harita Mühendisliği | 9034 - Geomatik Mühendisliği | 7225 - Güvenlik Tahkikatının Olumlu Sonuçlanması.;146c266f-7956-e711-80d3-a0369f7d149c
2017;1;391175251;Makina ve Kimya Endüstrisi Kurumu Genel Müdürlüğü;Mühendis;Ankara;Lisans;2;;89.925;90.728;"4611;3160;3162;7111;7225";4611 - Aşağıdaki lisans programlarından birinden mezun olmak. | 3160 - Elektrik Mühendisliği | 3162 - Elektrik ve Elektronik Mühendisliği / Elektrik-Elektronik Mühendisliği | 7111 - Son 5 Yıl İçerisinde KPDS/YDS En Az C Seviyesinde İngilizce Bilmek. | 7225 - Güvenlik Tahkikatının Olumlu Sonuçlanması.;f869266f-7956-e711-80d3-a0369f7d149c
2017;1;390837261;Vakıflar Genel Müdürlüğü;Avukat;Kayseri;Lisans;1;;89.916;89.916;"4419;3209;7205;7225;7361";4419 - Aşağıdaki lisans programlarından birinden mezun olmak. | 3209 - Hukuk | 7205 - Avukatlık Ruhsatı Sahibi olmak. | 7225 - Güvenlik Tahkikatının Olumlu Sonuçlanması. | 7361 - (Bakınız Başvurma Özel Şartları Bölümü Avukat).;ef6b266f-7956-e711-80d3-a0369f7d149c
2017;1;390796403;Tapu ve Kadastro Genel Müdürlüğü;Mühendis;Muğla;Lisans;1;;89.885;89.885;"4689;3233;4298;8324;9034;7225";4689 - Aşağıdaki lisans programlarından birinden mezun olmak. | 3233 - Jeodezi ve Fotogrametri Mühendisliği | 4298 - Jeodezi ve Haritacılık | 8324 - Harita Mühendisliği | 9034 - Geomatik Mühendisliği | 7225 - Güvenlik Tahkikatının Olumlu Sonuçlanması.;4d6c266f-7956-e711-80d3-a0369f7d149c
2017;1;390465659;Sosyal Güvenlik Kurumu Başkanlığı;Avukat;Tokat;Lisans;1;;89.868;89.868;"4419;3209;7205;7225;7361";4419 - Aşağıdaki lisans programlarından birinden mezun olmak. | 3209 - Hukuk | 7205 - Avukatlık Ruhsatı Sahibi olmak. | 7225 - Güvenlik Tahkikatının Olumlu Sonuçlanması. | 7361 - (Bakınız Başvurma Özel Şartları Bölümü Avukat).;fd6c266f-7956-e711-80d3-a0369f7d149c
2017;1;390837297;Vakıflar Genel Müdürlüğü;Mimar;Erzurum;Lisans;1;;89.854;89.854;"4747;3263;7225";4747 - Aşağıdaki lisans programlarından birinden mezun olmak. | 3263 - Mimarlık | 7225 - Güvenlik Tahkikatının Olumlu Sonuçlanması.;f96a266f-7956-e711-80d3-a0369f7d149c
2017;1;391203829;Devlet Demiryolları Taşımacılık A.Ş Genel Müdürlüğü;Mühendis;Ankara;Lisans;5;;89.825;92.199;"4703;3168;8318;9321;7109;7225";4703 - Aşağıdaki lisans programlarından birinden mezun olmak. | 3168 - Endüstri Mühendisliği | 8318 - Endüstri Sistemleri Mühendisliği | 9321 - Endüstri Sistem Mühendisliği | 7109 - Son 5 Yıl İçerisinde KPDS/YDS En Az B Seviyesinde İngilizce Bilmek. | 7225 - Güvenlik Tahkikatının Olumlu Sonuçlanması.;0c6a266f-7956-e711-80d3-a0369f7d149c
2017;1;390073433;Çalışma ve Sosyal Güvenlik Bakanlığı;Kimyager;Ankara;Lisans;1;;89.784;89.784;"4559;3240;4569;3132;7163;7225";4559 - Aşağıdaki lisans programlarından birinden mezun olmak. | 3240 - Kimya | 4569 - Aşağıdaki lisans programlarından birinden mezun olmak. | 3132 - Biyokimya | 7163 - C Sınıfı İş Güvenliği Uzmanı belgesine sahip olmak. | 7225 - Güvenlik Tahkikatının Olumlu Sonuçlanması.;7b69266f-7956-e711-80d3-a0369f7d149c
2017;1;390942941;Ağrı Belediye Başkanlığı;Ayniyat Memuru;Ağrı;Lisans;1;;89.778;89.778;"4001;7225";4001 - Herhangi bir lisans programından mezun olmak. | 7225 - Güvenlik Tahkikatının Olumlu Sonuçlanması.;5d69266f-7956-e711-80d3-a0369f7d149c
2017;1;390942929;Ağaçören Belediye Başkanlığı;Tahsildar;Aksaray;Lisans;1;;89.768;89.768;"4001;7225";4001 - Herhangi bir lisans programından mezun olmak. | 7225 - Güvenlik Tahkikatının Olumlu Sonuçlanması.;8b6d266f-7956-e711-80d3-a0369f7d149c
2017;1;390796253;Tapu ve Kadastro Genel Müdürlüğü;Mühendis;Çanakkale;Lisans;1;;89.768;89.768;"4689;3233;4298;8324;9034;7225";4689 - Aşağıdaki lisans programlarından birinden mezun olmak. | 3233 - Jeodezi ve Fotogrametri Mühendisliği | 4298 - Jeodezi ve Haritacılık | 8324 - Harita Mühendisliği | 9034 - Geomatik Mühendisliği | 7225 - Güvenlik Tahkikatının Olumlu Sonuçlanması.;7e6a266f-7956-e711-80d3-a0369f7d149c
2017;1;390944777;Haliliye Belediye Başkanlığı;Mühendis;Şanlıurfa;Lisans;1;;89.722;89.722;"4669;3221;7225;7257";4669 - Aşağıdaki lisans programlarından birinden mezun olmak. | 3221 - İnşaat Mühendisliği | 7225 - Güvenlik Tahkikatının Olumlu Sonuçlanması. | 7257 - Seyahate ve Arazide Çalışmaya Elverişli olmak.;476d266f-7956-e711-80d3-a0369f7d149c
2017;1;391083853;Devlet Hava Meydanları İşletmesi Genel Müdürlüğü;Memur;Adıyaman;Lisans;2;;89.716;90.775;"4421;3159;3213;5131;8208;4431;3226;3361;3381;5123;8207;8208;8296;8334;7225";4421 - Aşağıdaki lisans programlarından birinden mezun olmak. | 3159 - Ekonomi | 3213 - İktisat | 5131 - Uluslararası Ticaret ve Finansman | 8208 - İş İdaresi ve İktisat | 4431 - Aşağıdaki lisans programlarından birinden mezun olmak. | 3226 - İşletme / İşletmecilik | 3361 - Yönetim Bilişim Sistemleri | 3381 - Muhasebe-Finansman | 5123 - Muhasebe ve Finansal Yönetim / Muhasebe ve Finans Yönetimi | 8207 - İş İdaresi | 8208 - İş İdaresi ve İktisat | 8296 - Yönetim ve Organizasyon | 8334 - Pazarlama | 7225 - Güvenlik Tahkikatının Olumlu Sonuçlanması.;4669266f-7956-e711-80d3-a0369f7d149c
2017;1;310113109;Ankara Üniversitesi;Psikolog;Ankara;Lisans;1;;89.709;89.709;"4131;3286;7225";4131 - Aşağıdaki lisans programlarından birinden mezun olmak. | 3286 - Psikoloji | 7225 - Güvenlik Tahkikatının Olumlu Sonuçlanması.;9c69266f-7956-e711-80d3-a0369f7d149c
2017;1;390933301;Bitlis İl Özel İdaresi;Memur;Bitlis;Lisans;4;;89.707;92.577;"4001;7225";4001 - Herhangi bir lisans programından mezun olmak. | 7225 - Güvenlik Tahkikatının Olumlu Sonuçlanması.;466a266f-7956-e711-80d3-a0369f7d149c
2017;1;390796415;Tapu ve Kadastro Genel Müdürlüğü;Mühendis;Sakarya;Lisans;2;;89.707;89.8;"4689;3233;4298;8324;9034;7225";4689 - Aşağıdaki lisans programlarından birinden mezun olmak. | 3233 - Jeodezi ve Fotogrametri Mühendisliği | 4298 - Jeodezi ve Haritacılık | 8324 - Harita Mühendisliği | 9034 - Geomatik Mühendisliği | 7225 - Güvenlik Tahkikatının Olumlu Sonuçlanması.;a46c266f-7956-e711-80d3-a0369f7d149c
2017;1;390944903;Kadıköy (İstanbul) Belediye Başkanlığı;Memur;İstanbul;Lisans;1;;89.653;89.653;"4503;3237;3313;3314;7111;7225";4503 - Aşağıdaki lisans programlarından birinden mezun olmak. | 3237 - Kamu Yönetimi | 3313 - Siyaset Bilimi | 3314 - Siyaset Bilimi ve Kamu Yönetimi | 7111 - Son 5 Yıl İçerisinde KPDS/YDS En Az C Seviyesinde İngilizce Bilmek. | 7225 - Güvenlik Tahkikatının Olumlu Sonuçlanması.;4e6b266f-7956-e711-80d3-a0369f7d149c
2017;1;391203841;Devlet Demiryolları Taşımacılık A.Ş Genel Müdürlüğü;Psikolog;Ankara;Lisans;1;;89.621;89.621;"4131;3286;7225";4131 - Aşağıdaki lisans programlarından birinden mezun olmak. | 3286 - Psikoloji | 7225 - Güvenlik Tahkikatının Olumlu Sonuçlanması.;0b6a266f-7956-e711-80d3-a0369f7d149c
2017;1;390796217;Tapu ve Kadastro Genel Müdürlüğü;Mühendis;Aydın;Lisans;1;;89.621;89.621;"4689;3233;4298;8324;9034;7225";4689 - Aşağıdaki lisans programlarından birinden mezun olmak. | 3233 - Jeodezi ve Fotogrametri Mühendisliği | 4298 - Jeodezi ve Haritacılık | 8324 - Harita Mühendisliği | 9034 - Geomatik Mühendisliği | 7225 - Güvenlik Tahkikatının Olumlu Sonuçlanması.;2a6a266f-7956-e711-80d3-a0369f7d149c
2017;1;390945497;Pamukkale Belediye Başkanlığı;Mühendis;Denizli;Lisans;1;;89.599;89.599;"4669;3221;7225;7257";4669 - Aşağıdaki lisans programlarından birinden mezun olmak. | 3221 - İnşaat Mühendisliği | 7225 - Güvenlik Tahkikatının Olumlu Sonuçlanması. | 7257 - Seyahate ve Arazide Çalışmaya Elverişli olmak.;9d6a266f-7956-e711-80d3-a0369f7d149c
2017;1;390947393;Yenişehir (Diyarbakır) Belediye Başkanlığı;Mühendis;Denizli;Lisans;1;;89.598;89.598;"4639;3252;4314;7225";4639 - Aşağıdaki lisans programlarından birinden mezun olmak. | 3252 - Makine Mühendisliği | 4314 - Makine ve İmalat Mühendisliği | 7225 - Güvenlik Tahkikatının Olumlu Sonuçlanması.;a06a266f-7956-e711-80d3-a0369f7d149c
2017;1;391083967;Devlet Hava Meydanları İşletmesi Genel Müdürlüğü;Memur;Muğla;Lisans;1;;89.583;89.583;"4421;3159;3213;5131;8208;4431;3226;3361;3381;5123;8207;8208;8296;8334;7225";4421 - Aşağıdaki lisans programlarından birinden mezun olmak. | 3159 - Ekonomi | 3213 - İktisat | 5131 - Uluslararası Ticaret ve Finansman | 8208 - İş İdaresi ve İktisat | 4431 - Aşağıdaki lisans programlarından birinden mezun olmak. | 3226 - İşletme / İşletmecilik | 3361 - Yönetim Bilişim Sistemleri | 3381 - Muhasebe-Finansman | 5123 - Muhasebe ve Finansal Yönetim / Muhasebe ve Finans Yönetimi | 8207 - İş İdaresi | 8208 - İş İdaresi ve İktisat | 8296 - Yönetim ve Organizasyon | 8334 - Pazarlama | 7225 - Güvenlik Tahkikatının Olumlu Sonuçlanması.;4e6c266f-7956-e711-80d3-a0369f7d149c
2017;1;390684333;Devlet Su İşleri Genel Müdürlüğü;Avukat;Diyarbakır;Lisans;1;;89.583;89.583;"4419;3209;7205;7225;7257;7361";4419 - Aşağıdaki lisans programlarından birinden mezun olmak. | 3209 - Hukuk | 7205 - Avukatlık Ruhsatı Sahibi olmak. | 7225 - Güvenlik Tahkikatının Olumlu Sonuçlanması. | 7257 - Seyahate ve Arazide Çalışmaya Elverişli olmak. | 7361 - (Bakınız Başvurma Özel Şartları Bölümü Avukat).;a96a266f-7956-e711-80d3-a0369f7d149c
2017;1;390745041;Karayolları Genel Müdürlüğü;Avukat;Mersin;Lisans;2;;89.56;89.947;"4419;3209;7205;7225;7257;7361";4419 - Aşağıdaki lisans programlarından birinden mezun olmak. | 3209 - Hukuk | 7205 - Avukatlık Ruhsatı Sahibi olmak. | 7225 - Güvenlik Tahkikatının Olumlu Sonuçlanması. | 7257 - Seyahate ve Arazide Çalışmaya Elverişli olmak. | 7361 - (Bakınız Başvurma Özel Şartları Bölümü Avukat).;406b266f-7956-e711-80d3-a0369f7d149c
2017;1;390684357;Devlet Su İşleri Genel Müdürlüğü;Avukat;Sivas;Lisans;1;;89.522;89.522;"4419;3209;7205;7225;7257;7361";4419 - Aşağıdaki lisans programlarından birinden mezun olmak. | 3209 - Hukuk | 7205 - Avukatlık Ruhsatı Sahibi olmak. | 7225 - Güvenlik Tahkikatının Olumlu Sonuçlanması. | 7257 - Seyahate ve Arazide Çalışmaya Elverişli olmak. | 7361 - (Bakınız Başvurma Özel Şartları Bölümü Avukat).;ec6c266f-7956-e711-80d3-a0369f7d149c
2017;1;391175305;Makina ve Kimya Endüstrisi Kurumu Genel Müdürlüğü;Mühendis;Çankırı;Lisans;1;;89.521;89.521;"4703;3168;8318;9321;7111;7225";4703 - Aşağıdaki lisans programlarından birinden mezun olmak. | 3168 - Endüstri Mühendisliği | 8318 - Endüstri Sistemleri Mühendisliği | 9321 - Endüstri Sistem Mühendisliği | 7111 - Son 5 Yıl İçerisinde KPDS/YDS En Az C Seviyesinde İngilizce Bilmek. | 7225 - Güvenlik Tahkikatının Olumlu Sonuçlanması.;826a266f-7956-e711-80d3-a0369f7d149c
2017;1;390837255;Vakıflar Genel Müdürlüğü;Avukat;Bitlis;Lisans;1;;89.508;89.508;"4419;3209;7205;7225;7361";4419 - Aşağıdaki lisans programlarından birinden mezun olmak. | 3209 - Hukuk | 7205 - Avukatlık Ruhsatı Sahibi olmak. | 7225 - Güvenlik Tahkikatının Olumlu Sonuçlanması. | 7361 - (Bakınız Başvurma Özel Şartları Bölümü Avukat).;456a266f-7956-e711-80d3-a0369f7d149c
2017;1;310042911;Afyon Kocatepe Üniversitesi;Mühendis;Afyonkarahisar;Lisans;1;;89.475;89.475;"4531;3124;5103;5137;8141;8156;8309;7115;7219;7225";4531 - Aşağıdaki lisans programlarından birinden mezun olmak. | 3124 - Bilgisayar Mühendisliği | 5103 - Bilişim Sistemleri Mühendisliği | 5137 - Bilgisayar Bilimi ve Mühendisliği / Bilgisayar Bilimleri Mühendisliği | 8141 - Kontrol ve Bilgisayar Mühendisliği | 8156 - Bilgisayar ve Enformatik Mühendisliği | 8309 - Bilgisayar Donanımı ve Teknolojisi | 7115 - Son 5 Yıl İçerisinde KPDS/YDS En Az E Seviyesinde İngilizce Bilmek. | 7219 - Client-Server Yada Büyük Sistemlerin İşletim Sistemlerinden En Az Birini Bildiğini Belgelemek. | 7225 - Güvenlik Tahkikatının Olumlu Sonuçlanması.;5369266f-7956-e711-80d3-a0369f7d149c
2017;1;390684345;Devlet Su İşleri Genel Müdürlüğü;Avukat;Kayseri;Lisans;1;;89.46;89.46;"4419;3209;7205;7225;7257;7361";4419 - Aşağıdaki lisans programlarından birinden mezun olmak. | 3209 - Hukuk | 7205 - Avukatlık Ruhsatı Sahibi olmak. | 7225 - Güvenlik Tahkikatının Olumlu Sonuçlanması. | 7257 - Seyahate ve Arazide Çalışmaya Elverişli olmak. | 7361 - (Bakınız Başvurma Özel Şartları Bölümü Avukat).;f86b266f-7956-e711-80d3-a0369f7d149c
2017;1;390597063;Türkiye İstatistik Kurumu Başkanlığı;İstatistikçi;Zonguldak;Lisans;1;;89.459;89.459;"4524;3224;4525;3223;7225";4524 - Aşağıdaki lisans programlarından birinden mezun olmak. | 3224 - İstatistik ve Bilgisayar Bilimleri | 4525 - Aşağıdaki lisans programlarından birinden mezun olmak. | 3223 - İstatistik | 7225 - Güvenlik Tahkikatının Olumlu Sonuçlanması.;7b6d266f-7956-e711-80d3-a0369f7d149c
2017;1;390465947;Sosyal Güvenlik Kurumu Başkanlığı;Memur;İstanbul;Lisans;1;;89.445;89.445;"4421;3159;3213;5131;8208;4431;3226;3361;3381;5123;8207;8208;8296;8334;4459;3254;4322;8225;4469;3306;5127;4503;3237;3313;3314;4507;3313;3315;3352;3353;5116;5142;7225";4421 - Aşağıdaki lisans programlarından birinden mezun olmak. | 3159 - Ekonomi | 3213 - İktisat | 5131 - Uluslararası Ticaret ve Finansman | 8208 - İş İdaresi ve İktisat | 4431 - Aşağıdaki lisans programlarından birinden mezun olmak. | 3226 - İşletme / İşletmecilik | 3361 - Yönetim Bilişim Sistemleri | 3381 - Muhasebe-Finansman | 5123 - Muhasebe ve Finansal Yönetim / Muhasebe ve Finans Yönetimi | 8207 - İş İdaresi | 8208 - İş İdaresi ve İktisat | 8296 - Yönetim ve Organizasyon | 8334 - Pazarlama | 4459 - Aşağıdaki lisans programlarından birinden mezun olmak. | 3254 - Maliye | 4322 - Muhasebe ve Maliye | 8225 - Maliye-Muhasebe | 4469 - Aşağıdaki lisans programlarından birinden mezun olmak. | 3306 - Sigortacılık | 5127 - Sigortacılık ve Risk Yönetimi | 4503 - Aşağıdaki lisans programlarından birinden mezun olmak. | 3237 - Kamu Yönetimi | 3313 - Siyaset Bilimi | 3314 - Siyaset Bilimi ve Kamu Yönetimi | 4507 - Aşağıdaki lisans programlarından birinden mezun olmak. | 3313 - Siyaset Bilimi | 3315 - Siyaset Bilimi ve Uluslararası İlişkiler | 3352 - Uluslararası İlişkiler | 3353 - Uluslararası İlişkiler ve Avrupa Birliği | 5116 - Küresel ve Uluslararası İlişkiler / Küresel Siyaset ve Uluslararası İlişkiler | 5142 - Toplumsal ve Siyasal Bilimler | 7225 - Güvenlik Tahkikatının Olumlu Sonuçlanması.;ad6b266f-7956-e711-80d3-a0369f7d149c
2017;1;390944939;Karaçoban Belediye Başkanlığı;Memur;Erzurum;Lisans;1;;89.427;89.427;"4001;7225";4001 - Herhangi bir lisans programından mezun olmak. | 7225 - Güvenlik Tahkikatının Olumlu Sonuçlanması.;f46a266f-7956-e711-80d3-a0369f7d149c
2017;1;390942935;Ağrı Belediye Başkanlığı;Avukat;Ağrı;Lisans;1;;89.407;89.407;"4419;3209;7205;7225;7361";4419 - Aşağıdaki lisans programlarından birinden mezun olmak. | 3209 - Hukuk | 7205 - Avukatlık Ruhsatı Sahibi olmak. | 7225 - Güvenlik Tahkikatının Olumlu Sonuçlanması. | 7361 - (Bakınız Başvurma Özel Şartları Bölümü Avukat).;5c69266f-7956-e711-80d3-a0369f7d149c
2017;1;390937225;Uşak İl Özel İdaresi;Mühendis;Uşak;Lisans;2;;89.39;89.475;"4669;3221;7225;7257";4669 - Aşağıdaki lisans programlarından birinden mezun olmak. | 3221 - İnşaat Mühendisliği | 7225 - Güvenlik Tahkikatının Olumlu Sonuçlanması. | 7257 - Seyahate ve Arazide Çalışmaya Elverişli olmak.;586d266f-7956-e711-80d3-a0369f7d149c
2017;1;390935455;Muş İl Özel İdaresi;Mühendis;Muş;Lisans;1;;89.389;89.389;"4669;3221;7225";4669 - Aşağıdaki lisans programlarından birinden mezun olmak. | 3221 - İnşaat Mühendisliği | 7225 - Güvenlik Tahkikatının Olumlu Sonuçlanması.;6e6c266f-7956-e711-80d3-a0369f7d149c
2017;1;390933121;Ardahan İl Özel İdaresi;Mühendis;Ardahan;Lisans;1;;89.303;89.303;"4639;3252;4314;7225";4639 - Aşağıdaki lisans programlarından birinden mezun olmak. | 3252 - Makine Mühendisliği | 4314 - Makine ve İmalat Mühendisliği | 7225 - Güvenlik Tahkikatının Olumlu Sonuçlanması.;e26d266f-7956-e711-80d3-a0369f7d149c
2017;1;391084021;Devlet Hava Meydanları İşletmesi Genel Müdürlüğü;Memur;Tekirdağ;Lisans;1;;89.282;89.282;"4493;3312;7225";4493 - Aşağıdaki lisans programlarından birinden mezun olmak. | 3312 - Sivil Hava Ulaştırma İşletmeciliği | 7225 - Güvenlik Tahkikatının Olumlu Sonuçlanması.;f66c266f-7956-e711-80d3-a0369f7d149c
2017;1;390745047;Karayolları Genel Müdürlüğü;Avukat;Trabzon;Lisans;1;;89.282;89.282;"4419;3209;7205;7225;7257;7361";4419 - Aşağıdaki lisans programlarından birinden mezun olmak. | 3209 - Hukuk | 7205 - Avukatlık Ruhsatı Sahibi olmak. | 7225 - Güvenlik Tahkikatının Olumlu Sonuçlanması. | 7257 - Seyahate ve Arazide Çalışmaya Elverişli olmak. | 7361 - (Bakınız Başvurma Özel Şartları Bölümü Avukat).;136d266f-7956-e711-80d3-a0369f7d149c
2017;1;390942947;Ağrı Belediye Başkanlığı;Bilgisayar İşletmeni;Ağrı;Lisans;1;;89.266;89.266;"4001;6225;7225";4001 - Herhangi bir lisans programından mezun olmak. | 6225 - M.E.B.'Dan Onaylı Bilgisayar İşletmeni Sertifikası Sahibi olmak. | 7225 - Güvenlik Tahkikatının Olumlu Sonuçlanması.;5e69266f-7956-e711-80d3-a0369f7d149c
2017;1;310977189;Uludağ Üniversitesi;Mühendis;Bursa;Lisans;1;;89.266;89.266;"4669;3221;7225";4669 - Aşağıdaki lisans programlarından birinden mezun olmak. | 3221 - İnşaat Mühendisliği | 7225 - Güvenlik Tahkikatının Olumlu Sonuçlanması.;6e6a266f-7956-e711-80d3-a0369f7d149c
2017;1;390943001;Ağrı Belediye Başkanlığı;Tahsildar;Ağrı;Lisans;1;;89.243;89.243;"4001;7225";4001 - Herhangi bir lisans programından mezun olmak. | 7225 - Güvenlik Tahkikatının Olumlu Sonuçlanması.;6769266f-7956-e711-80d3-a0369f7d149c
2017;1;390942989;Ağrı Belediye Başkanlığı;Programcı;Ağrı;Lisans;1;;89.242;89.242;"4529;3123;8143;4531;3124;5103;5137;8141;8156;8309;7225;7301";4529 - Aşağıdaki lisans programlarından birinden mezun olmak. | 3123 - Bilgisayar | 8143 - Bilgisayar Bilimi / Bilgisayar Bilimleri | 4531 - Aşağıdaki lisans programlarından birinden mezun olmak. | 3124 - Bilgisayar Mühendisliği | 5103 - Bilişim Sistemleri Mühendisliği | 5137 - Bilgisayar Bilimi ve Mühendisliği / Bilgisayar Bilimleri Mühendisliği | 8141 - Kontrol ve Bilgisayar Mühendisliği | 8156 - Bilgisayar ve Enformatik Mühendisliği | 8309 - Bilgisayar Donanımı ve Teknolojisi | 7225 - Güvenlik Tahkikatının Olumlu Sonuçlanması. | 7301 - (Bakınız Başvurma Özel Şartları Bölümü Programcı).;6569266f-7956-e711-80d3-a0369f7d149c
2017;1;390465635;Sosyal Güvenlik Kurumu Başkanlığı;Avukat;Kırklareli;Lisans;1;;89.235;89.235;"4419;3209;7205;7225;7361";4419 - Aşağıdaki lisans programlarından birinden mezun olmak. | 3209 - Hukuk | 7205 - Avukatlık Ruhsatı Sahibi olmak. | 7225 - Güvenlik Tahkikatının Olumlu Sonuçlanması. | 7361 - (Bakınız Başvurma Özel Şartları Bölümü Avukat).;fa6b266f-7956-e711-80d3-a0369f7d149c
2017;1;391094285;Devlet Malzeme Ofisi Genel Müdürlüğü;Merkezi Satınalma Uzm. Yrd.;Ankara;Lisans;4;;89.228;91.773;"4431;3226;3361;3381;5123;8207;8208;8296;8334;4503;3237;3313;3314;7113;7225";4431 - Aşağıdaki lisans programlarından birinden mezun olmak. | 3226 - İşletme / İşletmecilik | 3361 - Yönetim Bilişim Sistemleri | 3381 - Muhasebe-Finansman | 5123 - Muhasebe ve Finansal Yönetim / Muhasebe ve Finans Yönetimi | 8207 - İş İdaresi | 8208 - İş İdaresi ve İktisat | 8296 - Yönetim ve Organizasyon | 8334 - Pazarlama | 4503 - Aşağıdaki lisans programlarından birinden mezun olmak. | 3237 - Kamu Yönetimi | 3313 - Siyaset Bilimi | 3314 - Siyaset Bilimi ve Kamu Yönetimi | 7113 - Son 5 Yıl İçerisinde KPDS/YDS En Az D Seviyesinde İngilizce Bilmek. | 7225 - Güvenlik Tahkikatının Olumlu Sonuçlanması.;e969266f-7956-e711-80d3-a0369f7d149c
2017;1;390684363;Devlet Su İşleri Genel Müdürlüğü;Avukat;Şanlıurfa;Lisans;1;;89.188;89.188;"4419;3209;7205;7225;7257;7361";4419 - Aşağıdaki lisans programlarından birinden mezun olmak. | 3209 - Hukuk | 7205 - Avukatlık Ruhsatı Sahibi olmak. | 7225 - Güvenlik Tahkikatının Olumlu Sonuçlanması. | 7257 - Seyahate ve Arazide Çalışmaya Elverişli olmak. | 7361 - (Bakınız Başvurma Özel Şartları Bölümü Avukat).;286d266f-7956-e711-80d3-a0369f7d149c
2017;1;390796391;Tapu ve Kadastro Genel Müdürlüğü;Mühendis;Manisa;Lisans;1;;89.181;89.181;"4689;3233;4298;8324;9034;7225";4689 - Aşağıdaki lisans programlarından birinden mezun olmak. | 3233 - Jeodezi ve Fotogrametri Mühendisliği | 4298 - Jeodezi ve Haritacılık | 8324 - Harita Mühendisliği | 9034 - Geomatik Mühendisliği | 7225 - Güvenlik Tahkikatının Olumlu Sonuçlanması.;366c266f-7956-e711-80d3-a0369f7d149c
2017;1;390684351;Devlet Su İşleri Genel Müdürlüğü;Avukat;Mardin;Lisans;1;;89.18;89.18;"4419;3209;7205;7225;7257;7361";4419 - Aşağıdaki lisans programlarından birinden mezun olmak. | 3209 - Hukuk | 7205 - Avukatlık Ruhsatı Sahibi olmak. | 7225 - Güvenlik Tahkikatının Olumlu Sonuçlanması. | 7257 - Seyahate ve Arazide Çalışmaya Elverişli olmak. | 7361 - (Bakınız Başvurma Özel Şartları Bölümü Avukat).;486c266f-7956-e711-80d3-a0369f7d149c
2017;1;390935065;Kastamonu İl Özel İdaresi;Mimar;Kastamonu;Lisans;1;;89.18;89.18;"4747;3263;7225";4747 - Aşağıdaki lisans programlarından birinden mezun olmak. | 3263 - Mimarlık | 7225 - Güvenlik Tahkikatının Olumlu Sonuçlanması.;ed6b266f-7956-e711-80d3-a0369f7d149c
2017;1;390465629;Sosyal Güvenlik Kurumu Başkanlığı;Avukat;Kastamonu;Lisans;1;;89.18;89.18;"4419;3209;7205;7225;7361";4419 - Aşağıdaki lisans programlarından birinden mezun olmak. | 3209 - Hukuk | 7205 - Avukatlık Ruhsatı Sahibi olmak. | 7225 - Güvenlik Tahkikatının Olumlu Sonuçlanması. | 7361 - (Bakınız Başvurma Özel Şartları Bölümü Avukat).;d36b266f-7956-e711-80d3-a0369f7d149c
2017;1;390796277;Tapu ve Kadastro Genel Müdürlüğü;Mühendis;Edirne;Lisans;1;;89.157;89.157;"4689;3233;4298;8324;9034;7225";4689 - Aşağıdaki lisans programlarından birinden mezun olmak. | 3233 - Jeodezi ve Fotogrametri Mühendisliği | 4298 - Jeodezi ve Haritacılık | 8324 - Harita Mühendisliği | 9034 - Geomatik Mühendisliği | 7225 - Güvenlik Tahkikatının Olumlu Sonuçlanması.;c86a266f-7956-e711-80d3-a0369f7d149c
2017;1;310915581;Sinop Üniversitesi;Avukat;Sinop;Lisans;1;;89.142;89.142;"4419;3209;7205;7225;7361";4419 - Aşağıdaki lisans programlarından birinden mezun olmak. | 3209 - Hukuk | 7205 - Avukatlık Ruhsatı Sahibi olmak. | 7225 - Güvenlik Tahkikatının Olumlu Sonuçlanması. | 7361 - (Bakınız Başvurma Özel Şartları Bölümü Avukat).;cb6c266f-7956-e711-80d3-a0369f7d149c
2017;1;311027465;Yüzüncü Yıl Üniversitesi;Mühendis;Van;Lisans;1;;89.142;89.142;"4639;3252;4314;7225";4639 - Aşağıdaki lisans programlarından birinden mezun olmak. | 3252 - Makine Mühendisliği | 4314 - Makine ve İmalat Mühendisliği | 7225 - Güvenlik Tahkikatının Olumlu Sonuçlanması.;626d266f-7956-e711-80d3-a0369f7d149c
2017;1;391337117;Türkiye Lokomotif ve Motor Sanayii A.Ş. Genel Müdürlüğü;Mühendis;Eskişehir;Lisans;1;;89.119;89.119;"4677;3142;7163;7225";4677 - Aşağıdaki lisans programlarından birinden mezun olmak. | 3142 - Çevre Mühendisliği | 7163 - C Sınıfı İş Güvenliği Uzmanı belgesine sahip olmak. | 7225 - Güvenlik Tahkikatının Olumlu Sonuçlanması.;fb6a266f-7956-e711-80d3-a0369f7d149c
2017;1;310042905;Afyon Kocatepe Üniversitesi;Mühendis;Afyonkarahisar;Lisans;1;;89.111;89.111;"4669;3221;7225";4669 - Aşağıdaki lisans programlarından birinden mezun olmak. | 3221 - İnşaat Mühendisliği | 7225 - Güvenlik Tahkikatının Olumlu Sonuçlanması.;5269266f-7956-e711-80d3-a0369f7d149c
2017;1;310314579;Dokuz Eylül Üniversitesi;Psikolog;İzmir;Lisans;1;;89.105;89.105;"4131;3286;7225";4131 - Aşağıdaki lisans programlarından birinden mezun olmak. | 3286 - Psikoloji | 7225 - Güvenlik Tahkikatının Olumlu Sonuçlanması.;b66b266f-7956-e711-80d3-a0369f7d149c
2017;1;390745035;Karayolları Genel Müdürlüğü;Avukat;Kastamonu;Lisans;1;;89.095;89.095;"4419;3209;7205;7225;7257;7361";4419 - Aşağıdaki lisans programlarından birinden mezun olmak. | 3209 - Hukuk | 7205 - Avukatlık Ruhsatı Sahibi olmak. | 7225 - Güvenlik Tahkikatının Olumlu Sonuçlanması. | 7257 - Seyahate ve Arazide Çalışmaya Elverişli olmak. | 7361 - (Bakınız Başvurma Özel Şartları Bölümü Avukat).;eb6b266f-7956-e711-80d3-a0369f7d149c
2017;1;391084099;Devlet Hava Meydanları İşletmesi Genel Müdürlüğü;Mühendis;Erzurum;Lisans;1;;89.08;89.08;"4677;3142;7225";4677 - Aşağıdaki lisans programlarından birinden mezun olmak. | 3142 - Çevre Mühendisliği | 7225 - Güvenlik Tahkikatının Olumlu Sonuçlanması.;f16a266f-7956-e711-80d3-a0369f7d149c
2017;1;390465599;Sosyal Güvenlik Kurumu Başkanlığı;Avukat;Amasya;Lisans;1;;89.065;89.065;"4419;3209;7205;7225;7361";4419 - Aşağıdaki lisans programlarından birinden mezun olmak. | 3209 - Hukuk | 7205 - Avukatlık Ruhsatı Sahibi olmak. | 7225 - Güvenlik Tahkikatının Olumlu Sonuçlanması. | 7361 - (Bakınız Başvurma Özel Şartları Bölümü Avukat).;7969266f-7956-e711-80d3-a0369f7d149c
2017;1;310283517;Çankırı Karatekin Üniversitesi;Avukat;Çankırı;Lisans;1;;89.049;89.049;"4419;3209;7205;7225;7361";4419 - Aşağıdaki lisans programlarından birinden mezun olmak. | 3209 - Hukuk | 7205 - Avukatlık Ruhsatı Sahibi olmak. | 7225 - Güvenlik Tahkikatının Olumlu Sonuçlanması. | 7361 - (Bakınız Başvurma Özel Şartları Bölümü Avukat).;8c6a266f-7956-e711-80d3-a0369f7d149c
2017;1;390465737;Sosyal Güvenlik Kurumu Başkanlığı;Memur;Adana;Lisans;1;;89.048;89.048;"4421;3159;3213;5131;8208;4431;3226;3361;3381;5123;8207;8208;8296;8334;4459;3254;4322;8225;4469;3306;5127;4503;3237;3313;3314;4507;3313;3315;3352;3353;5116;5142;7225";4421 - Aşağıdaki lisans programlarından birinden mezun olmak. | 3159 - Ekonomi | 3213 - İktisat | 5131 - Uluslararası Ticaret ve Finansman | 8208 - İş İdaresi ve İktisat | 4431 - Aşağıdaki lisans programlarından birinden mezun olmak. | 3226 - İşletme / İşletmecilik | 3361 - Yönetim Bilişim Sistemleri | 3381 - Muhasebe-Finansman | 5123 - Muhasebe ve Finansal Yönetim / Muhasebe ve Finans Yönetimi | 8207 - İş İdaresi | 8208 - İş İdaresi ve İktisat | 8296 - Yönetim ve Organizasyon | 8334 - Pazarlama | 4459 - Aşağıdaki lisans programlarından birinden mezun olmak. | 3254 - Maliye | 4322 - Muhasebe ve Maliye | 8225 - Maliye-Muhasebe | 4469 - Aşağıdaki lisans programlarından birinden mezun olmak. | 3306 - Sigortacılık | 5127 - Sigortacılık ve Risk Yönetimi | 4503 - Aşağıdaki lisans programlarından birinden mezun olmak. | 3237 - Kamu Yönetimi | 3313 - Siyaset Bilimi | 3314 - Siyaset Bilimi ve Kamu Yönetimi | 4507 - Aşağıdaki lisans programlarından birinden mezun olmak. | 3313 - Siyaset Bilimi | 3315 - Siyaset Bilimi ve Uluslararası İlişkiler | 3352 - Uluslararası İlişkiler | 3353 - Uluslararası İlişkiler ve Avrupa Birliği | 5116 - Küresel ve Uluslararası İlişkiler / Küresel Siyaset ve Uluslararası İlişkiler | 5142 - Toplumsal ve Siyasal Bilimler | 7225 - Güvenlik Tahkikatının Olumlu Sonuçlanması.;3e69266f-7956-e711-80d3-a0369f7d149c
2017;1;390933115;Ardahan İl Özel İdaresi;Anbar Memuru;Ardahan;Lisans;2;;89.034;89.098;"4001;7225";4001 - Herhangi bir lisans programından mezun olmak. | 7225 - Güvenlik Tahkikatının Olumlu Sonuçlanması.;e16d266f-7956-e711-80d3-a0369f7d149c
2017;1;391073685;Çay İşletmeleri Genel Müdürlüğü;Mühendis;Rize;Lisans;6;;89.033;90.603;"4639;3252;4314;7225";4639 - Aşağıdaki lisans programlarından birinden mezun olmak. | 3252 - Makine Mühendisliği | 4314 - Makine ve İmalat Mühendisliği | 7225 - Güvenlik Tahkikatının Olumlu Sonuçlanması.;926c266f-7956-e711-80d3-a0369f7d149c
2017;1;390944981;Karatay Belediye Başkanlığı;Zabıta Memuru;Konya;Lisans;3;;89.033;91.085;"4001;6199;6506;7225;7300";4001 - Herhangi bir lisans programından mezun olmak. | 6199 - Yerleştirme işlemlerinin ilk günü itibariyle 30 yaşını doldurmamış olmak | 6506 - B sınıfı sürücü belgesine sahip olmak | 7225 - Güvenlik Tahkikatının Olumlu Sonuçlanması. | 7300 - Bu kadro/pozisyonda vardiya sistemi uygulanmaktadır.;166c266f-7956-e711-80d3-a0369f7d149c
2017;1;390937231;Uşak İl Özel İdaresi;Mühendis;Uşak;Lisans;1;;88.981;88.981;"4685;3206;4334;6235;7225;7257";4685 - Aşağıdaki lisans programlarından birinden mezun olmak. | 3206 - Hidrojeoloji Mühendisliği | 4334 - Petrol ve Doğalgaz Jeolojisi | 6235 - Jeoloji Mühendisliği | 7225 - Güvenlik Tahkikatının Olumlu Sonuçlanması. | 7257 - Seyahate ve Arazide Çalışmaya Elverişli olmak.;596d266f-7956-e711-80d3-a0369f7d149c
2017;1;391073703;Çay İşletmeleri Genel Müdürlüğü;Mühendis;Trabzon;Lisans;1;;88.972;88.972;"4639;3252;4314;7225";4639 - Aşağıdaki lisans programlarından birinden mezun olmak. | 3252 - Makine Mühendisliği | 4314 - Makine ve İmalat Mühendisliği | 7225 - Güvenlik Tahkikatının Olumlu Sonuçlanması.;1d6d266f-7956-e711-80d3-a0369f7d149c
2017;1;390946097;Sultanhanı Belediye Başkanlığı;Zabıta Memuru;Aksaray;Lisans;1;;88.965;88.965;"4001;6199;7225";4001 - Herhangi bir lisans programından mezun olmak. | 6199 - Yerleştirme işlemlerinin ilk günü itibariyle 30 yaşını doldurmamış olmak | 7225 - Güvenlik Tahkikatının Olumlu Sonuçlanması.;8d6d266f-7956-e711-80d3-a0369f7d149c
2017;1;391337129;Türkiye Lokomotif ve Motor Sanayii A.Ş. Genel Müdürlüğü;Mühendis;Eskişehir;Lisans;1;;88.965;88.965;"4691;3261;3301;5118;8227;8232;7163;7225";4691 - Aşağıdaki lisans programlarından birinden mezun olmak. | 3261 - Metalurji ve Malzeme Mühendisliği | 3301 - Seramik Mühendisliği | 5118 - Malzeme Bilimi ve Mühendisliği | 8227 - Malzeme Mühendisliği | 8232 - Metalurji Mühendisliği | 7163 - C Sınıfı İş Güvenliği Uzmanı belgesine sahip olmak. | 7225 - Güvenlik Tahkikatının Olumlu Sonuçlanması.;fd6a266f-7956-e711-80d3-a0369f7d149c
2017;1;390837267;Vakıflar Genel Müdürlüğü;Avukat;Sivas;Lisans;1;;88.963;88.963;"4419;3209;7205;7225;7361";4419 - Aşağıdaki lisans programlarından birinden mezun olmak. | 3209 - Hukuk | 7205 - Avukatlık Ruhsatı Sahibi olmak. | 7225 - Güvenlik Tahkikatının Olumlu Sonuçlanması. | 7361 - (Bakınız Başvurma Özel Şartları Bölümü Avukat).;d86c266f-7956-e711-80d3-a0369f7d149c
2017;1;391276505;Türkiye Elektrik İletim.A.Ş.Gen.Md.;Memur;Adana;Lisans;1;;88.955;88.955;"4421;3159;3213;5131;8208;4427;3158;4429;3141;8312;4431;3226;3361;3381;5123;8207;8208;8296;8334;4453;3268;3269;5123;4459;3254;4322;8225;4503;3237;3313;3314;4507;3313;3315;3352;3353;5116;5142;7225";4421 - Aşağıdaki lisans programlarından birinden mezun olmak. | 3159 - Ekonomi | 3213 - İktisat | 5131 - Uluslararası Ticaret ve Finansman | 8208 - İş İdaresi ve İktisat | 4427 - Aşağıdaki lisans programlarından birinden mezun olmak. | 3158 - Ekonometri | 4429 - Aşağıdaki lisans programlarından birinden mezun olmak. | 3141 - Çalışma Ekonomisi ve Endüstri İlişkileri | 8312 - Çalışma Ekonomisi | 4431 - Aşağıdaki lisans programlarından birinden mezun olmak. | 3226 - İşletme / İşletmecilik | 3361 - Yönetim Bilişim Sistemleri | 3381 - Muhasebe-Finansman | 5123 - Muhasebe ve Finansal Yönetim / Muhasebe ve Finans Yönetimi | 8207 - İş İdaresi | 8208 - İş İdaresi ve İktisat | 8296 - Yönetim ve Organizasyon | 8334 - Pazarlama | 4453 - Aşağıdaki lisans programlarından birinden mezun olmak. | 3268 - Muhasebe | 3269 - Muhasebe Bilgi Sistemleri | 5123 - Muhasebe ve Finansal Yönetim / Muhasebe ve Finans Yönetimi | 4459 - Aşağıdaki lisans programlarından birinden mezun olmak. | 3254 - Maliye | 4322 - Muhasebe ve Maliye | 8225 - Maliye-Muhasebe | 4503 - Aşağıdaki lisans programlarından birinden mezun olmak. | 3237 - Kamu Yönetimi | 3313 - Siyaset Bilimi | 3314 - Siyaset Bilimi ve Kamu Yönetimi | 4507 - Aşağıdaki lisans programlarından birinden mezun olmak. | 3313 - Siyaset Bilimi | 3315 - Siyaset Bilimi ve Uluslararası İlişkiler | 3352 - Uluslararası İlişkiler | 3353 - Uluslararası İlişkiler ve Avrupa Birliği | 5116 - Küresel ve Uluslararası İlişkiler / Küresel Siyaset ve Uluslararası İlişkiler | 5142 - Toplumsal ve Siyasal Bilimler | 7225 - Güvenlik Tahkikatının Olumlu Sonuçlanması.;4269266f-7956-e711-80d3-a0369f7d149c
2017;1;310223319;Boğaziçi Üniversitesi;Bilgisayar İşletmeni;İstanbul;Lisans;1;;88.948;88.948;"4535;3128;3129;8152;8310;8347;9150;6225;7225";4535 - Aşağıdaki lisans programlarından birinden mezun olmak. | 3128 - Bilgisayar ve Kontrol Öğretmenliği | 3129 - Bilgisayar ve Öğretim Teknolojileri Öğretmenliği | 8152 - Bilgisayar Teknolojisi Öğretmenliği | 8310 - Bilgisayar ve Öğretim Teknolojileri Öğretimi | 8347 - Kontrol Öğretmenliği | 9150 - Bilgisayar ve Öğretim Teknolojileri Eğitimi | 6225 - M.E.B.'Dan Onaylı Bilgisayar İşletmeni Sertifikası Sahibi olmak. | 7225 - Güvenlik Tahkikatının Olumlu Sonuçlanması.;906b266f-7956-e711-80d3-a0369f7d149c
2017;1;391175287;Makina ve Kimya Endüstrisi Kurumu Genel Müdürlüğü;Mühendis;Ankara;Lisans;1;;88.91;88.91;"4677;3142;7225";4677 - Aşağıdaki lisans programlarından birinden mezun olmak. | 3142 - Çevre Mühendisliği | 7225 - Güvenlik Tahkikatının Olumlu Sonuçlanması.;fe69266f-7956-e711-80d3-a0369f7d149c
2017;1;391175269;Makina ve Kimya Endüstrisi Kurumu Genel Müdürlüğü;Mühendis;Ankara;Lisans;5;;88.887;89.546;"4639;3252;4314;7111;7225";4639 - Aşağıdaki lisans programlarından birinden mezun olmak. | 3252 - Makine Mühendisliği | 4314 - Makine ve İmalat Mühendisliği | 7111 - Son 5 Yıl İçerisinde KPDS/YDS En Az C Seviyesinde İngilizce Bilmek. | 7225 - Güvenlik Tahkikatının Olumlu Sonuçlanması.;fb69266f-7956-e711-80d3-a0369f7d149c
2017;1;390465665;Sosyal Güvenlik Kurumu Başkanlığı;Avukat;Yozgat;Lisans;1;;88.887;88.887;"4419;3209;7205;7225;7361";4419 - Aşağıdaki lisans programlarından birinden mezun olmak. | 3209 - Hukuk | 7205 - Avukatlık Ruhsatı Sahibi olmak. | 7225 - Güvenlik Tahkikatının Olumlu Sonuçlanması. | 7361 - (Bakınız Başvurma Özel Şartları Bölümü Avukat).;796d266f-7956-e711-80d3-a0369f7d149c
2017;1;391073709;Çay İşletmeleri Genel Müdürlüğü;Mühendis;Trabzon;Lisans;1;;88.886;88.886;"4639;3252;4314;7225";4639 - Aşağıdaki lisans programlarından birinden mezun olmak. | 3252 - Makine Mühendisliği | 4314 - Makine ve İmalat Mühendisliği | 7225 - Güvenlik Tahkikatının Olumlu Sonuçlanması.;1e6d266f-7956-e711-80d3-a0369f7d149c
2017;1;390465803;Sosyal Güvenlik Kurumu Başkanlığı;Memur;Bursa;Lisans;2;;88.863;89.939;"4421;3159;3213;5131;8208;4431;3226;3361;3381;5123;8207;8208;8296;8334;4459;3254;4322;8225;4469;3306;5127;4503;3237;3313;3314;4507;3313;3315;3352;3353;5116;5142;7225";4421 - Aşağıdaki lisans programlarından birinden mezun olmak. | 3159 - Ekonomi | 3213 - İktisat | 5131 - Uluslararası Ticaret ve Finansman | 8208 - İş İdaresi ve İktisat | 4431 - Aşağıdaki lisans programlarından birinden mezun olmak. | 3226 - İşletme / İşletmecilik | 3361 - Yönetim Bilişim Sistemleri | 3381 - Muhasebe-Finansman | 5123 - Muhasebe ve Finansal Yönetim / Muhasebe ve Finans Yönetimi | 8207 - İş İdaresi | 8208 - İş İdaresi ve İktisat | 8296 - Yönetim ve Organizasyon | 8334 - Pazarlama | 4459 - Aşağıdaki lisans programlarından birinden mezun olmak. | 3254 - Maliye | 4322 - Muhasebe ve Maliye | 8225 - Maliye-Muhasebe | 4469 - Aşağıdaki lisans programlarından birinden mezun olmak. | 3306 - Sigortacılık | 5127 - Sigortacılık ve Risk Yönetimi | 4503 - Aşağıdaki lisans programlarından birinden mezun olmak. | 3237 - Kamu Yönetimi | 3313 - Siyaset Bilimi | 3314 - Siyaset Bilimi ve Kamu Yönetimi | 4507 - Aşağıdaki lisans programlarından birinden mezun olmak. | 3313 - Siyaset Bilimi | 3315 - Siyaset Bilimi ve Uluslararası İlişkiler | 3352 - Uluslararası İlişkiler | 3353 - Uluslararası İlişkiler ve Avrupa Birliği | 5116 - Küresel ve Uluslararası İlişkiler / Küresel Siyaset ve Uluslararası İlişkiler | 5142 - Toplumsal ve Siyasal Bilimler | 7225 - Güvenlik Tahkikatının Olumlu Sonuçlanması.;6a6a266f-7956-e711-80d3-a0369f7d149c
2017;1;390796457;Tapu ve Kadastro Genel Müdürlüğü;Mühendis;Uşak;Lisans;1;;88.863;88.863;"4689;3233;4298;8324;9034;7225";4689 - Aşağıdaki lisans programlarından birinden mezun olmak. | 3233 - Jeodezi ve Fotogrametri Mühendisliği | 4298 - Jeodezi ve Haritacılık | 8324 - Harita Mühendisliği | 9034 - Geomatik Mühendisliği | 7225 - Güvenlik Tahkikatının Olumlu Sonuçlanması.;536d266f-7956-e711-80d3-a0369f7d149c
2017;1;391377147;Türkiye Vagon Sanayii A..Ş. Genel Müdürlüğü;Mühendis;Sakarya;Lisans;1;;88.863;88.863;"4639;3252;4314;7109;7225";4639 - Aşağıdaki lisans programlarından birinden mezun olmak. | 3252 - Makine Mühendisliği | 4314 - Makine ve İmalat Mühendisliği | 7109 - Son 5 Yıl İçerisinde KPDS/YDS En Az B Seviyesinde İngilizce Bilmek. | 7225 - Güvenlik Tahkikatının Olumlu Sonuçlanması.;a56c266f-7956-e711-80d3-a0369f7d149c
2017;1;310063031;Ahi Evran Üniversitesi;Avukat;Kırşehir;Lisans;1;;88.85;88.85;"4419;3209;7205;7225;7257;7361";4419 - Aşağıdaki lisans programlarından birinden mezun olmak. | 3209 - Hukuk | 7205 - Avukatlık Ruhsatı Sahibi olmak. | 7225 - Güvenlik Tahkikatının Olumlu Sonuçlanması. | 7257 - Seyahate ve Arazide Çalışmaya Elverişli olmak. | 7361 - (Bakınız Başvurma Özel Şartları Bölümü Avukat).;066c266f-7956-e711-80d3-a0369f7d149c
2017;1;390935557;Sinop İl Özel İdaresi;Mimar;Sinop;Lisans;1;;88.848;88.848;"4747;3263;7225;7257";4747 - Aşağıdaki lisans programlarından birinden mezun olmak. | 3263 - Mimarlık | 7225 - Güvenlik Tahkikatının Olumlu Sonuçlanması. | 7257 - Seyahate ve Arazide Çalışmaya Elverişli olmak.;d46c266f-7956-e711-80d3-a0369f7d149c
2017;1;391084105;Devlet Hava Meydanları İşletmesi Genel Müdürlüğü;Mühendis;Gaziantep;Lisans;1;;88.84;88.84;"4677;3142;7225";4677 - Aşağıdaki lisans programlarından birinden mezun olmak. | 3142 - Çevre Mühendisliği | 7225 - Güvenlik Tahkikatının Olumlu Sonuçlanması.;086b266f-7956-e711-80d3-a0369f7d149c
2017;1;390465611;Sosyal Güvenlik Kurumu Başkanlığı;Avukat;Erzurum;Lisans;1;;88.803;88.803;"4419;3209;7205;7225;7361";4419 - Aşağıdaki lisans programlarından birinden mezun olmak. | 3209 - Hukuk | 7205 - Avukatlık Ruhsatı Sahibi olmak. | 7225 - Güvenlik Tahkikatının Olumlu Sonuçlanması. | 7361 - (Bakınız Başvurma Özel Şartları Bölümü Avukat).;e86a266f-7956-e711-80d3-a0369f7d149c
2017;1;390947399;Yenişehir (Diyarbakır) Belediye Başkanlığı;Mühendis;Diyarbakır;Lisans;2;;88.802;90.775;"4669;3221;7225";4669 - Aşağıdaki lisans programlarından birinden mezun olmak. | 3221 - İnşaat Mühendisliği | 7225 - Güvenlik Tahkikatının Olumlu Sonuçlanması.;b96a266f-7956-e711-80d3-a0369f7d149c
2017;1;391175335;Makina ve Kimya Endüstrisi Kurumu Genel Müdürlüğü;Mühendis;Kırıkkale;Lisans;3;;88.787;88.973;"4611;3160;3162;7111;7225";4611 - Aşağıdaki lisans programlarından birinden mezun olmak. | 3160 - Elektrik Mühendisliği | 3162 - Elektrik ve Elektronik Mühendisliği / Elektrik-Elektronik Mühendisliği | 7111 - Son 5 Yıl İçerisinde KPDS/YDS En Az C Seviyesinde İngilizce Bilmek. | 7225 - Güvenlik Tahkikatının Olumlu Sonuçlanması.;bd6d266f-7956-e711-80d3-a0369f7d149c
2017;1;391073691;Çay İşletmeleri Genel Müdürlüğü;Mühendis;Rize;Lisans;2;;88.77;88.848;"4639;3252;4314;7225";4639 - Aşağıdaki lisans programlarından birinden mezun olmak. | 3252 - Makine Mühendisliği | 4314 - Makine ve İmalat Mühendisliği | 7225 - Güvenlik Tahkikatının Olumlu Sonuçlanması.;936c266f-7956-e711-80d3-a0369f7d149c
2017;1;310293775;Çukurova Üniversitesi;Mühendis;Adana;Lisans;1;;88.763;88.763;"4669;3221;7225";4669 - Aşağıdaki lisans programlarından birinden mezun olmak. | 3221 - İnşaat Mühendisliği | 7225 - Güvenlik Tahkikatının Olumlu Sonuçlanması.;3c69266f-7956-e711-80d3-a0369f7d149c
2017;1;391084051;Devlet Hava Meydanları İşletmesi Genel Müdürlüğü;Mühendis;Adana;Lisans;1;;88.763;88.763;"4677;3142;7225";4677 - Aşağıdaki lisans programlarından birinden mezun olmak. | 3142 - Çevre Mühendisliği | 7225 - Güvenlik Tahkikatının Olumlu Sonuçlanması.;4069266f-7956-e711-80d3-a0369f7d149c
2017;1;390933763;Çorum İl Özel İdaresi;Veri Hazırlama ve Kontrol İşletmeni;Çorum;Lisans;1;;88.739;88.739;"4431;3226;3361;3381;5123;8207;8208;8296;8334;6225;7225";4431 - Aşağıdaki lisans programlarından birinden mezun olmak. | 3226 - İşletme / İşletmecilik | 3361 - Yönetim Bilişim Sistemleri | 3381 - Muhasebe-Finansman | 5123 - Muhasebe ve Finansal Yönetim / Muhasebe ve Finans Yönetimi | 8207 - İş İdaresi | 8208 - İş İdaresi ve İktisat | 8296 - Yönetim ve Organizasyon | 8334 - Pazarlama | 6225 - M.E.B.'Dan Onaylı Bilgisayar İşletmeni Sertifikası Sahibi olmak. | 7225 - Güvenlik Tahkikatının Olumlu Sonuçlanması.;9b6a266f-7956-e711-80d3-a0369f7d149c
2017;1;390942965;Ağrı Belediye Başkanlığı;Memur;Ağrı;Lisans;3;;88.725;89.242;"4001;7225";4001 - Herhangi bir lisans programından mezun olmak. | 7225 - Güvenlik Tahkikatının Olumlu Sonuçlanması.;6169266f-7956-e711-80d3-a0369f7d149c
2017;1;390465605;Sosyal Güvenlik Kurumu Başkanlığı;Avukat;Çankırı;Lisans;1;;88.725;88.725;"4419;3209;7205;7225;7361";4419 - Aşağıdaki lisans programlarından birinden mezun olmak. | 3209 - Hukuk | 7205 - Avukatlık Ruhsatı Sahibi olmak. | 7225 - Güvenlik Tahkikatının Olumlu Sonuçlanması. | 7361 - (Bakınız Başvurma Özel Şartları Bölümü Avukat).;8b6a266f-7956-e711-80d3-a0369f7d149c
2017;1;390837285;Vakıflar Genel Müdürlüğü;Mimar;Bitlis;Lisans;1;;88.718;88.718;"4747;3263;7225";4747 - Aşağıdaki lisans programlarından birinden mezun olmak. | 3263 - Mimarlık | 7225 - Güvenlik Tahkikatının Olumlu Sonuçlanması.;446a266f-7956-e711-80d3-a0369f7d149c
2017;1;391083985;Devlet Hava Meydanları İşletmesi Genel Müdürlüğü;Memur;Ordu;Lisans;1;;88.709;88.709;"4421;3159;3213;5131;8208;4431;3226;3361;3381;5123;8207;8208;8296;8334;7225";4421 - Aşağıdaki lisans programlarından birinden mezun olmak. | 3159 - Ekonomi | 3213 - İktisat | 5131 - Uluslararası Ticaret ve Finansman | 8208 - İş İdaresi ve İktisat | 4431 - Aşağıdaki lisans programlarından birinden mezun olmak. | 3226 - İşletme / İşletmecilik | 3361 - Yönetim Bilişim Sistemleri | 3381 - Muhasebe-Finansman | 5123 - Muhasebe ve Finansal Yönetim / Muhasebe ve Finans Yönetimi | 8207 - İş İdaresi | 8208 - İş İdaresi ve İktisat | 8296 - Yönetim ve Organizasyon | 8334 - Pazarlama | 7225 - Güvenlik Tahkikatının Olumlu Sonuçlanması.;786c266f-7956-e711-80d3-a0369f7d149c
2017;1;391083859;Devlet Hava Meydanları İşletmesi Genel Müdürlüğü;Memur;Ankara;Lisans;12;;88.701;91.851;"4421;3159;3213;5131;8208;4431;3226;3361;3381;5123;8207;8208;8296;8334;7225";4421 - Aşağıdaki lisans programlarından birinden mezun olmak. | 3159 - Ekonomi | 3213 - İktisat | 5131 - Uluslararası Ticaret ve Finansman | 8208 - İş İdaresi ve İktisat | 4431 - Aşağıdaki lisans programlarından birinden mezun olmak. | 3226 - İşletme / İşletmecilik | 3361 - Yönetim Bilişim Sistemleri | 3381 - Muhasebe-Finansman | 5123 - Muhasebe ve Finansal Yönetim / Muhasebe ve Finans Yönetimi | 8207 - İş İdaresi | 8208 - İş İdaresi ve İktisat | 8296 - Yönetim ve Organizasyon | 8334 - Pazarlama | 7225 - Güvenlik Tahkikatının Olumlu Sonuçlanması.;ff69266f-7956-e711-80d3-a0369f7d149c
2017;1;391083973;Devlet Hava Meydanları İşletmesi Genel Müdürlüğü;Memur;Muğla;Lisans;2;;88.701;88.719;"4421;3159;3213;5131;8208;4431;3226;3361;3381;5123;8207;8208;8296;8334;7225";4421 - Aşağıdaki lisans programlarından birinden mezun olmak. | 3159 - Ekonomi | 3213 - İktisat | 5131 - Uluslararası Ticaret ve Finansman | 8208 - İş İdaresi ve İktisat | 4431 - Aşağıdaki lisans programlarından birinden mezun olmak. | 3226 - İşletme / İşletmecilik | 3361 - Yönetim Bilişim Sistemleri | 3381 - Muhasebe-Finansman | 5123 - Muhasebe ve Finansal Yönetim / Muhasebe ve Finans Yönetimi | 8207 - İş İdaresi | 8208 - İş İdaresi ve İktisat | 8296 - Yönetim ve Organizasyon | 8334 - Pazarlama | 7225 - Güvenlik Tahkikatının Olumlu Sonuçlanması.;4f6c266f-7956-e711-80d3-a0369f7d149c
2017;1;310022881;Adıyaman Üniversitesi;Memur;Adıyaman;Lisans;1;;88.688;88.688;"4515;3257;4523;8229;4527;3256;3258;4395;6256;8228;8230;8277;7225";4515 - Aşağıdaki lisans programlarından birinden mezun olmak. | 3257 - Matematik Mühendisliği | 4523 - Aşağıdaki lisans programlarından birinden mezun olmak. | 8229 - Matematik ve İstatistik | 4527 - Aşağıdaki lisans programlarından birinden mezun olmak. | 3256 - Matematik ve Bilgisayar Bilimleri | 3258 - Matematik ve Bilgisayar / Matematik-Bilgisayar | 4395 - Uygulamalı Matematik | 6256 - Matematik | 8228 - Matematik ve İnformatik / Matematik-İnformatik | 8230 - Matematik-Bilgisayar Programcılığı | 8277 - Uygulamalı Matematik ve Bilgisayar | 7225 - Güvenlik Tahkikatının Olumlu Sonuçlanması.;4969266f-7956-e711-80d3-a0369f7d149c
2017;1;390465779;Sosyal Güvenlik Kurumu Başkanlığı;Memur;Aydın;Lisans;1;;88.677;88.677;"4421;3159;3213;5131;8208;4431;3226;3361;3381;5123;8207;8208;8296;8334;4459;3254;4322;8225;4469;3306;5127;4503;3237;3313;3314;4507;3313;3315;3352;3353;5116;5142;7225";4421 - Aşağıdaki lisans programlarından birinden mezun olmak. | 3159 - Ekonomi | 3213 - İktisat | 5131 - Uluslararası Ticaret ve Finansman | 8208 - İş İdaresi ve İktisat | 4431 - Aşağıdaki lisans programlarından birinden mezun olmak. | 3226 - İşletme / İşletmecilik | 3361 - Yönetim Bilişim Sistemleri | 3381 - Muhasebe-Finansman | 5123 - Muhasebe ve Finansal Yönetim / Muhasebe ve Finans Yönetimi | 8207 - İş İdaresi | 8208 - İş İdaresi ve İktisat | 8296 - Yönetim ve Organizasyon | 8334 - Pazarlama | 4459 - Aşağıdaki lisans programlarından birinden mezun olmak. | 3254 - Maliye | 4322 - Muhasebe ve Maliye | 8225 - Maliye-Muhasebe | 4469 - Aşağıdaki lisans programlarından birinden mezun olmak. | 3306 - Sigortacılık | 5127 - Sigortacılık ve Risk Yönetimi | 4503 - Aşağıdaki lisans programlarından birinden mezun olmak. | 3237 - Kamu Yönetimi | 3313 - Siyaset Bilimi | 3314 - Siyaset Bilimi ve Kamu Yönetimi | 4507 - Aşağıdaki lisans programlarından birinden mezun olmak. | 3313 - Siyaset Bilimi | 3315 - Siyaset Bilimi ve Uluslararası İlişkiler | 3352 - Uluslararası İlişkiler | 3353 - Uluslararası İlişkiler ve Avrupa Birliği | 5116 - Küresel ve Uluslararası İlişkiler / Küresel Siyaset ve Uluslararası İlişkiler | 5142 - Toplumsal ve Siyasal Bilimler | 7225 - Güvenlik Tahkikatının Olumlu Sonuçlanması.;2c6a266f-7956-e711-80d3-a0369f7d149c
2017;1;390684339;Devlet Su İşleri Genel Müdürlüğü;Avukat;Erzurum;Lisans;1;;88.67;88.67;"4419;3209;7205;7225;7257;7361";4419 - Aşağıdaki lisans programlarından birinden mezun olmak. | 3209 - Hukuk | 7205 - Avukatlık Ruhsatı Sahibi olmak. | 7225 - Güvenlik Tahkikatının Olumlu Sonuçlanması. | 7257 - Seyahate ve Arazide Çalışmaya Elverişli olmak. | 7361 - (Bakınız Başvurma Özel Şartları Bölümü Avukat).;e76a266f-7956-e711-80d3-a0369f7d149c
2017;1;390943211;Bayrampaşa Belediye Başkanlığı;Memur;İstanbul;Lisans;1;;88.632;88.632;"4503;3237;3313;3314;7225";4503 - Aşağıdaki lisans programlarından birinden mezun olmak. | 3237 - Kamu Yönetimi | 3313 - Siyaset Bilimi | 3314 - Siyaset Bilimi ve Kamu Yönetimi | 7225 - Güvenlik Tahkikatının Olumlu Sonuçlanması.;456b266f-7956-e711-80d3-a0369f7d149c
2017;1;390944759;Haliliye Belediye Başkanlığı;Mühendis;Şanlıurfa;Lisans;1;;88.631;88.631;"4611;3160;3162;7109;7225;7257";4611 - Aşağıdaki lisans programlarından birinden mezun olmak. | 3160 - Elektrik Mühendisliği | 3162 - Elektrik ve Elektronik Mühendisliği / Elektrik-Elektronik Mühendisliği | 7109 - Son 5 Yıl İçerisinde KPDS/YDS En Az B Seviyesinde İngilizce Bilmek. | 7225 - Güvenlik Tahkikatının Olumlu Sonuçlanması. | 7257 - Seyahate ve Arazide Çalışmaya Elverişli olmak.;446d266f-7956-e711-80d3-a0369f7d149c
2017;1;390466067;Sosyal Güvenlik Kurumu Başkanlığı;Memur;Trabzon;Lisans;1;;88.631;88.631;"4421;3159;3213;5131;8208;4431;3226;3361;3381;5123;8207;8208;8296;8334;4459;3254;4322;8225;4469;3306;5127;4503;3237;3313;3314;4507;3313;3315;3352;3353;5116;5142;7225";4421 - Aşağıdaki lisans programlarından birinden mezun olmak. | 3159 - Ekonomi | 3213 - İktisat | 5131 - Uluslararası Ticaret ve Finansman | 8208 - İş İdaresi ve İktisat | 4431 - Aşağıdaki lisans programlarından birinden mezun olmak. | 3226 - İşletme / İşletmecilik | 3361 - Yönetim Bilişim Sistemleri | 3381 - Muhasebe-Finansman | 5123 - Muhasebe ve Finansal Yönetim / Muhasebe ve Finans Yönetimi | 8207 - İş İdaresi | 8208 - İş İdaresi ve İktisat | 8296 - Yönetim ve Organizasyon | 8334 - Pazarlama | 4459 - Aşağıdaki lisans programlarından birinden mezun olmak. | 3254 - Maliye | 4322 - Muhasebe ve Maliye | 8225 - Maliye-Muhasebe | 4469 - Aşağıdaki lisans programlarından birinden mezun olmak. | 3306 - Sigortacılık | 5127 - Sigortacılık ve Risk Yönetimi | 4503 - Aşağıdaki lisans programlarından birinden mezun olmak. | 3237 - Kamu Yönetimi | 3313 - Siyaset Bilimi | 3314 - Siyaset Bilimi ve Kamu Yönetimi | 4507 - Aşağıdaki lisans programlarından birinden mezun olmak. | 3313 - Siyaset Bilimi | 3315 - Siyaset Bilimi ve Uluslararası İlişkiler | 3352 - Uluslararası İlişkiler | 3353 - Uluslararası İlişkiler ve Avrupa Birliği | 5116 - Küresel ve Uluslararası İlişkiler / Küresel Siyaset ve Uluslararası İlişkiler | 5142 - Toplumsal ve Siyasal Bilimler | 7225 - Güvenlik Tahkikatının Olumlu Sonuçlanması.;fe6c266f-7956-e711-80d3-a0369f7d149c
2017;1;390933163;Bartın İl Özel İdaresi;Mühendis;Bartın;Lisans;1;;88.624;88.624;"4669;3221;7225";4669 - Aşağıdaki lisans programlarından birinden mezun olmak. | 3221 - İnşaat Mühendisliği | 7225 - Güvenlik Tahkikatının Olumlu Sonuçlanması.;df6d266f-7956-e711-80d3-a0369f7d149c
2017;1;390943259;Beşikdüzü Belediye Başkanlığı;Mühendis;Trabzon;Lisans;1;;88.616;88.616;"4639;3252;4314;7111;7225;7257";4639 - Aşağıdaki lisans programlarından birinden mezun olmak. | 3252 - Makine Mühendisliği | 4314 - Makine ve İmalat Mühendisliği | 7111 - Son 5 Yıl İçerisinde KPDS/YDS En Az C Seviyesinde İngilizce Bilmek. | 7225 - Güvenlik Tahkikatının Olumlu Sonuçlanması. | 7257 - Seyahate ve Arazide Çalışmaya Elverişli olmak.;0b6d266f-7956-e711-80d3-a0369f7d149c
2017;1;391175323;Makina ve Kimya Endüstrisi Kurumu Genel Müdürlüğü;Mühendis;Çankırı;Lisans;1;;88.616;88.616;"4611;3160;3162;7111;7225";4611 - Aşağıdaki lisans programlarından birinden mezun olmak. | 3160 - Elektrik Mühendisliği | 3162 - Elektrik ve Elektronik Mühendisliği / Elektrik-Elektronik Mühendisliği | 7111 - Son 5 Yıl İçerisinde KPDS/YDS En Az C Seviyesinde İngilizce Bilmek. | 7225 - Güvenlik Tahkikatının Olumlu Sonuçlanması.;856a266f-7956-e711-80d3-a0369f7d149c
2017;1;391276799;Türkiye Elektrik İletim.A.Ş.Gen.Md.;Mühendis;Isparta;Lisans;1;;88.616;88.616;"4669;3221;7225;7257";4669 - Aşağıdaki lisans programlarından birinden mezun olmak. | 3221 - İnşaat Mühendisliği | 7225 - Güvenlik Tahkikatının Olumlu Sonuçlanması. | 7257 - Seyahate ve Arazide Çalışmaya Elverişli olmak.;376b266f-7956-e711-80d3-a0369f7d149c
2017;1;390465833;Sosyal Güvenlik Kurumu Başkanlığı;Memur;Hatay;Lisans;1;;88.607;88.607;"4421;3159;3213;5131;8208;4431;3226;3361;3381;5123;8207;8208;8296;8334;4459;3254;4322;8225;4469;3306;5127;4503;3237;3313;3314;4507;3313;3315;3352;3353;5116;5142;7225";4421 - Aşağıdaki lisans programlarından birinden mezun olmak. | 3159 - Ekonomi | 3213 - İktisat | 5131 - Uluslararası Ticaret ve Finansman | 8208 - İş İdaresi ve İktisat | 4431 - Aşağıdaki lisans programlarından birinden mezun olmak. | 3226 - İşletme / İşletmecilik | 3361 - Yönetim Bilişim Sistemleri | 3381 - Muhasebe-Finansman | 5123 - Muhasebe ve Finansal Yönetim / Muhasebe ve Finans Yönetimi | 8207 - İş İdaresi | 8208 - İş İdaresi ve İktisat | 8296 - Yönetim ve Organizasyon | 8334 - Pazarlama | 4459 - Aşağıdaki lisans programlarından birinden mezun olmak. | 3254 - Maliye | 4322 - Muhasebe ve Maliye | 8225 - Maliye-Muhasebe | 4469 - Aşağıdaki lisans programlarından birinden mezun olmak. | 3306 - Sigortacılık | 5127 - Sigortacılık ve Risk Yönetimi | 4503 - Aşağıdaki lisans programlarından birinden mezun olmak. | 3237 - Kamu Yönetimi | 3313 - Siyaset Bilimi | 3314 - Siyaset Bilimi ve Kamu Yönetimi | 4507 - Aşağıdaki lisans programlarından birinden mezun olmak. | 3313 - Siyaset Bilimi | 3315 - Siyaset Bilimi ve Uluslararası İlişkiler | 3352 - Uluslararası İlişkiler | 3353 - Uluslararası İlişkiler ve Avrupa Birliği | 5116 - Küresel ve Uluslararası İlişkiler / Küresel Siyaset ve Uluslararası İlişkiler | 5142 - Toplumsal ve Siyasal Bilimler | 7225 - Güvenlik Tahkikatının Olumlu Sonuçlanması.;2b6b266f-7956-e711-80d3-a0369f7d149c
2017;1;390937573;Zonguldak İl Özel İdaresi;Avukat;Zonguldak;Lisans;1;;88.602;88.602;"4419;3209;7205;7225;7361";4419 - Aşağıdaki lisans programlarından birinden mezun olmak. | 3209 - Hukuk | 7205 - Avukatlık Ruhsatı Sahibi olmak. | 7225 - Güvenlik Tahkikatının Olumlu Sonuçlanması. | 7361 - (Bakınız Başvurma Özel Şartları Bölümü Avukat).;826d266f-7956-e711-80d3-a0369f7d149c
2017;1;391276973;Türkiye Elektrik İletim.A.Ş.Gen.Md.;Mühendis;Trabzon;Lisans;1;;88.6;88.6;"4669;3221;7225;7257";4669 - Aşağıdaki lisans programlarından birinden mezun olmak. | 3221 - İnşaat Mühendisliği | 7225 - Güvenlik Tahkikatının Olumlu Sonuçlanması. | 7257 - Seyahate ve Arazide Çalışmaya Elverişli olmak.;166d266f-7956-e711-80d3-a0369f7d149c
2017;1;390745005;Karayolları Genel Müdürlüğü;Avukat;Diyarbakır;Lisans;1;;88.592;88.592;"4419;3209;7205;7225;7257;7361";4419 - Aşağıdaki lisans programlarından birinden mezun olmak. | 3209 - Hukuk | 7205 - Avukatlık Ruhsatı Sahibi olmak. | 7225 - Güvenlik Tahkikatının Olumlu Sonuçlanması. | 7257 - Seyahate ve Arazide Çalışmaya Elverişli olmak. | 7361 - (Bakınız Başvurma Özel Şartları Bölümü Avukat).;c66a266f-7956-e711-80d3-a0369f7d149c
2017;1;310243391;Bursa Teknik Üniversitesi;Mühendis;Bursa;Lisans;1;;88.587;88.587;"4669;3221;7225";4669 - Aşağıdaki lisans programlarından birinden mezun olmak. | 3221 - İnşaat Mühendisliği | 7225 - Güvenlik Tahkikatının Olumlu Sonuçlanması.;666a266f-7956-e711-80d3-a0369f7d149c
2017;1;310354597;Erciyes Üniversitesi;Fizyoterapist;Kayseri;Lisans;1;;88.532;88.532;"4587;3185;8344;7111;7225;7300";4587 - Aşağıdaki lisans programlarından birinden mezun olmak. | 3185 - Fizik Tedavi ve Rehabilitasyon | 8344 - Fizyoterapi ve Rehabilitasyon | 7111 - Son 5 Yıl İçerisinde KPDS/YDS En Az C Seviyesinde İngilizce Bilmek. | 7225 - Güvenlik Tahkikatının Olumlu Sonuçlanması. | 7300 - Bu kadro/pozisyonda vardiya sistemi uygulanmaktadır.;f46b266f-7956-e711-80d3-a0369f7d149c
2017;1;390943007;Ağrı Belediye Başkanlığı;Veri Hazırlama ve Kontrol İşletmeni;Ağrı;Lisans;4;;88.523;88.911;"4001;6225;7225";4001 - Herhangi bir lisans programından mezun olmak. | 6225 - M.E.B.'Dan Onaylı Bilgisayar İşletmeni Sertifikası Sahibi olmak. | 7225 - Güvenlik Tahkikatının Olumlu Sonuçlanması.;6869266f-7956-e711-80d3-a0369f7d149c
2017;1;391276685;Türkiye Elektrik İletim.A.Ş.Gen.Md.;Mühendis;Antalya;Lisans;1;;88.514;88.514;"4611;3160;3162;7109;7225;7257;7300";4611 - Aşağıdaki lisans programlarından birinden mezun olmak. | 3160 - Elektrik Mühendisliği | 3162 - Elektrik ve Elektronik Mühendisliği / Elektrik-Elektronik Mühendisliği | 7109 - Son 5 Yıl İçerisinde KPDS/YDS En Az B Seviyesinde İngilizce Bilmek. | 7225 - Güvenlik Tahkikatının Olumlu Sonuçlanması. | 7257 - Seyahate ve Arazide Çalışmaya Elverişli olmak. | 7300 - Bu kadro/pozisyonda vardiya sistemi uygulanmaktadır.;166a266f-7956-e711-80d3-a0369f7d149c
2017;1;391083883;Devlet Hava Meydanları İşletmesi Genel Müdürlüğü;Memur;Batman;Lisans;1;;88.508;88.508;"4421;3159;3213;5131;8208;4431;3226;3361;3381;5123;8207;8208;8296;8334;7225";4421 - Aşağıdaki lisans programlarından birinden mezun olmak. | 3159 - Ekonomi | 3213 - İktisat | 5131 - Uluslararası Ticaret ve Finansman | 8208 - İş İdaresi ve İktisat | 4431 - Aşağıdaki lisans programlarından birinden mezun olmak. | 3226 - İşletme / İşletmecilik | 3361 - Yönetim Bilişim Sistemleri | 3381 - Muhasebe-Finansman | 5123 - Muhasebe ve Finansal Yönetim / Muhasebe ve Finans Yönetimi | 8207 - İş İdaresi | 8208 - İş İdaresi ve İktisat | 8296 - Yönetim ve Organizasyon | 8334 - Pazarlama | 7225 - Güvenlik Tahkikatının Olumlu Sonuçlanması.;c56d266f-7956-e711-80d3-a0369f7d149c
2017;1;390597039;Türkiye İstatistik Kurumu Başkanlığı;İstatistikçi;Malatya;Lisans;1;;88.494;88.494;"4524;3224;4525;3223;7225";4524 - Aşağıdaki lisans programlarından birinden mezun olmak. | 3224 - İstatistik ve Bilgisayar Bilimleri | 4525 - Aşağıdaki lisans programlarından birinden mezun olmak. | 3223 - İstatistik | 7225 - Güvenlik Tahkikatının Olumlu Sonuçlanması.;2d6c266f-7956-e711-80d3-a0369f7d149c
2017;1;390943019;Ağrı Belediye Başkanlığı;Veznedar;Ağrı;Lisans;2;;88.492;88.516;"4001;7225";4001 - Herhangi bir lisans programından mezun olmak. | 7225 - Güvenlik Tahkikatının Olumlu Sonuçlanması.;6a69266f-7956-e711-80d3-a0369f7d149c
2017;1;390944681;Gebze Belediye Başkanlığı;Zabıta Memuru;Kocaeli;Lisans;3;;88.492;88.74;"4001;6199;6506;6519;7225;7300";4001 - Herhangi bir lisans programından mezun olmak. | 6199 - Yerleştirme işlemlerinin ilk günü itibariyle 30 yaşını doldurmamış olmak | 6506 - B sınıfı sürücü belgesine sahip olmak | 6519 - İstenilen Sınıftaki Sürücü Belgesine En Az (5) Yıldır Sahip olmak. | 7225 - Güvenlik Tahkikatının Olumlu Sonuçlanması. | 7300 - Bu kadro/pozisyonda vardiya sistemi uygulanmaktadır.;136c266f-7956-e711-80d3-a0369f7d149c
2017;1;390945491;Pamukkale Belediye Başkanlığı;Mimar;Denizli;Lisans;2;;88.492;89.394;"4747;3263;7225;7257";4747 - Aşağıdaki lisans programlarından birinden mezun olmak. | 3263 - Mimarlık | 7225 - Güvenlik Tahkikatının Olumlu Sonuçlanması. | 7257 - Seyahate ve Arazide Çalışmaya Elverişli olmak.;9c6a266f-7956-e711-80d3-a0369f7d149c
2017;1;391175347;Makina ve Kimya Endüstrisi Kurumu Genel Müdürlüğü;Mühendis;Kırıkkale;Lisans;2;;88.485;89.002;"4639;3252;4314;7111;7225";4639 - Aşağıdaki lisans programlarından birinden mezun olmak. | 3252 - Makine Mühendisliği | 4314 - Makine ve İmalat Mühendisliği | 7111 - Son 5 Yıl İçerisinde KPDS/YDS En Az C Seviyesinde İngilizce Bilmek. | 7225 - Güvenlik Tahkikatının Olumlu Sonuçlanması.;bf6d266f-7956-e711-80d3-a0369f7d149c
2017;1;390947411;Yenişehir (Diyarbakır) Belediye Başkanlığı;Mühendis;Diyarbakır;Lisans;1;;88.485;88.485;"4689;3233;4298;8324;9034;7225";4689 - Aşağıdaki lisans programlarından birinden mezun olmak. | 3233 - Jeodezi ve Fotogrametri Mühendisliği | 4298 - Jeodezi ve Haritacılık | 8324 - Harita Mühendisliği | 9034 - Geomatik Mühendisliği | 7225 - Güvenlik Tahkikatının Olumlu Sonuçlanması.;bb6a266f-7956-e711-80d3-a0369f7d149c
2017;1;390073475;Çalışma ve Sosyal Güvenlik Bakanlığı;Veri Hazırlama ve Kontrol İşletmeni;Ankara;Lisans;2;;88.477;88.587;"4421;3159;3213;5131;8208;4429;3141;8312;4431;3226;3361;3381;5123;8207;8208;8296;8334;6225;7225";4421 - Aşağıdaki lisans programlarından birinden mezun olmak. | 3159 - Ekonomi | 3213 - İktisat | 5131 - Uluslararası Ticaret ve Finansman | 8208 - İş İdaresi ve İktisat | 4429 - Aşağıdaki lisans programlarından birinden mezun olmak. | 3141 - Çalışma Ekonomisi ve Endüstri İlişkileri | 8312 - Çalışma Ekonomisi | 4431 - Aşağıdaki lisans programlarından birinden mezun olmak. | 3226 - İşletme / İşletmecilik | 3361 - Yönetim Bilişim Sistemleri | 3381 - Muhasebe-Finansman | 5123 - Muhasebe ve Finansal Yönetim / Muhasebe ve Finans Yönetimi | 8207 - İş İdaresi | 8208 - İş İdaresi ve İktisat | 8296 - Yönetim ve Organizasyon | 8334 - Pazarlama | 6225 - M.E.B.'Dan Onaylı Bilgisayar İşletmeni Sertifikası Sahibi olmak. | 7225 - Güvenlik Tahkikatının Olumlu Sonuçlanması.;8269266f-7956-e711-80d3-a0369f7d149c
2017;1;390465593;Sosyal Güvenlik Kurumu Başkanlığı;Avukat;Ağrı;Lisans;1;;88.476;88.476;"4419;3209;7205;7225;7361";4419 - Aşağıdaki lisans programlarından birinden mezun olmak. | 3209 - Hukuk | 7205 - Avukatlık Ruhsatı Sahibi olmak. | 7225 - Güvenlik Tahkikatının Olumlu Sonuçlanması. | 7361 - (Bakınız Başvurma Özel Şartları Bölümü Avukat).;6c69266f-7956-e711-80d3-a0369f7d149c
2017;1;391083907;Devlet Hava Meydanları İşletmesi Genel Müdürlüğü;Memur;Denizli;Lisans;1;;88.461;88.461;"4421;3159;3213;5131;8208;4431;3226;3361;3381;5123;8207;8208;8296;8334;7225";4421 - Aşağıdaki lisans programlarından birinden mezun olmak. | 3159 - Ekonomi | 3213 - İktisat | 5131 - Uluslararası Ticaret ve Finansman | 8208 - İş İdaresi ve İktisat | 4431 - Aşağıdaki lisans programlarından birinden mezun olmak. | 3226 - İşletme / İşletmecilik | 3361 - Yönetim Bilişim Sistemleri | 3381 - Muhasebe-Finansman | 5123 - Muhasebe ve Finansal Yönetim / Muhasebe ve Finans Yönetimi | 8207 - İş İdaresi | 8208 - İş İdaresi ve İktisat | 8296 - Yönetim ve Organizasyon | 8334 - Pazarlama | 7225 - Güvenlik Tahkikatının Olumlu Sonuçlanması.;a16a266f-7956-e711-80d3-a0369f7d149c
2017;1;391175329;Makina ve Kimya Endüstrisi Kurumu Genel Müdürlüğü;Mühendis;Kırıkkale;Lisans;1;;88.445;88.445;"4677;3142;7225";4677 - Aşağıdaki lisans programlarından birinden mezun olmak. | 3142 - Çevre Mühendisliği | 7225 - Güvenlik Tahkikatının Olumlu Sonuçlanması.;bc6d266f-7956-e711-80d3-a0369f7d149c
2017;1;391276787;Türkiye Elektrik İletim.A.Ş.Gen.Md.;Mühendis;Erzurum;Lisans;1;;88.438;88.438;"4669;3221;7225;7257";4669 - Aşağıdaki lisans programlarından birinden mezun olmak. | 3221 - İnşaat Mühendisliği | 7225 - Güvenlik Tahkikatının Olumlu Sonuçlanması. | 7257 - Seyahate ve Arazide Çalışmaya Elverişli olmak.;ed6a266f-7956-e711-80d3-a0369f7d149c
2017;1;390945119;Kızıltepe Belediye Başkanlığı;Memur;Mardin;Lisans;21;;88.415;90.674;"4001;7225";4001 - Herhangi bir lisans programından mezun olmak. | 7225 - Güvenlik Tahkikatının Olumlu Sonuçlanması.;4b6c266f-7956-e711-80d3-a0369f7d149c
2017;1;391083895;Devlet Hava Meydanları İşletmesi Genel Müdürlüğü;Memur;Çanakkale;Lisans;2;;88.414;90.142;"4421;3159;3213;5131;8208;4431;3226;3361;3381;5123;8207;8208;8296;8334;7225";4421 - Aşağıdaki lisans programlarından birinden mezun olmak. | 3159 - Ekonomi | 3213 - İktisat | 5131 - Uluslararası Ticaret ve Finansman | 8208 - İş İdaresi ve İktisat | 4431 - Aşağıdaki lisans programlarından birinden mezun olmak. | 3226 - İşletme / İşletmecilik | 3361 - Yönetim Bilişim Sistemleri | 3381 - Muhasebe-Finansman | 5123 - Muhasebe ve Finansal Yönetim / Muhasebe ve Finans Yönetimi | 8207 - İş İdaresi | 8208 - İş İdaresi ve İktisat | 8296 - Yönetim ve Organizasyon | 8334 - Pazarlama | 7225 - Güvenlik Tahkikatının Olumlu Sonuçlanması.;786a266f-7956-e711-80d3-a0369f7d149c
2017;1;391083901;Devlet Hava Meydanları İşletmesi Genel Müdürlüğü;Memur;Çanakkale;Lisans;2;;88.383;88.568;"4421;3159;3213;5131;8208;4431;3226;3361;3381;5123;8207;8208;8296;8334;7225";4421 - Aşağıdaki lisans programlarından birinden mezun olmak. | 3159 - Ekonomi | 3213 - İktisat | 5131 - Uluslararası Ticaret ve Finansman | 8208 - İş İdaresi ve İktisat | 4431 - Aşağıdaki lisans programlarından birinden mezun olmak. | 3226 - İşletme / İşletmecilik | 3361 - Yönetim Bilişim Sistemleri | 3381 - Muhasebe-Finansman | 5123 - Muhasebe ve Finansal Yönetim / Muhasebe ve Finans Yönetimi | 8207 - İş İdaresi | 8208 - İş İdaresi ve İktisat | 8296 - Yönetim ve Organizasyon | 8334 - Pazarlama | 7225 - Güvenlik Tahkikatının Olumlu Sonuçlanması.;796a266f-7956-e711-80d3-a0369f7d149c
2017;1;390465641;Sosyal Güvenlik Kurumu Başkanlığı;Avukat;Muş;Lisans;1;;88.383;88.383;"4419;3209;7205;7225;7361";4419 - Aşağıdaki lisans programlarından birinden mezun olmak. | 3209 - Hukuk | 7205 - Avukatlık Ruhsatı Sahibi olmak. | 7225 - Güvenlik Tahkikatının Olumlu Sonuçlanması. | 7361 - (Bakınız Başvurma Özel Şartları Bölümü Avukat).;686c266f-7956-e711-80d3-a0369f7d149c
2017;1;391175293;Makina ve Kimya Endüstrisi Kurumu Genel Müdürlüğü;Mühendis;Çankırı;Lisans;3;;88.377;88.754;"4639;3252;4314;7111;7225";4639 - Aşağıdaki lisans programlarından birinden mezun olmak. | 3252 - Makine Mühendisliği | 4314 - Makine ve İmalat Mühendisliği | 7111 - Son 5 Yıl İçerisinde KPDS/YDS En Az C Seviyesinde İngilizce Bilmek. | 7225 - Güvenlik Tahkikatının Olumlu Sonuçlanması.;806a266f-7956-e711-80d3-a0369f7d149c
2017;1;391175173;Makina ve Kimya Endüstrisi Kurumu Genel Müdürlüğü;Memur;Ankara;Lisans;1;;88.362;88.362;"4421;3159;3213;5131;8208;4431;3226;3361;3381;5123;8207;8208;8296;8334;7225";4421 - Aşağıdaki lisans programlarından birinden mezun olmak. | 3159 - Ekonomi | 3213 - İktisat | 5131 - Uluslararası Ticaret ve Finansman | 8208 - İş İdaresi ve İktisat | 4431 - Aşağıdaki lisans programlarından birinden mezun olmak. | 3226 - İşletme / İşletmecilik | 3361 - Yönetim Bilişim Sistemleri | 3381 - Muhasebe-Finansman | 5123 - Muhasebe ve Finansal Yönetim / Muhasebe ve Finans Yönetimi | 8207 - İş İdaresi | 8208 - İş İdaresi ve İktisat | 8296 - Yönetim ve Organizasyon | 8334 - Pazarlama | 7225 - Güvenlik Tahkikatının Olumlu Sonuçlanması.;f369266f-7956-e711-80d3-a0369f7d149c
2017;1;310936145;Şırnak Üniversitesi;Bilgisayar İşletmeni;Şırnak;Lisans;1;;88.362;88.362;"4003;3342;4008;4376;4523;8229;4524;3224;4525;3223;4527;3256;3258;4395;6256;8228;8230;8277;4547;3182;4559;3240;4560;4307;6225;7225";4003 - Aşağıdaki lisans programlarından birinden mezun olmak. | 3342 - Türk Dili ve Edebiyatı | 4008 - Aşağıdaki lisans programlarından birinden mezun olmak. | 4376 - Türk Dünyası Türk Dili ve Edebiyatı | 4523 - Aşağıdaki lisans programlarından birinden mezun olmak. | 8229 - Matematik ve İstatistik | 4524 - Aşağıdaki lisans programlarından birinden mezun olmak. | 3224 - İstatistik ve Bilgisayar Bilimleri | 4525 - Aşağıdaki lisans programlarından birinden mezun olmak. | 3223 - İstatistik | 4527 - Aşağıdaki lisans programlarından birinden mezun olmak. | 3256 - Matematik ve Bilgisayar Bilimleri | 3258 - Matematik ve Bilgisayar / Matematik-Bilgisayar | 4395 - Uygulamalı Matematik | 6256 - Matematik | 8228 - Matematik ve İnformatik / Matematik-İnformatik | 8230 - Matematik-Bilgisayar Programcılığı | 8277 - Uygulamalı Matematik ve Bilgisayar | 4547 - Aşağıdaki lisans programlarından birinden mezun olmak. | 3182 - Fizik | 4559 - Aşağıdaki lisans programlarından birinden mezun olmak. | 3240 - Kimya | 4560 - Aşağıdaki lisans programlarından birinden mezun olmak. | 4307 - Kimya/Biyoloji Kimya | 6225 - M.E.B.'Dan Onaylı Bilgisayar İşletmeni Sertifikası Sahibi olmak. | 7225 - Güvenlik Tahkikatının Olumlu Sonuçlanması.;d66d266f-7956-e711-80d3-a0369f7d149c
2017;1;391276763;Türkiye Elektrik İletim.A.Ş.Gen.Md.;Mühendis;Elazığ;Lisans;1;;88.361;88.361;"4611;3160;3162;7109;7225;7257;7300";4611 - Aşağıdaki lisans programlarından birinden mezun olmak. | 3160 - Elektrik Mühendisliği | 3162 - Elektrik ve Elektronik Mühendisliği / Elektrik-Elektronik Mühendisliği | 7109 - Son 5 Yıl İçerisinde KPDS/YDS En Az B Seviyesinde İngilizce Bilmek. | 7225 - Güvenlik Tahkikatının Olumlu Sonuçlanması. | 7257 - Seyahate ve Arazide Çalışmaya Elverişli olmak. | 7300 - Bu kadro/pozisyonda vardiya sistemi uygulanmaktadır.;d46a266f-7956-e711-80d3-a0369f7d149c
2017;1;390466037;Sosyal Güvenlik Kurumu Başkanlığı;Memur;Şanlıurfa;Lisans;1;;88.36;88.36;"4421;3159;3213;5131;8208;4431;3226;3361;3381;5123;8207;8208;8296;8334;4459;3254;4322;8225;4469;3306;5127;4503;3237;3313;3314;4507;3313;3315;3352;3353;5116;5142;7225";4421 - Aşağıdaki lisans programlarından birinden mezun olmak. | 3159 - Ekonomi | 3213 - İktisat | 5131 - Uluslararası Ticaret ve Finansman | 8208 - İş İdaresi ve İktisat | 4431 - Aşağıdaki lisans programlarından birinden mezun olmak. | 3226 - İşletme / İşletmecilik | 3361 - Yönetim Bilişim Sistemleri | 3381 - Muhasebe-Finansman | 5123 - Muhasebe ve Finansal Yönetim / Muhasebe ve Finans Yönetimi | 8207 - İş İdaresi | 8208 - İş İdaresi ve İktisat | 8296 - Yönetim ve Organizasyon | 8334 - Pazarlama | 4459 - Aşağıdaki lisans programlarından birinden mezun olmak. | 3254 - Maliye | 4322 - Muhasebe ve Maliye | 8225 - Maliye-Muhasebe | 4469 - Aşağıdaki lisans programlarından birinden mezun olmak. | 3306 - Sigortacılık | 5127 - Sigortacılık ve Risk Yönetimi | 4503 - Aşağıdaki lisans programlarından birinden mezun olmak. | 3237 - Kamu Yönetimi | 3313 - Siyaset Bilimi | 3314 - Siyaset Bilimi ve Kamu Yönetimi | 4507 - Aşağıdaki lisans programlarından birinden mezun olmak. | 3313 - Siyaset Bilimi | 3315 - Siyaset Bilimi ve Uluslararası İlişkiler | 3352 - Uluslararası İlişkiler | 3353 - Uluslararası İlişkiler ve Avrupa Birliği | 5116 - Küresel ve Uluslararası İlişkiler / Küresel Siyaset ve Uluslararası İlişkiler | 5142 - Toplumsal ve Siyasal Bilimler | 7225 - Güvenlik Tahkikatının Olumlu Sonuçlanması.;266d266f-7956-e711-80d3-a0369f7d149c
2017;1;390944855;İspir Belediye Başkanlığı;Zabıta Memuru;Erzurum;Lisans;2;;88.329;88.431;"4001;6199;6506;7225";4001 - Herhangi bir lisans programından mezun olmak. | 6199 - Yerleştirme işlemlerinin ilk günü itibariyle 30 yaşını doldurmamış olmak | 6506 - B sınıfı sürücü belgesine sahip olmak | 7225 - Güvenlik Tahkikatının Olumlu Sonuçlanması.;f26a266f-7956-e711-80d3-a0369f7d149c
2017;1;391377153;Türkiye Vagon Sanayii A..Ş. Genel Müdürlüğü;Mühendis;Sakarya;Lisans;1;;88.314;88.314;"4611;3160;3162;7109;7225";4611 - Aşağıdaki lisans programlarından birinden mezun olmak. | 3160 - Elektrik Mühendisliği | 3162 - Elektrik ve Elektronik Mühendisliği / Elektrik-Elektronik Mühendisliği | 7109 - Son 5 Yıl İçerisinde KPDS/YDS En Az B Seviyesinde İngilizce Bilmek. | 7225 - Güvenlik Tahkikatının Olumlu Sonuçlanması.;a66c266f-7956-e711-80d3-a0369f7d149c
2017;1;391276889;Türkiye Elektrik İletim.A.Ş.Gen.Md.;Mühendis;Kastamonu;Lisans;1;;88.29;88.29;"4669;3221;7225;7257";4669 - Aşağıdaki lisans programlarından birinden mezun olmak. | 3221 - İnşaat Mühendisliği | 7225 - Güvenlik Tahkikatının Olumlu Sonuçlanması. | 7257 - Seyahate ve Arazide Çalışmaya Elverişli olmak.;e76b266f-7956-e711-80d3-a0369f7d149c
2017;1;391276547;Türkiye Elektrik İletim.A.Ş.Gen.Md.;Memur;Trabzon;Lisans;1;;88.274;88.274;"4421;3159;3213;5131;8208;4427;3158;4429;3141;8312;4431;3226;3361;3381;5123;8207;8208;8296;8334;4453;3268;3269;5123;4459;3254;4322;8225;4503;3237;3313;3314;4507;3313;3315;3352;3353;5116;5142;7225";4421 - Aşağıdaki lisans programlarından birinden mezun olmak. | 3159 - Ekonomi | 3213 - İktisat | 5131 - Uluslararası Ticaret ve Finansman | 8208 - İş İdaresi ve İktisat | 4427 - Aşağıdaki lisans programlarından birinden mezun olmak. | 3158 - Ekonometri | 4429 - Aşağıdaki lisans programlarından birinden mezun olmak. | 3141 - Çalışma Ekonomisi ve Endüstri İlişkileri | 8312 - Çalışma Ekonomisi | 4431 - Aşağıdaki lisans programlarından birinden mezun olmak. | 3226 - İşletme / İşletmecilik | 3361 - Yönetim Bilişim Sistemleri | 3381 - Muhasebe-Finansman | 5123 - Muhasebe ve Finansal Yönetim / Muhasebe ve Finans Yönetimi | 8207 - İş İdaresi | 8208 - İş İdaresi ve İktisat | 8296 - Yönetim ve Organizasyon | 8334 - Pazarlama | 4453 - Aşağıdaki lisans programlarından birinden mezun olmak. | 3268 - Muhasebe | 3269 - Muhasebe Bilgi Sistemleri | 5123 - Muhasebe ve Finansal Yönetim / Muhasebe ve Finans Yönetimi | 4459 - Aşağıdaki lisans programlarından birinden mezun olmak. | 3254 - Maliye | 4322 - Muhasebe ve Maliye | 8225 - Maliye-Muhasebe | 4503 - Aşağıdaki lisans programlarından birinden mezun olmak. | 3237 - Kamu Yönetimi | 3313 - Siyaset Bilimi | 3314 - Siyaset Bilimi ve Kamu Yönetimi | 4507 - Aşağıdaki lisans programlarından birinden mezun olmak. | 3313 - Siyaset Bilimi | 3315 - Siyaset Bilimi ve Uluslararası İlişkiler | 3352 - Uluslararası İlişkiler | 3353 - Uluslararası İlişkiler ve Avrupa Birliği | 5116 - Küresel ve Uluslararası İlişkiler / Küresel Siyaset ve Uluslararası İlişkiler | 5142 - Toplumsal ve Siyasal Bilimler | 7225 - Güvenlik Tahkikatının Olumlu Sonuçlanması.;196d266f-7956-e711-80d3-a0369f7d149c
2017;1;390204825;Hazine Müsteşarlığı;Memur;Ankara;Lisans;1;;88.27;88.27;"4419;3209;7225";4419 - Aşağıdaki lisans programlarından birinden mezun olmak. | 3209 - Hukuk | 7225 - Güvenlik Tahkikatının Olumlu Sonuçlanması.;8669266f-7956-e711-80d3-a0369f7d149c
2017;1;390944753;Haliliye Belediye Başkanlığı;Mühendis;Şanlıurfa;Lisans;1;;88.245;88.245;"4639;3252;4314;7109;7165;7225;7257";4639 - Aşağıdaki lisans programlarından birinden mezun olmak. | 3252 - Makine Mühendisliği | 4314 - Makine ve İmalat Mühendisliği | 7109 - Son 5 Yıl İçerisinde KPDS/YDS En Az B Seviyesinde İngilizce Bilmek. | 7165 - B Sınıfı İş Güvenliği Uzmanı belgesine sahip olmak. | 7225 - Güvenlik Tahkikatının Olumlu Sonuçlanması. | 7257 - Seyahate ve Arazide Çalışmaya Elverişli olmak.;436d266f-7956-e711-80d3-a0369f7d149c
2017;1;391175371;Makina ve Kimya Endüstrisi Kurumu Genel Müdürlüğü;Mühendis;Kırıkkale;Lisans;1;;88.243;88.243;"4691;3261;3301;5118;8227;8232;7111;7225";4691 - Aşağıdaki lisans programlarından birinden mezun olmak. | 3261 - Metalurji ve Malzeme Mühendisliği | 3301 - Seramik Mühendisliği | 5118 - Malzeme Bilimi ve Mühendisliği | 8227 - Malzeme Mühendisliği | 8232 - Metalurji Mühendisliği | 7111 - Son 5 Yıl İçerisinde KPDS/YDS En Az C Seviyesinde İngilizce Bilmek. | 7225 - Güvenlik Tahkikatının Olumlu Sonuçlanması.;c36d266f-7956-e711-80d3-a0369f7d149c
2017;1;391083847;Devlet Hava Meydanları İşletmesi Genel Müdürlüğü;İstatistikçi;Ankara;Lisans;3;;88.231;93.53;"4524;3224;4525;3223;7113;7225";4524 - Aşağıdaki lisans programlarından birinden mezun olmak. | 3224 - İstatistik ve Bilgisayar Bilimleri | 4525 - Aşağıdaki lisans programlarından birinden mezun olmak. | 3223 - İstatistik | 7113 - Son 5 Yıl İçerisinde KPDS/YDS En Az D Seviyesinde İngilizce Bilmek. | 7225 - Güvenlik Tahkikatının Olumlu Sonuçlanması.;e569266f-7956-e711-80d3-a0369f7d149c
2017;1;391276511;Türkiye Elektrik İletim.A.Ş.Gen.Md.;Memur;Ankara;Lisans;12;;88.215;92.972;"4421;3159;3213;5131;8208;4427;3158;4429;3141;8312;4431;3226;3361;3381;5123;8207;8208;8296;8334;4453;3268;3269;5123;4459;3254;4322;8225;4503;3237;3313;3314;4507;3313;3315;3352;3353;5116;5142;7225";4421 - Aşağıdaki lisans programlarından birinden mezun olmak. | 3159 - Ekonomi | 3213 - İktisat | 5131 - Uluslararası Ticaret ve Finansman | 8208 - İş İdaresi ve İktisat | 4427 - Aşağıdaki lisans programlarından birinden mezun olmak. | 3158 - Ekonometri | 4429 - Aşağıdaki lisans programlarından birinden mezun olmak. | 3141 - Çalışma Ekonomisi ve Endüstri İlişkileri | 8312 - Çalışma Ekonomisi | 4431 - Aşağıdaki lisans programlarından birinden mezun olmak. | 3226 - İşletme / İşletmecilik | 3361 - Yönetim Bilişim Sistemleri | 3381 - Muhasebe-Finansman | 5123 - Muhasebe ve Finansal Yönetim / Muhasebe ve Finans Yönetimi | 8207 - İş İdaresi | 8208 - İş İdaresi ve İktisat | 8296 - Yönetim ve Organizasyon | 8334 - Pazarlama | 4453 - Aşağıdaki lisans programlarından birinden mezun olmak. | 3268 - Muhasebe | 3269 - Muhasebe Bilgi Sistemleri | 5123 - Muhasebe ve Finansal Yönetim / Muhasebe ve Finans Yönetimi | 4459 - Aşağıdaki lisans programlarından birinden mezun olmak. | 3254 - Maliye | 4322 - Muhasebe ve Maliye | 8225 - Maliye-Muhasebe | 4503 - Aşağıdaki lisans programlarından birinden mezun olmak. | 3237 - Kamu Yönetimi | 3313 - Siyaset Bilimi | 3314 - Siyaset Bilimi ve Kamu Yönetimi | 4507 - Aşağıdaki lisans programlarından birinden mezun olmak. | 3313 - Siyaset Bilimi | 3315 - Siyaset Bilimi ve Uluslararası İlişkiler | 3352 - Uluslararası İlişkiler | 3353 - Uluslararası İlişkiler ve Avrupa Birliği | 5116 - Küresel ve Uluslararası İlişkiler / Küresel Siyaset ve Uluslararası İlişkiler | 5142 - Toplumsal ve Siyasal Bilimler | 7225 - Güvenlik Tahkikatının Olumlu Sonuçlanması.;e169266f-7956-e711-80d3-a0369f7d149c
2017;1;390745011;Karayolları Genel Müdürlüğü;Avukat;Erzurum;Lisans;2;;88.168;88.324;"4419;3209;7205;7225;7257;7361";4419 - Aşağıdaki lisans programlarından birinden mezun olmak. | 3209 - Hukuk | 7205 - Avukatlık Ruhsatı Sahibi olmak. | 7225 - Güvenlik Tahkikatının Olumlu Sonuçlanması. | 7257 - Seyahate ve Arazide Çalışmaya Elverişli olmak. | 7361 - (Bakınız Başvurma Özel Şartları Bölümü Avukat).;f76a266f-7956-e711-80d3-a0369f7d149c
2017;1;399994645;Et ve Süt Kurumu Genel Müdürlüğü;Mühendis;Ankara;Lisans;2;;88.152;90.581;"4669;3221;7225";4669 - Aşağıdaki lisans programlarından birinden mezun olmak. | 3221 - İnşaat Mühendisliği | 7225 - Güvenlik Tahkikatının Olumlu Sonuçlanması.;156a266f-7956-e711-80d3-a0369f7d149c
2017;1;391377165;Türkiye Vagon Sanayii A..Ş. Genel Müdürlüğü;Mühendis;Sakarya;Lisans;1;;88.128;88.128;"4629;5119;7111;7225";4629 - Aşağıdaki lisans programlarından birinden mezun olmak. | 5119 - Mekatronik Mühendisliği | 7111 - Son 5 Yıl İçerisinde KPDS/YDS En Az C Seviyesinde İngilizce Bilmek. | 7225 - Güvenlik Tahkikatının Olumlu Sonuçlanması.;a86c266f-7956-e711-80d3-a0369f7d149c
2017;1;390765425;Milli Piyango İdaresi Genel Müdürlüğü;Memur;Ankara;Lisans;3;;88.114;89.63;"4421;3159;3213;5131;8208;4423;5105;4427;3158;4429;3141;8312;4431;3226;3361;3381;5123;8207;8208;8296;8334;4453;3268;3269;5123;4459;3254;4322;8225;4465;3117;3118;6119;9371;9988;4503;3237;3313;3314;4507;3313;3315;3352;3353;5116;5142;7225";4421 - Aşağıdaki lisans programlarından birinden mezun olmak. | 3159 - Ekonomi | 3213 - İktisat | 5131 - Uluslararası Ticaret ve Finansman | 8208 - İş İdaresi ve İktisat | 4423 - Aşağıdaki lisans programlarından birinden mezun olmak. | 5105 - Ekonomi ve Finans | 4427 - Aşağıdaki lisans programlarından birinden mezun olmak. | 3158 - Ekonometri | 4429 - Aşağıdaki lisans programlarından birinden mezun olmak. | 3141 - Çalışma Ekonomisi ve Endüstri İlişkileri | 8312 - Çalışma Ekonomisi | 4431 - Aşağıdaki lisans programlarından birinden mezun olmak. | 3226 - İşletme / İşletmecilik | 3361 - Yönetim Bilişim Sistemleri | 3381 - Muhasebe-Finansman | 5123 - Muhasebe ve Finansal Yönetim / Muhasebe ve Finans Yönetimi | 8207 - İş İdaresi | 8208 - İş İdaresi ve İktisat | 8296 - Yönetim ve Organizasyon | 8334 - Pazarlama | 4453 - Aşağıdaki lisans programlarından birinden mezun olmak. | 3268 - Muhasebe | 3269 - Muhasebe Bilgi Sistemleri | 5123 - Muhasebe ve Finansal Yönetim / Muhasebe ve Finans Yönetimi | 4459 - Aşağıdaki lisans programlarından birinden mezun olmak. | 3254 - Maliye | 4322 - Muhasebe ve Maliye | 8225 - Maliye-Muhasebe | 4465 - Aşağıdaki lisans programlarından birinden mezun olmak. | 3117 - Bankacılık | 3118 - Bankacılık Finans | 6119 - Bankacılık ve Finans / Bankacılık ve Finansman | 9371 - Finans ve Bankacılık | 9988 - Bankacılık ve Finans | 4503 - Aşağıdaki lisans programlarından birinden mezun olmak. | 3237 - Kamu Yönetimi | 3313 - Siyaset Bilimi | 3314 - Siyaset Bilimi ve Kamu Yönetimi | 4507 - Aşağıdaki lisans programlarından birinden mezun olmak. | 3313 - Siyaset Bilimi | 3315 - Siyaset Bilimi ve Uluslararası İlişkiler | 3352 - Uluslararası İlişkiler | 3353 - Uluslararası İlişkiler ve Avrupa Birliği | 5116 - Küresel ve Uluslararası İlişkiler / Küresel Siyaset ve Uluslararası İlişkiler | 5142 - Toplumsal ve Siyasal Bilimler | 7225 - Güvenlik Tahkikatının Olumlu Sonuçlanması.;d069266f-7956-e711-80d3-a0369f7d149c
2017;1;390466025;Sosyal Güvenlik Kurumu Başkanlığı;Memur;Sakarya;Lisans;2;;88.106;88.329;"4421;3159;3213;5131;8208;4431;3226;3361;3381;5123;8207;8208;8296;8334;4459;3254;4322;8225;4469;3306;5127;4503;3237;3313;3314;4507;3313;3315;3352;3353;5116;5142;7225";4421 - Aşağıdaki lisans programlarından birinden mezun olmak. | 3159 - Ekonomi | 3213 - İktisat | 5131 - Uluslararası Ticaret ve Finansman | 8208 - İş İdaresi ve İktisat | 4431 - Aşağıdaki lisans programlarından birinden mezun olmak. | 3226 - İşletme / İşletmecilik | 3361 - Yönetim Bilişim Sistemleri | 3381 - Muhasebe-Finansman | 5123 - Muhasebe ve Finansal Yönetim / Muhasebe ve Finans Yönetimi | 8207 - İş İdaresi | 8208 - İş İdaresi ve İktisat | 8296 - Yönetim ve Organizasyon | 8334 - Pazarlama | 4459 - Aşağıdaki lisans programlarından birinden mezun olmak. | 3254 - Maliye | 4322 - Muhasebe ve Maliye | 8225 - Maliye-Muhasebe | 4469 - Aşağıdaki lisans programlarından birinden mezun olmak. | 3306 - Sigortacılık | 5127 - Sigortacılık ve Risk Yönetimi | 4503 - Aşağıdaki lisans programlarından birinden mezun olmak. | 3237 - Kamu Yönetimi | 3313 - Siyaset Bilimi | 3314 - Siyaset Bilimi ve Kamu Yönetimi | 4507 - Aşağıdaki lisans programlarından birinden mezun olmak. | 3313 - Siyaset Bilimi | 3315 - Siyaset Bilimi ve Uluslararası İlişkiler | 3352 - Uluslararası İlişkiler | 3353 - Uluslararası İlişkiler ve Avrupa Birliği | 5116 - Küresel ve Uluslararası İlişkiler / Küresel Siyaset ve Uluslararası İlişkiler | 5142 - Toplumsal ve Siyasal Bilimler | 7225 - Güvenlik Tahkikatının Olumlu Sonuçlanması.;b86c266f-7956-e711-80d3-a0369f7d149c
2017;1;391276529;Türkiye Elektrik İletim.A.Ş.Gen.Md.;Memur;Ankara;Lisans;2;;88.098;88.284;"4421;3159;3213;5131;8208;4427;3158;4429;3141;8312;4431;3226;3361;3381;5123;8207;8208;8296;8334;4453;3268;3269;5123;4459;3254;4322;8225;4503;3237;3313;3314;4507;3313;3315;3352;3353;5116;5142;7225";4421 - Aşağıdaki lisans programlarından birinden mezun olmak. | 3159 - Ekonomi | 3213 - İktisat | 5131 - Uluslararası Ticaret ve Finansman | 8208 - İş İdaresi ve İktisat | 4427 - Aşağıdaki lisans programlarından birinden mezun olmak. | 3158 - Ekonometri | 4429 - Aşağıdaki lisans programlarından birinden mezun olmak. | 3141 - Çalışma Ekonomisi ve Endüstri İlişkileri | 8312 - Çalışma Ekonomisi | 4431 - Aşağıdaki lisans programlarından birinden mezun olmak. | 3226 - İşletme / İşletmecilik | 3361 - Yönetim Bilişim Sistemleri | 3381 - Muhasebe-Finansman | 5123 - Muhasebe ve Finansal Yönetim / Muhasebe ve Finans Yönetimi | 8207 - İş İdaresi | 8208 - İş İdaresi ve İktisat | 8296 - Yönetim ve Organizasyon | 8334 - Pazarlama | 4453 - Aşağıdaki lisans programlarından birinden mezun olmak. | 3268 - Muhasebe | 3269 - Muhasebe Bilgi Sistemleri | 5123 - Muhasebe ve Finansal Yönetim / Muhasebe ve Finans Yönetimi | 4459 - Aşağıdaki lisans programlarından birinden mezun olmak. | 3254 - Maliye | 4322 - Muhasebe ve Maliye | 8225 - Maliye-Muhasebe | 4503 - Aşağıdaki lisans programlarından birinden mezun olmak. | 3237 - Kamu Yönetimi | 3313 - Siyaset Bilimi | 3314 - Siyaset Bilimi ve Kamu Yönetimi | 4507 - Aşağıdaki lisans programlarından birinden mezun olmak. | 3313 - Siyaset Bilimi | 3315 - Siyaset Bilimi ve Uluslararası İlişkiler | 3352 - Uluslararası İlişkiler | 3353 - Uluslararası İlişkiler ve Avrupa Birliği | 5116 - Küresel ve Uluslararası İlişkiler / Küresel Siyaset ve Uluslararası İlişkiler | 5142 - Toplumsal ve Siyasal Bilimler | 7225 - Güvenlik Tahkikatının Olumlu Sonuçlanması.;e469266f-7956-e711-80d3-a0369f7d149c
2017;1;390425485;Özelleştirme İdaresi Başkanlığı;Şehir Plancısı;Ankara;Lisans;1;;88.053;88.053;"4757;3322;7225";4757 - Aşağıdaki lisans programlarından birinden mezun olmak. | 3322 - Şehir ve Bölge Planlama | 7225 - Güvenlik Tahkikatının Olumlu Sonuçlanması.;8c69266f-7956-e711-80d3-a0369f7d149c
2017;1;391276535;Türkiye Elektrik İletim.A.Ş.Gen.Md.;Memur;İstanbul;Lisans;2;;88.043;89.645;"4421;3159;3213;5131;8208;4427;3158;4429;3141;8312;4431;3226;3361;3381;5123;8207;8208;8296;8334;4453;3268;3269;5123;4459;3254;4322;8225;4503;3237;3313;3314;4507;3313;3315;3352;3353;5116;5142;7225";4421 - Aşağıdaki lisans programlarından birinden mezun olmak. | 3159 - Ekonomi | 3213 - İktisat | 5131 - Uluslararası Ticaret ve Finansman | 8208 - İş İdaresi ve İktisat | 4427 - Aşağıdaki lisans programlarından birinden mezun olmak. | 3158 - Ekonometri | 4429 - Aşağıdaki lisans programlarından birinden mezun olmak. | 3141 - Çalışma Ekonomisi ve Endüstri İlişkileri | 8312 - Çalışma Ekonomisi | 4431 - Aşağıdaki lisans programlarından birinden mezun olmak. | 3226 - İşletme / İşletmecilik | 3361 - Yönetim Bilişim Sistemleri | 3381 - Muhasebe-Finansman | 5123 - Muhasebe ve Finansal Yönetim / Muhasebe ve Finans Yönetimi | 8207 - İş İdaresi | 8208 - İş İdaresi ve İktisat | 8296 - Yönetim ve Organizasyon | 8334 - Pazarlama | 4453 - Aşağıdaki lisans programlarından birinden mezun olmak. | 3268 - Muhasebe | 3269 - Muhasebe Bilgi Sistemleri | 5123 - Muhasebe ve Finansal Yönetim / Muhasebe ve Finans Yönetimi | 4459 - Aşağıdaki lisans programlarından birinden mezun olmak. | 3254 - Maliye | 4322 - Muhasebe ve Maliye | 8225 - Maliye-Muhasebe | 4503 - Aşağıdaki lisans programlarından birinden mezun olmak. | 3237 - Kamu Yönetimi | 3313 - Siyaset Bilimi | 3314 - Siyaset Bilimi ve Kamu Yönetimi | 4507 - Aşağıdaki lisans programlarından birinden mezun olmak. | 3313 - Siyaset Bilimi | 3315 - Siyaset Bilimi ve Uluslararası İlişkiler | 3352 - Uluslararası İlişkiler | 3353 - Uluslararası İlişkiler ve Avrupa Birliği | 5116 - Küresel ve Uluslararası İlişkiler / Küresel Siyaset ve Uluslararası İlişkiler | 5142 - Toplumsal ve Siyasal Bilimler | 7225 - Güvenlik Tahkikatının Olumlu Sonuçlanması.;716b266f-7956-e711-80d3-a0369f7d149c
2017;1;390837321;Vakıflar Genel Müdürlüğü;Mühendis;Bitlis;Lisans;2;;88.035;89.019;"4669;3221;7225";4669 - Aşağıdaki lisans programlarından birinden mezun olmak. | 3221 - İnşaat Mühendisliği | 7225 - Güvenlik Tahkikatının Olumlu Sonuçlanması.;476a266f-7956-e711-80d3-a0369f7d149c
2017;1;390945113;Kıyıköy Belediye Başkanlığı;Mimar;Kırklareli;Lisans;1;;88.027;88.027;"4747;3263;7225";4747 - Aşağıdaki lisans programlarından birinden mezun olmak. | 3263 - Mimarlık | 7225 - Güvenlik Tahkikatının Olumlu Sonuçlanması.;056c266f-7956-e711-80d3-a0369f7d149c
2017;1;390233139;Atatürk Araştırma Merkezi Başkanlığı;Memur;Ankara;Lisans;1;;87.98;87.98;"4431;3226;3361;3381;5123;8207;8208;8296;8334;4503;3237;3313;3314;7225";4431 - Aşağıdaki lisans programlarından birinden mezun olmak. | 3226 - İşletme / İşletmecilik | 3361 - Yönetim Bilişim Sistemleri | 3381 - Muhasebe-Finansman | 5123 - Muhasebe ve Finansal Yönetim / Muhasebe ve Finans Yönetimi | 8207 - İş İdaresi | 8208 - İş İdaresi ve İktisat | 8296 - Yönetim ve Organizasyon | 8334 - Pazarlama | 4503 - Aşağıdaki lisans programlarından birinden mezun olmak. | 3237 - Kamu Yönetimi | 3313 - Siyaset Bilimi | 3314 - Siyaset Bilimi ve Kamu Yönetimi | 7225 - Güvenlik Tahkikatının Olumlu Sonuçlanması.;8769266f-7956-e711-80d3-a0369f7d149c
2017;1;390796229;Tapu ve Kadastro Genel Müdürlüğü;Mühendis;Batman;Lisans;3;;87.966;90.72;"4689;3233;4298;8324;9034;7225";4689 - Aşağıdaki lisans programlarından birinden mezun olmak. | 3233 - Jeodezi ve Fotogrametri Mühendisliği | 4298 - Jeodezi ve Haritacılık | 8324 - Harita Mühendisliği | 9034 - Geomatik Mühendisliği | 7225 - Güvenlik Tahkikatının Olumlu Sonuçlanması.;c66d266f-7956-e711-80d3-a0369f7d149c
2017;1;391276829;Türkiye Elektrik İletim.A.Ş.Gen.Md.;Mühendis;İstanbul;Lisans;2;;87.966;88.321;"4611;3160;3162;7109;7225;7257";4611 - Aşağıdaki lisans programlarından birinden mezun olmak. | 3160 - Elektrik Mühendisliği | 3162 - Elektrik ve Elektronik Mühendisliği / Elektrik-Elektronik Mühendisliği | 7109 - Son 5 Yıl İçerisinde KPDS/YDS En Az B Seviyesinde İngilizce Bilmek. | 7225 - Güvenlik Tahkikatının Olumlu Sonuçlanması. | 7257 - Seyahate ve Arazide Çalışmaya Elverişli olmak.;6a6b266f-7956-e711-80d3-a0369f7d149c
2017;1;390943025;Ağrı Belediye Başkanlığı;Zabıta Memuru;Ağrı;Lisans;5;;87.957;88.716;"4001;6199;7225";4001 - Herhangi bir lisans programından mezun olmak. | 6199 - Yerleştirme işlemlerinin ilk günü itibariyle 30 yaşını doldurmamış olmak | 7225 - Güvenlik Tahkikatının Olumlu Sonuçlanması.;6b69266f-7956-e711-80d3-a0369f7d149c
2017;1;390745029;Karayolları Genel Müdürlüğü;Avukat;Kars;Lisans;1;;87.942;87.942;"4419;3209;7205;7225;7257;7361";4419 - Aşağıdaki lisans programlarından birinden mezun olmak. | 3209 - Hukuk | 7205 - Avukatlık Ruhsatı Sahibi olmak. | 7225 - Güvenlik Tahkikatının Olumlu Sonuçlanması. | 7257 - Seyahate ve Arazide Çalışmaya Elverişli olmak. | 7361 - (Bakınız Başvurma Özel Şartları Bölümü Avukat).;c56b266f-7956-e711-80d3-a0369f7d149c
2017;1;391084033;Devlet Hava Meydanları İşletmesi Genel Müdürlüğü;Memur;Trabzon;Lisans;3;;87.936;88.29;"4421;3159;3213;5131;8208;4431;3226;3361;3381;5123;8207;8208;8296;8334;7225";4421 - Aşağıdaki lisans programlarından birinden mezun olmak. | 3159 - Ekonomi | 3213 - İktisat | 5131 - Uluslararası Ticaret ve Finansman | 8208 - İş İdaresi ve İktisat | 4431 - Aşağıdaki lisans programlarından birinden mezun olmak. | 3226 - İşletme / İşletmecilik | 3361 - Yönetim Bilişim Sistemleri | 3381 - Muhasebe-Finansman | 5123 - Muhasebe ve Finansal Yönetim / Muhasebe ve Finans Yönetimi | 8207 - İş İdaresi | 8208 - İş İdaresi ve İktisat | 8296 - Yönetim ve Organizasyon | 8334 - Pazarlama | 7225 - Güvenlik Tahkikatının Olumlu Sonuçlanması.;186d266f-7956-e711-80d3-a0369f7d149c
2017;1;310474693;Gümüşhane Üniversitesi;Avukat;Gümüşhane;Lisans;1;;87.936;87.936;"4419;3209;7205;7225;7361";4419 - Aşağıdaki lisans programlarından birinden mezun olmak. | 3209 - Hukuk | 7205 - Avukatlık Ruhsatı Sahibi olmak. | 7225 - Güvenlik Tahkikatının Olumlu Sonuçlanması. | 7361 - (Bakınız Başvurma Özel Şartları Bölümü Avukat).;126b266f-7956-e711-80d3-a0369f7d149c
2017;1;390942971;Ağrı Belediye Başkanlığı;Mimar;Ağrı;Lisans;1;;87.928;87.928;"4747;3263;7225";4747 - Aşağıdaki lisans programlarından birinden mezun olmak. | 3263 - Mimarlık | 7225 - Güvenlik Tahkikatının Olumlu Sonuçlanması.;6269266f-7956-e711-80d3-a0369f7d149c
2017;1;390935443;Muş İl Özel İdaresi;Avukat;Muş;Lisans;1;;87.919;87.919;"4419;3209;7205;7225;7361";4419 - Aşağıdaki lisans programlarından birinden mezun olmak. | 3209 - Hukuk | 7205 - Avukatlık Ruhsatı Sahibi olmak. | 7225 - Güvenlik Tahkikatının Olumlu Sonuçlanması. | 7361 - (Bakınız Başvurma Özel Şartları Bölümü Avukat).;6c6c266f-7956-e711-80d3-a0369f7d149c
2017;1;390465617;Sosyal Güvenlik Kurumu Başkanlığı;Avukat;Hakkari;Lisans;1;;87.919;87.919;"4419;3209;7205;7225;7361";4419 - Aşağıdaki lisans programlarından birinden mezun olmak. | 3209 - Hukuk | 7205 - Avukatlık Ruhsatı Sahibi olmak. | 7225 - Güvenlik Tahkikatının Olumlu Sonuçlanması. | 7361 - (Bakınız Başvurma Özel Şartları Bölümü Avukat).;186b266f-7956-e711-80d3-a0369f7d149c
2017;1;391175353;Makina ve Kimya Endüstrisi Kurumu Genel Müdürlüğü;Mühendis;Kırıkkale;Lisans;5;;87.912;89.607;"4639;3252;4314;7109;7225";4639 - Aşağıdaki lisans programlarından birinden mezun olmak. | 3252 - Makine Mühendisliği | 4314 - Makine ve İmalat Mühendisliği | 7109 - Son 5 Yıl İçerisinde KPDS/YDS En Az B Seviyesinde İngilizce Bilmek. | 7225 - Güvenlik Tahkikatının Olumlu Sonuçlanması.;c06d266f-7956-e711-80d3-a0369f7d149c
2017;1;390465623;Sosyal Güvenlik Kurumu Başkanlığı;Avukat;Kars;Lisans;1;;87.888;87.888;"4419;3209;7205;7225;7361";4419 - Aşağıdaki lisans programlarından birinden mezun olmak. | 3209 - Hukuk | 7205 - Avukatlık Ruhsatı Sahibi olmak. | 7225 - Güvenlik Tahkikatının Olumlu Sonuçlanması. | 7361 - (Bakınız Başvurma Özel Şartları Bölümü Avukat).;d06b266f-7956-e711-80d3-a0369f7d149c
2017;1;390943205;Bayrampaşa Belediye Başkanlığı;Memur;İstanbul;Lisans;1;;87.881;87.881;"4429;3141;8312;7225";4429 - Aşağıdaki lisans programlarından birinden mezun olmak. | 3141 - Çalışma Ekonomisi ve Endüstri İlişkileri | 8312 - Çalışma Ekonomisi | 7225 - Güvenlik Tahkikatının Olumlu Sonuçlanması.;446b266f-7956-e711-80d3-a0369f7d149c
2017;1;310645077;Kastamonu Üniversitesi;Mühendis;Kastamonu;Lisans;1;;87.872;87.872;"4669;3221;7225";4669 - Aşağıdaki lisans programlarından birinden mezun olmak. | 3221 - İnşaat Mühendisliği | 7225 - Güvenlik Tahkikatının Olumlu Sonuçlanması.;d46b266f-7956-e711-80d3-a0369f7d149c
2017;1;390944795;Haliliye Belediye Başkanlığı;Mühendis;Şanlıurfa;Lisans;1;;87.857;87.857;"4669;3221;7109;7225;7257";4669 - Aşağıdaki lisans programlarından birinden mezun olmak. | 3221 - İnşaat Mühendisliği | 7109 - Son 5 Yıl İçerisinde KPDS/YDS En Az B Seviyesinde İngilizce Bilmek. | 7225 - Güvenlik Tahkikatının Olumlu Sonuçlanması. | 7257 - Seyahate ve Arazide Çalışmaya Elverişli olmak.;4a6d266f-7956-e711-80d3-a0369f7d149c
2017;1;391175263;Makina ve Kimya Endüstrisi Kurumu Genel Müdürlüğü;Mühendis;Ankara;Lisans;1;;87.857;87.857;"4691;3261;3301;5118;8227;8232;7109;7225";4691 - Aşağıdaki lisans programlarından birinden mezun olmak. | 3261 - Metalurji ve Malzeme Mühendisliği | 3301 - Seramik Mühendisliği | 5118 - Malzeme Bilimi ve Mühendisliği | 8227 - Malzeme Mühendisliği | 8232 - Metalurji Mühendisliği | 7109 - Son 5 Yıl İçerisinde KPDS/YDS En Az B Seviyesinde İngilizce Bilmek. | 7225 - Güvenlik Tahkikatının Olumlu Sonuçlanması.;fa69266f-7956-e711-80d3-a0369f7d149c
2017;1;390466085;Sosyal Güvenlik Kurumu Başkanlığı;Memur;Zonguldak;Lisans;1;;87.848;87.848;"4421;3159;3213;5131;8208;4431;3226;3361;3381;5123;8207;8208;8296;8334;4459;3254;4322;8225;4469;3306;5127;4503;3237;3313;3314;4507;3313;3315;3352;3353;5116;5142;7225";4421 - Aşağıdaki lisans programlarından birinden mezun olmak. | 3159 - Ekonomi | 3213 - İktisat | 5131 - Uluslararası Ticaret ve Finansman | 8208 - İş İdaresi ve İktisat | 4431 - Aşağıdaki lisans programlarından birinden mezun olmak. | 3226 - İşletme / İşletmecilik | 3361 - Yönetim Bilişim Sistemleri | 3381 - Muhasebe-Finansman | 5123 - Muhasebe ve Finansal Yönetim / Muhasebe ve Finans Yönetimi | 8207 - İş İdaresi | 8208 - İş İdaresi ve İktisat | 8296 - Yönetim ve Organizasyon | 8334 - Pazarlama | 4459 - Aşağıdaki lisans programlarından birinden mezun olmak. | 3254 - Maliye | 4322 - Muhasebe ve Maliye | 8225 - Maliye-Muhasebe | 4469 - Aşağıdaki lisans programlarından birinden mezun olmak. | 3306 - Sigortacılık | 5127 - Sigortacılık ve Risk Yönetimi | 4503 - Aşağıdaki lisans programlarından birinden mezun olmak. | 3237 - Kamu Yönetimi | 3313 - Siyaset Bilimi | 3314 - Siyaset Bilimi ve Kamu Yönetimi | 4507 - Aşağıdaki lisans programlarından birinden mezun olmak. | 3313 - Siyaset Bilimi | 3315 - Siyaset Bilimi ve Uluslararası İlişkiler | 3352 - Uluslararası İlişkiler | 3353 - Uluslararası İlişkiler ve Avrupa Birliği | 5116 - Küresel ve Uluslararası İlişkiler / Küresel Siyaset ve Uluslararası İlişkiler | 5142 - Toplumsal ve Siyasal Bilimler | 7225 - Güvenlik Tahkikatının Olumlu Sonuçlanması.;7c6d266f-7956-e711-80d3-a0369f7d149c
2017;1;390937609;Zonguldak İl Özel İdaresi;Mühendis;Zonguldak;Lisans;1;;87.845;87.845;"4669;3221;7225;7257";4669 - Aşağıdaki lisans programlarından birinden mezun olmak. | 3221 - İnşaat Mühendisliği | 7225 - Güvenlik Tahkikatının Olumlu Sonuçlanması. | 7257 - Seyahate ve Arazide Çalışmaya Elverişli olmak.;886d266f-7956-e711-80d3-a0369f7d149c
2017;1;390943289;Beyşehir Belediye Başkanlığı;Mühendis;Konya;Lisans;1;;87.843;87.843;"4531;3124;5103;5137;8141;8156;8309;6919;7107;7225;7271;7273;7281;7284;7290";4531 - Aşağıdaki lisans programlarından birinden mezun olmak. | 3124 - Bilgisayar Mühendisliği | 5103 - Bilişim Sistemleri Mühendisliği | 5137 - Bilgisayar Bilimi ve Mühendisliği / Bilgisayar Bilimleri Mühendisliği | 8141 - Kontrol ve Bilgisayar Mühendisliği | 8156 - Bilgisayar ve Enformatik Mühendisliği | 8309 - Bilgisayar Donanımı ve Teknolojisi | 6919 - Son 5 Yıl İçerisinde KPDS/YDS En Az C Seviyesinde Arapça Bilmek. | 7107 - Son 5 Yıl İçerisinde KPDS/YDS A Seviyesinde İngilizce Bilmek. | 7225 - Güvenlik Tahkikatının Olumlu Sonuçlanması. | 7271 - Java ve J2EE bildiğini belgelemek. | 7273 - SQL veya PL/SQL bildiğini belgelemek. | 7281 - Oracle Veri Taban Yönetim Sistemlerini bildiğini belgelemek. | 7284 - MS Visual Studio.Net(ASP.NET,C#) Platformunda WEB TABANLI YAZILIM Geliştirme Konusunda Bilgi Sahibi Olduğunu veya Bu Konuda Çalışma Yaptığını Belgelemek. | 7290 - C# Programlama Dili Bildiğini veya C# Kullanarak Çalışma Yaptığını Belgelemek.;1b6c266f-7956-e711-80d3-a0369f7d149c
2017;1;390933715;Çorum İl Özel İdaresi;Mühendis;Çorum;Lisans;1;;87.796;87.796;"4669;3221;7225";4669 - Aşağıdaki lisans programlarından birinden mezun olmak. | 3221 - İnşaat Mühendisliği | 7225 - Güvenlik Tahkikatının Olumlu Sonuçlanması.;936a266f-7956-e711-80d3-a0369f7d149c
2017;1;390937213;Uşak İl Özel İdaresi;Mühendis;Uşak;Lisans;1;;87.796;87.796;"4677;3142;7225;7257";4677 - Aşağıdaki lisans programlarından birinden mezun olmak. | 3142 - Çevre Mühendisliği | 7225 - Güvenlik Tahkikatının Olumlu Sonuçlanması. | 7257 - Seyahate ve Arazide Çalışmaya Elverişli olmak.;566d266f-7956-e711-80d3-a0369f7d149c
2017;1;390465971;Sosyal Güvenlik Kurumu Başkanlığı;Memur;Kayseri;Lisans;1;;87.787;87.787;"4421;3159;3213;5131;8208;4431;3226;3361;3381;5123;8207;8208;8296;8334;4459;3254;4322;8225;4469;3306;5127;4503;3237;3313;3314;4507;3313;3315;3352;3353;5116;5142;7225";4421 - Aşağıdaki lisans programlarından birinden mezun olmak. | 3159 - Ekonomi | 3213 - İktisat | 5131 - Uluslararası Ticaret ve Finansman | 8208 - İş İdaresi ve İktisat | 4431 - Aşağıdaki lisans programlarından birinden mezun olmak. | 3226 - İşletme / İşletmecilik | 3361 - Yönetim Bilişim Sistemleri | 3381 - Muhasebe-Finansman | 5123 - Muhasebe ve Finansal Yönetim / Muhasebe ve Finans Yönetimi | 8207 - İş İdaresi | 8208 - İş İdaresi ve İktisat | 8296 - Yönetim ve Organizasyon | 8334 - Pazarlama | 4459 - Aşağıdaki lisans programlarından birinden mezun olmak. | 3254 - Maliye | 4322 - Muhasebe ve Maliye | 8225 - Maliye-Muhasebe | 4469 - Aşağıdaki lisans programlarından birinden mezun olmak. | 3306 - Sigortacılık | 5127 - Sigortacılık ve Risk Yönetimi | 4503 - Aşağıdaki lisans programlarından birinden mezun olmak. | 3237 - Kamu Yönetimi | 3313 - Siyaset Bilimi | 3314 - Siyaset Bilimi ve Kamu Yönetimi | 4507 - Aşağıdaki lisans programlarından birinden mezun olmak. | 3313 - Siyaset Bilimi | 3315 - Siyaset Bilimi ve Uluslararası İlişkiler | 3352 - Uluslararası İlişkiler | 3353 - Uluslararası İlişkiler ve Avrupa Birliği | 5116 - Küresel ve Uluslararası İlişkiler / Küresel Siyaset ve Uluslararası İlişkiler | 5142 - Toplumsal ve Siyasal Bilimler | 7225 - Güvenlik Tahkikatının Olumlu Sonuçlanması.;f96b266f-7956-e711-80d3-a0369f7d149c
2017;1;390465953;Sosyal Güvenlik Kurumu Başkanlığı;Memur;İzmir;Lisans;2;;87.764;88.941;"4421;3159;3213;5131;8208;4431;3226;3361;3381;5123;8207;8208;8296;8334;4459;3254;4322;8225;4469;3306;5127;4503;3237;3313;3314;4507;3313;3315;3352;3353;5116;5142;7225";4421 - Aşağıdaki lisans programlarından birinden mezun olmak. | 3159 - Ekonomi | 3213 - İktisat | 5131 - Uluslararası Ticaret ve Finansman | 8208 - İş İdaresi ve İktisat | 4431 - Aşağıdaki lisans programlarından birinden mezun olmak. | 3226 - İşletme / İşletmecilik | 3361 - Yönetim Bilişim Sistemleri | 3381 - Muhasebe-Finansman | 5123 - Muhasebe ve Finansal Yönetim / Muhasebe ve Finans Yönetimi | 8207 - İş İdaresi | 8208 - İş İdaresi ve İktisat | 8296 - Yönetim ve Organizasyon | 8334 - Pazarlama | 4459 - Aşağıdaki lisans programlarından birinden mezun olmak. | 3254 - Maliye | 4322 - Muhasebe ve Maliye | 8225 - Maliye-Muhasebe | 4469 - Aşağıdaki lisans programlarından birinden mezun olmak. | 3306 - Sigortacılık | 5127 - Sigortacılık ve Risk Yönetimi | 4503 - Aşağıdaki lisans programlarından birinden mezun olmak. | 3237 - Kamu Yönetimi | 3313 - Siyaset Bilimi | 3314 - Siyaset Bilimi ve Kamu Yönetimi | 4507 - Aşağıdaki lisans programlarından birinden mezun olmak. | 3313 - Siyaset Bilimi | 3315 - Siyaset Bilimi ve Uluslararası İlişkiler | 3352 - Uluslararası İlişkiler | 3353 - Uluslararası İlişkiler ve Avrupa Birliği | 5116 - Küresel ve Uluslararası İlişkiler / Küresel Siyaset ve Uluslararası İlişkiler | 5142 - Toplumsal ve Siyasal Bilimler | 7225 - Güvenlik Tahkikatının Olumlu Sonuçlanması.;ae6b266f-7956-e711-80d3-a0369f7d149c
2017;1;390947453;Yeşilova (Aksaray) Belediye Başkanlığı;Memur;Aksaray;Lisans;1;;87.764;87.764;"4129;3319;4503;3237;3313;3314;7225";4129 - Aşağıdaki lisans programlarından birinden mezun olmak. | 3319 - Sosyoloji | 4503 - Aşağıdaki lisans programlarından birinden mezun olmak. | 3237 - Kamu Yönetimi | 3313 - Siyaset Bilimi | 3314 - Siyaset Bilimi ve Kamu Yönetimi | 7225 - Güvenlik Tahkikatının Olumlu Sonuçlanması.;8f6d266f-7956-e711-80d3-a0369f7d149c
2017;1;391246499;Türkiye Demiryolu Makinaları Sanayii A.Ş. Genel Müdürlüğü;Mühendis;Sivas;Lisans;3;;87.758;88.679;"4639;3252;4314;7111;7225";4639 - Aşağıdaki lisans programlarından birinden mezun olmak. | 3252 - Makine Mühendisliği | 4314 - Makine ve İmalat Mühendisliği | 7111 - Son 5 Yıl İçerisinde KPDS/YDS En Az C Seviyesinde İngilizce Bilmek. | 7225 - Güvenlik Tahkikatının Olumlu Sonuçlanması.;dd6c266f-7956-e711-80d3-a0369f7d149c
2017;1;390945587;Siverek Belediye Başkanlığı;Avukat;Şanlıurfa;Lisans;1;;87.751;87.751;"4419;3209;7205;7225;7257;7361";4419 - Aşağıdaki lisans programlarından birinden mezun olmak. | 3209 - Hukuk | 7205 - Avukatlık Ruhsatı Sahibi olmak. | 7225 - Güvenlik Tahkikatının Olumlu Sonuçlanması. | 7257 - Seyahate ve Arazide Çalışmaya Elverişli olmak. | 7361 - (Bakınız Başvurma Özel Şartları Bölümü Avukat).;356d266f-7956-e711-80d3-a0369f7d149c
2017;1;390465989;Sosyal Güvenlik Kurumu Başkanlığı;Memur;Konya;Lisans;1;;87.734;87.734;"4421;3159;3213;5131;8208;4431;3226;3361;3381;5123;8207;8208;8296;8334;4459;3254;4322;8225;4469;3306;5127;4503;3237;3313;3314;4507;3313;3315;3352;3353;5116;5142;7225";4421 - Aşağıdaki lisans programlarından birinden mezun olmak. | 3159 - Ekonomi | 3213 - İktisat | 5131 - Uluslararası Ticaret ve Finansman | 8208 - İş İdaresi ve İktisat | 4431 - Aşağıdaki lisans programlarından birinden mezun olmak. | 3226 - İşletme / İşletmecilik | 3361 - Yönetim Bilişim Sistemleri | 3381 - Muhasebe-Finansman | 5123 - Muhasebe ve Finansal Yönetim / Muhasebe ve Finans Yönetimi | 8207 - İş İdaresi | 8208 - İş İdaresi ve İktisat | 8296 - Yönetim ve Organizasyon | 8334 - Pazarlama | 4459 - Aşağıdaki lisans programlarından birinden mezun olmak. | 3254 - Maliye | 4322 - Muhasebe ve Maliye | 8225 - Maliye-Muhasebe | 4469 - Aşağıdaki lisans programlarından birinden mezun olmak. | 3306 - Sigortacılık | 5127 - Sigortacılık ve Risk Yönetimi | 4503 - Aşağıdaki lisans programlarından birinden mezun olmak. | 3237 - Kamu Yönetimi | 3313 - Siyaset Bilimi | 3314 - Siyaset Bilimi ve Kamu Yönetimi | 4507 - Aşağıdaki lisans programlarından birinden mezun olmak. | 3313 - Siyaset Bilimi | 3315 - Siyaset Bilimi ve Uluslararası İlişkiler | 3352 - Uluslararası İlişkiler | 3353 - Uluslararası İlişkiler ve Avrupa Birliği | 5116 - Küresel ve Uluslararası İlişkiler / Küresel Siyaset ve Uluslararası İlişkiler | 5142 - Toplumsal ve Siyasal Bilimler | 7225 - Güvenlik Tahkikatının Olumlu Sonuçlanması.;246c266f-7956-e711-80d3-a0369f7d149c
2017;1;391203835;Devlet Demiryolları Taşımacılık A.Ş Genel Müdürlüğü;Psikolog;Afyonkarahisar;Lisans;1;;87.713;87.713;"4131;3286;7225";4131 - Aşağıdaki lisans programlarından birinden mezun olmak. | 3286 - Psikoloji | 7225 - Güvenlik Tahkikatının Olumlu Sonuçlanması.;5969266f-7956-e711-80d3-a0369f7d149c
2017;1;390465977;Sosyal Güvenlik Kurumu Başkanlığı;Memur;Kocaeli;Lisans;2;;87.711;87.958;"4421;3159;3213;5131;8208;4431;3226;3361;3381;5123;8207;8208;8296;8334;4459;3254;4322;8225;4469;3306;5127;4503;3237;3313;3314;4507;3313;3315;3352;3353;5116;5142;7225";4421 - Aşağıdaki lisans programlarından birinden mezun olmak. | 3159 - Ekonomi | 3213 - İktisat | 5131 - Uluslararası Ticaret ve Finansman | 8208 - İş İdaresi ve İktisat | 4431 - Aşağıdaki lisans programlarından birinden mezun olmak. | 3226 - İşletme / İşletmecilik | 3361 - Yönetim Bilişim Sistemleri | 3381 - Muhasebe-Finansman | 5123 - Muhasebe ve Finansal Yönetim / Muhasebe ve Finans Yönetimi | 8207 - İş İdaresi | 8208 - İş İdaresi ve İktisat | 8296 - Yönetim ve Organizasyon | 8334 - Pazarlama | 4459 - Aşağıdaki lisans programlarından birinden mezun olmak. | 3254 - Maliye | 4322 - Muhasebe ve Maliye | 8225 - Maliye-Muhasebe | 4469 - Aşağıdaki lisans programlarından birinden mezun olmak. | 3306 - Sigortacılık | 5127 - Sigortacılık ve Risk Yönetimi | 4503 - Aşağıdaki lisans programlarından birinden mezun olmak. | 3237 - Kamu Yönetimi | 3313 - Siyaset Bilimi | 3314 - Siyaset Bilimi ve Kamu Yönetimi | 4507 - Aşağıdaki lisans programlarından birinden mezun olmak. | 3313 - Siyaset Bilimi | 3315 - Siyaset Bilimi ve Uluslararası İlişkiler | 3352 - Uluslararası İlişkiler | 3353 - Uluslararası İlişkiler ve Avrupa Birliği | 5116 - Küresel ve Uluslararası İlişkiler / Küresel Siyaset ve Uluslararası İlişkiler | 5142 - Toplumsal ve Siyasal Bilimler | 7225 - Güvenlik Tahkikatının Olumlu Sonuçlanması.;0b6c266f-7956-e711-80d3-a0369f7d149c
2017;1;390935569;Sinop İl Özel İdaresi;Mühendis;Sinop;Lisans;1;;87.698;87.698;"4669;3221;7225;7257";4669 - Aşağıdaki lisans programlarından birinden mezun olmak. | 3221 - İnşaat Mühendisliği | 7225 - Güvenlik Tahkikatının Olumlu Sonuçlanması. | 7257 - Seyahate ve Arazide Çalışmaya Elverişli olmak.;d66c266f-7956-e711-80d3-a0369f7d149c
2017;1;390465653;Sosyal Güvenlik Kurumu Başkanlığı;Avukat;Şırnak;Lisans;1;;87.686;87.686;"4419;3209;7205;7225;7361";4419 - Aşağıdaki lisans programlarından birinden mezun olmak. | 3209 - Hukuk | 7205 - Avukatlık Ruhsatı Sahibi olmak. | 7225 - Güvenlik Tahkikatının Olumlu Sonuçlanması. | 7361 - (Bakınız Başvurma Özel Şartları Bölümü Avukat).;d86d266f-7956-e711-80d3-a0369f7d149c
2017;1;390597027;Türkiye İstatistik Kurumu Başkanlığı;İstatistikçi;Hatay;Lisans;2;;87.663;88.964;"4524;3224;4525;3223;7225";4524 - Aşağıdaki lisans programlarından birinden mezun olmak. | 3224 - İstatistik ve Bilgisayar Bilimleri | 4525 - Aşağıdaki lisans programlarından birinden mezun olmak. | 3223 - İstatistik | 7225 - Güvenlik Tahkikatının Olumlu Sonuçlanması.;2c6b266f-7956-e711-80d3-a0369f7d149c
2017;1;390597051;Türkiye İstatistik Kurumu Başkanlığı;İstatistikçi;Trabzon;Lisans;2;;87.625;92.74;"4524;3224;4525;3223;7225";4524 - Aşağıdaki lisans programlarından birinden mezun olmak. | 3224 - İstatistik ve Bilgisayar Bilimleri | 4525 - Aşağıdaki lisans programlarından birinden mezun olmak. | 3223 - İstatistik | 7225 - Güvenlik Tahkikatının Olumlu Sonuçlanması.;006d266f-7956-e711-80d3-a0369f7d149c
2017;1;391083925;Devlet Hava Meydanları İşletmesi Genel Müdürlüğü;Memur;Erzurum;Lisans;4;;87.603;88.315;"4421;3159;3213;5131;8208;4431;3226;3361;3381;5123;8207;8208;8296;8334;7225";4421 - Aşağıdaki lisans programlarından birinden mezun olmak. | 3159 - Ekonomi | 3213 - İktisat | 5131 - Uluslararası Ticaret ve Finansman | 8208 - İş İdaresi ve İktisat | 4431 - Aşağıdaki lisans programlarından birinden mezun olmak. | 3226 - İşletme / İşletmecilik | 3361 - Yönetim Bilişim Sistemleri | 3381 - Muhasebe-Finansman | 5123 - Muhasebe ve Finansal Yönetim / Muhasebe ve Finans Yönetimi | 8207 - İş İdaresi | 8208 - İş İdaresi ve İktisat | 8296 - Yönetim ve Organizasyon | 8334 - Pazarlama | 7225 - Güvenlik Tahkikatının Olumlu Sonuçlanması.;ef6a266f-7956-e711-80d3-a0369f7d149c
2017;1;390924435;Diyarbakır Büyükşehir Belediye Başkanlığı;Zabıta Memuru;Diyarbakır;Lisans;15;;87.578;89.762;"4001;6199;7225;7300";4001 - Herhangi bir lisans programından mezun olmak. | 6199 - Yerleştirme işlemlerinin ilk günü itibariyle 30 yaşını doldurmamış olmak | 7225 - Güvenlik Tahkikatının Olumlu Sonuçlanması. | 7300 - Bu kadro/pozisyonda vardiya sistemi uygulanmaktadır.;c36a266f-7956-e711-80d3-a0369f7d149c
2017;1;391084045;Devlet Hava Meydanları İşletmesi Genel Müdürlüğü;Memur;Van;Lisans;1;;87.563;87.563;"4493;3312;7225";4493 - Aşağıdaki lisans programlarından birinden mezun olmak. | 3312 - Sivil Hava Ulaştırma İşletmeciliği | 7225 - Güvenlik Tahkikatının Olumlu Sonuçlanması.;6e6d266f-7956-e711-80d3-a0369f7d149c
2017;1;391084039;Devlet Hava Meydanları İşletmesi Genel Müdürlüğü;Memur;Uşak;Lisans;1;;87.555;87.555;"4493;3312;7225";4493 - Aşağıdaki lisans programlarından birinden mezun olmak. | 3312 - Sivil Hava Ulaştırma İşletmeciliği | 7225 - Güvenlik Tahkikatının Olumlu Sonuçlanması.;526d266f-7956-e711-80d3-a0369f7d149c
2017;1;310012869;Abant İzzet Baysal Üniversitesi;Memur;Bolu;Lisans;1;;87.549;87.549;"4421;3159;3213;5131;8208;4459;3254;4322;8225;4503;3237;3313;3314;4507;3313;3315;3352;3353;5116;5142;7225";4421 - Aşağıdaki lisans programlarından birinden mezun olmak. | 3159 - Ekonomi | 3213 - İktisat | 5131 - Uluslararası Ticaret ve Finansman | 8208 - İş İdaresi ve İktisat | 4459 - Aşağıdaki lisans programlarından birinden mezun olmak. | 3254 - Maliye | 4322 - Muhasebe ve Maliye | 8225 - Maliye-Muhasebe | 4503 - Aşağıdaki lisans programlarından birinden mezun olmak. | 3237 - Kamu Yönetimi | 3313 - Siyaset Bilimi | 3314 - Siyaset Bilimi ve Kamu Yönetimi | 4507 - Aşağıdaki lisans programlarından birinden mezun olmak. | 3313 - Siyaset Bilimi | 3315 - Siyaset Bilimi ve Uluslararası İlişkiler | 3352 - Uluslararası İlişkiler | 3353 - Uluslararası İlişkiler ve Avrupa Birliği | 5116 - Küresel ve Uluslararası İlişkiler / Küresel Siyaset ve Uluslararası İlişkiler | 5142 - Toplumsal ve Siyasal Bilimler | 7225 - Güvenlik Tahkikatının Olumlu Sonuçlanması.;4e6a266f-7956-e711-80d3-a0369f7d149c
2017;1;390465767;Sosyal Güvenlik Kurumu Başkanlığı;Memur;Antalya;Lisans;1;;87.532;87.532;"4421;3159;3213;5131;8208;4431;3226;3361;3381;5123;8207;8208;8296;8334;4459;3254;4322;8225;4469;3306;5127;4503;3237;3313;3314;4507;3313;3315;3352;3353;5116;5142;7225";4421 - Aşağıdaki lisans programlarından birinden mezun olmak. | 3159 - Ekonomi | 3213 - İktisat | 5131 - Uluslararası Ticaret ve Finansman | 8208 - İş İdaresi ve İktisat | 4431 - Aşağıdaki lisans programlarından birinden mezun olmak. | 3226 - İşletme / İşletmecilik | 3361 - Yönetim Bilişim Sistemleri | 3381 - Muhasebe-Finansman | 5123 - Muhasebe ve Finansal Yönetim / Muhasebe ve Finans Yönetimi | 8207 - İş İdaresi | 8208 - İş İdaresi ve İktisat | 8296 - Yönetim ve Organizasyon | 8334 - Pazarlama | 4459 - Aşağıdaki lisans programlarından birinden mezun olmak. | 3254 - Maliye | 4322 - Muhasebe ve Maliye | 8225 - Maliye-Muhasebe | 4469 - Aşağıdaki lisans programlarından birinden mezun olmak. | 3306 - Sigortacılık | 5127 - Sigortacılık ve Risk Yönetimi | 4503 - Aşağıdaki lisans programlarından birinden mezun olmak. | 3237 - Kamu Yönetimi | 3313 - Siyaset Bilimi | 3314 - Siyaset Bilimi ve Kamu Yönetimi | 4507 - Aşağıdaki lisans programlarından birinden mezun olmak. | 3313 - Siyaset Bilimi | 3315 - Siyaset Bilimi ve Uluslararası İlişkiler | 3352 - Uluslararası İlişkiler | 3353 - Uluslararası İlişkiler ve Avrupa Birliği | 5116 - Küresel ve Uluslararası İlişkiler / Küresel Siyaset ve Uluslararası İlişkiler | 5142 - Toplumsal ve Siyasal Bilimler | 7225 - Güvenlik Tahkikatının Olumlu Sonuçlanması.;1e6a266f-7956-e711-80d3-a0369f7d149c
2017;1;310314567;Dokuz Eylül Üniversitesi;Memur;İzmir;Lisans;8;;87.517;89.467;"4420;9140;4421;3159;3213;5131;8208;4423;5105;4427;3158;4429;3141;8312;4431;3226;3361;3381;5123;8207;8208;8296;8334;4434;4294;4436;4295;4453;3268;3269;5123;4459;3254;4322;8225;4478;3356;4390;8275;9108;4481;4391;4502;8328;9318;4503;3237;3313;3314;4507;3313;3315;3352;3353;5116;5142;4873;3243;3304;3337;3338;3340;3341;4325;4371;4372;4373;5129;6303;6339;8215;9116;7225";4420 - Aşağıdaki lisans programlarından birinden mezun olmak. | 9140 - İktisadi Programlar | 4421 - Aşağıdaki lisans programlarından birinden mezun olmak. | 3159 - Ekonomi | 3213 - İktisat | 5131 - Uluslararası Ticaret ve Finansman | 8208 - İş İdaresi ve İktisat | 4423 - Aşağıdaki lisans programlarından birinden mezun olmak. | 5105 - Ekonomi ve Finans | 4427 - Aşağıdaki lisans programlarından birinden mezun olmak. | 3158 - Ekonometri | 4429 - Aşağıdaki lisans programlarından birinden mezun olmak. | 3141 - Çalışma Ekonomisi ve Endüstri İlişkileri | 8312 - Çalışma Ekonomisi | 4431 - Aşağıdaki lisans programlarından birinden mezun olmak. | 3226 - İşletme / İşletmecilik | 3361 - Yönetim Bilişim Sistemleri | 3381 - Muhasebe-Finansman | 5123 - Muhasebe ve Finansal Yönetim / Muhasebe ve Finans Yönetimi | 8207 - İş İdaresi | 8208 - İş İdaresi ve İktisat | 8296 - Yönetim ve Organizasyon | 8334 - Pazarlama | 4434 - Aşağıdaki lisans programlarından birinden mezun olmak. | 4294 - İşletme Ekonomisi | 4436 - Aşağıdaki lisans programlarından birinden mezun olmak. | 4295 - İşletme Yönetimi | 4453 - Aşağıdaki lisans programlarından birinden mezun olmak. | 3268 - Muhasebe | 3269 - Muhasebe Bilgi Sistemleri | 5123 - Muhasebe ve Finansal Yönetim / Muhasebe ve Finans Yönetimi | 4459 - Aşağıdaki lisans programlarından birinden mezun olmak. | 3254 - Maliye | 4322 - Muhasebe ve Maliye | 8225 - Maliye-Muhasebe | 4478 - Aşağıdaki lisans programlarından birinden mezun olmak. | 3356 - Uluslararası Ticaret ve İşletmecilik | 4390 - Uluslararası İşletme | 8275 - Uluslararası İşletmecilik | 9108 - Uluslararası İşletmecilik ve Ticaret | 4481 - Aşağıdaki lisans programlarından birinden mezun olmak. | 4391 - Uluslararası İşletme Yönetimi | 4502 - Aşağıdaki lisans programlarından birinden mezun olmak. | 8328 - İnsan Kaynakları Yönetimi | 9318 - İnsan Kaynakları | 4503 - Aşağıdaki lisans programlarından birinden mezun olmak. | 3237 - Kamu Yönetimi | 3313 - Siyaset Bilimi | 3314 - Siyaset Bilimi ve Kamu Yönetimi | 4507 - Aşağıdaki lisans programlarından birinden mezun olmak. | 3313 - Siyaset Bilimi | 3315 - Siyaset Bilimi ve Uluslararası İlişkiler | 3352 - Uluslararası İlişkiler | 3353 - Uluslararası İlişkiler ve Avrupa Birliği | 5116 - Küresel ve Uluslararası İlişkiler / Küresel Siyaset ve Uluslararası İlişkiler | 5142 - Toplumsal ve Siyasal Bilimler | 4873 - Aşağıdaki lisans programlarından birinden mezun olmak. | 3243 - Konaklama İşletmeciliği | 3304 - Seyahat İşletmeciliği ve Turizm Rehberliği | 3337 - Turizm İşletmeciliği | 3338 - Turizm İşletmeciliği ve Otelcilik / Turizm İşletmecilik ve Otelcilik | 3340 - Turizm ve Otelcilik | 3341 - Turizm ve Rehberlik | 4325 - Otel İşletmeciliği | 4371 - Turizm | 4372 - Turizm Rehberliği | 4373 - Turizm ve Hizmetler | 5129 - Turizmde Büro Yönetimi | 6303 - Seyahat İşletmeciliği | 6339 - Turizm ve Otel İşletmeciliği | 8215 - Konaklama ve Turizm İşletmeciliği | 9116 - Otel Yöneticiliği | 7225 - Güvenlik Tahkikatının Olumlu Sonuçlanması.;b46b266f-7956-e711-80d3-a0369f7d149c
2017;1;390597081;Türkiye İstatistik Kurumu Başkanlığı;Veri Hazırlama ve Kontrol İşletmeni;Denizli;Lisans;1;;87.516;87.516;"4431;3226;3361;3381;5123;8207;8208;8296;8334;6225;7225";4431 - Aşağıdaki lisans programlarından birinden mezun olmak. | 3226 - İşletme / İşletmecilik | 3361 - Yönetim Bilişim Sistemleri | 3381 - Muhasebe-Finansman | 5123 - Muhasebe ve Finansal Yönetim / Muhasebe ve Finans Yönetimi | 8207 - İş İdaresi | 8208 - İş İdaresi ve İktisat | 8296 - Yönetim ve Organizasyon | 8334 - Pazarlama | 6225 - M.E.B.'Dan Onaylı Bilgisayar İşletmeni Sertifikası Sahibi olmak. | 7225 - Güvenlik Tahkikatının Olumlu Sonuçlanması.;a56a266f-7956-e711-80d3-a0369f7d149c
2017;1;390923385;Bursa Büyükşehir Belediye Başkanlığı;Veri Hazırlama ve Kontrol İşletmeni;Bursa;Lisans;2;;87.502;87.516;"4503;3237;3313;3314;6225;7225";4503 - Aşağıdaki lisans programlarından birinden mezun olmak. | 3237 - Kamu Yönetimi | 3313 - Siyaset Bilimi | 3314 - Siyaset Bilimi ve Kamu Yönetimi | 6225 - M.E.B.'Dan Onaylı Bilgisayar İşletmeni Sertifikası Sahibi olmak. | 7225 - Güvenlik Tahkikatının Olumlu Sonuçlanması.;576a266f-7956-e711-80d3-a0369f7d149c
2017;1;391175185;Makina ve Kimya Endüstrisi Kurumu Genel Müdürlüğü;Memur;Ankara;Lisans;2;;87.487;88.241;"4503;3237;3313;3314;7225";4503 - Aşağıdaki lisans programlarından birinden mezun olmak. | 3237 - Kamu Yönetimi | 3313 - Siyaset Bilimi | 3314 - Siyaset Bilimi ve Kamu Yönetimi | 7225 - Güvenlik Tahkikatının Olumlu Sonuçlanması.;f569266f-7956-e711-80d3-a0369f7d149c
2017;1;390465683;Sosyal Güvenlik Kurumu Başkanlığı;İcra Memuru;Bilecik;Lisans;1;;87.448;87.448;"4419;3209;4421;3159;3213;5131;8208;4427;3158;4429;3141;8312;4431;3226;3361;3381;5123;8207;8208;8296;8334;4459;3254;4322;8225;4503;3237;3313;3314;6199;7225;7315";4419 - Aşağıdaki lisans programlarından birinden mezun olmak. | 3209 - Hukuk | 4421 - Aşağıdaki lisans programlarından birinden mezun olmak. | 3159 - Ekonomi | 3213 - İktisat | 5131 - Uluslararası Ticaret ve Finansman | 8208 - İş İdaresi ve İktisat | 4427 - Aşağıdaki lisans programlarından birinden mezun olmak. | 3158 - Ekonometri | 4429 - Aşağıdaki lisans programlarından birinden mezun olmak. | 3141 - Çalışma Ekonomisi ve Endüstri İlişkileri | 8312 - Çalışma Ekonomisi | 4431 - Aşağıdaki lisans programlarından birinden mezun olmak. | 3226 - İşletme / İşletmecilik | 3361 - Yönetim Bilişim Sistemleri | 3381 - Muhasebe-Finansman | 5123 - Muhasebe ve Finansal Yönetim / Muhasebe ve Finans Yönetimi | 8207 - İş İdaresi | 8208 - İş İdaresi ve İktisat | 8296 - Yönetim ve Organizasyon | 8334 - Pazarlama | 4459 - Aşağıdaki lisans programlarından birinden mezun olmak. | 3254 - Maliye | 4322 - Muhasebe ve Maliye | 8225 - Maliye-Muhasebe | 4503 - Aşağıdaki lisans programlarından birinden mezun olmak. | 3237 - Kamu Yönetimi | 3313 - Siyaset Bilimi | 3314 - Siyaset Bilimi ve Kamu Yönetimi | 6199 - Yerleştirme işlemlerinin ilk günü itibariyle 30 yaşını doldurmamış olmak | 7225 - Güvenlik Tahkikatının Olumlu Sonuçlanması. | 7315 - (Bakınız Başvurma Özel Şartları Bölümü İcra Memuru);396a266f-7956-e711-80d3-a0369f7d149c
2017;1;391276541;Türkiye Elektrik İletim.A.Ş.Gen.Md.;Memur;Manisa;Lisans;2;;87.44;87.601;"4421;3159;3213;5131;8208;4427;3158;4429;3141;8312;4431;3226;3361;3381;5123;8207;8208;8296;8334;4453;3268;3269;5123;4459;3254;4322;8225;4503;3237;3313;3314;4507;3313;3315;3352;3353;5116;5142;7225";4421 - Aşağıdaki lisans programlarından birinden mezun olmak. | 3159 - Ekonomi | 3213 - İktisat | 5131 - Uluslararası Ticaret ve Finansman | 8208 - İş İdaresi ve İktisat | 4427 - Aşağıdaki lisans programlarından birinden mezun olmak. | 3158 - Ekonometri | 4429 - Aşağıdaki lisans programlarından birinden mezun olmak. | 3141 - Çalışma Ekonomisi ve Endüstri İlişkileri | 8312 - Çalışma Ekonomisi | 4431 - Aşağıdaki lisans programlarından birinden mezun olmak. | 3226 - İşletme / İşletmecilik | 3361 - Yönetim Bilişim Sistemleri | 3381 - Muhasebe-Finansman | 5123 - Muhasebe ve Finansal Yönetim / Muhasebe ve Finans Yönetimi | 8207 - İş İdaresi | 8208 - İş İdaresi ve İktisat | 8296 - Yönetim ve Organizasyon | 8334 - Pazarlama | 4453 - Aşağıdaki lisans programlarından birinden mezun olmak. | 3268 - Muhasebe | 3269 - Muhasebe Bilgi Sistemleri | 5123 - Muhasebe ve Finansal Yönetim / Muhasebe ve Finans Yönetimi | 4459 - Aşağıdaki lisans programlarından birinden mezun olmak. | 3254 - Maliye | 4322 - Muhasebe ve Maliye | 8225 - Maliye-Muhasebe | 4503 - Aşağıdaki lisans programlarından birinden mezun olmak. | 3237 - Kamu Yönetimi | 3313 - Siyaset Bilimi | 3314 - Siyaset Bilimi ve Kamu Yönetimi | 4507 - Aşağıdaki lisans programlarından birinden mezun olmak. | 3313 - Siyaset Bilimi | 3315 - Siyaset Bilimi ve Uluslararası İlişkiler | 3352 - Uluslararası İlişkiler | 3353 - Uluslararası İlişkiler ve Avrupa Birliği | 5116 - Küresel ve Uluslararası İlişkiler / Küresel Siyaset ve Uluslararası İlişkiler | 5142 - Toplumsal ve Siyasal Bilimler | 7225 - Güvenlik Tahkikatının Olumlu Sonuçlanması.;356c266f-7956-e711-80d3-a0369f7d149c
2017;1;391203787;Devlet Demiryolları Taşımacılık A.Ş Genel Müdürlüğü;Memur;Adana;Lisans;4;;87.439;88.53;"4421;3159;3213;5131;8208;4431;3226;3361;3381;5123;8207;8208;8296;8334;4503;3237;3313;3314;7225";4421 - Aşağıdaki lisans programlarından birinden mezun olmak. | 3159 - Ekonomi | 3213 - İktisat | 5131 - Uluslararası Ticaret ve Finansman | 8208 - İş İdaresi ve İktisat | 4431 - Aşağıdaki lisans programlarından birinden mezun olmak. | 3226 - İşletme / İşletmecilik | 3361 - Yönetim Bilişim Sistemleri | 3381 - Muhasebe-Finansman | 5123 - Muhasebe ve Finansal Yönetim / Muhasebe ve Finans Yönetimi | 8207 - İş İdaresi | 8208 - İş İdaresi ve İktisat | 8296 - Yönetim ve Organizasyon | 8334 - Pazarlama | 4503 - Aşağıdaki lisans programlarından birinden mezun olmak. | 3237 - Kamu Yönetimi | 3313 - Siyaset Bilimi | 3314 - Siyaset Bilimi ve Kamu Yönetimi | 7225 - Güvenlik Tahkikatının Olumlu Sonuçlanması.;4569266f-7956-e711-80d3-a0369f7d149c
2017;1;391203811;Devlet Demiryolları Taşımacılık A.Ş Genel Müdürlüğü;Memur;İzmir;Lisans;4;;87.392;88.476;"4421;3159;3213;5131;8208;4431;3226;3361;3381;5123;8207;8208;8296;8334;4503;3237;3313;3314;7225";4421 - Aşağıdaki lisans programlarından birinden mezun olmak. | 3159 - Ekonomi | 3213 - İktisat | 5131 - Uluslararası Ticaret ve Finansman | 8208 - İş İdaresi ve İktisat | 4431 - Aşağıdaki lisans programlarından birinden mezun olmak. | 3226 - İşletme / İşletmecilik | 3361 - Yönetim Bilişim Sistemleri | 3381 - Muhasebe-Finansman | 5123 - Muhasebe ve Finansal Yönetim / Muhasebe ve Finans Yönetimi | 8207 - İş İdaresi | 8208 - İş İdaresi ve İktisat | 8296 - Yönetim ve Organizasyon | 8334 - Pazarlama | 4503 - Aşağıdaki lisans programlarından birinden mezun olmak. | 3237 - Kamu Yönetimi | 3313 - Siyaset Bilimi | 3314 - Siyaset Bilimi ve Kamu Yönetimi | 7225 - Güvenlik Tahkikatının Olumlu Sonuçlanması.;be6b266f-7956-e711-80d3-a0369f7d149c
2017;1;390073487;Çalışma ve Sosyal Güvenlik Bakanlığı;Veri Hazırlama ve Kontrol İşletmeni;Ankara;Lisans;1;;87.379;87.379;"4432;9262;4453;3268;3269;5123;4458;9308;4459;3254;4322;8225;6225;7225";4432 - Aşağıdaki lisans programlarından birinden mezun olmak. | 9262 - Finans ve Muhasebe | 4453 - Aşağıdaki lisans programlarından birinden mezun olmak. | 3268 - Muhasebe | 3269 - Muhasebe Bilgi Sistemleri | 5123 - Muhasebe ve Finansal Yönetim / Muhasebe ve Finans Yönetimi | 4458 - Aşağıdaki lisans programlarından birinden mezun olmak. | 9308 - İşletme-Muhasebe ve Denetim | 4459 - Aşağıdaki lisans programlarından birinden mezun olmak. | 3254 - Maliye | 4322 - Muhasebe ve Maliye | 8225 - Maliye-Muhasebe | 6225 - M.E.B.'Dan Onaylı Bilgisayar İşletmeni Sertifikası Sahibi olmak. | 7225 - Güvenlik Tahkikatının Olumlu Sonuçlanması.;8469266f-7956-e711-80d3-a0369f7d149c
2017;1;391276613;Türkiye Elektrik İletim.A.Ş.Gen.Md.;Mühendis;Ankara;Lisans;11;;87.361;91.99;"4611;3160;3162;7109;7225;7257";4611 - Aşağıdaki lisans programlarından birinden mezun olmak. | 3160 - Elektrik Mühendisliği | 3162 - Elektrik ve Elektronik Mühendisliği / Elektrik-Elektronik Mühendisliği | 7109 - Son 5 Yıl İçerisinde KPDS/YDS En Az B Seviyesinde İngilizce Bilmek. | 7225 - Güvenlik Tahkikatının Olumlu Sonuçlanması. | 7257 - Seyahate ve Arazide Çalışmaya Elverişli olmak.;d569266f-7956-e711-80d3-a0369f7d149c
2017;1;390465719;Sosyal Güvenlik Kurumu Başkanlığı;İcra Memuru;Kilis;Lisans;1;;87.355;87.355;"4419;3209;4421;3159;3213;5131;8208;4427;3158;4429;3141;8312;4431;3226;3361;3381;5123;8207;8208;8296;8334;4459;3254;4322;8225;4503;3237;3313;3314;6199;7225;7315";4419 - Aşağıdaki lisans programlarından birinden mezun olmak. | 3209 - Hukuk | 4421 - Aşağıdaki lisans programlarından birinden mezun olmak. | 3159 - Ekonomi | 3213 - İktisat | 5131 - Uluslararası Ticaret ve Finansman | 8208 - İş İdaresi ve İktisat | 4427 - Aşağıdaki lisans programlarından birinden mezun olmak. | 3158 - Ekonometri | 4429 - Aşağıdaki lisans programlarından birinden mezun olmak. | 3141 - Çalışma Ekonomisi ve Endüstri İlişkileri | 8312 - Çalışma Ekonomisi | 4431 - Aşağıdaki lisans programlarından birinden mezun olmak. | 3226 - İşletme / İşletmecilik | 3361 - Yönetim Bilişim Sistemleri | 3381 - Muhasebe-Finansman | 5123 - Muhasebe ve Finansal Yönetim / Muhasebe ve Finans Yönetimi | 8207 - İş İdaresi | 8208 - İş İdaresi ve İktisat | 8296 - Yönetim ve Organizasyon | 8334 - Pazarlama | 4459 - Aşağıdaki lisans programlarından birinden mezun olmak. | 3254 - Maliye | 4322 - Muhasebe ve Maliye | 8225 - Maliye-Muhasebe | 4503 - Aşağıdaki lisans programlarından birinden mezun olmak. | 3237 - Kamu Yönetimi | 3313 - Siyaset Bilimi | 3314 - Siyaset Bilimi ve Kamu Yönetimi | 6199 - Yerleştirme işlemlerinin ilk günü itibariyle 30 yaşını doldurmamış olmak | 7225 - Güvenlik Tahkikatının Olumlu Sonuçlanması. | 7315 - (Bakınız Başvurma Özel Şartları Bölümü İcra Memuru);f56d266f-7956-e711-80d3-a0369f7d149c
2017;1;391337135;Türkiye Lokomotif ve Motor Sanayii A.Ş. Genel Müdürlüğü;Mühendis;Eskişehir;Lisans;1;;87.355;87.355;"4639;3252;4314;7165;7225";4639 - Aşağıdaki lisans programlarından birinden mezun olmak. | 3252 - Makine Mühendisliği | 4314 - Makine ve İmalat Mühendisliği | 7165 - B Sınıfı İş Güvenliği Uzmanı belgesine sahip olmak. | 7225 - Güvenlik Tahkikatının Olumlu Sonuçlanması.;fe6a266f-7956-e711-80d3-a0369f7d149c
2017;1;390465713;Sosyal Güvenlik Kurumu Başkanlığı;İcra Memuru;İzmir;Lisans;2;;87.326;87.748;"4419;3209;4421;3159;3213;5131;8208;4427;3158;4429;3141;8312;4431;3226;3361;3381;5123;8207;8208;8296;8334;4459;3254;4322;8225;4503;3237;3313;3314;6199;7225;7315";4419 - Aşağıdaki lisans programlarından birinden mezun olmak. | 3209 - Hukuk | 4421 - Aşağıdaki lisans programlarından birinden mezun olmak. | 3159 - Ekonomi | 3213 - İktisat | 5131 - Uluslararası Ticaret ve Finansman | 8208 - İş İdaresi ve İktisat | 4427 - Aşağıdaki lisans programlarından birinden mezun olmak. | 3158 - Ekonometri | 4429 - Aşağıdaki lisans programlarından birinden mezun olmak. | 3141 - Çalışma Ekonomisi ve Endüstri İlişkileri | 8312 - Çalışma Ekonomisi | 4431 - Aşağıdaki lisans programlarından birinden mezun olmak. | 3226 - İşletme / İşletmecilik | 3361 - Yönetim Bilişim Sistemleri | 3381 - Muhasebe-Finansman | 5123 - Muhasebe ve Finansal Yönetim / Muhasebe ve Finans Yönetimi | 8207 - İş İdaresi | 8208 - İş İdaresi ve İktisat | 8296 - Yönetim ve Organizasyon | 8334 - Pazarlama | 4459 - Aşağıdaki lisans programlarından birinden mezun olmak. | 3254 - Maliye | 4322 - Muhasebe ve Maliye | 8225 - Maliye-Muhasebe | 4503 - Aşağıdaki lisans programlarından birinden mezun olmak. | 3237 - Kamu Yönetimi | 3313 - Siyaset Bilimi | 3314 - Siyaset Bilimi ve Kamu Yönetimi | 6199 - Yerleştirme işlemlerinin ilk günü itibariyle 30 yaşını doldurmamış olmak | 7225 - Güvenlik Tahkikatının Olumlu Sonuçlanması. | 7315 - (Bakınız Başvurma Özel Şartları Bölümü İcra Memuru);b06b266f-7956-e711-80d3-a0369f7d149c
2017;1;390466001;Sosyal Güvenlik Kurumu Başkanlığı;Memur;Manisa;Lisans;1;;87.323;87.323;"4421;3159;3213;5131;8208;4431;3226;3361;3381;5123;8207;8208;8296;8334;4459;3254;4322;8225;4469;3306;5127;4503;3237;3313;3314;4507;3313;3315;3352;3353;5116;5142;7225";4421 - Aşağıdaki lisans programlarından birinden mezun olmak. | 3159 - Ekonomi | 3213 - İktisat | 5131 - Uluslararası Ticaret ve Finansman | 8208 - İş İdaresi ve İktisat | 4431 - Aşağıdaki lisans programlarından birinden mezun olmak. | 3226 - İşletme / İşletmecilik | 3361 - Yönetim Bilişim Sistemleri | 3381 - Muhasebe-Finansman | 5123 - Muhasebe ve Finansal Yönetim / Muhasebe ve Finans Yönetimi | 8207 - İş İdaresi | 8208 - İş İdaresi ve İktisat | 8296 - Yönetim ve Organizasyon | 8334 - Pazarlama | 4459 - Aşağıdaki lisans programlarından birinden mezun olmak. | 3254 - Maliye | 4322 - Muhasebe ve Maliye | 8225 - Maliye-Muhasebe | 4469 - Aşağıdaki lisans programlarından birinden mezun olmak. | 3306 - Sigortacılık | 5127 - Sigortacılık ve Risk Yönetimi | 4503 - Aşağıdaki lisans programlarından birinden mezun olmak. | 3237 - Kamu Yönetimi | 3313 - Siyaset Bilimi | 3314 - Siyaset Bilimi ve Kamu Yönetimi | 4507 - Aşağıdaki lisans programlarından birinden mezun olmak. | 3313 - Siyaset Bilimi | 3315 - Siyaset Bilimi ve Uluslararası İlişkiler | 3352 - Uluslararası İlişkiler | 3353 - Uluslararası İlişkiler ve Avrupa Birliği | 5116 - Küresel ve Uluslararası İlişkiler / Küresel Siyaset ve Uluslararası İlişkiler | 5142 - Toplumsal ve Siyasal Bilimler | 7225 - Güvenlik Tahkikatının Olumlu Sonuçlanması.;306c266f-7956-e711-80d3-a0369f7d149c
2017;1;390946103;Suruç Belediye Başkanlığı;Mimar;Şanlıurfa;Lisans;1;;87.292;87.292;"4747;3263;7225";4747 - Aşağıdaki lisans programlarından birinden mezun olmak. | 3263 - Mimarlık | 7225 - Güvenlik Tahkikatının Olumlu Sonuçlanması.;366d266f-7956-e711-80d3-a0369f7d149c
2017;1;391083997;Devlet Hava Meydanları İşletmesi Genel Müdürlüğü;Memur;Sinop;Lisans;2;;87.285;88.616;"4493;3312;7225";4493 - Aşağıdaki lisans programlarından birinden mezun olmak. | 3312 - Sivil Hava Ulaştırma İşletmeciliği | 7225 - Güvenlik Tahkikatının Olumlu Sonuçlanması.;cf6c266f-7956-e711-80d3-a0369f7d149c
2017;1;390947345;Viranşehir Belediye Başkanlığı;Mimar;Şanlıurfa;Lisans;1;;87.285;87.285;"4747;3263;7225";4747 - Aşağıdaki lisans programlarından birinden mezun olmak. | 3263 - Mimarlık | 7225 - Güvenlik Tahkikatının Olumlu Sonuçlanması.;326d266f-7956-e711-80d3-a0369f7d149c
2017;1;390933733;Çorum İl Özel İdaresi;Mühendis;Çorum;Lisans;1;;87.284;87.284;"4871;6277;7225";4871 - Aşağıdaki lisans programlarından birinden mezun olmak. | 6277 - Orman Mühendisliği | 7225 - Güvenlik Tahkikatının Olumlu Sonuçlanması.;966a266f-7956-e711-80d3-a0369f7d149c
2017;1;310113091;Ankara Üniversitesi;Memur;Ankara;Lisans;1;;87.27;87.27;"4431;3226;3361;3381;5123;8207;8208;8296;8334;7225";4431 - Aşağıdaki lisans programlarından birinden mezun olmak. | 3226 - İşletme / İşletmecilik | 3361 - Yönetim Bilişim Sistemleri | 3381 - Muhasebe-Finansman | 5123 - Muhasebe ve Finansal Yönetim / Muhasebe ve Finans Yönetimi | 8207 - İş İdaresi | 8208 - İş İdaresi ve İktisat | 8296 - Yönetim ve Organizasyon | 8334 - Pazarlama | 7225 - Güvenlik Tahkikatının Olumlu Sonuçlanması.;9969266f-7956-e711-80d3-a0369f7d149c
2017;1;391084165;Devlet Hava Meydanları İşletmesi Genel Müdürlüğü;Programcı;Ankara;Lisans;3;;87.255;87.843;"4527;3256;3258;4395;6256;8228;8230;8277;4531;3124;5103;5137;8141;8156;8309;4533;5134;7111;7225;7273;7281;7284;7290;7301";4527 - Aşağıdaki lisans programlarından birinden mezun olmak. | 3256 - Matematik ve Bilgisayar Bilimleri | 3258 - Matematik ve Bilgisayar / Matematik-Bilgisayar | 4395 - Uygulamalı Matematik | 6256 - Matematik | 8228 - Matematik ve İnformatik / Matematik-İnformatik | 8230 - Matematik-Bilgisayar Programcılığı | 8277 - Uygulamalı Matematik ve Bilgisayar | 4531 - Aşağıdaki lisans programlarından birinden mezun olmak. | 3124 - Bilgisayar Mühendisliği | 5103 - Bilişim Sistemleri Mühendisliği | 5137 - Bilgisayar Bilimi ve Mühendisliği / Bilgisayar Bilimleri Mühendisliği | 8141 - Kontrol ve Bilgisayar Mühendisliği | 8156 - Bilgisayar ve Enformatik Mühendisliği | 8309 - Bilgisayar Donanımı ve Teknolojisi | 4533 - Aşağıdaki lisans programlarından birinden mezun olmak. | 5134 - Yazılım Mühendisliği | 7111 - Son 5 Yıl İçerisinde KPDS/YDS En Az C Seviyesinde İngilizce Bilmek. | 7225 - Güvenlik Tahkikatının Olumlu Sonuçlanması. | 7273 - SQL veya PL/SQL bildiğini belgelemek. | 7281 - Oracle Veri Taban Yönetim Sistemlerini bildiğini belgelemek. | 7284 - MS Visual Studio.Net(ASP.NET,C#) Platformunda WEB TABANLI YAZILIM Geliştirme Konusunda Bilgi Sahibi Olduğunu veya Bu Konuda Çalışma Yaptığını Belgelemek. | 7290 - C# Programlama Dili Bildiğini veya C# Kullanarak Çalışma Yaptığını Belgelemek. | 7301 - (Bakınız Başvurma Özel Şartları Bölümü Programcı).;e669266f-7956-e711-80d3-a0369f7d149c
2017;1;390597075;Türkiye İstatistik Kurumu Başkanlığı;Veri Hazırlama ve Kontrol İşletmeni;Ankara;Lisans;1;;87.231;87.231;"4431;3226;3361;3381;5123;8207;8208;8296;8334;6225;7225";4431 - Aşağıdaki lisans programlarından birinden mezun olmak. | 3226 - İşletme / İşletmecilik | 3361 - Yönetim Bilişim Sistemleri | 3381 - Muhasebe-Finansman | 5123 - Muhasebe ve Finansal Yönetim / Muhasebe ve Finans Yönetimi | 8207 - İş İdaresi | 8208 - İş İdaresi ve İktisat | 8296 - Yönetim ve Organizasyon | 8334 - Pazarlama | 6225 - M.E.B.'Dan Onaylı Bilgisayar İşletmeni Sertifikası Sahibi olmak. | 7225 - Güvenlik Tahkikatının Olumlu Sonuçlanması.;9169266f-7956-e711-80d3-a0369f7d149c
2017;1;391175311;Makina ve Kimya Endüstrisi Kurumu Genel Müdürlüğü;Mühendis;Çankırı;Lisans;2;;87.223;87.857;"4639;3252;4314;7109;7225";4639 - Aşağıdaki lisans programlarından birinden mezun olmak. | 3252 - Makine Mühendisliği | 4314 - Makine ve İmalat Mühendisliği | 7109 - Son 5 Yıl İçerisinde KPDS/YDS En Az B Seviyesinde İngilizce Bilmek. | 7225 - Güvenlik Tahkikatının Olumlu Sonuçlanması.;836a266f-7956-e711-80d3-a0369f7d149c
2017;1;390597021;Türkiye İstatistik Kurumu Başkanlığı;İstatistikçi;Erzurum;Lisans;2;;87.222;87.633;"4524;3224;4525;3223;7225";4524 - Aşağıdaki lisans programlarından birinden mezun olmak. | 3224 - İstatistik ve Bilgisayar Bilimleri | 4525 - Aşağıdaki lisans programlarından birinden mezun olmak. | 3223 - İstatistik | 7225 - Güvenlik Tahkikatının Olumlu Sonuçlanması.;e66a266f-7956-e711-80d3-a0369f7d149c
2017;1;391073613;Çay İşletmeleri Genel Müdürlüğü;Memur;Trabzon;Lisans;1;;87.194;87.194;"4431;3226;3361;3381;5123;8207;8208;8296;8334;4453;3268;3269;5123;7225";4431 - Aşağıdaki lisans programlarından birinden mezun olmak. | 3226 - İşletme / İşletmecilik | 3361 - Yönetim Bilişim Sistemleri | 3381 - Muhasebe-Finansman | 5123 - Muhasebe ve Finansal Yönetim / Muhasebe ve Finans Yönetimi | 8207 - İş İdaresi | 8208 - İş İdaresi ve İktisat | 8296 - Yönetim ve Organizasyon | 8334 - Pazarlama | 4453 - Aşağıdaki lisans programlarından birinden mezun olmak. | 3268 - Muhasebe | 3269 - Muhasebe Bilgi Sistemleri | 5123 - Muhasebe ve Finansal Yönetim / Muhasebe ve Finans Yönetimi | 7225 - Güvenlik Tahkikatının Olumlu Sonuçlanması.;0d6d266f-7956-e711-80d3-a0369f7d149c
2017;1;391276553;Türkiye Elektrik İletim.A.Ş.Gen.Md.;Memur;Van;Lisans;2;;87.178;87.222;"4421;3159;3213;5131;8208;4427;3158;4429;3141;8312;4431;3226;3361;3381;5123;8207;8208;8296;8334;4453;3268;3269;5123;4459;3254;4322;8225;4503;3237;3313;3314;4507;3313;3315;3352;3353;5116;5142;7225";4421 - Aşağıdaki lisans programlarından birinden mezun olmak. | 3159 - Ekonomi | 3213 - İktisat | 5131 - Uluslararası Ticaret ve Finansman | 8208 - İş İdaresi ve İktisat | 4427 - Aşağıdaki lisans programlarından birinden mezun olmak. | 3158 - Ekonometri | 4429 - Aşağıdaki lisans programlarından birinden mezun olmak. | 3141 - Çalışma Ekonomisi ve Endüstri İlişkileri | 8312 - Çalışma Ekonomisi | 4431 - Aşağıdaki lisans programlarından birinden mezun olmak. | 3226 - İşletme / İşletmecilik | 3361 - Yönetim Bilişim Sistemleri | 3381 - Muhasebe-Finansman | 5123 - Muhasebe ve Finansal Yönetim / Muhasebe ve Finans Yönetimi | 8207 - İş İdaresi | 8208 - İş İdaresi ve İktisat | 8296 - Yönetim ve Organizasyon | 8334 - Pazarlama | 4453 - Aşağıdaki lisans programlarından birinden mezun olmak. | 3268 - Muhasebe | 3269 - Muhasebe Bilgi Sistemleri | 5123 - Muhasebe ve Finansal Yönetim / Muhasebe ve Finans Yönetimi | 4459 - Aşağıdaki lisans programlarından birinden mezun olmak. | 3254 - Maliye | 4322 - Muhasebe ve Maliye | 8225 - Maliye-Muhasebe | 4503 - Aşağıdaki lisans programlarından birinden mezun olmak. | 3237 - Kamu Yönetimi | 3313 - Siyaset Bilimi | 3314 - Siyaset Bilimi ve Kamu Yönetimi | 4507 - Aşağıdaki lisans programlarından birinden mezun olmak. | 3313 - Siyaset Bilimi | 3315 - Siyaset Bilimi ve Uluslararası İlişkiler | 3352 - Uluslararası İlişkiler | 3353 - Uluslararası İlişkiler ve Avrupa Birliği | 5116 - Küresel ve Uluslararası İlişkiler / Küresel Siyaset ve Uluslararası İlişkiler | 5142 - Toplumsal ve Siyasal Bilimler | 7225 - Güvenlik Tahkikatının Olumlu Sonuçlanması.;6f6d266f-7956-e711-80d3-a0369f7d149c
2017;1;391175359;Makina ve Kimya Endüstrisi Kurumu Genel Müdürlüğü;Mühendis;Kırıkkale;Lisans;1;;87.124;87.124;"4669;3221;7111;7225";4669 - Aşağıdaki lisans programlarından birinden mezun olmak. | 3221 - İnşaat Mühendisliği | 7111 - Son 5 Yıl İçerisinde KPDS/YDS En Az C Seviyesinde İngilizce Bilmek. | 7225 - Güvenlik Tahkikatının Olumlu Sonuçlanması.;c16d266f-7956-e711-80d3-a0369f7d149c
2017;1;390465749;Sosyal Güvenlik Kurumu Başkanlığı;Memur;Ankara;Lisans;2;;87.107;88.261;"4421;3159;3213;5131;8208;4431;3226;3361;3381;5123;8207;8208;8296;8334;4459;3254;4322;8225;4469;3306;5127;4503;3237;3313;3314;4507;3313;3315;3352;3353;5116;5142;7225";4421 - Aşağıdaki lisans programlarından birinden mezun olmak. | 3159 - Ekonomi | 3213 - İktisat | 5131 - Uluslararası Ticaret ve Finansman | 8208 - İş İdaresi ve İktisat | 4431 - Aşağıdaki lisans programlarından birinden mezun olmak. | 3226 - İşletme / İşletmecilik | 3361 - Yönetim Bilişim Sistemleri | 3381 - Muhasebe-Finansman | 5123 - Muhasebe ve Finansal Yönetim / Muhasebe ve Finans Yönetimi | 8207 - İş İdaresi | 8208 - İş İdaresi ve İktisat | 8296 - Yönetim ve Organizasyon | 8334 - Pazarlama | 4459 - Aşağıdaki lisans programlarından birinden mezun olmak. | 3254 - Maliye | 4322 - Muhasebe ve Maliye | 8225 - Maliye-Muhasebe | 4469 - Aşağıdaki lisans programlarından birinden mezun olmak. | 3306 - Sigortacılık | 5127 - Sigortacılık ve Risk Yönetimi | 4503 - Aşağıdaki lisans programlarından birinden mezun olmak. | 3237 - Kamu Yönetimi | 3313 - Siyaset Bilimi | 3314 - Siyaset Bilimi ve Kamu Yönetimi | 4507 - Aşağıdaki lisans programlarından birinden mezun olmak. | 3313 - Siyaset Bilimi | 3315 - Siyaset Bilimi ve Uluslararası İlişkiler | 3352 - Uluslararası İlişkiler | 3353 - Uluslararası İlişkiler ve Avrupa Birliği | 5116 - Küresel ve Uluslararası İlişkiler / Küresel Siyaset ve Uluslararası İlişkiler | 5142 - Toplumsal ve Siyasal Bilimler | 7225 - Güvenlik Tahkikatının Olumlu Sonuçlanması.;8d69266f-7956-e711-80d3-a0369f7d149c
2017;1;390933511;Çanakkale İl Özel İdaresi;Şehir Plancısı;Çanakkale;Lisans;1;;87.1;87.1;"4757;3322;7225";4757 - Aşağıdaki lisans programlarından birinden mezun olmak. | 3322 - Şehir ve Bölge Planlama | 7225 - Güvenlik Tahkikatının Olumlu Sonuçlanması.;7d6a266f-7956-e711-80d3-a0369f7d149c
2017;1;390745059;Karayolları Genel Müdürlüğü;Veri Hazırlama ve Kontrol İşletmeni;Ankara;Lisans;1;;87.084;87.084;"4427;3158;6225;7225";4427 - Aşağıdaki lisans programlarından birinden mezun olmak. | 3158 - Ekonometri | 6225 - M.E.B.'Dan Onaylı Bilgisayar İşletmeni Sertifikası Sahibi olmak. | 7225 - Güvenlik Tahkikatının Olumlu Sonuçlanması.;cf69266f-7956-e711-80d3-a0369f7d149c
2017;1;390465959;Sosyal Güvenlik Kurumu Başkanlığı;Memur;İzmir;Lisans;1;;87.076;87.076;"4429;3141;8312;7225";4429 - Aşağıdaki lisans programlarından birinden mezun olmak. | 3141 - Çalışma Ekonomisi ve Endüstri İlişkileri | 8312 - Çalışma Ekonomisi | 7225 - Güvenlik Tahkikatının Olumlu Sonuçlanması.;af6b266f-7956-e711-80d3-a0369f7d149c
2017;1;390466061;Sosyal Güvenlik Kurumu Başkanlığı;Memur;Tekirdağ;Lisans;2;;87.067;87.084;"4421;3159;3213;5131;8208;4431;3226;3361;3381;5123;8207;8208;8296;8334;4459;3254;4322;8225;4469;3306;5127;4503;3237;3313;3314;4507;3313;3315;3352;3353;5116;5142;7225";4421 - Aşağıdaki lisans programlarından birinden mezun olmak. | 3159 - Ekonomi | 3213 - İktisat | 5131 - Uluslararası Ticaret ve Finansman | 8208 - İş İdaresi ve İktisat | 4431 - Aşağıdaki lisans programlarından birinden mezun olmak. | 3226 - İşletme / İşletmecilik | 3361 - Yönetim Bilişim Sistemleri | 3381 - Muhasebe-Finansman | 5123 - Muhasebe ve Finansal Yönetim / Muhasebe ve Finans Yönetimi | 8207 - İş İdaresi | 8208 - İş İdaresi ve İktisat | 8296 - Yönetim ve Organizasyon | 8334 - Pazarlama | 4459 - Aşağıdaki lisans programlarından birinden mezun olmak. | 3254 - Maliye | 4322 - Muhasebe ve Maliye | 8225 - Maliye-Muhasebe | 4469 - Aşağıdaki lisans programlarından birinden mezun olmak. | 3306 - Sigortacılık | 5127 - Sigortacılık ve Risk Yönetimi | 4503 - Aşağıdaki lisans programlarından birinden mezun olmak. | 3237 - Kamu Yönetimi | 3313 - Siyaset Bilimi | 3314 - Siyaset Bilimi ve Kamu Yönetimi | 4507 - Aşağıdaki lisans programlarından birinden mezun olmak. | 3313 - Siyaset Bilimi | 3315 - Siyaset Bilimi ve Uluslararası İlişkiler | 3352 - Uluslararası İlişkiler | 3353 - Uluslararası İlişkiler ve Avrupa Birliği | 5116 - Küresel ve Uluslararası İlişkiler / Küresel Siyaset ve Uluslararası İlişkiler | 5142 - Toplumsal ve Siyasal Bilimler | 7225 - Güvenlik Tahkikatının Olumlu Sonuçlanması.;ef6c266f-7956-e711-80d3-a0369f7d149c
2017;1;390597015;Türkiye İstatistik Kurumu Başkanlığı;İstatistikçi;Diyarbakır;Lisans;2;;87.046;87.918;"4524;3224;4525;3223;7225";4524 - Aşağıdaki lisans programlarından birinden mezun olmak. | 3224 - İstatistik ve Bilgisayar Bilimleri | 4525 - Aşağıdaki lisans programlarından birinden mezun olmak. | 3223 - İstatistik | 7225 - Güvenlik Tahkikatının Olumlu Sonuçlanması.;aa6a266f-7956-e711-80d3-a0369f7d149c
2017;1;310564861;İstanbul Üniversitesi;Avukat;İstanbul;Lisans;1;;87.037;87.037;"4419;3209;7205;7207;7225;7361";4419 - Aşağıdaki lisans programlarından birinden mezun olmak. | 3209 - Hukuk | 7205 - Avukatlık Ruhsatı Sahibi olmak. | 7207 - Avukatlık Ruhsatı Aldıktan Sonra Serbest Olarak En Az İki Yıl Mesleği İle İlgili Çalışmış olmak. | 7225 - Güvenlik Tahkikatının Olumlu Sonuçlanması. | 7361 - (Bakınız Başvurma Özel Şartları Bölümü Avukat).;986b266f-7956-e711-80d3-a0369f7d149c
2017;1;399994603;Et ve Süt Kurumu Genel Müdürlüğü;Memur;Ankara;Lisans;2;;86.999;87.681;"4418;9319;4420;9140;4421;3159;3213;5131;8208;4426;6229;4431;3226;3361;3381;5123;8207;8208;8296;8334;4432;9262;4502;8328;9318;7225";4418 - Aşağıdaki lisans programlarından birinden mezun olmak. | 9319 - İktisadi ve İdari Bilimler Programları | 4420 - Aşağıdaki lisans programlarından birinden mezun olmak. | 9140 - İktisadi Programlar | 4421 - Aşağıdaki lisans programlarından birinden mezun olmak. | 3159 - Ekonomi | 3213 - İktisat | 5131 - Uluslararası Ticaret ve Finansman | 8208 - İş İdaresi ve İktisat | 4426 - Aşağıdaki lisans programlarından birinden mezun olmak. | 6229 - İşletme-Ekonomi / İşletme-İktisat | 4431 - Aşağıdaki lisans programlarından birinden mezun olmak. | 3226 - İşletme / İşletmecilik | 3361 - Yönetim Bilişim Sistemleri | 3381 - Muhasebe-Finansman | 5123 - Muhasebe ve Finansal Yönetim / Muhasebe ve Finans Yönetimi | 8207 - İş İdaresi | 8208 - İş İdaresi ve İktisat | 8296 - Yönetim ve Organizasyon | 8334 - Pazarlama | 4432 - Aşağıdaki lisans programlarından birinden mezun olmak. | 9262 - Finans ve Muhasebe | 4502 - Aşağıdaki lisans programlarından birinden mezun olmak. | 8328 - İnsan Kaynakları Yönetimi | 9318 - İnsan Kaynakları | 7225 - Güvenlik Tahkikatının Olumlu Sonuçlanması.;136a266f-7956-e711-80d3-a0369f7d149c
2017;1;390943349;Boğazlıyan Belediye Başkanlığı;Mühendis;Yozgat;Lisans;1;;86.991;86.991;"4669;3221;7225";4669 - Aşağıdaki lisans programlarından birinden mezun olmak. | 3221 - İnşaat Mühendisliği | 7225 - Güvenlik Tahkikatının Olumlu Sonuçlanması.;746d266f-7956-e711-80d3-a0369f7d149c
2017;1;310524843;Iğdır Üniversitesi;Mühendis;Iğdır;Lisans;1;;86.984;86.984;"4579;3135;5138;8195;7225";4579 - Aşağıdaki lisans programlarından birinden mezun olmak. | 3135 - Biyomühendislik | 5138 - Biyoloji Bilimleri ve Biyo Mühendislik | 8195 - Genetik ve Biyomühendislik | 7225 - Güvenlik Tahkikatının Olumlu Sonuçlanması.;ee6d266f-7956-e711-80d3-a0369f7d149c
2017;1;390465893;Sosyal Güvenlik Kurumu Başkanlığı;Memur;İstanbul;Lisans;2;;86.974;89.508;"4421;3159;3213;5131;8208;4431;3226;3361;3381;5123;8207;8208;8296;8334;4459;3254;4322;8225;4469;3306;5127;4503;3237;3313;3314;4507;3313;3315;3352;3353;5116;5142;7225";4421 - Aşağıdaki lisans programlarından birinden mezun olmak. | 3159 - Ekonomi | 3213 - İktisat | 5131 - Uluslararası Ticaret ve Finansman | 8208 - İş İdaresi ve İktisat | 4431 - Aşağıdaki lisans programlarından birinden mezun olmak. | 3226 - İşletme / İşletmecilik | 3361 - Yönetim Bilişim Sistemleri | 3381 - Muhasebe-Finansman | 5123 - Muhasebe ve Finansal Yönetim / Muhasebe ve Finans Yönetimi | 8207 - İş İdaresi | 8208 - İş İdaresi ve İktisat | 8296 - Yönetim ve Organizasyon | 8334 - Pazarlama | 4459 - Aşağıdaki lisans programlarından birinden mezun olmak. | 3254 - Maliye | 4322 - Muhasebe ve Maliye | 8225 - Maliye-Muhasebe | 4469 - Aşağıdaki lisans programlarından birinden mezun olmak. | 3306 - Sigortacılık | 5127 - Sigortacılık ve Risk Yönetimi | 4503 - Aşağıdaki lisans programlarından birinden mezun olmak. | 3237 - Kamu Yönetimi | 3313 - Siyaset Bilimi | 3314 - Siyaset Bilimi ve Kamu Yönetimi | 4507 - Aşağıdaki lisans programlarından birinden mezun olmak. | 3313 - Siyaset Bilimi | 3315 - Siyaset Bilimi ve Uluslararası İlişkiler | 3352 - Uluslararası İlişkiler | 3353 - Uluslararası İlişkiler ve Avrupa Birliği | 5116 - Küresel ve Uluslararası İlişkiler / Küresel Siyaset ve Uluslararası İlişkiler | 5142 - Toplumsal ve Siyasal Bilimler | 7225 - Güvenlik Tahkikatının Olumlu Sonuçlanması.;a46b266f-7956-e711-80d3-a0369f7d149c
2017;1;390946487;Tunceli Belediye Başkanlığı;Zabıta Memuru;Tunceli;Lisans;4;;86.96;89.622;"4001;6199;7225";4001 - Herhangi bir lisans programından mezun olmak. | 6199 - Yerleştirme işlemlerinin ilk günü itibariyle 30 yaşını doldurmamış olmak | 7225 - Güvenlik Tahkikatının Olumlu Sonuçlanması.;216d266f-7956-e711-80d3-a0369f7d149c
2017;1;390465689;Sosyal Güvenlik Kurumu Başkanlığı;İcra Memuru;Gümüşhane;Lisans;1;;86.959;86.959;"4419;3209;4421;3159;3213;5131;8208;4427;3158;4429;3141;8312;4431;3226;3361;3381;5123;8207;8208;8296;8334;4459;3254;4322;8225;4503;3237;3313;3314;6199;7225;7315";4419 - Aşağıdaki lisans programlarından birinden mezun olmak. | 3209 - Hukuk | 4421 - Aşağıdaki lisans programlarından birinden mezun olmak. | 3159 - Ekonomi | 3213 - İktisat | 5131 - Uluslararası Ticaret ve Finansman | 8208 - İş İdaresi ve İktisat | 4427 - Aşağıdaki lisans programlarından birinden mezun olmak. | 3158 - Ekonometri | 4429 - Aşağıdaki lisans programlarından birinden mezun olmak. | 3141 - Çalışma Ekonomisi ve Endüstri İlişkileri | 8312 - Çalışma Ekonomisi | 4431 - Aşağıdaki lisans programlarından birinden mezun olmak. | 3226 - İşletme / İşletmecilik | 3361 - Yönetim Bilişim Sistemleri | 3381 - Muhasebe-Finansman | 5123 - Muhasebe ve Finansal Yönetim / Muhasebe ve Finans Yönetimi | 8207 - İş İdaresi | 8208 - İş İdaresi ve İktisat | 8296 - Yönetim ve Organizasyon | 8334 - Pazarlama | 4459 - Aşağıdaki lisans programlarından birinden mezun olmak. | 3254 - Maliye | 4322 - Muhasebe ve Maliye | 8225 - Maliye-Muhasebe | 4503 - Aşağıdaki lisans programlarından birinden mezun olmak. | 3237 - Kamu Yönetimi | 3313 - Siyaset Bilimi | 3314 - Siyaset Bilimi ve Kamu Yönetimi | 6199 - Yerleştirme işlemlerinin ilk günü itibariyle 30 yaşını doldurmamış olmak | 7225 - Güvenlik Tahkikatının Olumlu Sonuçlanması. | 7315 - (Bakınız Başvurma Özel Şartları Bölümü İcra Memuru);116b266f-7956-e711-80d3-a0369f7d149c
2017;1;390947501;Zeytinburnu Belediye Başkanlığı;Memur;İstanbul;Lisans;1;;86.959;86.959;"4503;3237;3313;3314;7225";4503 - Aşağıdaki lisans programlarından birinden mezun olmak. | 3237 - Kamu Yönetimi | 3313 - Siyaset Bilimi | 3314 - Siyaset Bilimi ve Kamu Yönetimi | 7225 - Güvenlik Tahkikatının Olumlu Sonuçlanması.;576b266f-7956-e711-80d3-a0369f7d149c
2017;1;390233145;Atatürk Araştırma Merkezi Başkanlığı;Memur;Ankara;Lisans;1;;86.947;86.947;"4431;3226;3361;3381;5123;8207;8208;8296;8334;7225";4431 - Aşağıdaki lisans programlarından birinden mezun olmak. | 3226 - İşletme / İşletmecilik | 3361 - Yönetim Bilişim Sistemleri | 3381 - Muhasebe-Finansman | 5123 - Muhasebe ve Finansal Yönetim / Muhasebe ve Finans Yönetimi | 8207 - İş İdaresi | 8208 - İş İdaresi ve İktisat | 8296 - Yönetim ve Organizasyon | 8334 - Pazarlama | 7225 - Güvenlik Tahkikatının Olumlu Sonuçlanması.;8869266f-7956-e711-80d3-a0369f7d149c
2017;1;390943181;Batman Belediye Başkanlığı;Zabıta Memuru;Batman;Lisans;5;;86.922;89.266;"4001;6199;6506;7225;7300;7302";4001 - Herhangi bir lisans programından mezun olmak. | 6199 - Yerleştirme işlemlerinin ilk günü itibariyle 30 yaşını doldurmamış olmak | 6506 - B sınıfı sürücü belgesine sahip olmak | 7225 - Güvenlik Tahkikatının Olumlu Sonuçlanması. | 7300 - Bu kadro/pozisyonda vardiya sistemi uygulanmaktadır. | 7302 - Bakınız Başvurma Özel Şartları Bölümü Şoför;c76d266f-7956-e711-80d3-a0369f7d149c
2017;1;391083889;Devlet Hava Meydanları İşletmesi Genel Müdürlüğü;Memur;Bingöl;Lisans;2;;86.905;87.246;"4421;3159;3213;5131;8208;4431;3226;3361;3381;5123;8207;8208;8296;8334;7225";4421 - Aşağıdaki lisans programlarından birinden mezun olmak. | 3159 - Ekonomi | 3213 - İktisat | 5131 - Uluslararası Ticaret ve Finansman | 8208 - İş İdaresi ve İktisat | 4431 - Aşağıdaki lisans programlarından birinden mezun olmak. | 3226 - İşletme / İşletmecilik | 3361 - Yönetim Bilişim Sistemleri | 3381 - Muhasebe-Finansman | 5123 - Muhasebe ve Finansal Yönetim / Muhasebe ve Finans Yönetimi | 8207 - İş İdaresi | 8208 - İş İdaresi ve İktisat | 8296 - Yönetim ve Organizasyon | 8334 - Pazarlama | 7225 - Güvenlik Tahkikatının Olumlu Sonuçlanması.;416a266f-7956-e711-80d3-a0369f7d149c
2017;1;390466007;Sosyal Güvenlik Kurumu Başkanlığı;Memur;Muğla;Lisans;1;;86.898;86.898;"4421;3159;3213;5131;8208;4431;3226;3361;3381;5123;8207;8208;8296;8334;4459;3254;4322;8225;4469;3306;5127;4503;3237;3313;3314;4507;3313;3315;3352;3353;5116;5142;7225";4421 - Aşağıdaki lisans programlarından birinden mezun olmak. | 3159 - Ekonomi | 3213 - İktisat | 5131 - Uluslararası Ticaret ve Finansman | 8208 - İş İdaresi ve İktisat | 4431 - Aşağıdaki lisans programlarından birinden mezun olmak. | 3226 - İşletme / İşletmecilik | 3361 - Yönetim Bilişim Sistemleri | 3381 - Muhasebe-Finansman | 5123 - Muhasebe ve Finansal Yönetim / Muhasebe ve Finans Yönetimi | 8207 - İş İdaresi | 8208 - İş İdaresi ve İktisat | 8296 - Yönetim ve Organizasyon | 8334 - Pazarlama | 4459 - Aşağıdaki lisans programlarından birinden mezun olmak. | 3254 - Maliye | 4322 - Muhasebe ve Maliye | 8225 - Maliye-Muhasebe | 4469 - Aşağıdaki lisans programlarından birinden mezun olmak. | 3306 - Sigortacılık | 5127 - Sigortacılık ve Risk Yönetimi | 4503 - Aşağıdaki lisans programlarından birinden mezun olmak. | 3237 - Kamu Yönetimi | 3313 - Siyaset Bilimi | 3314 - Siyaset Bilimi ve Kamu Yönetimi | 4507 - Aşağıdaki lisans programlarından birinden mezun olmak. | 3313 - Siyaset Bilimi | 3315 - Siyaset Bilimi ve Uluslararası İlişkiler | 3352 - Uluslararası İlişkiler | 3353 - Uluslararası İlişkiler ve Avrupa Birliği | 5116 - Küresel ve Uluslararası İlişkiler / Küresel Siyaset ve Uluslararası İlişkiler | 5142 - Toplumsal ve Siyasal Bilimler | 7225 - Güvenlik Tahkikatının Olumlu Sonuçlanması.;556c266f-7956-e711-80d3-a0369f7d149c
2017;1;390597057;Türkiye İstatistik Kurumu Başkanlığı;İstatistikçi;Van;Lisans;2;;86.882;87.424;"4524;3224;4525;3223;7225";4524 - Aşağıdaki lisans programlarından birinden mezun olmak. | 3224 - İstatistik ve Bilgisayar Bilimleri | 4525 - Aşağıdaki lisans programlarından birinden mezun olmak. | 3223 - İstatistik | 7225 - Güvenlik Tahkikatının Olumlu Sonuçlanması.;646d266f-7956-e711-80d3-a0369f7d149c
2017;1;390944783;Haliliye Belediye Başkanlığı;Mühendis;Şanlıurfa;Lisans;1;;86.874;86.874;"4677;3142;7109;7225;7257";4677 - Aşağıdaki lisans programlarından birinden mezun olmak. | 3142 - Çevre Mühendisliği | 7109 - Son 5 Yıl İçerisinde KPDS/YDS En Az B Seviyesinde İngilizce Bilmek. | 7225 - Güvenlik Tahkikatının Olumlu Sonuçlanması. | 7257 - Seyahate ve Arazide Çalışmaya Elverişli olmak.;486d266f-7956-e711-80d3-a0369f7d149c
2017;1;391083943;Devlet Hava Meydanları İşletmesi Genel Müdürlüğü;Memur;Iğdır;Lisans;3;;86.851;87.704;"4421;3159;3213;5131;8208;4431;3226;3361;3381;5123;8207;8208;8296;8334;7225";4421 - Aşağıdaki lisans programlarından birinden mezun olmak. | 3159 - Ekonomi | 3213 - İktisat | 5131 - Uluslararası Ticaret ve Finansman | 8208 - İş İdaresi ve İktisat | 4431 - Aşağıdaki lisans programlarından birinden mezun olmak. | 3226 - İşletme / İşletmecilik | 3361 - Yönetim Bilişim Sistemleri | 3381 - Muhasebe-Finansman | 5123 - Muhasebe ve Finansal Yönetim / Muhasebe ve Finans Yönetimi | 8207 - İş İdaresi | 8208 - İş İdaresi ve İktisat | 8296 - Yönetim ve Organizasyon | 8334 - Pazarlama | 7225 - Güvenlik Tahkikatının Olumlu Sonuçlanması.;f26d266f-7956-e711-80d3-a0369f7d149c
2017;1;391084003;Devlet Hava Meydanları İşletmesi Genel Müdürlüğü;Memur;Sivas;Lisans;2;;86.821;86.836;"4493;3312;7225";4493 - Aşağıdaki lisans programlarından birinden mezun olmak. | 3312 - Sivil Hava Ulaştırma İşletmeciliği | 7225 - Güvenlik Tahkikatının Olumlu Sonuçlanması.;db6c266f-7956-e711-80d3-a0369f7d149c
2017;1;390465761;Sosyal Güvenlik Kurumu Başkanlığı;Memur;Antalya;Lisans;1;;86.813;86.813;"4429;3141;8312;7225";4429 - Aşağıdaki lisans programlarından birinden mezun olmak. | 3141 - Çalışma Ekonomisi ve Endüstri İlişkileri | 8312 - Çalışma Ekonomisi | 7225 - Güvenlik Tahkikatının Olumlu Sonuçlanması.;1d6a266f-7956-e711-80d3-a0369f7d149c
2017;1;390465743;Sosyal Güvenlik Kurumu Başkanlığı;Memur;Afyonkarahisar;Lisans;1;;86.797;86.797;"4421;3159;3213;5131;8208;4431;3226;3361;3381;5123;8207;8208;8296;8334;4459;3254;4322;8225;4469;3306;5127;4503;3237;3313;3314;4507;3313;3315;3352;3353;5116;5142;7225";4421 - Aşağıdaki lisans programlarından birinden mezun olmak. | 3159 - Ekonomi | 3213 - İktisat | 5131 - Uluslararası Ticaret ve Finansman | 8208 - İş İdaresi ve İktisat | 4431 - Aşağıdaki lisans programlarından birinden mezun olmak. | 3226 - İşletme / İşletmecilik | 3361 - Yönetim Bilişim Sistemleri | 3381 - Muhasebe-Finansman | 5123 - Muhasebe ve Finansal Yönetim / Muhasebe ve Finans Yönetimi | 8207 - İş İdaresi | 8208 - İş İdaresi ve İktisat | 8296 - Yönetim ve Organizasyon | 8334 - Pazarlama | 4459 - Aşağıdaki lisans programlarından birinden mezun olmak. | 3254 - Maliye | 4322 - Muhasebe ve Maliye | 8225 - Maliye-Muhasebe | 4469 - Aşağıdaki lisans programlarından birinden mezun olmak. | 3306 - Sigortacılık | 5127 - Sigortacılık ve Risk Yönetimi | 4503 - Aşağıdaki lisans programlarından birinden mezun olmak. | 3237 - Kamu Yönetimi | 3313 - Siyaset Bilimi | 3314 - Siyaset Bilimi ve Kamu Yönetimi | 4507 - Aşağıdaki lisans programlarından birinden mezun olmak. | 3313 - Siyaset Bilimi | 3315 - Siyaset Bilimi ve Uluslararası İlişkiler | 3352 - Uluslararası İlişkiler | 3353 - Uluslararası İlişkiler ve Avrupa Birliği | 5116 - Küresel ve Uluslararası İlişkiler / Küresel Siyaset ve Uluslararası İlişkiler | 5142 - Toplumsal ve Siyasal Bilimler | 7225 - Güvenlik Tahkikatının Olumlu Sonuçlanması.;5569266f-7956-e711-80d3-a0369f7d149c
2017;1;390465827;Sosyal Güvenlik Kurumu Başkanlığı;Memur;Gaziantep;Lisans;3;;86.781;87.338;"4421;3159;3213;5131;8208;4431;3226;3361;3381;5123;8207;8208;8296;8334;4459;3254;4322;8225;4469;3306;5127;4503;3237;3313;3314;4507;3313;3315;3352;3353;5116;5142;7225";4421 - Aşağıdaki lisans programlarından birinden mezun olmak. | 3159 - Ekonomi | 3213 - İktisat | 5131 - Uluslararası Ticaret ve Finansman | 8208 - İş İdaresi ve İktisat | 4431 - Aşağıdaki lisans programlarından birinden mezun olmak. | 3226 - İşletme / İşletmecilik | 3361 - Yönetim Bilişim Sistemleri | 3381 - Muhasebe-Finansman | 5123 - Muhasebe ve Finansal Yönetim / Muhasebe ve Finans Yönetimi | 8207 - İş İdaresi | 8208 - İş İdaresi ve İktisat | 8296 - Yönetim ve Organizasyon | 8334 - Pazarlama | 4459 - Aşağıdaki lisans programlarından birinden mezun olmak. | 3254 - Maliye | 4322 - Muhasebe ve Maliye | 8225 - Maliye-Muhasebe | 4469 - Aşağıdaki lisans programlarından birinden mezun olmak. | 3306 - Sigortacılık | 5127 - Sigortacılık ve Risk Yönetimi | 4503 - Aşağıdaki lisans programlarından birinden mezun olmak. | 3237 - Kamu Yönetimi | 3313 - Siyaset Bilimi | 3314 - Siyaset Bilimi ve Kamu Yönetimi | 4507 - Aşağıdaki lisans programlarından birinden mezun olmak. | 3313 - Siyaset Bilimi | 3315 - Siyaset Bilimi ve Uluslararası İlişkiler | 3352 - Uluslararası İlişkiler | 3353 - Uluslararası İlişkiler ve Avrupa Birliği | 5116 - Küresel ve Uluslararası İlişkiler / Küresel Siyaset ve Uluslararası İlişkiler | 5142 - Toplumsal ve Siyasal Bilimler | 7225 - Güvenlik Tahkikatının Olumlu Sonuçlanması.;036b266f-7956-e711-80d3-a0369f7d149c
2017;1;390466013;Sosyal Güvenlik Kurumu Başkanlığı;Memur;Ordu;Lisans;1;;86.773;86.773;"4421;3159;3213;5131;8208;4431;3226;3361;3381;5123;8207;8208;8296;8334;4459;3254;4322;8225;4469;3306;5127;4503;3237;3313;3314;4507;3313;3315;3352;3353;5116;5142;7225";4421 - Aşağıdaki lisans programlarından birinden mezun olmak. | 3159 - Ekonomi | 3213 - İktisat | 5131 - Uluslararası Ticaret ve Finansman | 8208 - İş İdaresi ve İktisat | 4431 - Aşağıdaki lisans programlarından birinden mezun olmak. | 3226 - İşletme / İşletmecilik | 3361 - Yönetim Bilişim Sistemleri | 3381 - Muhasebe-Finansman | 5123 - Muhasebe ve Finansal Yönetim / Muhasebe ve Finans Yönetimi | 8207 - İş İdaresi | 8208 - İş İdaresi ve İktisat | 8296 - Yönetim ve Organizasyon | 8334 - Pazarlama | 4459 - Aşağıdaki lisans programlarından birinden mezun olmak. | 3254 - Maliye | 4322 - Muhasebe ve Maliye | 8225 - Maliye-Muhasebe | 4469 - Aşağıdaki lisans programlarından birinden mezun olmak. | 3306 - Sigortacılık | 5127 - Sigortacılık ve Risk Yönetimi | 4503 - Aşağıdaki lisans programlarından birinden mezun olmak. | 3237 - Kamu Yönetimi | 3313 - Siyaset Bilimi | 3314 - Siyaset Bilimi ve Kamu Yönetimi | 4507 - Aşağıdaki lisans programlarından birinden mezun olmak. | 3313 - Siyaset Bilimi | 3315 - Siyaset Bilimi ve Uluslararası İlişkiler | 3352 - Uluslararası İlişkiler | 3353 - Uluslararası İlişkiler ve Avrupa Birliği | 5116 - Küresel ve Uluslararası İlişkiler / Küresel Siyaset ve Uluslararası İlişkiler | 5142 - Toplumsal ve Siyasal Bilimler | 7225 - Güvenlik Tahkikatının Olumlu Sonuçlanması.;7c6c266f-7956-e711-80d3-a0369f7d149c
2017;1;390947435;Yenişehir (Diyarbakır) Belediye Başkanlığı;Zabıta Memuru;Diyarbakır;Lisans;1;;86.766;86.766;"4799;3191;6199;6506;7225;7300";4799 - Aşağıdaki lisans programlarından birinden mezun olmak. | 3191 - Gıda Mühendisliği | 6199 - Yerleştirme işlemlerinin ilk günü itibariyle 30 yaşını doldurmamış olmak | 6506 - B sınıfı sürücü belgesine sahip olmak | 7225 - Güvenlik Tahkikatının Olumlu Sonuçlanması. | 7300 - Bu kadro/pozisyonda vardiya sistemi uygulanmaktadır.;bf6a266f-7956-e711-80d3-a0369f7d149c
2017;1;391276733;Türkiye Elektrik İletim.A.Ş.Gen.Md.;Mühendis;Bursa;Lisans;1;;86.759;86.759;"4689;3233;4298;8324;9034;7225;7257";4689 - Aşağıdaki lisans programlarından birinden mezun olmak. | 3233 - Jeodezi ve Fotogrametri Mühendisliği | 4298 - Jeodezi ve Haritacılık | 8324 - Harita Mühendisliği | 9034 - Geomatik Mühendisliği | 7225 - Güvenlik Tahkikatının Olumlu Sonuçlanması. | 7257 - Seyahate ve Arazide Çalışmaya Elverişli olmak.;596a266f-7956-e711-80d3-a0369f7d149c
2017;1;390466079;Sosyal Güvenlik Kurumu Başkanlığı;Memur;Van;Lisans;1;;86.728;86.728;"4421;3159;3213;5131;8208;4431;3226;3361;3381;5123;8207;8208;8296;8334;4459;3254;4322;8225;4469;3306;5127;4503;3237;3313;3314;4507;3313;3315;3352;3353;5116;5142;7225";4421 - Aşağıdaki lisans programlarından birinden mezun olmak. | 3159 - Ekonomi | 3213 - İktisat | 5131 - Uluslararası Ticaret ve Finansman | 8208 - İş İdaresi ve İktisat | 4431 - Aşağıdaki lisans programlarından birinden mezun olmak. | 3226 - İşletme / İşletmecilik | 3361 - Yönetim Bilişim Sistemleri | 3381 - Muhasebe-Finansman | 5123 - Muhasebe ve Finansal Yönetim / Muhasebe ve Finans Yönetimi | 8207 - İş İdaresi | 8208 - İş İdaresi ve İktisat | 8296 - Yönetim ve Organizasyon | 8334 - Pazarlama | 4459 - Aşağıdaki lisans programlarından birinden mezun olmak. | 3254 - Maliye | 4322 - Muhasebe ve Maliye | 8225 - Maliye-Muhasebe | 4469 - Aşağıdaki lisans programlarından birinden mezun olmak. | 3306 - Sigortacılık | 5127 - Sigortacılık ve Risk Yönetimi | 4503 - Aşağıdaki lisans programlarından birinden mezun olmak. | 3237 - Kamu Yönetimi | 3313 - Siyaset Bilimi | 3314 - Siyaset Bilimi ve Kamu Yönetimi | 4507 - Aşağıdaki lisans programlarından birinden mezun olmak. | 3313 - Siyaset Bilimi | 3315 - Siyaset Bilimi ve Uluslararası İlişkiler | 3352 - Uluslararası İlişkiler | 3353 - Uluslararası İlişkiler ve Avrupa Birliği | 5116 - Küresel ve Uluslararası İlişkiler / Küresel Siyaset ve Uluslararası İlişkiler | 5142 - Toplumsal ve Siyasal Bilimler | 7225 - Güvenlik Tahkikatının Olumlu Sonuçlanması.;636d266f-7956-e711-80d3-a0369f7d149c
2017;1;390465815;Sosyal Güvenlik Kurumu Başkanlığı;Memur;Çorum;Lisans;1;;86.719;86.719;"4421;3159;3213;5131;8208;4431;3226;3361;3381;5123;8207;8208;8296;8334;4459;3254;4322;8225;4469;3306;5127;4503;3237;3313;3314;4507;3313;3315;3352;3353;5116;5142;7225";4421 - Aşağıdaki lisans programlarından birinden mezun olmak. | 3159 - Ekonomi | 3213 - İktisat | 5131 - Uluslararası Ticaret ve Finansman | 8208 - İş İdaresi ve İktisat | 4431 - Aşağıdaki lisans programlarından birinden mezun olmak. | 3226 - İşletme / İşletmecilik | 3361 - Yönetim Bilişim Sistemleri | 3381 - Muhasebe-Finansman | 5123 - Muhasebe ve Finansal Yönetim / Muhasebe ve Finans Yönetimi | 8207 - İş İdaresi | 8208 - İş İdaresi ve İktisat | 8296 - Yönetim ve Organizasyon | 8334 - Pazarlama | 4459 - Aşağıdaki lisans programlarından birinden mezun olmak. | 3254 - Maliye | 4322 - Muhasebe ve Maliye | 8225 - Maliye-Muhasebe | 4469 - Aşağıdaki lisans programlarından birinden mezun olmak. | 3306 - Sigortacılık | 5127 - Sigortacılık ve Risk Yönetimi | 4503 - Aşağıdaki lisans programlarından birinden mezun olmak. | 3237 - Kamu Yönetimi | 3313 - Siyaset Bilimi | 3314 - Siyaset Bilimi ve Kamu Yönetimi | 4507 - Aşağıdaki lisans programlarından birinden mezun olmak. | 3313 - Siyaset Bilimi | 3315 - Siyaset Bilimi ve Uluslararası İlişkiler | 3352 - Uluslararası İlişkiler | 3353 - Uluslararası İlişkiler ve Avrupa Birliği | 5116 - Küresel ve Uluslararası İlişkiler / Küresel Siyaset ve Uluslararası İlişkiler | 5142 - Toplumsal ve Siyasal Bilimler | 7225 - Güvenlik Tahkikatının Olumlu Sonuçlanması.;8d6a266f-7956-e711-80d3-a0369f7d149c
2017;1;390943283;Beyşehir Belediye Başkanlığı;Mühendis;Konya;Lisans;1;;86.714;86.714;"4669;3221;7107;7225";4669 - Aşağıdaki lisans programlarından birinden mezun olmak. | 3221 - İnşaat Mühendisliği | 7107 - Son 5 Yıl İçerisinde KPDS/YDS A Seviyesinde İngilizce Bilmek. | 7225 - Güvenlik Tahkikatının Olumlu Sonuçlanması.;1a6c266f-7956-e711-80d3-a0369f7d149c
2017;1;391083931;Devlet Hava Meydanları İşletmesi Genel Müdürlüğü;Memur;Hakkari;Lisans;2;;86.704;86.766;"4421;3159;3213;5131;8208;4431;3226;3361;3381;5123;8207;8208;8296;8334;7225";4421 - Aşağıdaki lisans programlarından birinden mezun olmak. | 3159 - Ekonomi | 3213 - İktisat | 5131 - Uluslararası Ticaret ve Finansman | 8208 - İş İdaresi ve İktisat | 4431 - Aşağıdaki lisans programlarından birinden mezun olmak. | 3226 - İşletme / İşletmecilik | 3361 - Yönetim Bilişim Sistemleri | 3381 - Muhasebe-Finansman | 5123 - Muhasebe ve Finansal Yönetim / Muhasebe ve Finans Yönetimi | 8207 - İş İdaresi | 8208 - İş İdaresi ve İktisat | 8296 - Yönetim ve Organizasyon | 8334 - Pazarlama | 7225 - Güvenlik Tahkikatının Olumlu Sonuçlanması.;166b266f-7956-e711-80d3-a0369f7d149c
2017;1;390684411;Devlet Su İşleri Genel Müdürlüğü;Memur;Şanlıurfa;Lisans;1;;86.704;86.704;"4426;6229;4459;3254;4322;8225;7225;7257";4426 - Aşağıdaki lisans programlarından birinden mezun olmak. | 6229 - İşletme-Ekonomi / İşletme-İktisat | 4459 - Aşağıdaki lisans programlarından birinden mezun olmak. | 3254 - Maliye | 4322 - Muhasebe ve Maliye | 8225 - Maliye-Muhasebe | 7225 - Güvenlik Tahkikatının Olumlu Sonuçlanması. | 7257 - Seyahate ve Arazide Çalışmaya Elverişli olmak.;4f6d266f-7956-e711-80d3-a0369f7d149c
2017;1;399994609;Et ve Süt Kurumu Genel Müdürlüğü;Memur;Ankara;Lisans;2;;86.696;87.231;"4418;9319;4420;9140;4421;3159;3213;5131;8208;4426;6229;4431;3226;3361;3381;5123;8207;8208;8296;8334;4432;9262;4502;8328;9318;7225";4418 - Aşağıdaki lisans programlarından birinden mezun olmak. | 9319 - İktisadi ve İdari Bilimler Programları | 4420 - Aşağıdaki lisans programlarından birinden mezun olmak. | 9140 - İktisadi Programlar | 4421 - Aşağıdaki lisans programlarından birinden mezun olmak. | 3159 - Ekonomi | 3213 - İktisat | 5131 - Uluslararası Ticaret ve Finansman | 8208 - İş İdaresi ve İktisat | 4426 - Aşağıdaki lisans programlarından birinden mezun olmak. | 6229 - İşletme-Ekonomi / İşletme-İktisat | 4431 - Aşağıdaki lisans programlarından birinden mezun olmak. | 3226 - İşletme / İşletmecilik | 3361 - Yönetim Bilişim Sistemleri | 3381 - Muhasebe-Finansman | 5123 - Muhasebe ve Finansal Yönetim / Muhasebe ve Finans Yönetimi | 8207 - İş İdaresi | 8208 - İş İdaresi ve İktisat | 8296 - Yönetim ve Organizasyon | 8334 - Pazarlama | 4432 - Aşağıdaki lisans programlarından birinden mezun olmak. | 9262 - Finans ve Muhasebe | 4502 - Aşağıdaki lisans programlarından birinden mezun olmak. | 8328 - İnsan Kaynakları Yönetimi | 9318 - İnsan Kaynakları | 7225 - Güvenlik Tahkikatının Olumlu Sonuçlanması.;146a266f-7956-e711-80d3-a0369f7d149c
2017;1;391337111;Türkiye Lokomotif ve Motor Sanayii A.Ş. Genel Müdürlüğü;Memur;Eskişehir;Lisans;7;;86.69;88.369;"4431;3226;3361;3381;5123;8207;8208;8296;8334;7225";4431 - Aşağıdaki lisans programlarından birinden mezun olmak. | 3226 - İşletme / İşletmecilik | 3361 - Yönetim Bilişim Sistemleri | 3381 - Muhasebe-Finansman | 5123 - Muhasebe ve Finansal Yönetim / Muhasebe ve Finans Yönetimi | 8207 - İş İdaresi | 8208 - İş İdaresi ve İktisat | 8296 - Yönetim ve Organizasyon | 8334 - Pazarlama | 7225 - Güvenlik Tahkikatının Olumlu Sonuçlanması.;fa6a266f-7956-e711-80d3-a0369f7d149c
2017;1;390944429;Dicle Belediye Başkanlığı;Zabıta Memuru;Diyarbakır;Lisans;2;;86.685;87.31;"4001;6199;7225;7300";4001 - Herhangi bir lisans programından mezun olmak. | 6199 - Yerleştirme işlemlerinin ilk günü itibariyle 30 yaşını doldurmamış olmak | 7225 - Güvenlik Tahkikatının Olumlu Sonuçlanması. | 7300 - Bu kadro/pozisyonda vardiya sistemi uygulanmaktadır.;c16a266f-7956-e711-80d3-a0369f7d149c
2017;1;311063151;Bandırma Onyedi Eylül Üniversitesi;Psikolog;Balıkesir;Lisans;1;;86.68;86.68;"4131;3286;7225";4131 - Aşağıdaki lisans programlarından birinden mezun olmak. | 3286 - Psikoloji | 7225 - Güvenlik Tahkikatının Olumlu Sonuçlanması.;2e6a266f-7956-e711-80d3-a0369f7d149c
2017;1;310293769;Çukurova Üniversitesi;Memur;Adana;Lisans;2;;86.68;86.743;"4421;3159;3213;5131;8208;4431;3226;3361;3381;5123;8207;8208;8296;8334;4459;3254;4322;8225;7225";4421 - Aşağıdaki lisans programlarından birinden mezun olmak. | 3159 - Ekonomi | 3213 - İktisat | 5131 - Uluslararası Ticaret ve Finansman | 8208 - İş İdaresi ve İktisat | 4431 - Aşağıdaki lisans programlarından birinden mezun olmak. | 3226 - İşletme / İşletmecilik | 3361 - Yönetim Bilişim Sistemleri | 3381 - Muhasebe-Finansman | 5123 - Muhasebe ve Finansal Yönetim / Muhasebe ve Finans Yönetimi | 8207 - İş İdaresi | 8208 - İş İdaresi ve İktisat | 8296 - Yönetim ve Organizasyon | 8334 - Pazarlama | 4459 - Aşağıdaki lisans programlarından birinden mezun olmak. | 3254 - Maliye | 4322 - Muhasebe ve Maliye | 8225 - Maliye-Muhasebe | 7225 - Güvenlik Tahkikatının Olumlu Sonuçlanması.;3b69266f-7956-e711-80d3-a0369f7d149c
2017;1;390465731;Sosyal Güvenlik Kurumu Başkanlığı;İcra Memuru;Ordu;Lisans;2;;86.657;86.851;"4419;3209;4421;3159;3213;5131;8208;4427;3158;4429;3141;8312;4431;3226;3361;3381;5123;8207;8208;8296;8334;4459;3254;4322;8225;4503;3237;3313;3314;6199;7225;7315";4419 - Aşağıdaki lisans programlarından birinden mezun olmak. | 3209 - Hukuk | 4421 - Aşağıdaki lisans programlarından birinden mezun olmak. | 3159 - Ekonomi | 3213 - İktisat | 5131 - Uluslararası Ticaret ve Finansman | 8208 - İş İdaresi ve İktisat | 4427 - Aşağıdaki lisans programlarından birinden mezun olmak. | 3158 - Ekonometri | 4429 - Aşağıdaki lisans programlarından birinden mezun olmak. | 3141 - Çalışma Ekonomisi ve Endüstri İlişkileri | 8312 - Çalışma Ekonomisi | 4431 - Aşağıdaki lisans programlarından birinden mezun olmak. | 3226 - İşletme / İşletmecilik | 3361 - Yönetim Bilişim Sistemleri | 3381 - Muhasebe-Finansman | 5123 - Muhasebe ve Finansal Yönetim / Muhasebe ve Finans Yönetimi | 8207 - İş İdaresi | 8208 - İş İdaresi ve İktisat | 8296 - Yönetim ve Organizasyon | 8334 - Pazarlama | 4459 - Aşağıdaki lisans programlarından birinden mezun olmak. | 3254 - Maliye | 4322 - Muhasebe ve Maliye | 8225 - Maliye-Muhasebe | 4503 - Aşağıdaki lisans programlarından birinden mezun olmak. | 3237 - Kamu Yönetimi | 3313 - Siyaset Bilimi | 3314 - Siyaset Bilimi ve Kamu Yönetimi | 6199 - Yerleştirme işlemlerinin ilk günü itibariyle 30 yaşını doldurmamış olmak | 7225 - Güvenlik Tahkikatının Olumlu Sonuçlanması. | 7315 - (Bakınız Başvurma Özel Şartları Bölümü İcra Memuru);766c266f-7956-e711-80d3-a0369f7d149c
2017;1;390945125;Kızıltepe Belediye Başkanlığı;Mühendis;Mardin;Lisans;2;;86.651;86.928;"4669;3221;7225";4669 - Aşağıdaki lisans programlarından birinden mezun olmak. | 3221 - İnşaat Mühendisliği | 7225 - Güvenlik Tahkikatının Olumlu Sonuçlanması.;4c6c266f-7956-e711-80d3-a0369f7d149c
2017;1;310223337;Boğaziçi Üniversitesi;Mühendis;İstanbul;Lisans;1;;86.643;86.643;"4530;9343;4533;5134;7225";4530 - Aşağıdaki lisans programlarından birinden mezun olmak. | 9343 - Bilgisayar ve Yazılım Mühendisliği | 4533 - Aşağıdaki lisans programlarından birinden mezun olmak. | 5134 - Yazılım Mühendisliği | 7225 - Güvenlik Tahkikatının Olumlu Sonuçlanması.;936b266f-7956-e711-80d3-a0369f7d149c
2017;1;391084171;Devlet Hava Meydanları İşletmesi Genel Müdürlüğü;Programcı;Ankara;Lisans;2;;86.643;87.114;"4527;3256;3258;4395;6256;8228;8230;8277;4531;3124;5103;5137;8141;8156;8309;4533;5134;7111;7225;7292;7293;7294;7301";4527 - Aşağıdaki lisans programlarından birinden mezun olmak. | 3256 - Matematik ve Bilgisayar Bilimleri | 3258 - Matematik ve Bilgisayar / Matematik-Bilgisayar | 4395 - Uygulamalı Matematik | 6256 - Matematik | 8228 - Matematik ve İnformatik / Matematik-İnformatik | 8230 - Matematik-Bilgisayar Programcılığı | 8277 - Uygulamalı Matematik ve Bilgisayar | 4531 - Aşağıdaki lisans programlarından birinden mezun olmak. | 3124 - Bilgisayar Mühendisliği | 5103 - Bilişim Sistemleri Mühendisliği | 5137 - Bilgisayar Bilimi ve Mühendisliği / Bilgisayar Bilimleri Mühendisliği | 8141 - Kontrol ve Bilgisayar Mühendisliği | 8156 - Bilgisayar ve Enformatik Mühendisliği | 8309 - Bilgisayar Donanımı ve Teknolojisi | 4533 - Aşağıdaki lisans programlarından birinden mezun olmak. | 5134 - Yazılım Mühendisliği | 7111 - Son 5 Yıl İçerisinde KPDS/YDS En Az C Seviyesinde İngilizce Bilmek. | 7225 - Güvenlik Tahkikatının Olumlu Sonuçlanması. | 7292 - Cisco Certified Network Professional (CCNP) sertifikasına sahip olmak | 7293 - Ağ güvenliği (Intrusion Prevention System(IPS) veya Firewall, UTM veya URL filtering) konusunda en az 2 (iki) yıl çalışmış | 7294 - MCSA Database Administrator sertifikasına sahip olmak | 7301 - (Bakınız Başvurma Özel Şartları Bölümü Programcı).;e769266f-7956-e711-80d3-a0369f7d149c
2017;1;391084027;Devlet Hava Meydanları İşletmesi Genel Müdürlüğü;Memur;Tokat;Lisans;1;;86.643;86.643;"4493;3312;7225";4493 - Aşağıdaki lisans programlarından birinden mezun olmak. | 3312 - Sivil Hava Ulaştırma İşletmeciliği | 7225 - Güvenlik Tahkikatının Olumlu Sonuçlanması.;f76c266f-7956-e711-80d3-a0369f7d149c
2017;1;391203793;Devlet Demiryolları Taşımacılık A.Ş Genel Müdürlüğü;Memur;Afyonkarahisar;Lisans;4;;86.635;87.486;"4421;3159;3213;5131;8208;4431;3226;3361;3381;5123;8207;8208;8296;8334;4503;3237;3313;3314;7225";4421 - Aşağıdaki lisans programlarından birinden mezun olmak. | 3159 - Ekonomi | 3213 - İktisat | 5131 - Uluslararası Ticaret ve Finansman | 8208 - İş İdaresi ve İktisat | 4431 - Aşağıdaki lisans programlarından birinden mezun olmak. | 3226 - İşletme / İşletmecilik | 3361 - Yönetim Bilişim Sistemleri | 3381 - Muhasebe-Finansman | 5123 - Muhasebe ve Finansal Yönetim / Muhasebe ve Finans Yönetimi | 8207 - İş İdaresi | 8208 - İş İdaresi ve İktisat | 8296 - Yönetim ve Organizasyon | 8334 - Pazarlama | 4503 - Aşağıdaki lisans programlarından birinden mezun olmak. | 3237 - Kamu Yönetimi | 3313 - Siyaset Bilimi | 3314 - Siyaset Bilimi ve Kamu Yönetimi | 7225 - Güvenlik Tahkikatının Olumlu Sonuçlanması.;5869266f-7956-e711-80d3-a0369f7d149c
2017;1;390465821;Sosyal Güvenlik Kurumu Başkanlığı;Memur;Edirne;Lisans;1;;86.626;86.626;"4421;3159;3213;5131;8208;4431;3226;3361;3381;5123;8207;8208;8296;8334;4459;3254;4322;8225;4469;3306;5127;4503;3237;3313;3314;4507;3313;3315;3352;3353;5116;5142;7225";4421 - Aşağıdaki lisans programlarından birinden mezun olmak. | 3159 - Ekonomi | 3213 - İktisat | 5131 - Uluslararası Ticaret ve Finansman | 8208 - İş İdaresi ve İktisat | 4431 - Aşağıdaki lisans programlarından birinden mezun olmak. | 3226 - İşletme / İşletmecilik | 3361 - Yönetim Bilişim Sistemleri | 3381 - Muhasebe-Finansman | 5123 - Muhasebe ve Finansal Yönetim / Muhasebe ve Finans Yönetimi | 8207 - İş İdaresi | 8208 - İş İdaresi ve İktisat | 8296 - Yönetim ve Organizasyon | 8334 - Pazarlama | 4459 - Aşağıdaki lisans programlarından birinden mezun olmak. | 3254 - Maliye | 4322 - Muhasebe ve Maliye | 8225 - Maliye-Muhasebe | 4469 - Aşağıdaki lisans programlarından birinden mezun olmak. | 3306 - Sigortacılık | 5127 - Sigortacılık ve Risk Yönetimi | 4503 - Aşağıdaki lisans programlarından birinden mezun olmak. | 3237 - Kamu Yönetimi | 3313 - Siyaset Bilimi | 3314 - Siyaset Bilimi ve Kamu Yönetimi | 4507 - Aşağıdaki lisans programlarından birinden mezun olmak. | 3313 - Siyaset Bilimi | 3315 - Siyaset Bilimi ve Uluslararası İlişkiler | 3352 - Uluslararası İlişkiler | 3353 - Uluslararası İlişkiler ve Avrupa Birliği | 5116 - Küresel ve Uluslararası İlişkiler / Küresel Siyaset ve Uluslararası İlişkiler | 5142 - Toplumsal ve Siyasal Bilimler | 7225 - Güvenlik Tahkikatının Olumlu Sonuçlanması.;cc6a266f-7956-e711-80d3-a0369f7d149c
2017;1;391276835;Türkiye Elektrik İletim.A.Ş.Gen.Md.;Mühendis;İstanbul;Lisans;2;;86.567;91.24;"4611;3160;3162;7109;7225;7257";4611 - Aşağıdaki lisans programlarından birinden mezun olmak. | 3160 - Elektrik Mühendisliği | 3162 - Elektrik ve Elektronik Mühendisliği / Elektrik-Elektronik Mühendisliği | 7109 - Son 5 Yıl İçerisinde KPDS/YDS En Az B Seviyesinde İngilizce Bilmek. | 7225 - Güvenlik Tahkikatının Olumlu Sonuçlanması. | 7257 - Seyahate ve Arazide Çalışmaya Elverişli olmak.;6b6b266f-7956-e711-80d3-a0369f7d149c
2017;1;390946109;Suruç Belediye Başkanlığı;Mühendis;Şanlıurfa;Lisans;2;;86.533;87.401;"4669;3221;7225";4669 - Aşağıdaki lisans programlarından birinden mezun olmak. | 3221 - İnşaat Mühendisliği | 7225 - Güvenlik Tahkikatının Olumlu Sonuçlanması.;376d266f-7956-e711-80d3-a0369f7d149c
2017;1;391203799;Devlet Demiryolları Taşımacılık A.Ş Genel Müdürlüğü;Memur;Ankara;Lisans;16;;86.495;89.282;"4421;3159;3213;5131;8208;4431;3226;3361;3381;5123;8207;8208;8296;8334;4503;3237;3313;3314;7225";4421 - Aşağıdaki lisans programlarından birinden mezun olmak. | 3159 - Ekonomi | 3213 - İktisat | 5131 - Uluslararası Ticaret ve Finansman | 8208 - İş İdaresi ve İktisat | 4431 - Aşağıdaki lisans programlarından birinden mezun olmak. | 3226 - İşletme / İşletmecilik | 3361 - Yönetim Bilişim Sistemleri | 3381 - Muhasebe-Finansman | 5123 - Muhasebe ve Finansal Yönetim / Muhasebe ve Finans Yönetimi | 8207 - İş İdaresi | 8208 - İş İdaresi ve İktisat | 8296 - Yönetim ve Organizasyon | 8334 - Pazarlama | 4503 - Aşağıdaki lisans programlarından birinden mezun olmak. | 3237 - Kamu Yönetimi | 3313 - Siyaset Bilimi | 3314 - Siyaset Bilimi ve Kamu Yönetimi | 7225 - Güvenlik Tahkikatının Olumlu Sonuçlanması.;0e6a266f-7956-e711-80d3-a0369f7d149c
2017;1;390465791;Sosyal Güvenlik Kurumu Başkanlığı;Memur;Bilecik;Lisans;1;;86.495;86.495;"4421;3159;3213;5131;8208;4431;3226;3361;3381;5123;8207;8208;8296;8334;4459;3254;4322;8225;4469;3306;5127;4503;3237;3313;3314;4507;3313;3315;3352;3353;5116;5142;7225";4421 - Aşağıdaki lisans programlarından birinden mezun olmak. | 3159 - Ekonomi | 3213 - İktisat | 5131 - Uluslararası Ticaret ve Finansman | 8208 - İş İdaresi ve İktisat | 4431 - Aşağıdaki lisans programlarından birinden mezun olmak. | 3226 - İşletme / İşletmecilik | 3361 - Yönetim Bilişim Sistemleri | 3381 - Muhasebe-Finansman | 5123 - Muhasebe ve Finansal Yönetim / Muhasebe ve Finans Yönetimi | 8207 - İş İdaresi | 8208 - İş İdaresi ve İktisat | 8296 - Yönetim ve Organizasyon | 8334 - Pazarlama | 4459 - Aşağıdaki lisans programlarından birinden mezun olmak. | 3254 - Maliye | 4322 - Muhasebe ve Maliye | 8225 - Maliye-Muhasebe | 4469 - Aşağıdaki lisans programlarından birinden mezun olmak. | 3306 - Sigortacılık | 5127 - Sigortacılık ve Risk Yönetimi | 4503 - Aşağıdaki lisans programlarından birinden mezun olmak. | 3237 - Kamu Yönetimi | 3313 - Siyaset Bilimi | 3314 - Siyaset Bilimi ve Kamu Yönetimi | 4507 - Aşağıdaki lisans programlarından birinden mezun olmak. | 3313 - Siyaset Bilimi | 3315 - Siyaset Bilimi ve Uluslararası İlişkiler | 3352 - Uluslararası İlişkiler | 3353 - Uluslararası İlişkiler ve Avrupa Birliği | 5116 - Küresel ve Uluslararası İlişkiler / Küresel Siyaset ve Uluslararası İlişkiler | 5142 - Toplumsal ve Siyasal Bilimler | 7225 - Güvenlik Tahkikatının Olumlu Sonuçlanması.;3a6a266f-7956-e711-80d3-a0369f7d149c
2017;1;390947387;Yenişehir (Diyarbakır) Belediye Başkanlığı;Muhasebeci;Diyarbakır;Lisans;3;;86.479;86.666;"4431;3226;3361;3381;5123;8207;8208;8296;8334;7225";4431 - Aşağıdaki lisans programlarından birinden mezun olmak. | 3226 - İşletme / İşletmecilik | 3361 - Yönetim Bilişim Sistemleri | 3381 - Muhasebe-Finansman | 5123 - Muhasebe ve Finansal Yönetim / Muhasebe ve Finans Yönetimi | 8207 - İş İdaresi | 8208 - İş İdaresi ve İktisat | 8296 - Yönetim ve Organizasyon | 8334 - Pazarlama | 7225 - Güvenlik Tahkikatının Olumlu Sonuçlanması.;b76a266f-7956-e711-80d3-a0369f7d149c
2017;1;390947441;Yenişehir (Diyarbakır) Belediye Başkanlığı;Zabıta Memuru;Diyarbakır;Lisans;39;;86.479;88.329;"4001;6199;7225;7300";4001 - Herhangi bir lisans programından mezun olmak. | 6199 - Yerleştirme işlemlerinin ilk günü itibariyle 30 yaşını doldurmamış olmak | 7225 - Güvenlik Tahkikatının Olumlu Sonuçlanması. | 7300 - Bu kadro/pozisyonda vardiya sistemi uygulanmaktadır.;c06a266f-7956-e711-80d3-a0369f7d149c
2017;1;390796259;Tapu ve Kadastro Genel Müdürlüğü;Mühendis;Çankırı;Lisans;1;;86.464;86.464;"4689;3233;4298;8324;9034;7225";4689 - Aşağıdaki lisans programlarından birinden mezun olmak. | 3233 - Jeodezi ve Fotogrametri Mühendisliği | 4298 - Jeodezi ve Haritacılık | 8324 - Harita Mühendisliği | 9034 - Geomatik Mühendisliği | 7225 - Güvenlik Tahkikatının Olumlu Sonuçlanması.;7f6a266f-7956-e711-80d3-a0369f7d149c
2017;1;390466019;Sosyal Güvenlik Kurumu Başkanlığı;Memur;Ordu;Lisans;1;;86.448;86.448;"4421;3159;3213;5131;8208;4431;3226;3361;3381;5123;8207;8208;8296;8334;4459;3254;4322;8225;4469;3306;5127;4503;3237;3313;3314;4507;3313;3315;3352;3353;5116;5142;7225";4421 - Aşağıdaki lisans programlarından birinden mezun olmak. | 3159 - Ekonomi | 3213 - İktisat | 5131 - Uluslararası Ticaret ve Finansman | 8208 - İş İdaresi ve İktisat | 4431 - Aşağıdaki lisans programlarından birinden mezun olmak. | 3226 - İşletme / İşletmecilik | 3361 - Yönetim Bilişim Sistemleri | 3381 - Muhasebe-Finansman | 5123 - Muhasebe ve Finansal Yönetim / Muhasebe ve Finans Yönetimi | 8207 - İş İdaresi | 8208 - İş İdaresi ve İktisat | 8296 - Yönetim ve Organizasyon | 8334 - Pazarlama | 4459 - Aşağıdaki lisans programlarından birinden mezun olmak. | 3254 - Maliye | 4322 - Muhasebe ve Maliye | 8225 - Maliye-Muhasebe | 4469 - Aşağıdaki lisans programlarından birinden mezun olmak. | 3306 - Sigortacılık | 5127 - Sigortacılık ve Risk Yönetimi | 4503 - Aşağıdaki lisans programlarından birinden mezun olmak. | 3237 - Kamu Yönetimi | 3313 - Siyaset Bilimi | 3314 - Siyaset Bilimi ve Kamu Yönetimi | 4507 - Aşağıdaki lisans programlarından birinden mezun olmak. | 3313 - Siyaset Bilimi | 3315 - Siyaset Bilimi ve Uluslararası İlişkiler | 3352 - Uluslararası İlişkiler | 3353 - Uluslararası İlişkiler ve Avrupa Birliği | 5116 - Küresel ve Uluslararası İlişkiler / Küresel Siyaset ve Uluslararası İlişkiler | 5142 - Toplumsal ve Siyasal Bilimler | 7225 - Güvenlik Tahkikatının Olumlu Sonuçlanması.;7d6c266f-7956-e711-80d3-a0369f7d149c
2017;1;391175233;Makina ve Kimya Endüstrisi Kurumu Genel Müdürlüğü;Memur;Kırıkkale;Lisans;1;;86.436;86.436;"4503;3237;3313;3314;7225";4503 - Aşağıdaki lisans programlarından birinden mezun olmak. | 3237 - Kamu Yönetimi | 3313 - Siyaset Bilimi | 3314 - Siyaset Bilimi ve Kamu Yönetimi | 7225 - Güvenlik Tahkikatının Olumlu Sonuçlanması.;bb6d266f-7956-e711-80d3-a0369f7d149c
2017;1;391175161;Makina ve Kimya Endüstrisi Kurumu Genel Müdürlüğü;Memur;Ankara;Lisans;2;;86.418;87.16;"4429;3141;8312;7225";4429 - Aşağıdaki lisans programlarından birinden mezun olmak. | 3141 - Çalışma Ekonomisi ve Endüstri İlişkileri | 8312 - Çalışma Ekonomisi | 7225 - Güvenlik Tahkikatının Olumlu Sonuçlanması.;f169266f-7956-e711-80d3-a0369f7d149c
2017;1;390942899;Adilcevaz Belediye Başkanlığı;Mühendis;Bitlis;Lisans;1;;86.41;86.41;"4669;3221;7225;7257";4669 - Aşağıdaki lisans programlarından birinden mezun olmak. | 3221 - İnşaat Mühendisliği | 7225 - Güvenlik Tahkikatının Olumlu Sonuçlanması. | 7257 - Seyahate ve Arazide Çalışmaya Elverişli olmak.;496a266f-7956-e711-80d3-a0369f7d149c
2017;1;390942977;Ağrı Belediye Başkanlığı;Mühendis;Ağrı;Lisans;2;;86.41;87.224;"4669;3221;7225";4669 - Aşağıdaki lisans programlarından birinden mezun olmak. | 3221 - İnşaat Mühendisliği | 7225 - Güvenlik Tahkikatının Olumlu Sonuçlanması.;6369266f-7956-e711-80d3-a0369f7d149c
2017;1;391073643;Çay İşletmeleri Genel Müdürlüğü;Memur;Trabzon;Lisans;1;;86.41;86.41;"4421;3159;3213;5131;8208;4426;6229;4431;3226;3361;3381;5123;8207;8208;8296;8334;7225";4421 - Aşağıdaki lisans programlarından birinden mezun olmak. | 3159 - Ekonomi | 3213 - İktisat | 5131 - Uluslararası Ticaret ve Finansman | 8208 - İş İdaresi ve İktisat | 4426 - Aşağıdaki lisans programlarından birinden mezun olmak. | 6229 - İşletme-Ekonomi / İşletme-İktisat | 4431 - Aşağıdaki lisans programlarından birinden mezun olmak. | 3226 - İşletme / İşletmecilik | 3361 - Yönetim Bilişim Sistemleri | 3381 - Muhasebe-Finansman | 5123 - Muhasebe ve Finansal Yönetim / Muhasebe ve Finans Yönetimi | 8207 - İş İdaresi | 8208 - İş İdaresi ve İktisat | 8296 - Yönetim ve Organizasyon | 8334 - Pazarlama | 7225 - Güvenlik Tahkikatının Olumlu Sonuçlanması.;126d266f-7956-e711-80d3-a0369f7d149c
2017;1;391083919;Devlet Hava Meydanları İşletmesi Genel Müdürlüğü;Memur;Erzincan;Lisans;1;;86.372;86.372;"4493;3312;7225";4493 - Aşağıdaki lisans programlarından birinden mezun olmak. | 3312 - Sivil Hava Ulaştırma İşletmeciliği | 7225 - Güvenlik Tahkikatının Olumlu Sonuçlanması.;da6a266f-7956-e711-80d3-a0369f7d149c
2017;1;390465671;Sosyal Güvenlik Kurumu Başkanlığı;İcra Memuru;Ankara;Lisans;3;;86.348;86.658;"4419;3209;4421;3159;3213;5131;8208;4427;3158;4429;3141;8312;4431;3226;3361;3381;5123;8207;8208;8296;8334;4459;3254;4322;8225;4503;3237;3313;3314;6199;7225;7315";4419 - Aşağıdaki lisans programlarından birinden mezun olmak. | 3209 - Hukuk | 4421 - Aşağıdaki lisans programlarından birinden mezun olmak. | 3159 - Ekonomi | 3213 - İktisat | 5131 - Uluslararası Ticaret ve Finansman | 8208 - İş İdaresi ve İktisat | 4427 - Aşağıdaki lisans programlarından birinden mezun olmak. | 3158 - Ekonometri | 4429 - Aşağıdaki lisans programlarından birinden mezun olmak. | 3141 - Çalışma Ekonomisi ve Endüstri İlişkileri | 8312 - Çalışma Ekonomisi | 4431 - Aşağıdaki lisans programlarından birinden mezun olmak. | 3226 - İşletme / İşletmecilik | 3361 - Yönetim Bilişim Sistemleri | 3381 - Muhasebe-Finansman | 5123 - Muhasebe ve Finansal Yönetim / Muhasebe ve Finans Yönetimi | 8207 - İş İdaresi | 8208 - İş İdaresi ve İktisat | 8296 - Yönetim ve Organizasyon | 8334 - Pazarlama | 4459 - Aşağıdaki lisans programlarından birinden mezun olmak. | 3254 - Maliye | 4322 - Muhasebe ve Maliye | 8225 - Maliye-Muhasebe | 4503 - Aşağıdaki lisans programlarından birinden mezun olmak. | 3237 - Kamu Yönetimi | 3313 - Siyaset Bilimi | 3314 - Siyaset Bilimi ve Kamu Yönetimi | 6199 - Yerleştirme işlemlerinin ilk günü itibariyle 30 yaşını doldurmamış olmak | 7225 - Güvenlik Tahkikatının Olumlu Sonuçlanması. | 7315 - (Bakınız Başvurma Özel Şartları Bölümü İcra Memuru);7c69266f-7956-e711-80d3-a0369f7d149c
2017;1;390597087;Türkiye İstatistik Kurumu Başkanlığı;Veri Hazırlama ve Kontrol İşletmeni;Kars;Lisans;2;;86.332;86.581;"4431;3226;3361;3381;5123;8207;8208;8296;8334;6225;7225";4431 - Aşağıdaki lisans programlarından birinden mezun olmak. | 3226 - İşletme / İşletmecilik | 3361 - Yönetim Bilişim Sistemleri | 3381 - Muhasebe-Finansman | 5123 - Muhasebe ve Finansal Yönetim / Muhasebe ve Finans Yönetimi | 8207 - İş İdaresi | 8208 - İş İdaresi ve İktisat | 8296 - Yönetim ve Organizasyon | 8334 - Pazarlama | 6225 - M.E.B.'Dan Onaylı Bilgisayar İşletmeni Sertifikası Sahibi olmak. | 7225 - Güvenlik Tahkikatının Olumlu Sonuçlanması.;d26b266f-7956-e711-80d3-a0369f7d149c
2017;1;391175203;Makina ve Kimya Endüstrisi Kurumu Genel Müdürlüğü;Memur;Çankırı;Lisans;1;;86.326;86.326;"4503;3237;3313;3314;7225";4503 - Aşağıdaki lisans programlarından birinden mezun olmak. | 3237 - Kamu Yönetimi | 3313 - Siyaset Bilimi | 3314 - Siyaset Bilimi ve Kamu Yönetimi | 7225 - Güvenlik Tahkikatının Olumlu Sonuçlanması.;886a266f-7956-e711-80d3-a0369f7d149c
2017;1;390465875;Sosyal Güvenlik Kurumu Başkanlığı;Memur;İstanbul;Lisans;2;;86.317;86.968;"4421;3159;3213;5131;8208;4431;3226;3361;3381;5123;8207;8208;8296;8334;4459;3254;4322;8225;4469;3306;5127;4503;3237;3313;3314;4507;3313;3315;3352;3353;5116;5142;7225";4421 - Aşağıdaki lisans programlarından birinden mezun olmak. | 3159 - Ekonomi | 3213 - İktisat | 5131 - Uluslararası Ticaret ve Finansman | 8208 - İş İdaresi ve İktisat | 4431 - Aşağıdaki lisans programlarından birinden mezun olmak. | 3226 - İşletme / İşletmecilik | 3361 - Yönetim Bilişim Sistemleri | 3381 - Muhasebe-Finansman | 5123 - Muhasebe ve Finansal Yönetim / Muhasebe ve Finans Yönetimi | 8207 - İş İdaresi | 8208 - İş İdaresi ve İktisat | 8296 - Yönetim ve Organizasyon | 8334 - Pazarlama | 4459 - Aşağıdaki lisans programlarından birinden mezun olmak. | 3254 - Maliye | 4322 - Muhasebe ve Maliye | 8225 - Maliye-Muhasebe | 4469 - Aşağıdaki lisans programlarından birinden mezun olmak. | 3306 - Sigortacılık | 5127 - Sigortacılık ve Risk Yönetimi | 4503 - Aşağıdaki lisans programlarından birinden mezun olmak. | 3237 - Kamu Yönetimi | 3313 - Siyaset Bilimi | 3314 - Siyaset Bilimi ve Kamu Yönetimi | 4507 - Aşağıdaki lisans programlarından birinden mezun olmak. | 3313 - Siyaset Bilimi | 3315 - Siyaset Bilimi ve Uluslararası İlişkiler | 3352 - Uluslararası İlişkiler | 3353 - Uluslararası İlişkiler ve Avrupa Birliği | 5116 - Küresel ve Uluslararası İlişkiler / Küresel Siyaset ve Uluslararası İlişkiler | 5142 - Toplumsal ve Siyasal Bilimler | 7225 - Güvenlik Tahkikatının Olumlu Sonuçlanması.;a16b266f-7956-e711-80d3-a0369f7d149c
2017;1;310584873;İzmir Yüksek Teknoloji Enstitüsü;Memur;İzmir;Lisans;2;;86.302;86.79;"4426;6229;4502;8328;9318;4503;3237;3313;3314;7225";4426 - Aşağıdaki lisans programlarından birinden mezun olmak. | 6229 - İşletme-Ekonomi / İşletme-İktisat | 4502 - Aşağıdaki lisans programlarından birinden mezun olmak. | 8328 - İnsan Kaynakları Yönetimi | 9318 - İnsan Kaynakları | 4503 - Aşağıdaki lisans programlarından birinden mezun olmak. | 3237 - Kamu Yönetimi | 3313 - Siyaset Bilimi | 3314 - Siyaset Bilimi ve Kamu Yönetimi | 7225 - Güvenlik Tahkikatının Olumlu Sonuçlanması.;b16b266f-7956-e711-80d3-a0369f7d149c
2017;1;390465905;Sosyal Güvenlik Kurumu Başkanlığı;Memur;İstanbul;Lisans;2;;86.293;87.183;"4421;3159;3213;5131;8208;4431;3226;3361;3381;5123;8207;8208;8296;8334;4459;3254;4322;8225;4469;3306;5127;4503;3237;3313;3314;4507;3313;3315;3352;3353;5116;5142;7225";4421 - Aşağıdaki lisans programlarından birinden mezun olmak. | 3159 - Ekonomi | 3213 - İktisat | 5131 - Uluslararası Ticaret ve Finansman | 8208 - İş İdaresi ve İktisat | 4431 - Aşağıdaki lisans programlarından birinden mezun olmak. | 3226 - İşletme / İşletmecilik | 3361 - Yönetim Bilişim Sistemleri | 3381 - Muhasebe-Finansman | 5123 - Muhasebe ve Finansal Yönetim / Muhasebe ve Finans Yönetimi | 8207 - İş İdaresi | 8208 - İş İdaresi ve İktisat | 8296 - Yönetim ve Organizasyon | 8334 - Pazarlama | 4459 - Aşağıdaki lisans programlarından birinden mezun olmak. | 3254 - Maliye | 4322 - Muhasebe ve Maliye | 8225 - Maliye-Muhasebe | 4469 - Aşağıdaki lisans programlarından birinden mezun olmak. | 3306 - Sigortacılık | 5127 - Sigortacılık ve Risk Yönetimi | 4503 - Aşağıdaki lisans programlarından birinden mezun olmak. | 3237 - Kamu Yönetimi | 3313 - Siyaset Bilimi | 3314 - Siyaset Bilimi ve Kamu Yönetimi | 4507 - Aşağıdaki lisans programlarından birinden mezun olmak. | 3313 - Siyaset Bilimi | 3315 - Siyaset Bilimi ve Uluslararası İlişkiler | 3352 - Uluslararası İlişkiler | 3353 - Uluslararası İlişkiler ve Avrupa Birliği | 5116 - Küresel ve Uluslararası İlişkiler / Küresel Siyaset ve Uluslararası İlişkiler | 5142 - Toplumsal ve Siyasal Bilimler | 7225 - Güvenlik Tahkikatının Olumlu Sonuçlanması.;a66b266f-7956-e711-80d3-a0369f7d149c
2017;1;390465845;Sosyal Güvenlik Kurumu Başkanlığı;Memur;İstanbul;Lisans;3;;86.288;86.379;"4421;3159;3213;5131;8208;4431;3226;3361;3381;5123;8207;8208;8296;8334;4459;3254;4322;8225;4469;3306;5127;4503;3237;3313;3314;4507;3313;3315;3352;3353;5116;5142;7225";4421 - Aşağıdaki lisans programlarından birinden mezun olmak. | 3159 - Ekonomi | 3213 - İktisat | 5131 - Uluslararası Ticaret ve Finansman | 8208 - İş İdaresi ve İktisat | 4431 - Aşağıdaki lisans programlarından birinden mezun olmak. | 3226 - İşletme / İşletmecilik | 3361 - Yönetim Bilişim Sistemleri | 3381 - Muhasebe-Finansman | 5123 - Muhasebe ve Finansal Yönetim / Muhasebe ve Finans Yönetimi | 8207 - İş İdaresi | 8208 - İş İdaresi ve İktisat | 8296 - Yönetim ve Organizasyon | 8334 - Pazarlama | 4459 - Aşağıdaki lisans programlarından birinden mezun olmak. | 3254 - Maliye | 4322 - Muhasebe ve Maliye | 8225 - Maliye-Muhasebe | 4469 - Aşağıdaki lisans programlarından birinden mezun olmak. | 3306 - Sigortacılık | 5127 - Sigortacılık ve Risk Yönetimi | 4503 - Aşağıdaki lisans programlarından birinden mezun olmak. | 3237 - Kamu Yönetimi | 3313 - Siyaset Bilimi | 3314 - Siyaset Bilimi ve Kamu Yönetimi | 4507 - Aşağıdaki lisans programlarından birinden mezun olmak. | 3313 - Siyaset Bilimi | 3315 - Siyaset Bilimi ve Uluslararası İlişkiler | 3352 - Uluslararası İlişkiler | 3353 - Uluslararası İlişkiler ve Avrupa Birliği | 5116 - Küresel ve Uluslararası İlişkiler / Küresel Siyaset ve Uluslararası İlişkiler | 5142 - Toplumsal ve Siyasal Bilimler | 7225 - Güvenlik Tahkikatının Olumlu Sonuçlanması.;9c6b266f-7956-e711-80d3-a0369f7d149c
2017;1;310183193;Bayburt Üniversitesi;Veri Hazırlama ve Kontrol İşletmeni;Bayburt;Lisans;2;;86.254;87.16;"4421;3159;3213;5131;8208;4427;3158;4431;3226;3361;3381;5123;8207;8208;8296;8334;4459;3254;4322;8225;4503;3237;3313;3314;6225;7225";4421 - Aşağıdaki lisans programlarından birinden mezun olmak. | 3159 - Ekonomi | 3213 - İktisat | 5131 - Uluslararası Ticaret ve Finansman | 8208 - İş İdaresi ve İktisat | 4427 - Aşağıdaki lisans programlarından birinden mezun olmak. | 3158 - Ekonometri | 4431 - Aşağıdaki lisans programlarından birinden mezun olmak. | 3226 - İşletme / İşletmecilik | 3361 - Yönetim Bilişim Sistemleri | 3381 - Muhasebe-Finansman | 5123 - Muhasebe ve Finansal Yönetim / Muhasebe ve Finans Yönetimi | 8207 - İş İdaresi | 8208 - İş İdaresi ve İktisat | 8296 - Yönetim ve Organizasyon | 8334 - Pazarlama | 4459 - Aşağıdaki lisans programlarından birinden mezun olmak. | 3254 - Maliye | 4322 - Muhasebe ve Maliye | 8225 - Maliye-Muhasebe | 4503 - Aşağıdaki lisans programlarından birinden mezun olmak. | 3237 - Kamu Yönetimi | 3313 - Siyaset Bilimi | 3314 - Siyaset Bilimi ve Kamu Yönetimi | 6225 - M.E.B.'Dan Onaylı Bilgisayar İşletmeni Sertifikası Sahibi olmak. | 7225 - Güvenlik Tahkikatının Olumlu Sonuçlanması.;9b6d266f-7956-e711-80d3-a0369f7d149c
2017;1;391094315;Devlet Malzeme Ofisi Genel Müdürlüğü;Programcı;Ankara;Lisans;1;;86.249;86.249;"4523;8229;4527;3256;3258;4395;6256;8228;8230;8277;7113;7219;7225;7273;7301";4523 - Aşağıdaki lisans programlarından birinden mezun olmak. | 8229 - Matematik ve İstatistik | 4527 - Aşağıdaki lisans programlarından birinden mezun olmak. | 3256 - Matematik ve Bilgisayar Bilimleri | 3258 - Matematik ve Bilgisayar / Matematik-Bilgisayar | 4395 - Uygulamalı Matematik | 6256 - Matematik | 8228 - Matematik ve İnformatik / Matematik-İnformatik | 8230 - Matematik-Bilgisayar Programcılığı | 8277 - Uygulamalı Matematik ve Bilgisayar | 7113 - Son 5 Yıl İçerisinde KPDS/YDS En Az D Seviyesinde İngilizce Bilmek. | 7219 - Client-Server Yada Büyük Sistemlerin İşletim Sistemlerinden En Az Birini Bildiğini Belgelemek. | 7225 - Güvenlik Tahkikatının Olumlu Sonuçlanması. | 7273 - SQL veya PL/SQL bildiğini belgelemek. | 7301 - (Bakınız Başvurma Özel Şartları Bölümü Programcı).;ee69266f-7956-e711-80d3-a0369f7d149c
2017;1;390943277;Beyşehir Belediye Başkanlığı;Mimar;Konya;Lisans;1;;86.226;86.226;"4747;3263;6915;7107;7225";4747 - Aşağıdaki lisans programlarından birinden mezun olmak. | 3263 - Mimarlık | 6915 - Son 5 Yıl İçerisinde KPDS/YDS A Seviyesinde Arapça Bilmek. | 7107 - Son 5 Yıl İçerisinde KPDS/YDS A Seviyesinde İngilizce Bilmek. | 7225 - Güvenlik Tahkikatının Olumlu Sonuçlanması.;196c266f-7956-e711-80d3-a0369f7d149c
2017;1;390597093;Türkiye İstatistik Kurumu Başkanlığı;Veri Hazırlama ve Kontrol İşletmeni;Malatya;Lisans;1;;86.201;86.201;"4431;3226;3361;3381;5123;8207;8208;8296;8334;6225;7225";4431 - Aşağıdaki lisans programlarından birinden mezun olmak. | 3226 - İşletme / İşletmecilik | 3361 - Yönetim Bilişim Sistemleri | 3381 - Muhasebe-Finansman | 5123 - Muhasebe ve Finansal Yönetim / Muhasebe ve Finans Yönetimi | 8207 - İş İdaresi | 8208 - İş İdaresi ve İktisat | 8296 - Yönetim ve Organizasyon | 8334 - Pazarlama | 6225 - M.E.B.'Dan Onaylı Bilgisayar İşletmeni Sertifikası Sahibi olmak. | 7225 - Güvenlik Tahkikatının Olumlu Sonuçlanması.;2e6c266f-7956-e711-80d3-a0369f7d149c
2017;1;390943247;Beşikdüzü Belediye Başkanlığı;Memur;Trabzon;Lisans;1;;86.194;86.194;"4431;3226;3361;3381;5123;8207;8208;8296;8334;7225";4431 - Aşağıdaki lisans programlarından birinden mezun olmak. | 3226 - İşletme / İşletmecilik | 3361 - Yönetim Bilişim Sistemleri | 3381 - Muhasebe-Finansman | 5123 - Muhasebe ve Finansal Yönetim / Muhasebe ve Finans Yönetimi | 8207 - İş İdaresi | 8208 - İş İdaresi ve İktisat | 8296 - Yönetim ve Organizasyon | 8334 - Pazarlama | 7225 - Güvenlik Tahkikatının Olumlu Sonuçlanması.;096d266f-7956-e711-80d3-a0369f7d149c
2017;1;390943295;Bismil Belediye Başkanlığı;Zabıta Memuru;Diyarbakır;Lisans;25;;86.185;88.377;"4001;6199;7225;7300";4001 - Herhangi bir lisans programından mezun olmak. | 6199 - Yerleştirme işlemlerinin ilk günü itibariyle 30 yaşını doldurmamış olmak | 7225 - Güvenlik Tahkikatının Olumlu Sonuçlanması. | 7300 - Bu kadro/pozisyonda vardiya sistemi uygulanmaktadır.;c26a266f-7956-e711-80d3-a0369f7d149c
2017;1;390465917;Sosyal Güvenlik Kurumu Başkanlığı;Memur;İstanbul;Lisans;3;;86.181;87.494;"4421;3159;3213;5131;8208;4431;3226;3361;3381;5123;8207;8208;8296;8334;4459;3254;4322;8225;4469;3306;5127;4503;3237;3313;3314;4507;3313;3315;3352;3353;5116;5142;7225";4421 - Aşağıdaki lisans programlarından birinden mezun olmak. | 3159 - Ekonomi | 3213 - İktisat | 5131 - Uluslararası Ticaret ve Finansman | 8208 - İş İdaresi ve İktisat | 4431 - Aşağıdaki lisans programlarından birinden mezun olmak. | 3226 - İşletme / İşletmecilik | 3361 - Yönetim Bilişim Sistemleri | 3381 - Muhasebe-Finansman | 5123 - Muhasebe ve Finansal Yönetim / Muhasebe ve Finans Yönetimi | 8207 - İş İdaresi | 8208 - İş İdaresi ve İktisat | 8296 - Yönetim ve Organizasyon | 8334 - Pazarlama | 4459 - Aşağıdaki lisans programlarından birinden mezun olmak. | 3254 - Maliye | 4322 - Muhasebe ve Maliye | 8225 - Maliye-Muhasebe | 4469 - Aşağıdaki lisans programlarından birinden mezun olmak. | 3306 - Sigortacılık | 5127 - Sigortacılık ve Risk Yönetimi | 4503 - Aşağıdaki lisans programlarından birinden mezun olmak. | 3237 - Kamu Yönetimi | 3313 - Siyaset Bilimi | 3314 - Siyaset Bilimi ve Kamu Yönetimi | 4507 - Aşağıdaki lisans programlarından birinden mezun olmak. | 3313 - Siyaset Bilimi | 3315 - Siyaset Bilimi ve Uluslararası İlişkiler | 3352 - Uluslararası İlişkiler | 3353 - Uluslararası İlişkiler ve Avrupa Birliği | 5116 - Küresel ve Uluslararası İlişkiler / Küresel Siyaset ve Uluslararası İlişkiler | 5142 - Toplumsal ve Siyasal Bilimler | 7225 - Güvenlik Tahkikatının Olumlu Sonuçlanması.;a86b266f-7956-e711-80d3-a0369f7d149c
2017;1;391083913;Devlet Hava Meydanları İşletmesi Genel Müdürlüğü;Memur;Diyarbakır;Lisans;1;;86.179;86.179;"4493;3312;7225";4493 - Aşağıdaki lisans programlarından birinden mezun olmak. | 3312 - Sivil Hava Ulaştırma İşletmeciliği | 7225 - Güvenlik Tahkikatının Olumlu Sonuçlanması.;b46a266f-7956-e711-80d3-a0369f7d149c
2017;1;390796283;Tapu ve Kadastro Genel Müdürlüğü;Mühendis;Elazığ;Lisans;2;;86.179;86.217;"4689;3233;4298;8324;9034;7225";4689 - Aşağıdaki lisans programlarından birinden mezun olmak. | 3233 - Jeodezi ve Fotogrametri Mühendisliği | 4298 - Jeodezi ve Haritacılık | 8324 - Harita Mühendisliği | 9034 - Geomatik Mühendisliği | 7225 - Güvenlik Tahkikatının Olumlu Sonuçlanması.;d66a266f-7956-e711-80d3-a0369f7d149c
2017;1;390947417;Yenişehir (Diyarbakır) Belediye Başkanlığı;Mühendis;Diyarbakır;Lisans;1;;86.17;86.17;"4845;3385;3386;4212;6131;8147;8158;9048;9269;7225";4845 - Aşağıdaki lisans programlarından birinden mezun olmak. | 3385 - Tarla Bitkileri | 3386 - Toprak | 4212 - Bahçe ve Tarla Bitkileri | 6131 - Bitkisel Üretim | 8147 - Bahçe Bitkileri | 8158 - Bitki Koruma | 9048 - Toprak Bilimi ve Bitki Besleme | 9269 - Bitkisel Üretim ve Teknolojileri | 7225 - Güvenlik Tahkikatının Olumlu Sonuçlanması.;bc6a266f-7956-e711-80d3-a0369f7d149c
2017;1;390597033;Türkiye İstatistik Kurumu Başkanlığı;İstatistikçi;Kars;Lisans;4;;86.148;86.742;"4524;3224;4525;3223;7225";4524 - Aşağıdaki lisans programlarından birinden mezun olmak. | 3224 - İstatistik ve Bilgisayar Bilimleri | 4525 - Aşağıdaki lisans programlarından birinden mezun olmak. | 3223 - İstatistik | 7225 - Güvenlik Tahkikatının Olumlu Sonuçlanması.;d16b266f-7956-e711-80d3-a0369f7d149c
2017;1;391203817;Devlet Demiryolları Taşımacılık A.Ş Genel Müdürlüğü;Memur;Malatya;Lisans;4;;86.147;86.527;"4421;3159;3213;5131;8208;4431;3226;3361;3381;5123;8207;8208;8296;8334;4503;3237;3313;3314;7225";4421 - Aşağıdaki lisans programlarından birinden mezun olmak. | 3159 - Ekonomi | 3213 - İktisat | 5131 - Uluslararası Ticaret ve Finansman | 8208 - İş İdaresi ve İktisat | 4431 - Aşağıdaki lisans programlarından birinden mezun olmak. | 3226 - İşletme / İşletmecilik | 3361 - Yönetim Bilişim Sistemleri | 3381 - Muhasebe-Finansman | 5123 - Muhasebe ve Finansal Yönetim / Muhasebe ve Finans Yönetimi | 8207 - İş İdaresi | 8208 - İş İdaresi ve İktisat | 8296 - Yönetim ve Organizasyon | 8334 - Pazarlama | 4503 - Aşağıdaki lisans programlarından birinden mezun olmak. | 3237 - Kamu Yönetimi | 3313 - Siyaset Bilimi | 3314 - Siyaset Bilimi ve Kamu Yönetimi | 7225 - Güvenlik Tahkikatının Olumlu Sonuçlanması.;2b6c266f-7956-e711-80d3-a0369f7d149c
2017;1;391073631;Çay İşletmeleri Genel Müdürlüğü;Memur;Trabzon;Lisans;1;;86.14;86.14;"4421;3159;3213;5131;8208;4426;6229;4431;3226;3361;3381;5123;8207;8208;8296;8334;7225";4421 - Aşağıdaki lisans programlarından birinden mezun olmak. | 3159 - Ekonomi | 3213 - İktisat | 5131 - Uluslararası Ticaret ve Finansman | 8208 - İş İdaresi ve İktisat | 4426 - Aşağıdaki lisans programlarından birinden mezun olmak. | 6229 - İşletme-Ekonomi / İşletme-İktisat | 4431 - Aşağıdaki lisans programlarından birinden mezun olmak. | 3226 - İşletme / İşletmecilik | 3361 - Yönetim Bilişim Sistemleri | 3381 - Muhasebe-Finansman | 5123 - Muhasebe ve Finansal Yönetim / Muhasebe ve Finans Yönetimi | 8207 - İş İdaresi | 8208 - İş İdaresi ve İktisat | 8296 - Yönetim ve Organizasyon | 8334 - Pazarlama | 7225 - Güvenlik Tahkikatının Olumlu Sonuçlanması.;106d266f-7956-e711-80d3-a0369f7d149c
2017;1;390465851;Sosyal Güvenlik Kurumu Başkanlığı;Memur;İstanbul;Lisans;2;;86.14;86.232;"4421;3159;3213;5131;8208;4431;3226;3361;3381;5123;8207;8208;8296;8334;4459;3254;4322;8225;4469;3306;5127;4503;3237;3313;3314;4507;3313;3315;3352;3353;5116;5142;7225";4421 - Aşağıdaki lisans programlarından birinden mezun olmak. | 3159 - Ekonomi | 3213 - İktisat | 5131 - Uluslararası Ticaret ve Finansman | 8208 - İş İdaresi ve İktisat | 4431 - Aşağıdaki lisans programlarından birinden mezun olmak. | 3226 - İşletme / İşletmecilik | 3361 - Yönetim Bilişim Sistemleri | 3381 - Muhasebe-Finansman | 5123 - Muhasebe ve Finansal Yönetim / Muhasebe ve Finans Yönetimi | 8207 - İş İdaresi | 8208 - İş İdaresi ve İktisat | 8296 - Yönetim ve Organizasyon | 8334 - Pazarlama | 4459 - Aşağıdaki lisans programlarından birinden mezun olmak. | 3254 - Maliye | 4322 - Muhasebe ve Maliye | 8225 - Maliye-Muhasebe | 4469 - Aşağıdaki lisans programlarından birinden mezun olmak. | 3306 - Sigortacılık | 5127 - Sigortacılık ve Risk Yönetimi | 4503 - Aşağıdaki lisans programlarından birinden mezun olmak. | 3237 - Kamu Yönetimi | 3313 - Siyaset Bilimi | 3314 - Siyaset Bilimi ve Kamu Yönetimi | 4507 - Aşağıdaki lisans programlarından birinden mezun olmak. | 3313 - Siyaset Bilimi | 3315 - Siyaset Bilimi ve Uluslararası İlişkiler | 3352 - Uluslararası İlişkiler | 3353 - Uluslararası İlişkiler ve Avrupa Birliği | 5116 - Küresel ve Uluslararası İlişkiler / Küresel Siyaset ve Uluslararası İlişkiler | 5142 - Toplumsal ve Siyasal Bilimler | 7225 - Güvenlik Tahkikatının Olumlu Sonuçlanması.;9d6b266f-7956-e711-80d3-a0369f7d149c
2017;1;390597099;Türkiye İstatistik Kurumu Başkanlığı;Veri Hazırlama ve Kontrol İşletmeni;Zonguldak;Lisans;1;;86.132;86.132;"4431;3226;3361;3381;5123;8207;8208;8296;8334;6225;7225";4431 - Aşağıdaki lisans programlarından birinden mezun olmak. | 3226 - İşletme / İşletmecilik | 3361 - Yönetim Bilişim Sistemleri | 3381 - Muhasebe-Finansman | 5123 - Muhasebe ve Finansal Yönetim / Muhasebe ve Finans Yönetimi | 8207 - İş İdaresi | 8208 - İş İdaresi ve İktisat | 8296 - Yönetim ve Organizasyon | 8334 - Pazarlama | 6225 - M.E.B.'Dan Onaylı Bilgisayar İşletmeni Sertifikası Sahibi olmak. | 7225 - Güvenlik Tahkikatının Olumlu Sonuçlanması.;7d6d266f-7956-e711-80d3-a0369f7d149c
2017;1;390943409;Cizre Belediye Başkanlığı;Zabıta Memuru;Şırnak;Lisans;5;;86.117;86.743;"4001;6199;7225";4001 - Herhangi bir lisans programından mezun olmak. | 6199 - Yerleştirme işlemlerinin ilk günü itibariyle 30 yaşını doldurmamış olmak | 7225 - Güvenlik Tahkikatının Olumlu Sonuçlanması.;da6d266f-7956-e711-80d3-a0369f7d149c
2017;1;390943049;Ahmetli (Manisa) Belediye Başkanlığı;Memur;Manisa;Lisans;1;;86.108;86.108;"4459;3254;4322;8225;7225";4459 - Aşağıdaki lisans programlarından birinden mezun olmak. | 3254 - Maliye | 4322 - Muhasebe ve Maliye | 8225 - Maliye-Muhasebe | 7225 - Güvenlik Tahkikatının Olumlu Sonuçlanması.;396c266f-7956-e711-80d3-a0369f7d149c
2017;1;390465863;Sosyal Güvenlik Kurumu Başkanlığı;Memur;İstanbul;Lisans;1;;86.087;86.087;"4421;3159;3213;5131;8208;4431;3226;3361;3381;5123;8207;8208;8296;8334;4459;3254;4322;8225;4469;3306;5127;4503;3237;3313;3314;4507;3313;3315;3352;3353;5116;5142;7225";4421 - Aşağıdaki lisans programlarından birinden mezun olmak. | 3159 - Ekonomi | 3213 - İktisat | 5131 - Uluslararası Ticaret ve Finansman | 8208 - İş İdaresi ve İktisat | 4431 - Aşağıdaki lisans programlarından birinden mezun olmak. | 3226 - İşletme / İşletmecilik | 3361 - Yönetim Bilişim Sistemleri | 3381 - Muhasebe-Finansman | 5123 - Muhasebe ve Finansal Yönetim / Muhasebe ve Finans Yönetimi | 8207 - İş İdaresi | 8208 - İş İdaresi ve İktisat | 8296 - Yönetim ve Organizasyon | 8334 - Pazarlama | 4459 - Aşağıdaki lisans programlarından birinden mezun olmak. | 3254 - Maliye | 4322 - Muhasebe ve Maliye | 8225 - Maliye-Muhasebe | 4469 - Aşağıdaki lisans programlarından birinden mezun olmak. | 3306 - Sigortacılık | 5127 - Sigortacılık ve Risk Yönetimi | 4503 - Aşağıdaki lisans programlarından birinden mezun olmak. | 3237 - Kamu Yönetimi | 3313 - Siyaset Bilimi | 3314 - Siyaset Bilimi ve Kamu Yönetimi | 4507 - Aşağıdaki lisans programlarından birinden mezun olmak. | 3313 - Siyaset Bilimi | 3315 - Siyaset Bilimi ve Uluslararası İlişkiler | 3352 - Uluslararası İlişkiler | 3353 - Uluslararası İlişkiler ve Avrupa Birliği | 5116 - Küresel ve Uluslararası İlişkiler / Küresel Siyaset ve Uluslararası İlişkiler | 5142 - Toplumsal ve Siyasal Bilimler | 7225 - Güvenlik Tahkikatının Olumlu Sonuçlanması.;9f6b266f-7956-e711-80d3-a0369f7d149c
2017;1;391175179;Makina ve Kimya Endüstrisi Kurumu Genel Müdürlüğü;Memur;Ankara;Lisans;5;;86.086;87.231;"4431;3226;3361;3381;5123;8207;8208;8296;8334;7225";4431 - Aşağıdaki lisans programlarından birinden mezun olmak. | 3226 - İşletme / İşletmecilik | 3361 - Yönetim Bilişim Sistemleri | 3381 - Muhasebe-Finansman | 5123 - Muhasebe ve Finansal Yönetim / Muhasebe ve Finans Yönetimi | 8207 - İş İdaresi | 8208 - İş İdaresi ve İktisat | 8296 - Yönetim ve Organizasyon | 8334 - Pazarlama | 7225 - Güvenlik Tahkikatının Olumlu Sonuçlanması.;f469266f-7956-e711-80d3-a0369f7d149c
2017;1;390943493;Çamlıbel (Tokat) Belediye Başkanlığı;Memur;Tokat;Lisans;1;;86.078;86.078;"4403;3196;5110;4418;9319;4421;3159;3213;5131;8208;4424;9221;4432;9262;4459;3254;4322;8225;7225";4403 - Aşağıdaki lisans programlarından birinden mezun olmak. | 3196 - Halk Bilimi (Folklor) / Halkbilimi (Folklor) | 5110 - Halk Bilim / Halkbilim | 4418 - Aşağıdaki lisans programlarından birinden mezun olmak. | 9319 - İktisadi ve İdari Bilimler Programları | 4421 - Aşağıdaki lisans programlarından birinden mezun olmak. | 3159 - Ekonomi | 3213 - İktisat | 5131 - Uluslararası Ticaret ve Finansman | 8208 - İş İdaresi ve İktisat | 4424 - Aşağıdaki lisans programlarından birinden mezun olmak. | 9221 - Ekonomi ve İdari Bilimler / Ekonomi ve İdari Bilimler Programları | 4432 - Aşağıdaki lisans programlarından birinden mezun olmak. | 9262 - Finans ve Muhasebe | 4459 - Aşağıdaki lisans programlarından birinden mezun olmak. | 3254 - Maliye | 4322 - Muhasebe ve Maliye | 8225 - Maliye-Muhasebe | 7225 - Güvenlik Tahkikatının Olumlu Sonuçlanması.;f96c266f-7956-e711-80d3-a0369f7d149c
2017;1;399994621;Et ve Süt Kurumu Genel Müdürlüğü;Memur;Sivas;Lisans;3;;86.078;88.701;"4502;8328;9318;4503;3237;3313;3314;7225";4502 - Aşağıdaki lisans programlarından birinden mezun olmak. | 8328 - İnsan Kaynakları Yönetimi | 9318 - İnsan Kaynakları | 4503 - Aşağıdaki lisans programlarından birinden mezun olmak. | 3237 - Kamu Yönetimi | 3313 - Siyaset Bilimi | 3314 - Siyaset Bilimi ve Kamu Yönetimi | 7225 - Güvenlik Tahkikatının Olumlu Sonuçlanması.;df6c266f-7956-e711-80d3-a0369f7d149c
2017;1;399994639;Et ve Süt Kurumu Genel Müdürlüğü;Memur;Yozgat;Lisans;2;;86.078;86.92;"4418;9319;4420;9140;4421;3159;3213;5131;8208;4426;6229;4431;3226;3361;3381;5123;8207;8208;8296;8334;4432;9262;4502;8328;9318;7225";4418 - Aşağıdaki lisans programlarından birinden mezun olmak. | 9319 - İktisadi ve İdari Bilimler Programları | 4420 - Aşağıdaki lisans programlarından birinden mezun olmak. | 9140 - İktisadi Programlar | 4421 - Aşağıdaki lisans programlarından birinden mezun olmak. | 3159 - Ekonomi | 3213 - İktisat | 5131 - Uluslararası Ticaret ve Finansman | 8208 - İş İdaresi ve İktisat | 4426 - Aşağıdaki lisans programlarından birinden mezun olmak. | 6229 - İşletme-Ekonomi / İşletme-İktisat | 4431 - Aşağıdaki lisans programlarından birinden mezun olmak. | 3226 - İşletme / İşletmecilik | 3361 - Yönetim Bilişim Sistemleri | 3381 - Muhasebe-Finansman | 5123 - Muhasebe ve Finansal Yönetim / Muhasebe ve Finans Yönetimi | 8207 - İş İdaresi | 8208 - İş İdaresi ve İktisat | 8296 - Yönetim ve Organizasyon | 8334 - Pazarlama | 4432 - Aşağıdaki lisans programlarından birinden mezun olmak. | 9262 - Finans ve Muhasebe | 4502 - Aşağıdaki lisans programlarından birinden mezun olmak. | 8328 - İnsan Kaynakları Yönetimi | 9318 - İnsan Kaynakları | 7225 - Güvenlik Tahkikatının Olumlu Sonuçlanması.;726d266f-7956-e711-80d3-a0369f7d149c
2017;1;391276793;Türkiye Elektrik İletim.A.Ş.Gen.Md.;Mühendis;Erzurum;Lisans;1;;86.069;86.069;"4611;3160;3162;7109;7225;7257;7300";4611 - Aşağıdaki lisans programlarından birinden mezun olmak. | 3160 - Elektrik Mühendisliği | 3162 - Elektrik ve Elektronik Mühendisliği / Elektrik-Elektronik Mühendisliği | 7109 - Son 5 Yıl İçerisinde KPDS/YDS En Az B Seviyesinde İngilizce Bilmek. | 7225 - Güvenlik Tahkikatının Olumlu Sonuçlanması. | 7257 - Seyahate ve Arazide Çalışmaya Elverişli olmak. | 7300 - Bu kadro/pozisyonda vardiya sistemi uygulanmaktadır.;ee6a266f-7956-e711-80d3-a0369f7d149c
2017;1;390944801;Haliliye Belediye Başkanlığı;Peyzaj Mimarı;Şanlıurfa;Lisans;1;;86.068;86.068;"4759;3282;3283;6283;9368;7111;7225;7257";4759 - Aşağıdaki lisans programlarından birinden mezun olmak. | 3282 - Peyzaj Mimarisi ve Kentsel Tasarım | 3283 - Kentsel Tasarım ve Peyzaj Mimarisi / Kentsel Tasarım ve Peyzaj Mimarlığı | 6283 - Peyzaj Mimarlığı | 9368 - Peyzaj Mimarlığı ve Kentsel Tasarım | 7111 - Son 5 Yıl İçerisinde KPDS/YDS En Az C Seviyesinde İngilizce Bilmek. | 7225 - Güvenlik Tahkikatının Olumlu Sonuçlanması. | 7257 - Seyahate ve Arazide Çalışmaya Elverişli olmak.;4b6d266f-7956-e711-80d3-a0369f7d149c
2017;1;310936151;Şırnak Üniversitesi;Bilgisayar İşletmeni;Şırnak;Lisans;1;;86.038;86.038;"4421;3159;3213;5131;8208;4426;6229;4431;3226;3361;3381;5123;8207;8208;8296;8334;4434;4294;4437;3227;4439;8210;4458;9308;4459;3254;4322;8225;4472;9123;4478;3356;4390;8275;9108;4481;4391;4503;3237;3313;3314;6225;7225";4421 - Aşağıdaki lisans programlarından birinden mezun olmak. | 3159 - Ekonomi | 3213 - İktisat | 5131 - Uluslararası Ticaret ve Finansman | 8208 - İş İdaresi ve İktisat | 4426 - Aşağıdaki lisans programlarından birinden mezun olmak. | 6229 - İşletme-Ekonomi / İşletme-İktisat | 4431 - Aşağıdaki lisans programlarından birinden mezun olmak. | 3226 - İşletme / İşletmecilik | 3361 - Yönetim Bilişim Sistemleri | 3381 - Muhasebe-Finansman | 5123 - Muhasebe ve Finansal Yönetim / Muhasebe ve Finans Yönetimi | 8207 - İş İdaresi | 8208 - İş İdaresi ve İktisat | 8296 - Yönetim ve Organizasyon | 8334 - Pazarlama | 4434 - Aşağıdaki lisans programlarından birinden mezun olmak. | 4294 - İşletme Ekonomisi | 4437 - Aşağıdaki lisans programlarından birinden mezun olmak. | 3227 - İşletme Bilgi Yönetimi | 4439 - Aşağıdaki lisans programlarından birinden mezun olmak. | 8210 - İşletme Enformatiği | 4458 - Aşağıdaki lisans programlarından birinden mezun olmak. | 9308 - İşletme-Muhasebe ve Denetim | 4459 - Aşağıdaki lisans programlarından birinden mezun olmak. | 3254 - Maliye | 4322 - Muhasebe ve Maliye | 8225 - Maliye-Muhasebe | 4472 - Aşağıdaki lisans programlarından birinden mezun olmak. | 9123 - Uluslararası, İktisat, İşletme Programları | 4478 - Aşağıdaki lisans programlarından birinden mezun olmak. | 3356 - Uluslararası Ticaret ve İşletmecilik | 4390 - Uluslararası İşletme | 8275 - Uluslararası İşletmecilik | 9108 - Uluslararası İşletmecilik ve Ticaret | 4481 - Aşağıdaki lisans programlarından birinden mezun olmak. | 4391 - Uluslararası İşletme Yönetimi | 4503 - Aşağıdaki lisans programlarından birinden mezun olmak. | 3237 - Kamu Yönetimi | 3313 - Siyaset Bilimi | 3314 - Siyaset Bilimi ve Kamu Yönetimi | 6225 - M.E.B.'Dan Onaylı Bilgisayar İşletmeni Sertifikası Sahibi olmak. | 7225 - Güvenlik Tahkikatının Olumlu Sonuçlanması.;d76d266f-7956-e711-80d3-a0369f7d149c
2017;1;390597045;Türkiye İstatistik Kurumu Başkanlığı;İstatistikçi;Siirt;Lisans;4;;86.031;86.147;"4524;3224;4525;3223;7225";4524 - Aşağıdaki lisans programlarından birinden mezun olmak. | 3224 - İstatistik ve Bilgisayar Bilimleri | 4525 - Aşağıdaki lisans programlarından birinden mezun olmak. | 3223 - İstatistik | 7225 - Güvenlik Tahkikatının Olumlu Sonuçlanması.;ca6c266f-7956-e711-80d3-a0369f7d149c
2017;1;390796475;Tapu ve Kadastro Genel Müdürlüğü;Mühendis;Zonguldak;Lisans;1;;86.016;86.016;"4689;3233;4298;8324;9034;7225";4689 - Aşağıdaki lisans programlarından birinden mezun olmak. | 3233 - Jeodezi ve Fotogrametri Mühendisliği | 4298 - Jeodezi ve Haritacılık | 8324 - Harita Mühendisliği | 9034 - Geomatik Mühendisliği | 7225 - Güvenlik Tahkikatının Olumlu Sonuçlanması.;816d266f-7956-e711-80d3-a0369f7d149c
2017;1;390684387;Devlet Su İşleri Genel Müdürlüğü;Memur;Isparta;Lisans;1;;86.009;86.009;"4426;6229;4459;3254;4322;8225;7225;7257";4426 - Aşağıdaki lisans programlarından birinden mezun olmak. | 6229 - İşletme-Ekonomi / İşletme-İktisat | 4459 - Aşağıdaki lisans programlarından birinden mezun olmak. | 3254 - Maliye | 4322 - Muhasebe ve Maliye | 8225 - Maliye-Muhasebe | 7225 - Güvenlik Tahkikatının Olumlu Sonuçlanması. | 7257 - Seyahate ve Arazide Çalışmaya Elverişli olmak.;336b266f-7956-e711-80d3-a0369f7d149c
2017;1;390465725;Sosyal Güvenlik Kurumu Başkanlığı;İcra Memuru;Muş;Lisans;2;;86.008;86.333;"4419;3209;4421;3159;3213;5131;8208;4427;3158;4429;3141;8312;4431;3226;3361;3381;5123;8207;8208;8296;8334;4459;3254;4322;8225;4503;3237;3313;3314;6199;7225;7315";4419 - Aşağıdaki lisans programlarından birinden mezun olmak. | 3209 - Hukuk | 4421 - Aşağıdaki lisans programlarından birinden mezun olmak. | 3159 - Ekonomi | 3213 - İktisat | 5131 - Uluslararası Ticaret ve Finansman | 8208 - İş İdaresi ve İktisat | 4427 - Aşağıdaki lisans programlarından birinden mezun olmak. | 3158 - Ekonometri | 4429 - Aşağıdaki lisans programlarından birinden mezun olmak. | 3141 - Çalışma Ekonomisi ve Endüstri İlişkileri | 8312 - Çalışma Ekonomisi | 4431 - Aşağıdaki lisans programlarından birinden mezun olmak. | 3226 - İşletme / İşletmecilik | 3361 - Yönetim Bilişim Sistemleri | 3381 - Muhasebe-Finansman | 5123 - Muhasebe ve Finansal Yönetim / Muhasebe ve Finans Yönetimi | 8207 - İş İdaresi | 8208 - İş İdaresi ve İktisat | 8296 - Yönetim ve Organizasyon | 8334 - Pazarlama | 4459 - Aşağıdaki lisans programlarından birinden mezun olmak. | 3254 - Maliye | 4322 - Muhasebe ve Maliye | 8225 - Maliye-Muhasebe | 4503 - Aşağıdaki lisans programlarından birinden mezun olmak. | 3237 - Kamu Yönetimi | 3313 - Siyaset Bilimi | 3314 - Siyaset Bilimi ve Kamu Yönetimi | 6199 - Yerleştirme işlemlerinin ilk günü itibariyle 30 yaşını doldurmamış olmak | 7225 - Güvenlik Tahkikatının Olumlu Sonuçlanması. | 7315 - (Bakınız Başvurma Özel Şartları Bölümü İcra Memuru);6b6c266f-7956-e711-80d3-a0369f7d149c
2017;1;390943415;Cizre Belediye Başkanlığı;Zabıta Memuru;Şırnak;Lisans;5;;85.969;86.092;"4001;6199;7225;7300";4001 - Herhangi bir lisans programından mezun olmak. | 6199 - Yerleştirme işlemlerinin ilk günü itibariyle 30 yaşını doldurmamış olmak | 7225 - Güvenlik Tahkikatının Olumlu Sonuçlanması. | 7300 - Bu kadro/pozisyonda vardiya sistemi uygulanmaktadır.;db6d266f-7956-e711-80d3-a0369f7d149c
2017;1;390943055;Akşehir Belediye Başkanlığı;Memur;Konya;Lisans;2;;85.954;86.333;"4503;3237;3313;3314;7225";4503 - Aşağıdaki lisans programlarından birinden mezun olmak. | 3237 - Kamu Yönetimi | 3313 - Siyaset Bilimi | 3314 - Siyaset Bilimi ve Kamu Yönetimi | 7225 - Güvenlik Tahkikatının Olumlu Sonuçlanması.;176c266f-7956-e711-80d3-a0369f7d149c
2017;1;391175317;Makina ve Kimya Endüstrisi Kurumu Genel Müdürlüğü;Mühendis;Çankırı;Lisans;1;;85.939;85.939;"4691;3261;3301;5118;8227;8232;7111;7225";4691 - Aşağıdaki lisans programlarından birinden mezun olmak. | 3261 - Metalurji ve Malzeme Mühendisliği | 3301 - Seramik Mühendisliği | 5118 - Malzeme Bilimi ve Mühendisliği | 8227 - Malzeme Mühendisliği | 8232 - Metalurji Mühendisliği | 7111 - Son 5 Yıl İçerisinde KPDS/YDS En Az C Seviyesinde İngilizce Bilmek. | 7225 - Güvenlik Tahkikatının Olumlu Sonuçlanması.;846a266f-7956-e711-80d3-a0369f7d149c
2017;1;391203823;Devlet Demiryolları Taşımacılık A.Ş Genel Müdürlüğü;Memur;Sivas;Lisans;4;;85.922;86.13;"4421;3159;3213;5131;8208;4431;3226;3361;3381;5123;8207;8208;8296;8334;4503;3237;3313;3314;7225";4421 - Aşağıdaki lisans programlarından birinden mezun olmak. | 3159 - Ekonomi | 3213 - İktisat | 5131 - Uluslararası Ticaret ve Finansman | 8208 - İş İdaresi ve İktisat | 4431 - Aşağıdaki lisans programlarından birinden mezun olmak. | 3226 - İşletme / İşletmecilik | 3361 - Yönetim Bilişim Sistemleri | 3381 - Muhasebe-Finansman | 5123 - Muhasebe ve Finansal Yönetim / Muhasebe ve Finans Yönetimi | 8207 - İş İdaresi | 8208 - İş İdaresi ve İktisat | 8296 - Yönetim ve Organizasyon | 8334 - Pazarlama | 4503 - Aşağıdaki lisans programlarından birinden mezun olmak. | 3237 - Kamu Yönetimi | 3313 - Siyaset Bilimi | 3314 - Siyaset Bilimi ve Kamu Yönetimi | 7225 - Güvenlik Tahkikatının Olumlu Sonuçlanması.;dc6c266f-7956-e711-80d3-a0369f7d149c
2017;1;391203805;Devlet Demiryolları Taşımacılık A.Ş Genel Müdürlüğü;Memur;İstanbul;Lisans;7;;85.915;86.595;"4421;3159;3213;5131;8208;4431;3226;3361;3381;5123;8207;8208;8296;8334;4503;3237;3313;3314";4421 - Aşağıdaki lisans programlarından birinden mezun olmak. | 3159 - Ekonomi | 3213 - İktisat | 5131 - Uluslararası Ticaret ve Finansman | 8208 - İş İdaresi ve İktisat | 4431 - Aşağıdaki lisans programlarından birinden mezun olmak. | 3226 - İşletme / İşletmecilik | 3361 - Yönetim Bilişim Sistemleri | 3381 - Muhasebe-Finansman | 5123 - Muhasebe ve Finansal Yönetim / Muhasebe ve Finans Yönetimi | 8207 - İş İdaresi | 8208 - İş İdaresi ve İktisat | 8296 - Yönetim ve Organizasyon | 8334 - Pazarlama | 4503 - Aşağıdaki lisans programlarından birinden mezun olmak. | 3237 - Kamu Yönetimi | 3313 - Siyaset Bilimi | 3314 - Siyaset Bilimi ve Kamu Yönetimi;6e6b266f-7956-e711-80d3-a0369f7d149c
2017;1;390947369;Yenişarbademli Belediye Başkanlığı;Memur;Isparta;Lisans;1;;85.893;85.893;"4431;3226;3361;3381;5123;8207;8208;8296;8334;7225";4431 - Aşağıdaki lisans programlarından birinden mezun olmak. | 3226 - İşletme / İşletmecilik | 3361 - Yönetim Bilişim Sistemleri | 3381 - Muhasebe-Finansman | 5123 - Muhasebe ve Finansal Yönetim / Muhasebe ve Finans Yönetimi | 8207 - İş İdaresi | 8208 - İş İdaresi ve İktisat | 8296 - Yönetim ve Organizasyon | 8334 - Pazarlama | 7225 - Güvenlik Tahkikatının Olumlu Sonuçlanması.;366b266f-7956-e711-80d3-a0369f7d149c
2017;1;391175209;Makina ve Kimya Endüstrisi Kurumu Genel Müdürlüğü;Memur;Kırıkkale;Lisans;1;;85.868;85.868;"4421;3159;3213;5131;8208;7225";4421 - Aşağıdaki lisans programlarından birinden mezun olmak. | 3159 - Ekonomi | 3213 - İktisat | 5131 - Uluslararası Ticaret ve Finansman | 8208 - İş İdaresi ve İktisat | 7225 - Güvenlik Tahkikatının Olumlu Sonuçlanması.;b76d266f-7956-e711-80d3-a0369f7d149c
2017;1;310223331;Boğaziçi Üniversitesi;Mühendis;İstanbul;Lisans;1;;85.862;85.862;"4639;3252;4314;7165;7225";4639 - Aşağıdaki lisans programlarından birinden mezun olmak. | 3252 - Makine Mühendisliği | 4314 - Makine ve İmalat Mühendisliği | 7165 - B Sınıfı İş Güvenliği Uzmanı belgesine sahip olmak. | 7225 - Güvenlik Tahkikatının Olumlu Sonuçlanması.;926b266f-7956-e711-80d3-a0369f7d149c
2017;1;390923379;Bursa Büyükşehir Belediye Başkanlığı;Veri Hazırlama ve Kontrol İşletmeni;Bursa;Lisans;10;;85.855;89.707;"4421;3159;3213;5131;8208;4431;3226;3361;3381;5123;8207;8208;8296;8334;6225;7225";4421 - Aşağıdaki lisans programlarından birinden mezun olmak. | 3159 - Ekonomi | 3213 - İktisat | 5131 - Uluslararası Ticaret ve Finansman | 8208 - İş İdaresi ve İktisat | 4431 - Aşağıdaki lisans programlarından birinden mezun olmak. | 3226 - İşletme / İşletmecilik | 3361 - Yönetim Bilişim Sistemleri | 3381 - Muhasebe-Finansman | 5123 - Muhasebe ve Finansal Yönetim / Muhasebe ve Finans Yönetimi | 8207 - İş İdaresi | 8208 - İş İdaresi ve İktisat | 8296 - Yönetim ve Organizasyon | 8334 - Pazarlama | 6225 - M.E.B.'Dan Onaylı Bilgisayar İşletmeni Sertifikası Sahibi olmak. | 7225 - Güvenlik Tahkikatının Olumlu Sonuçlanması.;566a266f-7956-e711-80d3-a0369f7d149c
2017;1;390466073;Sosyal Güvenlik Kurumu Başkanlığı;Memur;Trabzon;Lisans;1;;85.855;85.855;"4429;3141;8312;7225";4429 - Aşağıdaki lisans programlarından birinden mezun olmak. | 3141 - Çalışma Ekonomisi ve Endüstri İlişkileri | 8312 - Çalışma Ekonomisi | 7225 - Güvenlik Tahkikatının Olumlu Sonuçlanması.;ff6c266f-7956-e711-80d3-a0369f7d149c
2017;1;390465755;Sosyal Güvenlik Kurumu Başkanlığı;Memur;Ankara;Lisans;1;;85.846;85.846;"4429;3141;8312;7225";4429 - Aşağıdaki lisans programlarından birinden mezun olmak. | 3141 - Çalışma Ekonomisi ve Endüstri İlişkileri | 8312 - Çalışma Ekonomisi | 7225 - Güvenlik Tahkikatının Olumlu Sonuçlanması.;8e69266f-7956-e711-80d3-a0369f7d149c
2017;1;390944765;Haliliye Belediye Başkanlığı;Mühendis;Şanlıurfa;Lisans;1;;85.83;85.83;"4689;3233;4298;8324;9034;7109;7225;7257";4689 - Aşağıdaki lisans programlarından birinden mezun olmak. | 3233 - Jeodezi ve Fotogrametri Mühendisliği | 4298 - Jeodezi ve Haritacılık | 8324 - Harita Mühendisliği | 9034 - Geomatik Mühendisliği | 7109 - Son 5 Yıl İçerisinde KPDS/YDS En Az B Seviyesinde İngilizce Bilmek. | 7225 - Güvenlik Tahkikatının Olumlu Sonuçlanması. | 7257 - Seyahate ve Arazide Çalışmaya Elverişli olmak.;456d266f-7956-e711-80d3-a0369f7d149c
2017;1;390947525;Zeytinburnu Belediye Başkanlığı;Memur;İstanbul;Lisans;1;;85.824;85.824;"4507;3313;3315;3352;3353;5116;5142;4508;4389;4509;3115;7107;7225";4507 - Aşağıdaki lisans programlarından birinden mezun olmak. | 3313 - Siyaset Bilimi | 3315 - Siyaset Bilimi ve Uluslararası İlişkiler | 3352 - Uluslararası İlişkiler | 3353 - Uluslararası İlişkiler ve Avrupa Birliği | 5116 - Küresel ve Uluslararası İlişkiler / Küresel Siyaset ve Uluslararası İlişkiler | 5142 - Toplumsal ve Siyasal Bilimler | 4508 - Aşağıdaki lisans programlarından birinden mezun olmak. | 4389 - Uluslararası İlişkiler ve Avrupa Çalışmaları | 4509 - Aşağıdaki lisans programlarından birinden mezun olmak. | 3115 - Avrupa Birliği İlişkileri | 7107 - Son 5 Yıl İçerisinde KPDS/YDS A Seviyesinde İngilizce Bilmek. | 7225 - Güvenlik Tahkikatının Olumlu Sonuçlanması.;5b6b266f-7956-e711-80d3-a0369f7d149c
2017;1;390944717;Haliliye Belediye Başkanlığı;Ekonomist;Şanlıurfa;Lisans;2;;85.822;87.346;"4459;3254;4322;8225;7225;7257";4459 - Aşağıdaki lisans programlarından birinden mezun olmak. | 3254 - Maliye | 4322 - Muhasebe ve Maliye | 8225 - Maliye-Muhasebe | 7225 - Güvenlik Tahkikatının Olumlu Sonuçlanması. | 7257 - Seyahate ve Arazide Çalışmaya Elverişli olmak.;3d6d266f-7956-e711-80d3-a0369f7d149c
2017;1;390465887;Sosyal Güvenlik Kurumu Başkanlığı;Memur;İstanbul;Lisans;3;;85.822;86.533;"4421;3159;3213;5131;8208;4431;3226;3361;3381;5123;8207;8208;8296;8334;4459;3254;4322;8225;4469;3306;5127;4503;3237;3313;3314;4507;3313;3315;3352;3353;5116;5142;7225";4421 - Aşağıdaki lisans programlarından birinden mezun olmak. | 3159 - Ekonomi | 3213 - İktisat | 5131 - Uluslararası Ticaret ve Finansman | 8208 - İş İdaresi ve İktisat | 4431 - Aşağıdaki lisans programlarından birinden mezun olmak. | 3226 - İşletme / İşletmecilik | 3361 - Yönetim Bilişim Sistemleri | 3381 - Muhasebe-Finansman | 5123 - Muhasebe ve Finansal Yönetim / Muhasebe ve Finans Yönetimi | 8207 - İş İdaresi | 8208 - İş İdaresi ve İktisat | 8296 - Yönetim ve Organizasyon | 8334 - Pazarlama | 4459 - Aşağıdaki lisans programlarından birinden mezun olmak. | 3254 - Maliye | 4322 - Muhasebe ve Maliye | 8225 - Maliye-Muhasebe | 4469 - Aşağıdaki lisans programlarından birinden mezun olmak. | 3306 - Sigortacılık | 5127 - Sigortacılık ve Risk Yönetimi | 4503 - Aşağıdaki lisans programlarından birinden mezun olmak. | 3237 - Kamu Yönetimi | 3313 - Siyaset Bilimi | 3314 - Siyaset Bilimi ve Kamu Yönetimi | 4507 - Aşağıdaki lisans programlarından birinden mezun olmak. | 3313 - Siyaset Bilimi | 3315 - Siyaset Bilimi ve Uluslararası İlişkiler | 3352 - Uluslararası İlişkiler | 3353 - Uluslararası İlişkiler ve Avrupa Birliği | 5116 - Küresel ve Uluslararası İlişkiler / Küresel Siyaset ve Uluslararası İlişkiler | 5142 - Toplumsal ve Siyasal Bilimler | 7225 - Güvenlik Tahkikatının Olumlu Sonuçlanması.;a36b266f-7956-e711-80d3-a0369f7d149c
2017;1;399994615;Et ve Süt Kurumu Genel Müdürlüğü;Memur;Sivas;Lisans;4;;85.784;86.356;"4418;9319;4421;3159;3213;5131;8208;4429;3141;8312;4431;3226;3361;3381;5123;8207;8208;8296;8334;7225";4418 - Aşağıdaki lisans programlarından birinden mezun olmak. | 9319 - İktisadi ve İdari Bilimler Programları | 4421 - Aşağıdaki lisans programlarından birinden mezun olmak. | 3159 - Ekonomi | 3213 - İktisat | 5131 - Uluslararası Ticaret ve Finansman | 8208 - İş İdaresi ve İktisat | 4429 - Aşağıdaki lisans programlarından birinden mezun olmak. | 3141 - Çalışma Ekonomisi ve Endüstri İlişkileri | 8312 - Çalışma Ekonomisi | 4431 - Aşağıdaki lisans programlarından birinden mezun olmak. | 3226 - İşletme / İşletmecilik | 3361 - Yönetim Bilişim Sistemleri | 3381 - Muhasebe-Finansman | 5123 - Muhasebe ve Finansal Yönetim / Muhasebe ve Finans Yönetimi | 8207 - İş İdaresi | 8208 - İş İdaresi ve İktisat | 8296 - Yönetim ve Organizasyon | 8334 - Pazarlama | 7225 - Güvenlik Tahkikatının Olumlu Sonuçlanması.;de6c266f-7956-e711-80d3-a0369f7d149c
2017;1;390796427;Tapu ve Kadastro Genel Müdürlüğü;Mühendis;Sinop;Lisans;2;;85.784;86.51;"4689;3233;4298;8324;9034;7225";4689 - Aşağıdaki lisans programlarından birinden mezun olmak. | 3233 - Jeodezi ve Fotogrametri Mühendisliği | 4298 - Jeodezi ve Haritacılık | 8324 - Harita Mühendisliği | 9034 - Geomatik Mühendisliği | 7225 - Güvenlik Tahkikatının Olumlu Sonuçlanması.;d16c266f-7956-e711-80d3-a0369f7d149c
2017;1;390934957;Karaman İl Özel İdaresi;Veri Hazırlama ve Kontrol İşletmeni;Karaman;Lisans;5;;85.782;86.263;"4421;3159;3213;5131;8208;4431;3226;3361;3381;5123;8207;8208;8296;8334;6225;7225";4421 - Aşağıdaki lisans programlarından birinden mezun olmak. | 3159 - Ekonomi | 3213 - İktisat | 5131 - Uluslararası Ticaret ve Finansman | 8208 - İş İdaresi ve İktisat | 4431 - Aşağıdaki lisans programlarından birinden mezun olmak. | 3226 - İşletme / İşletmecilik | 3361 - Yönetim Bilişim Sistemleri | 3381 - Muhasebe-Finansman | 5123 - Muhasebe ve Finansal Yönetim / Muhasebe ve Finans Yönetimi | 8207 - İş İdaresi | 8208 - İş İdaresi ve İktisat | 8296 - Yönetim ve Organizasyon | 8334 - Pazarlama | 6225 - M.E.B.'Dan Onaylı Bilgisayar İşletmeni Sertifikası Sahibi olmak. | 7225 - Güvenlik Tahkikatının Olumlu Sonuçlanması.;9e6d266f-7956-e711-80d3-a0369f7d149c
2017;1;390465707;Sosyal Güvenlik Kurumu Başkanlığı;İcra Memuru;İstanbul;Lisans;3;;85.775;86.325;"4419;3209;4421;3159;3213;5131;8208;4427;3158;4429;3141;8312;4431;3226;3361;3381;5123;8207;8208;8296;8334;4459;3254;4322;8225;4503;3237;3313;3314;6199;7225;7315";4419 - Aşağıdaki lisans programlarından birinden mezun olmak. | 3209 - Hukuk | 4421 - Aşağıdaki lisans programlarından birinden mezun olmak. | 3159 - Ekonomi | 3213 - İktisat | 5131 - Uluslararası Ticaret ve Finansman | 8208 - İş İdaresi ve İktisat | 4427 - Aşağıdaki lisans programlarından birinden mezun olmak. | 3158 - Ekonometri | 4429 - Aşağıdaki lisans programlarından birinden mezun olmak. | 3141 - Çalışma Ekonomisi ve Endüstri İlişkileri | 8312 - Çalışma Ekonomisi | 4431 - Aşağıdaki lisans programlarından birinden mezun olmak. | 3226 - İşletme / İşletmecilik | 3361 - Yönetim Bilişim Sistemleri | 3381 - Muhasebe-Finansman | 5123 - Muhasebe ve Finansal Yönetim / Muhasebe ve Finans Yönetimi | 8207 - İş İdaresi | 8208 - İş İdaresi ve İktisat | 8296 - Yönetim ve Organizasyon | 8334 - Pazarlama | 4459 - Aşağıdaki lisans programlarından birinden mezun olmak. | 3254 - Maliye | 4322 - Muhasebe ve Maliye | 8225 - Maliye-Muhasebe | 4503 - Aşağıdaki lisans programlarından birinden mezun olmak. | 3237 - Kamu Yönetimi | 3313 - Siyaset Bilimi | 3314 - Siyaset Bilimi ve Kamu Yönetimi | 6199 - Yerleştirme işlemlerinin ilk günü itibariyle 30 yaşını doldurmamış olmak | 7225 - Güvenlik Tahkikatının Olumlu Sonuçlanması. | 7315 - (Bakınız Başvurma Özel Şartları Bölümü İcra Memuru);996b266f-7956-e711-80d3-a0369f7d149c
2017;1;390465929;Sosyal Güvenlik Kurumu Başkanlığı;Memur;İstanbul;Lisans;1;;85.775;85.775;"4421;3159;3213;5131;8208;4431;3226;3361;3381;5123;8207;8208;8296;8334;4459;3254;4322;8225;4469;3306;5127;4503;3237;3313;3314;4507;3313;3315;3352;3353;5116;5142;7225";4421 - Aşağıdaki lisans programlarından birinden mezun olmak. | 3159 - Ekonomi | 3213 - İktisat | 5131 - Uluslararası Ticaret ve Finansman | 8208 - İş İdaresi ve İktisat | 4431 - Aşağıdaki lisans programlarından birinden mezun olmak. | 3226 - İşletme / İşletmecilik | 3361 - Yönetim Bilişim Sistemleri | 3381 - Muhasebe-Finansman | 5123 - Muhasebe ve Finansal Yönetim / Muhasebe ve Finans Yönetimi | 8207 - İş İdaresi | 8208 - İş İdaresi ve İktisat | 8296 - Yönetim ve Organizasyon | 8334 - Pazarlama | 4459 - Aşağıdaki lisans programlarından birinden mezun olmak. | 3254 - Maliye | 4322 - Muhasebe ve Maliye | 8225 - Maliye-Muhasebe | 4469 - Aşağıdaki lisans programlarından birinden mezun olmak. | 3306 - Sigortacılık | 5127 - Sigortacılık ve Risk Yönetimi | 4503 - Aşağıdaki lisans programlarından birinden mezun olmak. | 3237 - Kamu Yönetimi | 3313 - Siyaset Bilimi | 3314 - Siyaset Bilimi ve Kamu Yönetimi | 4507 - Aşağıdaki lisans programlarından birinden mezun olmak. | 3313 - Siyaset Bilimi | 3315 - Siyaset Bilimi ve Uluslararası İlişkiler | 3352 - Uluslararası İlişkiler | 3353 - Uluslararası İlişkiler ve Avrupa Birliği | 5116 - Küresel ve Uluslararası İlişkiler / Küresel Siyaset ve Uluslararası İlişkiler | 5142 - Toplumsal ve Siyasal Bilimler | 7225 - Güvenlik Tahkikatının Olumlu Sonuçlanması.;aa6b266f-7956-e711-80d3-a0369f7d149c
2017;1;310926139;Süleyman Demirel Üniversitesi;Psikolog;Isparta;Lisans;2;;85.769;86.04;"4131;3286;7225";4131 - Aşağıdaki lisans programlarından birinden mezun olmak. | 3286 - Psikoloji | 7225 - Güvenlik Tahkikatının Olumlu Sonuçlanması.;3b6b266f-7956-e711-80d3-a0369f7d149c
2017;1;310665089;Kırıkkale Üniversitesi;Memur;Kırıkkale;Lisans;3;;85.76;87.169;"4431;3226;3361;3381;5123;8207;8208;8296;8334;4503;3237;3313;3314;7225";4431 - Aşağıdaki lisans programlarından birinden mezun olmak. | 3226 - İşletme / İşletmecilik | 3361 - Yönetim Bilişim Sistemleri | 3381 - Muhasebe-Finansman | 5123 - Muhasebe ve Finansal Yönetim / Muhasebe ve Finans Yönetimi | 8207 - İş İdaresi | 8208 - İş İdaresi ve İktisat | 8296 - Yönetim ve Organizasyon | 8334 - Pazarlama | 4503 - Aşağıdaki lisans programlarından birinden mezun olmak. | 3237 - Kamu Yönetimi | 3313 - Siyaset Bilimi | 3314 - Siyaset Bilimi ve Kamu Yönetimi | 7225 - Güvenlik Tahkikatının Olumlu Sonuçlanması.;b56d266f-7956-e711-80d3-a0369f7d149c
2017;1;390933751;Çorum İl Özel İdaresi;Veri Hazırlama ve Kontrol İşletmeni;Çorum;Lisans;1;;85.759;85.759;"4291;3197;3198;3292;5111;6225;7225";4291 - Aşağıdaki lisans programlarından birinden mezun olmak. | 3197 - Halkla İlişkiler | 3198 - Halkla İlişkiler ve Tanıtım | 3292 - Reklamcılık ve Halkla İlişkiler | 5111 - Halkla İlişkiler ve Reklamcılık | 6225 - M.E.B.'Dan Onaylı Bilgisayar İşletmeni Sertifikası Sahibi olmak. | 7225 - Güvenlik Tahkikatının Olumlu Sonuçlanması.;996a266f-7956-e711-80d3-a0369f7d149c
2017;1;390465677;Sosyal Güvenlik Kurumu Başkanlığı;İcra Memuru;Ardahan;Lisans;1;;85.754;85.754;"4419;3209;4421;3159;3213;5131;8208;4427;3158;4429;3141;8312;4431;3226;3361;3381;5123;8207;8208;8296;8334;4459;3254;4322;8225;4503;3237;3313;3314;6199;7225;7315";4419 - Aşağıdaki lisans programlarından birinden mezun olmak. | 3209 - Hukuk | 4421 - Aşağıdaki lisans programlarından birinden mezun olmak. | 3159 - Ekonomi | 3213 - İktisat | 5131 - Uluslararası Ticaret ve Finansman | 8208 - İş İdaresi ve İktisat | 4427 - Aşağıdaki lisans programlarından birinden mezun olmak. | 3158 - Ekonometri | 4429 - Aşağıdaki lisans programlarından birinden mezun olmak. | 3141 - Çalışma Ekonomisi ve Endüstri İlişkileri | 8312 - Çalışma Ekonomisi | 4431 - Aşağıdaki lisans programlarından birinden mezun olmak. | 3226 - İşletme / İşletmecilik | 3361 - Yönetim Bilişim Sistemleri | 3381 - Muhasebe-Finansman | 5123 - Muhasebe ve Finansal Yönetim / Muhasebe ve Finans Yönetimi | 8207 - İş İdaresi | 8208 - İş İdaresi ve İktisat | 8296 - Yönetim ve Organizasyon | 8334 - Pazarlama | 4459 - Aşağıdaki lisans programlarından birinden mezun olmak. | 3254 - Maliye | 4322 - Muhasebe ve Maliye | 8225 - Maliye-Muhasebe | 4503 - Aşağıdaki lisans programlarından birinden mezun olmak. | 3237 - Kamu Yönetimi | 3313 - Siyaset Bilimi | 3314 - Siyaset Bilimi ve Kamu Yönetimi | 6199 - Yerleştirme işlemlerinin ilk günü itibariyle 30 yaşını doldurmamış olmak | 7225 - Güvenlik Tahkikatının Olumlu Sonuçlanması. | 7315 - (Bakınız Başvurma Özel Şartları Bölümü İcra Memuru);e46d266f-7956-e711-80d3-a0369f7d149c
2017;1;391084009;Devlet Hava Meydanları İşletmesi Genel Müdürlüğü;Memur;Şanlıurfa;Lisans;2;;85.737;86.951;"4493;3312;7225";4493 - Aşağıdaki lisans programlarından birinden mezun olmak. | 3312 - Sivil Hava Ulaştırma İşletmeciliği | 7225 - Güvenlik Tahkikatının Olumlu Sonuçlanması.;506d266f-7956-e711-80d3-a0369f7d149c
2017;1;390947471;Zeytinburnu Belediye Başkanlığı;Memur;İstanbul;Lisans;5;;85.736;87.271;"4421;3159;3213;5131;8208;4503;3237;3313;3314;6225;7225";4421 - Aşağıdaki lisans programlarından birinden mezun olmak. | 3159 - Ekonomi | 3213 - İktisat | 5131 - Uluslararası Ticaret ve Finansman | 8208 - İş İdaresi ve İktisat | 4503 - Aşağıdaki lisans programlarından birinden mezun olmak. | 3237 - Kamu Yönetimi | 3313 - Siyaset Bilimi | 3314 - Siyaset Bilimi ve Kamu Yönetimi | 6225 - M.E.B.'Dan Onaylı Bilgisayar İşletmeni Sertifikası Sahibi olmak. | 7225 - Güvenlik Tahkikatının Olumlu Sonuçlanması.;526b266f-7956-e711-80d3-a0369f7d149c
2017;1;390947519;Zeytinburnu Belediye Başkanlığı;Memur;İstanbul;Lisans;1;;85.734;85.734;"4418;9319;4421;3159;3213;5131;8208;4431;3226;3361;3381;5123;8207;8208;8296;8334;6225;7225";4418 - Aşağıdaki lisans programlarından birinden mezun olmak. | 9319 - İktisadi ve İdari Bilimler Programları | 4421 - Aşağıdaki lisans programlarından birinden mezun olmak. | 3159 - Ekonomi | 3213 - İktisat | 5131 - Uluslararası Ticaret ve Finansman | 8208 - İş İdaresi ve İktisat | 4431 - Aşağıdaki lisans programlarından birinden mezun olmak. | 3226 - İşletme / İşletmecilik | 3361 - Yönetim Bilişim Sistemleri | 3381 - Muhasebe-Finansman | 5123 - Muhasebe ve Finansal Yönetim / Muhasebe ve Finans Yönetimi | 8207 - İş İdaresi | 8208 - İş İdaresi ve İktisat | 8296 - Yönetim ve Organizasyon | 8334 - Pazarlama | 6225 - M.E.B.'Dan Onaylı Bilgisayar İşletmeni Sertifikası Sahibi olmak. | 7225 - Güvenlik Tahkikatının Olumlu Sonuçlanması.;5a6b266f-7956-e711-80d3-a0369f7d149c
2017;1;390796379;Tapu ve Kadastro Genel Müdürlüğü;Mühendis;Kütahya;Lisans;2;;85.731;85.938;"4689;3233;4298;8324;9034;7225";4689 - Aşağıdaki lisans programlarından birinden mezun olmak. | 3233 - Jeodezi ve Fotogrametri Mühendisliği | 4298 - Jeodezi ve Haritacılık | 8324 - Harita Mühendisliği | 9034 - Geomatik Mühendisliği | 7225 - Güvenlik Tahkikatının Olumlu Sonuçlanması.;286c266f-7956-e711-80d3-a0369f7d149c
2017;1;390944915;Kadıköy (İstanbul) Belediye Başkanlığı;Tahsildar;İstanbul;Lisans;2;;85.729;86.318;"4459;3254;4322;8225;7225";4459 - Aşağıdaki lisans programlarından birinden mezun olmak. | 3254 - Maliye | 4322 - Muhasebe ve Maliye | 8225 - Maliye-Muhasebe | 7225 - Güvenlik Tahkikatının Olumlu Sonuçlanması.;506b266f-7956-e711-80d3-a0369f7d149c
2017;1;391276805;Türkiye Elektrik İletim.A.Ş.Gen.Md.;Mühendis;Isparta;Lisans;1;;85.721;85.721;"4689;3233;4298;8324;9034;7225;7257";4689 - Aşağıdaki lisans programlarından birinden mezun olmak. | 3233 - Jeodezi ve Fotogrametri Mühendisliği | 4298 - Jeodezi ve Haritacılık | 8324 - Harita Mühendisliği | 9034 - Geomatik Mühendisliği | 7225 - Güvenlik Tahkikatının Olumlu Sonuçlanması. | 7257 - Seyahate ve Arazide Çalışmaya Elverişli olmak.;386b266f-7956-e711-80d3-a0369f7d149c
2017;1;390944831;Hemşin Belediye Başkanlığı;Tahsildar;Rize;Lisans;1;;85.705;85.705;"4418;9319;4420;9140;4421;3159;3213;5131;8208;4423;5105;4424;9221;4425;5106;4426;6229;4429;3141;8312;4431;3226;3361;3381;5123;8207;8208;8296;8334;4432;9262;4452;9115;4453;3268;3269;5123;4457;3270;8234;4458;9308;4459;3254;4322;8225;4499;5143;4502;8328;9318;4503;3237;3313;3314;7225";4418 - Aşağıdaki lisans programlarından birinden mezun olmak. | 9319 - İktisadi ve İdari Bilimler Programları | 4420 - Aşağıdaki lisans programlarından birinden mezun olmak. | 9140 - İktisadi Programlar | 4421 - Aşağıdaki lisans programlarından birinden mezun olmak. | 3159 - Ekonomi | 3213 - İktisat | 5131 - Uluslararası Ticaret ve Finansman | 8208 - İş İdaresi ve İktisat | 4423 - Aşağıdaki lisans programlarından birinden mezun olmak. | 5105 - Ekonomi ve Finans | 4424 - Aşağıdaki lisans programlarından birinden mezun olmak. | 9221 - Ekonomi ve İdari Bilimler / Ekonomi ve İdari Bilimler Programları | 4425 - Aşağıdaki lisans programlarından birinden mezun olmak. | 5106 - Ekonomi-Yönetim Bilimleri Programları | 4426 - Aşağıdaki lisans programlarından birinden mezun olmak. | 6229 - İşletme-Ekonomi / İşletme-İktisat | 4429 - Aşağıdaki lisans programlarından birinden mezun olmak. | 3141 - Çalışma Ekonomisi ve Endüstri İlişkileri | 8312 - Çalışma Ekonomisi | 4431 - Aşağıdaki lisans programlarından birinden mezun olmak. | 3226 - İşletme / İşletmecilik | 3361 - Yönetim Bilişim Sistemleri | 3381 - Muhasebe-Finansman | 5123 - Muhasebe ve Finansal Yönetim / Muhasebe ve Finans Yönetimi | 8207 - İş İdaresi | 8208 - İş İdaresi ve İktisat | 8296 - Yönetim ve Organizasyon | 8334 - Pazarlama | 4432 - Aşağıdaki lisans programlarından birinden mezun olmak. | 9262 - Finans ve Muhasebe | 4452 - Aşağıdaki lisans programlarından birinden mezun olmak. | 9115 - Muhasebe ve Denetim | 4453 - Aşağıdaki lisans programlarından birinden mezun olmak. | 3268 - Muhasebe | 3269 - Muhasebe Bilgi Sistemleri | 5123 - Muhasebe ve Finansal Yönetim / Muhasebe ve Finans Yönetimi | 4457 - Aşağıdaki lisans programlarından birinden mezun olmak. | 3270 - Muhasebe ve Finansman Öğretmenliği | 8234 - Muhasebe-İşletme Öğretmenliği | 4458 - Aşağıdaki lisans programlarından birinden mezun olmak. | 9308 - İşletme-Muhasebe ve Denetim | 4459 - Aşağıdaki lisans programlarından birinden mezun olmak. | 3254 - Maliye | 4322 - Muhasebe ve Maliye | 8225 - Maliye-Muhasebe | 4499 - Aşağıdaki lisans programlarından birinden mezun olmak. | 5143 - Yönetim Bilimleri / Yönetim Bilimleri Programları | 4502 - Aşağıdaki lisans programlarından birinden mezun olmak. | 8328 - İnsan Kaynakları Yönetimi | 9318 - İnsan Kaynakları | 4503 - Aşağıdaki lisans programlarından birinden mezun olmak. | 3237 - Kamu Yönetimi | 3313 - Siyaset Bilimi | 3314 - Siyaset Bilimi ve Kamu Yönetimi | 7225 - Güvenlik Tahkikatının Olumlu Sonuçlanması.;956c266f-7956-e711-80d3-a0369f7d149c
2017;1;391073619;Çay İşletmeleri Genel Müdürlüğü;Memur;Trabzon;Lisans;1;;85.691;85.691;"4431;3226;3361;3381;5123;8207;8208;8296;8334;4453;3268;3269;5123;7225";4431 - Aşağıdaki lisans programlarından birinden mezun olmak. | 3226 - İşletme / İşletmecilik | 3361 - Yönetim Bilişim Sistemleri | 3381 - Muhasebe-Finansman | 5123 - Muhasebe ve Finansal Yönetim / Muhasebe ve Finans Yönetimi | 8207 - İş İdaresi | 8208 - İş İdaresi ve İktisat | 8296 - Yönetim ve Organizasyon | 8334 - Pazarlama | 4453 - Aşağıdaki lisans programlarından birinden mezun olmak. | 3268 - Muhasebe | 3269 - Muhasebe Bilgi Sistemleri | 5123 - Muhasebe ve Finansal Yönetim / Muhasebe ve Finans Yönetimi | 7225 - Güvenlik Tahkikatının Olumlu Sonuçlanması.;0e6d266f-7956-e711-80d3-a0369f7d149c
2017;1;390465809;Sosyal Güvenlik Kurumu Başkanlığı;Memur;Bursa;Lisans;1;;85.69;85.69;"4429;3141;8312;7225";4429 - Aşağıdaki lisans programlarından birinden mezun olmak. | 3141 - Çalışma Ekonomisi ve Endüstri İlişkileri | 8312 - Çalışma Ekonomisi | 7225 - Güvenlik Tahkikatının Olumlu Sonuçlanması.;6b6a266f-7956-e711-80d3-a0369f7d149c
2017;1;390466055;Sosyal Güvenlik Kurumu Başkanlığı;Memur;Tekirdağ;Lisans;1;;85.675;85.675;"4429;3141;8312;7225";4429 - Aşağıdaki lisans programlarından birinden mezun olmak. | 3141 - Çalışma Ekonomisi ve Endüstri İlişkileri | 8312 - Çalışma Ekonomisi | 7225 - Güvenlik Tahkikatının Olumlu Sonuçlanması.;ee6c266f-7956-e711-80d3-a0369f7d149c
2017;1;390796271;Tapu ve Kadastro Genel Müdürlüğü;Mühendis;Düzce;Lisans;2;;85.668;85.705;"4689;3233;4298;8324;9034;7225";4689 - Aşağıdaki lisans programlarından birinden mezun olmak. | 3233 - Jeodezi ve Fotogrametri Mühendisliği | 4298 - Jeodezi ve Haritacılık | 8324 - Harita Mühendisliği | 9034 - Geomatik Mühendisliği | 7225 - Güvenlik Tahkikatının Olumlu Sonuçlanması.;016e266f-7956-e711-80d3-a0369f7d149c
2017;1;390944909;Kadıköy (İstanbul) Belediye Başkanlığı;Tahsildar;İstanbul;Lisans;3;;85.661;87.441;"4431;3226;3361;3381;5123;8207;8208;8296;8334;7225";4431 - Aşağıdaki lisans programlarından birinden mezun olmak. | 3226 - İşletme / İşletmecilik | 3361 - Yönetim Bilişim Sistemleri | 3381 - Muhasebe-Finansman | 5123 - Muhasebe ve Finansal Yönetim / Muhasebe ve Finans Yönetimi | 8207 - İş İdaresi | 8208 - İş İdaresi ve İktisat | 8296 - Yönetim ve Organizasyon | 8334 - Pazarlama | 7225 - Güvenlik Tahkikatının Olumlu Sonuçlanması.;4f6b266f-7956-e711-80d3-a0369f7d149c
2017;1;391276673;Türkiye Elektrik İletim.A.Ş.Gen.Md.;Mühendis;Ankara;Lisans;6;;85.661;90.016;"4611;3160;3162;7109;7225;7257";4611 - Aşağıdaki lisans programlarından birinden mezun olmak. | 3160 - Elektrik Mühendisliği | 3162 - Elektrik ve Elektronik Mühendisliği / Elektrik-Elektronik Mühendisliği | 7109 - Son 5 Yıl İçerisinde KPDS/YDS En Az B Seviyesinde İngilizce Bilmek. | 7225 - Güvenlik Tahkikatının Olumlu Sonuçlanması. | 7257 - Seyahate ve Arazide Çalışmaya Elverişli olmak.;df69266f-7956-e711-80d3-a0369f7d149c
2017;1;390796361;Tapu ve Kadastro Genel Müdürlüğü;Mühendis;Kırıkkale;Lisans;1;;85.66;85.66;"4689;3233;4298;8324;9034;7225";4689 - Aşağıdaki lisans programlarından birinden mezun olmak. | 3233 - Jeodezi ve Fotogrametri Mühendisliği | 4298 - Jeodezi ve Haritacılık | 8324 - Harita Mühendisliği | 9034 - Geomatik Mühendisliği | 7225 - Güvenlik Tahkikatının Olumlu Sonuçlanması.;b66d266f-7956-e711-80d3-a0369f7d149c
2017;1;390465701;Sosyal Güvenlik Kurumu Başkanlığı;İcra Memuru;Iğdır;Lisans;1;;85.653;85.653;"4419;3209;4421;3159;3213;5131;8208;4427;3158;4429;3141;8312;4431;3226;3361;3381;5123;8207;8208;8296;8334;4459;3254;4322;8225;4503;3237;3313;3314;6199;7225;7315";4419 - Aşağıdaki lisans programlarından birinden mezun olmak. | 3209 - Hukuk | 4421 - Aşağıdaki lisans programlarından birinden mezun olmak. | 3159 - Ekonomi | 3213 - İktisat | 5131 - Uluslararası Ticaret ve Finansman | 8208 - İş İdaresi ve İktisat | 4427 - Aşağıdaki lisans programlarından birinden mezun olmak. | 3158 - Ekonometri | 4429 - Aşağıdaki lisans programlarından birinden mezun olmak. | 3141 - Çalışma Ekonomisi ve Endüstri İlişkileri | 8312 - Çalışma Ekonomisi | 4431 - Aşağıdaki lisans programlarından birinden mezun olmak. | 3226 - İşletme / İşletmecilik | 3361 - Yönetim Bilişim Sistemleri | 3381 - Muhasebe-Finansman | 5123 - Muhasebe ve Finansal Yönetim / Muhasebe ve Finans Yönetimi | 8207 - İş İdaresi | 8208 - İş İdaresi ve İktisat | 8296 - Yönetim ve Organizasyon | 8334 - Pazarlama | 4459 - Aşağıdaki lisans programlarından birinden mezun olmak. | 3254 - Maliye | 4322 - Muhasebe ve Maliye | 8225 - Maliye-Muhasebe | 4503 - Aşağıdaki lisans programlarından birinden mezun olmak. | 3237 - Kamu Yönetimi | 3313 - Siyaset Bilimi | 3314 - Siyaset Bilimi ve Kamu Yönetimi | 6199 - Yerleştirme işlemlerinin ilk günü itibariyle 30 yaşını doldurmamış olmak | 7225 - Güvenlik Tahkikatının Olumlu Sonuçlanması. | 7315 - (Bakınız Başvurma Özel Şartları Bölümü İcra Memuru);ec6d266f-7956-e711-80d3-a0369f7d149c
2017;1;390933745;Çorum İl Özel İdaresi;Veri Hazırlama ve Kontrol İşletmeni;Çorum;Lisans;1;;85.652;85.652;"4503;3237;3313;3314;6225;7225";4503 - Aşağıdaki lisans programlarından birinden mezun olmak. | 3237 - Kamu Yönetimi | 3313 - Siyaset Bilimi | 3314 - Siyaset Bilimi ve Kamu Yönetimi | 6225 - M.E.B.'Dan Onaylı Bilgisayar İşletmeni Sertifikası Sahibi olmak. | 7225 - Güvenlik Tahkikatının Olumlu Sonuçlanması.;986a266f-7956-e711-80d3-a0369f7d149c
2017;1;390465941;Sosyal Güvenlik Kurumu Başkanlığı;Memur;İstanbul;Lisans;2;;85.643;85.915;"4421;3159;3213;5131;8208;4431;3226;3361;3381;5123;8207;8208;8296;8334;4459;3254;4322;8225;4469;3306;5127;4503;3237;3313;3314;4507;3313;3315;3352;3353;5116;5142;7225";4421 - Aşağıdaki lisans programlarından birinden mezun olmak. | 3159 - Ekonomi | 3213 - İktisat | 5131 - Uluslararası Ticaret ve Finansman | 8208 - İş İdaresi ve İktisat | 4431 - Aşağıdaki lisans programlarından birinden mezun olmak. | 3226 - İşletme / İşletmecilik | 3361 - Yönetim Bilişim Sistemleri | 3381 - Muhasebe-Finansman | 5123 - Muhasebe ve Finansal Yönetim / Muhasebe ve Finans Yönetimi | 8207 - İş İdaresi | 8208 - İş İdaresi ve İktisat | 8296 - Yönetim ve Organizasyon | 8334 - Pazarlama | 4459 - Aşağıdaki lisans programlarından birinden mezun olmak. | 3254 - Maliye | 4322 - Muhasebe ve Maliye | 8225 - Maliye-Muhasebe | 4469 - Aşağıdaki lisans programlarından birinden mezun olmak. | 3306 - Sigortacılık | 5127 - Sigortacılık ve Risk Yönetimi | 4503 - Aşağıdaki lisans programlarından birinden mezun olmak. | 3237 - Kamu Yönetimi | 3313 - Siyaset Bilimi | 3314 - Siyaset Bilimi ve Kamu Yönetimi | 4507 - Aşağıdaki lisans programlarından birinden mezun olmak. | 3313 - Siyaset Bilimi | 3315 - Siyaset Bilimi ve Uluslararası İlişkiler | 3352 - Uluslararası İlişkiler | 3353 - Uluslararası İlişkiler ve Avrupa Birliği | 5116 - Küresel ve Uluslararası İlişkiler / Küresel Siyaset ve Uluslararası İlişkiler | 5142 - Toplumsal ve Siyasal Bilimler | 7225 - Güvenlik Tahkikatının Olumlu Sonuçlanması.;ac6b266f-7956-e711-80d3-a0369f7d149c
2017;1;391276757;Türkiye Elektrik İletim.A.Ş.Gen.Md.;Mühendis;Edirne;Lisans;2;;85.636;86.281;"4689;3233;4298;8324;9034;7225;7257";4689 - Aşağıdaki lisans programlarından birinden mezun olmak. | 3233 - Jeodezi ve Fotogrametri Mühendisliği | 4298 - Jeodezi ve Haritacılık | 8324 - Harita Mühendisliği | 9034 - Geomatik Mühendisliği | 7225 - Güvenlik Tahkikatının Olumlu Sonuçlanması. | 7257 - Seyahate ve Arazide Çalışmaya Elverişli olmak.;cb6a266f-7956-e711-80d3-a0369f7d149c
2017;1;390944675;Gebze Belediye Başkanlığı;Zabıta Memuru;Kocaeli;Lisans;2;;85.629;86.574;"4799;3191;6199;6506;6519;7225;7300";4799 - Aşağıdaki lisans programlarından birinden mezun olmak. | 3191 - Gıda Mühendisliği | 6199 - Yerleştirme işlemlerinin ilk günü itibariyle 30 yaşını doldurmamış olmak | 6506 - B sınıfı sürücü belgesine sahip olmak | 6519 - İstenilen Sınıftaki Sürücü Belgesine En Az (5) Yıldır Sahip olmak. | 7225 - Güvenlik Tahkikatının Olumlu Sonuçlanması. | 7300 - Bu kadro/pozisyonda vardiya sistemi uygulanmaktadır.;126c266f-7956-e711-80d3-a0369f7d149c
2017;1;390944741;Haliliye Belediye Başkanlığı;Memur;Şanlıurfa;Lisans;3;;85.613;87.857;"4503;3237;3313;3314;7225;7257";4503 - Aşağıdaki lisans programlarından birinden mezun olmak. | 3237 - Kamu Yönetimi | 3313 - Siyaset Bilimi | 3314 - Siyaset Bilimi ve Kamu Yönetimi | 7225 - Güvenlik Tahkikatının Olumlu Sonuçlanması. | 7257 - Seyahate ve Arazide Çalışmaya Elverişli olmak.;416d266f-7956-e711-80d3-a0369f7d149c
2017;1;390937243;Uşak İl Özel İdaresi;Veri Hazırlama ve Kontrol İşletmeni;Uşak;Lisans;3;;85.613;88.399;"4431;3226;3361;3381;5123;8207;8208;8296;8334;4459;3254;4322;8225;4503;3237;3313;3314;6225;7225";4431 - Aşağıdaki lisans programlarından birinden mezun olmak. | 3226 - İşletme / İşletmecilik | 3361 - Yönetim Bilişim Sistemleri | 3381 - Muhasebe-Finansman | 5123 - Muhasebe ve Finansal Yönetim / Muhasebe ve Finans Yönetimi | 8207 - İş İdaresi | 8208 - İş İdaresi ve İktisat | 8296 - Yönetim ve Organizasyon | 8334 - Pazarlama | 4459 - Aşağıdaki lisans programlarından birinden mezun olmak. | 3254 - Maliye | 4322 - Muhasebe ve Maliye | 8225 - Maliye-Muhasebe | 4503 - Aşağıdaki lisans programlarından birinden mezun olmak. | 3237 - Kamu Yönetimi | 3313 - Siyaset Bilimi | 3314 - Siyaset Bilimi ve Kamu Yönetimi | 6225 - M.E.B.'Dan Onaylı Bilgisayar İşletmeni Sertifikası Sahibi olmak. | 7225 - Güvenlik Tahkikatının Olumlu Sonuçlanması.;5b6d266f-7956-e711-80d3-a0369f7d149c
2017;1;390796301;Tapu ve Kadastro Genel Müdürlüğü;Mühendis;Gaziantep;Lisans;2;;85.6;86.279;"4689;3233;4298;8324;9034;7225";4689 - Aşağıdaki lisans programlarından birinden mezun olmak. | 3233 - Jeodezi ve Fotogrametri Mühendisliği | 4298 - Jeodezi ve Haritacılık | 8324 - Harita Mühendisliği | 9034 - Geomatik Mühendisliği | 7225 - Güvenlik Tahkikatının Olumlu Sonuçlanması.;0b6b266f-7956-e711-80d3-a0369f7d149c
2017;1;391083955;Devlet Hava Meydanları İşletmesi Genel Müdürlüğü;Memur;Kars;Lisans;1;;85.575;85.575;"4493;3312;7225";4493 - Aşağıdaki lisans programlarından birinden mezun olmak. | 3312 - Sivil Hava Ulaştırma İşletmeciliği | 7225 - Güvenlik Tahkikatının Olumlu Sonuçlanması.;c86b266f-7956-e711-80d3-a0369f7d149c
2017;1;390796385;Tapu ve Kadastro Genel Müdürlüğü;Mühendis;Malatya;Lisans;2;;85.559;86.024;"4689;3233;4298;8324;9034;7225";4689 - Aşağıdaki lisans programlarından birinden mezun olmak. | 3233 - Jeodezi ve Fotogrametri Mühendisliği | 4298 - Jeodezi ve Haritacılık | 8324 - Harita Mühendisliği | 9034 - Geomatik Mühendisliği | 7225 - Güvenlik Tahkikatının Olumlu Sonuçlanması.;2a6c266f-7956-e711-80d3-a0369f7d149c
2017;1;390944897;Kadıköy (İstanbul) Belediye Başkanlığı;Memur;İstanbul;Lisans;1;;85.544;85.544;"4503;3237;3313;3314;6907;7225";4503 - Aşağıdaki lisans programlarından birinden mezun olmak. | 3237 - Kamu Yönetimi | 3313 - Siyaset Bilimi | 3314 - Siyaset Bilimi ve Kamu Yönetimi | 6907 - Son 5 Yıl İçerisinde KPDS/YDS En Az C Seviyesinde Almanca Bilmek. | 7225 - Güvenlik Tahkikatının Olumlu Sonuçlanması.;4d6b266f-7956-e711-80d3-a0369f7d149c
2017;1;391083991;Devlet Hava Meydanları İşletmesi Genel Müdürlüğü;Memur;Siirt;Lisans;1;;85.528;85.528;"4493;3312;7225";4493 - Aşağıdaki lisans programlarından birinden mezun olmak. | 3312 - Sivil Hava Ulaştırma İşletmeciliği | 7225 - Güvenlik Tahkikatının Olumlu Sonuçlanması.;c16c266f-7956-e711-80d3-a0369f7d149c
2017;1;390946127;Suruç Belediye Başkanlığı;Veri Hazırlama ve Kontrol İşletmeni;Şanlıurfa;Lisans;1;;85.528;85.528;"4503;3237;3313;3314;6225;7225";4503 - Aşağıdaki lisans programlarından birinden mezun olmak. | 3237 - Kamu Yönetimi | 3313 - Siyaset Bilimi | 3314 - Siyaset Bilimi ve Kamu Yönetimi | 6225 - M.E.B.'Dan Onaylı Bilgisayar İşletmeni Sertifikası Sahibi olmak. | 7225 - Güvenlik Tahkikatının Olumlu Sonuçlanması.;3a6d266f-7956-e711-80d3-a0369f7d149c
2017;1;390946481;Tunceli Belediye Başkanlığı;Memur;Tunceli;Lisans;3;;85.481;86.218;"4421;3159;3213;5131;8208;4431;3226;3361;3381;5123;8207;8208;8296;8334;7225";4421 - Aşağıdaki lisans programlarından birinden mezun olmak. | 3159 - Ekonomi | 3213 - İktisat | 5131 - Uluslararası Ticaret ve Finansman | 8208 - İş İdaresi ve İktisat | 4431 - Aşağıdaki lisans programlarından birinden mezun olmak. | 3226 - İşletme / İşletmecilik | 3361 - Yönetim Bilişim Sistemleri | 3381 - Muhasebe-Finansman | 5123 - Muhasebe ve Finansal Yönetim / Muhasebe ve Finans Yönetimi | 8207 - İş İdaresi | 8208 - İş İdaresi ve İktisat | 8296 - Yönetim ve Organizasyon | 8334 - Pazarlama | 7225 - Güvenlik Tahkikatının Olumlu Sonuçlanması.;206d266f-7956-e711-80d3-a0369f7d149c
2017;1;390945509;Pamukkale Belediye Başkanlığı;Şehir Plancısı;Denizli;Lisans;1;;85.445;85.445;"4757;3322;7225;7257";4757 - Aşağıdaki lisans programlarından birinden mezun olmak. | 3322 - Şehir ve Bölge Planlama | 7225 - Güvenlik Tahkikatının Olumlu Sonuçlanması. | 7257 - Seyahate ve Arazide Çalışmaya Elverişli olmak.;9f6a266f-7956-e711-80d3-a0369f7d149c
2017;1;390796337;Tapu ve Kadastro Genel Müdürlüğü;Mühendis;Kahramanmaraş;Lisans;2;;85.421;85.837;"4689;3233;4298;8324;9034;7225";4689 - Aşağıdaki lisans programlarından birinden mezun olmak. | 3233 - Jeodezi ve Fotogrametri Mühendisliği | 4298 - Jeodezi ve Haritacılık | 8324 - Harita Mühendisliği | 9034 - Geomatik Mühendisliği | 7225 - Güvenlik Tahkikatının Olumlu Sonuçlanması.;3a6c266f-7956-e711-80d3-a0369f7d149c
2017;1;390944969;Karamanlı Belediye Başkanlığı;Şehir Plancısı;Burdur;Lisans;1;;85.42;85.42;"4757;3322;7225";4757 - Aşağıdaki lisans programlarından birinden mezun olmak. | 3322 - Şehir ve Bölge Planlama | 7225 - Güvenlik Tahkikatının Olumlu Sonuçlanması.;526a266f-7956-e711-80d3-a0369f7d149c
2017;1;390937591;Zonguldak İl Özel İdaresi;Memur;Zonguldak;Lisans;4;;85.414;86.728;"4503;3237;3313;3314;6225;7225";4503 - Aşağıdaki lisans programlarından birinden mezun olmak. | 3237 - Kamu Yönetimi | 3313 - Siyaset Bilimi | 3314 - Siyaset Bilimi ve Kamu Yönetimi | 6225 - M.E.B.'Dan Onaylı Bilgisayar İşletmeni Sertifikası Sahibi olmak. | 7225 - Güvenlik Tahkikatının Olumlu Sonuçlanması.;856d266f-7956-e711-80d3-a0369f7d149c
2017;1;391175215;Makina ve Kimya Endüstrisi Kurumu Genel Müdürlüğü;Memur;Kırıkkale;Lisans;10;;85.396;87.222;"4421;3159;3213;5131;8208;4431;3226;3361;3381;5123;8207;8208;8296;8334;7225";4421 - Aşağıdaki lisans programlarından birinden mezun olmak. | 3159 - Ekonomi | 3213 - İktisat | 5131 - Uluslararası Ticaret ve Finansman | 8208 - İş İdaresi ve İktisat | 4431 - Aşağıdaki lisans programlarından birinden mezun olmak. | 3226 - İşletme / İşletmecilik | 3361 - Yönetim Bilişim Sistemleri | 3381 - Muhasebe-Finansman | 5123 - Muhasebe ve Finansal Yönetim / Muhasebe ve Finans Yönetimi | 8207 - İş İdaresi | 8208 - İş İdaresi ve İktisat | 8296 - Yönetim ve Organizasyon | 8334 - Pazarlama | 7225 - Güvenlik Tahkikatının Olumlu Sonuçlanması.;b86d266f-7956-e711-80d3-a0369f7d149c
2017;1;390944747;Haliliye Belediye Başkanlığı;Mimar;Şanlıurfa;Lisans;2;;85.39;85.792;"4747;3263;7109;7225;7257";4747 - Aşağıdaki lisans programlarından birinden mezun olmak. | 3263 - Mimarlık | 7109 - Son 5 Yıl İçerisinde KPDS/YDS En Az B Seviyesinde İngilizce Bilmek. | 7225 - Güvenlik Tahkikatının Olumlu Sonuçlanması. | 7257 - Seyahate ve Arazide Çalışmaya Elverişli olmak.;426d266f-7956-e711-80d3-a0369f7d149c
2017;1;310875515;Recep Tayyip Erdoğan Üniversitesi;Bilgisayar İşletmeni;Rize;Lisans;2;;85.358;85.613;"4421;3159;3213;5131;8208;4431;3226;3361;3381;5123;8207;8208;8296;8334;4459;3254;4322;8225;4503;3237;3313;3314;6225;7225";4421 - Aşağıdaki lisans programlarından birinden mezun olmak. | 3159 - Ekonomi | 3213 - İktisat | 5131 - Uluslararası Ticaret ve Finansman | 8208 - İş İdaresi ve İktisat | 4431 - Aşağıdaki lisans programlarından birinden mezun olmak. | 3226 - İşletme / İşletmecilik | 3361 - Yönetim Bilişim Sistemleri | 3381 - Muhasebe-Finansman | 5123 - Muhasebe ve Finansal Yönetim / Muhasebe ve Finans Yönetimi | 8207 - İş İdaresi | 8208 - İş İdaresi ve İktisat | 8296 - Yönetim ve Organizasyon | 8334 - Pazarlama | 4459 - Aşağıdaki lisans programlarından birinden mezun olmak. | 3254 - Maliye | 4322 - Muhasebe ve Maliye | 8225 - Maliye-Muhasebe | 4503 - Aşağıdaki lisans programlarından birinden mezun olmak. | 3237 - Kamu Yönetimi | 3313 - Siyaset Bilimi | 3314 - Siyaset Bilimi ve Kamu Yönetimi | 6225 - M.E.B.'Dan Onaylı Bilgisayar İşletmeni Sertifikası Sahibi olmak. | 7225 - Güvenlik Tahkikatının Olumlu Sonuçlanması.;7e6c266f-7956-e711-80d3-a0369f7d149c
2017;1;390796193;Tapu ve Kadastro Genel Müdürlüğü;Mühendis;Afyonkarahisar;Lisans;1;;85.351;85.351;"4689;3233;4298;8324;9034;7225";4689 - Aşağıdaki lisans programlarından birinden mezun olmak. | 3233 - Jeodezi ve Fotogrametri Mühendisliği | 4298 - Jeodezi ve Haritacılık | 8324 - Harita Mühendisliği | 9034 - Geomatik Mühendisliği | 7225 - Güvenlik Tahkikatının Olumlu Sonuçlanması.;5669266f-7956-e711-80d3-a0369f7d149c
2017;1;390466043;Sosyal Güvenlik Kurumu Başkanlığı;Memur;Şanlıurfa;Lisans;1;;85.349;85.349;"4429;3141;8312;7225";4429 - Aşağıdaki lisans programlarından birinden mezun olmak. | 3141 - Çalışma Ekonomisi ve Endüstri İlişkileri | 8312 - Çalışma Ekonomisi | 7225 - Güvenlik Tahkikatının Olumlu Sonuçlanması.;276d266f-7956-e711-80d3-a0369f7d149c
2017;1;391175221;Makina ve Kimya Endüstrisi Kurumu Genel Müdürlüğü;Memur;Kırıkkale;Lisans;5;;85.337;85.582;"4431;3226;3361;3381;5123;8207;8208;8296;8334;7225";4431 - Aşağıdaki lisans programlarından birinden mezun olmak. | 3226 - İşletme / İşletmecilik | 3361 - Yönetim Bilişim Sistemleri | 3381 - Muhasebe-Finansman | 5123 - Muhasebe ve Finansal Yönetim / Muhasebe ve Finans Yönetimi | 8207 - İş İdaresi | 8208 - İş İdaresi ve İktisat | 8296 - Yönetim ve Organizasyon | 8334 - Pazarlama | 7225 - Güvenlik Tahkikatının Olumlu Sonuçlanması.;b96d266f-7956-e711-80d3-a0369f7d149c
2017;1;390466031;Sosyal Güvenlik Kurumu Başkanlığı;Memur;Sakarya;Lisans;1;;85.334;85.334;"4429;3141;8312;7225";4429 - Aşağıdaki lisans programlarından birinden mezun olmak. | 3141 - Çalışma Ekonomisi ve Endüstri İlişkileri | 8312 - Çalışma Ekonomisi | 7225 - Güvenlik Tahkikatının Olumlu Sonuçlanması.;b96c266f-7956-e711-80d3-a0369f7d149c
2017;1;391073547;Çay İşletmeleri Genel Müdürlüğü;Memur;Rize;Lisans;1;;85.321;85.321;"4421;3159;3213;5131;8208;4426;6229;4431;3226;3361;3381;5123;8207;8208;8296;8334;7225";4421 - Aşağıdaki lisans programlarından birinden mezun olmak. | 3159 - Ekonomi | 3213 - İktisat | 5131 - Uluslararası Ticaret ve Finansman | 8208 - İş İdaresi ve İktisat | 4426 - Aşağıdaki lisans programlarından birinden mezun olmak. | 6229 - İşletme-Ekonomi / İşletme-İktisat | 4431 - Aşağıdaki lisans programlarından birinden mezun olmak. | 3226 - İşletme / İşletmecilik | 3361 - Yönetim Bilişim Sistemleri | 3381 - Muhasebe-Finansman | 5123 - Muhasebe ve Finansal Yönetim / Muhasebe ve Finans Yönetimi | 8207 - İş İdaresi | 8208 - İş İdaresi ve İktisat | 8296 - Yönetim ve Organizasyon | 8334 - Pazarlama | 7225 - Güvenlik Tahkikatının Olumlu Sonuçlanması.;996c266f-7956-e711-80d3-a0369f7d149c
2017;1;399994627;Et ve Süt Kurumu Genel Müdürlüğü;Memur;Sivas;Lisans;4;;85.319;85.62;"4418;9319;4426;6229;4431;3226;3361;3381;5123;8207;8208;8296;8334;4440;8338;4441;4367;7225";4418 - Aşağıdaki lisans programlarından birinden mezun olmak. | 9319 - İktisadi ve İdari Bilimler Programları | 4426 - Aşağıdaki lisans programlarından birinden mezun olmak. | 6229 - İşletme-Ekonomi / İşletme-İktisat | 4431 - Aşağıdaki lisans programlarından birinden mezun olmak. | 3226 - İşletme / İşletmecilik | 3361 - Yönetim Bilişim Sistemleri | 3381 - Muhasebe-Finansman | 5123 - Muhasebe ve Finansal Yönetim / Muhasebe ve Finans Yönetimi | 8207 - İş İdaresi | 8208 - İş İdaresi ve İktisat | 8296 - Yönetim ve Organizasyon | 8334 - Pazarlama | 4440 - Aşağıdaki lisans programlarından birinden mezun olmak. | 8338 - Ticari Bilimler | 4441 - Aşağıdaki lisans programlarından birinden mezun olmak. | 4367 - Ticaret Ekonomisi | 7225 - Güvenlik Tahkikatının Olumlu Sonuçlanması.;e06c266f-7956-e711-80d3-a0369f7d149c
2017;1;390465695;Sosyal Güvenlik Kurumu Başkanlığı;İcra Memuru;Hakkari;Lisans;1;;85.319;85.319;"4419;3209;4421;3159;3213;5131;8208;4427;3158;4429;3141;8312;4431;3226;3361;3381;5123;8207;8208;8296;8334;4459;3254;4322;8225;4503;3237;3313;3314;6199;7225;7315";4419 - Aşağıdaki lisans programlarından birinden mezun olmak. | 3209 - Hukuk | 4421 - Aşağıdaki lisans programlarından birinden mezun olmak. | 3159 - Ekonomi | 3213 - İktisat | 5131 - Uluslararası Ticaret ve Finansman | 8208 - İş İdaresi ve İktisat | 4427 - Aşağıdaki lisans programlarından birinden mezun olmak. | 3158 - Ekonometri | 4429 - Aşağıdaki lisans programlarından birinden mezun olmak. | 3141 - Çalışma Ekonomisi ve Endüstri İlişkileri | 8312 - Çalışma Ekonomisi | 4431 - Aşağıdaki lisans programlarından birinden mezun olmak. | 3226 - İşletme / İşletmecilik | 3361 - Yönetim Bilişim Sistemleri | 3381 - Muhasebe-Finansman | 5123 - Muhasebe ve Finansal Yönetim / Muhasebe ve Finans Yönetimi | 8207 - İş İdaresi | 8208 - İş İdaresi ve İktisat | 8296 - Yönetim ve Organizasyon | 8334 - Pazarlama | 4459 - Aşağıdaki lisans programlarından birinden mezun olmak. | 3254 - Maliye | 4322 - Muhasebe ve Maliye | 8225 - Maliye-Muhasebe | 4503 - Aşağıdaki lisans programlarından birinden mezun olmak. | 3237 - Kamu Yönetimi | 3313 - Siyaset Bilimi | 3314 - Siyaset Bilimi ve Kamu Yönetimi | 6199 - Yerleştirme işlemlerinin ilk günü itibariyle 30 yaşını doldurmamış olmak | 7225 - Güvenlik Tahkikatının Olumlu Sonuçlanması. | 7315 - (Bakınız Başvurma Özel Şartları Bölümü İcra Memuru);176b266f-7956-e711-80d3-a0369f7d149c
2017;1;390796355;Tapu ve Kadastro Genel Müdürlüğü;Mühendis;Kastamonu;Lisans;2;;85.319;87.966;"4689;3233;4298;8324;9034;7225";4689 - Aşağıdaki lisans programlarından birinden mezun olmak. | 3233 - Jeodezi ve Fotogrametri Mühendisliği | 4298 - Jeodezi ve Haritacılık | 8324 - Harita Mühendisliği | 9034 - Geomatik Mühendisliği | 7225 - Güvenlik Tahkikatının Olumlu Sonuçlanması.;e96b266f-7956-e711-80d3-a0369f7d149c
2017;1;390937207;Uşak İl Özel İdaresi;Memur;Uşak;Lisans;2;;85.288;85.552;"4431;3226;3361;3381;5123;8207;8208;8296;8334;4459;3254;4322;8225;6225;7225";4431 - Aşağıdaki lisans programlarından birinden mezun olmak. | 3226 - İşletme / İşletmecilik | 3361 - Yönetim Bilişim Sistemleri | 3381 - Muhasebe-Finansman | 5123 - Muhasebe ve Finansal Yönetim / Muhasebe ve Finans Yönetimi | 8207 - İş İdaresi | 8208 - İş İdaresi ve İktisat | 8296 - Yönetim ve Organizasyon | 8334 - Pazarlama | 4459 - Aşağıdaki lisans programlarından birinden mezun olmak. | 3254 - Maliye | 4322 - Muhasebe ve Maliye | 8225 - Maliye-Muhasebe | 6225 - M.E.B.'Dan Onaylı Bilgisayar İşletmeni Sertifikası Sahibi olmak. | 7225 - Güvenlik Tahkikatının Olumlu Sonuçlanması.;556d266f-7956-e711-80d3-a0369f7d149c
2017;1;390796331;Tapu ve Kadastro Genel Müdürlüğü;Mühendis;Isparta;Lisans;1;;85.275;85.275;"4689;3233;4298;8324;9034;7225";4689 - Aşağıdaki lisans programlarından birinden mezun olmak. | 3233 - Jeodezi ve Fotogrametri Mühendisliği | 4298 - Jeodezi ve Haritacılık | 8324 - Harita Mühendisliği | 9034 - Geomatik Mühendisliği | 7225 - Güvenlik Tahkikatının Olumlu Sonuçlanması.;326b266f-7956-e711-80d3-a0369f7d149c
2017;1;391276841;Türkiye Elektrik İletim.A.Ş.Gen.Md.;Mühendis;İstanbul;Lisans;1;;85.273;85.273;"4611;3160;3162;7109;7225;7257;7300";4611 - Aşağıdaki lisans programlarından birinden mezun olmak. | 3160 - Elektrik Mühendisliği | 3162 - Elektrik ve Elektronik Mühendisliği / Elektrik-Elektronik Mühendisliği | 7109 - Son 5 Yıl İçerisinde KPDS/YDS En Az B Seviyesinde İngilizce Bilmek. | 7225 - Güvenlik Tahkikatının Olumlu Sonuçlanması. | 7257 - Seyahate ve Arazide Çalışmaya Elverişli olmak. | 7300 - Bu kadro/pozisyonda vardiya sistemi uygulanmaktadır.;6c6b266f-7956-e711-80d3-a0369f7d149c
2017;1;390947507;Zeytinburnu Belediye Başkanlığı;Memur;İstanbul;Lisans;1;;85.273;85.273;"4431;3226;3361;3381;5123;8207;8208;8296;8334;7225";4431 - Aşağıdaki lisans programlarından birinden mezun olmak. | 3226 - İşletme / İşletmecilik | 3361 - Yönetim Bilişim Sistemleri | 3381 - Muhasebe-Finansman | 5123 - Muhasebe ve Finansal Yönetim / Muhasebe ve Finans Yönetimi | 8207 - İş İdaresi | 8208 - İş İdaresi ve İktisat | 8296 - Yönetim ve Organizasyon | 8334 - Pazarlama | 7225 - Güvenlik Tahkikatının Olumlu Sonuçlanması.;586b266f-7956-e711-80d3-a0369f7d149c
2017;1;390935575;Sinop İl Özel İdaresi;Şehir Plancısı;Sinop;Lisans;1;;85.242;85.242;"4757;3322;7225;7257";4757 - Aşağıdaki lisans programlarından birinden mezun olmak. | 3322 - Şehir ve Bölge Planlama | 7225 - Güvenlik Tahkikatının Olumlu Sonuçlanması. | 7257 - Seyahate ve Arazide Çalışmaya Elverişli olmak.;d76c266f-7956-e711-80d3-a0369f7d149c
2017;1;390933505;Çanakkale İl Özel İdaresi;Mühendis;Çanakkale;Lisans;1;;85.241;85.241;"4689;3233;4298;8324;9034;7225";4689 - Aşağıdaki lisans programlarından birinden mezun olmak. | 3233 - Jeodezi ve Fotogrametri Mühendisliği | 4298 - Jeodezi ve Haritacılık | 8324 - Harita Mühendisliği | 9034 - Geomatik Mühendisliği | 7225 - Güvenlik Tahkikatının Olumlu Sonuçlanması.;7c6a266f-7956-e711-80d3-a0369f7d149c
2017;1;390947483;Zeytinburnu Belediye Başkanlığı;Memur;İstanbul;Lisans;5;;85.221;85.715;"4431;3226;3361;3381;5123;8207;8208;8296;8334;6506;7225";4431 - Aşağıdaki lisans programlarından birinden mezun olmak. | 3226 - İşletme / İşletmecilik | 3361 - Yönetim Bilişim Sistemleri | 3381 - Muhasebe-Finansman | 5123 - Muhasebe ve Finansal Yönetim / Muhasebe ve Finans Yönetimi | 8207 - İş İdaresi | 8208 - İş İdaresi ve İktisat | 8296 - Yönetim ve Organizasyon | 8334 - Pazarlama | 6506 - B sınıfı sürücü belgesine sahip olmak | 7225 - Güvenlik Tahkikatının Olumlu Sonuçlanması.;546b266f-7956-e711-80d3-a0369f7d149c
2017;1;390796307;Tapu ve Kadastro Genel Müdürlüğü;Mühendis;Gümüşhane;Lisans;2;;85.189;86.239;"4689;3233;4298;8324;9034;7225";4689 - Aşağıdaki lisans programlarından birinden mezun olmak. | 3233 - Jeodezi ve Fotogrametri Mühendisliği | 4298 - Jeodezi ve Haritacılık | 8324 - Harita Mühendisliği | 9034 - Geomatik Mühendisliği | 7225 - Güvenlik Tahkikatının Olumlu Sonuçlanması.;136b266f-7956-e711-80d3-a0369f7d149c
2017;1;390465785;Sosyal Güvenlik Kurumu Başkanlığı;Memur;Balıkesir;Lisans;1;;85.187;85.187;"4429;3141;8312;7225";4429 - Aşağıdaki lisans programlarından birinden mezun olmak. | 3141 - Çalışma Ekonomisi ve Endüstri İlişkileri | 8312 - Çalışma Ekonomisi | 7225 - Güvenlik Tahkikatının Olumlu Sonuçlanması.;2d6a266f-7956-e711-80d3-a0369f7d149c
2017;1;391073535;Çay İşletmeleri Genel Müdürlüğü;Memur;Artvin;Lisans;1;;85.163;85.163;"4431;3226;3361;3381;5123;8207;8208;8296;8334;4453;3268;3269;5123;7225";4431 - Aşağıdaki lisans programlarından birinden mezun olmak. | 3226 - İşletme / İşletmecilik | 3361 - Yönetim Bilişim Sistemleri | 3381 - Muhasebe-Finansman | 5123 - Muhasebe ve Finansal Yönetim / Muhasebe ve Finans Yönetimi | 8207 - İş İdaresi | 8208 - İş İdaresi ve İktisat | 8296 - Yönetim ve Organizasyon | 8334 - Pazarlama | 4453 - Aşağıdaki lisans programlarından birinden mezun olmak. | 3268 - Muhasebe | 3269 - Muhasebe Bilgi Sistemleri | 5123 - Muhasebe ve Finansal Yönetim / Muhasebe ve Finans Yönetimi | 7225 - Güvenlik Tahkikatının Olumlu Sonuçlanması.;256a266f-7956-e711-80d3-a0369f7d149c
2017;1;390796319;Tapu ve Kadastro Genel Müdürlüğü;Mühendis;Hatay;Lisans;2;;85.141;85.211;"4689;3233;4298;8324;9034;7225";4689 - Aşağıdaki lisans programlarından birinden mezun olmak. | 3233 - Jeodezi ve Fotogrametri Mühendisliği | 4298 - Jeodezi ve Haritacılık | 8324 - Harita Mühendisliği | 9034 - Geomatik Mühendisliği | 7225 - Güvenlik Tahkikatının Olumlu Sonuçlanması.;306b266f-7956-e711-80d3-a0369f7d149c
2017;1;391073541;Çay İşletmeleri Genel Müdürlüğü;Memur;Giresun;Lisans;1;;85.126;85.126;"4431;3226;3361;3381;5123;8207;8208;8296;8334;4453;3268;3269;5123;7225";4431 - Aşağıdaki lisans programlarından birinden mezun olmak. | 3226 - İşletme / İşletmecilik | 3361 - Yönetim Bilişim Sistemleri | 3381 - Muhasebe-Finansman | 5123 - Muhasebe ve Finansal Yönetim / Muhasebe ve Finans Yönetimi | 8207 - İş İdaresi | 8208 - İş İdaresi ve İktisat | 8296 - Yönetim ve Organizasyon | 8334 - Pazarlama | 4453 - Aşağıdaki lisans programlarından birinden mezun olmak. | 3268 - Muhasebe | 3269 - Muhasebe Bilgi Sistemleri | 5123 - Muhasebe ve Finansal Yönetim / Muhasebe ve Finans Yönetimi | 7225 - Güvenlik Tahkikatının Olumlu Sonuçlanması.;0c6b266f-7956-e711-80d3-a0369f7d149c
2017;1;391073625;Çay İşletmeleri Genel Müdürlüğü;Memur;Trabzon;Lisans;1;;85.126;85.126;"4421;3159;3213;5131;8208;4426;6229;4431;3226;3361;3381;5123;8207;8208;8296;8334;7225";4421 - Aşağıdaki lisans programlarından birinden mezun olmak. | 3159 - Ekonomi | 3213 - İktisat | 5131 - Uluslararası Ticaret ve Finansman | 8208 - İş İdaresi ve İktisat | 4426 - Aşağıdaki lisans programlarından birinden mezun olmak. | 6229 - İşletme-Ekonomi / İşletme-İktisat | 4431 - Aşağıdaki lisans programlarından birinden mezun olmak. | 3226 - İşletme / İşletmecilik | 3361 - Yönetim Bilişim Sistemleri | 3381 - Muhasebe-Finansman | 5123 - Muhasebe ve Finansal Yönetim / Muhasebe ve Finans Yönetimi | 8207 - İş İdaresi | 8208 - İş İdaresi ve İktisat | 8296 - Yönetim ve Organizasyon | 8334 - Pazarlama | 7225 - Güvenlik Tahkikatının Olumlu Sonuçlanması.;0f6d266f-7956-e711-80d3-a0369f7d149c
2017;1;311033403;Bülent Ecevit Üniversitesi;Bilgisayar İşletmeni;Zonguldak;Lisans;7;;85.102;85.988;"4431;3226;3361;3381;5123;8207;8208;8296;8334;6225;7225";4431 - Aşağıdaki lisans programlarından birinden mezun olmak. | 3226 - İşletme / İşletmecilik | 3361 - Yönetim Bilişim Sistemleri | 3381 - Muhasebe-Finansman | 5123 - Muhasebe ve Finansal Yönetim / Muhasebe ve Finans Yönetimi | 8207 - İş İdaresi | 8208 - İş İdaresi ve İktisat | 8296 - Yönetim ve Organizasyon | 8334 - Pazarlama | 6225 - M.E.B.'Dan Onaylı Bilgisayar İşletmeni Sertifikası Sahibi olmak. | 7225 - Güvenlik Tahkikatının Olumlu Sonuçlanması.;7a6d266f-7956-e711-80d3-a0369f7d149c
2017;1;391276571;Türkiye Elektrik İletim.A.Ş.Gen.Md.;Mühendis;Adana;Lisans;1;;85.088;85.088;"4611;3160;3162;7109;7225;7257;7300";4611 - Aşağıdaki lisans programlarından birinden mezun olmak. | 3160 - Elektrik Mühendisliği | 3162 - Elektrik ve Elektronik Mühendisliği / Elektrik-Elektronik Mühendisliği | 7109 - Son 5 Yıl İçerisinde KPDS/YDS En Az B Seviyesinde İngilizce Bilmek. | 7225 - Güvenlik Tahkikatının Olumlu Sonuçlanması. | 7257 - Seyahate ve Arazide Çalışmaya Elverişli olmak. | 7300 - Bu kadro/pozisyonda vardiya sistemi uygulanmaktadır.;4469266f-7956-e711-80d3-a0369f7d149c
2017;1;391073577;Çay İşletmeleri Genel Müdürlüğü;Memur;Rize;Lisans;1;;85.087;85.087;"4431;3226;3361;3381;5123;8207;8208;8296;8334;4453;3268;3269;5123;7225";4431 - Aşağıdaki lisans programlarından birinden mezun olmak. | 3226 - İşletme / İşletmecilik | 3361 - Yönetim Bilişim Sistemleri | 3381 - Muhasebe-Finansman | 5123 - Muhasebe ve Finansal Yönetim / Muhasebe ve Finans Yönetimi | 8207 - İş İdaresi | 8208 - İş İdaresi ve İktisat | 8296 - Yönetim ve Organizasyon | 8334 - Pazarlama | 4453 - Aşağıdaki lisans programlarından birinden mezun olmak. | 3268 - Muhasebe | 3269 - Muhasebe Bilgi Sistemleri | 5123 - Muhasebe ve Finansal Yönetim / Muhasebe ve Finans Yönetimi | 7225 - Güvenlik Tahkikatının Olumlu Sonuçlanması.;9e6c266f-7956-e711-80d3-a0369f7d149c
2017;1;390937597;Zonguldak İl Özel İdaresi;Memur;Zonguldak;Lisans;3;;85.079;86.843;"4431;3226;3361;3381;5123;8207;8208;8296;8334;6225;7225";4431 - Aşağıdaki lisans programlarından birinden mezun olmak. | 3226 - İşletme / İşletmecilik | 3361 - Yönetim Bilişim Sistemleri | 3381 - Muhasebe-Finansman | 5123 - Muhasebe ve Finansal Yönetim / Muhasebe ve Finans Yönetimi | 8207 - İş İdaresi | 8208 - İş İdaresi ve İktisat | 8296 - Yönetim ve Organizasyon | 8334 - Pazarlama | 6225 - M.E.B.'Dan Onaylı Bilgisayar İşletmeni Sertifikası Sahibi olmak. | 7225 - Güvenlik Tahkikatının Olumlu Sonuçlanması.;866d266f-7956-e711-80d3-a0369f7d149c
2017;1;391276781;Türkiye Elektrik İletim.A.Ş.Gen.Md.;Mühendis;Erzurum;Lisans;1;;85.074;85.074;"4689;3233;4298;8324;9034;7225;7257";4689 - Aşağıdaki lisans programlarından birinden mezun olmak. | 3233 - Jeodezi ve Fotogrametri Mühendisliği | 4298 - Jeodezi ve Haritacılık | 8324 - Harita Mühendisliği | 9034 - Geomatik Mühendisliği | 7225 - Güvenlik Tahkikatının Olumlu Sonuçlanması. | 7257 - Seyahate ve Arazide Çalışmaya Elverişli olmak.;ec6a266f-7956-e711-80d3-a0369f7d149c
2017;1;391073589;Çay İşletmeleri Genel Müdürlüğü;Memur;Rize;Lisans;3;;85.066;85.295;"4421;3159;3213;5131;8208;4426;6229;4431;3226;3361;3381;5123;8207;8208;8296;8334;7225";4421 - Aşağıdaki lisans programlarından birinden mezun olmak. | 3159 - Ekonomi | 3213 - İktisat | 5131 - Uluslararası Ticaret ve Finansman | 8208 - İş İdaresi ve İktisat | 4426 - Aşağıdaki lisans programlarından birinden mezun olmak. | 6229 - İşletme-Ekonomi / İşletme-İktisat | 4431 - Aşağıdaki lisans programlarından birinden mezun olmak. | 3226 - İşletme / İşletmecilik | 3361 - Yönetim Bilişim Sistemleri | 3381 - Muhasebe-Finansman | 5123 - Muhasebe ve Finansal Yönetim / Muhasebe ve Finans Yönetimi | 8207 - İş İdaresi | 8208 - İş İdaresi ve İktisat | 8296 - Yönetim ve Organizasyon | 8334 - Pazarlama | 7225 - Güvenlik Tahkikatının Olumlu Sonuçlanması.;a06c266f-7956-e711-80d3-a0369f7d149c
2017;1;390943175;Başçiftlik Belediye Başkanlığı;Veri Hazırlama ve Kontrol İşletmeni;Tokat;Lisans;1;;85.064;85.064;"4431;3226;3361;3381;5123;8207;8208;8296;8334;6225;7225";4431 - Aşağıdaki lisans programlarından birinden mezun olmak. | 3226 - İşletme / İşletmecilik | 3361 - Yönetim Bilişim Sistemleri | 3381 - Muhasebe-Finansman | 5123 - Muhasebe ve Finansal Yönetim / Muhasebe ve Finans Yönetimi | 8207 - İş İdaresi | 8208 - İş İdaresi ve İktisat | 8296 - Yönetim ve Organizasyon | 8334 - Pazarlama | 6225 - M.E.B.'Dan Onaylı Bilgisayar İşletmeni Sertifikası Sahibi olmak. | 7225 - Güvenlik Tahkikatının Olumlu Sonuçlanması.;fb6c266f-7956-e711-80d3-a0369f7d149c
2017;1;391276919;Türkiye Elektrik İletim.A.Ş.Gen.Md.;Mühendis;Sakarya;Lisans;2;;85.055;85.182;"4611;3160;3162;7109;7225;7257;7300";4611 - Aşağıdaki lisans programlarından birinden mezun olmak. | 3160 - Elektrik Mühendisliği | 3162 - Elektrik ve Elektronik Mühendisliği / Elektrik-Elektronik Mühendisliği | 7109 - Son 5 Yıl İçerisinde KPDS/YDS En Az B Seviyesinde İngilizce Bilmek. | 7225 - Güvenlik Tahkikatının Olumlu Sonuçlanması. | 7257 - Seyahate ve Arazide Çalışmaya Elverişli olmak. | 7300 - Bu kadro/pozisyonda vardiya sistemi uygulanmaktadır.;a96c266f-7956-e711-80d3-a0369f7d149c
2017;1;391175299;Makina ve Kimya Endüstrisi Kurumu Genel Müdürlüğü;Mühendis;Çankırı;Lisans;1;;85.04;85.04;"4639;3252;4314;6907;7225";4639 - Aşağıdaki lisans programlarından birinden mezun olmak. | 3252 - Makine Mühendisliği | 4314 - Makine ve İmalat Mühendisliği | 6907 - Son 5 Yıl İçerisinde KPDS/YDS En Az C Seviyesinde Almanca Bilmek. | 7225 - Güvenlik Tahkikatının Olumlu Sonuçlanması.;816a266f-7956-e711-80d3-a0369f7d149c
2017;1;390125143;Kültür ve Turizm Bakanlığı;Memur;Ankara;Lisans;10;;85.034;86.342;"4459;3254;4322;8225;7225";4459 - Aşağıdaki lisans programlarından birinden mezun olmak. | 3254 - Maliye | 4322 - Muhasebe ve Maliye | 8225 - Maliye-Muhasebe | 7225 - Güvenlik Tahkikatının Olumlu Sonuçlanması.;8569266f-7956-e711-80d3-a0369f7d149c
2017;1;390935131;Kilis İl Özel İdaresi;Şehir Plancısı;Kilis;Lisans;1;;85.033;85.033;"4757;3322;7225";4757 - Aşağıdaki lisans programlarından birinden mezun olmak. | 3322 - Şehir ve Bölge Planlama | 7225 - Güvenlik Tahkikatının Olumlu Sonuçlanması.;f46d266f-7956-e711-80d3-a0369f7d149c
2017;1;391276619;Türkiye Elektrik İletim.A.Ş.Gen.Md.;Mühendis;Ankara;Lisans;3;;85.029;88.569;"4611;3160;3162;7109;7225;7257;7300";4611 - Aşağıdaki lisans programlarından birinden mezun olmak. | 3160 - Elektrik Mühendisliği | 3162 - Elektrik ve Elektronik Mühendisliği / Elektrik-Elektronik Mühendisliği | 7109 - Son 5 Yıl İçerisinde KPDS/YDS En Az B Seviyesinde İngilizce Bilmek. | 7225 - Güvenlik Tahkikatının Olumlu Sonuçlanması. | 7257 - Seyahate ve Arazide Çalışmaya Elverişli olmak. | 7300 - Bu kadro/pozisyonda vardiya sistemi uygulanmaktadır.;d669266f-7956-e711-80d3-a0369f7d149c
2017;1;390684423;Devlet Su İşleri Genel Müdürlüğü;Memur;Van;Lisans;1;;85.016;85.016;"4426;6229;4459;3254;4322;8225;7225;7257";4426 - Aşağıdaki lisans programlarından birinden mezun olmak. | 6229 - İşletme-Ekonomi / İşletme-İktisat | 4459 - Aşağıdaki lisans programlarından birinden mezun olmak. | 3254 - Maliye | 4322 - Muhasebe ve Maliye | 8225 - Maliye-Muhasebe | 7225 - Güvenlik Tahkikatının Olumlu Sonuçlanması. | 7257 - Seyahate ve Arazide Çalışmaya Elverişli olmak.;6c6d266f-7956-e711-80d3-a0369f7d149c
2017;1;390947537;Zeytinburnu Belediye Başkanlığı;Memur;İstanbul;Lisans;1;;85.016;85.016;"4431;3226;3361;3381;5123;8207;8208;8296;8334;6225;7225";4431 - Aşağıdaki lisans programlarından birinden mezun olmak. | 3226 - İşletme / İşletmecilik | 3361 - Yönetim Bilişim Sistemleri | 3381 - Muhasebe-Finansman | 5123 - Muhasebe ve Finansal Yönetim / Muhasebe ve Finans Yönetimi | 8207 - İş İdaresi | 8208 - İş İdaresi ve İktisat | 8296 - Yönetim ve Organizasyon | 8334 - Pazarlama | 6225 - M.E.B.'Dan Onaylı Bilgisayar İşletmeni Sertifikası Sahibi olmak. | 7225 - Güvenlik Tahkikatının Olumlu Sonuçlanması.;5d6b266f-7956-e711-80d3-a0369f7d149c
2017;1;391083961;Devlet Hava Meydanları İşletmesi Genel Müdürlüğü;Memur;Mardin;Lisans;3;;85.002;85.156;"4493;3312;7225";4493 - Aşağıdaki lisans programlarından birinden mezun olmak. | 3312 - Sivil Hava Ulaştırma İşletmeciliği | 7225 - Güvenlik Tahkikatının Olumlu Sonuçlanması.;496c266f-7956-e711-80d3-a0369f7d149c
2017;1;391175191;Makina ve Kimya Endüstrisi Kurumu Genel Müdürlüğü;Memur;Çankırı;Lisans;1;;85.001;85.001;"4431;3226;3361;3381;5123;8207;8208;8296;8334;7225";4431 - Aşağıdaki lisans programlarından birinden mezun olmak. | 3226 - İşletme / İşletmecilik | 3361 - Yönetim Bilişim Sistemleri | 3381 - Muhasebe-Finansman | 5123 - Muhasebe ve Finansal Yönetim / Muhasebe ve Finans Yönetimi | 8207 - İş İdaresi | 8208 - İş İdaresi ve İktisat | 8296 - Yönetim ve Organizasyon | 8334 - Pazarlama | 7225 - Güvenlik Tahkikatının Olumlu Sonuçlanması.;866a266f-7956-e711-80d3-a0369f7d149c
2017;1;390943217;Bayrampaşa Belediye Başkanlığı;Memur;İstanbul;Lisans;6;;84.993;86.937;"4431;3226;3361;3381;5123;8207;8208;8296;8334;7225";4431 - Aşağıdaki lisans programlarından birinden mezun olmak. | 3226 - İşletme / İşletmecilik | 3361 - Yönetim Bilişim Sistemleri | 3381 - Muhasebe-Finansman | 5123 - Muhasebe ve Finansal Yönetim / Muhasebe ve Finans Yönetimi | 8207 - İş İdaresi | 8208 - İş İdaresi ve İktisat | 8296 - Yönetim ve Organizasyon | 8334 - Pazarlama | 7225 - Güvenlik Tahkikatının Olumlu Sonuçlanması.;466b266f-7956-e711-80d3-a0369f7d149c
2017;1;390944849;İliç Belediye Başkanlığı;Muhasebeci;Erzincan;Lisans;1;;84.987;84.987;"4431;3226;3361;3381;5123;8207;8208;8296;8334;4452;9115;4453;3268;3269;5123;4459;3254;4322;8225;7225";4431 - Aşağıdaki lisans programlarından birinden mezun olmak. | 3226 - İşletme / İşletmecilik | 3361 - Yönetim Bilişim Sistemleri | 3381 - Muhasebe-Finansman | 5123 - Muhasebe ve Finansal Yönetim / Muhasebe ve Finans Yönetimi | 8207 - İş İdaresi | 8208 - İş İdaresi ve İktisat | 8296 - Yönetim ve Organizasyon | 8334 - Pazarlama | 4452 - Aşağıdaki lisans programlarından birinden mezun olmak. | 9115 - Muhasebe ve Denetim | 4453 - Aşağıdaki lisans programlarından birinden mezun olmak. | 3268 - Muhasebe | 3269 - Muhasebe Bilgi Sistemleri | 5123 - Muhasebe ve Finansal Yönetim / Muhasebe ve Finans Yönetimi | 4459 - Aşağıdaki lisans programlarından birinden mezun olmak. | 3254 - Maliye | 4322 - Muhasebe ve Maliye | 8225 - Maliye-Muhasebe | 7225 - Güvenlik Tahkikatının Olumlu Sonuçlanması.;d96a266f-7956-e711-80d3-a0369f7d149c
2017;1;391175197;Makina ve Kimya Endüstrisi Kurumu Genel Müdürlüğü;Memur;Çankırı;Lisans;1;;84.987;84.987;"4459;3254;4322;8225;7225";4459 - Aşağıdaki lisans programlarından birinden mezun olmak. | 3254 - Maliye | 4322 - Muhasebe ve Maliye | 8225 - Maliye-Muhasebe | 7225 - Güvenlik Tahkikatının Olumlu Sonuçlanması.;876a266f-7956-e711-80d3-a0369f7d149c
2017;1;390466049;Sosyal Güvenlik Kurumu Başkanlığı;Memur;Tekirdağ;Lisans;1;;84.972;84.972;"4429;3141;8312;7225";4429 - Aşağıdaki lisans programlarından birinden mezun olmak. | 3141 - Çalışma Ekonomisi ve Endüstri İlişkileri | 8312 - Çalışma Ekonomisi | 7225 - Güvenlik Tahkikatının Olumlu Sonuçlanması.;ed6c266f-7956-e711-80d3-a0369f7d149c
2017;1;390796343;Tapu ve Kadastro Genel Müdürlüğü;Mühendis;Karaman;Lisans;1;;84.964;84.964;"4689;3233;4298;8324;9034;7225";4689 - Aşağıdaki lisans programlarından birinden mezun olmak. | 3233 - Jeodezi ve Fotogrametri Mühendisliği | 4298 - Jeodezi ve Haritacılık | 8324 - Harita Mühendisliği | 9034 - Geomatik Mühendisliği | 7225 - Güvenlik Tahkikatının Olumlu Sonuçlanması.;9f6d266f-7956-e711-80d3-a0369f7d149c
2017;1;310113097;Ankara Üniversitesi;Memur;Ankara;Lisans;1;;84.956;84.956;"4459;3254;4322;8225;7225";4459 - Aşağıdaki lisans programlarından birinden mezun olmak. | 3254 - Maliye | 4322 - Muhasebe ve Maliye | 8225 - Maliye-Muhasebe | 7225 - Güvenlik Tahkikatının Olumlu Sonuçlanması.;9a69266f-7956-e711-80d3-a0369f7d149c
2017;1;391073529;Çay İşletmeleri Genel Müdürlüğü;Memur;Artvin;Lisans;2;;84.902;85.582;"4421;3159;3213;5131;8208;4426;6229;4431;3226;3361;3381;5123;8207;8208;8296;8334;7225";4421 - Aşağıdaki lisans programlarından birinden mezun olmak. | 3159 - Ekonomi | 3213 - İktisat | 5131 - Uluslararası Ticaret ve Finansman | 8208 - İş İdaresi ve İktisat | 4426 - Aşağıdaki lisans programlarından birinden mezun olmak. | 6229 - İşletme-Ekonomi / İşletme-İktisat | 4431 - Aşağıdaki lisans programlarından birinden mezun olmak. | 3226 - İşletme / İşletmecilik | 3361 - Yönetim Bilişim Sistemleri | 3381 - Muhasebe-Finansman | 5123 - Muhasebe ve Finansal Yönetim / Muhasebe ve Finans Yönetimi | 8207 - İş İdaresi | 8208 - İş İdaresi ve İktisat | 8296 - Yönetim ve Organizasyon | 8334 - Pazarlama | 7225 - Güvenlik Tahkikatının Olumlu Sonuçlanması.;246a266f-7956-e711-80d3-a0369f7d149c
2017;1;390943169;Başçiftlik Belediye Başkanlığı;Muhasebeci;Tokat;Lisans;1;;84.888;84.888;"4431;3226;3361;3381;5123;8207;8208;8296;8334;7225";4431 - Aşağıdaki lisans programlarından birinden mezun olmak. | 3226 - İşletme / İşletmecilik | 3361 - Yönetim Bilişim Sistemleri | 3381 - Muhasebe-Finansman | 5123 - Muhasebe ve Finansal Yönetim / Muhasebe ve Finans Yönetimi | 8207 - İş İdaresi | 8208 - İş İdaresi ve İktisat | 8296 - Yönetim ve Organizasyon | 8334 - Pazarlama | 7225 - Güvenlik Tahkikatının Olumlu Sonuçlanması.;fa6c266f-7956-e711-80d3-a0369f7d149c
2017;1;390796469;Tapu ve Kadastro Genel Müdürlüğü;Mühendis;Yozgat;Lisans;2;;84.887;85.049;"4689;3233;4298;8324;9034;7225";4689 - Aşağıdaki lisans programlarından birinden mezun olmak. | 3233 - Jeodezi ve Fotogrametri Mühendisliği | 4298 - Jeodezi ve Haritacılık | 8324 - Harita Mühendisliği | 9034 - Geomatik Mühendisliği | 7225 - Güvenlik Tahkikatının Olumlu Sonuçlanması.;736d266f-7956-e711-80d3-a0369f7d149c
2017;1;390796433;Tapu ve Kadastro Genel Müdürlüğü;Mühendis;Sivas;Lisans;3;;84.87;85.181;"4689;3233;4298;8324;9034;7225";4689 - Aşağıdaki lisans programlarından birinden mezun olmak. | 3233 - Jeodezi ve Fotogrametri Mühendisliği | 4298 - Jeodezi ve Haritacılık | 8324 - Harita Mühendisliği | 9034 - Geomatik Mühendisliği | 7225 - Güvenlik Tahkikatının Olumlu Sonuçlanması.;d96c266f-7956-e711-80d3-a0369f7d149c
2017;1;390943271;Beşiktaş Belediye Başkanlığı;Zabıta Memuru;İstanbul;Lisans;15;;84.869;87.919;"4001;6199;6504;7225;7300";4001 - Herhangi bir lisans programından mezun olmak. | 6199 - Yerleştirme işlemlerinin ilk günü itibariyle 30 yaşını doldurmamış olmak | 6504 - A sınıfı sürücü belgesine sahip olmak | 7225 - Güvenlik Tahkikatının Olumlu Sonuçlanması. | 7300 - Bu kadro/pozisyonda vardiya sistemi uygulanmaktadır.;426b266f-7956-e711-80d3-a0369f7d149c
2017;1;390745053;Karayolları Genel Müdürlüğü;Veri Hazırlama ve Kontrol İşletmeni;Ankara;Lisans;1;;84.865;84.865;"4459;3254;4322;8225;6225;7225";4459 - Aşağıdaki lisans programlarından birinden mezun olmak. | 3254 - Maliye | 4322 - Muhasebe ve Maliye | 8225 - Maliye-Muhasebe | 6225 - M.E.B.'Dan Onaylı Bilgisayar İşletmeni Sertifikası Sahibi olmak. | 7225 - Güvenlik Tahkikatının Olumlu Sonuçlanması.;ce69266f-7956-e711-80d3-a0369f7d149c
2017;1;390465797;Sosyal Güvenlik Kurumu Başkanlığı;Memur;Bilecik;Lisans;1;;84.864;84.864;"4429;3141;8312;7225";4429 - Aşağıdaki lisans programlarından birinden mezun olmak. | 3141 - Çalışma Ekonomisi ve Endüstri İlişkileri | 8312 - Çalışma Ekonomisi | 7225 - Güvenlik Tahkikatının Olumlu Sonuçlanması.;3b6a266f-7956-e711-80d3-a0369f7d149c
2017;1;390933727;Çorum İl Özel İdaresi;Mühendis;Çorum;Lisans;2;;84.854;85.087;"4689;3233;4298;8324;9034;7225";4689 - Aşağıdaki lisans programlarından birinden mezun olmak. | 3233 - Jeodezi ve Fotogrametri Mühendisliği | 4298 - Jeodezi ve Haritacılık | 8324 - Harita Mühendisliği | 9034 - Geomatik Mühendisliği | 7225 - Güvenlik Tahkikatının Olumlu Sonuçlanması.;956a266f-7956-e711-80d3-a0369f7d149c
2017;1;390684417;Devlet Su İşleri Genel Müdürlüğü;Memur;Trabzon;Lisans;1;;84.854;84.854;"4426;6229;4459;3254;4322;8225;7225;7257";4426 - Aşağıdaki lisans programlarından birinden mezun olmak. | 6229 - İşletme-Ekonomi / İşletme-İktisat | 4459 - Aşağıdaki lisans programlarından birinden mezun olmak. | 3254 - Maliye | 4322 - Muhasebe ve Maliye | 8225 - Maliye-Muhasebe | 7225 - Güvenlik Tahkikatının Olumlu Sonuçlanması. | 7257 - Seyahate ve Arazide Çalışmaya Elverişli olmak.;146d266f-7956-e711-80d3-a0369f7d149c
2017;1;390947555;Zeytinburnu Belediye Başkanlığı;Memur;İstanbul;Lisans;10;;84.848;86.96;"4291;3197;3198;3292;5111;4421;3159;3213;5131;8208;4431;3226;3361;3381;5123;8207;8208;8296;8334;4545;8153;6225;7225";4291 - Aşağıdaki lisans programlarından birinden mezun olmak. | 3197 - Halkla İlişkiler | 3198 - Halkla İlişkiler ve Tanıtım | 3292 - Reklamcılık ve Halkla İlişkiler | 5111 - Halkla İlişkiler ve Reklamcılık | 4421 - Aşağıdaki lisans programlarından birinden mezun olmak. | 3159 - Ekonomi | 3213 - İktisat | 5131 - Uluslararası Ticaret ve Finansman | 8208 - İş İdaresi ve İktisat | 4431 - Aşağıdaki lisans programlarından birinden mezun olmak. | 3226 - İşletme / İşletmecilik | 3361 - Yönetim Bilişim Sistemleri | 3381 - Muhasebe-Finansman | 5123 - Muhasebe ve Finansal Yönetim / Muhasebe ve Finans Yönetimi | 8207 - İş İdaresi | 8208 - İş İdaresi ve İktisat | 8296 - Yönetim ve Organizasyon | 8334 - Pazarlama | 4545 - Aşağıdaki lisans programlarından birinden mezun olmak. | 8153 - Bilgisayar Teknolojisi ve Büro Yönetimi | 6225 - M.E.B.'Dan Onaylı Bilgisayar İşletmeni Sertifikası Sahibi olmak. | 7225 - Güvenlik Tahkikatının Olumlu Sonuçlanması.;606b266f-7956-e711-80d3-a0369f7d149c
2017;1;390947543;Zeytinburnu Belediye Başkanlığı;Memur;İstanbul;Lisans;2;;84.832;87.254;"4291;3197;3198;3292;5111;4421;3159;3213;5131;8208;4431;3226;3361;3381;5123;8207;8208;8296;8334;4909;8239;7225";4291 - Aşağıdaki lisans programlarından birinden mezun olmak. | 3197 - Halkla İlişkiler | 3198 - Halkla İlişkiler ve Tanıtım | 3292 - Reklamcılık ve Halkla İlişkiler | 5111 - Halkla İlişkiler ve Reklamcılık | 4421 - Aşağıdaki lisans programlarından birinden mezun olmak. | 3159 - Ekonomi | 3213 - İktisat | 5131 - Uluslararası Ticaret ve Finansman | 8208 - İş İdaresi ve İktisat | 4431 - Aşağıdaki lisans programlarından birinden mezun olmak. | 3226 - İşletme / İşletmecilik | 3361 - Yönetim Bilişim Sistemleri | 3381 - Muhasebe-Finansman | 5123 - Muhasebe ve Finansal Yönetim / Muhasebe ve Finans Yönetimi | 8207 - İş İdaresi | 8208 - İş İdaresi ve İktisat | 8296 - Yönetim ve Organizasyon | 8334 - Pazarlama | 4909 - Aşağıdaki lisans programlarından birinden mezun olmak. | 8239 - Büro Yönetimi ve Sekreterlik | 7225 - Güvenlik Tahkikatının Olumlu Sonuçlanması.;5e6b266f-7956-e711-80d3-a0369f7d149c
2017;1;391073571;Çay İşletmeleri Genel Müdürlüğü;Memur;Rize;Lisans;2;;84.816;84.896;"4421;3159;3213;5131;8208;4426;6229;4431;3226;3361;3381;5123;8207;8208;8296;8334;7225";4421 - Aşağıdaki lisans programlarından birinden mezun olmak. | 3159 - Ekonomi | 3213 - İktisat | 5131 - Uluslararası Ticaret ve Finansman | 8208 - İş İdaresi ve İktisat | 4426 - Aşağıdaki lisans programlarından birinden mezun olmak. | 6229 - İşletme-Ekonomi / İşletme-İktisat | 4431 - Aşağıdaki lisans programlarından birinden mezun olmak. | 3226 - İşletme / İşletmecilik | 3361 - Yönetim Bilişim Sistemleri | 3381 - Muhasebe-Finansman | 5123 - Muhasebe ve Finansal Yönetim / Muhasebe ve Finans Yönetimi | 8207 - İş İdaresi | 8208 - İş İdaresi ve İktisat | 8296 - Yönetim ve Organizasyon | 8334 - Pazarlama | 7225 - Güvenlik Tahkikatının Olumlu Sonuçlanması.;9d6c266f-7956-e711-80d3-a0369f7d149c
2017;1;390935071;Kastamonu İl Özel İdaresi;Muhasebeci;Kastamonu;Lisans;2;;84.801;84.869;"4431;3226;3361;3381;5123;8207;8208;8296;8334;4452;9115;4453;3268;3269;5123;4459;3254;4322;8225;7225";4431 - Aşağıdaki lisans programlarından birinden mezun olmak. | 3226 - İşletme / İşletmecilik | 3361 - Yönetim Bilişim Sistemleri | 3381 - Muhasebe-Finansman | 5123 - Muhasebe ve Finansal Yönetim / Muhasebe ve Finans Yönetimi | 8207 - İş İdaresi | 8208 - İş İdaresi ve İktisat | 8296 - Yönetim ve Organizasyon | 8334 - Pazarlama | 4452 - Aşağıdaki lisans programlarından birinden mezun olmak. | 9115 - Muhasebe ve Denetim | 4453 - Aşağıdaki lisans programlarından birinden mezun olmak. | 3268 - Muhasebe | 3269 - Muhasebe Bilgi Sistemleri | 5123 - Muhasebe ve Finansal Yönetim / Muhasebe ve Finans Yönetimi | 4459 - Aşağıdaki lisans programlarından birinden mezun olmak. | 3254 - Maliye | 4322 - Muhasebe ve Maliye | 8225 - Maliye-Muhasebe | 7225 - Güvenlik Tahkikatının Olumlu Sonuçlanması.;ee6b266f-7956-e711-80d3-a0369f7d149c
2017;1;391073565;Çay İşletmeleri Genel Müdürlüğü;Memur;Rize;Lisans;1;;84.786;84.786;"4421;3159;3213;5131;8208;4426;6229;4431;3226;3361;3381;5123;8207;8208;8296;8334;7225";4421 - Aşağıdaki lisans programlarından birinden mezun olmak. | 3159 - Ekonomi | 3213 - İktisat | 5131 - Uluslararası Ticaret ve Finansman | 8208 - İş İdaresi ve İktisat | 4426 - Aşağıdaki lisans programlarından birinden mezun olmak. | 6229 - İşletme-Ekonomi / İşletme-İktisat | 4431 - Aşağıdaki lisans programlarından birinden mezun olmak. | 3226 - İşletme / İşletmecilik | 3361 - Yönetim Bilişim Sistemleri | 3381 - Muhasebe-Finansman | 5123 - Muhasebe ve Finansal Yönetim / Muhasebe ve Finans Yönetimi | 8207 - İş İdaresi | 8208 - İş İdaresi ve İktisat | 8296 - Yönetim ve Organizasyon | 8334 - Pazarlama | 7225 - Güvenlik Tahkikatının Olumlu Sonuçlanması.;9c6c266f-7956-e711-80d3-a0369f7d149c
2017;1;390796439;Tapu ve Kadastro Genel Müdürlüğü;Mühendis;Şanlıurfa;Lisans;3;;84.763;85.878;"4689;3233;4298;8324;9034;7225";4689 - Aşağıdaki lisans programlarından birinden mezun olmak. | 3233 - Jeodezi ve Fotogrametri Mühendisliği | 4298 - Jeodezi ve Haritacılık | 8324 - Harita Mühendisliği | 9034 - Geomatik Mühendisliği | 7225 - Güvenlik Tahkikatının Olumlu Sonuçlanması.;4e6d266f-7956-e711-80d3-a0369f7d149c
2017;1;390465995;Sosyal Güvenlik Kurumu Başkanlığı;Memur;Manisa;Lisans;1;;84.762;84.762;"4429;3141;8312;7225";4429 - Aşağıdaki lisans programlarından birinden mezun olmak. | 3141 - Çalışma Ekonomisi ve Endüstri İlişkileri | 8312 - Çalışma Ekonomisi | 7225 - Güvenlik Tahkikatının Olumlu Sonuçlanması.;2f6c266f-7956-e711-80d3-a0369f7d149c
2017;1;390796187;Tapu ve Kadastro Genel Müdürlüğü;Mühendis;Adıyaman;Lisans;3;;84.754;85.056;"4689;3233;4298;8324;9034;7225";4689 - Aşağıdaki lisans programlarından birinden mezun olmak. | 3233 - Jeodezi ve Fotogrametri Mühendisliği | 4298 - Jeodezi ve Haritacılık | 8324 - Harita Mühendisliği | 9034 - Geomatik Mühendisliği | 7225 - Güvenlik Tahkikatının Olumlu Sonuçlanması.;4769266f-7956-e711-80d3-a0369f7d149c
2017;1;390796289;Tapu ve Kadastro Genel Müdürlüğü;Mühendis;Erzincan;Lisans;1;;84.746;84.746;"4689;3233;4298;8324;9034;7225";4689 - Aşağıdaki lisans programlarından birinden mezun olmak. | 3233 - Jeodezi ve Fotogrametri Mühendisliği | 4298 - Jeodezi ve Haritacılık | 8324 - Harita Mühendisliği | 9034 - Geomatik Mühendisliği | 7225 - Güvenlik Tahkikatının Olumlu Sonuçlanması.;d86a266f-7956-e711-80d3-a0369f7d149c
2017;1;391073637;Çay İşletmeleri Genel Müdürlüğü;Memur;Trabzon;Lisans;2;;84.745;85.076;"4431;3226;3361;3381;5123;8207;8208;8296;8334;4453;3268;3269;5123;7225";4431 - Aşağıdaki lisans programlarından birinden mezun olmak. | 3226 - İşletme / İşletmecilik | 3361 - Yönetim Bilişim Sistemleri | 3381 - Muhasebe-Finansman | 5123 - Muhasebe ve Finansal Yönetim / Muhasebe ve Finans Yönetimi | 8207 - İş İdaresi | 8208 - İş İdaresi ve İktisat | 8296 - Yönetim ve Organizasyon | 8334 - Pazarlama | 4453 - Aşağıdaki lisans programlarından birinden mezun olmak. | 3268 - Muhasebe | 3269 - Muhasebe Bilgi Sistemleri | 5123 - Muhasebe ve Finansal Yönetim / Muhasebe ve Finans Yönetimi | 7225 - Güvenlik Tahkikatının Olumlu Sonuçlanması.;116d266f-7956-e711-80d3-a0369f7d149c
2017;1;390796295;Tapu ve Kadastro Genel Müdürlüğü;Mühendis;Erzurum;Lisans;3;;84.732;86.595;"4689;3233;4298;8324;9034;7225";4689 - Aşağıdaki lisans programlarından birinden mezun olmak. | 3233 - Jeodezi ve Fotogrametri Mühendisliği | 4298 - Jeodezi ve Haritacılık | 8324 - Harita Mühendisliği | 9034 - Geomatik Mühendisliği | 7225 - Güvenlik Tahkikatının Olumlu Sonuçlanması.;f66a266f-7956-e711-80d3-a0369f7d149c
2017;1;390684369;Devlet Su İşleri Genel Müdürlüğü;Memur;Ankara;Lisans;4;;84.731;85.737;"4426;6229;4459;3254;4322;8225;7225;7257";4426 - Aşağıdaki lisans programlarından birinden mezun olmak. | 6229 - İşletme-Ekonomi / İşletme-İktisat | 4459 - Aşağıdaki lisans programlarından birinden mezun olmak. | 3254 - Maliye | 4322 - Muhasebe ve Maliye | 8225 - Maliye-Muhasebe | 7225 - Güvenlik Tahkikatının Olumlu Sonuçlanması. | 7257 - Seyahate ve Arazide Çalışmaya Elverişli olmak.;cb69266f-7956-e711-80d3-a0369f7d149c
2017;1;391073595;Çay İşletmeleri Genel Müdürlüğü;Memur;Rize;Lisans;3;;84.723;84.849;"4431;3226;3361;3381;5123;8207;8208;8296;8334;4453;3268;3269;5123;7225";4431 - Aşağıdaki lisans programlarından birinden mezun olmak. | 3226 - İşletme / İşletmecilik | 3361 - Yönetim Bilişim Sistemleri | 3381 - Muhasebe-Finansman | 5123 - Muhasebe ve Finansal Yönetim / Muhasebe ve Finans Yönetimi | 8207 - İş İdaresi | 8208 - İş İdaresi ve İktisat | 8296 - Yönetim ve Organizasyon | 8334 - Pazarlama | 4453 - Aşağıdaki lisans programlarından birinden mezun olmak. | 3268 - Muhasebe | 3269 - Muhasebe Bilgi Sistemleri | 5123 - Muhasebe ve Finansal Yönetim / Muhasebe ve Finans Yönetimi | 7225 - Güvenlik Tahkikatının Olumlu Sonuçlanması.;a16c266f-7956-e711-80d3-a0369f7d149c
2017;1;390073451;Çalışma ve Sosyal Güvenlik Bakanlığı;Veri Hazırlama ve Kontrol İşletmeni;Ankara;Lisans;1;;84.7;84.7;"4275;6188;8191;4277;3121;8122;8148;4285;3287;3288;3289;3307;3308;5126;8246;8247;8292;6225;7225";4275 - Aşağıdaki lisans programlarından birinden mezun olmak. | 6188 - Gazetecilik | 8191 - Gazetecilik ve Halkla İlişkiler | 4277 - Aşağıdaki lisans programlarından birinden mezun olmak. | 3121 - Basın ve Yayın / Basın-Yayın | 8122 - Basım ve Yayımcılık | 8148 - Basın ve Yayımcılık | 4285 - Aşağıdaki lisans programlarından birinden mezun olmak. | 3287 - Radyo, Sinema ve Televizyon / Radyo, Televizyon ve Sinema / Radyo-Televizyon, Sinema | 3288 - Radyo, Tv ve Sinema | 3289 - Radyo-Tv-Sinema | 3307 - Sinema ve Televizyon | 3308 - Sinema-Tv | 5126 - Radyo-Tv-Sinema ve Görsel Sanatlar | 8246 - Sinema-Tv Fotoğraf / Sinema-Tv-Fotoğraf | 8247 - Radyo ve Televizyon / Radyo-Tv | 8292 - Sinema | 6225 - M.E.B.'Dan Onaylı Bilgisayar İşletmeni Sertifikası Sahibi olmak. | 7225 - Güvenlik Tahkikatının Olumlu Sonuçlanması.;7e69266f-7956-e711-80d3-a0369f7d149c
2017;1;391073607;Çay İşletmeleri Genel Müdürlüğü;Memur;Rize;Lisans;2;;84.7;84.709;"4421;3159;3213;5131;8208;4426;6229;4431;3226;3361;3381;5123;8207;8208;8296;8334;7225";4421 - Aşağıdaki lisans programlarından birinden mezun olmak. | 3159 - Ekonomi | 3213 - İktisat | 5131 - Uluslararası Ticaret ve Finansman | 8208 - İş İdaresi ve İktisat | 4426 - Aşağıdaki lisans programlarından birinden mezun olmak. | 6229 - İşletme-Ekonomi / İşletme-İktisat | 4431 - Aşağıdaki lisans programlarından birinden mezun olmak. | 3226 - İşletme / İşletmecilik | 3361 - Yönetim Bilişim Sistemleri | 3381 - Muhasebe-Finansman | 5123 - Muhasebe ve Finansal Yönetim / Muhasebe ve Finans Yönetimi | 8207 - İş İdaresi | 8208 - İş İdaresi ve İktisat | 8296 - Yönetim ve Organizasyon | 8334 - Pazarlama | 7225 - Güvenlik Tahkikatının Olumlu Sonuçlanması.;a36c266f-7956-e711-80d3-a0369f7d149c
2017;1;390943061;Akşehir Belediye Başkanlığı;Memur;Konya;Lisans;1;;84.693;84.693;"4459;3254;4322;8225;7225";4459 - Aşağıdaki lisans programlarından birinden mezun olmak. | 3254 - Maliye | 4322 - Muhasebe ve Maliye | 8225 - Maliye-Muhasebe | 7225 - Güvenlik Tahkikatının Olumlu Sonuçlanması.;186c266f-7956-e711-80d3-a0369f7d149c
2017;1;391276589;Türkiye Elektrik İletim.A.Ş.Gen.Md.;Mühendis;Ankara;Lisans;3;;84.686;88.283;"4611;3160;3162;7109;7225;7257;7300";4611 - Aşağıdaki lisans programlarından birinden mezun olmak. | 3160 - Elektrik Mühendisliği | 3162 - Elektrik ve Elektronik Mühendisliği / Elektrik-Elektronik Mühendisliği | 7109 - Son 5 Yıl İçerisinde KPDS/YDS En Az B Seviyesinde İngilizce Bilmek. | 7225 - Güvenlik Tahkikatının Olumlu Sonuçlanması. | 7257 - Seyahate ve Arazide Çalışmaya Elverişli olmak. | 7300 - Bu kadro/pozisyonda vardiya sistemi uygulanmaktadır.;d169266f-7956-e711-80d3-a0369f7d149c
2017;1;390944963;Karamanlı Belediye Başkanlığı;Muhasebeci;Burdur;Lisans;1;;84.684;84.684;"4431;3226;3361;3381;5123;8207;8208;8296;8334;4452;9115;4453;3268;3269;5123;4459;3254;4322;8225;7225";4431 - Aşağıdaki lisans programlarından birinden mezun olmak. | 3226 - İşletme / İşletmecilik | 3361 - Yönetim Bilişim Sistemleri | 3381 - Muhasebe-Finansman | 5123 - Muhasebe ve Finansal Yönetim / Muhasebe ve Finans Yönetimi | 8207 - İş İdaresi | 8208 - İş İdaresi ve İktisat | 8296 - Yönetim ve Organizasyon | 8334 - Pazarlama | 4452 - Aşağıdaki lisans programlarından birinden mezun olmak. | 9115 - Muhasebe ve Denetim | 4453 - Aşağıdaki lisans programlarından birinden mezun olmak. | 3268 - Muhasebe | 3269 - Muhasebe Bilgi Sistemleri | 5123 - Muhasebe ve Finansal Yönetim / Muhasebe ve Finans Yönetimi | 4459 - Aşağıdaki lisans programlarından birinden mezun olmak. | 3254 - Maliye | 4322 - Muhasebe ve Maliye | 8225 - Maliye-Muhasebe | 7225 - Güvenlik Tahkikatının Olumlu Sonuçlanması.;516a266f-7956-e711-80d3-a0369f7d149c
2017;1;390943241;Bayrampaşa Belediye Başkanlığı;Memur;İstanbul;Lisans;8;;84.676;86.597;"4421;3159;3213;5131;8208;7225";4421 - Aşağıdaki lisans programlarından birinden mezun olmak. | 3159 - Ekonomi | 3213 - İktisat | 5131 - Uluslararası Ticaret ve Finansman | 8208 - İş İdaresi ve İktisat | 7225 - Güvenlik Tahkikatının Olumlu Sonuçlanması.;4a6b266f-7956-e711-80d3-a0369f7d149c
2017;1;390796265;Tapu ve Kadastro Genel Müdürlüğü;Mühendis;Diyarbakır;Lisans;4;;84.669;85.861;"4689;3233;4298;8324;9034;7225";4689 - Aşağıdaki lisans programlarından birinden mezun olmak. | 3233 - Jeodezi ve Fotogrametri Mühendisliği | 4298 - Jeodezi ve Haritacılık | 8324 - Harita Mühendisliği | 9034 - Geomatik Mühendisliği | 7225 - Güvenlik Tahkikatının Olumlu Sonuçlanması.;c46a266f-7956-e711-80d3-a0369f7d149c
2017;1;390465869;Sosyal Güvenlik Kurumu Başkanlığı;Memur;İstanbul;Lisans;1;;84.662;84.662;"4429;3141;8312;7225";4429 - Aşağıdaki lisans programlarından birinden mezun olmak. | 3141 - Çalışma Ekonomisi ve Endüstri İlişkileri | 8312 - Çalışma Ekonomisi | 7225 - Güvenlik Tahkikatının Olumlu Sonuçlanması.;a06b266f-7956-e711-80d3-a0369f7d149c
2017;1;391073553;Çay İşletmeleri Genel Müdürlüğü;Memur;Rize;Lisans;1;;84.656;84.656;"4431;3226;3361;3381;5123;8207;8208;8296;8334;4453;3268;3269;5123;7225";4431 - Aşağıdaki lisans programlarından birinden mezun olmak. | 3226 - İşletme / İşletmecilik | 3361 - Yönetim Bilişim Sistemleri | 3381 - Muhasebe-Finansman | 5123 - Muhasebe ve Finansal Yönetim / Muhasebe ve Finans Yönetimi | 8207 - İş İdaresi | 8208 - İş İdaresi ve İktisat | 8296 - Yönetim ve Organizasyon | 8334 - Pazarlama | 4453 - Aşağıdaki lisans programlarından birinden mezun olmak. | 3268 - Muhasebe | 3269 - Muhasebe Bilgi Sistemleri | 5123 - Muhasebe ve Finansal Yönetim / Muhasebe ve Finans Yönetimi | 7225 - Güvenlik Tahkikatının Olumlu Sonuçlanması.;9a6c266f-7956-e711-80d3-a0369f7d149c
2017;1;390796463;Tapu ve Kadastro Genel Müdürlüğü;Mühendis;Van;Lisans;1;;84.654;84.654;"4689;3233;4298;8324;9034;7225";4689 - Aşağıdaki lisans programlarından birinden mezun olmak. | 3233 - Jeodezi ve Fotogrametri Mühendisliği | 4298 - Jeodezi ve Haritacılık | 8324 - Harita Mühendisliği | 9034 - Geomatik Mühendisliği | 7225 - Güvenlik Tahkikatının Olumlu Sonuçlanması.;6b6d266f-7956-e711-80d3-a0369f7d149c
2017;1;390923373;Bursa Büyükşehir Belediye Başkanlığı;Memur;Bursa;Lisans;2;;84.64;85.962;"4452;9115;4453;3268;3269;5123;4459;3254;4322;8225;7225";4452 - Aşağıdaki lisans programlarından birinden mezun olmak. | 9115 - Muhasebe ve Denetim | 4453 - Aşağıdaki lisans programlarından birinden mezun olmak. | 3268 - Muhasebe | 3269 - Muhasebe Bilgi Sistemleri | 5123 - Muhasebe ve Finansal Yönetim / Muhasebe ve Finans Yönetimi | 4459 - Aşağıdaki lisans programlarından birinden mezun olmak. | 3254 - Maliye | 4322 - Muhasebe ve Maliye | 8225 - Maliye-Muhasebe | 7225 - Güvenlik Tahkikatının Olumlu Sonuçlanması.;556a266f-7956-e711-80d3-a0369f7d149c
2017;1;390796235;Tapu ve Kadastro Genel Müdürlüğü;Mühendis;Bayburt;Lisans;2;;84.615;84.985;"4689;3233;4298;8324;9034;7225";4689 - Aşağıdaki lisans programlarından birinden mezun olmak. | 3233 - Jeodezi ve Fotogrametri Mühendisliği | 4298 - Jeodezi ve Haritacılık | 8324 - Harita Mühendisliği | 9034 - Geomatik Mühendisliği | 7225 - Güvenlik Tahkikatının Olumlu Sonuçlanması.;9c6d266f-7956-e711-80d3-a0369f7d149c
2017;1;390944933;Karaçoban Belediye Başkanlığı;Memur;Erzurum;Lisans;1;;84.599;84.599;"4431;3226;3361;3381;5123;8207;8208;8296;8334;7225";4431 - Aşağıdaki lisans programlarından birinden mezun olmak. | 3226 - İşletme / İşletmecilik | 3361 - Yönetim Bilişim Sistemleri | 3381 - Muhasebe-Finansman | 5123 - Muhasebe ve Finansal Yönetim / Muhasebe ve Finans Yönetimi | 8207 - İş İdaresi | 8208 - İş İdaresi ve İktisat | 8296 - Yönetim ve Organizasyon | 8334 - Pazarlama | 7225 - Güvenlik Tahkikatının Olumlu Sonuçlanması.;f36a266f-7956-e711-80d3-a0369f7d149c
2017;1;390947423;Yenişehir (Diyarbakır) Belediye Başkanlığı;Şehir Plancısı;Diyarbakır;Lisans;1;;84.599;84.599;"4757;3322;7225";4757 - Aşağıdaki lisans programlarından birinden mezun olmak. | 3322 - Şehir ve Bölge Planlama | 7225 - Güvenlik Tahkikatının Olumlu Sonuçlanması.;bd6a266f-7956-e711-80d3-a0369f7d149c
2017;1;310223325;Boğaziçi Üniversitesi;Memur;İstanbul;Lisans;1;;84.585;84.585;"1101;4659;3323;8266;7225";1101 - Cinsiyeti Erkek olmak. | 4659 - Aşağıdaki lisans programlarından birinden mezun olmak. | 3323 - Talaşlı Üretim Öğretmenliği | 8266 - Tesviye Öğretmenliği | 7225 - Güvenlik Tahkikatının Olumlu Sonuçlanması.;916b266f-7956-e711-80d3-a0369f7d149c
2017;1;390796211;Tapu ve Kadastro Genel Müdürlüğü;Mühendis;Artvin;Lisans;3;;84.585;84.699;"4689;3233;4298;8324;9034;7225";4689 - Aşağıdaki lisans programlarından birinden mezun olmak. | 3233 - Jeodezi ve Fotogrametri Mühendisliği | 4298 - Jeodezi ve Haritacılık | 8324 - Harita Mühendisliği | 9034 - Geomatik Mühendisliği | 7225 - Güvenlik Tahkikatının Olumlu Sonuçlanması.;236a266f-7956-e711-80d3-a0369f7d149c
2017;1;391073559;Çay İşletmeleri Genel Müdürlüğü;Memur;Rize;Lisans;1;;84.576;84.576;"4431;3226;3361;3381;5123;8207;8208;8296;8334;4453;3268;3269;5123;7225";4431 - Aşağıdaki lisans programlarından birinden mezun olmak. | 3226 - İşletme / İşletmecilik | 3361 - Yönetim Bilişim Sistemleri | 3381 - Muhasebe-Finansman | 5123 - Muhasebe ve Finansal Yönetim / Muhasebe ve Finans Yönetimi | 8207 - İş İdaresi | 8208 - İş İdaresi ve İktisat | 8296 - Yönetim ve Organizasyon | 8334 - Pazarlama | 4453 - Aşağıdaki lisans programlarından birinden mezun olmak. | 3268 - Muhasebe | 3269 - Muhasebe Bilgi Sistemleri | 5123 - Muhasebe ve Finansal Yönetim / Muhasebe ve Finans Yönetimi | 7225 - Güvenlik Tahkikatının Olumlu Sonuçlanması.;9b6c266f-7956-e711-80d3-a0369f7d149c
2017;1;391083979;Devlet Hava Meydanları İşletmesi Genel Müdürlüğü;Memur;Muş;Lisans;3;;84.576;84.994;"4493;3312;7225";4493 - Aşağıdaki lisans programlarından birinden mezun olmak. | 3312 - Sivil Hava Ulaştırma İşletmeciliği | 7225 - Güvenlik Tahkikatının Olumlu Sonuçlanması.;696c266f-7956-e711-80d3-a0369f7d149c
2017;1;390796397;Tapu ve Kadastro Genel Müdürlüğü;Mühendis;Mardin;Lisans;3;;84.56;85.087;"4689;3233;4298;8324;9034;7225";4689 - Aşağıdaki lisans programlarından birinden mezun olmak. | 3233 - Jeodezi ve Fotogrametri Mühendisliği | 4298 - Jeodezi ve Haritacılık | 8324 - Harita Mühendisliği | 9034 - Geomatik Mühendisliği | 7225 - Güvenlik Tahkikatının Olumlu Sonuçlanması.;4a6c266f-7956-e711-80d3-a0369f7d149c
2017;1;391276601;Türkiye Elektrik İletim.A.Ş.Gen.Md.;Mühendis;Ankara;Lisans;4;;84.555;85.568;"4611;3160;3162;7109;7225;7257;7300";4611 - Aşağıdaki lisans programlarından birinden mezun olmak. | 3160 - Elektrik Mühendisliği | 3162 - Elektrik ve Elektronik Mühendisliği / Elektrik-Elektronik Mühendisliği | 7109 - Son 5 Yıl İçerisinde KPDS/YDS En Az B Seviyesinde İngilizce Bilmek. | 7225 - Güvenlik Tahkikatının Olumlu Sonuçlanması. | 7257 - Seyahate ve Arazide Çalışmaya Elverişli olmak. | 7300 - Bu kadro/pozisyonda vardiya sistemi uygulanmaktadır.;d369266f-7956-e711-80d3-a0369f7d149c
2017;1;391073583;Çay İşletmeleri Genel Müdürlüğü;Memur;Rize;Lisans;1;;84.554;84.554;"4421;3159;3213;5131;8208;4426;6229;4431;3226;3361;3381;5123;8207;8208;8296;8334;7225";4421 - Aşağıdaki lisans programlarından birinden mezun olmak. | 3159 - Ekonomi | 3213 - İktisat | 5131 - Uluslararası Ticaret ve Finansman | 8208 - İş İdaresi ve İktisat | 4426 - Aşağıdaki lisans programlarından birinden mezun olmak. | 6229 - İşletme-Ekonomi / İşletme-İktisat | 4431 - Aşağıdaki lisans programlarından birinden mezun olmak. | 3226 - İşletme / İşletmecilik | 3361 - Yönetim Bilişim Sistemleri | 3381 - Muhasebe-Finansman | 5123 - Muhasebe ve Finansal Yönetim / Muhasebe ve Finans Yönetimi | 8207 - İş İdaresi | 8208 - İş İdaresi ve İktisat | 8296 - Yönetim ve Organizasyon | 8334 - Pazarlama | 7225 - Güvenlik Tahkikatının Olumlu Sonuçlanması.;9f6c266f-7956-e711-80d3-a0369f7d149c
2017;1;310695137;Kocaeli Üniversitesi;Memur;Kocaeli;Lisans;2;;84.553;85.065;"4459;3254;4322;8225;7225";4459 - Aşağıdaki lisans programlarından birinden mezun olmak. | 3254 - Maliye | 4322 - Muhasebe ve Maliye | 8225 - Maliye-Muhasebe | 7225 - Güvenlik Tahkikatının Olumlu Sonuçlanması.;0a6c266f-7956-e711-80d3-a0369f7d149c
2017;1;391073601;Çay İşletmeleri Genel Müdürlüğü;Memur;Rize;Lisans;3;;84.545;85.072;"4431;3226;3361;3381;5123;8207;8208;8296;8334;4453;3268;3269;5123;7225";4431 - Aşağıdaki lisans programlarından birinden mezun olmak. | 3226 - İşletme / İşletmecilik | 3361 - Yönetim Bilişim Sistemleri | 3381 - Muhasebe-Finansman | 5123 - Muhasebe ve Finansal Yönetim / Muhasebe ve Finans Yönetimi | 8207 - İş İdaresi | 8208 - İş İdaresi ve İktisat | 8296 - Yönetim ve Organizasyon | 8334 - Pazarlama | 4453 - Aşağıdaki lisans programlarından birinden mezun olmak. | 3268 - Muhasebe | 3269 - Muhasebe Bilgi Sistemleri | 5123 - Muhasebe ve Finansal Yönetim / Muhasebe ve Finans Yönetimi | 7225 - Güvenlik Tahkikatının Olumlu Sonuçlanması.;a26c266f-7956-e711-80d3-a0369f7d149c
2017;1;390796325;Tapu ve Kadastro Genel Müdürlüğü;Mühendis;Iğdır;Lisans;3;;84.522;84.576;"4689;3233;4298;8324;9034;7225";4689 - Aşağıdaki lisans programlarından birinden mezun olmak. | 3233 - Jeodezi ve Fotogrametri Mühendisliği | 4298 - Jeodezi ve Haritacılık | 8324 - Harita Mühendisliği | 9034 - Geomatik Mühendisliği | 7225 - Güvenlik Tahkikatının Olumlu Sonuçlanması.;f16d266f-7956-e711-80d3-a0369f7d149c
2017;1;391073523;Çay İşletmeleri Genel Müdürlüğü;Avukat;Rize;Lisans;1;;84.516;84.516;"4419;3209;7205;7207;7225;7361";4419 - Aşağıdaki lisans programlarından birinden mezun olmak. | 3209 - Hukuk | 7205 - Avukatlık Ruhsatı Sahibi olmak. | 7207 - Avukatlık Ruhsatı Aldıktan Sonra Serbest Olarak En Az İki Yıl Mesleği İle İlgili Çalışmış olmak. | 7225 - Güvenlik Tahkikatının Olumlu Sonuçlanması. | 7361 - (Bakınız Başvurma Özel Şartları Bölümü Avukat).;986c266f-7956-e711-80d3-a0369f7d149c
2017;1;390946115;Suruç Belediye Başkanlığı;Mühendis;Şanlıurfa;Lisans;1;;84.515;84.515;"4689;3233;4298;8324;9034;7225";4689 - Aşağıdaki lisans programlarından birinden mezun olmak. | 3233 - Jeodezi ve Fotogrametri Mühendisliği | 4298 - Jeodezi ve Haritacılık | 8324 - Harita Mühendisliği | 9034 - Geomatik Mühendisliği | 7225 - Güvenlik Tahkikatının Olumlu Sonuçlanması.;386d266f-7956-e711-80d3-a0369f7d149c
2017;1;390944945;Karaçoban Belediye Başkanlığı;Tahsildar;Erzurum;Lisans;1;;84.505;84.505;"4431;3226;3361;3381;5123;8207;8208;8296;8334;7225";4431 - Aşağıdaki lisans programlarından birinden mezun olmak. | 3226 - İşletme / İşletmecilik | 3361 - Yönetim Bilişim Sistemleri | 3381 - Muhasebe-Finansman | 5123 - Muhasebe ve Finansal Yönetim / Muhasebe ve Finans Yönetimi | 8207 - İş İdaresi | 8208 - İş İdaresi ve İktisat | 8296 - Yönetim ve Organizasyon | 8334 - Pazarlama | 7225 - Güvenlik Tahkikatının Olumlu Sonuçlanması.;f56a266f-7956-e711-80d3-a0369f7d149c
2017;1;390947549;Zeytinburnu Belediye Başkanlığı;Memur;İstanbul;Lisans;2;;84.484;84.553;"4291;3197;3198;3292;5111;4421;3159;3213;5131;8208;4431;3226;3361;3381;5123;8207;8208;8296;8334;6225;7225";4291 - Aşağıdaki lisans programlarından birinden mezun olmak. | 3197 - Halkla İlişkiler | 3198 - Halkla İlişkiler ve Tanıtım | 3292 - Reklamcılık ve Halkla İlişkiler | 5111 - Halkla İlişkiler ve Reklamcılık | 4421 - Aşağıdaki lisans programlarından birinden mezun olmak. | 3159 - Ekonomi | 3213 - İktisat | 5131 - Uluslararası Ticaret ve Finansman | 8208 - İş İdaresi ve İktisat | 4431 - Aşağıdaki lisans programlarından birinden mezun olmak. | 3226 - İşletme / İşletmecilik | 3361 - Yönetim Bilişim Sistemleri | 3381 - Muhasebe-Finansman | 5123 - Muhasebe ve Finansal Yönetim / Muhasebe ve Finans Yönetimi | 8207 - İş İdaresi | 8208 - İş İdaresi ve İktisat | 8296 - Yönetim ve Organizasyon | 8334 - Pazarlama | 6225 - M.E.B.'Dan Onaylı Bilgisayar İşletmeni Sertifikası Sahibi olmak. | 7225 - Güvenlik Tahkikatının Olumlu Sonuçlanması.;5f6b266f-7956-e711-80d3-a0369f7d149c
2017;1;390924819;Hatay Büyükşehir Belediye Başkanlığı;Şehir Plancısı;Hatay;Lisans;4;;84.478;86.172;"4757;3322;7225";4757 - Aşağıdaki lisans programlarından birinden mezun olmak. | 3322 - Şehir ve Bölge Planlama | 7225 - Güvenlik Tahkikatının Olumlu Sonuçlanması.;2f6b266f-7956-e711-80d3-a0369f7d149c
2017;1;390947363;Yenişarbademli Belediye Başkanlığı;Memur;Isparta;Lisans;1;;84.467;84.467;"4421;3159;3213;5131;8208;7225";4421 - Aşağıdaki lisans programlarından birinden mezun olmak. | 3159 - Ekonomi | 3213 - İktisat | 5131 - Uluslararası Ticaret ve Finansman | 8208 - İş İdaresi ve İktisat | 7225 - Güvenlik Tahkikatının Olumlu Sonuçlanması.;356b266f-7956-e711-80d3-a0369f7d149c
2017;1;399994633;Et ve Süt Kurumu Genel Müdürlüğü;Memur;Sivas;Lisans;3;;84.453;86.604;"4432;9262;4453;3268;3269;5123;4459;3254;4322;8225;7225";4432 - Aşağıdaki lisans programlarından birinden mezun olmak. | 9262 - Finans ve Muhasebe | 4453 - Aşağıdaki lisans programlarından birinden mezun olmak. | 3268 - Muhasebe | 3269 - Muhasebe Bilgi Sistemleri | 5123 - Muhasebe ve Finansal Yönetim / Muhasebe ve Finans Yönetimi | 4459 - Aşağıdaki lisans programlarından birinden mezun olmak. | 3254 - Maliye | 4322 - Muhasebe ve Maliye | 8225 - Maliye-Muhasebe | 7225 - Güvenlik Tahkikatının Olumlu Sonuçlanması.;e16c266f-7956-e711-80d3-a0369f7d149c
2017;1;390465983;Sosyal Güvenlik Kurumu Başkanlığı;Memur;Kocaeli;Lisans;1;;84.451;84.451;"4429;3141;8312;7225";4429 - Aşağıdaki lisans programlarından birinden mezun olmak. | 3141 - Çalışma Ekonomisi ve Endüstri İlişkileri | 8312 - Çalışma Ekonomisi | 7225 - Güvenlik Tahkikatının Olumlu Sonuçlanması.;0c6c266f-7956-e711-80d3-a0369f7d149c
2017;1;390796451;Tapu ve Kadastro Genel Müdürlüğü;Mühendis;Tunceli;Lisans;3;;84.437;85.343;"4689;3233;4298;8324;9034;7225";4689 - Aşağıdaki lisans programlarından birinden mezun olmak. | 3233 - Jeodezi ve Fotogrametri Mühendisliği | 4298 - Jeodezi ve Haritacılık | 8324 - Harita Mühendisliği | 9034 - Geomatik Mühendisliği | 7225 - Güvenlik Tahkikatının Olumlu Sonuçlanması.;1f6d266f-7956-e711-80d3-a0369f7d149c
2017;1;390942995;Ağrı Belediye Başkanlığı;Şehir Plancısı;Ağrı;Lisans;1;;84.415;84.415;"4757;3322;7225";4757 - Aşağıdaki lisans programlarından birinden mezun olmak. | 3322 - Şehir ve Bölge Planlama | 7225 - Güvenlik Tahkikatının Olumlu Sonuçlanması.;6669266f-7956-e711-80d3-a0369f7d149c
2017;1;310955431;Munzur Üniversitesi;Memur;Tunceli;Lisans;1;;84.405;84.405;"4459;3254;4322;8225;7225";4459 - Aşağıdaki lisans programlarından birinden mezun olmak. | 3254 - Maliye | 4322 - Muhasebe ve Maliye | 8225 - Maliye-Muhasebe | 7225 - Güvenlik Tahkikatının Olumlu Sonuçlanması.;256d266f-7956-e711-80d3-a0369f7d149c
2017;1;390796421;Tapu ve Kadastro Genel Müdürlüğü;Mühendis;Siirt;Lisans;3;;84.375;85.187;"4689;3233;4298;8324;9034;7225";4689 - Aşağıdaki lisans programlarından birinden mezun olmak. | 3233 - Jeodezi ve Fotogrametri Mühendisliği | 4298 - Jeodezi ve Haritacılık | 8324 - Harita Mühendisliği | 9034 - Geomatik Mühendisliği | 7225 - Güvenlik Tahkikatının Olumlu Sonuçlanması.;c06c266f-7956-e711-80d3-a0369f7d149c
2017;1;390684393;Devlet Su İşleri Genel Müdürlüğü;Memur;Kars;Lisans;1;;84.337;84.337;"4426;6229;4459;3254;4322;8225;7225;7257";4426 - Aşağıdaki lisans programlarından birinden mezun olmak. | 6229 - İşletme-Ekonomi / İşletme-İktisat | 4459 - Aşağıdaki lisans programlarından birinden mezun olmak. | 3254 - Maliye | 4322 - Muhasebe ve Maliye | 8225 - Maliye-Muhasebe | 7225 - Güvenlik Tahkikatının Olumlu Sonuçlanması. | 7257 - Seyahate ve Arazide Çalışmaya Elverişli olmak.;c66b266f-7956-e711-80d3-a0369f7d149c
2017;1;390684405;Devlet Su İşleri Genel Müdürlüğü;Memur;Samsun;Lisans;1;;84.336;84.336;"4426;6229;4459;3254;4322;8225;7225;7257";4426 - Aşağıdaki lisans programlarından birinden mezun olmak. | 6229 - İşletme-Ekonomi / İşletme-İktisat | 4459 - Aşağıdaki lisans programlarından birinden mezun olmak. | 3254 - Maliye | 4322 - Muhasebe ve Maliye | 8225 - Maliye-Muhasebe | 7225 - Güvenlik Tahkikatının Olumlu Sonuçlanması. | 7257 - Seyahate ve Arazide Çalışmaya Elverişli olmak.;bf6c266f-7956-e711-80d3-a0369f7d149c
2017;1;390796367;Tapu ve Kadastro Genel Müdürlüğü;Mühendis;Kilis;Lisans;2;;84.336;84.56;"4689;3233;4298;8324;9034;7225";4689 - Aşağıdaki lisans programlarından birinden mezun olmak. | 3233 - Jeodezi ve Fotogrametri Mühendisliği | 4298 - Jeodezi ve Haritacılık | 8324 - Harita Mühendisliği | 9034 - Geomatik Mühendisliği | 7225 - Güvenlik Tahkikatının Olumlu Sonuçlanması.;f36d266f-7956-e711-80d3-a0369f7d149c
2017;1;390796247;Tapu ve Kadastro Genel Müdürlüğü;Mühendis;Bitlis;Lisans;3;;84.329;86.581;"4689;3233;4298;8324;9034;7225";4689 - Aşağıdaki lisans programlarından birinden mezun olmak. | 3233 - Jeodezi ve Fotogrametri Mühendisliği | 4298 - Jeodezi ve Haritacılık | 8324 - Harita Mühendisliği | 9034 - Geomatik Mühendisliği | 7225 - Güvenlik Tahkikatının Olumlu Sonuçlanması.;436a266f-7956-e711-80d3-a0369f7d149c
2017;1;390684375;Devlet Su İşleri Genel Müdürlüğü;Memur;Edirne;Lisans;1;;84.312;84.312;"4426;6229;4459;3254;4322;8225;7225;7257";4426 - Aşağıdaki lisans programlarından birinden mezun olmak. | 6229 - İşletme-Ekonomi / İşletme-İktisat | 4459 - Aşağıdaki lisans programlarından birinden mezun olmak. | 3254 - Maliye | 4322 - Muhasebe ve Maliye | 8225 - Maliye-Muhasebe | 7225 - Güvenlik Tahkikatının Olumlu Sonuçlanması. | 7257 - Seyahate ve Arazide Çalışmaya Elverişli olmak.;c76a266f-7956-e711-80d3-a0369f7d149c
2017;1;390796241;Tapu ve Kadastro Genel Müdürlüğü;Mühendis;Bingöl;Lisans;3;;84.297;84.711;"4689;3233;4298;8324;9034;7225";4689 - Aşağıdaki lisans programlarından birinden mezun olmak. | 3233 - Jeodezi ve Fotogrametri Mühendisliği | 4298 - Jeodezi ve Haritacılık | 8324 - Harita Mühendisliği | 9034 - Geomatik Mühendisliği | 7225 - Güvenlik Tahkikatının Olumlu Sonuçlanması.;426a266f-7956-e711-80d3-a0369f7d149c
2017;1;390465839;Sosyal Güvenlik Kurumu Başkanlığı;Memur;İstanbul;Lisans;2;;84.267;84.36;"4429;3141;8312;7225";4429 - Aşağıdaki lisans programlarından birinden mezun olmak. | 3141 - Çalışma Ekonomisi ve Endüstri İlişkileri | 8312 - Çalışma Ekonomisi | 7225 - Güvenlik Tahkikatının Olumlu Sonuçlanması.;9b6b266f-7956-e711-80d3-a0369f7d149c
2017;1;390796409;Tapu ve Kadastro Genel Müdürlüğü;Mühendis;Muş;Lisans;3;;84.253;84.491;"4689;3233;4298;8324;9034;7225";4689 - Aşağıdaki lisans programlarından birinden mezun olmak. | 3233 - Jeodezi ve Fotogrametri Mühendisliği | 4298 - Jeodezi ve Haritacılık | 8324 - Harita Mühendisliği | 9034 - Geomatik Mühendisliği | 7225 - Güvenlik Tahkikatının Olumlu Sonuçlanması.;6a6c266f-7956-e711-80d3-a0369f7d149c
2017;1;390935461;Muş İl Özel İdaresi;Mühendis;Muş;Lisans;1;;84.212;84.212;"4689;3233;4298;8324;9034;7225";4689 - Aşağıdaki lisans programlarından birinden mezun olmak. | 3233 - Jeodezi ve Fotogrametri Mühendisliği | 4298 - Jeodezi ve Haritacılık | 8324 - Harita Mühendisliği | 9034 - Geomatik Mühendisliği | 7225 - Güvenlik Tahkikatının Olumlu Sonuçlanması.;6f6c266f-7956-e711-80d3-a0369f7d149c
2017;1;390796199;Tapu ve Kadastro Genel Müdürlüğü;Mühendis;Ağrı;Lisans;3;;84.199;84.5;"4689;3233;4298;8324;9034;7225";4689 - Aşağıdaki lisans programlarından birinden mezun olmak. | 3233 - Jeodezi ve Fotogrametri Mühendisliği | 4298 - Jeodezi ve Haritacılık | 8324 - Harita Mühendisliği | 9034 - Geomatik Mühendisliği | 7225 - Güvenlik Tahkikatının Olumlu Sonuçlanması.;5b69266f-7956-e711-80d3-a0369f7d149c
2017;1;390943229;Bayrampaşa Belediye Başkanlığı;Memur;İstanbul;Lisans;6;;84.19;85.357;"4459;3254;4322;8225;7225";4459 - Aşağıdaki lisans programlarından birinden mezun olmak. | 3254 - Maliye | 4322 - Muhasebe ve Maliye | 8225 - Maliye-Muhasebe | 7225 - Güvenlik Tahkikatının Olumlu Sonuçlanması.;486b266f-7956-e711-80d3-a0369f7d149c
2017;1;390947357;Viranşehir Belediye Başkanlığı;Şehir Plancısı;Şanlıurfa;Lisans;1;;84.182;84.182;"4757;3322;7225";4757 - Aşağıdaki lisans programlarından birinden mezun olmak. | 3322 - Şehir ve Bölge Planlama | 7225 - Güvenlik Tahkikatının Olumlu Sonuçlanması.;346d266f-7956-e711-80d3-a0369f7d149c
2017;1;390684381;Devlet Su İşleri Genel Müdürlüğü;Memur;Elazığ;Lisans;1;;84.174;84.174;"4426;6229;4459;3254;4322;8225;7225;7257";4426 - Aşağıdaki lisans programlarından birinden mezun olmak. | 6229 - İşletme-Ekonomi / İşletme-İktisat | 4459 - Aşağıdaki lisans programlarından birinden mezun olmak. | 3254 - Maliye | 4322 - Muhasebe ve Maliye | 8225 - Maliye-Muhasebe | 7225 - Güvenlik Tahkikatının Olumlu Sonuçlanması. | 7257 - Seyahate ve Arazide Çalışmaya Elverişli olmak.;d76a266f-7956-e711-80d3-a0369f7d149c
2017;1;391484549;Doğu Karadeniz Projesi Bölge Kalkınma İdaresi Başkanlığı;Avukat;Giresun;Lisans;1;;84.167;84.167;"4419;3209;7205;7207;7225;7361";4419 - Aşağıdaki lisans programlarından birinden mezun olmak. | 3209 - Hukuk | 7205 - Avukatlık Ruhsatı Sahibi olmak. | 7207 - Avukatlık Ruhsatı Aldıktan Sonra Serbest Olarak En Az İki Yıl Mesleği İle İlgili Çalışmış olmak. | 7225 - Güvenlik Tahkikatının Olumlu Sonuçlanması. | 7361 - (Bakınız Başvurma Özel Şartları Bölümü Avukat).;0d6b266f-7956-e711-80d3-a0369f7d149c
2017;1;390796205;Tapu ve Kadastro Genel Müdürlüğü;Mühendis;Ardahan;Lisans;2;;84.166;84.182;"4689;3233;4298;8324;9034;7225";4689 - Aşağıdaki lisans programlarından birinden mezun olmak. | 3233 - Jeodezi ve Fotogrametri Mühendisliği | 4298 - Jeodezi ve Haritacılık | 8324 - Harita Mühendisliği | 9034 - Geomatik Mühendisliği | 7225 - Güvenlik Tahkikatının Olumlu Sonuçlanması.;e06d266f-7956-e711-80d3-a0369f7d149c
2017;1;390947561;Zeytinburnu Belediye Başkanlığı;Veznedar;İstanbul;Lisans;2;;84.166;84.515;"4431;3226;3361;3381;5123;8207;8208;8296;8334;6506;7225";4431 - Aşağıdaki lisans programlarından birinden mezun olmak. | 3226 - İşletme / İşletmecilik | 3361 - Yönetim Bilişim Sistemleri | 3381 - Muhasebe-Finansman | 5123 - Muhasebe ve Finansal Yönetim / Muhasebe ve Finans Yönetimi | 8207 - İş İdaresi | 8208 - İş İdaresi ve İktisat | 8296 - Yönetim ve Organizasyon | 8334 - Pazarlama | 6506 - B sınıfı sürücü belgesine sahip olmak | 7225 - Güvenlik Tahkikatının Olumlu Sonuçlanması.;616b266f-7956-e711-80d3-a0369f7d149c
2017;1;390796349;Tapu ve Kadastro Genel Müdürlüğü;Mühendis;Kars;Lisans;2;;84.144;84.244;"4689;3233;4298;8324;9034;7225";4689 - Aşağıdaki lisans programlarından birinden mezun olmak. | 3233 - Jeodezi ve Fotogrametri Mühendisliği | 4298 - Jeodezi ve Haritacılık | 8324 - Harita Mühendisliği | 9034 - Geomatik Mühendisliği | 7225 - Güvenlik Tahkikatının Olumlu Sonuçlanması.;c76b266f-7956-e711-80d3-a0369f7d149c
2017;1;390465857;Sosyal Güvenlik Kurumu Başkanlığı;Memur;İstanbul;Lisans;3;;84.136;85.016;"4429;3141;8312;7225";4429 - Aşağıdaki lisans programlarından birinden mezun olmak. | 3141 - Çalışma Ekonomisi ve Endüstri İlişkileri | 8312 - Çalışma Ekonomisi | 7225 - Güvenlik Tahkikatının Olumlu Sonuçlanması.;9e6b266f-7956-e711-80d3-a0369f7d149c
2017;1;391084015;Devlet Hava Meydanları İşletmesi Genel Müdürlüğü;Memur;Şırnak;Lisans;3;;84.105;84.755;"4493;3312;7225";4493 - Aşağıdaki lisans programlarından birinden mezun olmak. | 3312 - Sivil Hava Ulaştırma İşletmeciliği | 7225 - Güvenlik Tahkikatının Olumlu Sonuçlanması.;dd6d266f-7956-e711-80d3-a0369f7d149c
2017;1;310885533;Sakarya Üniversitesi;Memur;Sakarya;Lisans;1;;84.089;84.089;"4459;3254;4322;8225;4502;8328;9318;7225";4459 - Aşağıdaki lisans programlarından birinden mezun olmak. | 3254 - Maliye | 4322 - Muhasebe ve Maliye | 8225 - Maliye-Muhasebe | 4502 - Aşağıdaki lisans programlarından birinden mezun olmak. | 8328 - İnsan Kaynakları Yönetimi | 9318 - İnsan Kaynakları | 7225 - Güvenlik Tahkikatının Olumlu Sonuçlanması.;b66c266f-7956-e711-80d3-a0369f7d149c
2017;1;390465911;Sosyal Güvenlik Kurumu Başkanlığı;Memur;İstanbul;Lisans;2;;84.065;84.189;"4429;3141;8312;7225";4429 - Aşağıdaki lisans programlarından birinden mezun olmak. | 3141 - Çalışma Ekonomisi ve Endüstri İlişkileri | 8312 - Çalışma Ekonomisi | 7225 - Güvenlik Tahkikatının Olumlu Sonuçlanması.;a76b266f-7956-e711-80d3-a0369f7d149c
2017;1;390944705;Haliliye Belediye Başkanlığı;Avukat;Şanlıurfa;Lisans;1;;84.052;84.052;"4419;3209;7205;7207;7225;7361";4419 - Aşağıdaki lisans programlarından birinden mezun olmak. | 3209 - Hukuk | 7205 - Avukatlık Ruhsatı Sahibi olmak. | 7207 - Avukatlık Ruhsatı Aldıktan Sonra Serbest Olarak En Az İki Yıl Mesleği İle İlgili Çalışmış olmak. | 7225 - Güvenlik Tahkikatının Olumlu Sonuçlanması. | 7361 - (Bakınız Başvurma Özel Şartları Bölümü Avukat).;3b6d266f-7956-e711-80d3-a0369f7d149c
2017;1;390946121;Suruç Belediye Başkanlığı;Veri Hazırlama ve Kontrol İşletmeni;Şanlıurfa;Lisans;2;;84.027;85.605;"4459;3254;4322;8225;6225;7225";4459 - Aşağıdaki lisans programlarından birinden mezun olmak. | 3254 - Maliye | 4322 - Muhasebe ve Maliye | 8225 - Maliye-Muhasebe | 6225 - M.E.B.'Dan Onaylı Bilgisayar İşletmeni Sertifikası Sahibi olmak. | 7225 - Güvenlik Tahkikatının Olumlu Sonuçlanması.;396d266f-7956-e711-80d3-a0369f7d149c
2017;1;390796445;Tapu ve Kadastro Genel Müdürlüğü;Mühendis;Şırnak;Lisans;3;;84.019;85.388;"4689;3233;4298;8324;9034;7225";4689 - Aşağıdaki lisans programlarından birinden mezun olmak. | 3233 - Jeodezi ve Fotogrametri Mühendisliği | 4298 - Jeodezi ve Haritacılık | 8324 - Harita Mühendisliği | 9034 - Geomatik Mühendisliği | 7225 - Güvenlik Tahkikatının Olumlu Sonuçlanması.;dc6d266f-7956-e711-80d3-a0369f7d149c
2017;1;390937603;Zonguldak İl Özel İdaresi;Memur;Zonguldak;Lisans;3;;84.011;84.237;"4459;3254;4322;8225;6225;7225";4459 - Aşağıdaki lisans programlarından birinden mezun olmak. | 3254 - Maliye | 4322 - Muhasebe ve Maliye | 8225 - Maliye-Muhasebe | 6225 - M.E.B.'Dan Onaylı Bilgisayar İşletmeni Sertifikası Sahibi olmak. | 7225 - Güvenlik Tahkikatının Olumlu Sonuçlanması.;876d266f-7956-e711-80d3-a0369f7d149c
2017;1;390684399;Devlet Su İşleri Genel Müdürlüğü;Memur;Kastamonu;Lisans;1;;83.989;83.989;"4426;6229;4459;3254;4322;8225;7225;7257";4426 - Aşağıdaki lisans programlarından birinden mezun olmak. | 6229 - İşletme-Ekonomi / İşletme-İktisat | 4459 - Aşağıdaki lisans programlarından birinden mezun olmak. | 3254 - Maliye | 4322 - Muhasebe ve Maliye | 8225 - Maliye-Muhasebe | 7225 - Güvenlik Tahkikatının Olumlu Sonuçlanması. | 7257 - Seyahate ve Arazide Çalışmaya Elverişli olmak.;ea6b266f-7956-e711-80d3-a0369f7d149c
2017;1;390937585;Zonguldak İl Özel İdaresi;Memur;Zonguldak;Lisans;1;;83.982;83.982;"4459;3254;4322;8225;6225;7225";4459 - Aşağıdaki lisans programlarından birinden mezun olmak. | 3254 - Maliye | 4322 - Muhasebe ve Maliye | 8225 - Maliye-Muhasebe | 6225 - M.E.B.'Dan Onaylı Bilgisayar İşletmeni Sertifikası Sahibi olmak. | 7225 - Güvenlik Tahkikatının Olumlu Sonuçlanması.;846d266f-7956-e711-80d3-a0369f7d149c
2017;1;390937579;Zonguldak İl Özel İdaresi;Memur;Zonguldak;Lisans;1;;83.957;83.957;"4459;3254;4322;8225;6225;7225";4459 - Aşağıdaki lisans programlarından birinden mezun olmak. | 3254 - Maliye | 4322 - Muhasebe ve Maliye | 8225 - Maliye-Muhasebe | 6225 - M.E.B.'Dan Onaylı Bilgisayar İşletmeni Sertifikası Sahibi olmak. | 7225 - Güvenlik Tahkikatının Olumlu Sonuçlanması.;836d266f-7956-e711-80d3-a0369f7d149c
2017;1;390947447;Yeşilova (Aksaray) Belediye Başkanlığı;Memur;Aksaray;Lisans;1;;83.949;83.949;"4459;3254;4322;8225;7225";4459 - Aşağıdaki lisans programlarından birinden mezun olmak. | 3254 - Maliye | 4322 - Muhasebe ve Maliye | 8225 - Maliye-Muhasebe | 7225 - Güvenlik Tahkikatının Olumlu Sonuçlanması.;8e6d266f-7956-e711-80d3-a0369f7d149c
2017;1;390944813;Haliliye Belediye Başkanlığı;Veznedar;Şanlıurfa;Lisans;4;;83.934;85.419;"4459;3254;4322;8225;7225;7257";4459 - Aşağıdaki lisans programlarından birinden mezun olmak. | 3254 - Maliye | 4322 - Muhasebe ve Maliye | 8225 - Maliye-Muhasebe | 7225 - Güvenlik Tahkikatının Olumlu Sonuçlanması. | 7257 - Seyahate ve Arazide Çalışmaya Elverişli olmak.;4d6d266f-7956-e711-80d3-a0369f7d149c
2017;1;390465923;Sosyal Güvenlik Kurumu Başkanlığı;Memur;İstanbul;Lisans;2;;83.934;84.428;"4429;3141;8312;7225";4429 - Aşağıdaki lisans programlarından birinden mezun olmak. | 3141 - Çalışma Ekonomisi ve Endüstri İlişkileri | 8312 - Çalışma Ekonomisi | 7225 - Güvenlik Tahkikatının Olumlu Sonuçlanması.;a96b266f-7956-e711-80d3-a0369f7d149c
2017;1;390942893;Adilcevaz Belediye Başkanlığı;Mühendis;Bitlis;Lisans;1;;83.903;83.903;"4689;3233;4298;8324;9034;7225;7257";4689 - Aşağıdaki lisans programlarından birinden mezun olmak. | 3233 - Jeodezi ve Fotogrametri Mühendisliği | 4298 - Jeodezi ve Haritacılık | 8324 - Harita Mühendisliği | 9034 - Geomatik Mühendisliği | 7225 - Güvenlik Tahkikatının Olumlu Sonuçlanması. | 7257 - Seyahate ve Arazide Çalışmaya Elverişli olmak.;486a266f-7956-e711-80d3-a0369f7d149c
2017;1;391083871;Devlet Hava Meydanları İşletmesi Genel Müdürlüğü;Memur;Ankara;Lisans;1;;83.84;83.84;"4291;3197;3198;3292;5111;7225";4291 - Aşağıdaki lisans programlarından birinden mezun olmak. | 3197 - Halkla İlişkiler | 3198 - Halkla İlişkiler ve Tanıtım | 3292 - Reklamcılık ve Halkla İlişkiler | 5111 - Halkla İlişkiler ve Reklamcılık | 7225 - Güvenlik Tahkikatının Olumlu Sonuçlanması.;016a266f-7956-e711-80d3-a0369f7d149c
2017;1;390465935;Sosyal Güvenlik Kurumu Başkanlığı;Memur;İstanbul;Lisans;2;;83.827;83.864;"4429;3141;8312;7225";4429 - Aşağıdaki lisans programlarından birinden mezun olmak. | 3141 - Çalışma Ekonomisi ve Endüstri İlişkileri | 8312 - Çalışma Ekonomisi | 7225 - Güvenlik Tahkikatının Olumlu Sonuçlanması.;ab6b266f-7956-e711-80d3-a0369f7d149c
2017;1;390465881;Sosyal Güvenlik Kurumu Başkanlığı;Memur;İstanbul;Lisans;2;;83.802;84.12;"4429;3141;8312;7225";4429 - Aşağıdaki lisans programlarından birinden mezun olmak. | 3141 - Çalışma Ekonomisi ve Endüstri İlişkileri | 8312 - Çalışma Ekonomisi | 7225 - Güvenlik Tahkikatının Olumlu Sonuçlanması.;a26b266f-7956-e711-80d3-a0369f7d149c
2017;1;390933127;Ardahan İl Özel İdaresi;Mühendis;Ardahan;Lisans;1;;83.801;83.801;"4689;3233;4298;8324;9034;7225";4689 - Aşağıdaki lisans programlarından birinden mezun olmak. | 3233 - Jeodezi ve Fotogrametri Mühendisliği | 4298 - Jeodezi ve Haritacılık | 8324 - Harita Mühendisliği | 9034 - Geomatik Mühendisliği | 7225 - Güvenlik Tahkikatının Olumlu Sonuçlanması.;e36d266f-7956-e711-80d3-a0369f7d149c
2017;1;390796313;Tapu ve Kadastro Genel Müdürlüğü;Mühendis;Hakkari;Lisans;3;;83.725;83.82;"4689;3233;4298;8324;9034;7225";4689 - Aşağıdaki lisans programlarından birinden mezun olmak. | 3233 - Jeodezi ve Fotogrametri Mühendisliği | 4298 - Jeodezi ve Haritacılık | 8324 - Harita Mühendisliği | 9034 - Geomatik Mühendisliği | 7225 - Güvenlik Tahkikatının Olumlu Sonuçlanması.;146b266f-7956-e711-80d3-a0369f7d149c
2017;1;390942983;Ağrı Belediye Başkanlığı;Mühendis;Ağrı;Lisans;1;;83.717;83.717;"4689;3233;4298;8324;9034;7225";4689 - Aşağıdaki lisans programlarından birinden mezun olmak. | 3233 - Jeodezi ve Fotogrametri Mühendisliği | 4298 - Jeodezi ve Haritacılık | 8324 - Harita Mühendisliği | 9034 - Geomatik Mühendisliği | 7225 - Güvenlik Tahkikatının Olumlu Sonuçlanması.;6469266f-7956-e711-80d3-a0369f7d149c
2017;1;390947339;Viranşehir Belediye Başkanlığı;Avukat;Şanlıurfa;Lisans;1;;83.703;83.703;"4419;3209;7205;7207;7225;7257;7361";4419 - Aşağıdaki lisans programlarından birinden mezun olmak. | 3209 - Hukuk | 7205 - Avukatlık Ruhsatı Sahibi olmak. | 7207 - Avukatlık Ruhsatı Aldıktan Sonra Serbest Olarak En Az İki Yıl Mesleği İle İlgili Çalışmış olmak. | 7225 - Güvenlik Tahkikatının Olumlu Sonuçlanması. | 7257 - Seyahate ve Arazide Çalışmaya Elverişli olmak. | 7361 - (Bakınız Başvurma Özel Şartları Bölümü Avukat).;316d266f-7956-e711-80d3-a0369f7d149c
2017;1;390944771;Haliliye Belediye Başkanlığı;Mühendis;Şanlıurfa;Lisans;2;;83.702;84.034;"4689;3233;4298;8324;9034;7225;7257";4689 - Aşağıdaki lisans programlarından birinden mezun olmak. | 3233 - Jeodezi ve Fotogrametri Mühendisliği | 4298 - Jeodezi ve Haritacılık | 8324 - Harita Mühendisliği | 9034 - Geomatik Mühendisliği | 7225 - Güvenlik Tahkikatının Olumlu Sonuçlanması. | 7257 - Seyahate ve Arazide Çalışmaya Elverişli olmak.;466d266f-7956-e711-80d3-a0369f7d149c
2017;1;311027459;Yüzüncü Yıl Üniversitesi;Kütüphaneci;Van;Lisans;1;;83.663;83.663;"4099;3113;3153;3248;8144;7225";4099 - Aşağıdaki lisans programlarından birinden mezun olmak. | 3113 - Arşivcilik | 3153 - Dokümantasyon ve Enformasyon | 3248 - Kütüphanecilik | 8144 - Bilgi ve Belge Yönetimi | 7225 - Güvenlik Tahkikatının Olumlu Sonuçlanması.;616d266f-7956-e711-80d3-a0369f7d149c
2017;1;390465899;Sosyal Güvenlik Kurumu Başkanlığı;Memur;İstanbul;Lisans;3;;83.648;83.756;"4429;3141;8312;7225";4429 - Aşağıdaki lisans programlarından birinden mezun olmak. | 3141 - Çalışma Ekonomisi ve Endüstri İlişkileri | 8312 - Çalışma Ekonomisi | 7225 - Güvenlik Tahkikatının Olumlu Sonuçlanması.;a56b266f-7956-e711-80d3-a0369f7d149c
2017;1;390934699;Hakkari İl Özel İdaresi;Avukat;Hakkari;Lisans;1;;83.593;83.593;"4419;3209;7205;7207;7225;7361";4419 - Aşağıdaki lisans programlarından birinden mezun olmak. | 3209 - Hukuk | 7205 - Avukatlık Ruhsatı Sahibi olmak. | 7207 - Avukatlık Ruhsatı Aldıktan Sonra Serbest Olarak En Az İki Yıl Mesleği İle İlgili Çalışmış olmak. | 7225 - Güvenlik Tahkikatının Olumlu Sonuçlanması. | 7361 - (Bakınız Başvurma Özel Şartları Bölümü Avukat).;156b266f-7956-e711-80d3-a0369f7d149c
2017;1;390947567;Zeytinburnu Belediye Başkanlığı;Zabıta Memuru;İstanbul;Lisans;35;;83.525;88.446;"4001;6199;6514;7225;7300";4001 - Herhangi bir lisans programından mezun olmak. | 6199 - Yerleştirme işlemlerinin ilk günü itibariyle 30 yaşını doldurmamış olmak | 6514 - D sınıfı sürücü belgesine sahip olmak | 7225 - Güvenlik Tahkikatının Olumlu Sonuçlanması. | 7300 - Bu kadro/pozisyonda vardiya sistemi uygulanmaktadır.;626b266f-7956-e711-80d3-a0369f7d149c
2017;1;310223307;Boğaziçi Üniversitesi;Bilgisayar İşletmeni;İstanbul;Lisans;1;;83.524;83.524;"4539;3127;3130;3361;8125;8151;8308;7225";4539 - Aşağıdaki lisans programlarından birinden mezun olmak. | 3127 - Bilgisayar Teknolojisi ve Bilişim Sistemleri | 3130 - Bilişim Sistemleri ve Teknolojileri | 3361 - Yönetim Bilişim Sistemleri | 8125 - Bilgisayar Teknolojisi Bölümü | 8151 - Bilgisayar Sistemleri ve Teknolojileri | 8308 - Bilgi Teknolojileri | 7225 - Güvenlik Tahkikatının Olumlu Sonuçlanması.;8e6b266f-7956-e711-80d3-a0369f7d149c
2017;1;391484555;Doğu Karadeniz Projesi Bölge Kalkınma İdaresi Başkanlığı;Mühendis;Giresun;Lisans;1;;83.447;83.447;"4845;3385;3386;4212;6131;8147;8158;9048;9269;7225";4845 - Aşağıdaki lisans programlarından birinden mezun olmak. | 3385 - Tarla Bitkileri | 3386 - Toprak | 4212 - Bahçe ve Tarla Bitkileri | 6131 - Bitkisel Üretim | 8147 - Bahçe Bitkileri | 8158 - Bitki Koruma | 9048 - Toprak Bilimi ve Bitki Besleme | 9269 - Bitkisel Üretim ve Teknolojileri | 7225 - Güvenlik Tahkikatının Olumlu Sonuçlanması.;0e6b266f-7956-e711-80d3-a0369f7d149c
2017;1;310113103;Ankara Üniversitesi;Memur;Ankara;Lisans;1;;83.222;83.222;"4291;3197;3198;3292;5111;7225";4291 - Aşağıdaki lisans programlarından birinden mezun olmak. | 3197 - Halkla İlişkiler | 3198 - Halkla İlişkiler ve Tanıtım | 3292 - Reklamcılık ve Halkla İlişkiler | 5111 - Halkla İlişkiler ve Reklamcılık | 7225 - Güvenlik Tahkikatının Olumlu Sonuçlanması.;9b69266f-7956-e711-80d3-a0369f7d149c
2017;1;391073655;Çay İşletmeleri Genel Müdürlüğü;Mühendis;Rize;Lisans;2;;83.177;86.774;"4845;3385;3386;4212;6131;8147;8158;9048;9269;7225";4845 - Aşağıdaki lisans programlarından birinden mezun olmak. | 3385 - Tarla Bitkileri | 3386 - Toprak | 4212 - Bahçe ve Tarla Bitkileri | 6131 - Bitkisel Üretim | 8147 - Bahçe Bitkileri | 8158 - Bitki Koruma | 9048 - Toprak Bilimi ve Bitki Besleme | 9269 - Bitkisel Üretim ve Teknolojileri | 7225 - Güvenlik Tahkikatının Olumlu Sonuçlanması.;8d6c266f-7956-e711-80d3-a0369f7d149c
2017;1;390944735;Haliliye Belediye Başkanlığı;Memur;Şanlıurfa;Lisans;1;;83.114;83.114;"4873;3243;3304;3337;3338;3340;3341;4325;4371;4372;4373;5129;6303;6339;8215;9116;7111;7225";4873 - Aşağıdaki lisans programlarından birinden mezun olmak. | 3243 - Konaklama İşletmeciliği | 3304 - Seyahat İşletmeciliği ve Turizm Rehberliği | 3337 - Turizm İşletmeciliği | 3338 - Turizm İşletmeciliği ve Otelcilik / Turizm İşletmecilik ve Otelcilik | 3340 - Turizm ve Otelcilik | 3341 - Turizm ve Rehberlik | 4325 - Otel İşletmeciliği | 4371 - Turizm | 4372 - Turizm Rehberliği | 4373 - Turizm ve Hizmetler | 5129 - Turizmde Büro Yönetimi | 6303 - Seyahat İşletmeciliği | 6339 - Turizm ve Otel İşletmeciliği | 8215 - Konaklama ve Turizm İşletmeciliği | 9116 - Otel Yöneticiliği | 7111 - Son 5 Yıl İçerisinde KPDS/YDS En Az C Seviyesinde İngilizce Bilmek. | 7225 - Güvenlik Tahkikatının Olumlu Sonuçlanması.;406d266f-7956-e711-80d3-a0369f7d149c
2017;1;391276523;Türkiye Elektrik İletim.A.Ş.Gen.Md.;Memur;Ankara;Lisans;2;;83.051;83.872;"4273;3215;5113;7168;7212;8132;8327;9281;4291;3197;3198;3292;5111;7109;7225";4273 - Aşağıdaki lisans programlarından birinden mezun olmak. | 3215 - İletişim | 5113 - İletişim Tasarımı | 7168 - İletişim ve Tasarım | 7212 - İletişim Tasarımı (Multimedia) | 8132 - İletişim Sanatları | 8327 - İletişim Bilimleri | 9281 - İletişim Tasarımı ve Yönetimi | 4291 - Aşağıdaki lisans programlarından birinden mezun olmak. | 3197 - Halkla İlişkiler | 3198 - Halkla İlişkiler ve Tanıtım | 3292 - Reklamcılık ve Halkla İlişkiler | 5111 - Halkla İlişkiler ve Reklamcılık | 7109 - Son 5 Yıl İçerisinde KPDS/YDS En Az B Seviyesinde İngilizce Bilmek. | 7225 - Güvenlik Tahkikatının Olumlu Sonuçlanması.;e369266f-7956-e711-80d3-a0369f7d149c
2017;1;390945521;Rize Belediye Başkanlığı;Memur;Rize;Lisans;1;;82.89;82.89;"4291;3197;3198;3292;5111;7225";4291 - Aşağıdaki lisans programlarından birinden mezun olmak. | 3197 - Halkla İlişkiler | 3198 - Halkla İlişkiler ve Tanıtım | 3292 - Reklamcılık ve Halkla İlişkiler | 5111 - Halkla İlişkiler ve Reklamcılık | 7225 - Güvenlik Tahkikatının Olumlu Sonuçlanması.;976c266f-7956-e711-80d3-a0369f7d149c
2017;1;390827171;Türkiye ve Orta Doğu Amme İdaresi Enstitüsü;Mütercim;Ankara;Lisans;1;;82.774;82.774;"4062;3219;4083;8202;8242;8290;9236;7109;7225";4062 - Aşağıdaki lisans programlarından birinden mezun olmak. | 3219 - İngiliz Dili ve Edebiyatı | 4083 - Aşağıdaki lisans programlarından birinden mezun olmak. | 8202 - Çeviribilim (İngilizce) / Çeviribilim | 8242 - Mütercim-Tercümanlık (İng-Fra-Türkçe) | 8290 - Mütercim-Tercümanlık (İngilizce) | 9236 - Mütercim-Tercümanlık (Türkçe-Almanca-İngilizce) | 7109 - Son 5 Yıl İçerisinde KPDS/YDS En Az B Seviyesinde İngilizce Bilmek. | 7225 - Güvenlik Tahkikatının Olumlu Sonuçlanması.;c969266f-7956-e711-80d3-a0369f7d149c
2017;1;391094303;Devlet Malzeme Ofisi Genel Müdürlüğü;Mühendis;Ankara;Lisans;1;;82.759;82.759;"4865;3101;3276;7113;7225";4865 - Aşağıdaki lisans programlarından birinden mezun olmak. | 3101 - Ağaç İşleri Endüstri Mühendisliği / Ağaç İşleri Endüstrisi Mühendisliği | 3276 - Orman Endüstrisi Mühendisliği | 7113 - Son 5 Yıl İçerisinde KPDS/YDS En Az D Seviyesinde İngilizce Bilmek. | 7225 - Güvenlik Tahkikatının Olumlu Sonuçlanması.;ec69266f-7956-e711-80d3-a0369f7d149c
2017;1;390947495;Zeytinburnu Belediye Başkanlığı;Memur;İstanbul;Lisans;1;;82.634;82.634;"4273;3215;5113;7168;7212;8132;8327;9281;4291;3197;3198;3292;5111;7225";4273 - Aşağıdaki lisans programlarından birinden mezun olmak. | 3215 - İletişim | 5113 - İletişim Tasarımı | 7168 - İletişim ve Tasarım | 7212 - İletişim Tasarımı (Multimedia) | 8132 - İletişim Sanatları | 8327 - İletişim Bilimleri | 9281 - İletişim Tasarımı ve Yönetimi | 4291 - Aşağıdaki lisans programlarından birinden mezun olmak. | 3197 - Halkla İlişkiler | 3198 - Halkla İlişkiler ve Tanıtım | 3292 - Reklamcılık ve Halkla İlişkiler | 5111 - Halkla İlişkiler ve Reklamcılık | 7225 - Güvenlik Tahkikatının Olumlu Sonuçlanması.;566b266f-7956-e711-80d3-a0369f7d149c
2017;1;391073649;Çay İşletmeleri Genel Müdürlüğü;Mühendis;Rize;Lisans;1;;82.279;82.279;"4845;3385;3386;4212;6131;8147;8158;9048;9269;7225";4845 - Aşağıdaki lisans programlarından birinden mezun olmak. | 3385 - Tarla Bitkileri | 3386 - Toprak | 4212 - Bahçe ve Tarla Bitkileri | 6131 - Bitkisel Üretim | 8147 - Bahçe Bitkileri | 8158 - Bitki Koruma | 9048 - Toprak Bilimi ve Bitki Besleme | 9269 - Bitkisel Üretim ve Teknolojileri | 7225 - Güvenlik Tahkikatının Olumlu Sonuçlanması.;8c6c266f-7956-e711-80d3-a0369f7d149c
2017;1;391083865;Devlet Hava Meydanları İşletmesi Genel Müdürlüğü;Memur;Ankara;Lisans;3;;82.231;86.068;"4099;3113;3153;3248;8144;7225";4099 - Aşağıdaki lisans programlarından birinden mezun olmak. | 3113 - Arşivcilik | 3153 - Dokümantasyon ve Enformasyon | 3248 - Kütüphanecilik | 8144 - Bilgi ve Belge Yönetimi | 7225 - Güvenlik Tahkikatının Olumlu Sonuçlanması.;006a266f-7956-e711-80d3-a0369f7d149c
2017;1;390944807;Haliliye Belediye Başkanlığı;Şehir Plancısı;Şanlıurfa;Lisans;1;;82.224;82.224;"4757;3322;7149;7225;7257";4757 - Aşağıdaki lisans programlarından birinden mezun olmak. | 3322 - Şehir ve Bölge Planlama | 7149 - A Grubu Planlama Alanı İçin Yeterlilik Belgesine Sahip olmak. | 7225 - Güvenlik Tahkikatının Olumlu Sonuçlanması. | 7257 - Seyahate ve Arazide Çalışmaya Elverişli olmak.;4c6d266f-7956-e711-80d3-a0369f7d149c
2017;1;390944711;Haliliye Belediye Başkanlığı;Ekonomist;Şanlıurfa;Lisans;1;;82.208;82.208;"4459;3254;4322;8225;7109;7225;7257";4459 - Aşağıdaki lisans programlarından birinden mezun olmak. | 3254 - Maliye | 4322 - Muhasebe ve Maliye | 8225 - Maliye-Muhasebe | 7109 - Son 5 Yıl İçerisinde KPDS/YDS En Az B Seviyesinde İngilizce Bilmek. | 7225 - Güvenlik Tahkikatının Olumlu Sonuçlanması. | 7257 - Seyahate ve Arazide Çalışmaya Elverişli olmak.;3c6d266f-7956-e711-80d3-a0369f7d149c
2017;1;391175167;Makina ve Kimya Endüstrisi Kurumu Genel Müdürlüğü;Memur;Ankara;Lisans;1;;81.743;81.743;"4099;3113;3153;3248;8144;7225";4099 - Aşağıdaki lisans programlarından birinden mezun olmak. | 3113 - Arşivcilik | 3153 - Dokümantasyon ve Enformasyon | 3248 - Kütüphanecilik | 8144 - Bilgi ve Belge Yönetimi | 7225 - Güvenlik Tahkikatının Olumlu Sonuçlanması.;f269266f-7956-e711-80d3-a0369f7d149c
2017;1;391175149;Makina ve Kimya Endüstrisi Kurumu Genel Müdürlüğü;Çocuk Gelişimcisi;Ankara;Lisans;1;;81.721;81.721;"4148;4235;6146;4149;3145;7225";4148 - Aşağıdaki lisans programlarından birinden mezun olmak. | 4235 - Çocuk Gelişimi | 6146 - Çocuk Gelişimi ve Eğitimi Öğretmenliği | 4149 - Aşağıdaki lisans programlarından birinden mezun olmak. | 3145 - Çocuk Gelişimi ve Eğitimi | 7225 - Güvenlik Tahkikatının Olumlu Sonuçlanması.;ef69266f-7956-e711-80d3-a0369f7d149c
2017;1;390073427;Çalışma ve Sosyal Güvenlik Bakanlığı;Çocuk Gelişimcisi;Ankara;Lisans;1;;81.713;81.713;"4148;4235;6146;4149;3145;7225";4148 - Aşağıdaki lisans programlarından birinden mezun olmak. | 4235 - Çocuk Gelişimi | 6146 - Çocuk Gelişimi ve Eğitimi Öğretmenliği | 4149 - Aşağıdaki lisans programlarından birinden mezun olmak. | 3145 - Çocuk Gelişimi ve Eğitimi | 7225 - Güvenlik Tahkikatının Olumlu Sonuçlanması.;7a69266f-7956-e711-80d3-a0369f7d149c
2017;1;310113085;Ankara Üniversitesi;Kütüphaneci;Ankara;Lisans;2;;81.675;83.833;"4099;3113;3153;3248;8144;7225";4099 - Aşağıdaki lisans programlarından birinden mezun olmak. | 3113 - Arşivcilik | 3153 - Dokümantasyon ve Enformasyon | 3248 - Kütüphanecilik | 8144 - Bilgi ve Belge Yönetimi | 7225 - Güvenlik Tahkikatının Olumlu Sonuçlanması.;9869266f-7956-e711-80d3-a0369f7d149c
2017;1;391276517;Türkiye Elektrik İletim.A.Ş.Gen.Md.;Memur;Ankara;Lisans;1;;81.597;81.597;"4099;3113;3153;3248;8144;7225";4099 - Aşağıdaki lisans programlarından birinden mezun olmak. | 3113 - Arşivcilik | 3153 - Dokümantasyon ve Enformasyon | 3248 - Kütüphanecilik | 8144 - Bilgi ve Belge Yönetimi | 7225 - Güvenlik Tahkikatının Olumlu Sonuçlanması.;e269266f-7956-e711-80d3-a0369f7d149c
2017;1;399994657;Et ve Süt Kurumu Genel Müdürlüğü;Veteriner;Diyarbakır;Lisans;1;;81.473;81.473;"4607;6373;7225";4607 - Aşağıdaki lisans programlarından birinden mezun olmak. | 6373 - Veteriner | 7225 - Güvenlik Tahkikatının Olumlu Sonuçlanması.;b86a266f-7956-e711-80d3-a0369f7d149c
2017;1;391073697;Çay İşletmeleri Genel Müdürlüğü;Mühendis;Rize;Lisans;5;;81.381;82.132;"4845;3385;3386;4212;6131;8147;8158;9048;9269;7225";4845 - Aşağıdaki lisans programlarından birinden mezun olmak. | 3385 - Tarla Bitkileri | 3386 - Toprak | 4212 - Bahçe ve Tarla Bitkileri | 6131 - Bitkisel Üretim | 8147 - Bahçe Bitkileri | 8158 - Bitki Koruma | 9048 - Toprak Bilimi ve Bitki Besleme | 9269 - Bitkisel Üretim ve Teknolojileri | 7225 - Güvenlik Tahkikatının Olumlu Sonuçlanması.;946c266f-7956-e711-80d3-a0369f7d149c
2017;1;390946163;Şişli Belediye Başkanlığı;Memur;İstanbul;Lisans;2;;81.232;83.167;"4502;8328;9318;7225";4502 - Aşağıdaki lisans programlarından birinden mezun olmak. | 8328 - İnsan Kaynakları Yönetimi | 9318 - İnsan Kaynakları | 7225 - Güvenlik Tahkikatının Olumlu Sonuçlanması.;646b266f-7956-e711-80d3-a0369f7d149c
2017;1;390665413;Meteoroloji Genel Müdürlüğü;Mühendis;Van;Lisans;1;;80.987;80.987;"4683;6262;7225";4683 - Aşağıdaki lisans programlarından birinden mezun olmak. | 6262 - Meteoroloji Mühendisliği | 7225 - Güvenlik Tahkikatının Olumlu Sonuçlanması.;6d6d266f-7956-e711-80d3-a0369f7d149c
2017;1;391175227;Makina ve Kimya Endüstrisi Kurumu Genel Müdürlüğü;Memur;Kırıkkale;Lisans;1;;80.885;80.885;"4453;3268;3269;5123;7225";4453 - Aşağıdaki lisans programlarından birinden mezun olmak. | 3268 - Muhasebe | 3269 - Muhasebe Bilgi Sistemleri | 5123 - Muhasebe ve Finansal Yönetim / Muhasebe ve Finans Yönetimi | 7225 - Güvenlik Tahkikatının Olumlu Sonuçlanması.;ba6d266f-7956-e711-80d3-a0369f7d149c
2017;1;311053067;Alanya Alaaddin Keykubat Üniversitesi;Kütüphaneci;Antalya;Lisans;1;;80.762;80.762;"4099;3113;3153;3248;8144;4101;4309;7225";4099 - Aşağıdaki lisans programlarından birinden mezun olmak. | 3113 - Arşivcilik | 3153 - Dokümantasyon ve Enformasyon | 3248 - Kütüphanecilik | 8144 - Bilgi ve Belge Yönetimi | 4101 - Aşağıdaki lisans programlarından birinden mezun olmak. | 4309 - Kütüphanecilik ve Bilgi Çalışmaları | 7225 - Güvenlik Tahkikatının Olumlu Sonuçlanması.;206a266f-7956-e711-80d3-a0369f7d149c
2017;1;390073481;Çalışma ve Sosyal Güvenlik Bakanlığı;Veri Hazırlama ve Kontrol İşletmeni;Ankara;Lisans;1;;80.761;80.761;"4502;8328;9318;6225;7225";4502 - Aşağıdaki lisans programlarından birinden mezun olmak. | 8328 - İnsan Kaynakları Yönetimi | 9318 - İnsan Kaynakları | 6225 - M.E.B.'Dan Onaylı Bilgisayar İşletmeni Sertifikası Sahibi olmak. | 7225 - Güvenlik Tahkikatının Olumlu Sonuçlanması.;8369266f-7956-e711-80d3-a0369f7d149c
2017;1;310977177;Uludağ Üniversitesi;Kütüphaneci;Bursa;Lisans;3;;80.699;81.65;"4099;3113;3153;3248;8144;7225";4099 - Aşağıdaki lisans programlarından birinden mezun olmak. | 3113 - Arşivcilik | 3153 - Dokümantasyon ve Enformasyon | 3248 - Kütüphanecilik | 8144 - Bilgi ve Belge Yönetimi | 7225 - Güvenlik Tahkikatının Olumlu Sonuçlanması.;6c6a266f-7956-e711-80d3-a0369f7d149c
2017;1;310444687;Gebze Teknik Üniversitesi;Veteriner Hekim;Kocaeli;Lisans;1;;80.524;80.524;"4607;6373;7225";4607 - Aşağıdaki lisans programlarından birinden mezun olmak. | 6373 - Veteriner | 7225 - Güvenlik Tahkikatının Olumlu Sonuçlanması.;076c266f-7956-e711-80d3-a0369f7d149c
2017;1;390943037;Ahmetli (Manisa) Belediye Başkanlığı;Memur;Manisa;Lisans;1;;80.453;80.453;"4502;8328;9318;6225;7105;7225";4502 - Aşağıdaki lisans programlarından birinden mezun olmak. | 8328 - İnsan Kaynakları Yönetimi | 9318 - İnsan Kaynakları | 6225 - M.E.B.'Dan Onaylı Bilgisayar İşletmeni Sertifikası Sahibi olmak. | 7105 - İngilizce Bilmek. | 7225 - Güvenlik Tahkikatının Olumlu Sonuçlanması.;376c266f-7956-e711-80d3-a0369f7d149c
2017;1;390944885;Kadıköy (İstanbul) Belediye Başkanlığı;Bilgisayar İşletmeni;İstanbul;Lisans;2;;80.375;87.71;"4437;3227;6225;7111;7225";4437 - Aşağıdaki lisans programlarından birinden mezun olmak. | 3227 - İşletme Bilgi Yönetimi | 6225 - M.E.B.'Dan Onaylı Bilgisayar İşletmeni Sertifikası Sahibi olmak. | 7111 - Son 5 Yıl İçerisinde KPDS/YDS En Az C Seviyesinde İngilizce Bilmek. | 7225 - Güvenlik Tahkikatının Olumlu Sonuçlanması.;4b6b266f-7956-e711-80d3-a0369f7d149c
2017;1;310255377;Manisa Celal Bayar Üniversitesi;Kütüphaneci;Manisa;Lisans;1;;80.357;80.357;"4099;3113;3153;3248;8144;7225;7300";4099 - Aşağıdaki lisans programlarından birinden mezun olmak. | 3113 - Arşivcilik | 3153 - Dokümantasyon ve Enformasyon | 3248 - Kütüphanecilik | 8144 - Bilgi ve Belge Yönetimi | 7225 - Güvenlik Tahkikatının Olumlu Sonuçlanması. | 7300 - Bu kadro/pozisyonda vardiya sistemi uygulanmaktadır.;316c266f-7956-e711-80d3-a0369f7d149c
2017;1;310885527;Sakarya Üniversitesi;Kütüphaneci;Sakarya;Lisans;1;;80.282;80.282;"4099;3113;3153;3248;8144;7225;7300";4099 - Aşağıdaki lisans programlarından birinden mezun olmak. | 3113 - Arşivcilik | 3153 - Dokümantasyon ve Enformasyon | 3248 - Kütüphanecilik | 8144 - Bilgi ve Belge Yönetimi | 7225 - Güvenlik Tahkikatının Olumlu Sonuçlanması. | 7300 - Bu kadro/pozisyonda vardiya sistemi uygulanmaktadır.;b56c266f-7956-e711-80d3-a0369f7d149c
2017;1;390073463;Çalışma ve Sosyal Güvenlik Bakanlığı;Veri Hazırlama ve Kontrol İşletmeni;Ankara;Lisans;1;;80.229;80.229;"4099;3113;3153;3248;8144;6225;7225";4099 - Aşağıdaki lisans programlarından birinden mezun olmak. | 3113 - Arşivcilik | 3153 - Dokümantasyon ve Enformasyon | 3248 - Kütüphanecilik | 8144 - Bilgi ve Belge Yönetimi | 6225 - M.E.B.'Dan Onaylı Bilgisayar İşletmeni Sertifikası Sahibi olmak. | 7225 - Güvenlik Tahkikatının Olumlu Sonuçlanması.;8069266f-7956-e711-80d3-a0369f7d149c
2017;1;390946181;Şişli Belediye Başkanlığı;Memur;İstanbul;Lisans;1;;80.204;80.204;"4099;3113;3153;3248;8144;7225";4099 - Aşağıdaki lisans programlarından birinden mezun olmak. | 3113 - Arşivcilik | 3153 - Dokümantasyon ve Enformasyon | 3248 - Kütüphanecilik | 8144 - Bilgi ve Belge Yönetimi | 7225 - Güvenlik Tahkikatının Olumlu Sonuçlanması.;676b266f-7956-e711-80d3-a0369f7d149c
2017;1;310133133;Artvin Çoruh Üniversitesi;Kütüphaneci;Artvin;Lisans;1;;80.126;80.126;"4099;3113;3153;3248;8144;7225";4099 - Aşağıdaki lisans programlarından birinden mezun olmak. | 3113 - Arşivcilik | 3153 - Dokümantasyon ve Enformasyon | 3248 - Kütüphanecilik | 8144 - Bilgi ve Belge Yönetimi | 7225 - Güvenlik Tahkikatının Olumlu Sonuçlanması.;226a266f-7956-e711-80d3-a0369f7d149c
2017;1;390947489;Zeytinburnu Belediye Başkanlığı;Memur;İstanbul;Lisans;2;;79.91;80.327;"4099;3113;3153;3248;8144;7225";4099 - Aşağıdaki lisans programlarından birinden mezun olmak. | 3113 - Arşivcilik | 3153 - Dokümantasyon ve Enformasyon | 3248 - Kütüphanecilik | 8144 - Bilgi ve Belge Yönetimi | 7225 - Güvenlik Tahkikatının Olumlu Sonuçlanması.;556b266f-7956-e711-80d3-a0369f7d149c
2017;1;310263421;Cumhuriyet Üniversitesi;Kütüphaneci;Sivas;Lisans;2;;79.864;80.188;"4099;3113;3153;3248;8144;7225";4099 - Aşağıdaki lisans programlarından birinden mezun olmak. | 3113 - Arşivcilik | 3153 - Dokümantasyon ve Enformasyon | 3248 - Kütüphanecilik | 8144 - Bilgi ve Belge Yönetimi | 7225 - Güvenlik Tahkikatının Olumlu Sonuçlanması.;eb6c266f-7956-e711-80d3-a0369f7d149c
2017;1;390073457;Çalışma ve Sosyal Güvenlik Bakanlığı;Veri Hazırlama ve Kontrol İşletmeni;Ankara;Lisans;1;;79.663;79.663;"4432;9262;4453;3268;3269;5123;4458;9308;6225;7225";4432 - Aşağıdaki lisans programlarından birinden mezun olmak. | 9262 - Finans ve Muhasebe | 4453 - Aşağıdaki lisans programlarından birinden mezun olmak. | 3268 - Muhasebe | 3269 - Muhasebe Bilgi Sistemleri | 5123 - Muhasebe ve Finansal Yönetim / Muhasebe ve Finans Yönetimi | 4458 - Aşağıdaki lisans programlarından birinden mezun olmak. | 9308 - İşletme-Muhasebe ve Denetim | 6225 - M.E.B.'Dan Onaylı Bilgisayar İşletmeni Sertifikası Sahibi olmak. | 7225 - Güvenlik Tahkikatının Olumlu Sonuçlanması.;7f69266f-7956-e711-80d3-a0369f7d149c
2017;1;391175365;Makina ve Kimya Endüstrisi Kurumu Genel Müdürlüğü;Mühendis;Kırıkkale;Lisans;3;;79.556;84.561;"4691;3261;3301;5118;8227;8232;7109;7225";4691 - Aşağıdaki lisans programlarından birinden mezun olmak. | 3261 - Metalurji ve Malzeme Mühendisliği | 3301 - Seramik Mühendisliği | 5118 - Malzeme Bilimi ve Mühendisliği | 8227 - Malzeme Mühendisliği | 8232 - Metalurji Mühendisliği | 7109 - Son 5 Yıl İçerisinde KPDS/YDS En Az B Seviyesinde İngilizce Bilmek. | 7225 - Güvenlik Tahkikatının Olumlu Sonuçlanması.;c26d266f-7956-e711-80d3-a0369f7d149c
2017;1;399994669;Et ve Süt Kurumu Genel Müdürlüğü;Veteriner;Erzurum;Lisans;2;;79.469;81.985;"4607;6373;7225";4607 - Aşağıdaki lisans programlarından birinden mezun olmak. | 6373 - Veteriner | 7225 - Güvenlik Tahkikatının Olumlu Sonuçlanması.;e96a266f-7956-e711-80d3-a0369f7d149c
2017;1;390923367;Bursa Büyükşehir Belediye Başkanlığı;Bilgisayar İşletmeni;Bursa;Lisans;2;;79.369;80.213;"4099;3113;3153;3248;8144;6225;7225";4099 - Aşağıdaki lisans programlarından birinden mezun olmak. | 3113 - Arşivcilik | 3153 - Dokümantasyon ve Enformasyon | 3248 - Kütüphanecilik | 8144 - Bilgi ve Belge Yönetimi | 6225 - M.E.B.'Dan Onaylı Bilgisayar İşletmeni Sertifikası Sahibi olmak. | 7225 - Güvenlik Tahkikatının Olumlu Sonuçlanması.;546a266f-7956-e711-80d3-a0369f7d149c
2017;1;390943355;Boğazlıyan Belediye Başkanlığı;Veteriner Hekim;Yozgat;Lisans;1;;79.246;79.246;"4607;6373;7225";4607 - Aşağıdaki lisans programlarından birinden mezun olmak. | 6373 - Veteriner | 7225 - Güvenlik Tahkikatının Olumlu Sonuçlanması.;756d266f-7956-e711-80d3-a0369f7d149c
2017;1;310022887;Adıyaman Üniversitesi;Memur;Adıyaman;Lisans;2;;79.236;79.338;"4099;3113;3153;3248;8144;4101;4309;7225";4099 - Aşağıdaki lisans programlarından birinden mezun olmak. | 3113 - Arşivcilik | 3153 - Dokümantasyon ve Enformasyon | 3248 - Kütüphanecilik | 8144 - Bilgi ve Belge Yönetimi | 4101 - Aşağıdaki lisans programlarından birinden mezun olmak. | 4309 - Kütüphanecilik ve Bilgi Çalışmaları | 7225 - Güvenlik Tahkikatının Olumlu Sonuçlanması.;4a69266f-7956-e711-80d3-a0369f7d149c
2017;1;390944723;Haliliye Belediye Başkanlığı;Memur;Şanlıurfa;Lisans;1;;79.059;79.059;"4099;3113;3153;3248;8144;7225";4099 - Aşağıdaki lisans programlarından birinden mezun olmak. | 3113 - Arşivcilik | 3153 - Dokümantasyon ve Enformasyon | 3248 - Kütüphanecilik | 8144 - Bilgi ve Belge Yönetimi | 7225 - Güvenlik Tahkikatının Olumlu Sonuçlanması.;3e6d266f-7956-e711-80d3-a0369f7d149c
2017;1;390944921;Kadıköy (İstanbul) Belediye Başkanlığı;Veri Hazırlama ve Kontrol İşletmeni;İstanbul;Lisans;1;;78.876;78.876;"4099;3113;3153;3248;8144;6225;7111;7225";4099 - Aşağıdaki lisans programlarından birinden mezun olmak. | 3113 - Arşivcilik | 3153 - Dokümantasyon ve Enformasyon | 3248 - Kütüphanecilik | 8144 - Bilgi ve Belge Yönetimi | 6225 - M.E.B.'Dan Onaylı Bilgisayar İşletmeni Sertifikası Sahibi olmak. | 7111 - Son 5 Yıl İçerisinde KPDS/YDS En Az C Seviyesinde İngilizce Bilmek. | 7225 - Güvenlik Tahkikatının Olumlu Sonuçlanması.;516b266f-7956-e711-80d3-a0369f7d149c
2017;1;390665407;Meteoroloji Genel Müdürlüğü;Mühendis;Erzurum;Lisans;1;;78.827;78.827;"4683;6262;7225";4683 - Aşağıdaki lisans programlarından birinden mezun olmak. | 6262 - Meteoroloji Mühendisliği | 7225 - Güvenlik Tahkikatının Olumlu Sonuçlanması.;f86a266f-7956-e711-80d3-a0369f7d149c
2017;1;310255383;Manisa Celal Bayar Üniversitesi;Memur;Manisa;Lisans;1;;78.756;78.756;"4059;4288;4062;3219;4063;8293;4065;3220;4104;9363;7225";4059 - Aşağıdaki lisans programlarından birinden mezun olmak. | 4288 - İngiliz Dili | 4062 - Aşağıdaki lisans programlarından birinden mezun olmak. | 3219 - İngiliz Dili ve Edebiyatı | 4063 - Aşağıdaki lisans programlarından birinden mezun olmak. | 8293 - İngiliz Dili ve Kültürü | 4065 - Aşağıdaki lisans programlarından birinden mezun olmak. | 3220 - İngilizce Öğretmenliği / İngilizce Öğretmenliği-Elt | 4104 - Aşağıdaki lisans programlarından birinden mezun olmak. | 9363 - İngiliz Dili ve Amerikan Kültürü | 7225 - Güvenlik Tahkikatının Olumlu Sonuçlanması.;326c266f-7956-e711-80d3-a0369f7d149c
2017;1;390665401;Meteoroloji Genel Müdürlüğü;Mühendis;Diyarbakır;Lisans;1;;78.716;78.716;"4683;6262;7225";4683 - Aşağıdaki lisans programlarından birinden mezun olmak. | 6262 - Meteoroloji Mühendisliği | 7225 - Güvenlik Tahkikatının Olumlu Sonuçlanması.;c56a266f-7956-e711-80d3-a0369f7d149c
2017;1;390943253;Beşikdüzü Belediye Başkanlığı;Muhasebeci;Trabzon;Lisans;1;;78.417;78.417;"4453;3268;3269;5123;7225";4453 - Aşağıdaki lisans programlarından birinden mezun olmak. | 3268 - Muhasebe | 3269 - Muhasebe Bilgi Sistemleri | 5123 - Muhasebe ve Finansal Yönetim / Muhasebe ve Finans Yönetimi | 7225 - Güvenlik Tahkikatının Olumlu Sonuçlanması.;0a6d266f-7956-e711-80d3-a0369f7d149c
2017;1;310022875;Adıyaman Üniversitesi;Antrenör;Adıyaman;Lisans;1;;78.032;78.032;"1103;4411;7101;7225;7338";1103 - Cinsiyeti Kadın olmak. | 4411 - Aşağıdaki lisans programlarından birinden mezun olmak. | 7101 - Antrenörlük Eğitimi | 7225 - Güvenlik Tahkikatının Olumlu Sonuçlanması. | 7338 - (Bakınız Başvurma Özel Şartları Bölümü Adıyaman Üniversitesi Rektörlüğü);4869266f-7956-e711-80d3-a0369f7d149c
2017;1;390943043;Ahmetli (Manisa) Belediye Başkanlığı;Memur;Manisa;Lisans;1;;77.822;77.822;"4453;3268;3269;5123;7225";4453 - Aşağıdaki lisans programlarından birinden mezun olmak. | 3268 - Muhasebe | 3269 - Muhasebe Bilgi Sistemleri | 5123 - Muhasebe ve Finansal Yönetim / Muhasebe ve Finans Yönetimi | 7225 - Güvenlik Tahkikatının Olumlu Sonuçlanması.;386c266f-7956-e711-80d3-a0369f7d149c
2017;1;399994663;Et ve Süt Kurumu Genel Müdürlüğü;Veteriner;Erzincan;Lisans;2;;77.573;78.279;"4607;6373;7225";4607 - Aşağıdaki lisans programlarından birinden mezun olmak. | 6373 - Veteriner | 7225 - Güvenlik Tahkikatının Olumlu Sonuçlanması.;dc6a266f-7956-e711-80d3-a0369f7d149c
2017;1;390935101;Kırklareli İl Özel İdaresi;Muhasebeci;Kırklareli;Lisans;2;;76.9;82.046;"4453;3268;3269;5123;7225";4453 - Aşağıdaki lisans programlarından birinden mezun olmak. | 3268 - Muhasebe | 3269 - Muhasebe Bilgi Sistemleri | 5123 - Muhasebe ve Finansal Yönetim / Muhasebe ve Finans Yönetimi | 7225 - Güvenlik Tahkikatının Olumlu Sonuçlanması.;036c266f-7956-e711-80d3-a0369f7d149c
2017;1;390946157;Şişli Belediye Başkanlığı;Memur;İstanbul;Lisans;1;;76.86;76.86;"4596;9324;7225";4596 - Aşağıdaki lisans programlarından birinden mezun olmak. | 9324 - İş Sağlığı ve Güvenliği | 7225 - Güvenlik Tahkikatının Olumlu Sonuçlanması.;636b266f-7956-e711-80d3-a0369f7d149c
2017;1;390943013;Ağrı Belediye Başkanlığı;Veteriner Hekim;Ağrı;Lisans;1;;76.669;76.669;"4607;6373;7225";4607 - Aşağıdaki lisans programlarından birinden mezun olmak. | 6373 - Veteriner | 7225 - Güvenlik Tahkikatının Olumlu Sonuçlanması.;6969266f-7956-e711-80d3-a0369f7d149c
2017;1;310293781;Çukurova Üniversitesi;Sağlık Fizikçisi;Adana;Lisans;1;;76.404;76.404;"7225;7335";7225 - Güvenlik Tahkikatının Olumlu Sonuçlanması. | 7335 - (Bakınız Başvurma Özel Şartları Bölümü Sağlık Fizikçisi);3d69266f-7956-e711-80d3-a0369f7d149c
2017;1;390943361;Bozköy Belediye Başkanlığı;Muhasebeci;Niğde;Lisans;1;;76.05;76.05;"4453;3268;3269;5123;7225";4453 - Aşağıdaki lisans programlarından birinden mezun olmak. | 3268 - Muhasebe | 3269 - Muhasebe Bilgi Sistemleri | 5123 - Muhasebe ve Finansal Yönetim / Muhasebe ve Finans Yönetimi | 7225 - Güvenlik Tahkikatının Olumlu Sonuçlanması.;756c266f-7956-e711-80d3-a0369f7d149c
2017;1;310223313;Boğaziçi Üniversitesi;Bilgisayar İşletmeni;İstanbul;Lisans;1;;75.694;75.694;"4237;7145;7161;7162;8345;9160;4238;7160;6225;7225";4237 - Aşağıdaki lisans programlarından birinden mezun olmak. | 7145 - Grafik Sanatlar / Grafik Sanatları | 7161 - Grafik Tasarım | 7162 - Grafik Tasarımı | 8345 - Fotoğraf ve Grafik Sanatlar | 9160 - Grafik Sanatlar ve Grafik Tasarım | 4238 - Aşağıdaki lisans programlarından birinden mezun olmak. | 7160 - Grafik | 6225 - M.E.B.'Dan Onaylı Bilgisayar İşletmeni Sertifikası Sahibi olmak. | 7225 - Güvenlik Tahkikatının Olumlu Sonuçlanması.;8f6b266f-7956-e711-80d3-a0369f7d149c
2017;1;390885419;Milli Güvenlik Kurulu Genel Sekreterliği;Veri Hazırlama ve Kontrol İşletmeni;Ankara;Lisans;1;;75.616;75.616;"4483;3199;8222;4486;5130;4700;8342;4986;9376;6225;7225";4483 - Aşağıdaki lisans programlarından birinden mezun olmak. | 3199 - Hava Ulaştırma | 8222 - Lojistik Yönetimi | 4486 - Aşağıdaki lisans programlarından birinden mezun olmak. | 5130 - Ulaştırma ve Lojistik | 4700 - Aşağıdaki lisans programlarından birinden mezun olmak. | 8342 - Acil Yardım ve Afet Yönetimi | 4986 - Aşağıdaki lisans programlarından birinden mezun olmak. | 9376 - Lojistik | 6225 - M.E.B.'Dan Onaylı Bilgisayar İşletmeni Sertifikası Sahibi olmak. | 7225 - Güvenlik Tahkikatının Olumlu Sonuçlanması.;ca69266f-7956-e711-80d3-a0369f7d149c
2017;1;390947477;Zeytinburnu Belediye Başkanlığı;Memur;İstanbul;Lisans;3;;75.561;77.504;"4453;3268;3269;5123;6506;7225";4453 - Aşağıdaki lisans programlarından birinden mezun olmak. | 3268 - Muhasebe | 3269 - Muhasebe Bilgi Sistemleri | 5123 - Muhasebe ve Finansal Yönetim / Muhasebe ve Finans Yönetimi | 6506 - B sınıfı sürücü belgesine sahip olmak | 7225 - Güvenlik Tahkikatının Olumlu Sonuçlanması.;536b266f-7956-e711-80d3-a0369f7d149c
2017;1;310524837;Iğdır Üniversitesi;Memur;Iğdır;Lisans;1;;75.198;75.198;"4453;3268;3269;5123;7225";4453 - Aşağıdaki lisans programlarından birinden mezun olmak. | 3268 - Muhasebe | 3269 - Muhasebe Bilgi Sistemleri | 5123 - Muhasebe ve Finansal Yönetim / Muhasebe ve Finans Yönetimi | 7225 - Güvenlik Tahkikatının Olumlu Sonuçlanması.;ed6d266f-7956-e711-80d3-a0369f7d149c
2017;1;399994879;Kaçkar İtfaiye,Mezbahane ve Katı Atık Birliği;İtfaiye Eri;Rize;Lisans;4;;74.981;77.915;"4700;8342;6199;6510;7225;7300;7359";4700 - Aşağıdaki lisans programlarından birinden mezun olmak. | 8342 - Acil Yardım ve Afet Yönetimi | 6199 - Yerleştirme işlemlerinin ilk günü itibariyle 30 yaşını doldurmamış olmak | 6510 - C sınıfı sürücü belgesine sahip olmak | 7225 - Güvenlik Tahkikatının Olumlu Sonuçlanması. | 7300 - Bu kadro/pozisyonda vardiya sistemi uygulanmaktadır. | 7359 - (Bakınız Başvurma Özel Şartları Bölümü İtfaiye Eri).;966c266f-7956-e711-80d3-a0369f7d149c
2017;1;390944789;Haliliye Belediye Başkanlığı;Mühendis;Şanlıurfa;Lisans;1;;73.662;73.662;"4533;5134;7109;7225;7257";4533 - Aşağıdaki lisans programlarından birinden mezun olmak. | 5134 - Yazılım Mühendisliği | 7109 - Son 5 Yıl İçerisinde KPDS/YDS En Az B Seviyesinde İngilizce Bilmek. | 7225 - Güvenlik Tahkikatının Olumlu Sonuçlanması. | 7257 - Seyahate ve Arazide Çalışmaya Elverişli olmak.;496d266f-7956-e711-80d3-a0369f7d149c
2017;1;310966493;Türk-Alman Üniversitesi;Sekreter;İstanbul;Lisans;2;;72.475;75.012;"4074;6104;8121;4077;4204;4080;8178;9236;9280;6907;7225";4074 - Aşağıdaki lisans programlarından birinden mezun olmak. | 6104 - Alman Dili ve Edebiyatı | 8121 - Alman Dili ve Kültürü | 4077 - Aşağıdaki lisans programlarından birinden mezun olmak. | 4204 - Alman Dili | 4080 - Aşağıdaki lisans programlarından birinden mezun olmak. | 8178 - Mütercim-Tercümanlık (Almanca) | 9236 - Mütercim-Tercümanlık (Türkçe-Almanca-İngilizce) | 9280 - Çeviribilim (Almanca) | 6907 - Son 5 Yıl İçerisinde KPDS/YDS En Az C Seviyesinde Almanca Bilmek. | 7225 - Güvenlik Tahkikatının Olumlu Sonuçlanması.;9a6b266f-7956-e711-80d3-a0369f7d149c
2017;1;390947531;Zeytinburnu Belediye Başkanlığı;Memur;İstanbul;Lisans;1;;72.465;72.465;"4273;3215;5113;7168;7212;8132;8327;9281;6225;7225";4273 - Aşağıdaki lisans programlarından birinden mezun olmak. | 3215 - İletişim | 5113 - İletişim Tasarımı | 7168 - İletişim ve Tasarım | 7212 - İletişim Tasarımı (Multimedia) | 8132 - İletişim Sanatları | 8327 - İletişim Bilimleri | 9281 - İletişim Tasarımı ve Yönetimi | 6225 - M.E.B.'Dan Onaylı Bilgisayar İşletmeni Sertifikası Sahibi olmak. | 7225 - Güvenlik Tahkikatının Olumlu Sonuçlanması.;5c6b266f-7956-e711-80d3-a0369f7d149c
2017;1;390943199;Bayrampaşa Belediye Başkanlığı;Memur;İstanbul;Lisans;4;;72.214;77.062;"4273;3215;5113;7168;7212;8132;8327;9281;7225";4273 - Aşağıdaki lisans programlarından birinden mezun olmak. | 3215 - İletişim | 5113 - İletişim Tasarımı | 7168 - İletişim ve Tasarım | 7212 - İletişim Tasarımı (Multimedia) | 8132 - İletişim Sanatları | 8327 - İletişim Bilimleri | 9281 - İletişim Tasarımı ve Yönetimi | 7225 - Güvenlik Tahkikatının Olumlu Sonuçlanması.;436b266f-7956-e711-80d3-a0369f7d149c
2017;1;390942953;Ağrı Belediye Başkanlığı;İtfaiye Eri;Ağrı;Lisans;4;;72.007;82.758;"4700;8342;6199;7225;7359";4700 - Aşağıdaki lisans programlarından birinden mezun olmak. | 8342 - Acil Yardım ve Afet Yönetimi | 6199 - Yerleştirme işlemlerinin ilk günü itibariyle 30 yaşını doldurmamış olmak | 7225 - Güvenlik Tahkikatının Olumlu Sonuçlanması. | 7359 - (Bakınız Başvurma Özel Şartları Bölümü İtfaiye Eri).;5f69266f-7956-e711-80d3-a0369f7d149c
2017;1;391094279;Devlet Malzeme Ofisi Genel Müdürlüğü;Memur;Ankara;Lisans;1;;71.461;71.461;"4269;4272;5109;7190;7191;9162;7225";4269 - Aşağıdaki lisans programlarından birinden mezun olmak. | 4272 - Görsel Sanatlar ve İletişim Tasarımı | 5109 - Görsel İletişim Tasarımı | 7190 - Görsel İletişim Sanatı | 7191 - Görsel Sanatlar ve Görsel İletişim Tasarımı | 9162 - Görsel Sanatlar | 7225 - Güvenlik Tahkikatının Olumlu Sonuçlanması.;e869266f-7956-e711-80d3-a0369f7d149c
2017;1;310885539;Sakarya Üniversitesi;Memur;Sakarya;Lisans;1;;70.967;70.967;"4596;9324;7163;7225";4596 - Aşağıdaki lisans programlarından birinden mezun olmak. | 9324 - İş Sağlığı ve Güvenliği | 7163 - C Sınıfı İş Güvenliği Uzmanı belgesine sahip olmak. | 7225 - Güvenlik Tahkikatının Olumlu Sonuçlanması.;b76c266f-7956-e711-80d3-a0369f7d149c
2017;1;390944975;Karatay Belediye Başkanlığı;Memur;Konya;Lisans;1;;69.434;69.434;"4271;3259;8244;7225";4271 - Aşağıdaki lisans programlarından birinden mezun olmak. | 3259 - Medya ve İletişim Sistemleri | 8244 - Medya ve İletişim | 7225 - Güvenlik Tahkikatının Olumlu Sonuçlanması.;156c266f-7956-e711-80d3-a0369f7d149c
2017;1;391454927;Kalkınma Bakanlığı;Memur;Ankara;Lisans;1;;67.275;67.275;"4019;3109;4108;9224;7225";4019 - Aşağıdaki lisans programlarından birinden mezun olmak. | 3109 - Arap Dili ve Edebiyatı | 4108 - Aşağıdaki lisans programlarından birinden mezun olmak. | 9224 - Mütercim-Tercümanlık (Arapça) | 7225 - Güvenlik Tahkikatının Olumlu Sonuçlanması.;0f6a266f-7956-e711-80d3-a0369f7d149c
2017;1;391083949;Devlet Hava Meydanları İşletmesi Genel Müdürlüğü;Memur;İstanbul;Lisans;1;;66.169;66.169;"4243;7158;7211;8345;7225";4243 - Aşağıdaki lisans programlarından birinden mezun olmak. | 7158 - Fotoğraf | 7211 - Fotoğraf ve Video | 8345 - Fotoğraf ve Grafik Sanatlar | 7225 - Güvenlik Tahkikatının Olumlu Sonuçlanması.;6f6b266f-7956-e711-80d3-a0369f7d149c
2017;1;390946175;Şişli Belediye Başkanlığı;Memur;İstanbul;Lisans;1;;57.14;57.14;"4405;7128;7225";4405 - Aşağıdaki lisans programlarından birinden mezun olmak. | 7128 - Türk Halk Oyunları | 7225 - Güvenlik Tahkikatının Olumlu Sonuçlanması.;666b266f-7956-e711-80d3-a0369f7d149c
2017;1;390944891;Kadıköy (İstanbul) Belediye Başkanlığı;Çocuk Eğitimcisi;İstanbul;Lisans;2;;52.963;66.61;"4149;3145;7225";4149 - Aşağıdaki lisans programlarından birinden mezun olmak. | 3145 - Çocuk Gelişimi ve Eğitimi | 7225 - Güvenlik Tahkikatının Olumlu Sonuçlanması.;4c6b266f-7956-e711-80d3-a0369f7d149c
2017;1;390933757;Çorum İl Özel İdaresi;Veri Hazırlama ve Kontrol İşletmeni;Çorum;Lisans;2;2;;;"4426;6229;6225;7225";4426 - Aşağıdaki lisans programlarından birinden mezun olmak. | 6229 - İşletme-Ekonomi / İşletme-İktisat | 6225 - M.E.B.'Dan Onaylı Bilgisayar İşletmeni Sertifikası Sahibi olmak. | 7225 - Güvenlik Tahkikatının Olumlu Sonuçlanması.;9a6a266f-7956-e711-80d3-a0369f7d149c
2017;1;399994867;İzmir Demokrasi Üniversitesi;Bilgisayar İşletmeni;İzmir;Lisans;1;1;;;"4426;6229;6225;7109;7225";4426 - Aşağıdaki lisans programlarından birinden mezun olmak. | 6229 - İşletme-Ekonomi / İşletme-İktisat | 6225 - M.E.B.'Dan Onaylı Bilgisayar İşletmeni Sertifikası Sahibi olmak. | 7109 - Son 5 Yıl İçerisinde KPDS/YDS En Az B Seviyesinde İngilizce Bilmek. | 7225 - Güvenlik Tahkikatının Olumlu Sonuçlanması.;c36b266f-7956-e711-80d3-a0369f7d149c
