yil;donem;kadro_kodu;kurum;unvan;il;ogrenim;kontenjan;bos_kadro;min_puan;max_puan;nitelik_kodlari;nitelikler;kadro_guid
2020;72;190181001;Tarım ve Orman Bakanlığı Afyonkarahisar İl Müdürlüğü Koordinasyon ve Tarımsal Veriler Şube Müdürlüğü;Teknisyen (Ziraat);Afyonkarahisar;Ortaogretim;1;0;;;"2009;6005;6050;6059";2009 - Aşağıdaki ortaöğretim programlarından birinden mezun olmak. | 6005 - Bahçecilik | 6050 - Tarım Teknolojileri | 6059 - Tarım;de90f06c-c25b-eb11-80fa-a0369f7d1484
2020;72;190181002;Tarım ve Orman Bakanlığı Ağrı İl Müdürlüğü Bitkisel Üretim ve Bitki Sağlığı Şube Müdürlüğü;Teknisyen (Ziraat);Ağrı;Ortaogretim;1;0;;;"2009;6005;6050;6059";2009 - Aşağıdaki ortaöğretim programlarından birinden mezun olmak. | 6005 - Bahçecilik | 6050 - Tarım Teknolojileri | 6059 - Tarım;f290f06c-c25b-eb11-80fa-a0369f7d1484
2020;72;190181003;Tarım ve Orman Bakanlığı Ağrı İl Müdürlüğü Doğubeyazıt İlçe Müdürlüğü;Teknisyen (Ziraat);Ağrı;Ortaogretim;1;0;;;"2009;6005;6050;6059";2009 - Aşağıdaki ortaöğretim programlarından birinden mezun olmak. | 6005 - Bahçecilik | 6050 - Tarım Teknolojileri | 6059 - Tarım;f390f06c-c25b-eb11-80fa-a0369f7d1484
2020;72;190181004;Tarım ve Orman Bakanlığı Ağrı İl Müdürlüğü Eleşkirt İlçe Müdürlüğü;Teknisyen (Ziraat);Ağrı;Ortaogretim;1;0;;;"2009;6005;6050;6059";2009 - Aşağıdaki ortaöğretim programlarından birinden mezun olmak. | 6005 - Bahçecilik | 6050 - Tarım Teknolojileri | 6059 - Tarım;f490f06c-c25b-eb11-80fa-a0369f7d1484
2020;72;190181005;Tarım ve Orman Bakanlığı Ağrı İl Müdürlüğü Hamur İlçe Müdürlüğü;Teknisyen (Ziraat);Ağrı;Ortaogretim;1;0;;;"2009;6005;6050;6059";2009 - Aşağıdaki ortaöğretim programlarından birinden mezun olmak. | 6005 - Bahçecilik | 6050 - Tarım Teknolojileri | 6059 - Tarım;f590f06c-c25b-eb11-80fa-a0369f7d1484
2020;72;190181006;Tarım ve Orman Bakanlığı Ağrı İl Müdürlüğü Patnos İlçe Müdürlüğü;Teknisyen (Ziraat);Ağrı;Ortaogretim;1;0;;;"2009;6005;6050;6059";2009 - Aşağıdaki ortaöğretim programlarından birinden mezun olmak. | 6005 - Bahçecilik | 6050 - Tarım Teknolojileri | 6059 - Tarım;f690f06c-c25b-eb11-80fa-a0369f7d1484
2020;72;190181007;Tarım ve Orman Bakanlığı Ağrı İl Müdürlüğü Taşlıçay İlçe Müdürlüğü;Teknisyen (Ziraat);Ağrı;Ortaogretim;1;0;;;"2009;6005;6050;6059";2009 - Aşağıdaki ortaöğretim programlarından birinden mezun olmak. | 6005 - Bahçecilik | 6050 - Tarım Teknolojileri | 6059 - Tarım;f790f06c-c25b-eb11-80fa-a0369f7d1484
2020;72;190181008;Tarım ve Orman Bakanlığı Ağrı İl Müdürlüğü Tutak İlçe Müdürlüğü;Teknisyen (Ziraat);Ağrı;Ortaogretim;1;0;;;"2009;6005;6050;6059";2009 - Aşağıdaki ortaöğretim programlarından birinden mezun olmak. | 6005 - Bahçecilik | 6050 - Tarım Teknolojileri | 6059 - Tarım;f890f06c-c25b-eb11-80fa-a0369f7d1484
2020;72;190181009;Tarım ve Orman Bakanlığı Ardahan İl Müdürlüğü Arazi Toplulaştırma ve Tarımsal Altyapı Şube Müdürlüğü;Teknisyen (Ziraat);Ardahan;Ortaogretim;1;0;;;"2009;6005;6050;6059";2009 - Aşağıdaki ortaöğretim programlarından birinden mezun olmak. | 6005 - Bahçecilik | 6050 - Tarım Teknolojileri | 6059 - Tarım;f594f06c-c25b-eb11-80fa-a0369f7d1484
2020;72;190181010;Tarım ve Orman Bakanlığı Ardahan İl Müdürlüğü Bitkisel Üretim ve Bitki Sağlığı Şube Müdürlüğü;Teknisyen (Ziraat);Ardahan;Ortaogretim;1;0;;;"2009;6005;6050;6059";2009 - Aşağıdaki ortaöğretim programlarından birinden mezun olmak. | 6005 - Bahçecilik | 6050 - Tarım Teknolojileri | 6059 - Tarım;f694f06c-c25b-eb11-80fa-a0369f7d1484
2020;72;190181011;Tarım ve Orman Bakanlığı Ardahan İl Müdürlüğü Çayır, Mera ve Yem Bitkileri Şube Müdürlüğü;Teknisyen (Ziraat);Ardahan;Ortaogretim;1;0;;;"2009;6005;6050;6059";2009 - Aşağıdaki ortaöğretim programlarından birinden mezun olmak. | 6005 - Bahçecilik | 6050 - Tarım Teknolojileri | 6059 - Tarım;f794f06c-c25b-eb11-80fa-a0369f7d1484
2020;72;190181012;Tarım ve Orman Bakanlığı Ardahan İl Müdürlüğü Koordinasyon ve Tarımsal Veriler Şube Müdürlüğü;Teknisyen (Ziraat);Ardahan;Ortaogretim;2;0;;;"2009;6005;6050;6059";2009 - Aşağıdaki ortaöğretim programlarından birinden mezun olmak. | 6005 - Bahçecilik | 6050 - Tarım Teknolojileri | 6059 - Tarım;f894f06c-c25b-eb11-80fa-a0369f7d1484
2020;72;190181013;Tarım ve Orman Bakanlığı Artvin İl Müdürlüğü Bitkisel Üretim ve Bitki Sağlığı Şube Müdürlüğü;Teknisyen (Ziraat);Artvin;Ortaogretim;1;0;;;"2009;6005;6050;6059";2009 - Aşağıdaki ortaöğretim programlarından birinden mezun olmak. | 6005 - Bahçecilik | 6050 - Tarım Teknolojileri | 6059 - Tarım;2a91f06c-c25b-eb11-80fa-a0369f7d1484
2020;72;190181014;Tarım ve Orman Bakanlığı Artvin İl Müdürlüğü Koordinasyon ve Tarımsal Veriler Şube Müdürlüğü;Teknisyen (Ziraat);Artvin;Ortaogretim;1;0;;;"2009;6005;6050;6059";2009 - Aşağıdaki ortaöğretim programlarından birinden mezun olmak. | 6005 - Bahçecilik | 6050 - Tarım Teknolojileri | 6059 - Tarım;2b91f06c-c25b-eb11-80fa-a0369f7d1484
2020;72;190181015;Tarım ve Orman Bakanlığı Bayburt İl Müdürlüğü Bitkisel Üretim ve Bitki Sağlığı Şube Müdürlüğü;Teknisyen (Ziraat);Bayburt;Ortaogretim;1;0;;;"2009;6005;6050;6059";2009 - Aşağıdaki ortaöğretim programlarından birinden mezun olmak. | 6005 - Bahçecilik | 6050 - Tarım Teknolojileri | 6059 - Tarım;9894f06c-c25b-eb11-80fa-a0369f7d1484
2020;72;190181016;Tarım ve Orman Bakanlığı Bayburt İl Müdürlüğü Koordinasyon ve Tarımsal Veriler Şube Müdürlüğü;Teknisyen (Ziraat);Bayburt;Ortaogretim;1;0;;;"2009;6005;6050;6059";2009 - Aşağıdaki ortaöğretim programlarından birinden mezun olmak. | 6005 - Bahçecilik | 6050 - Tarım Teknolojileri | 6059 - Tarım;9994f06c-c25b-eb11-80fa-a0369f7d1484
2020;72;190181017;Tarım ve Orman Bakanlığı Bilecik İl Müdürlüğü Arazi Toplulaştırma ve Tarımsal Altyapı Şube Müdürlüğü;Teknisyen (Ziraat);Bilecik;Ortaogretim;1;0;;;"2009;6005;6050;6059";2009 - Aşağıdaki ortaöğretim programlarından birinden mezun olmak. | 6005 - Bahçecilik | 6050 - Tarım Teknolojileri | 6059 - Tarım;4d91f06c-c25b-eb11-80fa-a0369f7d1484
2020;72;190181018;Tarım ve Orman Bakanlığı Bolu İl Müdürlüğü Mudurnu İlçe Müdürlüğü;Teknisyen (Ziraat);Bolu;Ortaogretim;1;0;;;"2009;6005;6050;6059";2009 - Aşağıdaki ortaöğretim programlarından birinden mezun olmak. | 6005 - Bahçecilik | 6050 - Tarım Teknolojileri | 6059 - Tarım;8591f06c-c25b-eb11-80fa-a0369f7d1484
2020;72;190181019;Tarım ve Orman Bakanlığı Çorum İl Müdürlüğü Uğurludağ İlçe Müdürlüğü;Teknisyen (Ziraat);Çorum;Ortaogretim;1;0;;;"2009;6005;6050;6059";2009 - Aşağıdaki ortaöğretim programlarından birinden mezun olmak. | 6005 - Bahçecilik | 6050 - Tarım Teknolojileri | 6059 - Tarım;ac91f06c-c25b-eb11-80fa-a0369f7d1484
2020;72;190181020;Tarım ve Orman Bakanlığı Denizli İl Müdürlüğü Çameli İlçe Müdürlüğü;Teknisyen (Ziraat);Denizli;Ortaogretim;1;0;;;"2009;6005;6050;6059";2009 - Aşağıdaki ortaöğretim programlarından birinden mezun olmak. | 6005 - Bahçecilik | 6050 - Tarım Teknolojileri | 6059 - Tarım;bf91f06c-c25b-eb11-80fa-a0369f7d1484
2020;72;190181021;Tarım ve Orman Bakanlığı Erzurum İl Müdürlüğü Aşkale İlçe Müdürlüğü;Teknisyen (Ziraat);Erzurum;Ortaogretim;1;0;;;"2009;6005;6050;6059";2009 - Aşağıdaki ortaöğretim programlarından birinden mezun olmak. | 6005 - Bahçecilik | 6050 - Tarım Teknolojileri | 6059 - Tarım;2292f06c-c25b-eb11-80fa-a0369f7d1484
2020;72;190181022;Tarım ve Orman Bakanlığı Erzurum İl Müdürlüğü Hınıs İlçe Müdürlüğü;Teknisyen (Ziraat);Erzurum;Ortaogretim;1;0;;;"2009;6005;6050;6059";2009 - Aşağıdaki ortaöğretim programlarından birinden mezun olmak. | 6005 - Bahçecilik | 6050 - Tarım Teknolojileri | 6059 - Tarım;2392f06c-c25b-eb11-80fa-a0369f7d1484
2020;72;190181023;Tarım ve Orman Bakanlığı Erzurum İl Müdürlüğü Horasan İlçe Müdürlüğü;Teknisyen (Ziraat);Erzurum;Ortaogretim;1;0;;;"2009;6005;6050;6059";2009 - Aşağıdaki ortaöğretim programlarından birinden mezun olmak. | 6005 - Bahçecilik | 6050 - Tarım Teknolojileri | 6059 - Tarım;2492f06c-c25b-eb11-80fa-a0369f7d1484
2020;72;190181024;Tarım ve Orman Bakanlığı Erzurum İl Müdürlüğü Pazaryolu İlçe Müdürlüğü;Teknisyen (Ziraat);Erzurum;Ortaogretim;1;0;;;"2009;6005;6050;6059";2009 - Aşağıdaki ortaöğretim programlarından birinden mezun olmak. | 6005 - Bahçecilik | 6050 - Tarım Teknolojileri | 6059 - Tarım;2592f06c-c25b-eb11-80fa-a0369f7d1484
2020;72;190181025;Tarım ve Orman Bakanlığı Gaziantep İl Müdürlüğü Bitkisel Üretim ve Bitki Sağlığı Şube Müdürlüğü;Teknisyen (Ziraat);Gaziantep;Ortaogretim;1;0;;;"2009;6005;6050;6059";2009 - Aşağıdaki ortaöğretim programlarından birinden mezun olmak. | 6005 - Bahçecilik | 6050 - Tarım Teknolojileri | 6059 - Tarım;3592f06c-c25b-eb11-80fa-a0369f7d1484
2020;72;190181026;Tarım ve Orman Bakanlığı Gümüşhane İl Müdürlüğü Koordinasyon ve Tarımsal Veriler Şube Müdürlüğü;Teknisyen (Ziraat);Gümüşhane;Ortaogretim;2;0;;;"2009;6005;6050;6059";2009 - Aşağıdaki ortaöğretim programlarından birinden mezun olmak. | 6005 - Bahçecilik | 6050 - Tarım Teknolojileri | 6059 - Tarım;5a92f06c-c25b-eb11-80fa-a0369f7d1484
2020;72;190181027;Tarım ve Orman Bakanlığı Gümüşhane İl Müdürlüğü Kürtün İlçe Müdürlüğü;Teknisyen (Ziraat);Gümüşhane;Ortaogretim;1;0;;;"2009;6005;6050;6059";2009 - Aşağıdaki ortaöğretim programlarından birinden mezun olmak. | 6005 - Bahçecilik | 6050 - Tarım Teknolojileri | 6059 - Tarım;5b92f06c-c25b-eb11-80fa-a0369f7d1484
2020;72;190181028;Tarım ve Orman Bakanlığı Hatay İl Müdürlüğü Erzin İlçe Müdürlüğü;Teknisyen (Ziraat);Hatay;Ortaogretim;1;0;;;"2009;6005;6050;6059";2009 - Aşağıdaki ortaöğretim programlarından birinden mezun olmak. | 6005 - Bahçecilik | 6050 - Tarım Teknolojileri | 6059 - Tarım;8292f06c-c25b-eb11-80fa-a0369f7d1484
2020;72;190181029;Tarım ve Orman Bakanlığı Hatay İl Müdürlüğü Hassa İlçe Müdürlüğü;Teknisyen (Ziraat);Hatay;Ortaogretim;1;0;;;"2009;6005;6050;6059";2009 - Aşağıdaki ortaöğretim programlarından birinden mezun olmak. | 6005 - Bahçecilik | 6050 - Tarım Teknolojileri | 6059 - Tarım;8392f06c-c25b-eb11-80fa-a0369f7d1484
2020;72;190181030;Tarım ve Orman Bakanlığı Iğdır İl Müdürlüğü Arazi Toplulaştırma ve Tarımsal Altyapı Şube Müdürlüğü;Teknisyen (Ziraat);Iğdır;Ortaogretim;1;0;;;"2009;6005;6050;6059";2009 - Aşağıdaki ortaöğretim programlarından birinden mezun olmak. | 6005 - Bahçecilik | 6050 - Tarım Teknolojileri | 6059 - Tarım;f994f06c-c25b-eb11-80fa-a0369f7d1484
2020;72;190181031;Tarım ve Orman Bakanlığı Iğdır İl Müdürlüğü Kırsal Kalkınma ve Örgütlenme Şube Müdürlüğü;Teknisyen (Ziraat);Iğdır;Ortaogretim;1;0;;;"2009;6005;6050;6059";2009 - Aşağıdaki ortaöğretim programlarından birinden mezun olmak. | 6005 - Bahçecilik | 6050 - Tarım Teknolojileri | 6059 - Tarım;fa94f06c-c25b-eb11-80fa-a0369f7d1484
2020;72;190181032;Tarım ve Orman Bakanlığı Kars İl Müdürlüğü Arazi Toplulaştırma ve Tarımsal Altyapı Şube Müdürlüğü;Teknisyen (Ziraat);Kars;Ortaogretim;2;0;;;"2009;6005;6050;6059";2009 - Aşağıdaki ortaöğretim programlarından birinden mezun olmak. | 6005 - Bahçecilik | 6050 - Tarım Teknolojileri | 6059 - Tarım;d692f06c-c25b-eb11-80fa-a0369f7d1484
2020;72;190181033;Tarım ve Orman Bakanlığı Kars İl Müdürlüğü Digor İlçe Müdürlüğü;Teknisyen (Ziraat);Kars;Ortaogretim;1;0;;;"2009;6005;6050;6059";2009 - Aşağıdaki ortaöğretim programlarından birinden mezun olmak. | 6005 - Bahçecilik | 6050 - Tarım Teknolojileri | 6059 - Tarım;d792f06c-c25b-eb11-80fa-a0369f7d1484
2020;72;190181034;Tarım ve Orman Bakanlığı Kars İl Müdürlüğü Kağızman İlçe Müdürlüğü;Teknisyen (Ziraat);Kars;Ortaogretim;1;0;;;"2009;6005;6050;6059";2009 - Aşağıdaki ortaöğretim programlarından birinden mezun olmak. | 6005 - Bahçecilik | 6050 - Tarım Teknolojileri | 6059 - Tarım;d892f06c-c25b-eb11-80fa-a0369f7d1484
2020;72;190181035;Tarım ve Orman Bakanlığı Kars İl Müdürlüğü Susuz İlçe Müdürlüğü;Teknisyen (Ziraat);Kars;Ortaogretim;1;0;;;"2009;6005;6050;6059";2009 - Aşağıdaki ortaöğretim programlarından birinden mezun olmak. | 6005 - Bahçecilik | 6050 - Tarım Teknolojileri | 6059 - Tarım;d992f06c-c25b-eb11-80fa-a0369f7d1484
2020;72;190181036;Tarım ve Orman Bakanlığı Kilis İl Müdürlüğü Musabeyli İlçe Müdürlüğü;Teknisyen (Ziraat);Kilis;Ortaogretim;1;0;;;"2009;6005;6050;6059";2009 - Aşağıdaki ortaöğretim programlarından birinden mezun olmak. | 6005 - Bahçecilik | 6050 - Tarım Teknolojileri | 6059 - Tarım;1295f06c-c25b-eb11-80fa-a0369f7d1484
2020;72;190181037;Tarım ve Orman Bakanlığı Kilis İl Müdürlüğü Polateli İlçe Müdürlüğü;Teknisyen (Ziraat);Kilis;Ortaogretim;1;0;;;"2009;6005;6050;6059";2009 - Aşağıdaki ortaöğretim programlarından birinden mezun olmak. | 6005 - Bahçecilik | 6050 - Tarım Teknolojileri | 6059 - Tarım;1395f06c-c25b-eb11-80fa-a0369f7d1484
2020;72;190181038;Tarım ve Orman Bakanlığı Konya İl Müdürlüğü Çeltik İlçe Müdürlüğü;Teknisyen (Ziraat);Konya;Ortaogretim;1;0;;;"2009;6005;6050;6059";2009 - Aşağıdaki ortaöğretim programlarından birinden mezun olmak. | 6005 - Bahçecilik | 6050 - Tarım Teknolojileri | 6059 - Tarım;0793f06c-c25b-eb11-80fa-a0369f7d1484
2020;72;190181039;Tarım ve Orman Bakanlığı Rize İl Müdürlüğü Bitkisel Üretim ve Bitki Sağlığı Şube Müdürlüğü;Teknisyen (Ziraat);Rize;Ortaogretim;1;0;;;"2009;6005;6050;6059";2009 - Aşağıdaki ortaöğretim programlarından birinden mezun olmak. | 6005 - Bahçecilik | 6050 - Tarım Teknolojileri | 6059 - Tarım;8b93f06c-c25b-eb11-80fa-a0369f7d1484
2020;72;190181040;Tarım ve Orman Bakanlığı Rize İl Müdürlüğü Çayeli İlçe Müdürlüğü;Teknisyen (Ziraat);Rize;Ortaogretim;1;0;;;"2009;6005;6050;6059";2009 - Aşağıdaki ortaöğretim programlarından birinden mezun olmak. | 6005 - Bahçecilik | 6050 - Tarım Teknolojileri | 6059 - Tarım;8c93f06c-c25b-eb11-80fa-a0369f7d1484
2020;72;190181041;Tarım ve Orman Bakanlığı Rize İl Müdürlüğü Çayır, Mera ve Yem Bitkileri Şube Müdürlüğü;Teknisyen (Ziraat);Rize;Ortaogretim;1;0;;;"2009;6005;6050;6059";2009 - Aşağıdaki ortaöğretim programlarından birinden mezun olmak. | 6005 - Bahçecilik | 6050 - Tarım Teknolojileri | 6059 - Tarım;8d93f06c-c25b-eb11-80fa-a0369f7d1484
2020;72;190181042;Tarım ve Orman Bakanlığı Rize İl Müdürlüğü Fındıklı İlçe Müdürlüğü;Teknisyen (Ziraat);Rize;Ortaogretim;1;0;;;"2009;6005;6050;6059";2009 - Aşağıdaki ortaöğretim programlarından birinden mezun olmak. | 6005 - Bahçecilik | 6050 - Tarım Teknolojileri | 6059 - Tarım;8e93f06c-c25b-eb11-80fa-a0369f7d1484
2020;72;190181043;Tarım ve Orman Bakanlığı Rize İl Müdürlüğü Koordinasyon ve Tarımsal Veriler Şube Müdürlüğü;Teknisyen (Ziraat);Rize;Ortaogretim;1;0;;;"2009;6005;6050;6059";2009 - Aşağıdaki ortaöğretim programlarından birinden mezun olmak. | 6005 - Bahçecilik | 6050 - Tarım Teknolojileri | 6059 - Tarım;8f93f06c-c25b-eb11-80fa-a0369f7d1484
2020;72;190181044;Tarım ve Orman Bakanlığı Sakarya İl Müdürlüğü Adapazarı İlçe Müdürlüğü;Teknisyen (Ziraat);Sakarya;Ortaogretim;1;0;;;"2009;6005;6050;6059";2009 - Aşağıdaki ortaöğretim programlarından birinden mezun olmak. | 6005 - Bahçecilik | 6050 - Tarım Teknolojileri | 6059 - Tarım;a993f06c-c25b-eb11-80fa-a0369f7d1484
2020;72;190181045;Tarım ve Orman Bakanlığı Şanlıurfa İl Müdürlüğü Akçakale İlçe Müdürlüğü;Teknisyen (Ziraat);Şanlıurfa;Ortaogretim;1;0;;;"2009;6005;6050;6059";2009 - Aşağıdaki ortaöğretim programlarından birinden mezun olmak. | 6005 - Bahçecilik | 6050 - Tarım Teknolojileri | 6059 - Tarım;3d94f06c-c25b-eb11-80fa-a0369f7d1484
2020;72;190181046;Tarım ve Orman Bakanlığı Şanlıurfa İl Müdürlüğü Arazi Toplulaştırma ve Tarımsal Altyapı Şube Müdürlüğü;Teknisyen (Ziraat);Şanlıurfa;Ortaogretim;1;0;;;"2009;6005;6050;6059";2009 - Aşağıdaki ortaöğretim programlarından birinden mezun olmak. | 6005 - Bahçecilik | 6050 - Tarım Teknolojileri | 6059 - Tarım;3e94f06c-c25b-eb11-80fa-a0369f7d1484
2020;72;190181047;Tarım ve Orman Bakanlığı Şanlıurfa İl Müdürlüğü Bitkisel Üretim ve Bitki Sağl.Şb.Müd.Lüğü;Teknisyen (Ziraat);Şanlıurfa;Ortaogretim;1;0;;;"2009;6005;6050;6059";2009 - Aşağıdaki ortaöğretim programlarından birinden mezun olmak. | 6005 - Bahçecilik | 6050 - Tarım Teknolojileri | 6059 - Tarım;3f94f06c-c25b-eb11-80fa-a0369f7d1484
2020;72;290181001;Tarım ve Orman Bakanlığı Adana İl Müdürlüğü Pozantı İlçe Müdürlüğü;Tekniker (Ziraat);Adana;Onlisans;1;2;;;"3067;5363;3069;1313;8568;3074;1318;3087;1112;1125;9056;3096;1193;3101;5315;3137;1308;1317;4361";3067 - Aşağıdaki önlisans programlarından birinden mezun olmak. | 5363 - Tarım | 3069 - Aşağıdaki önlisans programlarından birinden mezun olmak. | 1313 - Tarım Alet ve Makineleri | 8568 - Tarım Makinaları / Tarım Makineleri | 3074 - Aşağıdaki önlisans programlarından birinden mezun olmak. | 1318 - Tarla Bitkileri | 3087 - Aşağıdaki önlisans programlarından birinden mezun olmak. | 1112 - Bahçe Ziraatı | 1125 - Bitkisel Üretim | 9056 - Bahçe Tarımı | 3096 - Aşağıdaki önlisans programlarından birinden mezun olmak. | 1193 - Hayvansal Üretim | 3101 - Aşağıdaki önlisans programlarından birinden mezun olmak. | 5315 - Bitki Koruma | 3137 - Aşağıdaki önlisans programlarından birinden mezun olmak. | 1308 - Sulama Teknolojisi | 1317 - Tarımsal Sulama Yönetimi | 4361 - Tarımsal Sulama;bf90f06c-c25b-eb11-80fa-a0369f7d1484
2020;72;290181002;Tarım ve Orman Bakanlığı Afyonkarahisar İl Müdürlüğü Bitkisel Üretim ve Bitki Sağlığı Şube Müdürlüğü;Tekniker (Ziraat);Afyonkarahisar;Onlisans;1;1;;;"3067;5363;3069;1313;8568;3074;1318;3087;1112;1125;9056;3096;1193;3101;5315;3137;1308;1317;4361";3067 - Aşağıdaki önlisans programlarından birinden mezun olmak. | 5363 - Tarım | 3069 - Aşağıdaki önlisans programlarından birinden mezun olmak. | 1313 - Tarım Alet ve Makineleri | 8568 - Tarım Makinaları / Tarım Makineleri | 3074 - Aşağıdaki önlisans programlarından birinden mezun olmak. | 1318 - Tarla Bitkileri | 3087 - Aşağıdaki önlisans programlarından birinden mezun olmak. | 1112 - Bahçe Ziraatı | 1125 - Bitkisel Üretim | 9056 - Bahçe Tarımı | 3096 - Aşağıdaki önlisans programlarından birinden mezun olmak. | 1193 - Hayvansal Üretim | 3101 - Aşağıdaki önlisans programlarından birinden mezun olmak. | 5315 - Bitki Koruma | 3137 - Aşağıdaki önlisans programlarından birinden mezun olmak. | 1308 - Sulama Teknolojisi | 1317 - Tarımsal Sulama Yönetimi | 4361 - Tarımsal Sulama;dc90f06c-c25b-eb11-80fa-a0369f7d1484
2020;72;290181003;Tarım ve Orman Bakanlığı Afyonkarahisar İl Müdürlüğü Evciler İlçe Müdürlüğü;Tekniker (Ziraat);Afyonkarahisar;Onlisans;1;1;;;"3067;5363;3069;1313;8568;3074;1318;3087;1112;1125;9056;3096;1193;3101;5315;3137;1308;1317;4361";3067 - Aşağıdaki önlisans programlarından birinden mezun olmak. | 5363 - Tarım | 3069 - Aşağıdaki önlisans programlarından birinden mezun olmak. | 1313 - Tarım Alet ve Makineleri | 8568 - Tarım Makinaları / Tarım Makineleri | 3074 - Aşağıdaki önlisans programlarından birinden mezun olmak. | 1318 - Tarla Bitkileri | 3087 - Aşağıdaki önlisans programlarından birinden mezun olmak. | 1112 - Bahçe Ziraatı | 1125 - Bitkisel Üretim | 9056 - Bahçe Tarımı | 3096 - Aşağıdaki önlisans programlarından birinden mezun olmak. | 1193 - Hayvansal Üretim | 3101 - Aşağıdaki önlisans programlarından birinden mezun olmak. | 5315 - Bitki Koruma | 3137 - Aşağıdaki önlisans programlarından birinden mezun olmak. | 1308 - Sulama Teknolojisi | 1317 - Tarımsal Sulama Yönetimi | 4361 - Tarımsal Sulama;dd90f06c-c25b-eb11-80fa-a0369f7d1484
2020;72;290181004;Tarım ve Orman Bakanlığı Ağrı İl Müdürlüğü Bitkisel Üretim ve Bitki Sağlığı Şube Müdürlüğü;Tekniker (Ziraat);Ağrı;Onlisans;1;0;;;"3067;5363;3069;1313;8568;3074;1318;3087;1112;1125;9056;3096;1193;3101;5315;3137;1308;1317;4361";3067 - Aşağıdaki önlisans programlarından birinden mezun olmak. | 5363 - Tarım | 3069 - Aşağıdaki önlisans programlarından birinden mezun olmak. | 1313 - Tarım Alet ve Makineleri | 8568 - Tarım Makinaları / Tarım Makineleri | 3074 - Aşağıdaki önlisans programlarından birinden mezun olmak. | 1318 - Tarla Bitkileri | 3087 - Aşağıdaki önlisans programlarından birinden mezun olmak. | 1112 - Bahçe Ziraatı | 1125 - Bitkisel Üretim | 9056 - Bahçe Tarımı | 3096 - Aşağıdaki önlisans programlarından birinden mezun olmak. | 1193 - Hayvansal Üretim | 3101 - Aşağıdaki önlisans programlarından birinden mezun olmak. | 5315 - Bitki Koruma | 3137 - Aşağıdaki önlisans programlarından birinden mezun olmak. | 1308 - Sulama Teknolojisi | 1317 - Tarımsal Sulama Yönetimi | 4361 - Tarımsal Sulama;f990f06c-c25b-eb11-80fa-a0369f7d1484
2020;72;290181005;Tarım ve Orman Bakanlığı Ağrı İl Müdürlüğü Çayır, Mera ve Yem Bitkileri Şube Müdürlüğü;Tekniker (Ziraat);Ağrı;Onlisans;1;0;;;"3067;5363;3069;1313;8568;3074;1318;3087;1112;1125;9056;3096;1193;3101;5315;3137;1308;1317;4361";3067 - Aşağıdaki önlisans programlarından birinden mezun olmak. | 5363 - Tarım | 3069 - Aşağıdaki önlisans programlarından birinden mezun olmak. | 1313 - Tarım Alet ve Makineleri | 8568 - Tarım Makinaları / Tarım Makineleri | 3074 - Aşağıdaki önlisans programlarından birinden mezun olmak. | 1318 - Tarla Bitkileri | 3087 - Aşağıdaki önlisans programlarından birinden mezun olmak. | 1112 - Bahçe Ziraatı | 1125 - Bitkisel Üretim | 9056 - Bahçe Tarımı | 3096 - Aşağıdaki önlisans programlarından birinden mezun olmak. | 1193 - Hayvansal Üretim | 3101 - Aşağıdaki önlisans programlarından birinden mezun olmak. | 5315 - Bitki Koruma | 3137 - Aşağıdaki önlisans programlarından birinden mezun olmak. | 1308 - Sulama Teknolojisi | 1317 - Tarımsal Sulama Yönetimi | 4361 - Tarımsal Sulama;fa90f06c-c25b-eb11-80fa-a0369f7d1484
2020;72;290181006;Tarım ve Orman Bakanlığı Ağrı İl Müdürlüğü Diyadin İlçe Müdürlüğü;Tekniker (Ziraat);Ağrı;Onlisans;1;0;;;"3067;5363;3069;1313;8568;3074;1318;3087;1112;1125;9056;3096;1193;3101;5315;3137;1308;1317;4361";3067 - Aşağıdaki önlisans programlarından birinden mezun olmak. | 5363 - Tarım | 3069 - Aşağıdaki önlisans programlarından birinden mezun olmak. | 1313 - Tarım Alet ve Makineleri | 8568 - Tarım Makinaları / Tarım Makineleri | 3074 - Aşağıdaki önlisans programlarından birinden mezun olmak. | 1318 - Tarla Bitkileri | 3087 - Aşağıdaki önlisans programlarından birinden mezun olmak. | 1112 - Bahçe Ziraatı | 1125 - Bitkisel Üretim | 9056 - Bahçe Tarımı | 3096 - Aşağıdaki önlisans programlarından birinden mezun olmak. | 1193 - Hayvansal Üretim | 3101 - Aşağıdaki önlisans programlarından birinden mezun olmak. | 5315 - Bitki Koruma | 3137 - Aşağıdaki önlisans programlarından birinden mezun olmak. | 1308 - Sulama Teknolojisi | 1317 - Tarımsal Sulama Yönetimi | 4361 - Tarımsal Sulama;fb90f06c-c25b-eb11-80fa-a0369f7d1484
2020;72;290181125;Tarım ve Orman Bakanlığı Ağrı İl Müdürlüğü Diyadin İlçe Müdürlüğü;Tekniker (Veteriner Sağlık);Ağrı;Onlisans;1;1;;;"3021;4397;5345";3021 - Aşağıdaki önlisans programlarından birinden mezun olmak. | 4397 - Veteriner Sağlık Teknikerliği | 5345 - Laborant ve Veteriner Sağlık;0091f06c-c25b-eb11-80fa-a0369f7d1484
2020;72;290181007;Tarım ve Orman Bakanlığı Ağrı İl Müdürlüğü Doğubeyazıt İlçe Müdürlüğü;Tekniker (Ziraat);Ağrı;Onlisans;1;0;;;"3067;5363;3069;1313;8568;3074;1318;3087;1112;1125;9056;3096;1193;3101;5315;3137;1308;1317;4361";3067 - Aşağıdaki önlisans programlarından birinden mezun olmak. | 5363 - Tarım | 3069 - Aşağıdaki önlisans programlarından birinden mezun olmak. | 1313 - Tarım Alet ve Makineleri | 8568 - Tarım Makinaları / Tarım Makineleri | 3074 - Aşağıdaki önlisans programlarından birinden mezun olmak. | 1318 - Tarla Bitkileri | 3087 - Aşağıdaki önlisans programlarından birinden mezun olmak. | 1112 - Bahçe Ziraatı | 1125 - Bitkisel Üretim | 9056 - Bahçe Tarımı | 3096 - Aşağıdaki önlisans programlarından birinden mezun olmak. | 1193 - Hayvansal Üretim | 3101 - Aşağıdaki önlisans programlarından birinden mezun olmak. | 5315 - Bitki Koruma | 3137 - Aşağıdaki önlisans programlarından birinden mezun olmak. | 1308 - Sulama Teknolojisi | 1317 - Tarımsal Sulama Yönetimi | 4361 - Tarımsal Sulama;fc90f06c-c25b-eb11-80fa-a0369f7d1484
2020;72;290181126;Tarım ve Orman Bakanlığı Ağrı İl Müdürlüğü Doğubeyazıt İlçe Müdürlüğü;Tekniker (Veteriner Sağlık);Ağrı;Onlisans;1;1;;;"3021;4397;5345";3021 - Aşağıdaki önlisans programlarından birinden mezun olmak. | 4397 - Veteriner Sağlık Teknikerliği | 5345 - Laborant ve Veteriner Sağlık;0191f06c-c25b-eb11-80fa-a0369f7d1484
2020;72;290181008;Tarım ve Orman Bakanlığı Ağrı İl Müdürlüğü Eleşkirt İlçe Müdürlüğü;Tekniker (Ziraat);Ağrı;Onlisans;1;0;;;"3067;5363;3069;1313;8568;3074;1318;3087;1112;1125;9056;3096;1193;3101;5315;3137;1308;1317;4361";3067 - Aşağıdaki önlisans programlarından birinden mezun olmak. | 5363 - Tarım | 3069 - Aşağıdaki önlisans programlarından birinden mezun olmak. | 1313 - Tarım Alet ve Makineleri | 8568 - Tarım Makinaları / Tarım Makineleri | 3074 - Aşağıdaki önlisans programlarından birinden mezun olmak. | 1318 - Tarla Bitkileri | 3087 - Aşağıdaki önlisans programlarından birinden mezun olmak. | 1112 - Bahçe Ziraatı | 1125 - Bitkisel Üretim | 9056 - Bahçe Tarımı | 3096 - Aşağıdaki önlisans programlarından birinden mezun olmak. | 1193 - Hayvansal Üretim | 3101 - Aşağıdaki önlisans programlarından birinden mezun olmak. | 5315 - Bitki Koruma | 3137 - Aşağıdaki önlisans programlarından birinden mezun olmak. | 1308 - Sulama Teknolojisi | 1317 - Tarımsal Sulama Yönetimi | 4361 - Tarımsal Sulama;fd90f06c-c25b-eb11-80fa-a0369f7d1484
2020;72;290181009;Tarım ve Orman Bakanlığı Ağrı İl Müdürlüğü Hamur İlçe Müdürlüğü;Tekniker (Ziraat);Ağrı;Onlisans;1;0;;;"3067;5363;3069;1313;8568;3074;1318;3087;1112;1125;9056;3096;1193;3101;5315;3137;1308;1317;4361";3067 - Aşağıdaki önlisans programlarından birinden mezun olmak. | 5363 - Tarım | 3069 - Aşağıdaki önlisans programlarından birinden mezun olmak. | 1313 - Tarım Alet ve Makineleri | 8568 - Tarım Makinaları / Tarım Makineleri | 3074 - Aşağıdaki önlisans programlarından birinden mezun olmak. | 1318 - Tarla Bitkileri | 3087 - Aşağıdaki önlisans programlarından birinden mezun olmak. | 1112 - Bahçe Ziraatı | 1125 - Bitkisel Üretim | 9056 - Bahçe Tarımı | 3096 - Aşağıdaki önlisans programlarından birinden mezun olmak. | 1193 - Hayvansal Üretim | 3101 - Aşağıdaki önlisans programlarından birinden mezun olmak. | 5315 - Bitki Koruma | 3137 - Aşağıdaki önlisans programlarından birinden mezun olmak. | 1308 - Sulama Teknolojisi | 1317 - Tarımsal Sulama Yönetimi | 4361 - Tarımsal Sulama;fe90f06c-c25b-eb11-80fa-a0369f7d1484
2020;72;290181010;Tarım ve Orman Bakanlığı Ağrı İl Müdürlüğü Patnos İlçe Müdürlüğü;Tekniker (Ziraat);Ağrı;Onlisans;1;0;;;"3067;5363;3069;1313;8568;3074;1318;3087;1112;1125;9056;3096;1193;3101;5315;3137;1308;1317;4361";3067 - Aşağıdaki önlisans programlarından birinden mezun olmak. | 5363 - Tarım | 3069 - Aşağıdaki önlisans programlarından birinden mezun olmak. | 1313 - Tarım Alet ve Makineleri | 8568 - Tarım Makinaları / Tarım Makineleri | 3074 - Aşağıdaki önlisans programlarından birinden mezun olmak. | 1318 - Tarla Bitkileri | 3087 - Aşağıdaki önlisans programlarından birinden mezun olmak. | 1112 - Bahçe Ziraatı | 1125 - Bitkisel Üretim | 9056 - Bahçe Tarımı | 3096 - Aşağıdaki önlisans programlarından birinden mezun olmak. | 1193 - Hayvansal Üretim | 3101 - Aşağıdaki önlisans programlarından birinden mezun olmak. | 5315 - Bitki Koruma | 3137 - Aşağıdaki önlisans programlarından birinden mezun olmak. | 1308 - Sulama Teknolojisi | 1317 - Tarımsal Sulama Yönetimi | 4361 - Tarımsal Sulama;ff90f06c-c25b-eb11-80fa-a0369f7d1484
2020;72;290181011;Tarım ve Orman Bakanlığı Ankara 9. Bölge Müdürlüğü Bolu Şube Müdürlüğü;Tekniker (Orman);Ankara;Onlisans;4;0;;;"3149;1253;8548;8617;8619;9071";3149 - Aşağıdaki önlisans programlarından birinden mezun olmak. | 1253 - Orman İşletmeciliği | 8548 - Orman Ürünleri | 8617 - Odun Dışı Orman Ürünleri | 8619 - Ormancılık | 9071 - Ormancılık ve Orman Ürünleri;1891f06c-c25b-eb11-80fa-a0369f7d1484
2020;72;290181012;Tarım ve Orman Bakanlığı Ardahan İl Müdürlüğü Bitkisel Üretim ve Bitki Sağlığı Şube Müdürlüğü;Tekniker (Ziraat);Ardahan;Onlisans;1;0;;;"3067;5363;3069;1313;8568;3074;1318;3087;1112;1125;9056;3096;1193;3101;5315;3137;1308;1317;4361";3067 - Aşağıdaki önlisans programlarından birinden mezun olmak. | 5363 - Tarım | 3069 - Aşağıdaki önlisans programlarından birinden mezun olmak. | 1313 - Tarım Alet ve Makineleri | 8568 - Tarım Makinaları / Tarım Makineleri | 3074 - Aşağıdaki önlisans programlarından birinden mezun olmak. | 1318 - Tarla Bitkileri | 3087 - Aşağıdaki önlisans programlarından birinden mezun olmak. | 1112 - Bahçe Ziraatı | 1125 - Bitkisel Üretim | 9056 - Bahçe Tarımı | 3096 - Aşağıdaki önlisans programlarından birinden mezun olmak. | 1193 - Hayvansal Üretim | 3101 - Aşağıdaki önlisans programlarından birinden mezun olmak. | 5315 - Bitki Koruma | 3137 - Aşağıdaki önlisans programlarından birinden mezun olmak. | 1308 - Sulama Teknolojisi | 1317 - Tarımsal Sulama Yönetimi | 4361 - Tarımsal Sulama;f294f06c-c25b-eb11-80fa-a0369f7d1484
2020;72;290181013;Tarım ve Orman Bakanlığı Ardahan İl Müdürlüğü Çıldır İlçe Müdürlüğü;Tekniker (Arıcılık);Ardahan;Onlisans;1;0;;;"3085;1109";3085 - Aşağıdaki önlisans programlarından birinden mezun olmak. | 1109 - Arıcılık;f394f06c-c25b-eb11-80fa-a0369f7d1484
2020;72;290181014;Tarım ve Orman Bakanlığı Ardahan İl Müdürlüğü Göle İlçe Müdürlüğü;Tekniker (Arıcılık);Ardahan;Onlisans;1;0;;;"3085;1109";3085 - Aşağıdaki önlisans programlarından birinden mezun olmak. | 1109 - Arıcılık;f494f06c-c25b-eb11-80fa-a0369f7d1484
2020;72;290181015;Tarım ve Orman Bakanlığı Artvin İl Müdürlüğü Bitkisel Üretim ve Bitki Sağlığı Şube Müdürlüğü;Tekniker (Ziraat);Artvin;Onlisans;1;0;;;"3067;5363;3069;1313;8568;3074;1318;3087;1112;1125;9056;3096;1193;3101;5315;3137;1308;1317;4361";3067 - Aşağıdaki önlisans programlarından birinden mezun olmak. | 5363 - Tarım | 3069 - Aşağıdaki önlisans programlarından birinden mezun olmak. | 1313 - Tarım Alet ve Makineleri | 8568 - Tarım Makinaları / Tarım Makineleri | 3074 - Aşağıdaki önlisans programlarından birinden mezun olmak. | 1318 - Tarla Bitkileri | 3087 - Aşağıdaki önlisans programlarından birinden mezun olmak. | 1112 - Bahçe Ziraatı | 1125 - Bitkisel Üretim | 9056 - Bahçe Tarımı | 3096 - Aşağıdaki önlisans programlarından birinden mezun olmak. | 1193 - Hayvansal Üretim | 3101 - Aşağıdaki önlisans programlarından birinden mezun olmak. | 5315 - Bitki Koruma | 3137 - Aşağıdaki önlisans programlarından birinden mezun olmak. | 1308 - Sulama Teknolojisi | 1317 - Tarımsal Sulama Yönetimi | 4361 - Tarımsal Sulama;2691f06c-c25b-eb11-80fa-a0369f7d1484
2020;72;290181016;Tarım ve Orman Bakanlığı Artvin İl Müdürlüğü Çayır, Mera ve Yem Bitkileri Şube Müdürlüğü;Tekniker (Ziraat);Artvin;Onlisans;1;0;;;"3067;5363;3069;1313;8568;3074;1318;3087;1112;1125;9056;3096;1193;3101;5315;3137;1308;1317;4361";3067 - Aşağıdaki önlisans programlarından birinden mezun olmak. | 5363 - Tarım | 3069 - Aşağıdaki önlisans programlarından birinden mezun olmak. | 1313 - Tarım Alet ve Makineleri | 8568 - Tarım Makinaları / Tarım Makineleri | 3074 - Aşağıdaki önlisans programlarından birinden mezun olmak. | 1318 - Tarla Bitkileri | 3087 - Aşağıdaki önlisans programlarından birinden mezun olmak. | 1112 - Bahçe Ziraatı | 1125 - Bitkisel Üretim | 9056 - Bahçe Tarımı | 3096 - Aşağıdaki önlisans programlarından birinden mezun olmak. | 1193 - Hayvansal Üretim | 3101 - Aşağıdaki önlisans programlarından birinden mezun olmak. | 5315 - Bitki Koruma | 3137 - Aşağıdaki önlisans programlarından birinden mezun olmak. | 1308 - Sulama Teknolojisi | 1317 - Tarımsal Sulama Yönetimi | 4361 - Tarımsal Sulama;2791f06c-c25b-eb11-80fa-a0369f7d1484
2020;72;290181017;Tarım ve Orman Bakanlığı Artvin İl Müdürlüğü Hopa İlçe Müdürlüğü;Tekniker (Arıcılık);Artvin;Onlisans;1;0;;;"3085;1109";3085 - Aşağıdaki önlisans programlarından birinden mezun olmak. | 1109 - Arıcılık;2891f06c-c25b-eb11-80fa-a0369f7d1484
2020;72;290181018;Tarım ve Orman Bakanlığı Artvin İl Müdürlüğü Yusufeli İlçe Müdürlüğü;Tekniker (Arıcılık);Artvin;Onlisans;1;0;;;"3085;1109";3085 - Aşağıdaki önlisans programlarından birinden mezun olmak. | 1109 - Arıcılık;2991f06c-c25b-eb11-80fa-a0369f7d1484
2020;72;290181019;Tarım ve Orman Bakanlığı Bartın İl Müdürlüğü Arazi Toplulaştırma ve Tarımsal Altyapı Şube Müdürlüğü;Tekniker (Ziraat);Bartın;Onlisans;1;0;;;"3067;5363;3069;1313;8568;3074;1318;3087;1112;1125;9056;3096;1193;3101;5315;3137;1308;1317;4361";3067 - Aşağıdaki önlisans programlarından birinden mezun olmak. | 5363 - Tarım | 3069 - Aşağıdaki önlisans programlarından birinden mezun olmak. | 1313 - Tarım Alet ve Makineleri | 8568 - Tarım Makinaları / Tarım Makineleri | 3074 - Aşağıdaki önlisans programlarından birinden mezun olmak. | 1318 - Tarla Bitkileri | 3087 - Aşağıdaki önlisans programlarından birinden mezun olmak. | 1112 - Bahçe Ziraatı | 1125 - Bitkisel Üretim | 9056 - Bahçe Tarımı | 3096 - Aşağıdaki önlisans programlarından birinden mezun olmak. | 1193 - Hayvansal Üretim | 3101 - Aşağıdaki önlisans programlarından birinden mezun olmak. | 5315 - Bitki Koruma | 3137 - Aşağıdaki önlisans programlarından birinden mezun olmak. | 1308 - Sulama Teknolojisi | 1317 - Tarımsal Sulama Yönetimi | 4361 - Tarımsal Sulama;d494f06c-c25b-eb11-80fa-a0369f7d1484
2020;72;290181020;Tarım ve Orman Bakanlığı Bartın İl Müdürlüğü Çayır, Mera ve Yem Bitkileri Şube Müdürlüğü;Tekniker (Ziraat);Bartın;Onlisans;1;0;;;"3067;5363;3069;1313;8568;3074;1318;3087;1112;1125;9056;3096;1193;3101;5315;3137;1308;1317;4361";3067 - Aşağıdaki önlisans programlarından birinden mezun olmak. | 5363 - Tarım | 3069 - Aşağıdaki önlisans programlarından birinden mezun olmak. | 1313 - Tarım Alet ve Makineleri | 8568 - Tarım Makinaları / Tarım Makineleri | 3074 - Aşağıdaki önlisans programlarından birinden mezun olmak. | 1318 - Tarla Bitkileri | 3087 - Aşağıdaki önlisans programlarından birinden mezun olmak. | 1112 - Bahçe Ziraatı | 1125 - Bitkisel Üretim | 9056 - Bahçe Tarımı | 3096 - Aşağıdaki önlisans programlarından birinden mezun olmak. | 1193 - Hayvansal Üretim | 3101 - Aşağıdaki önlisans programlarından birinden mezun olmak. | 5315 - Bitki Koruma | 3137 - Aşağıdaki önlisans programlarından birinden mezun olmak. | 1308 - Sulama Teknolojisi | 1317 - Tarımsal Sulama Yönetimi | 4361 - Tarımsal Sulama;d594f06c-c25b-eb11-80fa-a0369f7d1484
2020;72;290181021;Tarım ve Orman Bakanlığı Bartın İl Müdürlüğü Kurucaşile İlçe Müdürlüğü;Tekniker (Ziraat);Bartın;Onlisans;1;0;;;"3067;5363;3069;1313;8568;3074;1318;3087;1112;1125;9056;3096;1193;3101;5315;3137;1308;1317;4361";3067 - Aşağıdaki önlisans programlarından birinden mezun olmak. | 5363 - Tarım | 3069 - Aşağıdaki önlisans programlarından birinden mezun olmak. | 1313 - Tarım Alet ve Makineleri | 8568 - Tarım Makinaları / Tarım Makineleri | 3074 - Aşağıdaki önlisans programlarından birinden mezun olmak. | 1318 - Tarla Bitkileri | 3087 - Aşağıdaki önlisans programlarından birinden mezun olmak. | 1112 - Bahçe Ziraatı | 1125 - Bitkisel Üretim | 9056 - Bahçe Tarımı | 3096 - Aşağıdaki önlisans programlarından birinden mezun olmak. | 1193 - Hayvansal Üretim | 3101 - Aşağıdaki önlisans programlarından birinden mezun olmak. | 5315 - Bitki Koruma | 3137 - Aşağıdaki önlisans programlarından birinden mezun olmak. | 1308 - Sulama Teknolojisi | 1317 - Tarımsal Sulama Yönetimi | 4361 - Tarımsal Sulama;d694f06c-c25b-eb11-80fa-a0369f7d1484
2020;72;290181022;Tarım ve Orman Bakanlığı Bayburt İl Müdürlüğü Bitkisel Üretim ve Bitki Sağlığı Şube Müdürlüğü;Tekniker (Ziraat);Bayburt;Onlisans;1;0;;;"3067;5363;3069;1313;8568;3074;1318;3087;1112;1125;9056;3096;1193;3101;5315;3137;1308;1317;4361";3067 - Aşağıdaki önlisans programlarından birinden mezun olmak. | 5363 - Tarım | 3069 - Aşağıdaki önlisans programlarından birinden mezun olmak. | 1313 - Tarım Alet ve Makineleri | 8568 - Tarım Makinaları / Tarım Makineleri | 3074 - Aşağıdaki önlisans programlarından birinden mezun olmak. | 1318 - Tarla Bitkileri | 3087 - Aşağıdaki önlisans programlarından birinden mezun olmak. | 1112 - Bahçe Ziraatı | 1125 - Bitkisel Üretim | 9056 - Bahçe Tarımı | 3096 - Aşağıdaki önlisans programlarından birinden mezun olmak. | 1193 - Hayvansal Üretim | 3101 - Aşağıdaki önlisans programlarından birinden mezun olmak. | 5315 - Bitki Koruma | 3137 - Aşağıdaki önlisans programlarından birinden mezun olmak. | 1308 - Sulama Teknolojisi | 1317 - Tarımsal Sulama Yönetimi | 4361 - Tarımsal Sulama;9a94f06c-c25b-eb11-80fa-a0369f7d1484
2020;72;290181023;Tarım ve Orman Bakanlığı Bayburt İl Müdürlüğü Çayır, Mera ve Yem Bitkileri Şube Müdürlüğü;Tekniker (Ziraat);Bayburt;Onlisans;1;1;;;"3067;5363;3069;1313;8568;3074;1318;3087;1112;1125;9056;3096;1193;3101;5315;3137;1308;1317;4361";3067 - Aşağıdaki önlisans programlarından birinden mezun olmak. | 5363 - Tarım | 3069 - Aşağıdaki önlisans programlarından birinden mezun olmak. | 1313 - Tarım Alet ve Makineleri | 8568 - Tarım Makinaları / Tarım Makineleri | 3074 - Aşağıdaki önlisans programlarından birinden mezun olmak. | 1318 - Tarla Bitkileri | 3087 - Aşağıdaki önlisans programlarından birinden mezun olmak. | 1112 - Bahçe Ziraatı | 1125 - Bitkisel Üretim | 9056 - Bahçe Tarımı | 3096 - Aşağıdaki önlisans programlarından birinden mezun olmak. | 1193 - Hayvansal Üretim | 3101 - Aşağıdaki önlisans programlarından birinden mezun olmak. | 5315 - Bitki Koruma | 3137 - Aşağıdaki önlisans programlarından birinden mezun olmak. | 1308 - Sulama Teknolojisi | 1317 - Tarımsal Sulama Yönetimi | 4361 - Tarımsal Sulama;9b94f06c-c25b-eb11-80fa-a0369f7d1484
2020;72;290181024;Tarım ve Orman Bakanlığı Bayburt İl Müdürlüğü Kırsal Kalkınma ve Örgütlenme Şube Müdürlüğü;Tekniker (Ziraat);Bayburt;Onlisans;1;1;;;"3067;5363;3069;1313;8568;3074;1318;3087;1112;1125;9056;3096;1193;3101;5315;3137;1308;1317;4361";3067 - Aşağıdaki önlisans programlarından birinden mezun olmak. | 5363 - Tarım | 3069 - Aşağıdaki önlisans programlarından birinden mezun olmak. | 1313 - Tarım Alet ve Makineleri | 8568 - Tarım Makinaları / Tarım Makineleri | 3074 - Aşağıdaki önlisans programlarından birinden mezun olmak. | 1318 - Tarla Bitkileri | 3087 - Aşağıdaki önlisans programlarından birinden mezun olmak. | 1112 - Bahçe Ziraatı | 1125 - Bitkisel Üretim | 9056 - Bahçe Tarımı | 3096 - Aşağıdaki önlisans programlarından birinden mezun olmak. | 1193 - Hayvansal Üretim | 3101 - Aşağıdaki önlisans programlarından birinden mezun olmak. | 5315 - Bitki Koruma | 3137 - Aşağıdaki önlisans programlarından birinden mezun olmak. | 1308 - Sulama Teknolojisi | 1317 - Tarımsal Sulama Yönetimi | 4361 - Tarımsal Sulama;9c94f06c-c25b-eb11-80fa-a0369f7d1484
2020;72;290181025;Tarım ve Orman Bakanlığı Bayburt İl Müdürlüğü Koordinasyon ve Tarımsal Veriler Şube Müdürlüğü;Tekniker (Ziraat);Bayburt;Onlisans;1;1;;;"3067;5363;3069;1313;8568;3074;1318;3087;1112;1125;9056;3096;1193;3101;5315;3137;1308;1317;4361";3067 - Aşağıdaki önlisans programlarından birinden mezun olmak. | 5363 - Tarım | 3069 - Aşağıdaki önlisans programlarından birinden mezun olmak. | 1313 - Tarım Alet ve Makineleri | 8568 - Tarım Makinaları / Tarım Makineleri | 3074 - Aşağıdaki önlisans programlarından birinden mezun olmak. | 1318 - Tarla Bitkileri | 3087 - Aşağıdaki önlisans programlarından birinden mezun olmak. | 1112 - Bahçe Ziraatı | 1125 - Bitkisel Üretim | 9056 - Bahçe Tarımı | 3096 - Aşağıdaki önlisans programlarından birinden mezun olmak. | 1193 - Hayvansal Üretim | 3101 - Aşağıdaki önlisans programlarından birinden mezun olmak. | 5315 - Bitki Koruma | 3137 - Aşağıdaki önlisans programlarından birinden mezun olmak. | 1308 - Sulama Teknolojisi | 1317 - Tarımsal Sulama Yönetimi | 4361 - Tarımsal Sulama;9d94f06c-c25b-eb11-80fa-a0369f7d1484
2020;72;290181026;Tarım ve Orman Bakanlığı Bilecik İl Müdürlüğü Söğüt İlçe Müdürlüğü;Tekniker (Ziraat);Bilecik;Onlisans;1;1;;;"3067;5363;3069;1313;8568;3074;1318;3087;1112;1125;9056;3096;1193;3101;5315;3137;1308;1317;4361";3067 - Aşağıdaki önlisans programlarından birinden mezun olmak. | 5363 - Tarım | 3069 - Aşağıdaki önlisans programlarından birinden mezun olmak. | 1313 - Tarım Alet ve Makineleri | 8568 - Tarım Makinaları / Tarım Makineleri | 3074 - Aşağıdaki önlisans programlarından birinden mezun olmak. | 1318 - Tarla Bitkileri | 3087 - Aşağıdaki önlisans programlarından birinden mezun olmak. | 1112 - Bahçe Ziraatı | 1125 - Bitkisel Üretim | 9056 - Bahçe Tarımı | 3096 - Aşağıdaki önlisans programlarından birinden mezun olmak. | 1193 - Hayvansal Üretim | 3101 - Aşağıdaki önlisans programlarından birinden mezun olmak. | 5315 - Bitki Koruma | 3137 - Aşağıdaki önlisans programlarından birinden mezun olmak. | 1308 - Sulama Teknolojisi | 1317 - Tarımsal Sulama Yönetimi | 4361 - Tarımsal Sulama;4e91f06c-c25b-eb11-80fa-a0369f7d1484
2020;72;290181027;Tarım ve Orman Bakanlığı Bilecik İl Müdürlüğü Yenipazar İlçe Müdürlüğü;Tekniker (Ziraat);Bilecik;Onlisans;1;1;;;"3067;5363;3069;1313;8568;3074;1318;3087;1112;1125;9056;3096;1193;3101;5315;3137;1308;1317;4361";3067 - Aşağıdaki önlisans programlarından birinden mezun olmak. | 5363 - Tarım | 3069 - Aşağıdaki önlisans programlarından birinden mezun olmak. | 1313 - Tarım Alet ve Makineleri | 8568 - Tarım Makinaları / Tarım Makineleri | 3074 - Aşağıdaki önlisans programlarından birinden mezun olmak. | 1318 - Tarla Bitkileri | 3087 - Aşağıdaki önlisans programlarından birinden mezun olmak. | 1112 - Bahçe Ziraatı | 1125 - Bitkisel Üretim | 9056 - Bahçe Tarımı | 3096 - Aşağıdaki önlisans programlarından birinden mezun olmak. | 1193 - Hayvansal Üretim | 3101 - Aşağıdaki önlisans programlarından birinden mezun olmak. | 5315 - Bitki Koruma | 3137 - Aşağıdaki önlisans programlarından birinden mezun olmak. | 1308 - Sulama Teknolojisi | 1317 - Tarımsal Sulama Yönetimi | 4361 - Tarımsal Sulama;4f91f06c-c25b-eb11-80fa-a0369f7d1484
2020;72;290181028;Tarım ve Orman Bakanlığı Bitlis İl Müdürlüğü Arazi Toplulaştırma ve Tarımsal Altyapı Şube Müdürlüğü;Tekniker (Ziraat);Bitlis;Onlisans;1;0;;;"3067;5363;3069;1313;8568;3074;1318;3087;1112;1125;9056;3096;1193;3101;5315;3137;1308;1317;4361";3067 - Aşağıdaki önlisans programlarından birinden mezun olmak. | 5363 - Tarım | 3069 - Aşağıdaki önlisans programlarından birinden mezun olmak. | 1313 - Tarım Alet ve Makineleri | 8568 - Tarım Makinaları / Tarım Makineleri | 3074 - Aşağıdaki önlisans programlarından birinden mezun olmak. | 1318 - Tarla Bitkileri | 3087 - Aşağıdaki önlisans programlarından birinden mezun olmak. | 1112 - Bahçe Ziraatı | 1125 - Bitkisel Üretim | 9056 - Bahçe Tarımı | 3096 - Aşağıdaki önlisans programlarından birinden mezun olmak. | 1193 - Hayvansal Üretim | 3101 - Aşağıdaki önlisans programlarından birinden mezun olmak. | 5315 - Bitki Koruma | 3137 - Aşağıdaki önlisans programlarından birinden mezun olmak. | 1308 - Sulama Teknolojisi | 1317 - Tarımsal Sulama Yönetimi | 4361 - Tarımsal Sulama;7291f06c-c25b-eb11-80fa-a0369f7d1484
2020;72;290181029;Tarım ve Orman Bakanlığı Bitlis İl Müdürlüğü Çayır, Mera ve Yem Bitkileri Şube Müdürlüğü;Tekniker (Ziraat);Bitlis;Onlisans;1;0;;;"3067;5363;3069;1313;8568;3074;1318;3087;1112;1125;9056;3096;1193;3101;5315;3137;1308;1317;4361";3067 - Aşağıdaki önlisans programlarından birinden mezun olmak. | 5363 - Tarım | 3069 - Aşağıdaki önlisans programlarından birinden mezun olmak. | 1313 - Tarım Alet ve Makineleri | 8568 - Tarım Makinaları / Tarım Makineleri | 3074 - Aşağıdaki önlisans programlarından birinden mezun olmak. | 1318 - Tarla Bitkileri | 3087 - Aşağıdaki önlisans programlarından birinden mezun olmak. | 1112 - Bahçe Ziraatı | 1125 - Bitkisel Üretim | 9056 - Bahçe Tarımı | 3096 - Aşağıdaki önlisans programlarından birinden mezun olmak. | 1193 - Hayvansal Üretim | 3101 - Aşağıdaki önlisans programlarından birinden mezun olmak. | 5315 - Bitki Koruma | 3137 - Aşağıdaki önlisans programlarından birinden mezun olmak. | 1308 - Sulama Teknolojisi | 1317 - Tarımsal Sulama Yönetimi | 4361 - Tarımsal Sulama;7391f06c-c25b-eb11-80fa-a0369f7d1484
2020;72;290181030;Tarım ve Orman Bakanlığı Bitlis İl Müdürlüğü Mutki İlçe Müdürlüğü;Tekniker (Ziraat);Bitlis;Onlisans;1;0;;;"3067;5363;3069;1313;8568;3074;1318;3087;1112;1125;9056;3096;1193;3101;5315;3137;1308;1317;4361";3067 - Aşağıdaki önlisans programlarından birinden mezun olmak. | 5363 - Tarım | 3069 - Aşağıdaki önlisans programlarından birinden mezun olmak. | 1313 - Tarım Alet ve Makineleri | 8568 - Tarım Makinaları / Tarım Makineleri | 3074 - Aşağıdaki önlisans programlarından birinden mezun olmak. | 1318 - Tarla Bitkileri | 3087 - Aşağıdaki önlisans programlarından birinden mezun olmak. | 1112 - Bahçe Ziraatı | 1125 - Bitkisel Üretim | 9056 - Bahçe Tarımı | 3096 - Aşağıdaki önlisans programlarından birinden mezun olmak. | 1193 - Hayvansal Üretim | 3101 - Aşağıdaki önlisans programlarından birinden mezun olmak. | 5315 - Bitki Koruma | 3137 - Aşağıdaki önlisans programlarından birinden mezun olmak. | 1308 - Sulama Teknolojisi | 1317 - Tarımsal Sulama Yönetimi | 4361 - Tarımsal Sulama;7491f06c-c25b-eb11-80fa-a0369f7d1484
2020;72;290181031;Tarım ve Orman Bakanlığı Bolu İl Müdürlüğü Gerede İlçe Müdürlüğü;Tekniker (Ziraat);Bolu;Onlisans;1;0;;;"3067;5363;3069;1313;8568;3074;1318;3087;1112;1125;9056;3096;1193;3101;5315;3137;1308;1317;4361";3067 - Aşağıdaki önlisans programlarından birinden mezun olmak. | 5363 - Tarım | 3069 - Aşağıdaki önlisans programlarından birinden mezun olmak. | 1313 - Tarım Alet ve Makineleri | 8568 - Tarım Makinaları / Tarım Makineleri | 3074 - Aşağıdaki önlisans programlarından birinden mezun olmak. | 1318 - Tarla Bitkileri | 3087 - Aşağıdaki önlisans programlarından birinden mezun olmak. | 1112 - Bahçe Ziraatı | 1125 - Bitkisel Üretim | 9056 - Bahçe Tarımı | 3096 - Aşağıdaki önlisans programlarından birinden mezun olmak. | 1193 - Hayvansal Üretim | 3101 - Aşağıdaki önlisans programlarından birinden mezun olmak. | 5315 - Bitki Koruma | 3137 - Aşağıdaki önlisans programlarından birinden mezun olmak. | 1308 - Sulama Teknolojisi | 1317 - Tarımsal Sulama Yönetimi | 4361 - Tarımsal Sulama;8391f06c-c25b-eb11-80fa-a0369f7d1484
2020;72;290181032;Tarım ve Orman Bakanlığı Bolu İl Müdürlüğü Mengen İlçe Müdürlüğü;Tekniker (Ziraat);Bolu;Onlisans;1;0;;;"3067;5363;3069;1313;8568;3074;1318;3087;1112;1125;9056;3096;1193;3101;5315;3137;1308;1317;4361";3067 - Aşağıdaki önlisans programlarından birinden mezun olmak. | 5363 - Tarım | 3069 - Aşağıdaki önlisans programlarından birinden mezun olmak. | 1313 - Tarım Alet ve Makineleri | 8568 - Tarım Makinaları / Tarım Makineleri | 3074 - Aşağıdaki önlisans programlarından birinden mezun olmak. | 1318 - Tarla Bitkileri | 3087 - Aşağıdaki önlisans programlarından birinden mezun olmak. | 1112 - Bahçe Ziraatı | 1125 - Bitkisel Üretim | 9056 - Bahçe Tarımı | 3096 - Aşağıdaki önlisans programlarından birinden mezun olmak. | 1193 - Hayvansal Üretim | 3101 - Aşağıdaki önlisans programlarından birinden mezun olmak. | 5315 - Bitki Koruma | 3137 - Aşağıdaki önlisans programlarından birinden mezun olmak. | 1308 - Sulama Teknolojisi | 1317 - Tarımsal Sulama Yönetimi | 4361 - Tarımsal Sulama;8491f06c-c25b-eb11-80fa-a0369f7d1484
2020;72;290181033;Tarım ve Orman Bakanlığı Burdur 6. Bölge Müdürlüğü Antalya Şube Müdürlüğü;Tekniker (Orman);Burdur;Onlisans;3;0;;;"3149;1253;8548;8617;8619;9071";3149 - Aşağıdaki önlisans programlarından birinden mezun olmak. | 1253 - Orman İşletmeciliği | 8548 - Orman Ürünleri | 8617 - Odun Dışı Orman Ürünleri | 8619 - Ormancılık | 9071 - Ormancılık ve Orman Ürünleri;8691f06c-c25b-eb11-80fa-a0369f7d1484
2020;72;290181034;Tarım ve Orman Bakanlığı Çorum İl Müdürlüğü Arazi Toplulaştırma ve Tarımsal Altyapı Şube Müdürlüğü;Tekniker (Ziraat);Çorum;Onlisans;1;0;;;"3067;5363;3069;1313;8568;3074;1318;3087;1112;1125;9056;3096;1193;3101;5315;3137;1308;1317;4361";3067 - Aşağıdaki önlisans programlarından birinden mezun olmak. | 5363 - Tarım | 3069 - Aşağıdaki önlisans programlarından birinden mezun olmak. | 1313 - Tarım Alet ve Makineleri | 8568 - Tarım Makinaları / Tarım Makineleri | 3074 - Aşağıdaki önlisans programlarından birinden mezun olmak. | 1318 - Tarla Bitkileri | 3087 - Aşağıdaki önlisans programlarından birinden mezun olmak. | 1112 - Bahçe Ziraatı | 1125 - Bitkisel Üretim | 9056 - Bahçe Tarımı | 3096 - Aşağıdaki önlisans programlarından birinden mezun olmak. | 1193 - Hayvansal Üretim | 3101 - Aşağıdaki önlisans programlarından birinden mezun olmak. | 5315 - Bitki Koruma | 3137 - Aşağıdaki önlisans programlarından birinden mezun olmak. | 1308 - Sulama Teknolojisi | 1317 - Tarımsal Sulama Yönetimi | 4361 - Tarımsal Sulama;a991f06c-c25b-eb11-80fa-a0369f7d1484
2020;72;290181035;Tarım ve Orman Bakanlığı Çorum İl Müdürlüğü Boğazkale İlçe Müdürlüğü;Tekniker (Ziraat);Çorum;Onlisans;1;0;;;"3067;5363;3069;1313;8568;3074;1318;3087;1112;1125;9056;3096;1193;3101;5315;3137;1308;1317;4361";3067 - Aşağıdaki önlisans programlarından birinden mezun olmak. | 5363 - Tarım | 3069 - Aşağıdaki önlisans programlarından birinden mezun olmak. | 1313 - Tarım Alet ve Makineleri | 8568 - Tarım Makinaları / Tarım Makineleri | 3074 - Aşağıdaki önlisans programlarından birinden mezun olmak. | 1318 - Tarla Bitkileri | 3087 - Aşağıdaki önlisans programlarından birinden mezun olmak. | 1112 - Bahçe Ziraatı | 1125 - Bitkisel Üretim | 9056 - Bahçe Tarımı | 3096 - Aşağıdaki önlisans programlarından birinden mezun olmak. | 1193 - Hayvansal Üretim | 3101 - Aşağıdaki önlisans programlarından birinden mezun olmak. | 5315 - Bitki Koruma | 3137 - Aşağıdaki önlisans programlarından birinden mezun olmak. | 1308 - Sulama Teknolojisi | 1317 - Tarımsal Sulama Yönetimi | 4361 - Tarımsal Sulama;aa91f06c-c25b-eb11-80fa-a0369f7d1484
2020;72;290181036;Tarım ve Orman Bakanlığı Çorum İl Müdürlüğü Osmancık İlçe Müdürlüğü;Tekniker (Ziraat);Çorum;Onlisans;1;0;;;"3067;5363;3069;1313;8568;3074;1318;3087;1112;1125;9056;3096;1193;3101;5315;3137;1308;1317;4361";3067 - Aşağıdaki önlisans programlarından birinden mezun olmak. | 5363 - Tarım | 3069 - Aşağıdaki önlisans programlarından birinden mezun olmak. | 1313 - Tarım Alet ve Makineleri | 8568 - Tarım Makinaları / Tarım Makineleri | 3074 - Aşağıdaki önlisans programlarından birinden mezun olmak. | 1318 - Tarla Bitkileri | 3087 - Aşağıdaki önlisans programlarından birinden mezun olmak. | 1112 - Bahçe Ziraatı | 1125 - Bitkisel Üretim | 9056 - Bahçe Tarımı | 3096 - Aşağıdaki önlisans programlarından birinden mezun olmak. | 1193 - Hayvansal Üretim | 3101 - Aşağıdaki önlisans programlarından birinden mezun olmak. | 5315 - Bitki Koruma | 3137 - Aşağıdaki önlisans programlarından birinden mezun olmak. | 1308 - Sulama Teknolojisi | 1317 - Tarımsal Sulama Yönetimi | 4361 - Tarımsal Sulama;ab91f06c-c25b-eb11-80fa-a0369f7d1484
2020;72;290181037;Tarım ve Orman Bakanlığı Denizli İl Müdürlüğü Bekilli İlçe Müdürlüğü;Tekniker (Ziraat);Denizli;Onlisans;1;2;;;"3067;5363;3069;1313;8568;3074;1318;3087;1112;1125;9056;3096;1193;3101;5315;3137;1308;1317;4361";3067 - Aşağıdaki önlisans programlarından birinden mezun olmak. | 5363 - Tarım | 3069 - Aşağıdaki önlisans programlarından birinden mezun olmak. | 1313 - Tarım Alet ve Makineleri | 8568 - Tarım Makinaları / Tarım Makineleri | 3074 - Aşağıdaki önlisans programlarından birinden mezun olmak. | 1318 - Tarla Bitkileri | 3087 - Aşağıdaki önlisans programlarından birinden mezun olmak. | 1112 - Bahçe Ziraatı | 1125 - Bitkisel Üretim | 9056 - Bahçe Tarımı | 3096 - Aşağıdaki önlisans programlarından birinden mezun olmak. | 1193 - Hayvansal Üretim | 3101 - Aşağıdaki önlisans programlarından birinden mezun olmak. | 5315 - Bitki Koruma | 3137 - Aşağıdaki önlisans programlarından birinden mezun olmak. | 1308 - Sulama Teknolojisi | 1317 - Tarımsal Sulama Yönetimi | 4361 - Tarımsal Sulama;c091f06c-c25b-eb11-80fa-a0369f7d1484
2020;72;290181038;Tarım ve Orman Bakanlığı Denizli İl Müdürlüğü Çardak İlçe Müdürlüğü;Tekniker (Ziraat);Denizli;Onlisans;1;2;;;"3067;5363;3069;1313;8568;3074;1318;3087;1112;1125;9056;3096;1193;3101;5315;3137;1308;1317;4361";3067 - Aşağıdaki önlisans programlarından birinden mezun olmak. | 5363 - Tarım | 3069 - Aşağıdaki önlisans programlarından birinden mezun olmak. | 1313 - Tarım Alet ve Makineleri | 8568 - Tarım Makinaları / Tarım Makineleri | 3074 - Aşağıdaki önlisans programlarından birinden mezun olmak. | 1318 - Tarla Bitkileri | 3087 - Aşağıdaki önlisans programlarından birinden mezun olmak. | 1112 - Bahçe Ziraatı | 1125 - Bitkisel Üretim | 9056 - Bahçe Tarımı | 3096 - Aşağıdaki önlisans programlarından birinden mezun olmak. | 1193 - Hayvansal Üretim | 3101 - Aşağıdaki önlisans programlarından birinden mezun olmak. | 5315 - Bitki Koruma | 3137 - Aşağıdaki önlisans programlarından birinden mezun olmak. | 1308 - Sulama Teknolojisi | 1317 - Tarımsal Sulama Yönetimi | 4361 - Tarımsal Sulama;c191f06c-c25b-eb11-80fa-a0369f7d1484
2020;72;290181039;Tarım ve Orman Bakanlığı Düzce İl Müdürlüğü Arazi Toplulaştırma ve Tarımsal Altyapı Şube Müdürlüğü;Tekniker (Ziraat);Düzce;Onlisans;1;2;;;"3067;5363;3069;1313;8568;3074;1318;3087;1112;1125;9056;3096;1193;3101;5315;3137;1308;1317;4361";3067 - Aşağıdaki önlisans programlarından birinden mezun olmak. | 5363 - Tarım | 3069 - Aşağıdaki önlisans programlarından birinden mezun olmak. | 1313 - Tarım Alet ve Makineleri | 8568 - Tarım Makinaları / Tarım Makineleri | 3074 - Aşağıdaki önlisans programlarından birinden mezun olmak. | 1318 - Tarla Bitkileri | 3087 - Aşağıdaki önlisans programlarından birinden mezun olmak. | 1112 - Bahçe Ziraatı | 1125 - Bitkisel Üretim | 9056 - Bahçe Tarımı | 3096 - Aşağıdaki önlisans programlarından birinden mezun olmak. | 1193 - Hayvansal Üretim | 3101 - Aşağıdaki önlisans programlarından birinden mezun olmak. | 5315 - Bitki Koruma | 3137 - Aşağıdaki önlisans programlarından birinden mezun olmak. | 1308 - Sulama Teknolojisi | 1317 - Tarımsal Sulama Yönetimi | 4361 - Tarımsal Sulama;1b95f06c-c25b-eb11-80fa-a0369f7d1484
2020;72;290181040;Tarım ve Orman Bakanlığı Düzce İl Müdürlüğü Çayır, Mera ve Yem Bitkileri Şube Müdürlüğü;Tekniker (Ziraat);Düzce;Onlisans;1;2;;;"3067;5363;3069;1313;8568;3074;1318;3087;1112;1125;9056;3096;1193;3101;5315;3137;1308;1317;4361";3067 - Aşağıdaki önlisans programlarından birinden mezun olmak. | 5363 - Tarım | 3069 - Aşağıdaki önlisans programlarından birinden mezun olmak. | 1313 - Tarım Alet ve Makineleri | 8568 - Tarım Makinaları / Tarım Makineleri | 3074 - Aşağıdaki önlisans programlarından birinden mezun olmak. | 1318 - Tarla Bitkileri | 3087 - Aşağıdaki önlisans programlarından birinden mezun olmak. | 1112 - Bahçe Ziraatı | 1125 - Bitkisel Üretim | 9056 - Bahçe Tarımı | 3096 - Aşağıdaki önlisans programlarından birinden mezun olmak. | 1193 - Hayvansal Üretim | 3101 - Aşağıdaki önlisans programlarından birinden mezun olmak. | 5315 - Bitki Koruma | 3137 - Aşağıdaki önlisans programlarından birinden mezun olmak. | 1308 - Sulama Teknolojisi | 1317 - Tarımsal Sulama Yönetimi | 4361 - Tarımsal Sulama;1c95f06c-c25b-eb11-80fa-a0369f7d1484
2020;72;290181041;Tarım ve Orman Bakanlığı Edirne İl Müdürlüğü İpsala İlçe Müdürlüğü;Tekniker (Ziraat);Edirne;Onlisans;1;2;;;"3067;5363;3069;1313;8568;3074;1318;3087;1112;1125;9056;3096;1193;3101;5315;3137;1308;1317;4361";3067 - Aşağıdaki önlisans programlarından birinden mezun olmak. | 5363 - Tarım | 3069 - Aşağıdaki önlisans programlarından birinden mezun olmak. | 1313 - Tarım Alet ve Makineleri | 8568 - Tarım Makinaları / Tarım Makineleri | 3074 - Aşağıdaki önlisans programlarından birinden mezun olmak. | 1318 - Tarla Bitkileri | 3087 - Aşağıdaki önlisans programlarından birinden mezun olmak. | 1112 - Bahçe Ziraatı | 1125 - Bitkisel Üretim | 9056 - Bahçe Tarımı | 3096 - Aşağıdaki önlisans programlarından birinden mezun olmak. | 1193 - Hayvansal Üretim | 3101 - Aşağıdaki önlisans programlarından birinden mezun olmak. | 5315 - Bitki Koruma | 3137 - Aşağıdaki önlisans programlarından birinden mezun olmak. | 1308 - Sulama Teknolojisi | 1317 - Tarımsal Sulama Yönetimi | 4361 - Tarımsal Sulama;d591f06c-c25b-eb11-80fa-a0369f7d1484
2020;72;290181127;Tarım ve Orman Bakanlığı Elazığ İl Müdürlüğü Karakoçan İlçe Müdürlüğü;Tekniker (Veteriner Sağlık);Elazığ;Onlisans;1;2;;;"3021;4397;5345";3021 - Aşağıdaki önlisans programlarından birinden mezun olmak. | 4397 - Veteriner Sağlık Teknikerliği | 5345 - Laborant ve Veteriner Sağlık;e391f06c-c25b-eb11-80fa-a0369f7d1484
2020;72;290181128;Tarım ve Orman Bakanlığı Elazığ İl Müdürlüğü Palu İlçe Müdürlüğü;Tekniker (Veteriner Sağlık);Elazığ;Onlisans;1;2;;;"3021;4397;5345";3021 - Aşağıdaki önlisans programlarından birinden mezun olmak. | 4397 - Veteriner Sağlık Teknikerliği | 5345 - Laborant ve Veteriner Sağlık;e491f06c-c25b-eb11-80fa-a0369f7d1484
2020;72;290181042;Tarım ve Orman Bakanlığı Erzurum İl Müdürlüğü Aşkale İlçe Müdürlüğü;Tekniker (Ziraat);Erzurum;Onlisans;1;0;;;"3067;5363;3069;1313;8568;3074;1318;3087;1112;1125;9056;3096;1193;3101;5315;3137;1308;1317;4361";3067 - Aşağıdaki önlisans programlarından birinden mezun olmak. | 5363 - Tarım | 3069 - Aşağıdaki önlisans programlarından birinden mezun olmak. | 1313 - Tarım Alet ve Makineleri | 8568 - Tarım Makinaları / Tarım Makineleri | 3074 - Aşağıdaki önlisans programlarından birinden mezun olmak. | 1318 - Tarla Bitkileri | 3087 - Aşağıdaki önlisans programlarından birinden mezun olmak. | 1112 - Bahçe Ziraatı | 1125 - Bitkisel Üretim | 9056 - Bahçe Tarımı | 3096 - Aşağıdaki önlisans programlarından birinden mezun olmak. | 1193 - Hayvansal Üretim | 3101 - Aşağıdaki önlisans programlarından birinden mezun olmak. | 5315 - Bitki Koruma | 3137 - Aşağıdaki önlisans programlarından birinden mezun olmak. | 1308 - Sulama Teknolojisi | 1317 - Tarımsal Sulama Yönetimi | 4361 - Tarımsal Sulama;1b92f06c-c25b-eb11-80fa-a0369f7d1484
2020;72;290181043;Tarım ve Orman Bakanlığı Erzurum İl Müdürlüğü Çat İlçe Müdürlüğü;Tekniker (Ziraat);Erzurum;Onlisans;1;0;;;"3067;5363;3069;1313;8568;3074;1318;3087;1112;1125;9056;3096;1193;3101;5315;3137;1308;1317;4361";3067 - Aşağıdaki önlisans programlarından birinden mezun olmak. | 5363 - Tarım | 3069 - Aşağıdaki önlisans programlarından birinden mezun olmak. | 1313 - Tarım Alet ve Makineleri | 8568 - Tarım Makinaları / Tarım Makineleri | 3074 - Aşağıdaki önlisans programlarından birinden mezun olmak. | 1318 - Tarla Bitkileri | 3087 - Aşağıdaki önlisans programlarından birinden mezun olmak. | 1112 - Bahçe Ziraatı | 1125 - Bitkisel Üretim | 9056 - Bahçe Tarımı | 3096 - Aşağıdaki önlisans programlarından birinden mezun olmak. | 1193 - Hayvansal Üretim | 3101 - Aşağıdaki önlisans programlarından birinden mezun olmak. | 5315 - Bitki Koruma | 3137 - Aşağıdaki önlisans programlarından birinden mezun olmak. | 1308 - Sulama Teknolojisi | 1317 - Tarımsal Sulama Yönetimi | 4361 - Tarımsal Sulama;1c92f06c-c25b-eb11-80fa-a0369f7d1484
2020;72;290181044;Tarım ve Orman Bakanlığı Erzurum İl Müdürlüğü Çayır, Mera ve Yem Bitkileri Şube Müdürlüğü;Tekniker (Ziraat);Erzurum;Onlisans;1;0;;;"3067;5363;3069;1313;8568;3074;1318;3087;1112;1125;9056;3096;1193;3101;5315;3137;1308;1317;4361";3067 - Aşağıdaki önlisans programlarından birinden mezun olmak. | 5363 - Tarım | 3069 - Aşağıdaki önlisans programlarından birinden mezun olmak. | 1313 - Tarım Alet ve Makineleri | 8568 - Tarım Makinaları / Tarım Makineleri | 3074 - Aşağıdaki önlisans programlarından birinden mezun olmak. | 1318 - Tarla Bitkileri | 3087 - Aşağıdaki önlisans programlarından birinden mezun olmak. | 1112 - Bahçe Ziraatı | 1125 - Bitkisel Üretim | 9056 - Bahçe Tarımı | 3096 - Aşağıdaki önlisans programlarından birinden mezun olmak. | 1193 - Hayvansal Üretim | 3101 - Aşağıdaki önlisans programlarından birinden mezun olmak. | 5315 - Bitki Koruma | 3137 - Aşağıdaki önlisans programlarından birinden mezun olmak. | 1308 - Sulama Teknolojisi | 1317 - Tarımsal Sulama Yönetimi | 4361 - Tarımsal Sulama;1d92f06c-c25b-eb11-80fa-a0369f7d1484
2020;72;290181129;Tarım ve Orman Bakanlığı Erzurum İl Müdürlüğü Hayvan Sağlığı,Yetiştiriciliği ve Su Ürünleri Şb.Müdürlüğü;Tekniker (Veteriner Sağlık);Erzurum;Onlisans;1;0;;;"3021;4397;5345";3021 - Aşağıdaki önlisans programlarından birinden mezun olmak. | 4397 - Veteriner Sağlık Teknikerliği | 5345 - Laborant ve Veteriner Sağlık;1792f06c-c25b-eb11-80fa-a0369f7d1484
2020;72;290181045;Tarım ve Orman Bakanlığı Erzurum İl Müdürlüğü Hınıs İlçe Müdürlüğü;Tekniker (Ziraat);Erzurum;Onlisans;1;0;;;"3067;5363;3069;1313;8568;3074;1318;3087;1112;1125;9056;3096;1193;3101;5315;3137;1308;1317;4361";3067 - Aşağıdaki önlisans programlarından birinden mezun olmak. | 5363 - Tarım | 3069 - Aşağıdaki önlisans programlarından birinden mezun olmak. | 1313 - Tarım Alet ve Makineleri | 8568 - Tarım Makinaları / Tarım Makineleri | 3074 - Aşağıdaki önlisans programlarından birinden mezun olmak. | 1318 - Tarla Bitkileri | 3087 - Aşağıdaki önlisans programlarından birinden mezun olmak. | 1112 - Bahçe Ziraatı | 1125 - Bitkisel Üretim | 9056 - Bahçe Tarımı | 3096 - Aşağıdaki önlisans programlarından birinden mezun olmak. | 1193 - Hayvansal Üretim | 3101 - Aşağıdaki önlisans programlarından birinden mezun olmak. | 5315 - Bitki Koruma | 3137 - Aşağıdaki önlisans programlarından birinden mezun olmak. | 1308 - Sulama Teknolojisi | 1317 - Tarımsal Sulama Yönetimi | 4361 - Tarımsal Sulama;1e92f06c-c25b-eb11-80fa-a0369f7d1484
2020;72;290181130;Tarım ve Orman Bakanlığı Erzurum İl Müdürlüğü Karayazı İlçe Müdürlüğü;Tekniker (Veteriner Sağlık);Erzurum;Onlisans;1;2;;;"3021;4397;5345";3021 - Aşağıdaki önlisans programlarından birinden mezun olmak. | 4397 - Veteriner Sağlık Teknikerliği | 5345 - Laborant ve Veteriner Sağlık;1892f06c-c25b-eb11-80fa-a0369f7d1484
2020;72;290181046;Tarım ve Orman Bakanlığı Erzurum İl Müdürlüğü Köprüköy İlçe Müdürlüğü;Tekniker (Ziraat);Erzurum;Onlisans;1;0;;;"3067;5363;3069;1313;8568;3074;1318;3087;1112;1125;9056;3096;1193;3101;5315;3137;1308;1317;4361";3067 - Aşağıdaki önlisans programlarından birinden mezun olmak. | 5363 - Tarım | 3069 - Aşağıdaki önlisans programlarından birinden mezun olmak. | 1313 - Tarım Alet ve Makineleri | 8568 - Tarım Makinaları / Tarım Makineleri | 3074 - Aşağıdaki önlisans programlarından birinden mezun olmak. | 1318 - Tarla Bitkileri | 3087 - Aşağıdaki önlisans programlarından birinden mezun olmak. | 1112 - Bahçe Ziraatı | 1125 - Bitkisel Üretim | 9056 - Bahçe Tarımı | 3096 - Aşağıdaki önlisans programlarından birinden mezun olmak. | 1193 - Hayvansal Üretim | 3101 - Aşağıdaki önlisans programlarından birinden mezun olmak. | 5315 - Bitki Koruma | 3137 - Aşağıdaki önlisans programlarından birinden mezun olmak. | 1308 - Sulama Teknolojisi | 1317 - Tarımsal Sulama Yönetimi | 4361 - Tarımsal Sulama;1f92f06c-c25b-eb11-80fa-a0369f7d1484
2020;72;290181047;Tarım ve Orman Bakanlığı Erzurum İl Müdürlüğü Şenkaya İlçe Müdürlüğü;Tekniker (Ziraat);Erzurum;Onlisans;1;0;;;"3067;5363;3069;1313;8568;3074;1318;3087;1112;1125;9056;3096;1193;3101;5315;3137;1308;1317;4361";3067 - Aşağıdaki önlisans programlarından birinden mezun olmak. | 5363 - Tarım | 3069 - Aşağıdaki önlisans programlarından birinden mezun olmak. | 1313 - Tarım Alet ve Makineleri | 8568 - Tarım Makinaları / Tarım Makineleri | 3074 - Aşağıdaki önlisans programlarından birinden mezun olmak. | 1318 - Tarla Bitkileri | 3087 - Aşağıdaki önlisans programlarından birinden mezun olmak. | 1112 - Bahçe Ziraatı | 1125 - Bitkisel Üretim | 9056 - Bahçe Tarımı | 3096 - Aşağıdaki önlisans programlarından birinden mezun olmak. | 1193 - Hayvansal Üretim | 3101 - Aşağıdaki önlisans programlarından birinden mezun olmak. | 5315 - Bitki Koruma | 3137 - Aşağıdaki önlisans programlarından birinden mezun olmak. | 1308 - Sulama Teknolojisi | 1317 - Tarımsal Sulama Yönetimi | 4361 - Tarımsal Sulama;2092f06c-c25b-eb11-80fa-a0369f7d1484
2020;72;290181131;Tarım ve Orman Bakanlığı Erzurum İl Müdürlüğü Şenkaya İlçe Müdürlüğü;Tekniker (Veteriner Sağlık);Erzurum;Onlisans;1;2;;;"3021;4397;5345";3021 - Aşağıdaki önlisans programlarından birinden mezun olmak. | 4397 - Veteriner Sağlık Teknikerliği | 5345 - Laborant ve Veteriner Sağlık;1992f06c-c25b-eb11-80fa-a0369f7d1484
2020;72;290181132;Tarım ve Orman Bakanlığı Erzurum İl Müdürlüğü Tekman İlçe Müdürlüğü;Tekniker (Veteriner Sağlık);Erzurum;Onlisans;1;2;;;"3021;4397;5345";3021 - Aşağıdaki önlisans programlarından birinden mezun olmak. | 4397 - Veteriner Sağlık Teknikerliği | 5345 - Laborant ve Veteriner Sağlık;1a92f06c-c25b-eb11-80fa-a0369f7d1484
2020;72;290181048;Tarım ve Orman Bakanlığı Erzurum İl Müdürlüğü Uzundere İlçe Müdürlüğü;Tekniker (Ziraat);Erzurum;Onlisans;1;0;;;"3067;5363;3069;1313;8568;3074;1318;3087;1112;1125;9056;3096;1193;3101;5315;3137;1308;1317;4361";3067 - Aşağıdaki önlisans programlarından birinden mezun olmak. | 5363 - Tarım | 3069 - Aşağıdaki önlisans programlarından birinden mezun olmak. | 1313 - Tarım Alet ve Makineleri | 8568 - Tarım Makinaları / Tarım Makineleri | 3074 - Aşağıdaki önlisans programlarından birinden mezun olmak. | 1318 - Tarla Bitkileri | 3087 - Aşağıdaki önlisans programlarından birinden mezun olmak. | 1112 - Bahçe Ziraatı | 1125 - Bitkisel Üretim | 9056 - Bahçe Tarımı | 3096 - Aşağıdaki önlisans programlarından birinden mezun olmak. | 1193 - Hayvansal Üretim | 3101 - Aşağıdaki önlisans programlarından birinden mezun olmak. | 5315 - Bitki Koruma | 3137 - Aşağıdaki önlisans programlarından birinden mezun olmak. | 1308 - Sulama Teknolojisi | 1317 - Tarımsal Sulama Yönetimi | 4361 - Tarımsal Sulama;2192f06c-c25b-eb11-80fa-a0369f7d1484
2020;72;290181049;Tarım ve Orman Bakanlığı Gaziantep İl Müdürlüğü Bitkisel Üretim ve Bitki Sağlığı Şube Müdürlüğü;Tekniker (Ziraat);Gaziantep;Onlisans;1;1;;;"3067;5363;3069;1313;8568;3074;1318;3087;1112;1125;9056;3096;1193;3101;5315;3137;1308;1317;4361";3067 - Aşağıdaki önlisans programlarından birinden mezun olmak. | 5363 - Tarım | 3069 - Aşağıdaki önlisans programlarından birinden mezun olmak. | 1313 - Tarım Alet ve Makineleri | 8568 - Tarım Makinaları / Tarım Makineleri | 3074 - Aşağıdaki önlisans programlarından birinden mezun olmak. | 1318 - Tarla Bitkileri | 3087 - Aşağıdaki önlisans programlarından birinden mezun olmak. | 1112 - Bahçe Ziraatı | 1125 - Bitkisel Üretim | 9056 - Bahçe Tarımı | 3096 - Aşağıdaki önlisans programlarından birinden mezun olmak. | 1193 - Hayvansal Üretim | 3101 - Aşağıdaki önlisans programlarından birinden mezun olmak. | 5315 - Bitki Koruma | 3137 - Aşağıdaki önlisans programlarından birinden mezun olmak. | 1308 - Sulama Teknolojisi | 1317 - Tarımsal Sulama Yönetimi | 4361 - Tarımsal Sulama;3692f06c-c25b-eb11-80fa-a0369f7d1484
2020;72;290181050;Tarım ve Orman Bakanlığı Gaziantep İl Müdürlüğü Şahinbey İlçe Müdürlüğü;Tekniker (Ziraat);Gaziantep;Onlisans;1;1;;;"3067;5363;3069;1313;8568;3074;1318;3087;1112;1125;9056;3096;1193;3101;5315;3137;1308;1317;4361";3067 - Aşağıdaki önlisans programlarından birinden mezun olmak. | 5363 - Tarım | 3069 - Aşağıdaki önlisans programlarından birinden mezun olmak. | 1313 - Tarım Alet ve Makineleri | 8568 - Tarım Makinaları / Tarım Makineleri | 3074 - Aşağıdaki önlisans programlarından birinden mezun olmak. | 1318 - Tarla Bitkileri | 3087 - Aşağıdaki önlisans programlarından birinden mezun olmak. | 1112 - Bahçe Ziraatı | 1125 - Bitkisel Üretim | 9056 - Bahçe Tarımı | 3096 - Aşağıdaki önlisans programlarından birinden mezun olmak. | 1193 - Hayvansal Üretim | 3101 - Aşağıdaki önlisans programlarından birinden mezun olmak. | 5315 - Bitki Koruma | 3137 - Aşağıdaki önlisans programlarından birinden mezun olmak. | 1308 - Sulama Teknolojisi | 1317 - Tarımsal Sulama Yönetimi | 4361 - Tarımsal Sulama;3792f06c-c25b-eb11-80fa-a0369f7d1484
2020;72;290181051;Tarım ve Orman Bakanlığı Gaziantep İl Müdürlüğü Yavuzeli İlçe Müdürlüğü;Tekniker (Ziraat);Gaziantep;Onlisans;1;1;;;"3067;5363;3069;1313;8568;3074;1318;3087;1112;1125;9056;3096;1193;3101;5315;3137;1308;1317;4361";3067 - Aşağıdaki önlisans programlarından birinden mezun olmak. | 5363 - Tarım | 3069 - Aşağıdaki önlisans programlarından birinden mezun olmak. | 1313 - Tarım Alet ve Makineleri | 8568 - Tarım Makinaları / Tarım Makineleri | 3074 - Aşağıdaki önlisans programlarından birinden mezun olmak. | 1318 - Tarla Bitkileri | 3087 - Aşağıdaki önlisans programlarından birinden mezun olmak. | 1112 - Bahçe Ziraatı | 1125 - Bitkisel Üretim | 9056 - Bahçe Tarımı | 3096 - Aşağıdaki önlisans programlarından birinden mezun olmak. | 1193 - Hayvansal Üretim | 3101 - Aşağıdaki önlisans programlarından birinden mezun olmak. | 5315 - Bitki Koruma | 3137 - Aşağıdaki önlisans programlarından birinden mezun olmak. | 1308 - Sulama Teknolojisi | 1317 - Tarımsal Sulama Yönetimi | 4361 - Tarımsal Sulama;3892f06c-c25b-eb11-80fa-a0369f7d1484
2020;72;290181052;Tarım ve Orman Bakanlığı Giresun İl Müdürlüğü Bulancak İlçe Müdürlüğü;Tekniker (Ziraat);Giresun;Onlisans;1;1;;;"3067;5363;3069;1313;8568;3074;1318;3087;1112;1125;9056;3096;1193;3101;5315;3137;1308;1317;4361";3067 - Aşağıdaki önlisans programlarından birinden mezun olmak. | 5363 - Tarım | 3069 - Aşağıdaki önlisans programlarından birinden mezun olmak. | 1313 - Tarım Alet ve Makineleri | 8568 - Tarım Makinaları / Tarım Makineleri | 3074 - Aşağıdaki önlisans programlarından birinden mezun olmak. | 1318 - Tarla Bitkileri | 3087 - Aşağıdaki önlisans programlarından birinden mezun olmak. | 1112 - Bahçe Ziraatı | 1125 - Bitkisel Üretim | 9056 - Bahçe Tarımı | 3096 - Aşağıdaki önlisans programlarından birinden mezun olmak. | 1193 - Hayvansal Üretim | 3101 - Aşağıdaki önlisans programlarından birinden mezun olmak. | 5315 - Bitki Koruma | 3137 - Aşağıdaki önlisans programlarından birinden mezun olmak. | 1308 - Sulama Teknolojisi | 1317 - Tarımsal Sulama Yönetimi | 4361 - Tarımsal Sulama;4492f06c-c25b-eb11-80fa-a0369f7d1484
2020;72;290181053;Tarım ve Orman Bakanlığı Giresun İl Müdürlüğü Yağlıdere İlçe Müdürlüğü;Tekniker (Ziraat);Giresun;Onlisans;1;1;;;"3067;5363;3069;1313;8568;3074;1318;3087;1112;1125;9056;3096;1193;3101;5315;3137;1308;1317;4361";3067 - Aşağıdaki önlisans programlarından birinden mezun olmak. | 5363 - Tarım | 3069 - Aşağıdaki önlisans programlarından birinden mezun olmak. | 1313 - Tarım Alet ve Makineleri | 8568 - Tarım Makinaları / Tarım Makineleri | 3074 - Aşağıdaki önlisans programlarından birinden mezun olmak. | 1318 - Tarla Bitkileri | 3087 - Aşağıdaki önlisans programlarından birinden mezun olmak. | 1112 - Bahçe Ziraatı | 1125 - Bitkisel Üretim | 9056 - Bahçe Tarımı | 3096 - Aşağıdaki önlisans programlarından birinden mezun olmak. | 1193 - Hayvansal Üretim | 3101 - Aşağıdaki önlisans programlarından birinden mezun olmak. | 5315 - Bitki Koruma | 3137 - Aşağıdaki önlisans programlarından birinden mezun olmak. | 1308 - Sulama Teknolojisi | 1317 - Tarımsal Sulama Yönetimi | 4361 - Tarımsal Sulama;4592f06c-c25b-eb11-80fa-a0369f7d1484
2020;72;290181054;Tarım ve Orman Bakanlığı Gümüşhane İl Müdürlüğü Arazi Toplulaştırma ve Tarımsal Altyapı Şube Müdürlüğü;Tekniker (Ziraat);Gümüşhane;Onlisans;1;1;;;"3067;5363;3069;1313;8568;3074;1318;3087;1112;1125;9056;3096;1193;3101;5315;3137;1308;1317;4361";3067 - Aşağıdaki önlisans programlarından birinden mezun olmak. | 5363 - Tarım | 3069 - Aşağıdaki önlisans programlarından birinden mezun olmak. | 1313 - Tarım Alet ve Makineleri | 8568 - Tarım Makinaları / Tarım Makineleri | 3074 - Aşağıdaki önlisans programlarından birinden mezun olmak. | 1318 - Tarla Bitkileri | 3087 - Aşağıdaki önlisans programlarından birinden mezun olmak. | 1112 - Bahçe Ziraatı | 1125 - Bitkisel Üretim | 9056 - Bahçe Tarımı | 3096 - Aşağıdaki önlisans programlarından birinden mezun olmak. | 1193 - Hayvansal Üretim | 3101 - Aşağıdaki önlisans programlarından birinden mezun olmak. | 5315 - Bitki Koruma | 3137 - Aşağıdaki önlisans programlarından birinden mezun olmak. | 1308 - Sulama Teknolojisi | 1317 - Tarımsal Sulama Yönetimi | 4361 - Tarımsal Sulama;5692f06c-c25b-eb11-80fa-a0369f7d1484
2020;72;290181055;Tarım ve Orman Bakanlığı Gümüşhane İl Müdürlüğü Bitkisel Üretim ve Bitki Sağlığı Şube Müdürlüğü;Tekniker (Ziraat);Gümüşhane;Onlisans;1;2;;;"3067;5363;3069;1313;8568;3074;1318;3087;1112;1125;9056;3096;1193;3101;5315;3137;1308;1317;4361";3067 - Aşağıdaki önlisans programlarından birinden mezun olmak. | 5363 - Tarım | 3069 - Aşağıdaki önlisans programlarından birinden mezun olmak. | 1313 - Tarım Alet ve Makineleri | 8568 - Tarım Makinaları / Tarım Makineleri | 3074 - Aşağıdaki önlisans programlarından birinden mezun olmak. | 1318 - Tarla Bitkileri | 3087 - Aşağıdaki önlisans programlarından birinden mezun olmak. | 1112 - Bahçe Ziraatı | 1125 - Bitkisel Üretim | 9056 - Bahçe Tarımı | 3096 - Aşağıdaki önlisans programlarından birinden mezun olmak. | 1193 - Hayvansal Üretim | 3101 - Aşağıdaki önlisans programlarından birinden mezun olmak. | 5315 - Bitki Koruma | 3137 - Aşağıdaki önlisans programlarından birinden mezun olmak. | 1308 - Sulama Teknolojisi | 1317 - Tarımsal Sulama Yönetimi | 4361 - Tarımsal Sulama;5792f06c-c25b-eb11-80fa-a0369f7d1484
2020;72;290181056;Tarım ve Orman Bakanlığı Gümüşhane İl Müdürlüğü Koordinasyon ve Tarımsal Veriler Şube Müdürlüğü;Tekniker (Ziraat);Gümüşhane;Onlisans;1;2;;;"3067;5363;3069;1313;8568;3074;1318;3087;1112;1125;9056;3096;1193;3101;5315;3137;1308;1317;4361";3067 - Aşağıdaki önlisans programlarından birinden mezun olmak. | 5363 - Tarım | 3069 - Aşağıdaki önlisans programlarından birinden mezun olmak. | 1313 - Tarım Alet ve Makineleri | 8568 - Tarım Makinaları / Tarım Makineleri | 3074 - Aşağıdaki önlisans programlarından birinden mezun olmak. | 1318 - Tarla Bitkileri | 3087 - Aşağıdaki önlisans programlarından birinden mezun olmak. | 1112 - Bahçe Ziraatı | 1125 - Bitkisel Üretim | 9056 - Bahçe Tarımı | 3096 - Aşağıdaki önlisans programlarından birinden mezun olmak. | 1193 - Hayvansal Üretim | 3101 - Aşağıdaki önlisans programlarından birinden mezun olmak. | 5315 - Bitki Koruma | 3137 - Aşağıdaki önlisans programlarından birinden mezun olmak. | 1308 - Sulama Teknolojisi | 1317 - Tarımsal Sulama Yönetimi | 4361 - Tarımsal Sulama;5892f06c-c25b-eb11-80fa-a0369f7d1484
2020;72;290181057;Tarım ve Orman Bakanlığı Gümüşhane İl Müdürlüğü Torul İlçe Müdürlüğü;Tekniker (Ziraat);Gümüşhane;Onlisans;1;2;;;"3067;5363;3069;1313;8568;3074;1318;3087;1112;1125;9056;3096;1193;3101;5315;3137;1308;1317;4361";3067 - Aşağıdaki önlisans programlarından birinden mezun olmak. | 5363 - Tarım | 3069 - Aşağıdaki önlisans programlarından birinden mezun olmak. | 1313 - Tarım Alet ve Makineleri | 8568 - Tarım Makinaları / Tarım Makineleri | 3074 - Aşağıdaki önlisans programlarından birinden mezun olmak. | 1318 - Tarla Bitkileri | 3087 - Aşağıdaki önlisans programlarından birinden mezun olmak. | 1112 - Bahçe Ziraatı | 1125 - Bitkisel Üretim | 9056 - Bahçe Tarımı | 3096 - Aşağıdaki önlisans programlarından birinden mezun olmak. | 1193 - Hayvansal Üretim | 3101 - Aşağıdaki önlisans programlarından birinden mezun olmak. | 5315 - Bitki Koruma | 3137 - Aşağıdaki önlisans programlarından birinden mezun olmak. | 1308 - Sulama Teknolojisi | 1317 - Tarımsal Sulama Yönetimi | 4361 - Tarımsal Sulama;5992f06c-c25b-eb11-80fa-a0369f7d1484
2020;72;290181058;Tarım ve Orman Bakanlığı Hakkari İl Müdürlüğü Çayır, Mera ve Yem Bitkileri Şube Müdürlüğü;Tekniker (Ziraat);Hakkari;Onlisans;1;0;;;"3067;5363;3069;1313;8568;3074;1318;3087;1112;1125;9056;3096;1193;3101;5315;3137;1308;1317;4361";3067 - Aşağıdaki önlisans programlarından birinden mezun olmak. | 5363 - Tarım | 3069 - Aşağıdaki önlisans programlarından birinden mezun olmak. | 1313 - Tarım Alet ve Makineleri | 8568 - Tarım Makinaları / Tarım Makineleri | 3074 - Aşağıdaki önlisans programlarından birinden mezun olmak. | 1318 - Tarla Bitkileri | 3087 - Aşağıdaki önlisans programlarından birinden mezun olmak. | 1112 - Bahçe Ziraatı | 1125 - Bitkisel Üretim | 9056 - Bahçe Tarımı | 3096 - Aşağıdaki önlisans programlarından birinden mezun olmak. | 1193 - Hayvansal Üretim | 3101 - Aşağıdaki önlisans programlarından birinden mezun olmak. | 5315 - Bitki Koruma | 3137 - Aşağıdaki önlisans programlarından birinden mezun olmak. | 1308 - Sulama Teknolojisi | 1317 - Tarımsal Sulama Yönetimi | 4361 - Tarımsal Sulama;6e92f06c-c25b-eb11-80fa-a0369f7d1484
2020;72;290181059;Tarım ve Orman Bakanlığı Hakkari İl Müdürlüğü Şemdinli İlçe Müdürlüğü;Tekniker (Ziraat);Hakkari;Onlisans;1;0;;;"3067;5363;3069;1313;8568;3074;1318;3087;1112;1125;9056;3096;1193;3101;5315;3137;1308;1317;4361";3067 - Aşağıdaki önlisans programlarından birinden mezun olmak. | 5363 - Tarım | 3069 - Aşağıdaki önlisans programlarından birinden mezun olmak. | 1313 - Tarım Alet ve Makineleri | 8568 - Tarım Makinaları / Tarım Makineleri | 3074 - Aşağıdaki önlisans programlarından birinden mezun olmak. | 1318 - Tarla Bitkileri | 3087 - Aşağıdaki önlisans programlarından birinden mezun olmak. | 1112 - Bahçe Ziraatı | 1125 - Bitkisel Üretim | 9056 - Bahçe Tarımı | 3096 - Aşağıdaki önlisans programlarından birinden mezun olmak. | 1193 - Hayvansal Üretim | 3101 - Aşağıdaki önlisans programlarından birinden mezun olmak. | 5315 - Bitki Koruma | 3137 - Aşağıdaki önlisans programlarından birinden mezun olmak. | 1308 - Sulama Teknolojisi | 1317 - Tarımsal Sulama Yönetimi | 4361 - Tarımsal Sulama;6f92f06c-c25b-eb11-80fa-a0369f7d1484
2020;72;290181060;Tarım ve Orman Bakanlığı Hatay İl Müdürlüğü Arsuz İlçe Müdürlüğü;Tekniker (Ziraat);Hatay;Onlisans;1;1;;;"3067;5363;3069;1313;8568;3074;1318;3087;1112;1125;9056;3096;1193;3101;5315;3137;1308;1317;4361";3067 - Aşağıdaki önlisans programlarından birinden mezun olmak. | 5363 - Tarım | 3069 - Aşağıdaki önlisans programlarından birinden mezun olmak. | 1313 - Tarım Alet ve Makineleri | 8568 - Tarım Makinaları / Tarım Makineleri | 3074 - Aşağıdaki önlisans programlarından birinden mezun olmak. | 1318 - Tarla Bitkileri | 3087 - Aşağıdaki önlisans programlarından birinden mezun olmak. | 1112 - Bahçe Ziraatı | 1125 - Bitkisel Üretim | 9056 - Bahçe Tarımı | 3096 - Aşağıdaki önlisans programlarından birinden mezun olmak. | 1193 - Hayvansal Üretim | 3101 - Aşağıdaki önlisans programlarından birinden mezun olmak. | 5315 - Bitki Koruma | 3137 - Aşağıdaki önlisans programlarından birinden mezun olmak. | 1308 - Sulama Teknolojisi | 1317 - Tarımsal Sulama Yönetimi | 4361 - Tarımsal Sulama;8092f06c-c25b-eb11-80fa-a0369f7d1484
2020;72;290181061;Tarım ve Orman Bakanlığı Hatay İl Müdürlüğü Bitkisel Üretim ve Bitki Sağlığı Şube Müdürlüğü;Tekniker (Ziraat);Hatay;Onlisans;1;1;;;"3067;5363;3069;1313;8568;3074;1318;3087;1112;1125;9056;3096;1193;3101;5315;3137;1308;1317;4361";3067 - Aşağıdaki önlisans programlarından birinden mezun olmak. | 5363 - Tarım | 3069 - Aşağıdaki önlisans programlarından birinden mezun olmak. | 1313 - Tarım Alet ve Makineleri | 8568 - Tarım Makinaları / Tarım Makineleri | 3074 - Aşağıdaki önlisans programlarından birinden mezun olmak. | 1318 - Tarla Bitkileri | 3087 - Aşağıdaki önlisans programlarından birinden mezun olmak. | 1112 - Bahçe Ziraatı | 1125 - Bitkisel Üretim | 9056 - Bahçe Tarımı | 3096 - Aşağıdaki önlisans programlarından birinden mezun olmak. | 1193 - Hayvansal Üretim | 3101 - Aşağıdaki önlisans programlarından birinden mezun olmak. | 5315 - Bitki Koruma | 3137 - Aşağıdaki önlisans programlarından birinden mezun olmak. | 1308 - Sulama Teknolojisi | 1317 - Tarımsal Sulama Yönetimi | 4361 - Tarımsal Sulama;8192f06c-c25b-eb11-80fa-a0369f7d1484
2020;72;290181133;Tarım ve Orman Bakanlığı Hatay İl Müdürlüğü Hayvan Sağlığı ve Yetiştiriciliği Şb. Md.Lüğü;Tekniker (Veteriner Sağlık);Hatay;Onlisans;1;2;;;"3021;4397;5345";3021 - Aşağıdaki önlisans programlarından birinden mezun olmak. | 4397 - Veteriner Sağlık Teknikerliği | 5345 - Laborant ve Veteriner Sağlık;8492f06c-c25b-eb11-80fa-a0369f7d1484
2020;72;290181062;Tarım ve Orman Bakanlığı Iğdır İl Müdürlüğü Kırsal Kalkınma ve Örgütlenme Şube Müdürlüğü;Tekniker (Ziraat);Iğdır;Onlisans;1;0;;;"3067;5363;3069;1313;8568;3074;1318;3087;1112;1125;9056;3096;1193;3101;5315;3137;1308;1317;4361";3067 - Aşağıdaki önlisans programlarından birinden mezun olmak. | 5363 - Tarım | 3069 - Aşağıdaki önlisans programlarından birinden mezun olmak. | 1313 - Tarım Alet ve Makineleri | 8568 - Tarım Makinaları / Tarım Makineleri | 3074 - Aşağıdaki önlisans programlarından birinden mezun olmak. | 1318 - Tarla Bitkileri | 3087 - Aşağıdaki önlisans programlarından birinden mezun olmak. | 1112 - Bahçe Ziraatı | 1125 - Bitkisel Üretim | 9056 - Bahçe Tarımı | 3096 - Aşağıdaki önlisans programlarından birinden mezun olmak. | 1193 - Hayvansal Üretim | 3101 - Aşağıdaki önlisans programlarından birinden mezun olmak. | 5315 - Bitki Koruma | 3137 - Aşağıdaki önlisans programlarından birinden mezun olmak. | 1308 - Sulama Teknolojisi | 1317 - Tarımsal Sulama Yönetimi | 4361 - Tarımsal Sulama;fb94f06c-c25b-eb11-80fa-a0369f7d1484
2020;72;290181063;Tarım ve Orman Bakanlığı Iğdır İl Müdürlüğü Tuzluca İlçe Müdürlüğü;Tekniker (Ziraat);Iğdır;Onlisans;1;0;;;"3067;5363;3069;1313;8568;3074;1318;3087;1112;1125;9056;3096;1193;3101;5315;3137;1308;1317;4361";3067 - Aşağıdaki önlisans programlarından birinden mezun olmak. | 5363 - Tarım | 3069 - Aşağıdaki önlisans programlarından birinden mezun olmak. | 1313 - Tarım Alet ve Makineleri | 8568 - Tarım Makinaları / Tarım Makineleri | 3074 - Aşağıdaki önlisans programlarından birinden mezun olmak. | 1318 - Tarla Bitkileri | 3087 - Aşağıdaki önlisans programlarından birinden mezun olmak. | 1112 - Bahçe Ziraatı | 1125 - Bitkisel Üretim | 9056 - Bahçe Tarımı | 3096 - Aşağıdaki önlisans programlarından birinden mezun olmak. | 1193 - Hayvansal Üretim | 3101 - Aşağıdaki önlisans programlarından birinden mezun olmak. | 5315 - Bitki Koruma | 3137 - Aşağıdaki önlisans programlarından birinden mezun olmak. | 1308 - Sulama Teknolojisi | 1317 - Tarımsal Sulama Yönetimi | 4361 - Tarımsal Sulama;fc94f06c-c25b-eb11-80fa-a0369f7d1484
2020;72;290181064;Tarım ve Orman Bakanlığı Kahramanmaraş İl Müdürlüğü Pazarcık İlçe Müdürlüğü;Tekniker (Ziraat);Kahramanmaraş;Onlisans;1;1;;;"3067;5363;3069;1313;8568;3074;1318;3087;1112;1125;9056;3096;1193;3101;5315;3137;1308;1317;4361";3067 - Aşağıdaki önlisans programlarından birinden mezun olmak. | 5363 - Tarım | 3069 - Aşağıdaki önlisans programlarından birinden mezun olmak. | 1313 - Tarım Alet ve Makineleri | 8568 - Tarım Makinaları / Tarım Makineleri | 3074 - Aşağıdaki önlisans programlarından birinden mezun olmak. | 1318 - Tarla Bitkileri | 3087 - Aşağıdaki önlisans programlarından birinden mezun olmak. | 1112 - Bahçe Ziraatı | 1125 - Bitkisel Üretim | 9056 - Bahçe Tarımı | 3096 - Aşağıdaki önlisans programlarından birinden mezun olmak. | 1193 - Hayvansal Üretim | 3101 - Aşağıdaki önlisans programlarından birinden mezun olmak. | 5315 - Bitki Koruma | 3137 - Aşağıdaki önlisans programlarından birinden mezun olmak. | 1308 - Sulama Teknolojisi | 1317 - Tarımsal Sulama Yönetimi | 4361 - Tarımsal Sulama;3893f06c-c25b-eb11-80fa-a0369f7d1484
2020;72;290181065;Tarım ve Orman Bakanlığı Kars İl Müdürlüğü Arpaçay İlçe Müdürlüğü;Tekniker (Ziraat);Kars;Onlisans;1;0;;;"3067;5363;3069;1313;8568;3074;1318;3087;1112;1125;9056;3096;1193;3101;5315;3137;1308;1317;4361";3067 - Aşağıdaki önlisans programlarından birinden mezun olmak. | 5363 - Tarım | 3069 - Aşağıdaki önlisans programlarından birinden mezun olmak. | 1313 - Tarım Alet ve Makineleri | 8568 - Tarım Makinaları / Tarım Makineleri | 3074 - Aşağıdaki önlisans programlarından birinden mezun olmak. | 1318 - Tarla Bitkileri | 3087 - Aşağıdaki önlisans programlarından birinden mezun olmak. | 1112 - Bahçe Ziraatı | 1125 - Bitkisel Üretim | 9056 - Bahçe Tarımı | 3096 - Aşağıdaki önlisans programlarından birinden mezun olmak. | 1193 - Hayvansal Üretim | 3101 - Aşağıdaki önlisans programlarından birinden mezun olmak. | 5315 - Bitki Koruma | 3137 - Aşağıdaki önlisans programlarından birinden mezun olmak. | 1308 - Sulama Teknolojisi | 1317 - Tarımsal Sulama Yönetimi | 4361 - Tarımsal Sulama;d092f06c-c25b-eb11-80fa-a0369f7d1484
2020;72;290181066;Tarım ve Orman Bakanlığı Kars İl Müdürlüğü Bitkisel Üretim ve Bitki Sağlığı Şube Müdürlüğü;Tekniker (Ziraat);Kars;Onlisans;1;0;;;"3067;5363;3069;1313;8568;3074;1318;3087;1112;1125;9056;3096;1193;3101;5315;3137;1308;1317;4361";3067 - Aşağıdaki önlisans programlarından birinden mezun olmak. | 5363 - Tarım | 3069 - Aşağıdaki önlisans programlarından birinden mezun olmak. | 1313 - Tarım Alet ve Makineleri | 8568 - Tarım Makinaları / Tarım Makineleri | 3074 - Aşağıdaki önlisans programlarından birinden mezun olmak. | 1318 - Tarla Bitkileri | 3087 - Aşağıdaki önlisans programlarından birinden mezun olmak. | 1112 - Bahçe Ziraatı | 1125 - Bitkisel Üretim | 9056 - Bahçe Tarımı | 3096 - Aşağıdaki önlisans programlarından birinden mezun olmak. | 1193 - Hayvansal Üretim | 3101 - Aşağıdaki önlisans programlarından birinden mezun olmak. | 5315 - Bitki Koruma | 3137 - Aşağıdaki önlisans programlarından birinden mezun olmak. | 1308 - Sulama Teknolojisi | 1317 - Tarımsal Sulama Yönetimi | 4361 - Tarımsal Sulama;d192f06c-c25b-eb11-80fa-a0369f7d1484
2020;72;290181067;Tarım ve Orman Bakanlığı Kars İl Müdürlüğü Çayır, Mera ve Yem Bitkileri Şube Müdürlüğü;Tekniker (Ziraat);Kars;Onlisans;1;0;;;"3067;5363;3069;1313;8568;3074;1318;3087;1112;1125;9056;3096;1193;3101;5315;3137;1308;1317;4361";3067 - Aşağıdaki önlisans programlarından birinden mezun olmak. | 5363 - Tarım | 3069 - Aşağıdaki önlisans programlarından birinden mezun olmak. | 1313 - Tarım Alet ve Makineleri | 8568 - Tarım Makinaları / Tarım Makineleri | 3074 - Aşağıdaki önlisans programlarından birinden mezun olmak. | 1318 - Tarla Bitkileri | 3087 - Aşağıdaki önlisans programlarından birinden mezun olmak. | 1112 - Bahçe Ziraatı | 1125 - Bitkisel Üretim | 9056 - Bahçe Tarımı | 3096 - Aşağıdaki önlisans programlarından birinden mezun olmak. | 1193 - Hayvansal Üretim | 3101 - Aşağıdaki önlisans programlarından birinden mezun olmak. | 5315 - Bitki Koruma | 3137 - Aşağıdaki önlisans programlarından birinden mezun olmak. | 1308 - Sulama Teknolojisi | 1317 - Tarımsal Sulama Yönetimi | 4361 - Tarımsal Sulama;d292f06c-c25b-eb11-80fa-a0369f7d1484
2020;72;290181068;Tarım ve Orman Bakanlığı Kars İl Müdürlüğü Digor İlçe Müdürlüğü;Tekniker (Ziraat);Kars;Onlisans;1;0;;;"3067;5363;3069;1313;8568;3074;1318;3087;1112;1125;9056;3096;1193;3101;5315;3137;1308;1317;4361";3067 - Aşağıdaki önlisans programlarından birinden mezun olmak. | 5363 - Tarım | 3069 - Aşağıdaki önlisans programlarından birinden mezun olmak. | 1313 - Tarım Alet ve Makineleri | 8568 - Tarım Makinaları / Tarım Makineleri | 3074 - Aşağıdaki önlisans programlarından birinden mezun olmak. | 1318 - Tarla Bitkileri | 3087 - Aşağıdaki önlisans programlarından birinden mezun olmak. | 1112 - Bahçe Ziraatı | 1125 - Bitkisel Üretim | 9056 - Bahçe Tarımı | 3096 - Aşağıdaki önlisans programlarından birinden mezun olmak. | 1193 - Hayvansal Üretim | 3101 - Aşağıdaki önlisans programlarından birinden mezun olmak. | 5315 - Bitki Koruma | 3137 - Aşağıdaki önlisans programlarından birinden mezun olmak. | 1308 - Sulama Teknolojisi | 1317 - Tarımsal Sulama Yönetimi | 4361 - Tarımsal Sulama;d392f06c-c25b-eb11-80fa-a0369f7d1484
2020;72;290181069;Tarım ve Orman Bakanlığı Kars İl Müdürlüğü Kağızman İlçe Müdürlüğü;Tekniker (Ziraat);Kars;Onlisans;1;0;;;"3067;5363;3069;1313;8568;3074;1318;3087;1112;1125;9056;3096;1193;3101;5315;3137;1308;1317;4361";3067 - Aşağıdaki önlisans programlarından birinden mezun olmak. | 5363 - Tarım | 3069 - Aşağıdaki önlisans programlarından birinden mezun olmak. | 1313 - Tarım Alet ve Makineleri | 8568 - Tarım Makinaları / Tarım Makineleri | 3074 - Aşağıdaki önlisans programlarından birinden mezun olmak. | 1318 - Tarla Bitkileri | 3087 - Aşağıdaki önlisans programlarından birinden mezun olmak. | 1112 - Bahçe Ziraatı | 1125 - Bitkisel Üretim | 9056 - Bahçe Tarımı | 3096 - Aşağıdaki önlisans programlarından birinden mezun olmak. | 1193 - Hayvansal Üretim | 3101 - Aşağıdaki önlisans programlarından birinden mezun olmak. | 5315 - Bitki Koruma | 3137 - Aşağıdaki önlisans programlarından birinden mezun olmak. | 1308 - Sulama Teknolojisi | 1317 - Tarımsal Sulama Yönetimi | 4361 - Tarımsal Sulama;d492f06c-c25b-eb11-80fa-a0369f7d1484
2020;72;290181070;Tarım ve Orman Bakanlığı Kars İl Müdürlüğü Koordinasyon ve Tarımsal Veriler Şube Müdürlüğü;Tekniker (Ziraat);Kars;Onlisans;1;0;;;"3067;5363;3069;1313;8568;3074;1318;3087;1112;1125;9056;3096;1193;3101;5315;3137;1308;1317;4361";3067 - Aşağıdaki önlisans programlarından birinden mezun olmak. | 5363 - Tarım | 3069 - Aşağıdaki önlisans programlarından birinden mezun olmak. | 1313 - Tarım Alet ve Makineleri | 8568 - Tarım Makinaları / Tarım Makineleri | 3074 - Aşağıdaki önlisans programlarından birinden mezun olmak. | 1318 - Tarla Bitkileri | 3087 - Aşağıdaki önlisans programlarından birinden mezun olmak. | 1112 - Bahçe Ziraatı | 1125 - Bitkisel Üretim | 9056 - Bahçe Tarımı | 3096 - Aşağıdaki önlisans programlarından birinden mezun olmak. | 1193 - Hayvansal Üretim | 3101 - Aşağıdaki önlisans programlarından birinden mezun olmak. | 5315 - Bitki Koruma | 3137 - Aşağıdaki önlisans programlarından birinden mezun olmak. | 1308 - Sulama Teknolojisi | 1317 - Tarımsal Sulama Yönetimi | 4361 - Tarımsal Sulama;d592f06c-c25b-eb11-80fa-a0369f7d1484
2020;72;290181071;Tarım ve Orman Bakanlığı Kilis İl Müdürlüğü Arazi Toplulaştırma ve Tarımsal Altyapı Şube Müdürlüğü;Tekniker (Ziraat);Kilis;Onlisans;1;0;;;"3067;5363;3069;1313;8568;3074;1318;3087;1112;1125;9056;3096;1193;3101;5315;3137;1308;1317;4361";3067 - Aşağıdaki önlisans programlarından birinden mezun olmak. | 5363 - Tarım | 3069 - Aşağıdaki önlisans programlarından birinden mezun olmak. | 1313 - Tarım Alet ve Makineleri | 8568 - Tarım Makinaları / Tarım Makineleri | 3074 - Aşağıdaki önlisans programlarından birinden mezun olmak. | 1318 - Tarla Bitkileri | 3087 - Aşağıdaki önlisans programlarından birinden mezun olmak. | 1112 - Bahçe Ziraatı | 1125 - Bitkisel Üretim | 9056 - Bahçe Tarımı | 3096 - Aşağıdaki önlisans programlarından birinden mezun olmak. | 1193 - Hayvansal Üretim | 3101 - Aşağıdaki önlisans programlarından birinden mezun olmak. | 5315 - Bitki Koruma | 3137 - Aşağıdaki önlisans programlarından birinden mezun olmak. | 1308 - Sulama Teknolojisi | 1317 - Tarımsal Sulama Yönetimi | 4361 - Tarımsal Sulama;1495f06c-c25b-eb11-80fa-a0369f7d1484
2020;72;290181072;Tarım ve Orman Bakanlığı Kilis İl Müdürlüğü Çayır, Mera ve Yem Bitkileri Şube Müdürlüğü;Tekniker (Ziraat);Kilis;Onlisans;1;0;;;"3067;5363;3069;1313;8568;3074;1318;3087;1112;1125;9056;3096;1193;3101;5315;3137;1308;1317;4361";3067 - Aşağıdaki önlisans programlarından birinden mezun olmak. | 5363 - Tarım | 3069 - Aşağıdaki önlisans programlarından birinden mezun olmak. | 1313 - Tarım Alet ve Makineleri | 8568 - Tarım Makinaları / Tarım Makineleri | 3074 - Aşağıdaki önlisans programlarından birinden mezun olmak. | 1318 - Tarla Bitkileri | 3087 - Aşağıdaki önlisans programlarından birinden mezun olmak. | 1112 - Bahçe Ziraatı | 1125 - Bitkisel Üretim | 9056 - Bahçe Tarımı | 3096 - Aşağıdaki önlisans programlarından birinden mezun olmak. | 1193 - Hayvansal Üretim | 3101 - Aşağıdaki önlisans programlarından birinden mezun olmak. | 5315 - Bitki Koruma | 3137 - Aşağıdaki önlisans programlarından birinden mezun olmak. | 1308 - Sulama Teknolojisi | 1317 - Tarımsal Sulama Yönetimi | 4361 - Tarımsal Sulama;1595f06c-c25b-eb11-80fa-a0369f7d1484
2020;72;290181073;Tarım ve Orman Bakanlığı Kilis İl Müdürlüğü Elbeyli İlçe Müdürlüğü;Tekniker (Ziraat);Kilis;Onlisans;1;0;;;"3067;5363;3069;1313;8568;3074;1318;3087;1112;1125;9056;3096;1193;3101;5315;3137;1308;1317;4361";3067 - Aşağıdaki önlisans programlarından birinden mezun olmak. | 5363 - Tarım | 3069 - Aşağıdaki önlisans programlarından birinden mezun olmak. | 1313 - Tarım Alet ve Makineleri | 8568 - Tarım Makinaları / Tarım Makineleri | 3074 - Aşağıdaki önlisans programlarından birinden mezun olmak. | 1318 - Tarla Bitkileri | 3087 - Aşağıdaki önlisans programlarından birinden mezun olmak. | 1112 - Bahçe Ziraatı | 1125 - Bitkisel Üretim | 9056 - Bahçe Tarımı | 3096 - Aşağıdaki önlisans programlarından birinden mezun olmak. | 1193 - Hayvansal Üretim | 3101 - Aşağıdaki önlisans programlarından birinden mezun olmak. | 5315 - Bitki Koruma | 3137 - Aşağıdaki önlisans programlarından birinden mezun olmak. | 1308 - Sulama Teknolojisi | 1317 - Tarımsal Sulama Yönetimi | 4361 - Tarımsal Sulama;1695f06c-c25b-eb11-80fa-a0369f7d1484
2020;72;290181074;Tarım ve Orman Bakanlığı Kocaeli İl Müdürlüğü Arazi Toplulaştırma ve Tarımsal Altyapı Şube Müdürlüğü;Tekniker (Ziraat);Kocaeli;Onlisans;1;2;;;"3067;5363;3069;1313;8568;3074;1318;3087;1112;1125;9056;3096;1193;3101;5315;3137;1308;1317;4361";3067 - Aşağıdaki önlisans programlarından birinden mezun olmak. | 5363 - Tarım | 3069 - Aşağıdaki önlisans programlarından birinden mezun olmak. | 1313 - Tarım Alet ve Makineleri | 8568 - Tarım Makinaları / Tarım Makineleri | 3074 - Aşağıdaki önlisans programlarından birinden mezun olmak. | 1318 - Tarla Bitkileri | 3087 - Aşağıdaki önlisans programlarından birinden mezun olmak. | 1112 - Bahçe Ziraatı | 1125 - Bitkisel Üretim | 9056 - Bahçe Tarımı | 3096 - Aşağıdaki önlisans programlarından birinden mezun olmak. | 1193 - Hayvansal Üretim | 3101 - Aşağıdaki önlisans programlarından birinden mezun olmak. | 5315 - Bitki Koruma | 3137 - Aşağıdaki önlisans programlarından birinden mezun olmak. | 1308 - Sulama Teknolojisi | 1317 - Tarımsal Sulama Yönetimi | 4361 - Tarımsal Sulama;f492f06c-c25b-eb11-80fa-a0369f7d1484
2020;72;290181075;Tarım ve Orman Bakanlığı Konya İl Müdürlüğü Ereğli İlçe Müdürlüğü;Tekniker (Ziraat);Konya;Onlisans;1;1;;;"3067;5363;3069;1313;8568;3074;1318;3087;1112;1125;9056;3096;1193;3101;5315;3137;1308;1317;4361";3067 - Aşağıdaki önlisans programlarından birinden mezun olmak. | 5363 - Tarım | 3069 - Aşağıdaki önlisans programlarından birinden mezun olmak. | 1313 - Tarım Alet ve Makineleri | 8568 - Tarım Makinaları / Tarım Makineleri | 3074 - Aşağıdaki önlisans programlarından birinden mezun olmak. | 1318 - Tarla Bitkileri | 3087 - Aşağıdaki önlisans programlarından birinden mezun olmak. | 1112 - Bahçe Ziraatı | 1125 - Bitkisel Üretim | 9056 - Bahçe Tarımı | 3096 - Aşağıdaki önlisans programlarından birinden mezun olmak. | 1193 - Hayvansal Üretim | 3101 - Aşağıdaki önlisans programlarından birinden mezun olmak. | 5315 - Bitki Koruma | 3137 - Aşağıdaki önlisans programlarından birinden mezun olmak. | 1308 - Sulama Teknolojisi | 1317 - Tarımsal Sulama Yönetimi | 4361 - Tarımsal Sulama;0393f06c-c25b-eb11-80fa-a0369f7d1484
2020;72;290181076;Tarım ve Orman Bakanlığı Konya İl Müdürlüğü Güneysınır İlçe Müdürlüğü;Tekniker (Ziraat);Konya;Onlisans;1;1;;;"3067;5363;3069;1313;8568;3074;1318;3087;1112;1125;9056;3096;1193;3101;5315;3137;1308;1317;4361";3067 - Aşağıdaki önlisans programlarından birinden mezun olmak. | 5363 - Tarım | 3069 - Aşağıdaki önlisans programlarından birinden mezun olmak. | 1313 - Tarım Alet ve Makineleri | 8568 - Tarım Makinaları / Tarım Makineleri | 3074 - Aşağıdaki önlisans programlarından birinden mezun olmak. | 1318 - Tarla Bitkileri | 3087 - Aşağıdaki önlisans programlarından birinden mezun olmak. | 1112 - Bahçe Ziraatı | 1125 - Bitkisel Üretim | 9056 - Bahçe Tarımı | 3096 - Aşağıdaki önlisans programlarından birinden mezun olmak. | 1193 - Hayvansal Üretim | 3101 - Aşağıdaki önlisans programlarından birinden mezun olmak. | 5315 - Bitki Koruma | 3137 - Aşağıdaki önlisans programlarından birinden mezun olmak. | 1308 - Sulama Teknolojisi | 1317 - Tarımsal Sulama Yönetimi | 4361 - Tarımsal Sulama;0493f06c-c25b-eb11-80fa-a0369f7d1484
2020;72;290181077;Tarım ve Orman Bakanlığı Konya İl Müdürlüğü Hüyük İlçe Müdürlüğü;Tekniker (Ziraat);Konya;Onlisans;1;1;;;"3067;5363;3069;1313;8568;3074;1318;3087;1112;1125;9056;3096;1193;3101;5315;3137;1308;1317;4361";3067 - Aşağıdaki önlisans programlarından birinden mezun olmak. | 5363 - Tarım | 3069 - Aşağıdaki önlisans programlarından birinden mezun olmak. | 1313 - Tarım Alet ve Makineleri | 8568 - Tarım Makinaları / Tarım Makineleri | 3074 - Aşağıdaki önlisans programlarından birinden mezun olmak. | 1318 - Tarla Bitkileri | 3087 - Aşağıdaki önlisans programlarından birinden mezun olmak. | 1112 - Bahçe Ziraatı | 1125 - Bitkisel Üretim | 9056 - Bahçe Tarımı | 3096 - Aşağıdaki önlisans programlarından birinden mezun olmak. | 1193 - Hayvansal Üretim | 3101 - Aşağıdaki önlisans programlarından birinden mezun olmak. | 5315 - Bitki Koruma | 3137 - Aşağıdaki önlisans programlarından birinden mezun olmak. | 1308 - Sulama Teknolojisi | 1317 - Tarımsal Sulama Yönetimi | 4361 - Tarımsal Sulama;0593f06c-c25b-eb11-80fa-a0369f7d1484
2020;72;290181078;Tarım ve Orman Bakanlığı Konya İl Müdürlüğü Ilgın İlçe Müdürlüğü;Tekniker (Ziraat);Konya;Onlisans;1;1;;;"3067;5363;3069;1313;8568;3074;1318;3087;1112;1125;9056;3096;1193;3101;5315;3137;1308;1317;4361";3067 - Aşağıdaki önlisans programlarından birinden mezun olmak. | 5363 - Tarım | 3069 - Aşağıdaki önlisans programlarından birinden mezun olmak. | 1313 - Tarım Alet ve Makineleri | 8568 - Tarım Makinaları / Tarım Makineleri | 3074 - Aşağıdaki önlisans programlarından birinden mezun olmak. | 1318 - Tarla Bitkileri | 3087 - Aşağıdaki önlisans programlarından birinden mezun olmak. | 1112 - Bahçe Ziraatı | 1125 - Bitkisel Üretim | 9056 - Bahçe Tarımı | 3096 - Aşağıdaki önlisans programlarından birinden mezun olmak. | 1193 - Hayvansal Üretim | 3101 - Aşağıdaki önlisans programlarından birinden mezun olmak. | 5315 - Bitki Koruma | 3137 - Aşağıdaki önlisans programlarından birinden mezun olmak. | 1308 - Sulama Teknolojisi | 1317 - Tarımsal Sulama Yönetimi | 4361 - Tarımsal Sulama;0693f06c-c25b-eb11-80fa-a0369f7d1484
2020;72;290181079;Tarım ve Orman Bakanlığı Kütahya İl Müdürlüğü Altıntaş İlçe Müdürlüğü;Tekniker (Ziraat);Kütahya;Onlisans;1;2;;;"3067;5363;3069;1313;8568;3074;1318;3087;1112;1125;9056;3096;1193;3101;5315;3137;1308;1317;4361";3067 - Aşağıdaki önlisans programlarından birinden mezun olmak. | 5363 - Tarım | 3069 - Aşağıdaki önlisans programlarından birinden mezun olmak. | 1313 - Tarım Alet ve Makineleri | 8568 - Tarım Makinaları / Tarım Makineleri | 3074 - Aşağıdaki önlisans programlarından birinden mezun olmak. | 1318 - Tarla Bitkileri | 3087 - Aşağıdaki önlisans programlarından birinden mezun olmak. | 1112 - Bahçe Ziraatı | 1125 - Bitkisel Üretim | 9056 - Bahçe Tarımı | 3096 - Aşağıdaki önlisans programlarından birinden mezun olmak. | 1193 - Hayvansal Üretim | 3101 - Aşağıdaki önlisans programlarından birinden mezun olmak. | 5315 - Bitki Koruma | 3137 - Aşağıdaki önlisans programlarından birinden mezun olmak. | 1308 - Sulama Teknolojisi | 1317 - Tarımsal Sulama Yönetimi | 4361 - Tarımsal Sulama;0893f06c-c25b-eb11-80fa-a0369f7d1484
2020;72;290181080;Tarım ve Orman Bakanlığı Kütahya İl Müdürlüğü Aslanapa İlçe Müdürlüğü;Tekniker (Ziraat);Kütahya;Onlisans;1;2;;;"3067;5363;3069;1313;8568;3074;1318;3087;1112;1125;9056;3096;1193;3101;5315;3137;1308;1317;4361";3067 - Aşağıdaki önlisans programlarından birinden mezun olmak. | 5363 - Tarım | 3069 - Aşağıdaki önlisans programlarından birinden mezun olmak. | 1313 - Tarım Alet ve Makineleri | 8568 - Tarım Makinaları / Tarım Makineleri | 3074 - Aşağıdaki önlisans programlarından birinden mezun olmak. | 1318 - Tarla Bitkileri | 3087 - Aşağıdaki önlisans programlarından birinden mezun olmak. | 1112 - Bahçe Ziraatı | 1125 - Bitkisel Üretim | 9056 - Bahçe Tarımı | 3096 - Aşağıdaki önlisans programlarından birinden mezun olmak. | 1193 - Hayvansal Üretim | 3101 - Aşağıdaki önlisans programlarından birinden mezun olmak. | 5315 - Bitki Koruma | 3137 - Aşağıdaki önlisans programlarından birinden mezun olmak. | 1308 - Sulama Teknolojisi | 1317 - Tarımsal Sulama Yönetimi | 4361 - Tarımsal Sulama;0993f06c-c25b-eb11-80fa-a0369f7d1484
2020;72;290181081;Tarım ve Orman Bakanlığı Kütahya İl Müdürlüğü Çavdarhisar İlçe Müdürlüğü;Tekniker (Ziraat);Kütahya;Onlisans;1;1;;;"3067;5363;3069;1313;8568;3074;1318;3087;1112;1125;9056;3096;1193;3101;5315;3137;1308;1317;4361";3067 - Aşağıdaki önlisans programlarından birinden mezun olmak. | 5363 - Tarım | 3069 - Aşağıdaki önlisans programlarından birinden mezun olmak. | 1313 - Tarım Alet ve Makineleri | 8568 - Tarım Makinaları / Tarım Makineleri | 3074 - Aşağıdaki önlisans programlarından birinden mezun olmak. | 1318 - Tarla Bitkileri | 3087 - Aşağıdaki önlisans programlarından birinden mezun olmak. | 1112 - Bahçe Ziraatı | 1125 - Bitkisel Üretim | 9056 - Bahçe Tarımı | 3096 - Aşağıdaki önlisans programlarından birinden mezun olmak. | 1193 - Hayvansal Üretim | 3101 - Aşağıdaki önlisans programlarından birinden mezun olmak. | 5315 - Bitki Koruma | 3137 - Aşağıdaki önlisans programlarından birinden mezun olmak. | 1308 - Sulama Teknolojisi | 1317 - Tarımsal Sulama Yönetimi | 4361 - Tarımsal Sulama;0a93f06c-c25b-eb11-80fa-a0369f7d1484
2020;72;290181082;Tarım ve Orman Bakanlığı Kütahya İl Müdürlüğü Emet İlçe Müdürlüğü;Tekniker (Ziraat);Kütahya;Onlisans;1;2;;;"3067;5363;3069;1313;8568;3074;1318;3087;1112;1125;9056;3096;1193;3101;5315;3137;1308;1317;4361";3067 - Aşağıdaki önlisans programlarından birinden mezun olmak. | 5363 - Tarım | 3069 - Aşağıdaki önlisans programlarından birinden mezun olmak. | 1313 - Tarım Alet ve Makineleri | 8568 - Tarım Makinaları / Tarım Makineleri | 3074 - Aşağıdaki önlisans programlarından birinden mezun olmak. | 1318 - Tarla Bitkileri | 3087 - Aşağıdaki önlisans programlarından birinden mezun olmak. | 1112 - Bahçe Ziraatı | 1125 - Bitkisel Üretim | 9056 - Bahçe Tarımı | 3096 - Aşağıdaki önlisans programlarından birinden mezun olmak. | 1193 - Hayvansal Üretim | 3101 - Aşağıdaki önlisans programlarından birinden mezun olmak. | 5315 - Bitki Koruma | 3137 - Aşağıdaki önlisans programlarından birinden mezun olmak. | 1308 - Sulama Teknolojisi | 1317 - Tarımsal Sulama Yönetimi | 4361 - Tarımsal Sulama;0b93f06c-c25b-eb11-80fa-a0369f7d1484
2020;72;290181083;Tarım ve Orman Bakanlığı Manisa 4. Bölge Müdürlüğü Manisa Şube Müdürlüğü;Tekniker (Orman);Manisa;Onlisans;3;0;;;"3149;1253;8548;8617;8619;9071";3149 - Aşağıdaki önlisans programlarından birinden mezun olmak. | 1253 - Orman İşletmeciliği | 8548 - Orman Ürünleri | 8617 - Odun Dışı Orman Ürünleri | 8619 - Ormancılık | 9071 - Ormancılık ve Orman Ürünleri;2793f06c-c25b-eb11-80fa-a0369f7d1484
2020;72;290181084;Tarım ve Orman Bakanlığı Mardin İl Müdürlüğü Dargeçit İlçe Müdürlüğü;Tekniker (Ziraat);Mardin;Onlisans;1;0;;;"3067;5363;3069;1313;8568;3074;1318;3087;1112;1125;9056;3096;1193;3101;5315;3137;1308;1317;4361";3067 - Aşağıdaki önlisans programlarından birinden mezun olmak. | 5363 - Tarım | 3069 - Aşağıdaki önlisans programlarından birinden mezun olmak. | 1313 - Tarım Alet ve Makineleri | 8568 - Tarım Makinaları / Tarım Makineleri | 3074 - Aşağıdaki önlisans programlarından birinden mezun olmak. | 1318 - Tarla Bitkileri | 3087 - Aşağıdaki önlisans programlarından birinden mezun olmak. | 1112 - Bahçe Ziraatı | 1125 - Bitkisel Üretim | 9056 - Bahçe Tarımı | 3096 - Aşağıdaki önlisans programlarından birinden mezun olmak. | 1193 - Hayvansal Üretim | 3101 - Aşağıdaki önlisans programlarından birinden mezun olmak. | 5315 - Bitki Koruma | 3137 - Aşağıdaki önlisans programlarından birinden mezun olmak. | 1308 - Sulama Teknolojisi | 1317 - Tarımsal Sulama Yönetimi | 4361 - Tarımsal Sulama;3d93f06c-c25b-eb11-80fa-a0369f7d1484
2020;72;290181085;Tarım ve Orman Bakanlığı Mardin İl Müdürlüğü Derik İlçe Müdürlüğü;Tekniker (Ziraat);Mardin;Onlisans;2;0;;;"3067;5363;3069;1313;8568;3074;1318;3087;1112;1125;9056;3096;1193;3101;5315;3137;1308;1317;4361";3067 - Aşağıdaki önlisans programlarından birinden mezun olmak. | 5363 - Tarım | 3069 - Aşağıdaki önlisans programlarından birinden mezun olmak. | 1313 - Tarım Alet ve Makineleri | 8568 - Tarım Makinaları / Tarım Makineleri | 3074 - Aşağıdaki önlisans programlarından birinden mezun olmak. | 1318 - Tarla Bitkileri | 3087 - Aşağıdaki önlisans programlarından birinden mezun olmak. | 1112 - Bahçe Ziraatı | 1125 - Bitkisel Üretim | 9056 - Bahçe Tarımı | 3096 - Aşağıdaki önlisans programlarından birinden mezun olmak. | 1193 - Hayvansal Üretim | 3101 - Aşağıdaki önlisans programlarından birinden mezun olmak. | 5315 - Bitki Koruma | 3137 - Aşağıdaki önlisans programlarından birinden mezun olmak. | 1308 - Sulama Teknolojisi | 1317 - Tarımsal Sulama Yönetimi | 4361 - Tarımsal Sulama;3e93f06c-c25b-eb11-80fa-a0369f7d1484
2020;72;290181086;Tarım ve Orman Bakanlığı Mardin İl Müdürlüğü Ömerli İlçe Müdürlüğü;Tekniker (Ziraat);Mardin;Onlisans;1;0;;;"3067;5363;3069;1313;8568;3074;1318;3087;1112;1125;9056;3096;1193;3101;5315;3137;1308;1317;4361";3067 - Aşağıdaki önlisans programlarından birinden mezun olmak. | 5363 - Tarım | 3069 - Aşağıdaki önlisans programlarından birinden mezun olmak. | 1313 - Tarım Alet ve Makineleri | 8568 - Tarım Makinaları / Tarım Makineleri | 3074 - Aşağıdaki önlisans programlarından birinden mezun olmak. | 1318 - Tarla Bitkileri | 3087 - Aşağıdaki önlisans programlarından birinden mezun olmak. | 1112 - Bahçe Ziraatı | 1125 - Bitkisel Üretim | 9056 - Bahçe Tarımı | 3096 - Aşağıdaki önlisans programlarından birinden mezun olmak. | 1193 - Hayvansal Üretim | 3101 - Aşağıdaki önlisans programlarından birinden mezun olmak. | 5315 - Bitki Koruma | 3137 - Aşağıdaki önlisans programlarından birinden mezun olmak. | 1308 - Sulama Teknolojisi | 1317 - Tarımsal Sulama Yönetimi | 4361 - Tarımsal Sulama;3f93f06c-c25b-eb11-80fa-a0369f7d1484
2020;72;290181087;Tarım ve Orman Bakanlığı Mardin İl Müdürlüğü Savur İlçe Müdürlüğü;Tekniker (Ziraat);Mardin;Onlisans;1;0;;;"3067;5363;3069;1313;8568;3074;1318;3087;1112;1125;9056;3096;1193;3101;5315;3137;1308;1317;4361";3067 - Aşağıdaki önlisans programlarından birinden mezun olmak. | 5363 - Tarım | 3069 - Aşağıdaki önlisans programlarından birinden mezun olmak. | 1313 - Tarım Alet ve Makineleri | 8568 - Tarım Makinaları / Tarım Makineleri | 3074 - Aşağıdaki önlisans programlarından birinden mezun olmak. | 1318 - Tarla Bitkileri | 3087 - Aşağıdaki önlisans programlarından birinden mezun olmak. | 1112 - Bahçe Ziraatı | 1125 - Bitkisel Üretim | 9056 - Bahçe Tarımı | 3096 - Aşağıdaki önlisans programlarından birinden mezun olmak. | 1193 - Hayvansal Üretim | 3101 - Aşağıdaki önlisans programlarından birinden mezun olmak. | 5315 - Bitki Koruma | 3137 - Aşağıdaki önlisans programlarından birinden mezun olmak. | 1308 - Sulama Teknolojisi | 1317 - Tarımsal Sulama Yönetimi | 4361 - Tarımsal Sulama;4093f06c-c25b-eb11-80fa-a0369f7d1484
2020;72;290181088;Tarım ve Orman Bakanlığı Muğla İl Müdürlüğü Kavaklıdere İlçe Müdürlüğü;Tekniker (Arıcılık);Muğla;Onlisans;1;0;;;"3085;1109";3085 - Aşağıdaki önlisans programlarından birinden mezun olmak. | 1109 - Arıcılık;4e93f06c-c25b-eb11-80fa-a0369f7d1484
2020;72;290181089;Tarım ve Orman Bakanlığı Muğla İl Müdürlüğü Yatağan İlçe Müdürlüğü;Tekniker (Arıcılık);Muğla;Onlisans;1;0;;;"3085;1109";3085 - Aşağıdaki önlisans programlarından birinden mezun olmak. | 1109 - Arıcılık;4f93f06c-c25b-eb11-80fa-a0369f7d1484
2020;72;290181090;Tarım ve Orman Bakanlığı Muş İl Müdürlüğü Arazi Toplulaştırma ve Tarımsal Altyapı Şube Müdürlüğü;Tekniker (Ziraat);Muş;Onlisans;1;0;;;"3067;5363;3069;1313;8568;3074;1318;3087;1112;1125;9056;3096;1193;3101;5315;3137;1308;1317;4361";3067 - Aşağıdaki önlisans programlarından birinden mezun olmak. | 5363 - Tarım | 3069 - Aşağıdaki önlisans programlarından birinden mezun olmak. | 1313 - Tarım Alet ve Makineleri | 8568 - Tarım Makinaları / Tarım Makineleri | 3074 - Aşağıdaki önlisans programlarından birinden mezun olmak. | 1318 - Tarla Bitkileri | 3087 - Aşağıdaki önlisans programlarından birinden mezun olmak. | 1112 - Bahçe Ziraatı | 1125 - Bitkisel Üretim | 9056 - Bahçe Tarımı | 3096 - Aşağıdaki önlisans programlarından birinden mezun olmak. | 1193 - Hayvansal Üretim | 3101 - Aşağıdaki önlisans programlarından birinden mezun olmak. | 5315 - Bitki Koruma | 3137 - Aşağıdaki önlisans programlarından birinden mezun olmak. | 1308 - Sulama Teknolojisi | 1317 - Tarımsal Sulama Yönetimi | 4361 - Tarımsal Sulama;5a93f06c-c25b-eb11-80fa-a0369f7d1484
2020;72;290181091;Tarım ve Orman Bakanlığı Muş İl Müdürlüğü Bitkisel Üretim ve Bitki Sağlığı Şube Müdürlüğü;Tekniker (Ziraat);Muş;Onlisans;1;0;;;"3067;5363;3069;1313;8568;3074;1318;3087;1112;1125;9056;3096;1193;3101;5315;3137;1308;1317;4361";3067 - Aşağıdaki önlisans programlarından birinden mezun olmak. | 5363 - Tarım | 3069 - Aşağıdaki önlisans programlarından birinden mezun olmak. | 1313 - Tarım Alet ve Makineleri | 8568 - Tarım Makinaları / Tarım Makineleri | 3074 - Aşağıdaki önlisans programlarından birinden mezun olmak. | 1318 - Tarla Bitkileri | 3087 - Aşağıdaki önlisans programlarından birinden mezun olmak. | 1112 - Bahçe Ziraatı | 1125 - Bitkisel Üretim | 9056 - Bahçe Tarımı | 3096 - Aşağıdaki önlisans programlarından birinden mezun olmak. | 1193 - Hayvansal Üretim | 3101 - Aşağıdaki önlisans programlarından birinden mezun olmak. | 5315 - Bitki Koruma | 3137 - Aşağıdaki önlisans programlarından birinden mezun olmak. | 1308 - Sulama Teknolojisi | 1317 - Tarımsal Sulama Yönetimi | 4361 - Tarımsal Sulama;5b93f06c-c25b-eb11-80fa-a0369f7d1484
2020;72;290181092;Tarım ve Orman Bakanlığı Muş İl Müdürlüğü Bulanık İlçe Müdürlüğü;Tekniker (Ziraat);Muş;Onlisans;2;0;;;"3067;5363;3069;1313;8568;3074;1318;3087;1112;1125;9056;3096;1193;3101;5315;3137;1308;1317;4361";3067 - Aşağıdaki önlisans programlarından birinden mezun olmak. | 5363 - Tarım | 3069 - Aşağıdaki önlisans programlarından birinden mezun olmak. | 1313 - Tarım Alet ve Makineleri | 8568 - Tarım Makinaları / Tarım Makineleri | 3074 - Aşağıdaki önlisans programlarından birinden mezun olmak. | 1318 - Tarla Bitkileri | 3087 - Aşağıdaki önlisans programlarından birinden mezun olmak. | 1112 - Bahçe Ziraatı | 1125 - Bitkisel Üretim | 9056 - Bahçe Tarımı | 3096 - Aşağıdaki önlisans programlarından birinden mezun olmak. | 1193 - Hayvansal Üretim | 3101 - Aşağıdaki önlisans programlarından birinden mezun olmak. | 5315 - Bitki Koruma | 3137 - Aşağıdaki önlisans programlarından birinden mezun olmak. | 1308 - Sulama Teknolojisi | 1317 - Tarımsal Sulama Yönetimi | 4361 - Tarımsal Sulama;5c93f06c-c25b-eb11-80fa-a0369f7d1484
2020;72;290181093;Tarım ve Orman Bakanlığı Muş İl Müdürlüğü Koordinasyon ve Tarımsal Veriler Şube Müdürlüğü;Tekniker (Ziraat);Muş;Onlisans;2;0;;;"3067;5363;3069;1313;8568;3074;1318;3087;1112;1125;9056;3096;1193;3101;5315;3137;1308;1317;4361";3067 - Aşağıdaki önlisans programlarından birinden mezun olmak. | 5363 - Tarım | 3069 - Aşağıdaki önlisans programlarından birinden mezun olmak. | 1313 - Tarım Alet ve Makineleri | 8568 - Tarım Makinaları / Tarım Makineleri | 3074 - Aşağıdaki önlisans programlarından birinden mezun olmak. | 1318 - Tarla Bitkileri | 3087 - Aşağıdaki önlisans programlarından birinden mezun olmak. | 1112 - Bahçe Ziraatı | 1125 - Bitkisel Üretim | 9056 - Bahçe Tarımı | 3096 - Aşağıdaki önlisans programlarından birinden mezun olmak. | 1193 - Hayvansal Üretim | 3101 - Aşağıdaki önlisans programlarından birinden mezun olmak. | 5315 - Bitki Koruma | 3137 - Aşağıdaki önlisans programlarından birinden mezun olmak. | 1308 - Sulama Teknolojisi | 1317 - Tarımsal Sulama Yönetimi | 4361 - Tarımsal Sulama;5d93f06c-c25b-eb11-80fa-a0369f7d1484
2020;72;290181094;Tarım ve Orman Bakanlığı Muş İl Müdürlüğü Korkut İlçe Müdürlüğü;Tekniker (Ziraat);Muş;Onlisans;2;0;;;"3067;5363;3069;1313;8568;3074;1318;3087;1112;1125;9056;3096;1193;3101;5315;3137;1308;1317;4361";3067 - Aşağıdaki önlisans programlarından birinden mezun olmak. | 5363 - Tarım | 3069 - Aşağıdaki önlisans programlarından birinden mezun olmak. | 1313 - Tarım Alet ve Makineleri | 8568 - Tarım Makinaları / Tarım Makineleri | 3074 - Aşağıdaki önlisans programlarından birinden mezun olmak. | 1318 - Tarla Bitkileri | 3087 - Aşağıdaki önlisans programlarından birinden mezun olmak. | 1112 - Bahçe Ziraatı | 1125 - Bitkisel Üretim | 9056 - Bahçe Tarımı | 3096 - Aşağıdaki önlisans programlarından birinden mezun olmak. | 1193 - Hayvansal Üretim | 3101 - Aşağıdaki önlisans programlarından birinden mezun olmak. | 5315 - Bitki Koruma | 3137 - Aşağıdaki önlisans programlarından birinden mezun olmak. | 1308 - Sulama Teknolojisi | 1317 - Tarımsal Sulama Yönetimi | 4361 - Tarımsal Sulama;5e93f06c-c25b-eb11-80fa-a0369f7d1484
2020;72;290181095;Tarım ve Orman Bakanlığı Muş İl Müdürlüğü Malazgirt İlçe Müdürlüğü;Tekniker (Ziraat);Muş;Onlisans;1;0;;;"3067;5363;3069;1313;8568;3074;1318;3087;1112;1125;9056;3096;1193;3101;5315;3137;1308;1317;4361";3067 - Aşağıdaki önlisans programlarından birinden mezun olmak. | 5363 - Tarım | 3069 - Aşağıdaki önlisans programlarından birinden mezun olmak. | 1313 - Tarım Alet ve Makineleri | 8568 - Tarım Makinaları / Tarım Makineleri | 3074 - Aşağıdaki önlisans programlarından birinden mezun olmak. | 1318 - Tarla Bitkileri | 3087 - Aşağıdaki önlisans programlarından birinden mezun olmak. | 1112 - Bahçe Ziraatı | 1125 - Bitkisel Üretim | 9056 - Bahçe Tarımı | 3096 - Aşağıdaki önlisans programlarından birinden mezun olmak. | 1193 - Hayvansal Üretim | 3101 - Aşağıdaki önlisans programlarından birinden mezun olmak. | 5315 - Bitki Koruma | 3137 - Aşağıdaki önlisans programlarından birinden mezun olmak. | 1308 - Sulama Teknolojisi | 1317 - Tarımsal Sulama Yönetimi | 4361 - Tarımsal Sulama;5f93f06c-c25b-eb11-80fa-a0369f7d1484
2020;72;290181096;Tarım ve Orman Bakanlığı Ordu İl Müdürlüğü Akkuş İlçe Müdürlüğü;Tekniker (Arıcılık);Ordu;Onlisans;1;0;;;"3085;1109";3085 - Aşağıdaki önlisans programlarından birinden mezun olmak. | 1109 - Arıcılık;8693f06c-c25b-eb11-80fa-a0369f7d1484
2020;72;290181097;Tarım ve Orman Bakanlığı Ordu İl Müdürlüğü Kumru İlçe Müdürlüğü;Tekniker (Arıcılık);Ordu;Onlisans;1;0;;;"3085;1109";3085 - Aşağıdaki önlisans programlarından birinden mezun olmak. | 1109 - Arıcılık;8793f06c-c25b-eb11-80fa-a0369f7d1484
2020;72;290181098;Tarım ve Orman Bakanlığı Rize İl Müdürlüğü Ardeşen İlçe Müdürlüğü;Tekniker (Ziraat);Rize;Onlisans;1;0;;;"3067;5363;3069;1313;8568;3074;1318;3087;1112;1125;9056;3096;1193;3101;5315;3137;1308;1317;4361";3067 - Aşağıdaki önlisans programlarından birinden mezun olmak. | 5363 - Tarım | 3069 - Aşağıdaki önlisans programlarından birinden mezun olmak. | 1313 - Tarım Alet ve Makineleri | 8568 - Tarım Makinaları / Tarım Makineleri | 3074 - Aşağıdaki önlisans programlarından birinden mezun olmak. | 1318 - Tarla Bitkileri | 3087 - Aşağıdaki önlisans programlarından birinden mezun olmak. | 1112 - Bahçe Ziraatı | 1125 - Bitkisel Üretim | 9056 - Bahçe Tarımı | 3096 - Aşağıdaki önlisans programlarından birinden mezun olmak. | 1193 - Hayvansal Üretim | 3101 - Aşağıdaki önlisans programlarından birinden mezun olmak. | 5315 - Bitki Koruma | 3137 - Aşağıdaki önlisans programlarından birinden mezun olmak. | 1308 - Sulama Teknolojisi | 1317 - Tarımsal Sulama Yönetimi | 4361 - Tarımsal Sulama;8893f06c-c25b-eb11-80fa-a0369f7d1484
2020;72;290181099;Tarım ve Orman Bakanlığı Rize İl Müdürlüğü Bitkisel Üretim ve Bitki Sağlığı Şube Müdürlüğü;Tekniker (Ziraat);Rize;Onlisans;1;1;;;"3067;5363;3069;1313;8568;3074;1318;3087;1112;1125;9056;3096;1193;3101;5315;3137;1308;1317;4361";3067 - Aşağıdaki önlisans programlarından birinden mezun olmak. | 5363 - Tarım | 3069 - Aşağıdaki önlisans programlarından birinden mezun olmak. | 1313 - Tarım Alet ve Makineleri | 8568 - Tarım Makinaları / Tarım Makineleri | 3074 - Aşağıdaki önlisans programlarından birinden mezun olmak. | 1318 - Tarla Bitkileri | 3087 - Aşağıdaki önlisans programlarından birinden mezun olmak. | 1112 - Bahçe Ziraatı | 1125 - Bitkisel Üretim | 9056 - Bahçe Tarımı | 3096 - Aşağıdaki önlisans programlarından birinden mezun olmak. | 1193 - Hayvansal Üretim | 3101 - Aşağıdaki önlisans programlarından birinden mezun olmak. | 5315 - Bitki Koruma | 3137 - Aşağıdaki önlisans programlarından birinden mezun olmak. | 1308 - Sulama Teknolojisi | 1317 - Tarımsal Sulama Yönetimi | 4361 - Tarımsal Sulama;8993f06c-c25b-eb11-80fa-a0369f7d1484
2020;72;290181100;Tarım ve Orman Bakanlığı Rize İl Müdürlüğü Çayır, Mera ve Yem Bitkileri Şube Müdürlüğü;Tekniker (Ziraat);Rize;Onlisans;1;1;;;"3067;5363;3069;1313;8568;3074;1318;3087;1112;1125;9056;3096;1193;3101;5315;3137;1308;1317;4361";3067 - Aşağıdaki önlisans programlarından birinden mezun olmak. | 5363 - Tarım | 3069 - Aşağıdaki önlisans programlarından birinden mezun olmak. | 1313 - Tarım Alet ve Makineleri | 8568 - Tarım Makinaları / Tarım Makineleri | 3074 - Aşağıdaki önlisans programlarından birinden mezun olmak. | 1318 - Tarla Bitkileri | 3087 - Aşağıdaki önlisans programlarından birinden mezun olmak. | 1112 - Bahçe Ziraatı | 1125 - Bitkisel Üretim | 9056 - Bahçe Tarımı | 3096 - Aşağıdaki önlisans programlarından birinden mezun olmak. | 1193 - Hayvansal Üretim | 3101 - Aşağıdaki önlisans programlarından birinden mezun olmak. | 5315 - Bitki Koruma | 3137 - Aşağıdaki önlisans programlarından birinden mezun olmak. | 1308 - Sulama Teknolojisi | 1317 - Tarımsal Sulama Yönetimi | 4361 - Tarımsal Sulama;8a93f06c-c25b-eb11-80fa-a0369f7d1484
2020;72;290181101;Tarım ve Orman Bakanlığı Sakarya İl Müdürlüğü Çayır, Mera ve Yem Bitkileri Şube Müdürlüğü;Tekniker (Ziraat);Sakarya;Onlisans;1;2;;;"3067;5363;3069;1313;8568;3074;1318;3087;1112;1125;9056;3096;1193;3101;5315;3137;1308;1317;4361";3067 - Aşağıdaki önlisans programlarından birinden mezun olmak. | 5363 - Tarım | 3069 - Aşağıdaki önlisans programlarından birinden mezun olmak. | 1313 - Tarım Alet ve Makineleri | 8568 - Tarım Makinaları / Tarım Makineleri | 3074 - Aşağıdaki önlisans programlarından birinden mezun olmak. | 1318 - Tarla Bitkileri | 3087 - Aşağıdaki önlisans programlarından birinden mezun olmak. | 1112 - Bahçe Ziraatı | 1125 - Bitkisel Üretim | 9056 - Bahçe Tarımı | 3096 - Aşağıdaki önlisans programlarından birinden mezun olmak. | 1193 - Hayvansal Üretim | 3101 - Aşağıdaki önlisans programlarından birinden mezun olmak. | 5315 - Bitki Koruma | 3137 - Aşağıdaki önlisans programlarından birinden mezun olmak. | 1308 - Sulama Teknolojisi | 1317 - Tarımsal Sulama Yönetimi | 4361 - Tarımsal Sulama;aa93f06c-c25b-eb11-80fa-a0369f7d1484
2020;72;290181102;Tarım ve Orman Bakanlığı Sivas İl Müdürlüğü Kangal İlçe Müdürlüğü;Tekniker (Ziraat);Sivas;Onlisans;1;0;;;"3067;5363;3069;1313;8568;3074;1318;3087;1112;1125;9056;3096;1193;3101;5315;3137;1308;1317;4361";3067 - Aşağıdaki önlisans programlarından birinden mezun olmak. | 5363 - Tarım | 3069 - Aşağıdaki önlisans programlarından birinden mezun olmak. | 1313 - Tarım Alet ve Makineleri | 8568 - Tarım Makinaları / Tarım Makineleri | 3074 - Aşağıdaki önlisans programlarından birinden mezun olmak. | 1318 - Tarla Bitkileri | 3087 - Aşağıdaki önlisans programlarından birinden mezun olmak. | 1112 - Bahçe Ziraatı | 1125 - Bitkisel Üretim | 9056 - Bahçe Tarımı | 3096 - Aşağıdaki önlisans programlarından birinden mezun olmak. | 1193 - Hayvansal Üretim | 3101 - Aşağıdaki önlisans programlarından birinden mezun olmak. | 5315 - Bitki Koruma | 3137 - Aşağıdaki önlisans programlarından birinden mezun olmak. | 1308 - Sulama Teknolojisi | 1317 - Tarımsal Sulama Yönetimi | 4361 - Tarımsal Sulama;e593f06c-c25b-eb11-80fa-a0369f7d1484
2020;72;290181103;Tarım ve Orman Bakanlığı Sivas İl Müdürlüğü Suşehri İlçe Müdürlüğü;Tekniker (Ziraat);Sivas;Onlisans;1;0;;;"3067;5363;3069;1313;8568;3074;1318;3087;1112;1125;9056;3096;1193;3101;5315;3137;1308;1317;4361";3067 - Aşağıdaki önlisans programlarından birinden mezun olmak. | 5363 - Tarım | 3069 - Aşağıdaki önlisans programlarından birinden mezun olmak. | 1313 - Tarım Alet ve Makineleri | 8568 - Tarım Makinaları / Tarım Makineleri | 3074 - Aşağıdaki önlisans programlarından birinden mezun olmak. | 1318 - Tarla Bitkileri | 3087 - Aşağıdaki önlisans programlarından birinden mezun olmak. | 1112 - Bahçe Ziraatı | 1125 - Bitkisel Üretim | 9056 - Bahçe Tarımı | 3096 - Aşağıdaki önlisans programlarından birinden mezun olmak. | 1193 - Hayvansal Üretim | 3101 - Aşağıdaki önlisans programlarından birinden mezun olmak. | 5315 - Bitki Koruma | 3137 - Aşağıdaki önlisans programlarından birinden mezun olmak. | 1308 - Sulama Teknolojisi | 1317 - Tarımsal Sulama Yönetimi | 4361 - Tarımsal Sulama;e693f06c-c25b-eb11-80fa-a0369f7d1484
2020;72;290181104;Tarım ve Orman Bakanlığı Şanlıurfa İl Müdürlüğü Bozova İlçe Müdürlüğü;Tekniker (Ziraat);Şanlıurfa;Onlisans;2;0;;;"3067;5363;3069;1313;8568;3074;1318;3087;1112;1125;9056;3096;1193;3101;5315;3137;1308;1317;4361";3067 - Aşağıdaki önlisans programlarından birinden mezun olmak. | 5363 - Tarım | 3069 - Aşağıdaki önlisans programlarından birinden mezun olmak. | 1313 - Tarım Alet ve Makineleri | 8568 - Tarım Makinaları / Tarım Makineleri | 3074 - Aşağıdaki önlisans programlarından birinden mezun olmak. | 1318 - Tarla Bitkileri | 3087 - Aşağıdaki önlisans programlarından birinden mezun olmak. | 1112 - Bahçe Ziraatı | 1125 - Bitkisel Üretim | 9056 - Bahçe Tarımı | 3096 - Aşağıdaki önlisans programlarından birinden mezun olmak. | 1193 - Hayvansal Üretim | 3101 - Aşağıdaki önlisans programlarından birinden mezun olmak. | 5315 - Bitki Koruma | 3137 - Aşağıdaki önlisans programlarından birinden mezun olmak. | 1308 - Sulama Teknolojisi | 1317 - Tarımsal Sulama Yönetimi | 4361 - Tarımsal Sulama;3894f06c-c25b-eb11-80fa-a0369f7d1484
2020;72;290181105;Tarım ve Orman Bakanlığı Şanlıurfa İl Müdürlüğü Halfeti İlçe Müdürlüğü;Tekniker (Ziraat);Şanlıurfa;Onlisans;1;0;;;"3067;5363;3069;1313;8568;3074;1318;3087;1112;1125;9056;3096;1193;3101;5315;3137;1308;1317;4361";3067 - Aşağıdaki önlisans programlarından birinden mezun olmak. | 5363 - Tarım | 3069 - Aşağıdaki önlisans programlarından birinden mezun olmak. | 1313 - Tarım Alet ve Makineleri | 8568 - Tarım Makinaları / Tarım Makineleri | 3074 - Aşağıdaki önlisans programlarından birinden mezun olmak. | 1318 - Tarla Bitkileri | 3087 - Aşağıdaki önlisans programlarından birinden mezun olmak. | 1112 - Bahçe Ziraatı | 1125 - Bitkisel Üretim | 9056 - Bahçe Tarımı | 3096 - Aşağıdaki önlisans programlarından birinden mezun olmak. | 1193 - Hayvansal Üretim | 3101 - Aşağıdaki önlisans programlarından birinden mezun olmak. | 5315 - Bitki Koruma | 3137 - Aşağıdaki önlisans programlarından birinden mezun olmak. | 1308 - Sulama Teknolojisi | 1317 - Tarımsal Sulama Yönetimi | 4361 - Tarımsal Sulama;3994f06c-c25b-eb11-80fa-a0369f7d1484
2020;72;290181106;Tarım ve Orman Bakanlığı Şanlıurfa İl Müdürlüğü Harran İlçe Müdürlüğü;Tekniker (Ziraat);Şanlıurfa;Onlisans;1;0;;;"3067;5363;3069;1313;8568;3074;1318;3087;1112;1125;9056;3096;1193;3101;5315;3137;1308;1317;4361";3067 - Aşağıdaki önlisans programlarından birinden mezun olmak. | 5363 - Tarım | 3069 - Aşağıdaki önlisans programlarından birinden mezun olmak. | 1313 - Tarım Alet ve Makineleri | 8568 - Tarım Makinaları / Tarım Makineleri | 3074 - Aşağıdaki önlisans programlarından birinden mezun olmak. | 1318 - Tarla Bitkileri | 3087 - Aşağıdaki önlisans programlarından birinden mezun olmak. | 1112 - Bahçe Ziraatı | 1125 - Bitkisel Üretim | 9056 - Bahçe Tarımı | 3096 - Aşağıdaki önlisans programlarından birinden mezun olmak. | 1193 - Hayvansal Üretim | 3101 - Aşağıdaki önlisans programlarından birinden mezun olmak. | 5315 - Bitki Koruma | 3137 - Aşağıdaki önlisans programlarından birinden mezun olmak. | 1308 - Sulama Teknolojisi | 1317 - Tarımsal Sulama Yönetimi | 4361 - Tarımsal Sulama;3a94f06c-c25b-eb11-80fa-a0369f7d1484
2020;72;290181107;Tarım ve Orman Bakanlığı Şanlıurfa İl Müdürlüğü Hilvan İlçe Müdürlüğü;Tekniker (Ziraat);Şanlıurfa;Onlisans;2;0;;;"3067;5363;3069;1313;8568;3074;1318;3087;1112;1125;9056;3096;1193;3101;5315;3137;1308;1317;4361";3067 - Aşağıdaki önlisans programlarından birinden mezun olmak. | 5363 - Tarım | 3069 - Aşağıdaki önlisans programlarından birinden mezun olmak. | 1313 - Tarım Alet ve Makineleri | 8568 - Tarım Makinaları / Tarım Makineleri | 3074 - Aşağıdaki önlisans programlarından birinden mezun olmak. | 1318 - Tarla Bitkileri | 3087 - Aşağıdaki önlisans programlarından birinden mezun olmak. | 1112 - Bahçe Ziraatı | 1125 - Bitkisel Üretim | 9056 - Bahçe Tarımı | 3096 - Aşağıdaki önlisans programlarından birinden mezun olmak. | 1193 - Hayvansal Üretim | 3101 - Aşağıdaki önlisans programlarından birinden mezun olmak. | 5315 - Bitki Koruma | 3137 - Aşağıdaki önlisans programlarından birinden mezun olmak. | 1308 - Sulama Teknolojisi | 1317 - Tarımsal Sulama Yönetimi | 4361 - Tarımsal Sulama;3b94f06c-c25b-eb11-80fa-a0369f7d1484
2020;72;290181108;Tarım ve Orman Bakanlığı Şanlıurfa İl Müdürlüğü Suruç İlçe Müdürlüğü;Tekniker (Ziraat);Şanlıurfa;Onlisans;2;0;;;"3067;5363;3069;1313;8568;3074;1318;3087;1112;1125;9056;3096;1193;3101;5315;3137;1308;1317;4361";3067 - Aşağıdaki önlisans programlarından birinden mezun olmak. | 5363 - Tarım | 3069 - Aşağıdaki önlisans programlarından birinden mezun olmak. | 1313 - Tarım Alet ve Makineleri | 8568 - Tarım Makinaları / Tarım Makineleri | 3074 - Aşağıdaki önlisans programlarından birinden mezun olmak. | 1318 - Tarla Bitkileri | 3087 - Aşağıdaki önlisans programlarından birinden mezun olmak. | 1112 - Bahçe Ziraatı | 1125 - Bitkisel Üretim | 9056 - Bahçe Tarımı | 3096 - Aşağıdaki önlisans programlarından birinden mezun olmak. | 1193 - Hayvansal Üretim | 3101 - Aşağıdaki önlisans programlarından birinden mezun olmak. | 5315 - Bitki Koruma | 3137 - Aşağıdaki önlisans programlarından birinden mezun olmak. | 1308 - Sulama Teknolojisi | 1317 - Tarımsal Sulama Yönetimi | 4361 - Tarımsal Sulama;3c94f06c-c25b-eb11-80fa-a0369f7d1484
2020;72;290181109;Tarım ve Orman Bakanlığı Şırnak İl Müdürlüğü Arazi Toplulaştırma ve Tarımsal Altyapı Şube Müdürlüğü;Tekniker (Ziraat);Şırnak;Onlisans;1;0;;;"3067;5363;3069;1313;8568;3074;1318;3087;1112;1125;9056;3096;1193;3101;5315;3137;1308;1317;4361";3067 - Aşağıdaki önlisans programlarından birinden mezun olmak. | 5363 - Tarım | 3069 - Aşağıdaki önlisans programlarından birinden mezun olmak. | 1313 - Tarım Alet ve Makineleri | 8568 - Tarım Makinaları / Tarım Makineleri | 3074 - Aşağıdaki önlisans programlarından birinden mezun olmak. | 1318 - Tarla Bitkileri | 3087 - Aşağıdaki önlisans programlarından birinden mezun olmak. | 1112 - Bahçe Ziraatı | 1125 - Bitkisel Üretim | 9056 - Bahçe Tarımı | 3096 - Aşağıdaki önlisans programlarından birinden mezun olmak. | 1193 - Hayvansal Üretim | 3101 - Aşağıdaki önlisans programlarından birinden mezun olmak. | 5315 - Bitki Koruma | 3137 - Aşağıdaki önlisans programlarından birinden mezun olmak. | 1308 - Sulama Teknolojisi | 1317 - Tarımsal Sulama Yönetimi | 4361 - Tarımsal Sulama;cf94f06c-c25b-eb11-80fa-a0369f7d1484
2020;72;290181110;Tarım ve Orman Bakanlığı Şırnak İl Müdürlüğü Bitkisel Üretim ve Bitki Sağlığı Şube Müdürlüğü;Tekniker (Ziraat);Şırnak;Onlisans;1;0;;;"3067;5363;3069;1313;8568;3074;1318;3087;1112;1125;9056;3096;1193;3101;5315;3137;1308;1317;4361";3067 - Aşağıdaki önlisans programlarından birinden mezun olmak. | 5363 - Tarım | 3069 - Aşağıdaki önlisans programlarından birinden mezun olmak. | 1313 - Tarım Alet ve Makineleri | 8568 - Tarım Makinaları / Tarım Makineleri | 3074 - Aşağıdaki önlisans programlarından birinden mezun olmak. | 1318 - Tarla Bitkileri | 3087 - Aşağıdaki önlisans programlarından birinden mezun olmak. | 1112 - Bahçe Ziraatı | 1125 - Bitkisel Üretim | 9056 - Bahçe Tarımı | 3096 - Aşağıdaki önlisans programlarından birinden mezun olmak. | 1193 - Hayvansal Üretim | 3101 - Aşağıdaki önlisans programlarından birinden mezun olmak. | 5315 - Bitki Koruma | 3137 - Aşağıdaki önlisans programlarından birinden mezun olmak. | 1308 - Sulama Teknolojisi | 1317 - Tarımsal Sulama Yönetimi | 4361 - Tarımsal Sulama;d094f06c-c25b-eb11-80fa-a0369f7d1484
2020;72;290181134;Tarım ve Orman Bakanlığı Şırnak İl Müdürlüğü Cizre İlçe Müdürlüğü;Tekniker (Veteriner Sağlık);Şırnak;Onlisans;1;1;;;"3021;4397;5345";3021 - Aşağıdaki önlisans programlarından birinden mezun olmak. | 4397 - Veteriner Sağlık Teknikerliği | 5345 - Laborant ve Veteriner Sağlık;cd94f06c-c25b-eb11-80fa-a0369f7d1484
2020;72;290181111;Tarım ve Orman Bakanlığı Şırnak İl Müdürlüğü Çayır, Mera ve Yem Bitkileri Şube Müdürlüğü;Tekniker (Ziraat);Şırnak;Onlisans;1;0;;;"3067;5363;3069;1313;8568;3074;1318;3087;1112;1125;9056;3096;1193;3101;5315;3137;1308;1317;4361";3067 - Aşağıdaki önlisans programlarından birinden mezun olmak. | 5363 - Tarım | 3069 - Aşağıdaki önlisans programlarından birinden mezun olmak. | 1313 - Tarım Alet ve Makineleri | 8568 - Tarım Makinaları / Tarım Makineleri | 3074 - Aşağıdaki önlisans programlarından birinden mezun olmak. | 1318 - Tarla Bitkileri | 3087 - Aşağıdaki önlisans programlarından birinden mezun olmak. | 1112 - Bahçe Ziraatı | 1125 - Bitkisel Üretim | 9056 - Bahçe Tarımı | 3096 - Aşağıdaki önlisans programlarından birinden mezun olmak. | 1193 - Hayvansal Üretim | 3101 - Aşağıdaki önlisans programlarından birinden mezun olmak. | 5315 - Bitki Koruma | 3137 - Aşağıdaki önlisans programlarından birinden mezun olmak. | 1308 - Sulama Teknolojisi | 1317 - Tarımsal Sulama Yönetimi | 4361 - Tarımsal Sulama;d194f06c-c25b-eb11-80fa-a0369f7d1484
2020;72;290181135;Tarım ve Orman Bakanlığı Şırnak İl Müdürlüğü Hayvan Sağlığı,Yetiştiriciliği ve Su Ürünleri Şube Müdürlüğü;Tekniker (Veteriner Sağlık);Şırnak;Onlisans;1;1;;;"3021;4397;5345";3021 - Aşağıdaki önlisans programlarından birinden mezun olmak. | 4397 - Veteriner Sağlık Teknikerliği | 5345 - Laborant ve Veteriner Sağlık;ce94f06c-c25b-eb11-80fa-a0369f7d1484
2020;72;290181112;Tarım ve Orman Bakanlığı Şırnak İl Müdürlüğü Koordinasyon ve Tarımsal Veriler Şube Müdürlüğü;Tekniker (Ziraat);Şırnak;Onlisans;1;0;;;"3067;5363;3069;1313;8568;3074;1318;3087;1112;1125;9056;3096;1193;3101;5315;3137;1308;1317;4361";3067 - Aşağıdaki önlisans programlarından birinden mezun olmak. | 5363 - Tarım | 3069 - Aşağıdaki önlisans programlarından birinden mezun olmak. | 1313 - Tarım Alet ve Makineleri | 8568 - Tarım Makinaları / Tarım Makineleri | 3074 - Aşağıdaki önlisans programlarından birinden mezun olmak. | 1318 - Tarla Bitkileri | 3087 - Aşağıdaki önlisans programlarından birinden mezun olmak. | 1112 - Bahçe Ziraatı | 1125 - Bitkisel Üretim | 9056 - Bahçe Tarımı | 3096 - Aşağıdaki önlisans programlarından birinden mezun olmak. | 1193 - Hayvansal Üretim | 3101 - Aşağıdaki önlisans programlarından birinden mezun olmak. | 5315 - Bitki Koruma | 3137 - Aşağıdaki önlisans programlarından birinden mezun olmak. | 1308 - Sulama Teknolojisi | 1317 - Tarımsal Sulama Yönetimi | 4361 - Tarımsal Sulama;d294f06c-c25b-eb11-80fa-a0369f7d1484
2020;72;290181113;Tarım ve Orman Bakanlığı Şırnak İl Müdürlüğü Silopi İlçe Müdürlüğü;Tekniker (Ziraat);Şırnak;Onlisans;2;0;;;"3067;5363;3069;1313;8568;3074;1318;3087;1112;1125;9056;3096;1193;3101;5315;3137;1308;1317;4361";3067 - Aşağıdaki önlisans programlarından birinden mezun olmak. | 5363 - Tarım | 3069 - Aşağıdaki önlisans programlarından birinden mezun olmak. | 1313 - Tarım Alet ve Makineleri | 8568 - Tarım Makinaları / Tarım Makineleri | 3074 - Aşağıdaki önlisans programlarından birinden mezun olmak. | 1318 - Tarla Bitkileri | 3087 - Aşağıdaki önlisans programlarından birinden mezun olmak. | 1112 - Bahçe Ziraatı | 1125 - Bitkisel Üretim | 9056 - Bahçe Tarımı | 3096 - Aşağıdaki önlisans programlarından birinden mezun olmak. | 1193 - Hayvansal Üretim | 3101 - Aşağıdaki önlisans programlarından birinden mezun olmak. | 5315 - Bitki Koruma | 3137 - Aşağıdaki önlisans programlarından birinden mezun olmak. | 1308 - Sulama Teknolojisi | 1317 - Tarımsal Sulama Yönetimi | 4361 - Tarımsal Sulama;d394f06c-c25b-eb11-80fa-a0369f7d1484
2020;72;290181114;Tarım ve Orman Bakanlığı Trabzon İl Müdürlüğü Araklı İlçe Müdürlüğü;Tekniker (Ziraat);Trabzon;Onlisans;1;1;;;"3067;5363;3069;1313;8568;3074;1318;3087;1112;1125;9056;3096;1193;3101;5315;3137;1308;1317;4361";3067 - Aşağıdaki önlisans programlarından birinden mezun olmak. | 5363 - Tarım | 3069 - Aşağıdaki önlisans programlarından birinden mezun olmak. | 1313 - Tarım Alet ve Makineleri | 8568 - Tarım Makinaları / Tarım Makineleri | 3074 - Aşağıdaki önlisans programlarından birinden mezun olmak. | 1318 - Tarla Bitkileri | 3087 - Aşağıdaki önlisans programlarından birinden mezun olmak. | 1112 - Bahçe Ziraatı | 1125 - Bitkisel Üretim | 9056 - Bahçe Tarımı | 3096 - Aşağıdaki önlisans programlarından birinden mezun olmak. | 1193 - Hayvansal Üretim | 3101 - Aşağıdaki önlisans programlarından birinden mezun olmak. | 5315 - Bitki Koruma | 3137 - Aşağıdaki önlisans programlarından birinden mezun olmak. | 1308 - Sulama Teknolojisi | 1317 - Tarımsal Sulama Yönetimi | 4361 - Tarımsal Sulama;ff93f06c-c25b-eb11-80fa-a0369f7d1484
2020;72;290181115;Tarım ve Orman Bakanlığı Trabzon İl Müdürlüğü Beşikdüzü İlçe Müdürlüğü;Tekniker (Ziraat);Trabzon;Onlisans;1;0;;;"3067;5363;3069;1313;8568;3074;1318;3087;1112;1125;9056;3096;1193;3101;5315;3137;1308;1317;4361";3067 - Aşağıdaki önlisans programlarından birinden mezun olmak. | 5363 - Tarım | 3069 - Aşağıdaki önlisans programlarından birinden mezun olmak. | 1313 - Tarım Alet ve Makineleri | 8568 - Tarım Makinaları / Tarım Makineleri | 3074 - Aşağıdaki önlisans programlarından birinden mezun olmak. | 1318 - Tarla Bitkileri | 3087 - Aşağıdaki önlisans programlarından birinden mezun olmak. | 1112 - Bahçe Ziraatı | 1125 - Bitkisel Üretim | 9056 - Bahçe Tarımı | 3096 - Aşağıdaki önlisans programlarından birinden mezun olmak. | 1193 - Hayvansal Üretim | 3101 - Aşağıdaki önlisans programlarından birinden mezun olmak. | 5315 - Bitki Koruma | 3137 - Aşağıdaki önlisans programlarından birinden mezun olmak. | 1308 - Sulama Teknolojisi | 1317 - Tarımsal Sulama Yönetimi | 4361 - Tarımsal Sulama;0094f06c-c25b-eb11-80fa-a0369f7d1484
2020;72;290181116;Tarım ve Orman Bakanlığı Trabzon İl Müdürlüğü Maçka İlçe Müdürlüğü;Tekniker (Ziraat);Trabzon;Onlisans;1;0;;;"3067;5363;3069;1313;8568;3074;1318;3087;1112;1125;9056;3096;1193;3101;5315;3137;1308;1317;4361";3067 - Aşağıdaki önlisans programlarından birinden mezun olmak. | 5363 - Tarım | 3069 - Aşağıdaki önlisans programlarından birinden mezun olmak. | 1313 - Tarım Alet ve Makineleri | 8568 - Tarım Makinaları / Tarım Makineleri | 3074 - Aşağıdaki önlisans programlarından birinden mezun olmak. | 1318 - Tarla Bitkileri | 3087 - Aşağıdaki önlisans programlarından birinden mezun olmak. | 1112 - Bahçe Ziraatı | 1125 - Bitkisel Üretim | 9056 - Bahçe Tarımı | 3096 - Aşağıdaki önlisans programlarından birinden mezun olmak. | 1193 - Hayvansal Üretim | 3101 - Aşağıdaki önlisans programlarından birinden mezun olmak. | 5315 - Bitki Koruma | 3137 - Aşağıdaki önlisans programlarından birinden mezun olmak. | 1308 - Sulama Teknolojisi | 1317 - Tarımsal Sulama Yönetimi | 4361 - Tarımsal Sulama;0194f06c-c25b-eb11-80fa-a0369f7d1484
2020;72;290181117;Tarım ve Orman Bakanlığı Tunceli İl Müdürlüğü Çemişgezek İlçe Müdürlüğü;Tekniker (Ziraat);Tunceli;Onlisans;1;0;;;"3067;5363;3069;1313;8568;3074;1318;3087;1112;1125;9056;3096;1193;3101;5315;3137;1308;1317;4361";3067 - Aşağıdaki önlisans programlarından birinden mezun olmak. | 5363 - Tarım | 3069 - Aşağıdaki önlisans programlarından birinden mezun olmak. | 1313 - Tarım Alet ve Makineleri | 8568 - Tarım Makinaları / Tarım Makineleri | 3074 - Aşağıdaki önlisans programlarından birinden mezun olmak. | 1318 - Tarla Bitkileri | 3087 - Aşağıdaki önlisans programlarından birinden mezun olmak. | 1112 - Bahçe Ziraatı | 1125 - Bitkisel Üretim | 9056 - Bahçe Tarımı | 3096 - Aşağıdaki önlisans programlarından birinden mezun olmak. | 1193 - Hayvansal Üretim | 3101 - Aşağıdaki önlisans programlarından birinden mezun olmak. | 5315 - Bitki Koruma | 3137 - Aşağıdaki önlisans programlarından birinden mezun olmak. | 1308 - Sulama Teknolojisi | 1317 - Tarımsal Sulama Yönetimi | 4361 - Tarımsal Sulama;0294f06c-c25b-eb11-80fa-a0369f7d1484
2020;72;290181118;Tarım ve Orman Bakanlığı Tunceli İl Müdürlüğü Hozat İlçe Müdürlüğü;Tekniker (Ziraat);Tunceli;Onlisans;1;0;;;"3067;5363;3069;1313;8568;3074;1318;3087;1112;1125;9056;3096;1193;3101;5315;3137;1308;1317;4361";3067 - Aşağıdaki önlisans programlarından birinden mezun olmak. | 5363 - Tarım | 3069 - Aşağıdaki önlisans programlarından birinden mezun olmak. | 1313 - Tarım Alet ve Makineleri | 8568 - Tarım Makinaları / Tarım Makineleri | 3074 - Aşağıdaki önlisans programlarından birinden mezun olmak. | 1318 - Tarla Bitkileri | 3087 - Aşağıdaki önlisans programlarından birinden mezun olmak. | 1112 - Bahçe Ziraatı | 1125 - Bitkisel Üretim | 9056 - Bahçe Tarımı | 3096 - Aşağıdaki önlisans programlarından birinden mezun olmak. | 1193 - Hayvansal Üretim | 3101 - Aşağıdaki önlisans programlarından birinden mezun olmak. | 5315 - Bitki Koruma | 3137 - Aşağıdaki önlisans programlarından birinden mezun olmak. | 1308 - Sulama Teknolojisi | 1317 - Tarımsal Sulama Yönetimi | 4361 - Tarımsal Sulama;0394f06c-c25b-eb11-80fa-a0369f7d1484
2020;72;290181119;Tarım ve Orman Bakanlığı Tunceli İl Müdürlüğü Mazgirt İlçe Müdürlüğü;Tekniker (Ziraat);Tunceli;Onlisans;1;0;;;"3067;5363;3069;1313;8568;3074;1318;3087;1112;1125;9056;3096;1193;3101;5315;3137;1308;1317;4361";3067 - Aşağıdaki önlisans programlarından birinden mezun olmak. | 5363 - Tarım | 3069 - Aşağıdaki önlisans programlarından birinden mezun olmak. | 1313 - Tarım Alet ve Makineleri | 8568 - Tarım Makinaları / Tarım Makineleri | 3074 - Aşağıdaki önlisans programlarından birinden mezun olmak. | 1318 - Tarla Bitkileri | 3087 - Aşağıdaki önlisans programlarından birinden mezun olmak. | 1112 - Bahçe Ziraatı | 1125 - Bitkisel Üretim | 9056 - Bahçe Tarımı | 3096 - Aşağıdaki önlisans programlarından birinden mezun olmak. | 1193 - Hayvansal Üretim | 3101 - Aşağıdaki önlisans programlarından birinden mezun olmak. | 5315 - Bitki Koruma | 3137 - Aşağıdaki önlisans programlarından birinden mezun olmak. | 1308 - Sulama Teknolojisi | 1317 - Tarımsal Sulama Yönetimi | 4361 - Tarımsal Sulama;0494f06c-c25b-eb11-80fa-a0369f7d1484
2020;72;290181120;Tarım ve Orman Bakanlığı Tunceli İl Müdürlüğü Pertek İlçe Müdürlüğü;Tekniker (Ziraat);Tunceli;Onlisans;1;0;;;"3067;5363;3069;1313;8568;3074;1318;3087;1112;1125;9056;3096;1193;3101;5315;3137;1308;1317;4361";3067 - Aşağıdaki önlisans programlarından birinden mezun olmak. | 5363 - Tarım | 3069 - Aşağıdaki önlisans programlarından birinden mezun olmak. | 1313 - Tarım Alet ve Makineleri | 8568 - Tarım Makinaları / Tarım Makineleri | 3074 - Aşağıdaki önlisans programlarından birinden mezun olmak. | 1318 - Tarla Bitkileri | 3087 - Aşağıdaki önlisans programlarından birinden mezun olmak. | 1112 - Bahçe Ziraatı | 1125 - Bitkisel Üretim | 9056 - Bahçe Tarımı | 3096 - Aşağıdaki önlisans programlarından birinden mezun olmak. | 1193 - Hayvansal Üretim | 3101 - Aşağıdaki önlisans programlarından birinden mezun olmak. | 5315 - Bitki Koruma | 3137 - Aşağıdaki önlisans programlarından birinden mezun olmak. | 1308 - Sulama Teknolojisi | 1317 - Tarımsal Sulama Yönetimi | 4361 - Tarımsal Sulama;0594f06c-c25b-eb11-80fa-a0369f7d1484
2020;72;290181121;Tarım ve Orman Bakanlığı Van İl Müdürlüğü Bahçesaray İlçe Müdürlüğü;Tekniker (Ziraat);Van;Onlisans;1;0;;;"3067;5363;3069;1313;8568;3074;1318;3087;1112;1125;9056;3096;1193;3101;5315;3137;1308;1317;4361";3067 - Aşağıdaki önlisans programlarından birinden mezun olmak. | 5363 - Tarım | 3069 - Aşağıdaki önlisans programlarından birinden mezun olmak. | 1313 - Tarım Alet ve Makineleri | 8568 - Tarım Makinaları / Tarım Makineleri | 3074 - Aşağıdaki önlisans programlarından birinden mezun olmak. | 1318 - Tarla Bitkileri | 3087 - Aşağıdaki önlisans programlarından birinden mezun olmak. | 1112 - Bahçe Ziraatı | 1125 - Bitkisel Üretim | 9056 - Bahçe Tarımı | 3096 - Aşağıdaki önlisans programlarından birinden mezun olmak. | 1193 - Hayvansal Üretim | 3101 - Aşağıdaki önlisans programlarından birinden mezun olmak. | 5315 - Bitki Koruma | 3137 - Aşağıdaki önlisans programlarından birinden mezun olmak. | 1308 - Sulama Teknolojisi | 1317 - Tarımsal Sulama Yönetimi | 4361 - Tarımsal Sulama;5694f06c-c25b-eb11-80fa-a0369f7d1484
2020;72;290181122;Tarım ve Orman Bakanlığı Van İl Müdürlüğü Çaldıran İlçe Müdürlüğü;Tekniker (Ziraat);Van;Onlisans;1;0;;;"3067;5363;3069;1313;8568;3074;1318;3087;1112;1125;9056;3096;1193;3101;5315;3137;1308;1317;4361";3067 - Aşağıdaki önlisans programlarından birinden mezun olmak. | 5363 - Tarım | 3069 - Aşağıdaki önlisans programlarından birinden mezun olmak. | 1313 - Tarım Alet ve Makineleri | 8568 - Tarım Makinaları / Tarım Makineleri | 3074 - Aşağıdaki önlisans programlarından birinden mezun olmak. | 1318 - Tarla Bitkileri | 3087 - Aşağıdaki önlisans programlarından birinden mezun olmak. | 1112 - Bahçe Ziraatı | 1125 - Bitkisel Üretim | 9056 - Bahçe Tarımı | 3096 - Aşağıdaki önlisans programlarından birinden mezun olmak. | 1193 - Hayvansal Üretim | 3101 - Aşağıdaki önlisans programlarından birinden mezun olmak. | 5315 - Bitki Koruma | 3137 - Aşağıdaki önlisans programlarından birinden mezun olmak. | 1308 - Sulama Teknolojisi | 1317 - Tarımsal Sulama Yönetimi | 4361 - Tarımsal Sulama;5794f06c-c25b-eb11-80fa-a0369f7d1484
2020;72;290181123;Tarım ve Orman Bakanlığı Van İl Müdürlüğü Gevaş İlçe Müdürlüğü;Tekniker (Ziraat);Van;Onlisans;1;0;;;"3067;5363;3069;1313;8568;3074;1318;3087;1112;1125;9056;3096;1193;3101;5315;3137;1308;1317;4361";3067 - Aşağıdaki önlisans programlarından birinden mezun olmak. | 5363 - Tarım | 3069 - Aşağıdaki önlisans programlarından birinden mezun olmak. | 1313 - Tarım Alet ve Makineleri | 8568 - Tarım Makinaları / Tarım Makineleri | 3074 - Aşağıdaki önlisans programlarından birinden mezun olmak. | 1318 - Tarla Bitkileri | 3087 - Aşağıdaki önlisans programlarından birinden mezun olmak. | 1112 - Bahçe Ziraatı | 1125 - Bitkisel Üretim | 9056 - Bahçe Tarımı | 3096 - Aşağıdaki önlisans programlarından birinden mezun olmak. | 1193 - Hayvansal Üretim | 3101 - Aşağıdaki önlisans programlarından birinden mezun olmak. | 5315 - Bitki Koruma | 3137 - Aşağıdaki önlisans programlarından birinden mezun olmak. | 1308 - Sulama Teknolojisi | 1317 - Tarımsal Sulama Yönetimi | 4361 - Tarımsal Sulama;5894f06c-c25b-eb11-80fa-a0369f7d1484
2020;72;290181124;Tarım ve Orman Bakanlığı Van İl Müdürlüğü Muradiye İlçe Müdürlüğü;Tekniker (Ziraat);Van;Onlisans;1;0;;;"3067;5363;3069;1313;8568;3074;1318;3087;1112;1125;9056;3096;1193;3101;5315;3137;1308;1317;4361";3067 - Aşağıdaki önlisans programlarından birinden mezun olmak. | 5363 - Tarım | 3069 - Aşağıdaki önlisans programlarından birinden mezun olmak. | 1313 - Tarım Alet ve Makineleri | 8568 - Tarım Makinaları / Tarım Makineleri | 3074 - Aşağıdaki önlisans programlarından birinden mezun olmak. | 1318 - Tarla Bitkileri | 3087 - Aşağıdaki önlisans programlarından birinden mezun olmak. | 1112 - Bahçe Ziraatı | 1125 - Bitkisel Üretim | 9056 - Bahçe Tarımı | 3096 - Aşağıdaki önlisans programlarından birinden mezun olmak. | 1193 - Hayvansal Üretim | 3101 - Aşağıdaki önlisans programlarından birinden mezun olmak. | 5315 - Bitki Koruma | 3137 - Aşağıdaki önlisans programlarından birinden mezun olmak. | 1308 - Sulama Teknolojisi | 1317 - Tarımsal Sulama Yönetimi | 4361 - Tarımsal Sulama;5994f06c-c25b-eb11-80fa-a0369f7d1484
2020;72;390181635;Tarım ve Orman Bakanlığı Adana 7. Bölge Müdürlüğü Adana Şube Müdürlüğü;Mühendis (Orman);Adana;Lisans;1;0;;;"4871;6277";4871 - Aşağıdaki lisans programlarından birinden mezun olmak. | 6277 - Orman Mühendisliği;c590f06c-c25b-eb11-80fa-a0369f7d1484
2020;72;390181307;Tarım ve Orman Bakanlığı Adana Gıda Kontrol Laboratuvar Müdürlüğü;Mühendis (Gıda);Adana;Lisans;2;2;;;"4799;3191";4799 - Aşağıdaki lisans programlarından birinden mezun olmak. | 3191 - Gıda Mühendisliği;c090f06c-c25b-eb11-80fa-a0369f7d1484
2020;72;390181308;Tarım ve Orman Bakanlığı Adana İl Müdürlüğü Çukurova İlçe Müdürlüğü;Mühendis (Gıda);Adana;Lisans;1;0;;;"4799;3191";4799 - Aşağıdaki lisans programlarından birinden mezun olmak. | 3191 - Gıda Mühendisliği;c190f06c-c25b-eb11-80fa-a0369f7d1484
2020;72;390181309;Tarım ve Orman Bakanlığı Adana İl Müdürlüğü Seyhan İlçe Müdürlüğü;Mühendis (Gıda);Adana;Lisans;1;0;;;"4799;3191";4799 - Aşağıdaki lisans programlarından birinden mezun olmak. | 3191 - Gıda Mühendisliği;c290f06c-c25b-eb11-80fa-a0369f7d1484
2020;72;390181549;Tarım ve Orman Bakanlığı Adana İl Müdürlüğü Tufanbeyli İlçe Müdürlüğü;Mühendis (Su Ürünleri);Adana;Lisans;1;1;;;"4819;3202;3320;8337";4819 - Aşağıdaki lisans programlarından birinden mezun olmak. | 3202 - Hayvansal Üretim | 3320 - Su Ürünleri | 8337 - Su Ürünleri Mühendisliği;c490f06c-c25b-eb11-80fa-a0369f7d1484
2020;72;390181310;Tarım ve Orman Bakanlığı Adana İl Müdürlüğü Yüreğir İlçe Müdürlüğü;Mühendis (Gıda);Adana;Lisans;1;0;;;"4799;3191";4799 - Aşağıdaki lisans programlarından birinden mezun olmak. | 3191 - Gıda Mühendisliği;c390f06c-c25b-eb11-80fa-a0369f7d1484
2020;72;390181648;Tarım ve Orman Bakanlığı Adana Veteriner Kontrol Enstitüsü Müdürlüğü;Veteriner Hekim;Adana;Lisans;2;1;;;"4607;6373";4607 - Aşağıdaki lisans programlarından birinden mezun olmak. | 6373 - Veteriner;c690f06c-c25b-eb11-80fa-a0369f7d1484
2020;72;390181001;Tarım ve Orman Bakanlığı Adıyaman İl Müdürlüğü Besni İlçe Müdürlüğü;Mühendis (Ziraat);Adıyaman;Lisans;8;5;;;"4825;5135;4831;3202;8258;8289;4845;3385;3386;4212;6131;8147;8158;9048;9269;4846;9114;4853;3325;3383;3384;8221;8263;4854;9106;4857;3382;8261";4825 - Aşağıdaki lisans programlarından birinden mezun olmak. | 5135 - Ziraat Mühendisliği | 4831 - Aşağıdaki lisans programlarından birinden mezun olmak. | 3202 - Hayvansal Üretim | 8258 - Süt Teknolojisi | 8289 - Zootekni / Zooteknik | 4845 - Aşağıdaki lisans programlarından birinden mezun olmak. | 3385 - Tarla Bitkileri | 3386 - Toprak | 4212 - Bahçe ve Tarla Bitkileri | 6131 - Bitkisel Üretim | 8147 - Bahçe Bitkileri | 8158 - Bitki Koruma | 9048 - Toprak Bilimi ve Bitki Besleme | 9269 - Bitkisel Üretim ve Teknolojileri | 4846 - Aşağıdaki lisans programlarından birinden mezun olmak. | 9114 - Biyosistem Mühendisliği | 4853 - Aşağıdaki lisans programlarından birinden mezun olmak. | 3325 - Tarım Teknolojisi | 3383 - Tarım Makineleri | 3384 - Tarımsal Yapılar ve Sulama | 8221 - Kültürteknik | 8263 - Tarımsal Mekanizasyon | 4854 - Aşağıdaki lisans programlarından birinden mezun olmak. | 9106 - Tarımsal Biyoteknoloji | 4857 - Aşağıdaki lisans programlarından birinden mezun olmak. | 3382 - Tarım Ekonomisi | 8261 - Tarım İşletmeciliği;ce90f06c-c25b-eb11-80fa-a0369f7d1484
2020;72;390181002;Tarım ve Orman Bakanlığı Adıyaman İl Müdürlüğü Çelikhan İlçe Müdürlüğü;Mühendis (Ziraat);Adıyaman;Lisans;2;1;;;"4825;5135;4831;3202;8258;8289;4845;3385;3386;4212;6131;8147;8158;9048;9269;4846;9114;4853;3325;3383;3384;8221;8263;4854;9106;4857;3382;8261";4825 - Aşağıdaki lisans programlarından birinden mezun olmak. | 5135 - Ziraat Mühendisliği | 4831 - Aşağıdaki lisans programlarından birinden mezun olmak. | 3202 - Hayvansal Üretim | 8258 - Süt Teknolojisi | 8289 - Zootekni / Zooteknik | 4845 - Aşağıdaki lisans programlarından birinden mezun olmak. | 3385 - Tarla Bitkileri | 3386 - Toprak | 4212 - Bahçe ve Tarla Bitkileri | 6131 - Bitkisel Üretim | 8147 - Bahçe Bitkileri | 8158 - Bitki Koruma | 9048 - Toprak Bilimi ve Bitki Besleme | 9269 - Bitkisel Üretim ve Teknolojileri | 4846 - Aşağıdaki lisans programlarından birinden mezun olmak. | 9114 - Biyosistem Mühendisliği | 4853 - Aşağıdaki lisans programlarından birinden mezun olmak. | 3325 - Tarım Teknolojisi | 3383 - Tarım Makineleri | 3384 - Tarımsal Yapılar ve Sulama | 8221 - Kültürteknik | 8263 - Tarımsal Mekanizasyon | 4854 - Aşağıdaki lisans programlarından birinden mezun olmak. | 9106 - Tarımsal Biyoteknoloji | 4857 - Aşağıdaki lisans programlarından birinden mezun olmak. | 3382 - Tarım Ekonomisi | 8261 - Tarım İşletmeciliği;cf90f06c-c25b-eb11-80fa-a0369f7d1484
2020;72;390181003;Tarım ve Orman Bakanlığı Adıyaman İl Müdürlüğü Gerger İlçe Müdürlüğü;Mühendis (Ziraat);Adıyaman;Lisans;2;0;;;"4825;5135;4831;3202;8258;8289;4845;3385;3386;4212;6131;8147;8158;9048;9269;4846;9114;4853;3325;3383;3384;8221;8263;4854;9106;4857;3382;8261";4825 - Aşağıdaki lisans programlarından birinden mezun olmak. | 5135 - Ziraat Mühendisliği | 4831 - Aşağıdaki lisans programlarından birinden mezun olmak. | 3202 - Hayvansal Üretim | 8258 - Süt Teknolojisi | 8289 - Zootekni / Zooteknik | 4845 - Aşağıdaki lisans programlarından birinden mezun olmak. | 3385 - Tarla Bitkileri | 3386 - Toprak | 4212 - Bahçe ve Tarla Bitkileri | 6131 - Bitkisel Üretim | 8147 - Bahçe Bitkileri | 8158 - Bitki Koruma | 9048 - Toprak Bilimi ve Bitki Besleme | 9269 - Bitkisel Üretim ve Teknolojileri | 4846 - Aşağıdaki lisans programlarından birinden mezun olmak. | 9114 - Biyosistem Mühendisliği | 4853 - Aşağıdaki lisans programlarından birinden mezun olmak. | 3325 - Tarım Teknolojisi | 3383 - Tarım Makineleri | 3384 - Tarımsal Yapılar ve Sulama | 8221 - Kültürteknik | 8263 - Tarımsal Mekanizasyon | 4854 - Aşağıdaki lisans programlarından birinden mezun olmak. | 9106 - Tarımsal Biyoteknoloji | 4857 - Aşağıdaki lisans programlarından birinden mezun olmak. | 3382 - Tarım Ekonomisi | 8261 - Tarım İşletmeciliği;d090f06c-c25b-eb11-80fa-a0369f7d1484
2020;72;390181550;Tarım ve Orman Bakanlığı Adıyaman İl Müdürlüğü Gerger İlçe Müdürlüğü;Mühendis (Su Ürünleri);Adıyaman;Lisans;1;2;;;"4819;3202;3320;8337";4819 - Aşağıdaki lisans programlarından birinden mezun olmak. | 3202 - Hayvansal Üretim | 3320 - Su Ürünleri | 8337 - Su Ürünleri Mühendisliği;ca90f06c-c25b-eb11-80fa-a0369f7d1484
2020;72;390181649;Tarım ve Orman Bakanlığı Adıyaman İl Müdürlüğü Gerger İlçe Müdürlüğü;Veteriner Hekim;Adıyaman;Lisans;3;0;;;"4607;6373";4607 - Aşağıdaki lisans programlarından birinden mezun olmak. | 6373 - Veteriner;c890f06c-c25b-eb11-80fa-a0369f7d1484
2020;72;390181311;Tarım ve Orman Bakanlığı Adıyaman İl Müdürlüğü Gıda ve Yem Şube Müdürlüğü;Mühendis (Gıda);Adıyaman;Lisans;5;1;;;"4799;3191";4799 - Aşağıdaki lisans programlarından birinden mezun olmak. | 3191 - Gıda Mühendisliği;cc90f06c-c25b-eb11-80fa-a0369f7d1484
2020;72;390181004;Tarım ve Orman Bakanlığı Adıyaman İl Müdürlüğü Kahta İlçe Müdürlüğü;Mühendis (Ziraat);Adıyaman;Lisans;1;2;;;"4825;5135;4831;3202;8258;8289;4845;3385;3386;4212;6131;8147;8158;9048;9269;4846;9114;4853;3325;3383;3384;8221;8263;4854;9106;4857;3382;8261";4825 - Aşağıdaki lisans programlarından birinden mezun olmak. | 5135 - Ziraat Mühendisliği | 4831 - Aşağıdaki lisans programlarından birinden mezun olmak. | 3202 - Hayvansal Üretim | 8258 - Süt Teknolojisi | 8289 - Zootekni / Zooteknik | 4845 - Aşağıdaki lisans programlarından birinden mezun olmak. | 3385 - Tarla Bitkileri | 3386 - Toprak | 4212 - Bahçe ve Tarla Bitkileri | 6131 - Bitkisel Üretim | 8147 - Bahçe Bitkileri | 8158 - Bitki Koruma | 9048 - Toprak Bilimi ve Bitki Besleme | 9269 - Bitkisel Üretim ve Teknolojileri | 4846 - Aşağıdaki lisans programlarından birinden mezun olmak. | 9114 - Biyosistem Mühendisliği | 4853 - Aşağıdaki lisans programlarından birinden mezun olmak. | 3325 - Tarım Teknolojisi | 3383 - Tarım Makineleri | 3384 - Tarımsal Yapılar ve Sulama | 8221 - Kültürteknik | 8263 - Tarımsal Mekanizasyon | 4854 - Aşağıdaki lisans programlarından birinden mezun olmak. | 9106 - Tarımsal Biyoteknoloji | 4857 - Aşağıdaki lisans programlarından birinden mezun olmak. | 3382 - Tarım Ekonomisi | 8261 - Tarım İşletmeciliği;d190f06c-c25b-eb11-80fa-a0369f7d1484
2020;72;390181312;Tarım ve Orman Bakanlığı Adıyaman İl Müdürlüğü Kahta İlçe Müdürlüğü;Mühendis (Gıda);Adıyaman;Lisans;2;0;;;"4799;3191";4799 - Aşağıdaki lisans programlarından birinden mezun olmak. | 3191 - Gıda Mühendisliği;cd90f06c-c25b-eb11-80fa-a0369f7d1484
2020;72;390181551;Tarım ve Orman Bakanlığı Adıyaman İl Müdürlüğü Kahta İlçe Müdürlüğü;Mühendis (Su Ürünleri);Adıyaman;Lisans;1;1;;;"4819;3202;3320;8337";4819 - Aşağıdaki lisans programlarından birinden mezun olmak. | 3202 - Hayvansal Üretim | 3320 - Su Ürünleri | 8337 - Su Ürünleri Mühendisliği;cb90f06c-c25b-eb11-80fa-a0369f7d1484
2020;72;390181005;Tarım ve Orman Bakanlığı Adıyaman İl Müdürlüğü Samsat İlçe Müdürlüğü;Mühendis (Ziraat);Adıyaman;Lisans;4;4;;;"4825;5135;4831;3202;8258;8289;4845;3385;3386;4212;6131;8147;8158;9048;9269;4846;9114;4853;3325;3383;3384;8221;8263;4854;9106;4857;3382;8261";4825 - Aşağıdaki lisans programlarından birinden mezun olmak. | 5135 - Ziraat Mühendisliği | 4831 - Aşağıdaki lisans programlarından birinden mezun olmak. | 3202 - Hayvansal Üretim | 8258 - Süt Teknolojisi | 8289 - Zootekni / Zooteknik | 4845 - Aşağıdaki lisans programlarından birinden mezun olmak. | 3385 - Tarla Bitkileri | 3386 - Toprak | 4212 - Bahçe ve Tarla Bitkileri | 6131 - Bitkisel Üretim | 8147 - Bahçe Bitkileri | 8158 - Bitki Koruma | 9048 - Toprak Bilimi ve Bitki Besleme | 9269 - Bitkisel Üretim ve Teknolojileri | 4846 - Aşağıdaki lisans programlarından birinden mezun olmak. | 9114 - Biyosistem Mühendisliği | 4853 - Aşağıdaki lisans programlarından birinden mezun olmak. | 3325 - Tarım Teknolojisi | 3383 - Tarım Makineleri | 3384 - Tarımsal Yapılar ve Sulama | 8221 - Kültürteknik | 8263 - Tarımsal Mekanizasyon | 4854 - Aşağıdaki lisans programlarından birinden mezun olmak. | 9106 - Tarımsal Biyoteknoloji | 4857 - Aşağıdaki lisans programlarından birinden mezun olmak. | 3382 - Tarım Ekonomisi | 8261 - Tarım İşletmeciliği;d290f06c-c25b-eb11-80fa-a0369f7d1484
2020;72;390181006;Tarım ve Orman Bakanlığı Adıyaman İl Müdürlüğü Sincik İlçe Müdürlüğü;Mühendis (Ziraat);Adıyaman;Lisans;2;0;;;"4825;5135;4831;3202;8258;8289;4845;3385;3386;4212;6131;8147;8158;9048;9269;4846;9114;4853;3325;3383;3384;8221;8263;4854;9106;4857;3382;8261";4825 - Aşağıdaki lisans programlarından birinden mezun olmak. | 5135 - Ziraat Mühendisliği | 4831 - Aşağıdaki lisans programlarından birinden mezun olmak. | 3202 - Hayvansal Üretim | 8258 - Süt Teknolojisi | 8289 - Zootekni / Zooteknik | 4845 - Aşağıdaki lisans programlarından birinden mezun olmak. | 3385 - Tarla Bitkileri | 3386 - Toprak | 4212 - Bahçe ve Tarla Bitkileri | 6131 - Bitkisel Üretim | 8147 - Bahçe Bitkileri | 8158 - Bitki Koruma | 9048 - Toprak Bilimi ve Bitki Besleme | 9269 - Bitkisel Üretim ve Teknolojileri | 4846 - Aşağıdaki lisans programlarından birinden mezun olmak. | 9114 - Biyosistem Mühendisliği | 4853 - Aşağıdaki lisans programlarından birinden mezun olmak. | 3325 - Tarım Teknolojisi | 3383 - Tarım Makineleri | 3384 - Tarımsal Yapılar ve Sulama | 8221 - Kültürteknik | 8263 - Tarımsal Mekanizasyon | 4854 - Aşağıdaki lisans programlarından birinden mezun olmak. | 9106 - Tarımsal Biyoteknoloji | 4857 - Aşağıdaki lisans programlarından birinden mezun olmak. | 3382 - Tarım Ekonomisi | 8261 - Tarım İşletmeciliği;d390f06c-c25b-eb11-80fa-a0369f7d1484
2020;72;390181650;Tarım ve Orman Bakanlığı Adıyaman İl Müdürlüğü Sincik İlçe Müdürlüğü;Veteriner Hekim;Adıyaman;Lisans;1;0;;;"4607;6373";4607 - Aşağıdaki lisans programlarından birinden mezun olmak. | 6373 - Veteriner;c990f06c-c25b-eb11-80fa-a0369f7d1484
2020;72;390181007;Tarım ve Orman Bakanlığı Adıyaman İl Müdürlüğü Tut İlçe Müdürlüğü;Mühendis (Ziraat);Adıyaman;Lisans;1;2;;;"4825;5135;4831;3202;8258;8289;4845;3385;3386;4212;6131;8147;8158;9048;9269;4846;9114;4853;3325;3383;3384;8221;8263;4854;9106;4857;3382;8261";4825 - Aşağıdaki lisans programlarından birinden mezun olmak. | 5135 - Ziraat Mühendisliği | 4831 - Aşağıdaki lisans programlarından birinden mezun olmak. | 3202 - Hayvansal Üretim | 8258 - Süt Teknolojisi | 8289 - Zootekni / Zooteknik | 4845 - Aşağıdaki lisans programlarından birinden mezun olmak. | 3385 - Tarla Bitkileri | 3386 - Toprak | 4212 - Bahçe ve Tarla Bitkileri | 6131 - Bitkisel Üretim | 8147 - Bahçe Bitkileri | 8158 - Bitki Koruma | 9048 - Toprak Bilimi ve Bitki Besleme | 9269 - Bitkisel Üretim ve Teknolojileri | 4846 - Aşağıdaki lisans programlarından birinden mezun olmak. | 9114 - Biyosistem Mühendisliği | 4853 - Aşağıdaki lisans programlarından birinden mezun olmak. | 3325 - Tarım Teknolojisi | 3383 - Tarım Makineleri | 3384 - Tarımsal Yapılar ve Sulama | 8221 - Kültürteknik | 8263 - Tarımsal Mekanizasyon | 4854 - Aşağıdaki lisans programlarından birinden mezun olmak. | 9106 - Tarımsal Biyoteknoloji | 4857 - Aşağıdaki lisans programlarından birinden mezun olmak. | 3382 - Tarım Ekonomisi | 8261 - Tarım İşletmeciliği;d490f06c-c25b-eb11-80fa-a0369f7d1484
2020;72;390181008;Tarım ve Orman Bakanlığı Adıyaman Sert Kabuklu Meyveler Araştırma Enstitüsü Müdürlüğü;Mühendis (Bahçe Bitkileri);Adıyaman;Lisans;2;0;;;"4845;3385;3386;4212;6131;8147;8158;9048;9269";4845 - Aşağıdaki lisans programlarından birinden mezun olmak. | 3385 - Tarla Bitkileri | 3386 - Toprak | 4212 - Bahçe ve Tarla Bitkileri | 6131 - Bitkisel Üretim | 8147 - Bahçe Bitkileri | 8158 - Bitki Koruma | 9048 - Toprak Bilimi ve Bitki Besleme | 9269 - Bitkisel Üretim ve Teknolojileri;d590f06c-c25b-eb11-80fa-a0369f7d1484
2020;72;390181651;Tarım ve Orman Bakanlığı Afyonkarahisar İl Müdürlüğü Bayat İlçe Müdürlüğü;Veteriner Hekim;Afyonkarahisar;Lisans;1;1;;;"4607;6373";4607 - Aşağıdaki lisans programlarından birinden mezun olmak. | 6373 - Veteriner;e290f06c-c25b-eb11-80fa-a0369f7d1484
2020;72;390181313;Tarım ve Orman Bakanlığı Afyonkarahisar İl Müdürlüğü Bolvadin İlçe Müdürlüğü;Mühendis (Gıda);Afyonkarahisar;Lisans;1;1;;;"4799;3191";4799 - Aşağıdaki lisans programlarından birinden mezun olmak. | 3191 - Gıda Mühendisliği;df90f06c-c25b-eb11-80fa-a0369f7d1484
2020;72;390181314;Tarım ve Orman Bakanlığı Afyonkarahisar İl Müdürlüğü Çay İlçe Müdürlüğü;Mühendis (Gıda);Afyonkarahisar;Lisans;1;0;;;"4799;3191";4799 - Aşağıdaki lisans programlarından birinden mezun olmak. | 3191 - Gıda Mühendisliği;e090f06c-c25b-eb11-80fa-a0369f7d1484
2020;72;390181009;Tarım ve Orman Bakanlığı Afyonkarahisar İl Müdürlüğü Dazkırı İlçe Müdürlüğü;Mühendis (Ziraat);Afyonkarahisar;Lisans;1;5;;;"4825;5135;4831;3202;8258;8289;4845;3385;3386;4212;6131;8147;8158;9048;9269;4846;9114;4853;3325;3383;3384;8221;8263;4854;9106;4857;3382;8261";4825 - Aşağıdaki lisans programlarından birinden mezun olmak. | 5135 - Ziraat Mühendisliği | 4831 - Aşağıdaki lisans programlarından birinden mezun olmak. | 3202 - Hayvansal Üretim | 8258 - Süt Teknolojisi | 8289 - Zootekni / Zooteknik | 4845 - Aşağıdaki lisans programlarından birinden mezun olmak. | 3385 - Tarla Bitkileri | 3386 - Toprak | 4212 - Bahçe ve Tarla Bitkileri | 6131 - Bitkisel Üretim | 8147 - Bahçe Bitkileri | 8158 - Bitki Koruma | 9048 - Toprak Bilimi ve Bitki Besleme | 9269 - Bitkisel Üretim ve Teknolojileri | 4846 - Aşağıdaki lisans programlarından birinden mezun olmak. | 9114 - Biyosistem Mühendisliği | 4853 - Aşağıdaki lisans programlarından birinden mezun olmak. | 3325 - Tarım Teknolojisi | 3383 - Tarım Makineleri | 3384 - Tarımsal Yapılar ve Sulama | 8221 - Kültürteknik | 8263 - Tarımsal Mekanizasyon | 4854 - Aşağıdaki lisans programlarından birinden mezun olmak. | 9106 - Tarımsal Biyoteknoloji | 4857 - Aşağıdaki lisans programlarından birinden mezun olmak. | 3382 - Tarım Ekonomisi | 8261 - Tarım İşletmeciliği;d690f06c-c25b-eb11-80fa-a0369f7d1484
2020;72;390181010;Tarım ve Orman Bakanlığı Afyonkarahisar İl Müdürlüğü Emirdağ İlçe Müdürlüğü;Mühendis (Ziraat);Afyonkarahisar;Lisans;1;5;;;"4825;5135;4831;3202;8258;8289;4845;3385;3386;4212;6131;8147;8158;9048;9269;4846;9114;4853;3325;3383;3384;8221;8263;4854;9106;4857;3382;8261";4825 - Aşağıdaki lisans programlarından birinden mezun olmak. | 5135 - Ziraat Mühendisliği | 4831 - Aşağıdaki lisans programlarından birinden mezun olmak. | 3202 - Hayvansal Üretim | 8258 - Süt Teknolojisi | 8289 - Zootekni / Zooteknik | 4845 - Aşağıdaki lisans programlarından birinden mezun olmak. | 3385 - Tarla Bitkileri | 3386 - Toprak | 4212 - Bahçe ve Tarla Bitkileri | 6131 - Bitkisel Üretim | 8147 - Bahçe Bitkileri | 8158 - Bitki Koruma | 9048 - Toprak Bilimi ve Bitki Besleme | 9269 - Bitkisel Üretim ve Teknolojileri | 4846 - Aşağıdaki lisans programlarından birinden mezun olmak. | 9114 - Biyosistem Mühendisliği | 4853 - Aşağıdaki lisans programlarından birinden mezun olmak. | 3325 - Tarım Teknolojisi | 3383 - Tarım Makineleri | 3384 - Tarımsal Yapılar ve Sulama | 8221 - Kültürteknik | 8263 - Tarımsal Mekanizasyon | 4854 - Aşağıdaki lisans programlarından birinden mezun olmak. | 9106 - Tarımsal Biyoteknoloji | 4857 - Aşağıdaki lisans programlarından birinden mezun olmak. | 3382 - Tarım Ekonomisi | 8261 - Tarım İşletmeciliği;d790f06c-c25b-eb11-80fa-a0369f7d1484
2020;72;390181315;Tarım ve Orman Bakanlığı Afyonkarahisar İl Müdürlüğü Emirdağ İlçe Müdürlüğü;Mühendis (Gıda);Afyonkarahisar;Lisans;1;1;;;"4799;3191";4799 - Aşağıdaki lisans programlarından birinden mezun olmak. | 3191 - Gıda Mühendisliği;e190f06c-c25b-eb11-80fa-a0369f7d1484
2020;72;390181011;Tarım ve Orman Bakanlığı Afyonkarahisar İl Müdürlüğü Evciler İlçe Müdürlüğü;Mühendis (Ziraat);Afyonkarahisar;Lisans;1;3;;;"4825;5135;4831;3202;8258;8289;4845;3385;3386;4212;6131;8147;8158;9048;9269;4846;9114;4853;3325;3383;3384;8221;8263;4854;9106;4857;3382;8261";4825 - Aşağıdaki lisans programlarından birinden mezun olmak. | 5135 - Ziraat Mühendisliği | 4831 - Aşağıdaki lisans programlarından birinden mezun olmak. | 3202 - Hayvansal Üretim | 8258 - Süt Teknolojisi | 8289 - Zootekni / Zooteknik | 4845 - Aşağıdaki lisans programlarından birinden mezun olmak. | 3385 - Tarla Bitkileri | 3386 - Toprak | 4212 - Bahçe ve Tarla Bitkileri | 6131 - Bitkisel Üretim | 8147 - Bahçe Bitkileri | 8158 - Bitki Koruma | 9048 - Toprak Bilimi ve Bitki Besleme | 9269 - Bitkisel Üretim ve Teknolojileri | 4846 - Aşağıdaki lisans programlarından birinden mezun olmak. | 9114 - Biyosistem Mühendisliği | 4853 - Aşağıdaki lisans programlarından birinden mezun olmak. | 3325 - Tarım Teknolojisi | 3383 - Tarım Makineleri | 3384 - Tarımsal Yapılar ve Sulama | 8221 - Kültürteknik | 8263 - Tarımsal Mekanizasyon | 4854 - Aşağıdaki lisans programlarından birinden mezun olmak. | 9106 - Tarımsal Biyoteknoloji | 4857 - Aşağıdaki lisans programlarından birinden mezun olmak. | 3382 - Tarım Ekonomisi | 8261 - Tarım İşletmeciliği;d890f06c-c25b-eb11-80fa-a0369f7d1484
2020;72;390181012;Tarım ve Orman Bakanlığı Afyonkarahisar İl Müdürlüğü Hocalar İlçe Müdürlüğü;Mühendis (Ziraat);Afyonkarahisar;Lisans;1;4;;;"4825;5135;4831;3202;8258;8289;4845;3385;3386;4212;6131;8147;8158;9048;9269;4846;9114;4853;3325;3383;3384;8221;8263;4854;9106;4857;3382;8261";4825 - Aşağıdaki lisans programlarından birinden mezun olmak. | 5135 - Ziraat Mühendisliği | 4831 - Aşağıdaki lisans programlarından birinden mezun olmak. | 3202 - Hayvansal Üretim | 8258 - Süt Teknolojisi | 8289 - Zootekni / Zooteknik | 4845 - Aşağıdaki lisans programlarından birinden mezun olmak. | 3385 - Tarla Bitkileri | 3386 - Toprak | 4212 - Bahçe ve Tarla Bitkileri | 6131 - Bitkisel Üretim | 8147 - Bahçe Bitkileri | 8158 - Bitki Koruma | 9048 - Toprak Bilimi ve Bitki Besleme | 9269 - Bitkisel Üretim ve Teknolojileri | 4846 - Aşağıdaki lisans programlarından birinden mezun olmak. | 9114 - Biyosistem Mühendisliği | 4853 - Aşağıdaki lisans programlarından birinden mezun olmak. | 3325 - Tarım Teknolojisi | 3383 - Tarım Makineleri | 3384 - Tarımsal Yapılar ve Sulama | 8221 - Kültürteknik | 8263 - Tarımsal Mekanizasyon | 4854 - Aşağıdaki lisans programlarından birinden mezun olmak. | 9106 - Tarımsal Biyoteknoloji | 4857 - Aşağıdaki lisans programlarından birinden mezun olmak. | 3382 - Tarım Ekonomisi | 8261 - Tarım İşletmeciliği;d990f06c-c25b-eb11-80fa-a0369f7d1484
2020;72;390181652;Tarım ve Orman Bakanlığı Afyonkarahisar İl Müdürlüğü Hocalar İlçe Müdürlüğü;Veteriner Hekim;Afyonkarahisar;Lisans;1;1;;;"4607;6373";4607 - Aşağıdaki lisans programlarından birinden mezun olmak. | 6373 - Veteriner;e390f06c-c25b-eb11-80fa-a0369f7d1484
2020;72;390181653;Tarım ve Orman Bakanlığı Afyonkarahisar İl Müdürlüğü Sinanpaşa İlçe Müdürlüğü;Veteriner Hekim;Afyonkarahisar;Lisans;1;1;;;"4607;6373";4607 - Aşağıdaki lisans programlarından birinden mezun olmak. | 6373 - Veteriner;e490f06c-c25b-eb11-80fa-a0369f7d1484
2020;72;390181013;Tarım ve Orman Bakanlığı Afyonkarahisar İl Müdürlüğü Sultandağı İlçe Müdürlüğü;Mühendis (Ziraat);Afyonkarahisar;Lisans;1;3;;;"4825;5135;4831;3202;8258;8289;4845;3385;3386;4212;6131;8147;8158;9048;9269;4846;9114;4853;3325;3383;3384;8221;8263;4854;9106;4857;3382;8261";4825 - Aşağıdaki lisans programlarından birinden mezun olmak. | 5135 - Ziraat Mühendisliği | 4831 - Aşağıdaki lisans programlarından birinden mezun olmak. | 3202 - Hayvansal Üretim | 8258 - Süt Teknolojisi | 8289 - Zootekni / Zooteknik | 4845 - Aşağıdaki lisans programlarından birinden mezun olmak. | 3385 - Tarla Bitkileri | 3386 - Toprak | 4212 - Bahçe ve Tarla Bitkileri | 6131 - Bitkisel Üretim | 8147 - Bahçe Bitkileri | 8158 - Bitki Koruma | 9048 - Toprak Bilimi ve Bitki Besleme | 9269 - Bitkisel Üretim ve Teknolojileri | 4846 - Aşağıdaki lisans programlarından birinden mezun olmak. | 9114 - Biyosistem Mühendisliği | 4853 - Aşağıdaki lisans programlarından birinden mezun olmak. | 3325 - Tarım Teknolojisi | 3383 - Tarım Makineleri | 3384 - Tarımsal Yapılar ve Sulama | 8221 - Kültürteknik | 8263 - Tarımsal Mekanizasyon | 4854 - Aşağıdaki lisans programlarından birinden mezun olmak. | 9106 - Tarımsal Biyoteknoloji | 4857 - Aşağıdaki lisans programlarından birinden mezun olmak. | 3382 - Tarım Ekonomisi | 8261 - Tarım İşletmeciliği;da90f06c-c25b-eb11-80fa-a0369f7d1484
2020;72;390181014;Tarım ve Orman Bakanlığı Afyonkarahisar İl Müdürlüğü Şuhut İlçe Müdürlüğü;Mühendis (Ziraat);Afyonkarahisar;Lisans;1;4;;;"4825;5135;4831;3202;8258;8289;4845;3385;3386;4212;6131;8147;8158;9048;9269;4846;9114;4853;3325;3383;3384;8221;8263;4854;9106;4857;3382;8261";4825 - Aşağıdaki lisans programlarından birinden mezun olmak. | 5135 - Ziraat Mühendisliği | 4831 - Aşağıdaki lisans programlarından birinden mezun olmak. | 3202 - Hayvansal Üretim | 8258 - Süt Teknolojisi | 8289 - Zootekni / Zooteknik | 4845 - Aşağıdaki lisans programlarından birinden mezun olmak. | 3385 - Tarla Bitkileri | 3386 - Toprak | 4212 - Bahçe ve Tarla Bitkileri | 6131 - Bitkisel Üretim | 8147 - Bahçe Bitkileri | 8158 - Bitki Koruma | 9048 - Toprak Bilimi ve Bitki Besleme | 9269 - Bitkisel Üretim ve Teknolojileri | 4846 - Aşağıdaki lisans programlarından birinden mezun olmak. | 9114 - Biyosistem Mühendisliği | 4853 - Aşağıdaki lisans programlarından birinden mezun olmak. | 3325 - Tarım Teknolojisi | 3383 - Tarım Makineleri | 3384 - Tarımsal Yapılar ve Sulama | 8221 - Kültürteknik | 8263 - Tarımsal Mekanizasyon | 4854 - Aşağıdaki lisans programlarından birinden mezun olmak. | 9106 - Tarımsal Biyoteknoloji | 4857 - Aşağıdaki lisans programlarından birinden mezun olmak. | 3382 - Tarım Ekonomisi | 8261 - Tarım İşletmeciliği;db90f06c-c25b-eb11-80fa-a0369f7d1484
2020;72;390181654;Tarım ve Orman Bakanlığı Afyonkarahisar İl Müdürlüğü Şuhut İlçe Müdürlüğü;Veteriner Hekim;Afyonkarahisar;Lisans;2;1;;;"4607;6373";4607 - Aşağıdaki lisans programlarından birinden mezun olmak. | 6373 - Veteriner;e590f06c-c25b-eb11-80fa-a0369f7d1484
2020;72;390181655;Tarım ve Orman Bakanlığı Ağrı Gürbulak Veteriner Sınır Kontrol Noktası Müdürlüğü;Veteriner Hekim;Ağrı;Lisans;3;0;;;"4607;6373";4607 - Aşağıdaki lisans programlarından birinden mezun olmak. | 6373 - Veteriner;e690f06c-c25b-eb11-80fa-a0369f7d1484
2020;72;390181015;Tarım ve Orman Bakanlığı Ağrı İl Müdürlüğü Arazi Toplulaştırma ve Tarımsal Altyapı Şube Müdürlüğü;Mühendis (Ziraat);Ağrı;Lisans;2;0;;;"4825;5135;4831;3202;8258;8289;4845;3385;3386;4212;6131;8147;8158;9048;9269;4846;9114;4853;3325;3383;3384;8221;8263;4854;9106;4857;3382;8261";4825 - Aşağıdaki lisans programlarından birinden mezun olmak. | 5135 - Ziraat Mühendisliği | 4831 - Aşağıdaki lisans programlarından birinden mezun olmak. | 3202 - Hayvansal Üretim | 8258 - Süt Teknolojisi | 8289 - Zootekni / Zooteknik | 4845 - Aşağıdaki lisans programlarından birinden mezun olmak. | 3385 - Tarla Bitkileri | 3386 - Toprak | 4212 - Bahçe ve Tarla Bitkileri | 6131 - Bitkisel Üretim | 8147 - Bahçe Bitkileri | 8158 - Bitki Koruma | 9048 - Toprak Bilimi ve Bitki Besleme | 9269 - Bitkisel Üretim ve Teknolojileri | 4846 - Aşağıdaki lisans programlarından birinden mezun olmak. | 9114 - Biyosistem Mühendisliği | 4853 - Aşağıdaki lisans programlarından birinden mezun olmak. | 3325 - Tarım Teknolojisi | 3383 - Tarım Makineleri | 3384 - Tarımsal Yapılar ve Sulama | 8221 - Kültürteknik | 8263 - Tarımsal Mekanizasyon | 4854 - Aşağıdaki lisans programlarından birinden mezun olmak. | 9106 - Tarımsal Biyoteknoloji | 4857 - Aşağıdaki lisans programlarından birinden mezun olmak. | 3382 - Tarım Ekonomisi | 8261 - Tarım İşletmeciliği;0291f06c-c25b-eb11-80fa-a0369f7d1484
2020;72;390181016;Tarım ve Orman Bakanlığı Ağrı İl Müdürlüğü Bitkisel Üretim ve Bitki Sağlığı Şube Müdürlüğü;Mühendis (Ziraat);Ağrı;Lisans;8;2;;;"4825;5135;4831;3202;8258;8289;4845;3385;3386;4212;6131;8147;8158;9048;9269;4846;9114;4853;3325;3383;3384;8221;8263;4854;9106;4857;3382;8261";4825 - Aşağıdaki lisans programlarından birinden mezun olmak. | 5135 - Ziraat Mühendisliği | 4831 - Aşağıdaki lisans programlarından birinden mezun olmak. | 3202 - Hayvansal Üretim | 8258 - Süt Teknolojisi | 8289 - Zootekni / Zooteknik | 4845 - Aşağıdaki lisans programlarından birinden mezun olmak. | 3385 - Tarla Bitkileri | 3386 - Toprak | 4212 - Bahçe ve Tarla Bitkileri | 6131 - Bitkisel Üretim | 8147 - Bahçe Bitkileri | 8158 - Bitki Koruma | 9048 - Toprak Bilimi ve Bitki Besleme | 9269 - Bitkisel Üretim ve Teknolojileri | 4846 - Aşağıdaki lisans programlarından birinden mezun olmak. | 9114 - Biyosistem Mühendisliği | 4853 - Aşağıdaki lisans programlarından birinden mezun olmak. | 3325 - Tarım Teknolojisi | 3383 - Tarım Makineleri | 3384 - Tarımsal Yapılar ve Sulama | 8221 - Kültürteknik | 8263 - Tarımsal Mekanizasyon | 4854 - Aşağıdaki lisans programlarından birinden mezun olmak. | 9106 - Tarımsal Biyoteknoloji | 4857 - Aşağıdaki lisans programlarından birinden mezun olmak. | 3382 - Tarım Ekonomisi | 8261 - Tarım İşletmeciliği;0391f06c-c25b-eb11-80fa-a0369f7d1484
2020;72;390181017;Tarım ve Orman Bakanlığı Ağrı İl Müdürlüğü Diyadin İlçe Müdürlüğü;Mühendis (Ziraat);Ağrı;Lisans;6;2;;;"4825;5135;4831;3202;8258;8289;4845;3385;3386;4212;6131;8147;8158;9048;9269;4846;9114;4853;3325;3383;3384;8221;8263;4854;9106;4857;3382;8261";4825 - Aşağıdaki lisans programlarından birinden mezun olmak. | 5135 - Ziraat Mühendisliği | 4831 - Aşağıdaki lisans programlarından birinden mezun olmak. | 3202 - Hayvansal Üretim | 8258 - Süt Teknolojisi | 8289 - Zootekni / Zooteknik | 4845 - Aşağıdaki lisans programlarından birinden mezun olmak. | 3385 - Tarla Bitkileri | 3386 - Toprak | 4212 - Bahçe ve Tarla Bitkileri | 6131 - Bitkisel Üretim | 8147 - Bahçe Bitkileri | 8158 - Bitki Koruma | 9048 - Toprak Bilimi ve Bitki Besleme | 9269 - Bitkisel Üretim ve Teknolojileri | 4846 - Aşağıdaki lisans programlarından birinden mezun olmak. | 9114 - Biyosistem Mühendisliği | 4853 - Aşağıdaki lisans programlarından birinden mezun olmak. | 3325 - Tarım Teknolojisi | 3383 - Tarım Makineleri | 3384 - Tarımsal Yapılar ve Sulama | 8221 - Kültürteknik | 8263 - Tarımsal Mekanizasyon | 4854 - Aşağıdaki lisans programlarından birinden mezun olmak. | 9106 - Tarımsal Biyoteknoloji | 4857 - Aşağıdaki lisans programlarından birinden mezun olmak. | 3382 - Tarım Ekonomisi | 8261 - Tarım İşletmeciliği;0491f06c-c25b-eb11-80fa-a0369f7d1484
2020;72;390181656;Tarım ve Orman Bakanlığı Ağrı İl Müdürlüğü Diyadin İlçe Müdürlüğü;Veteriner Hekim;Ağrı;Lisans;7;0;;;"4607;6373";4607 - Aşağıdaki lisans programlarından birinden mezun olmak. | 6373 - Veteriner;e790f06c-c25b-eb11-80fa-a0369f7d1484
2020;72;390181018;Tarım ve Orman Bakanlığı Ağrı İl Müdürlüğü Doğubeyazıt İlçe Müdürlüğü;Mühendis (Ziraat);Ağrı;Lisans;7;2;;;"4825;5135;4831;3202;8258;8289;4845;3385;3386;4212;6131;8147;8158;9048;9269;4846;9114;4853;3325;3383;3384;8221;8263;4854;9106;4857;3382;8261";4825 - Aşağıdaki lisans programlarından birinden mezun olmak. | 5135 - Ziraat Mühendisliği | 4831 - Aşağıdaki lisans programlarından birinden mezun olmak. | 3202 - Hayvansal Üretim | 8258 - Süt Teknolojisi | 8289 - Zootekni / Zooteknik | 4845 - Aşağıdaki lisans programlarından birinden mezun olmak. | 3385 - Tarla Bitkileri | 3386 - Toprak | 4212 - Bahçe ve Tarla Bitkileri | 6131 - Bitkisel Üretim | 8147 - Bahçe Bitkileri | 8158 - Bitki Koruma | 9048 - Toprak Bilimi ve Bitki Besleme | 9269 - Bitkisel Üretim ve Teknolojileri | 4846 - Aşağıdaki lisans programlarından birinden mezun olmak. | 9114 - Biyosistem Mühendisliği | 4853 - Aşağıdaki lisans programlarından birinden mezun olmak. | 3325 - Tarım Teknolojisi | 3383 - Tarım Makineleri | 3384 - Tarımsal Yapılar ve Sulama | 8221 - Kültürteknik | 8263 - Tarımsal Mekanizasyon | 4854 - Aşağıdaki lisans programlarından birinden mezun olmak. | 9106 - Tarımsal Biyoteknoloji | 4857 - Aşağıdaki lisans programlarından birinden mezun olmak. | 3382 - Tarım Ekonomisi | 8261 - Tarım İşletmeciliği;0591f06c-c25b-eb11-80fa-a0369f7d1484
2020;72;390181316;Tarım ve Orman Bakanlığı Ağrı İl Müdürlüğü Doğubeyazıt İlçe Müdürlüğü;Mühendis (Gıda);Ağrı;Lisans;1;1;;;"4799;3191";4799 - Aşağıdaki lisans programlarından birinden mezun olmak. | 3191 - Gıda Mühendisliği;f090f06c-c25b-eb11-80fa-a0369f7d1484
2020;72;390181657;Tarım ve Orman Bakanlığı Ağrı İl Müdürlüğü Doğubeyazıt İlçe Müdürlüğü;Veteriner Hekim;Ağrı;Lisans;10;0;;;"4607;6373";4607 - Aşağıdaki lisans programlarından birinden mezun olmak. | 6373 - Veteriner;e890f06c-c25b-eb11-80fa-a0369f7d1484
2020;72;390181019;Tarım ve Orman Bakanlığı Ağrı İl Müdürlüğü Eleşkirt İlçe Müdürlüğü;Mühendis (Ziraat);Ağrı;Lisans;5;1;;;"4825;5135;4831;3202;8258;8289;4845;3385;3386;4212;6131;8147;8158;9048;9269;4846;9114;4853;3325;3383;3384;8221;8263;4854;9106;4857;3382;8261";4825 - Aşağıdaki lisans programlarından birinden mezun olmak. | 5135 - Ziraat Mühendisliği | 4831 - Aşağıdaki lisans programlarından birinden mezun olmak. | 3202 - Hayvansal Üretim | 8258 - Süt Teknolojisi | 8289 - Zootekni / Zooteknik | 4845 - Aşağıdaki lisans programlarından birinden mezun olmak. | 3385 - Tarla Bitkileri | 3386 - Toprak | 4212 - Bahçe ve Tarla Bitkileri | 6131 - Bitkisel Üretim | 8147 - Bahçe Bitkileri | 8158 - Bitki Koruma | 9048 - Toprak Bilimi ve Bitki Besleme | 9269 - Bitkisel Üretim ve Teknolojileri | 4846 - Aşağıdaki lisans programlarından birinden mezun olmak. | 9114 - Biyosistem Mühendisliği | 4853 - Aşağıdaki lisans programlarından birinden mezun olmak. | 3325 - Tarım Teknolojisi | 3383 - Tarım Makineleri | 3384 - Tarımsal Yapılar ve Sulama | 8221 - Kültürteknik | 8263 - Tarımsal Mekanizasyon | 4854 - Aşağıdaki lisans programlarından birinden mezun olmak. | 9106 - Tarımsal Biyoteknoloji | 4857 - Aşağıdaki lisans programlarından birinden mezun olmak. | 3382 - Tarım Ekonomisi | 8261 - Tarım İşletmeciliği;0691f06c-c25b-eb11-80fa-a0369f7d1484
2020;72;390181658;Tarım ve Orman Bakanlığı Ağrı İl Müdürlüğü Eleşkirt İlçe Müdürlüğü;Veteriner Hekim;Ağrı;Lisans;5;1;;;"4607;6373";4607 - Aşağıdaki lisans programlarından birinden mezun olmak. | 6373 - Veteriner;e990f06c-c25b-eb11-80fa-a0369f7d1484
2020;72;390181317;Tarım ve Orman Bakanlığı Ağrı İl Müdürlüğü Gıda ve Yem Şube Müdürlüğü;Mühendis (Gıda);Ağrı;Lisans;1;0;;;"4799;3191";4799 - Aşağıdaki lisans programlarından birinden mezun olmak. | 3191 - Gıda Mühendisliği;f190f06c-c25b-eb11-80fa-a0369f7d1484
2020;72;390181020;Tarım ve Orman Bakanlığı Ağrı İl Müdürlüğü Hamur İlçe Müdürlüğü;Mühendis (Ziraat);Ağrı;Lisans;6;2;;;"4825;5135;4831;3202;8258;8289;4845;3385;3386;4212;6131;8147;8158;9048;9269;4846;9114;4853;3325;3383;3384;8221;8263;4854;9106;4857;3382;8261";4825 - Aşağıdaki lisans programlarından birinden mezun olmak. | 5135 - Ziraat Mühendisliği | 4831 - Aşağıdaki lisans programlarından birinden mezun olmak. | 3202 - Hayvansal Üretim | 8258 - Süt Teknolojisi | 8289 - Zootekni / Zooteknik | 4845 - Aşağıdaki lisans programlarından birinden mezun olmak. | 3385 - Tarla Bitkileri | 3386 - Toprak | 4212 - Bahçe ve Tarla Bitkileri | 6131 - Bitkisel Üretim | 8147 - Bahçe Bitkileri | 8158 - Bitki Koruma | 9048 - Toprak Bilimi ve Bitki Besleme | 9269 - Bitkisel Üretim ve Teknolojileri | 4846 - Aşağıdaki lisans programlarından birinden mezun olmak. | 9114 - Biyosistem Mühendisliği | 4853 - Aşağıdaki lisans programlarından birinden mezun olmak. | 3325 - Tarım Teknolojisi | 3383 - Tarım Makineleri | 3384 - Tarımsal Yapılar ve Sulama | 8221 - Kültürteknik | 8263 - Tarımsal Mekanizasyon | 4854 - Aşağıdaki lisans programlarından birinden mezun olmak. | 9106 - Tarımsal Biyoteknoloji | 4857 - Aşağıdaki lisans programlarından birinden mezun olmak. | 3382 - Tarım Ekonomisi | 8261 - Tarım İşletmeciliği;0791f06c-c25b-eb11-80fa-a0369f7d1484
2020;72;390181659;Tarım ve Orman Bakanlığı Ağrı İl Müdürlüğü Hamur İlçe Müdürlüğü;Veteriner Hekim;Ağrı;Lisans;3;1;;;"4607;6373";4607 - Aşağıdaki lisans programlarından birinden mezun olmak. | 6373 - Veteriner;ea90f06c-c25b-eb11-80fa-a0369f7d1484
2020;72;390181552;Tarım ve Orman Bakanlığı Ağrı İl Müdürlüğü Hayvan Sağlığı,Yetiştiriciliği ve Su Ürünleri Şube Müdürlüğü;Mühendis (Su Ürünleri);Ağrı;Lisans;1;2;;;"4819;3202;3320;8337";4819 - Aşağıdaki lisans programlarından birinden mezun olmak. | 3202 - Hayvansal Üretim | 3320 - Su Ürünleri | 8337 - Su Ürünleri Mühendisliği;ef90f06c-c25b-eb11-80fa-a0369f7d1484
2020;72;390181660;Tarım ve Orman Bakanlığı Ağrı İl Müdürlüğü Hayvan Sağlığı,Yetiştiriciliği ve Su Ürünleri Şube Müdürlüğü;Veteriner Hekim;Ağrı;Lisans;5;1;;;"4607;6373";4607 - Aşağıdaki lisans programlarından birinden mezun olmak. | 6373 - Veteriner;eb90f06c-c25b-eb11-80fa-a0369f7d1484
2020;72;390181021;Tarım ve Orman Bakanlığı Ağrı İl Müdürlüğü Kırsal Kalkınma ve Örgütlenme Şube Müdürlüğü;Mühendis (Ziraat);Ağrı;Lisans;3;0;;;"4825;5135;4831;3202;8258;8289;4845;3385;3386;4212;6131;8147;8158;9048;9269;4846;9114;4853;3325;3383;3384;8221;8263;4854;9106;4857;3382;8261";4825 - Aşağıdaki lisans programlarından birinden mezun olmak. | 5135 - Ziraat Mühendisliği | 4831 - Aşağıdaki lisans programlarından birinden mezun olmak. | 3202 - Hayvansal Üretim | 8258 - Süt Teknolojisi | 8289 - Zootekni / Zooteknik | 4845 - Aşağıdaki lisans programlarından birinden mezun olmak. | 3385 - Tarla Bitkileri | 3386 - Toprak | 4212 - Bahçe ve Tarla Bitkileri | 6131 - Bitkisel Üretim | 8147 - Bahçe Bitkileri | 8158 - Bitki Koruma | 9048 - Toprak Bilimi ve Bitki Besleme | 9269 - Bitkisel Üretim ve Teknolojileri | 4846 - Aşağıdaki lisans programlarından birinden mezun olmak. | 9114 - Biyosistem Mühendisliği | 4853 - Aşağıdaki lisans programlarından birinden mezun olmak. | 3325 - Tarım Teknolojisi | 3383 - Tarım Makineleri | 3384 - Tarımsal Yapılar ve Sulama | 8221 - Kültürteknik | 8263 - Tarımsal Mekanizasyon | 4854 - Aşağıdaki lisans programlarından birinden mezun olmak. | 9106 - Tarımsal Biyoteknoloji | 4857 - Aşağıdaki lisans programlarından birinden mezun olmak. | 3382 - Tarım Ekonomisi | 8261 - Tarım İşletmeciliği;0891f06c-c25b-eb11-80fa-a0369f7d1484
2020;72;390181022;Tarım ve Orman Bakanlığı Ağrı İl Müdürlüğü Patnos İlçe Müdürlüğü;Mühendis (Ziraat);Ağrı;Lisans;5;2;;;"4825;5135;4831;3202;8258;8289;4845;3385;3386;4212;6131;8147;8158;9048;9269;4846;9114;4853;3325;3383;3384;8221;8263;4854;9106;4857;3382;8261";4825 - Aşağıdaki lisans programlarından birinden mezun olmak. | 5135 - Ziraat Mühendisliği | 4831 - Aşağıdaki lisans programlarından birinden mezun olmak. | 3202 - Hayvansal Üretim | 8258 - Süt Teknolojisi | 8289 - Zootekni / Zooteknik | 4845 - Aşağıdaki lisans programlarından birinden mezun olmak. | 3385 - Tarla Bitkileri | 3386 - Toprak | 4212 - Bahçe ve Tarla Bitkileri | 6131 - Bitkisel Üretim | 8147 - Bahçe Bitkileri | 8158 - Bitki Koruma | 9048 - Toprak Bilimi ve Bitki Besleme | 9269 - Bitkisel Üretim ve Teknolojileri | 4846 - Aşağıdaki lisans programlarından birinden mezun olmak. | 9114 - Biyosistem Mühendisliği | 4853 - Aşağıdaki lisans programlarından birinden mezun olmak. | 3325 - Tarım Teknolojisi | 3383 - Tarım Makineleri | 3384 - Tarımsal Yapılar ve Sulama | 8221 - Kültürteknik | 8263 - Tarımsal Mekanizasyon | 4854 - Aşağıdaki lisans programlarından birinden mezun olmak. | 9106 - Tarımsal Biyoteknoloji | 4857 - Aşağıdaki lisans programlarından birinden mezun olmak. | 3382 - Tarım Ekonomisi | 8261 - Tarım İşletmeciliği;0991f06c-c25b-eb11-80fa-a0369f7d1484
2020;72;390181661;Tarım ve Orman Bakanlığı Ağrı İl Müdürlüğü Patnos İlçe Müdürlüğü;Veteriner Hekim;Ağrı;Lisans;9;0;;;"4607;6373";4607 - Aşağıdaki lisans programlarından birinden mezun olmak. | 6373 - Veteriner;ec90f06c-c25b-eb11-80fa-a0369f7d1484
2020;72;390181023;Tarım ve Orman Bakanlığı Ağrı İl Müdürlüğü Taşlıçay İlçe Müdürlüğü;Mühendis (Ziraat);Ağrı;Lisans;4;1;;;"4825;5135;4831;3202;8258;8289;4845;3385;3386;4212;6131;8147;8158;9048;9269;4846;9114;4853;3325;3383;3384;8221;8263;4854;9106;4857;3382;8261";4825 - Aşağıdaki lisans programlarından birinden mezun olmak. | 5135 - Ziraat Mühendisliği | 4831 - Aşağıdaki lisans programlarından birinden mezun olmak. | 3202 - Hayvansal Üretim | 8258 - Süt Teknolojisi | 8289 - Zootekni / Zooteknik | 4845 - Aşağıdaki lisans programlarından birinden mezun olmak. | 3385 - Tarla Bitkileri | 3386 - Toprak | 4212 - Bahçe ve Tarla Bitkileri | 6131 - Bitkisel Üretim | 8147 - Bahçe Bitkileri | 8158 - Bitki Koruma | 9048 - Toprak Bilimi ve Bitki Besleme | 9269 - Bitkisel Üretim ve Teknolojileri | 4846 - Aşağıdaki lisans programlarından birinden mezun olmak. | 9114 - Biyosistem Mühendisliği | 4853 - Aşağıdaki lisans programlarından birinden mezun olmak. | 3325 - Tarım Teknolojisi | 3383 - Tarım Makineleri | 3384 - Tarımsal Yapılar ve Sulama | 8221 - Kültürteknik | 8263 - Tarımsal Mekanizasyon | 4854 - Aşağıdaki lisans programlarından birinden mezun olmak. | 9106 - Tarımsal Biyoteknoloji | 4857 - Aşağıdaki lisans programlarından birinden mezun olmak. | 3382 - Tarım Ekonomisi | 8261 - Tarım İşletmeciliği;0a91f06c-c25b-eb11-80fa-a0369f7d1484
2020;72;390181662;Tarım ve Orman Bakanlığı Ağrı İl Müdürlüğü Taşlıçay İlçe Müdürlüğü;Veteriner Hekim;Ağrı;Lisans;7;0;;;"4607;6373";4607 - Aşağıdaki lisans programlarından birinden mezun olmak. | 6373 - Veteriner;ed90f06c-c25b-eb11-80fa-a0369f7d1484
2020;72;390181024;Tarım ve Orman Bakanlığı Ağrı İl Müdürlüğü Tutak İlçe Müdürlüğü;Mühendis (Ziraat);Ağrı;Lisans;4;0;;;"4825;5135;4831;3202;8258;8289;4845;3385;3386;4212;6131;8147;8158;9048;9269;4846;9114;4853;3325;3383;3384;8221;8263;4854;9106;4857;3382;8261";4825 - Aşağıdaki lisans programlarından birinden mezun olmak. | 5135 - Ziraat Mühendisliği | 4831 - Aşağıdaki lisans programlarından birinden mezun olmak. | 3202 - Hayvansal Üretim | 8258 - Süt Teknolojisi | 8289 - Zootekni / Zooteknik | 4845 - Aşağıdaki lisans programlarından birinden mezun olmak. | 3385 - Tarla Bitkileri | 3386 - Toprak | 4212 - Bahçe ve Tarla Bitkileri | 6131 - Bitkisel Üretim | 8147 - Bahçe Bitkileri | 8158 - Bitki Koruma | 9048 - Toprak Bilimi ve Bitki Besleme | 9269 - Bitkisel Üretim ve Teknolojileri | 4846 - Aşağıdaki lisans programlarından birinden mezun olmak. | 9114 - Biyosistem Mühendisliği | 4853 - Aşağıdaki lisans programlarından birinden mezun olmak. | 3325 - Tarım Teknolojisi | 3383 - Tarım Makineleri | 3384 - Tarımsal Yapılar ve Sulama | 8221 - Kültürteknik | 8263 - Tarımsal Mekanizasyon | 4854 - Aşağıdaki lisans programlarından birinden mezun olmak. | 9106 - Tarımsal Biyoteknoloji | 4857 - Aşağıdaki lisans programlarından birinden mezun olmak. | 3382 - Tarım Ekonomisi | 8261 - Tarım İşletmeciliği;0b91f06c-c25b-eb11-80fa-a0369f7d1484
2020;72;390181663;Tarım ve Orman Bakanlığı Ağrı İl Müdürlüğü Tutak İlçe Müdürlüğü;Veteriner Hekim;Ağrı;Lisans;9;0;;;"4607;6373";4607 - Aşağıdaki lisans programlarından birinden mezun olmak. | 6373 - Veteriner;ee90f06c-c25b-eb11-80fa-a0369f7d1484
2020;72;390181025;Tarım ve Orman Bakanlığı Ağrı Zirai Karantina Müdürlüğü;Mühendis (Bitki Koruma);Ağrı;Lisans;3;1;;;"4845;3385;3386;4212;6131;8147;8158;9048;9269";4845 - Aşağıdaki lisans programlarından birinden mezun olmak. | 3385 - Tarla Bitkileri | 3386 - Toprak | 4212 - Bahçe ve Tarla Bitkileri | 6131 - Bitkisel Üretim | 8147 - Bahçe Bitkileri | 8158 - Bitki Koruma | 9048 - Toprak Bilimi ve Bitki Besleme | 9269 - Bitkisel Üretim ve Teknolojileri;0c91f06c-c25b-eb11-80fa-a0369f7d1484
2020;72;390181026;Tarım ve Orman Bakanlığı Aksaray İl Müdürlüğü Ağaçören İlçe Müdürlüğü;Mühendis (Ziraat);Aksaray;Lisans;2;2;;;"4825;5135;4831;3202;8258;8289;4845;3385;3386;4212;6131;8147;8158;9048;9269;4846;9114;4853;3325;3383;3384;8221;8263;4854;9106;4857;3382;8261";4825 - Aşağıdaki lisans programlarından birinden mezun olmak. | 5135 - Ziraat Mühendisliği | 4831 - Aşağıdaki lisans programlarından birinden mezun olmak. | 3202 - Hayvansal Üretim | 8258 - Süt Teknolojisi | 8289 - Zootekni / Zooteknik | 4845 - Aşağıdaki lisans programlarından birinden mezun olmak. | 3385 - Tarla Bitkileri | 3386 - Toprak | 4212 - Bahçe ve Tarla Bitkileri | 6131 - Bitkisel Üretim | 8147 - Bahçe Bitkileri | 8158 - Bitki Koruma | 9048 - Toprak Bilimi ve Bitki Besleme | 9269 - Bitkisel Üretim ve Teknolojileri | 4846 - Aşağıdaki lisans programlarından birinden mezun olmak. | 9114 - Biyosistem Mühendisliği | 4853 - Aşağıdaki lisans programlarından birinden mezun olmak. | 3325 - Tarım Teknolojisi | 3383 - Tarım Makineleri | 3384 - Tarımsal Yapılar ve Sulama | 8221 - Kültürteknik | 8263 - Tarımsal Mekanizasyon | 4854 - Aşağıdaki lisans programlarından birinden mezun olmak. | 9106 - Tarımsal Biyoteknoloji | 4857 - Aşağıdaki lisans programlarından birinden mezun olmak. | 3382 - Tarım Ekonomisi | 8261 - Tarım İşletmeciliği;8394f06c-c25b-eb11-80fa-a0369f7d1484
2020;72;390181664;Tarım ve Orman Bakanlığı Aksaray İl Müdürlüğü Ağaçören İlçe Müdürlüğü;Veteriner Hekim;Aksaray;Lisans;2;0;;;"4607;6373";4607 - Aşağıdaki lisans programlarından birinden mezun olmak. | 6373 - Veteriner;8894f06c-c25b-eb11-80fa-a0369f7d1484
2020;72;390181027;Tarım ve Orman Bakanlığı Aksaray İl Müdürlüğü Eskil İlçe Müdürlüğü;Mühendis (Ziraat);Aksaray;Lisans;4;3;;;"4825;5135;4831;3202;8258;8289;4845;3385;3386;4212;6131;8147;8158;9048;9269;4846;9114;4853;3325;3383;3384;8221;8263;4854;9106;4857;3382;8261";4825 - Aşağıdaki lisans programlarından birinden mezun olmak. | 5135 - Ziraat Mühendisliği | 4831 - Aşağıdaki lisans programlarından birinden mezun olmak. | 3202 - Hayvansal Üretim | 8258 - Süt Teknolojisi | 8289 - Zootekni / Zooteknik | 4845 - Aşağıdaki lisans programlarından birinden mezun olmak. | 3385 - Tarla Bitkileri | 3386 - Toprak | 4212 - Bahçe ve Tarla Bitkileri | 6131 - Bitkisel Üretim | 8147 - Bahçe Bitkileri | 8158 - Bitki Koruma | 9048 - Toprak Bilimi ve Bitki Besleme | 9269 - Bitkisel Üretim ve Teknolojileri | 4846 - Aşağıdaki lisans programlarından birinden mezun olmak. | 9114 - Biyosistem Mühendisliği | 4853 - Aşağıdaki lisans programlarından birinden mezun olmak. | 3325 - Tarım Teknolojisi | 3383 - Tarım Makineleri | 3384 - Tarımsal Yapılar ve Sulama | 8221 - Kültürteknik | 8263 - Tarımsal Mekanizasyon | 4854 - Aşağıdaki lisans programlarından birinden mezun olmak. | 9106 - Tarımsal Biyoteknoloji | 4857 - Aşağıdaki lisans programlarından birinden mezun olmak. | 3382 - Tarım Ekonomisi | 8261 - Tarım İşletmeciliği;8494f06c-c25b-eb11-80fa-a0369f7d1484
2020;72;390181665;Tarım ve Orman Bakanlığı Aksaray İl Müdürlüğü Eskil İlçe Müdürlüğü;Veteriner Hekim;Aksaray;Lisans;3;0;;;"4607;6373";4607 - Aşağıdaki lisans programlarından birinden mezun olmak. | 6373 - Veteriner;8994f06c-c25b-eb11-80fa-a0369f7d1484
2020;72;390181318;Tarım ve Orman Bakanlığı Aksaray İl Müdürlüğü Gıda ve Yem Şube Müdürlüğü;Mühendis (Gıda);Aksaray;Lisans;5;0;;;"4799;3191";4799 - Aşağıdaki lisans programlarından birinden mezun olmak. | 3191 - Gıda Mühendisliği;8194f06c-c25b-eb11-80fa-a0369f7d1484
2020;72;390181028;Tarım ve Orman Bakanlığı Aksaray İl Müdürlüğü Gülağaç İlçe Müdürlüğü;Mühendis (Ziraat);Aksaray;Lisans;2;1;;;"4825;5135;4831;3202;8258;8289;4845;3385;3386;4212;6131;8147;8158;9048;9269;4846;9114;4853;3325;3383;3384;8221;8263;4854;9106;4857;3382;8261";4825 - Aşağıdaki lisans programlarından birinden mezun olmak. | 5135 - Ziraat Mühendisliği | 4831 - Aşağıdaki lisans programlarından birinden mezun olmak. | 3202 - Hayvansal Üretim | 8258 - Süt Teknolojisi | 8289 - Zootekni / Zooteknik | 4845 - Aşağıdaki lisans programlarından birinden mezun olmak. | 3385 - Tarla Bitkileri | 3386 - Toprak | 4212 - Bahçe ve Tarla Bitkileri | 6131 - Bitkisel Üretim | 8147 - Bahçe Bitkileri | 8158 - Bitki Koruma | 9048 - Toprak Bilimi ve Bitki Besleme | 9269 - Bitkisel Üretim ve Teknolojileri | 4846 - Aşağıdaki lisans programlarından birinden mezun olmak. | 9114 - Biyosistem Mühendisliği | 4853 - Aşağıdaki lisans programlarından birinden mezun olmak. | 3325 - Tarım Teknolojisi | 3383 - Tarım Makineleri | 3384 - Tarımsal Yapılar ve Sulama | 8221 - Kültürteknik | 8263 - Tarımsal Mekanizasyon | 4854 - Aşağıdaki lisans programlarından birinden mezun olmak. | 9106 - Tarımsal Biyoteknoloji | 4857 - Aşağıdaki lisans programlarından birinden mezun olmak. | 3382 - Tarım Ekonomisi | 8261 - Tarım İşletmeciliği;8594f06c-c25b-eb11-80fa-a0369f7d1484
2020;72;390181666;Tarım ve Orman Bakanlığı Aksaray İl Müdürlüğü Ortaköy İlçe Müdürlüğü;Veteriner Hekim;Aksaray;Lisans;1;0;;;"4607;6373";4607 - Aşağıdaki lisans programlarından birinden mezun olmak. | 6373 - Veteriner;8a94f06c-c25b-eb11-80fa-a0369f7d1484
2020;72;390181029;Tarım ve Orman Bakanlığı Aksaray İl Müdürlüğü Sarıyahşi İlçe Müdürlüğü;Mühendis (Ziraat);Aksaray;Lisans;1;1;;;"4825;5135;4831;3202;8258;8289;4845;3385;3386;4212;6131;8147;8158;9048;9269;4846;9114;4853;3325;3383;3384;8221;8263;4854;9106;4857;3382;8261";4825 - Aşağıdaki lisans programlarından birinden mezun olmak. | 5135 - Ziraat Mühendisliği | 4831 - Aşağıdaki lisans programlarından birinden mezun olmak. | 3202 - Hayvansal Üretim | 8258 - Süt Teknolojisi | 8289 - Zootekni / Zooteknik | 4845 - Aşağıdaki lisans programlarından birinden mezun olmak. | 3385 - Tarla Bitkileri | 3386 - Toprak | 4212 - Bahçe ve Tarla Bitkileri | 6131 - Bitkisel Üretim | 8147 - Bahçe Bitkileri | 8158 - Bitki Koruma | 9048 - Toprak Bilimi ve Bitki Besleme | 9269 - Bitkisel Üretim ve Teknolojileri | 4846 - Aşağıdaki lisans programlarından birinden mezun olmak. | 9114 - Biyosistem Mühendisliği | 4853 - Aşağıdaki lisans programlarından birinden mezun olmak. | 3325 - Tarım Teknolojisi | 3383 - Tarım Makineleri | 3384 - Tarımsal Yapılar ve Sulama | 8221 - Kültürteknik | 8263 - Tarımsal Mekanizasyon | 4854 - Aşağıdaki lisans programlarından birinden mezun olmak. | 9106 - Tarımsal Biyoteknoloji | 4857 - Aşağıdaki lisans programlarından birinden mezun olmak. | 3382 - Tarım Ekonomisi | 8261 - Tarım İşletmeciliği;8694f06c-c25b-eb11-80fa-a0369f7d1484
2020;72;390181667;Tarım ve Orman Bakanlığı Aksaray İl Müdürlüğü Sarıyahşi İlçe Müdürlüğü;Veteriner Hekim;Aksaray;Lisans;1;0;;;"4607;6373";4607 - Aşağıdaki lisans programlarından birinden mezun olmak. | 6373 - Veteriner;8b94f06c-c25b-eb11-80fa-a0369f7d1484
2020;72;390181030;Tarım ve Orman Bakanlığı Aksaray İl Müdürlüğü Sultanhanı İlçe Müdürlüğü;Mühendis (Ziraat);Aksaray;Lisans;2;1;;;"4825;5135;4831;3202;8258;8289;4845;3385;3386;4212;6131;8147;8158;9048;9269;4846;9114;4853;3325;3383;3384;8221;8263;4854;9106;4857;3382;8261";4825 - Aşağıdaki lisans programlarından birinden mezun olmak. | 5135 - Ziraat Mühendisliği | 4831 - Aşağıdaki lisans programlarından birinden mezun olmak. | 3202 - Hayvansal Üretim | 8258 - Süt Teknolojisi | 8289 - Zootekni / Zooteknik | 4845 - Aşağıdaki lisans programlarından birinden mezun olmak. | 3385 - Tarla Bitkileri | 3386 - Toprak | 4212 - Bahçe ve Tarla Bitkileri | 6131 - Bitkisel Üretim | 8147 - Bahçe Bitkileri | 8158 - Bitki Koruma | 9048 - Toprak Bilimi ve Bitki Besleme | 9269 - Bitkisel Üretim ve Teknolojileri | 4846 - Aşağıdaki lisans programlarından birinden mezun olmak. | 9114 - Biyosistem Mühendisliği | 4853 - Aşağıdaki lisans programlarından birinden mezun olmak. | 3325 - Tarım Teknolojisi | 3383 - Tarım Makineleri | 3384 - Tarımsal Yapılar ve Sulama | 8221 - Kültürteknik | 8263 - Tarımsal Mekanizasyon | 4854 - Aşağıdaki lisans programlarından birinden mezun olmak. | 9106 - Tarımsal Biyoteknoloji | 4857 - Aşağıdaki lisans programlarından birinden mezun olmak. | 3382 - Tarım Ekonomisi | 8261 - Tarım İşletmeciliği;8794f06c-c25b-eb11-80fa-a0369f7d1484
2020;72;390181319;Tarım ve Orman Bakanlığı Aksaray İl Müdürlüğü Sultanhanı İlçe Müdürlüğü;Mühendis (Gıda);Aksaray;Lisans;1;0;;;"4799;3191";4799 - Aşağıdaki lisans programlarından birinden mezun olmak. | 3191 - Gıda Mühendisliği;8294f06c-c25b-eb11-80fa-a0369f7d1484
2020;72;390181668;Tarım ve Orman Bakanlığı Aksaray İl Müdürlüğü Sultanhanı İlçe Müdürlüğü;Veteriner Hekim;Aksaray;Lisans;1;0;;;"4607;6373";4607 - Aşağıdaki lisans programlarından birinden mezun olmak. | 6373 - Veteriner;8c94f06c-c25b-eb11-80fa-a0369f7d1484
2020;72;390181320;Tarım ve Orman Bakanlığı Amasya Gıda Kontrol Laboratuvar Müdürlüğü;Mühendis (Gıda);Amasya;Lisans;1;4;;;"4799;3191";4799 - Aşağıdaki lisans programlarından birinden mezun olmak. | 3191 - Gıda Mühendisliği;1291f06c-c25b-eb11-80fa-a0369f7d1484
2020;72;390181321;Tarım ve Orman Bakanlığı Amasya İl Müdürlüğü Gıda ve Yem Şube Müdürlüğü;Mühendis (Gıda);Amasya;Lisans;2;4;;;"4799;3191";4799 - Aşağıdaki lisans programlarından birinden mezun olmak. | 3191 - Gıda Mühendisliği;1391f06c-c25b-eb11-80fa-a0369f7d1484
2020;72;390181031;Tarım ve Orman Bakanlığı Amasya İl Müdürlüğü Göynücek İlçe Müdürlüğü;Mühendis (Ziraat);Amasya;Lisans;1;1;;;"4825;5135;4831;3202;8258;8289;4845;3385;3386;4212;6131;8147;8158;9048;9269;4846;9114;4853;3325;3383;3384;8221;8263;4854;9106;4857;3382;8261";4825 - Aşağıdaki lisans programlarından birinden mezun olmak. | 5135 - Ziraat Mühendisliği | 4831 - Aşağıdaki lisans programlarından birinden mezun olmak. | 3202 - Hayvansal Üretim | 8258 - Süt Teknolojisi | 8289 - Zootekni / Zooteknik | 4845 - Aşağıdaki lisans programlarından birinden mezun olmak. | 3385 - Tarla Bitkileri | 3386 - Toprak | 4212 - Bahçe ve Tarla Bitkileri | 6131 - Bitkisel Üretim | 8147 - Bahçe Bitkileri | 8158 - Bitki Koruma | 9048 - Toprak Bilimi ve Bitki Besleme | 9269 - Bitkisel Üretim ve Teknolojileri | 4846 - Aşağıdaki lisans programlarından birinden mezun olmak. | 9114 - Biyosistem Mühendisliği | 4853 - Aşağıdaki lisans programlarından birinden mezun olmak. | 3325 - Tarım Teknolojisi | 3383 - Tarım Makineleri | 3384 - Tarımsal Yapılar ve Sulama | 8221 - Kültürteknik | 8263 - Tarımsal Mekanizasyon | 4854 - Aşağıdaki lisans programlarından birinden mezun olmak. | 9106 - Tarımsal Biyoteknoloji | 4857 - Aşağıdaki lisans programlarından birinden mezun olmak. | 3382 - Tarım Ekonomisi | 8261 - Tarım İşletmeciliği;0d91f06c-c25b-eb11-80fa-a0369f7d1484
2020;72;390181322;Tarım ve Orman Bakanlığı Amasya İl Müdürlüğü Göynücek İlçe Müdürlüğü;Mühendis (Gıda);Amasya;Lisans;1;0;;;"4799;3191";4799 - Aşağıdaki lisans programlarından birinden mezun olmak. | 3191 - Gıda Mühendisliği;1491f06c-c25b-eb11-80fa-a0369f7d1484
2020;72;390181032;Tarım ve Orman Bakanlığı Amasya İl Müdürlüğü Gümüşhacıköy İlçe Müdürlüğü;Mühendis (Ziraat);Amasya;Lisans;2;1;;;"4825;5135;4831;3202;8258;8289;4845;3385;3386;4212;6131;8147;8158;9048;9269;4846;9114;4853;3325;3383;3384;8221;8263;4854;9106;4857;3382;8261";4825 - Aşağıdaki lisans programlarından birinden mezun olmak. | 5135 - Ziraat Mühendisliği | 4831 - Aşağıdaki lisans programlarından birinden mezun olmak. | 3202 - Hayvansal Üretim | 8258 - Süt Teknolojisi | 8289 - Zootekni / Zooteknik | 4845 - Aşağıdaki lisans programlarından birinden mezun olmak. | 3385 - Tarla Bitkileri | 3386 - Toprak | 4212 - Bahçe ve Tarla Bitkileri | 6131 - Bitkisel Üretim | 8147 - Bahçe Bitkileri | 8158 - Bitki Koruma | 9048 - Toprak Bilimi ve Bitki Besleme | 9269 - Bitkisel Üretim ve Teknolojileri | 4846 - Aşağıdaki lisans programlarından birinden mezun olmak. | 9114 - Biyosistem Mühendisliği | 4853 - Aşağıdaki lisans programlarından birinden mezun olmak. | 3325 - Tarım Teknolojisi | 3383 - Tarım Makineleri | 3384 - Tarımsal Yapılar ve Sulama | 8221 - Kültürteknik | 8263 - Tarımsal Mekanizasyon | 4854 - Aşağıdaki lisans programlarından birinden mezun olmak. | 9106 - Tarımsal Biyoteknoloji | 4857 - Aşağıdaki lisans programlarından birinden mezun olmak. | 3382 - Tarım Ekonomisi | 8261 - Tarım İşletmeciliği;0e91f06c-c25b-eb11-80fa-a0369f7d1484
2020;72;390181323;Tarım ve Orman Bakanlığı Amasya İl Müdürlüğü Gümüşhacıköy İlçe Müdürlüğü;Mühendis (Gıda);Amasya;Lisans;1;0;;;"4799;3191";4799 - Aşağıdaki lisans programlarından birinden mezun olmak. | 3191 - Gıda Mühendisliği;1591f06c-c25b-eb11-80fa-a0369f7d1484
2020;72;390181033;Tarım ve Orman Bakanlığı Amasya İl Müdürlüğü Hamamözü İlçe Müdürlüğü;Mühendis (Ziraat);Amasya;Lisans;1;0;;;"4825;5135;4831;3202;8258;8289;4845;3385;3386;4212;6131;8147;8158;9048;9269;4846;9114;4853;3325;3383;3384;8221;8263;4854;9106;4857;3382;8261";4825 - Aşağıdaki lisans programlarından birinden mezun olmak. | 5135 - Ziraat Mühendisliği | 4831 - Aşağıdaki lisans programlarından birinden mezun olmak. | 3202 - Hayvansal Üretim | 8258 - Süt Teknolojisi | 8289 - Zootekni / Zooteknik | 4845 - Aşağıdaki lisans programlarından birinden mezun olmak. | 3385 - Tarla Bitkileri | 3386 - Toprak | 4212 - Bahçe ve Tarla Bitkileri | 6131 - Bitkisel Üretim | 8147 - Bahçe Bitkileri | 8158 - Bitki Koruma | 9048 - Toprak Bilimi ve Bitki Besleme | 9269 - Bitkisel Üretim ve Teknolojileri | 4846 - Aşağıdaki lisans programlarından birinden mezun olmak. | 9114 - Biyosistem Mühendisliği | 4853 - Aşağıdaki lisans programlarından birinden mezun olmak. | 3325 - Tarım Teknolojisi | 3383 - Tarım Makineleri | 3384 - Tarımsal Yapılar ve Sulama | 8221 - Kültürteknik | 8263 - Tarımsal Mekanizasyon | 4854 - Aşağıdaki lisans programlarından birinden mezun olmak. | 9106 - Tarımsal Biyoteknoloji | 4857 - Aşağıdaki lisans programlarından birinden mezun olmak. | 3382 - Tarım Ekonomisi | 8261 - Tarım İşletmeciliği;0f91f06c-c25b-eb11-80fa-a0369f7d1484
2020;72;390181324;Tarım ve Orman Bakanlığı Amasya İl Müdürlüğü Merzifon İlçe Müdürlüğü;Mühendis (Gıda);Amasya;Lisans;1;3;;;"4799;3191";4799 - Aşağıdaki lisans programlarından birinden mezun olmak. | 3191 - Gıda Mühendisliği;1691f06c-c25b-eb11-80fa-a0369f7d1484
2020;72;390181034;Tarım ve Orman Bakanlığı Amasya İl Müdürlüğü Suluova İlçe Müdürlüğü;Mühendis (Ziraat);Amasya;Lisans;1;2;;;"4825;5135;4831;3202;8258;8289;4845;3385;3386;4212;6131;8147;8158;9048;9269;4846;9114;4853;3325;3383;3384;8221;8263;4854;9106;4857;3382;8261";4825 - Aşağıdaki lisans programlarından birinden mezun olmak. | 5135 - Ziraat Mühendisliği | 4831 - Aşağıdaki lisans programlarından birinden mezun olmak. | 3202 - Hayvansal Üretim | 8258 - Süt Teknolojisi | 8289 - Zootekni / Zooteknik | 4845 - Aşağıdaki lisans programlarından birinden mezun olmak. | 3385 - Tarla Bitkileri | 3386 - Toprak | 4212 - Bahçe ve Tarla Bitkileri | 6131 - Bitkisel Üretim | 8147 - Bahçe Bitkileri | 8158 - Bitki Koruma | 9048 - Toprak Bilimi ve Bitki Besleme | 9269 - Bitkisel Üretim ve Teknolojileri | 4846 - Aşağıdaki lisans programlarından birinden mezun olmak. | 9114 - Biyosistem Mühendisliği | 4853 - Aşağıdaki lisans programlarından birinden mezun olmak. | 3325 - Tarım Teknolojisi | 3383 - Tarım Makineleri | 3384 - Tarımsal Yapılar ve Sulama | 8221 - Kültürteknik | 8263 - Tarımsal Mekanizasyon | 4854 - Aşağıdaki lisans programlarından birinden mezun olmak. | 9106 - Tarımsal Biyoteknoloji | 4857 - Aşağıdaki lisans programlarından birinden mezun olmak. | 3382 - Tarım Ekonomisi | 8261 - Tarım İşletmeciliği;1091f06c-c25b-eb11-80fa-a0369f7d1484
2020;72;390181035;Tarım ve Orman Bakanlığı Amasya İl Müdürlüğü Taşova İlçe Müdürlüğü;Mühendis (Ziraat);Amasya;Lisans;1;1;;;"4825;5135;4831;3202;8258;8289;4845;3385;3386;4212;6131;8147;8158;9048;9269;4846;9114;4853;3325;3383;3384;8221;8263;4854;9106;4857;3382;8261";4825 - Aşağıdaki lisans programlarından birinden mezun olmak. | 5135 - Ziraat Mühendisliği | 4831 - Aşağıdaki lisans programlarından birinden mezun olmak. | 3202 - Hayvansal Üretim | 8258 - Süt Teknolojisi | 8289 - Zootekni / Zooteknik | 4845 - Aşağıdaki lisans programlarından birinden mezun olmak. | 3385 - Tarla Bitkileri | 3386 - Toprak | 4212 - Bahçe ve Tarla Bitkileri | 6131 - Bitkisel Üretim | 8147 - Bahçe Bitkileri | 8158 - Bitki Koruma | 9048 - Toprak Bilimi ve Bitki Besleme | 9269 - Bitkisel Üretim ve Teknolojileri | 4846 - Aşağıdaki lisans programlarından birinden mezun olmak. | 9114 - Biyosistem Mühendisliği | 4853 - Aşağıdaki lisans programlarından birinden mezun olmak. | 3325 - Tarım Teknolojisi | 3383 - Tarım Makineleri | 3384 - Tarımsal Yapılar ve Sulama | 8221 - Kültürteknik | 8263 - Tarımsal Mekanizasyon | 4854 - Aşağıdaki lisans programlarından birinden mezun olmak. | 9106 - Tarımsal Biyoteknoloji | 4857 - Aşağıdaki lisans programlarından birinden mezun olmak. | 3382 - Tarım Ekonomisi | 8261 - Tarım İşletmeciliği;1191f06c-c25b-eb11-80fa-a0369f7d1484
2020;72;390181325;Tarım ve Orman Bakanlığı Amasya İl Müdürlüğü Taşova İlçe Müdürlüğü;Mühendis (Gıda);Amasya;Lisans;1;1;;;"4799;3191";4799 - Aşağıdaki lisans programlarından birinden mezun olmak. | 3191 - Gıda Mühendisliği;1791f06c-c25b-eb11-80fa-a0369f7d1484
2020;72;390181326;Tarım ve Orman Bakanlığı Antalya Gıda Kontrol Laboratuvar Müdürlüğü;Mühendis (Gıda);Antalya;Lisans;1;2;;;"4799;3191";4799 - Aşağıdaki lisans programlarından birinden mezun olmak. | 3191 - Gıda Mühendisliği;2091f06c-c25b-eb11-80fa-a0369f7d1484
2020;72;390181669;Tarım ve Orman Bakanlığı Antalya Havalimanı Veteriner Sınır Kontrol Noktası Müdürlüğü;Veteriner Hekim;Antalya;Lisans;1;0;;;"4607;6373";4607 - Aşağıdaki lisans programlarından birinden mezun olmak. | 6373 - Veteriner;1f91f06c-c25b-eb11-80fa-a0369f7d1484
2020;72;390181327;Tarım ve Orman Bakanlığı Antalya İl Müdürlüğü Alanya İlçe Müdürlüğü;Mühendis (Gıda);Antalya;Lisans;1;2;;;"4799;3191";4799 - Aşağıdaki lisans programlarından birinden mezun olmak. | 3191 - Gıda Mühendisliği;2191f06c-c25b-eb11-80fa-a0369f7d1484
2020;72;390181553;Tarım ve Orman Bakanlığı Antalya İl Müdürlüğü Finike İlçe Müdürlüğü;Mühendis (Su Ürünleri);Antalya;Lisans;1;1;;;"4819;3202;3320;8337";4819 - Aşağıdaki lisans programlarından birinden mezun olmak. | 3202 - Hayvansal Üretim | 3320 - Su Ürünleri | 8337 - Su Ürünleri Mühendisliği;1d91f06c-c25b-eb11-80fa-a0369f7d1484
2020;72;390181328;Tarım ve Orman Bakanlığı Antalya İl Müdürlüğü Gıda ve Yem Şube Müdürlüğü;Mühendis (Gıda);Antalya;Lisans;2;2;;;"4799;3191";4799 - Aşağıdaki lisans programlarından birinden mezun olmak. | 3191 - Gıda Mühendisliği;2291f06c-c25b-eb11-80fa-a0369f7d1484
2020;72;390181554;Tarım ve Orman Bakanlığı Antalya İl Müdürlüğü İbradı İlçe Müdürlüğü;Mühendis (Su Ürünleri);Antalya;Lisans;1;1;;;"4819;3202;3320;8337";4819 - Aşağıdaki lisans programlarından birinden mezun olmak. | 3202 - Hayvansal Üretim | 3320 - Su Ürünleri | 8337 - Su Ürünleri Mühendisliği;1e91f06c-c25b-eb11-80fa-a0369f7d1484
2020;72;390181329;Tarım ve Orman Bakanlığı Antalya İl Müdürlüğü Kepez İlçe Müdürlüğü;Mühendis (Gıda);Antalya;Lisans;1;2;;;"4799;3191";4799 - Aşağıdaki lisans programlarından birinden mezun olmak. | 3191 - Gıda Mühendisliği;2391f06c-c25b-eb11-80fa-a0369f7d1484
2020;72;390181036;Tarım ve Orman Bakanlığı Ardahan İl Müdürlüğü Arazi Toplulaştırma ve Tarımsal Altyapı Şube Müdürlüğü;Mühendis (Ziraat);Ardahan;Lisans;6;1;;;"4825;5135;4831;3202;8258;8289;4845;3385;3386;4212;6131;8147;8158;9048;9269;4846;9114;4853;3325;3383;3384;8221;8263;4854;9106;4857;3382;8261";4825 - Aşağıdaki lisans programlarından birinden mezun olmak. | 5135 - Ziraat Mühendisliği | 4831 - Aşağıdaki lisans programlarından birinden mezun olmak. | 3202 - Hayvansal Üretim | 8258 - Süt Teknolojisi | 8289 - Zootekni / Zooteknik | 4845 - Aşağıdaki lisans programlarından birinden mezun olmak. | 3385 - Tarla Bitkileri | 3386 - Toprak | 4212 - Bahçe ve Tarla Bitkileri | 6131 - Bitkisel Üretim | 8147 - Bahçe Bitkileri | 8158 - Bitki Koruma | 9048 - Toprak Bilimi ve Bitki Besleme | 9269 - Bitkisel Üretim ve Teknolojileri | 4846 - Aşağıdaki lisans programlarından birinden mezun olmak. | 9114 - Biyosistem Mühendisliği | 4853 - Aşağıdaki lisans programlarından birinden mezun olmak. | 3325 - Tarım Teknolojisi | 3383 - Tarım Makineleri | 3384 - Tarımsal Yapılar ve Sulama | 8221 - Kültürteknik | 8263 - Tarımsal Mekanizasyon | 4854 - Aşağıdaki lisans programlarından birinden mezun olmak. | 9106 - Tarımsal Biyoteknoloji | 4857 - Aşağıdaki lisans programlarından birinden mezun olmak. | 3382 - Tarım Ekonomisi | 8261 - Tarım İşletmeciliği;e794f06c-c25b-eb11-80fa-a0369f7d1484
2020;72;390181037;Tarım ve Orman Bakanlığı Ardahan İl Müdürlüğü Bitkisel Üretim ve Bitki Sağlığı Şube Müdürlüğü;Mühendis (Ziraat);Ardahan;Lisans;11;4;;;"4825;5135;4831;3202;8258;8289;4845;3385;3386;4212;6131;8147;8158;9048;9269;4846;9114;4853;3325;3383;3384;8221;8263;4854;9106;4857;3382;8261";4825 - Aşağıdaki lisans programlarından birinden mezun olmak. | 5135 - Ziraat Mühendisliği | 4831 - Aşağıdaki lisans programlarından birinden mezun olmak. | 3202 - Hayvansal Üretim | 8258 - Süt Teknolojisi | 8289 - Zootekni / Zooteknik | 4845 - Aşağıdaki lisans programlarından birinden mezun olmak. | 3385 - Tarla Bitkileri | 3386 - Toprak | 4212 - Bahçe ve Tarla Bitkileri | 6131 - Bitkisel Üretim | 8147 - Bahçe Bitkileri | 8158 - Bitki Koruma | 9048 - Toprak Bilimi ve Bitki Besleme | 9269 - Bitkisel Üretim ve Teknolojileri | 4846 - Aşağıdaki lisans programlarından birinden mezun olmak. | 9114 - Biyosistem Mühendisliği | 4853 - Aşağıdaki lisans programlarından birinden mezun olmak. | 3325 - Tarım Teknolojisi | 3383 - Tarım Makineleri | 3384 - Tarımsal Yapılar ve Sulama | 8221 - Kültürteknik | 8263 - Tarımsal Mekanizasyon | 4854 - Aşağıdaki lisans programlarından birinden mezun olmak. | 9106 - Tarımsal Biyoteknoloji | 4857 - Aşağıdaki lisans programlarından birinden mezun olmak. | 3382 - Tarım Ekonomisi | 8261 - Tarım İşletmeciliği;e894f06c-c25b-eb11-80fa-a0369f7d1484
2020;72;390181038;Tarım ve Orman Bakanlığı Ardahan İl Müdürlüğü Çayır, Mera ve Yem Bitkileri Şube Müdürlüğü;Mühendis (Ziraat);Ardahan;Lisans;2;0;;;"4825;5135;4831;3202;8258;8289;4845;3385;3386;4212;6131;8147;8158;9048;9269;4846;9114;4853;3325;3383;3384;8221;8263;4854;9106;4857;3382;8261";4825 - Aşağıdaki lisans programlarından birinden mezun olmak. | 5135 - Ziraat Mühendisliği | 4831 - Aşağıdaki lisans programlarından birinden mezun olmak. | 3202 - Hayvansal Üretim | 8258 - Süt Teknolojisi | 8289 - Zootekni / Zooteknik | 4845 - Aşağıdaki lisans programlarından birinden mezun olmak. | 3385 - Tarla Bitkileri | 3386 - Toprak | 4212 - Bahçe ve Tarla Bitkileri | 6131 - Bitkisel Üretim | 8147 - Bahçe Bitkileri | 8158 - Bitki Koruma | 9048 - Toprak Bilimi ve Bitki Besleme | 9269 - Bitkisel Üretim ve Teknolojileri | 4846 - Aşağıdaki lisans programlarından birinden mezun olmak. | 9114 - Biyosistem Mühendisliği | 4853 - Aşağıdaki lisans programlarından birinden mezun olmak. | 3325 - Tarım Teknolojisi | 3383 - Tarım Makineleri | 3384 - Tarımsal Yapılar ve Sulama | 8221 - Kültürteknik | 8263 - Tarımsal Mekanizasyon | 4854 - Aşağıdaki lisans programlarından birinden mezun olmak. | 9106 - Tarımsal Biyoteknoloji | 4857 - Aşağıdaki lisans programlarından birinden mezun olmak. | 3382 - Tarım Ekonomisi | 8261 - Tarım İşletmeciliği;e994f06c-c25b-eb11-80fa-a0369f7d1484
2020;72;390181039;Tarım ve Orman Bakanlığı Ardahan İl Müdürlüğü Çıldır İlçe Müdürlüğü;Mühendis (Ziraat);Ardahan;Lisans;5;1;;;"4825;5135;4831;3202;8258;8289;4845;3385;3386;4212;6131;8147;8158;9048;9269;4846;9114;4853;3325;3383;3384;8221;8263;4854;9106;4857;3382;8261";4825 - Aşağıdaki lisans programlarından birinden mezun olmak. | 5135 - Ziraat Mühendisliği | 4831 - Aşağıdaki lisans programlarından birinden mezun olmak. | 3202 - Hayvansal Üretim | 8258 - Süt Teknolojisi | 8289 - Zootekni / Zooteknik | 4845 - Aşağıdaki lisans programlarından birinden mezun olmak. | 3385 - Tarla Bitkileri | 3386 - Toprak | 4212 - Bahçe ve Tarla Bitkileri | 6131 - Bitkisel Üretim | 8147 - Bahçe Bitkileri | 8158 - Bitki Koruma | 9048 - Toprak Bilimi ve Bitki Besleme | 9269 - Bitkisel Üretim ve Teknolojileri | 4846 - Aşağıdaki lisans programlarından birinden mezun olmak. | 9114 - Biyosistem Mühendisliği | 4853 - Aşağıdaki lisans programlarından birinden mezun olmak. | 3325 - Tarım Teknolojisi | 3383 - Tarım Makineleri | 3384 - Tarımsal Yapılar ve Sulama | 8221 - Kültürteknik | 8263 - Tarımsal Mekanizasyon | 4854 - Aşağıdaki lisans programlarından birinden mezun olmak. | 9106 - Tarımsal Biyoteknoloji | 4857 - Aşağıdaki lisans programlarından birinden mezun olmak. | 3382 - Tarım Ekonomisi | 8261 - Tarım İşletmeciliği;ea94f06c-c25b-eb11-80fa-a0369f7d1484
2020;72;390181555;Tarım ve Orman Bakanlığı Ardahan İl Müdürlüğü Çıldır İlçe Müdürlüğü;Mühendis (Su Ürünleri);Ardahan;Lisans;1;2;;;"4819;3202;3320;8337";4819 - Aşağıdaki lisans programlarından birinden mezun olmak. | 3202 - Hayvansal Üretim | 3320 - Su Ürünleri | 8337 - Su Ürünleri Mühendisliği;e394f06c-c25b-eb11-80fa-a0369f7d1484
2020;72;390181670;Tarım ve Orman Bakanlığı Ardahan İl Müdürlüğü Çıldır İlçe Müdürlüğü;Veteriner Hekim;Ardahan;Lisans;9;0;;;"4607;6373";4607 - Aşağıdaki lisans programlarından birinden mezun olmak. | 6373 - Veteriner;db94f06c-c25b-eb11-80fa-a0369f7d1484
2020;72;390181040;Tarım ve Orman Bakanlığı Ardahan İl Müdürlüğü Damal İlçe Müdürlüğü;Mühendis (Ziraat);Ardahan;Lisans;6;1;;;"4825;5135;4831;3202;8258;8289;4845;3385;3386;4212;6131;8147;8158;9048;9269;4846;9114;4853;3325;3383;3384;8221;8263;4854;9106;4857;3382;8261";4825 - Aşağıdaki lisans programlarından birinden mezun olmak. | 5135 - Ziraat Mühendisliği | 4831 - Aşağıdaki lisans programlarından birinden mezun olmak. | 3202 - Hayvansal Üretim | 8258 - Süt Teknolojisi | 8289 - Zootekni / Zooteknik | 4845 - Aşağıdaki lisans programlarından birinden mezun olmak. | 3385 - Tarla Bitkileri | 3386 - Toprak | 4212 - Bahçe ve Tarla Bitkileri | 6131 - Bitkisel Üretim | 8147 - Bahçe Bitkileri | 8158 - Bitki Koruma | 9048 - Toprak Bilimi ve Bitki Besleme | 9269 - Bitkisel Üretim ve Teknolojileri | 4846 - Aşağıdaki lisans programlarından birinden mezun olmak. | 9114 - Biyosistem Mühendisliği | 4853 - Aşağıdaki lisans programlarından birinden mezun olmak. | 3325 - Tarım Teknolojisi | 3383 - Tarım Makineleri | 3384 - Tarımsal Yapılar ve Sulama | 8221 - Kültürteknik | 8263 - Tarımsal Mekanizasyon | 4854 - Aşağıdaki lisans programlarından birinden mezun olmak. | 9106 - Tarımsal Biyoteknoloji | 4857 - Aşağıdaki lisans programlarından birinden mezun olmak. | 3382 - Tarım Ekonomisi | 8261 - Tarım İşletmeciliği;eb94f06c-c25b-eb11-80fa-a0369f7d1484
2020;72;390181671;Tarım ve Orman Bakanlığı Ardahan İl Müdürlüğü Damal İlçe Müdürlüğü;Veteriner Hekim;Ardahan;Lisans;4;0;;;"4607;6373";4607 - Aşağıdaki lisans programlarından birinden mezun olmak. | 6373 - Veteriner;dc94f06c-c25b-eb11-80fa-a0369f7d1484
2020;72;390181041;Tarım ve Orman Bakanlığı Ardahan İl Müdürlüğü Gıda ve Yem Şube Müdürlüğü;Mühendis (Ziraat);Ardahan;Lisans;1;0;;;"4825;5135;4831;3202;8258;8289;4845;3385;3386;4212;6131;8147;8158;9048;9269;4846;9114;4853;3325;3383;3384;8221;8263;4854;9106;4857;3382;8261";4825 - Aşağıdaki lisans programlarından birinden mezun olmak. | 5135 - Ziraat Mühendisliği | 4831 - Aşağıdaki lisans programlarından birinden mezun olmak. | 3202 - Hayvansal Üretim | 8258 - Süt Teknolojisi | 8289 - Zootekni / Zooteknik | 4845 - Aşağıdaki lisans programlarından birinden mezun olmak. | 3385 - Tarla Bitkileri | 3386 - Toprak | 4212 - Bahçe ve Tarla Bitkileri | 6131 - Bitkisel Üretim | 8147 - Bahçe Bitkileri | 8158 - Bitki Koruma | 9048 - Toprak Bilimi ve Bitki Besleme | 9269 - Bitkisel Üretim ve Teknolojileri | 4846 - Aşağıdaki lisans programlarından birinden mezun olmak. | 9114 - Biyosistem Mühendisliği | 4853 - Aşağıdaki lisans programlarından birinden mezun olmak. | 3325 - Tarım Teknolojisi | 3383 - Tarım Makineleri | 3384 - Tarımsal Yapılar ve Sulama | 8221 - Kültürteknik | 8263 - Tarımsal Mekanizasyon | 4854 - Aşağıdaki lisans programlarından birinden mezun olmak. | 9106 - Tarımsal Biyoteknoloji | 4857 - Aşağıdaki lisans programlarından birinden mezun olmak. | 3382 - Tarım Ekonomisi | 8261 - Tarım İşletmeciliği;ec94f06c-c25b-eb11-80fa-a0369f7d1484
2020;72;390181330;Tarım ve Orman Bakanlığı Ardahan İl Müdürlüğü Gıda ve Yem Şube Müdürlüğü;Mühendis (Gıda);Ardahan;Lisans;4;0;;;"4799;3191";4799 - Aşağıdaki lisans programlarından birinden mezun olmak. | 3191 - Gıda Mühendisliği;e694f06c-c25b-eb11-80fa-a0369f7d1484
2020;72;390181672;Tarım ve Orman Bakanlığı Ardahan İl Müdürlüğü Gıda ve Yem Şube Müdürlüğü;Veteriner Hekim;Ardahan;Lisans;1;0;;;"4607;6373";4607 - Aşağıdaki lisans programlarından birinden mezun olmak. | 6373 - Veteriner;dd94f06c-c25b-eb11-80fa-a0369f7d1484
2020;72;390181042;Tarım ve Orman Bakanlığı Ardahan İl Müdürlüğü Göle İlçe Müdürlüğü;Mühendis (Ziraat);Ardahan;Lisans;9;2;;;"4825;5135;4831;3202;8258;8289;4845;3385;3386;4212;6131;8147;8158;9048;9269;4846;9114;4853;3325;3383;3384;8221;8263;4854;9106;4857;3382;8261";4825 - Aşağıdaki lisans programlarından birinden mezun olmak. | 5135 - Ziraat Mühendisliği | 4831 - Aşağıdaki lisans programlarından birinden mezun olmak. | 3202 - Hayvansal Üretim | 8258 - Süt Teknolojisi | 8289 - Zootekni / Zooteknik | 4845 - Aşağıdaki lisans programlarından birinden mezun olmak. | 3385 - Tarla Bitkileri | 3386 - Toprak | 4212 - Bahçe ve Tarla Bitkileri | 6131 - Bitkisel Üretim | 8147 - Bahçe Bitkileri | 8158 - Bitki Koruma | 9048 - Toprak Bilimi ve Bitki Besleme | 9269 - Bitkisel Üretim ve Teknolojileri | 4846 - Aşağıdaki lisans programlarından birinden mezun olmak. | 9114 - Biyosistem Mühendisliği | 4853 - Aşağıdaki lisans programlarından birinden mezun olmak. | 3325 - Tarım Teknolojisi | 3383 - Tarım Makineleri | 3384 - Tarımsal Yapılar ve Sulama | 8221 - Kültürteknik | 8263 - Tarımsal Mekanizasyon | 4854 - Aşağıdaki lisans programlarından birinden mezun olmak. | 9106 - Tarımsal Biyoteknoloji | 4857 - Aşağıdaki lisans programlarından birinden mezun olmak. | 3382 - Tarım Ekonomisi | 8261 - Tarım İşletmeciliği;ed94f06c-c25b-eb11-80fa-a0369f7d1484
2020;72;390181673;Tarım ve Orman Bakanlığı Ardahan İl Müdürlüğü Göle İlçe Müdürlüğü;Veteriner Hekim;Ardahan;Lisans;12;0;;;"4607;6373";4607 - Aşağıdaki lisans programlarından birinden mezun olmak. | 6373 - Veteriner;de94f06c-c25b-eb11-80fa-a0369f7d1484
2020;72;390181043;Tarım ve Orman Bakanlığı Ardahan İl Müdürlüğü Hanak İlçe Müdürlüğü;Mühendis (Ziraat);Ardahan;Lisans;6;0;;;"4825;5135;4831;3202;8258;8289;4845;3385;3386;4212;6131;8147;8158;9048;9269;4846;9114;4853;3325;3383;3384;8221;8263;4854;9106;4857;3382;8261";4825 - Aşağıdaki lisans programlarından birinden mezun olmak. | 5135 - Ziraat Mühendisliği | 4831 - Aşağıdaki lisans programlarından birinden mezun olmak. | 3202 - Hayvansal Üretim | 8258 - Süt Teknolojisi | 8289 - Zootekni / Zooteknik | 4845 - Aşağıdaki lisans programlarından birinden mezun olmak. | 3385 - Tarla Bitkileri | 3386 - Toprak | 4212 - Bahçe ve Tarla Bitkileri | 6131 - Bitkisel Üretim | 8147 - Bahçe Bitkileri | 8158 - Bitki Koruma | 9048 - Toprak Bilimi ve Bitki Besleme | 9269 - Bitkisel Üretim ve Teknolojileri | 4846 - Aşağıdaki lisans programlarından birinden mezun olmak. | 9114 - Biyosistem Mühendisliği | 4853 - Aşağıdaki lisans programlarından birinden mezun olmak. | 3325 - Tarım Teknolojisi | 3383 - Tarım Makineleri | 3384 - Tarımsal Yapılar ve Sulama | 8221 - Kültürteknik | 8263 - Tarımsal Mekanizasyon | 4854 - Aşağıdaki lisans programlarından birinden mezun olmak. | 9106 - Tarımsal Biyoteknoloji | 4857 - Aşağıdaki lisans programlarından birinden mezun olmak. | 3382 - Tarım Ekonomisi | 8261 - Tarım İşletmeciliği;ee94f06c-c25b-eb11-80fa-a0369f7d1484
2020;72;390181674;Tarım ve Orman Bakanlığı Ardahan İl Müdürlüğü Hanak İlçe Müdürlüğü;Veteriner Hekim;Ardahan;Lisans;6;0;;;"4607;6373";4607 - Aşağıdaki lisans programlarından birinden mezun olmak. | 6373 - Veteriner;df94f06c-c25b-eb11-80fa-a0369f7d1484
2020;72;390181556;Tarım ve Orman Bakanlığı Ardahan İl Müdürlüğü Hayvan Sağlığı,Yetiştiriciliği ve Su Ürünleri Şube Müdürlüğü;Mühendis (Su Ürünleri);Ardahan;Lisans;1;1;;;"4819;3202;3320;8337";4819 - Aşağıdaki lisans programlarından birinden mezun olmak. | 3202 - Hayvansal Üretim | 3320 - Su Ürünleri | 8337 - Su Ürünleri Mühendisliği;e494f06c-c25b-eb11-80fa-a0369f7d1484
2020;72;390181675;Tarım ve Orman Bakanlığı Ardahan İl Müdürlüğü Hayvan Sağlığı,Yetiştiriciliği ve Su Ürünleri Şube Müdürlüğü;Veteriner Hekim;Ardahan;Lisans;5;0;;;"4607;6373";4607 - Aşağıdaki lisans programlarından birinden mezun olmak. | 6373 - Veteriner;e094f06c-c25b-eb11-80fa-a0369f7d1484
2020;72;390181044;Tarım ve Orman Bakanlığı Ardahan İl Müdürlüğü Kırsal Kalkınma ve Örgütlenme Şube Müdürlüğü;Mühendis (Ziraat);Ardahan;Lisans;1;0;;;"4825;5135;4831;3202;8258;8289;4845;3385;3386;4212;6131;8147;8158;9048;9269;4846;9114;4853;3325;3383;3384;8221;8263;4854;9106;4857;3382;8261";4825 - Aşağıdaki lisans programlarından birinden mezun olmak. | 5135 - Ziraat Mühendisliği | 4831 - Aşağıdaki lisans programlarından birinden mezun olmak. | 3202 - Hayvansal Üretim | 8258 - Süt Teknolojisi | 8289 - Zootekni / Zooteknik | 4845 - Aşağıdaki lisans programlarından birinden mezun olmak. | 3385 - Tarla Bitkileri | 3386 - Toprak | 4212 - Bahçe ve Tarla Bitkileri | 6131 - Bitkisel Üretim | 8147 - Bahçe Bitkileri | 8158 - Bitki Koruma | 9048 - Toprak Bilimi ve Bitki Besleme | 9269 - Bitkisel Üretim ve Teknolojileri | 4846 - Aşağıdaki lisans programlarından birinden mezun olmak. | 9114 - Biyosistem Mühendisliği | 4853 - Aşağıdaki lisans programlarından birinden mezun olmak. | 3325 - Tarım Teknolojisi | 3383 - Tarım Makineleri | 3384 - Tarımsal Yapılar ve Sulama | 8221 - Kültürteknik | 8263 - Tarımsal Mekanizasyon | 4854 - Aşağıdaki lisans programlarından birinden mezun olmak. | 9106 - Tarımsal Biyoteknoloji | 4857 - Aşağıdaki lisans programlarından birinden mezun olmak. | 3382 - Tarım Ekonomisi | 8261 - Tarım İşletmeciliği;ef94f06c-c25b-eb11-80fa-a0369f7d1484
2020;72;390181676;Tarım ve Orman Bakanlığı Ardahan İl Müdürlüğü Koordinasyon ve Tarımsal Veriler Şube Müdürlüğü;Veteriner Hekim;Ardahan;Lisans;1;0;;;"4607;6373";4607 - Aşağıdaki lisans programlarından birinden mezun olmak. | 6373 - Veteriner;e194f06c-c25b-eb11-80fa-a0369f7d1484
2020;72;390181045;Tarım ve Orman Bakanlığı Ardahan İl Müdürlüğü Posof İlçe Müdürlüğü;Mühendis (Ziraat);Ardahan;Lisans;3;0;;;"4825;5135;4831;3202;8258;8289;4845;3385;3386;4212;6131;8147;8158;9048;9269;4846;9114;4853;3325;3383;3384;8221;8263;4854;9106;4857;3382;8261";4825 - Aşağıdaki lisans programlarından birinden mezun olmak. | 5135 - Ziraat Mühendisliği | 4831 - Aşağıdaki lisans programlarından birinden mezun olmak. | 3202 - Hayvansal Üretim | 8258 - Süt Teknolojisi | 8289 - Zootekni / Zooteknik | 4845 - Aşağıdaki lisans programlarından birinden mezun olmak. | 3385 - Tarla Bitkileri | 3386 - Toprak | 4212 - Bahçe ve Tarla Bitkileri | 6131 - Bitkisel Üretim | 8147 - Bahçe Bitkileri | 8158 - Bitki Koruma | 9048 - Toprak Bilimi ve Bitki Besleme | 9269 - Bitkisel Üretim ve Teknolojileri | 4846 - Aşağıdaki lisans programlarından birinden mezun olmak. | 9114 - Biyosistem Mühendisliği | 4853 - Aşağıdaki lisans programlarından birinden mezun olmak. | 3325 - Tarım Teknolojisi | 3383 - Tarım Makineleri | 3384 - Tarımsal Yapılar ve Sulama | 8221 - Kültürteknik | 8263 - Tarımsal Mekanizasyon | 4854 - Aşağıdaki lisans programlarından birinden mezun olmak. | 9106 - Tarımsal Biyoteknoloji | 4857 - Aşağıdaki lisans programlarından birinden mezun olmak. | 3382 - Tarım Ekonomisi | 8261 - Tarım İşletmeciliği;f094f06c-c25b-eb11-80fa-a0369f7d1484
2020;72;390181557;Tarım ve Orman Bakanlığı Ardahan İl Müdürlüğü Posof İlçe Müdürlüğü;Mühendis (Su Ürünleri);Ardahan;Lisans;1;1;;;"4819;3202;3320;8337";4819 - Aşağıdaki lisans programlarından birinden mezun olmak. | 3202 - Hayvansal Üretim | 3320 - Su Ürünleri | 8337 - Su Ürünleri Mühendisliği;e594f06c-c25b-eb11-80fa-a0369f7d1484
2020;72;390181677;Tarım ve Orman Bakanlığı Ardahan İl Müdürlüğü Posof İlçe Müdürlüğü;Veteriner Hekim;Ardahan;Lisans;5;0;;;"4607;6373";4607 - Aşağıdaki lisans programlarından birinden mezun olmak. | 6373 - Veteriner;e294f06c-c25b-eb11-80fa-a0369f7d1484
2020;72;390181047;Tarım ve Orman Bakanlığı Artvin İl Müdürlüğü Ardanuç İlçe Müdürlüğü;Mühendis (Ziraat);Artvin;Lisans;3;0;;;"4825;5135;4831;3202;8258;8289;4845;3385;3386;4212;6131;8147;8158;9048;9269;4846;9114;4853;3325;3383;3384;8221;8263;4854;9106;4857;3382;8261";4825 - Aşağıdaki lisans programlarından birinden mezun olmak. | 5135 - Ziraat Mühendisliği | 4831 - Aşağıdaki lisans programlarından birinden mezun olmak. | 3202 - Hayvansal Üretim | 8258 - Süt Teknolojisi | 8289 - Zootekni / Zooteknik | 4845 - Aşağıdaki lisans programlarından birinden mezun olmak. | 3385 - Tarla Bitkileri | 3386 - Toprak | 4212 - Bahçe ve Tarla Bitkileri | 6131 - Bitkisel Üretim | 8147 - Bahçe Bitkileri | 8158 - Bitki Koruma | 9048 - Toprak Bilimi ve Bitki Besleme | 9269 - Bitkisel Üretim ve Teknolojileri | 4846 - Aşağıdaki lisans programlarından birinden mezun olmak. | 9114 - Biyosistem Mühendisliği | 4853 - Aşağıdaki lisans programlarından birinden mezun olmak. | 3325 - Tarım Teknolojisi | 3383 - Tarım Makineleri | 3384 - Tarımsal Yapılar ve Sulama | 8221 - Kültürteknik | 8263 - Tarımsal Mekanizasyon | 4854 - Aşağıdaki lisans programlarından birinden mezun olmak. | 9106 - Tarımsal Biyoteknoloji | 4857 - Aşağıdaki lisans programlarından birinden mezun olmak. | 3382 - Tarım Ekonomisi | 8261 - Tarım İşletmeciliği;2c91f06c-c25b-eb11-80fa-a0369f7d1484
2020;72;390181678;Tarım ve Orman Bakanlığı Artvin İl Müdürlüğü Ardanuç İlçe Müdürlüğü;Veteriner Hekim;Artvin;Lisans;3;0;;;"4607;6373";4607 - Aşağıdaki lisans programlarından birinden mezun olmak. | 6373 - Veteriner;3591f06c-c25b-eb11-80fa-a0369f7d1484
2020;72;390181558;Tarım ve Orman Bakanlığı Artvin İl Müdürlüğü Arhavi İlçe Müdürlüğü;Mühendis (Su Ürünleri);Artvin;Lisans;1;1;;;"4819;3202;3320;8337";4819 - Aşağıdaki lisans programlarından birinden mezun olmak. | 3202 - Hayvansal Üretim | 3320 - Su Ürünleri | 8337 - Su Ürünleri Mühendisliği;3d91f06c-c25b-eb11-80fa-a0369f7d1484
2020;72;390181679;Tarım ve Orman Bakanlığı Artvin İl Müdürlüğü Arhavi İlçe Müdürlüğü;Veteriner Hekim;Artvin;Lisans;1;0;;;"4607;6373";4607 - Aşağıdaki lisans programlarından birinden mezun olmak. | 6373 - Veteriner;3691f06c-c25b-eb11-80fa-a0369f7d1484
2020;72;390181559;Tarım ve Orman Bakanlığı Artvin İl Müdürlüğü Balıkçılık ve Su Ürünleri Şube Müdürlüğü;Mühendis (Su Ürünleri);Artvin;Lisans;1;0;;;"4819;3202;3320;8337";4819 - Aşağıdaki lisans programlarından birinden mezun olmak. | 3202 - Hayvansal Üretim | 3320 - Su Ürünleri | 8337 - Su Ürünleri Mühendisliği;3e91f06c-c25b-eb11-80fa-a0369f7d1484
2020;72;390181048;Tarım ve Orman Bakanlığı Artvin İl Müdürlüğü Bitkisel Üretim ve Bitki Sağlığı Şube Müdürlüğü;Mühendis (Ziraat);Artvin;Lisans;1;0;;;"4825;5135;4831;3202;8258;8289;4845;3385;3386;4212;6131;8147;8158;9048;9269;4846;9114;4853;3325;3383;3384;8221;8263;4854;9106;4857;3382;8261";4825 - Aşağıdaki lisans programlarından birinden mezun olmak. | 5135 - Ziraat Mühendisliği | 4831 - Aşağıdaki lisans programlarından birinden mezun olmak. | 3202 - Hayvansal Üretim | 8258 - Süt Teknolojisi | 8289 - Zootekni / Zooteknik | 4845 - Aşağıdaki lisans programlarından birinden mezun olmak. | 3385 - Tarla Bitkileri | 3386 - Toprak | 4212 - Bahçe ve Tarla Bitkileri | 6131 - Bitkisel Üretim | 8147 - Bahçe Bitkileri | 8158 - Bitki Koruma | 9048 - Toprak Bilimi ve Bitki Besleme | 9269 - Bitkisel Üretim ve Teknolojileri | 4846 - Aşağıdaki lisans programlarından birinden mezun olmak. | 9114 - Biyosistem Mühendisliği | 4853 - Aşağıdaki lisans programlarından birinden mezun olmak. | 3325 - Tarım Teknolojisi | 3383 - Tarım Makineleri | 3384 - Tarımsal Yapılar ve Sulama | 8221 - Kültürteknik | 8263 - Tarımsal Mekanizasyon | 4854 - Aşağıdaki lisans programlarından birinden mezun olmak. | 9106 - Tarımsal Biyoteknoloji | 4857 - Aşağıdaki lisans programlarından birinden mezun olmak. | 3382 - Tarım Ekonomisi | 8261 - Tarım İşletmeciliği;2d91f06c-c25b-eb11-80fa-a0369f7d1484
2020;72;390181049;Tarım ve Orman Bakanlığı Artvin İl Müdürlüğü Borçka İlçe Müdürlüğü;Mühendis (Ziraat);Artvin;Lisans;11;3;;;"4825;5135;4831;3202;8258;8289;4845;3385;3386;4212;6131;8147;8158;9048;9269;4846;9114;4853;3325;3383;3384;8221;8263;4854;9106;4857;3382;8261";4825 - Aşağıdaki lisans programlarından birinden mezun olmak. | 5135 - Ziraat Mühendisliği | 4831 - Aşağıdaki lisans programlarından birinden mezun olmak. | 3202 - Hayvansal Üretim | 8258 - Süt Teknolojisi | 8289 - Zootekni / Zooteknik | 4845 - Aşağıdaki lisans programlarından birinden mezun olmak. | 3385 - Tarla Bitkileri | 3386 - Toprak | 4212 - Bahçe ve Tarla Bitkileri | 6131 - Bitkisel Üretim | 8147 - Bahçe Bitkileri | 8158 - Bitki Koruma | 9048 - Toprak Bilimi ve Bitki Besleme | 9269 - Bitkisel Üretim ve Teknolojileri | 4846 - Aşağıdaki lisans programlarından birinden mezun olmak. | 9114 - Biyosistem Mühendisliği | 4853 - Aşağıdaki lisans programlarından birinden mezun olmak. | 3325 - Tarım Teknolojisi | 3383 - Tarım Makineleri | 3384 - Tarımsal Yapılar ve Sulama | 8221 - Kültürteknik | 8263 - Tarımsal Mekanizasyon | 4854 - Aşağıdaki lisans programlarından birinden mezun olmak. | 9106 - Tarımsal Biyoteknoloji | 4857 - Aşağıdaki lisans programlarından birinden mezun olmak. | 3382 - Tarım Ekonomisi | 8261 - Tarım İşletmeciliği;2e91f06c-c25b-eb11-80fa-a0369f7d1484
2020;72;390181560;Tarım ve Orman Bakanlığı Artvin İl Müdürlüğü Borçka İlçe Müdürlüğü;Mühendis (Su Ürünleri);Artvin;Lisans;1;1;;;"4819;3202;3320;8337";4819 - Aşağıdaki lisans programlarından birinden mezun olmak. | 3202 - Hayvansal Üretim | 3320 - Su Ürünleri | 8337 - Su Ürünleri Mühendisliği;3f91f06c-c25b-eb11-80fa-a0369f7d1484
2020;72;390181680;Tarım ve Orman Bakanlığı Artvin İl Müdürlüğü Borçka İlçe Müdürlüğü;Veteriner Hekim;Artvin;Lisans;5;0;;;"4607;6373";4607 - Aşağıdaki lisans programlarından birinden mezun olmak. | 6373 - Veteriner;3791f06c-c25b-eb11-80fa-a0369f7d1484
2020;72;390181050;Tarım ve Orman Bakanlığı Artvin İl Müdürlüğü Çayır, Mera ve Yem Bitkileri Şube Müdürlüğü;Mühendis (Ziraat);Artvin;Lisans;2;1;;;"4825;5135;4831;3202;8258;8289;4845;3385;3386;4212;6131;8147;8158;9048;9269;4846;9114;4853;3325;3383;3384;8221;8263;4854;9106;4857;3382;8261";4825 - Aşağıdaki lisans programlarından birinden mezun olmak. | 5135 - Ziraat Mühendisliği | 4831 - Aşağıdaki lisans programlarından birinden mezun olmak. | 3202 - Hayvansal Üretim | 8258 - Süt Teknolojisi | 8289 - Zootekni / Zooteknik | 4845 - Aşağıdaki lisans programlarından birinden mezun olmak. | 3385 - Tarla Bitkileri | 3386 - Toprak | 4212 - Bahçe ve Tarla Bitkileri | 6131 - Bitkisel Üretim | 8147 - Bahçe Bitkileri | 8158 - Bitki Koruma | 9048 - Toprak Bilimi ve Bitki Besleme | 9269 - Bitkisel Üretim ve Teknolojileri | 4846 - Aşağıdaki lisans programlarından birinden mezun olmak. | 9114 - Biyosistem Mühendisliği | 4853 - Aşağıdaki lisans programlarından birinden mezun olmak. | 3325 - Tarım Teknolojisi | 3383 - Tarım Makineleri | 3384 - Tarımsal Yapılar ve Sulama | 8221 - Kültürteknik | 8263 - Tarımsal Mekanizasyon | 4854 - Aşağıdaki lisans programlarından birinden mezun olmak. | 9106 - Tarımsal Biyoteknoloji | 4857 - Aşağıdaki lisans programlarından birinden mezun olmak. | 3382 - Tarım Ekonomisi | 8261 - Tarım İşletmeciliği;2f91f06c-c25b-eb11-80fa-a0369f7d1484
2020;72;390181051;Tarım ve Orman Bakanlığı Artvin İl Müdürlüğü Hopa İlçe Müdürlüğü;Mühendis (Ziraat);Artvin;Lisans;7;4;;;"4825;5135;4831;3202;8258;8289;4845;3385;3386;4212;6131;8147;8158;9048;9269;4846;9114;4853;3325;3383;3384;8221;8263;4854;9106;4857;3382;8261";4825 - Aşağıdaki lisans programlarından birinden mezun olmak. | 5135 - Ziraat Mühendisliği | 4831 - Aşağıdaki lisans programlarından birinden mezun olmak. | 3202 - Hayvansal Üretim | 8258 - Süt Teknolojisi | 8289 - Zootekni / Zooteknik | 4845 - Aşağıdaki lisans programlarından birinden mezun olmak. | 3385 - Tarla Bitkileri | 3386 - Toprak | 4212 - Bahçe ve Tarla Bitkileri | 6131 - Bitkisel Üretim | 8147 - Bahçe Bitkileri | 8158 - Bitki Koruma | 9048 - Toprak Bilimi ve Bitki Besleme | 9269 - Bitkisel Üretim ve Teknolojileri | 4846 - Aşağıdaki lisans programlarından birinden mezun olmak. | 9114 - Biyosistem Mühendisliği | 4853 - Aşağıdaki lisans programlarından birinden mezun olmak. | 3325 - Tarım Teknolojisi | 3383 - Tarım Makineleri | 3384 - Tarımsal Yapılar ve Sulama | 8221 - Kültürteknik | 8263 - Tarımsal Mekanizasyon | 4854 - Aşağıdaki lisans programlarından birinden mezun olmak. | 9106 - Tarımsal Biyoteknoloji | 4857 - Aşağıdaki lisans programlarından birinden mezun olmak. | 3382 - Tarım Ekonomisi | 8261 - Tarım İşletmeciliği;3091f06c-c25b-eb11-80fa-a0369f7d1484
2020;72;390181561;Tarım ve Orman Bakanlığı Artvin İl Müdürlüğü Hopa İlçe Müdürlüğü;Mühendis (Su Ürünleri);Artvin;Lisans;1;1;;;"4819;3202;3320;8337";4819 - Aşağıdaki lisans programlarından birinden mezun olmak. | 3202 - Hayvansal Üretim | 3320 - Su Ürünleri | 8337 - Su Ürünleri Mühendisliği;4091f06c-c25b-eb11-80fa-a0369f7d1484
2020;72;390181681;Tarım ve Orman Bakanlığı Artvin İl Müdürlüğü Hopa İlçe Müdürlüğü;Veteriner Hekim;Artvin;Lisans;2;1;;;"4607;6373";4607 - Aşağıdaki lisans programlarından birinden mezun olmak. | 6373 - Veteriner;3891f06c-c25b-eb11-80fa-a0369f7d1484
2020;72;390181052;Tarım ve Orman Bakanlığı Artvin İl Müdürlüğü Kemalpaşa İlçe Müdürlüğü;Mühendis (Ziraat);Artvin;Lisans;12;5;;;"4825;5135;4831;3202;8258;8289;4845;3385;3386;4212;6131;8147;8158;9048;9269;4846;9114;4853;3325;3383;3384;8221;8263;4854;9106;4857;3382;8261";4825 - Aşağıdaki lisans programlarından birinden mezun olmak. | 5135 - Ziraat Mühendisliği | 4831 - Aşağıdaki lisans programlarından birinden mezun olmak. | 3202 - Hayvansal Üretim | 8258 - Süt Teknolojisi | 8289 - Zootekni / Zooteknik | 4845 - Aşağıdaki lisans programlarından birinden mezun olmak. | 3385 - Tarla Bitkileri | 3386 - Toprak | 4212 - Bahçe ve Tarla Bitkileri | 6131 - Bitkisel Üretim | 8147 - Bahçe Bitkileri | 8158 - Bitki Koruma | 9048 - Toprak Bilimi ve Bitki Besleme | 9269 - Bitkisel Üretim ve Teknolojileri | 4846 - Aşağıdaki lisans programlarından birinden mezun olmak. | 9114 - Biyosistem Mühendisliği | 4853 - Aşağıdaki lisans programlarından birinden mezun olmak. | 3325 - Tarım Teknolojisi | 3383 - Tarım Makineleri | 3384 - Tarımsal Yapılar ve Sulama | 8221 - Kültürteknik | 8263 - Tarımsal Mekanizasyon | 4854 - Aşağıdaki lisans programlarından birinden mezun olmak. | 9106 - Tarımsal Biyoteknoloji | 4857 - Aşağıdaki lisans programlarından birinden mezun olmak. | 3382 - Tarım Ekonomisi | 8261 - Tarım İşletmeciliği;3191f06c-c25b-eb11-80fa-a0369f7d1484
2020;72;390181331;Tarım ve Orman Bakanlığı Artvin İl Müdürlüğü Kemalpaşa İlçe Müdürlüğü;Mühendis (Gıda);Artvin;Lisans;1;0;;;"4799;3191";4799 - Aşağıdaki lisans programlarından birinden mezun olmak. | 3191 - Gıda Mühendisliği;2491f06c-c25b-eb11-80fa-a0369f7d1484
2020;72;390181562;Tarım ve Orman Bakanlığı Artvin İl Müdürlüğü Kemalpaşa İlçe Müdürlüğü;Mühendis (Su Ürünleri);Artvin;Lisans;1;0;;;"4819;3202;3320;8337";4819 - Aşağıdaki lisans programlarından birinden mezun olmak. | 3202 - Hayvansal Üretim | 3320 - Su Ürünleri | 8337 - Su Ürünleri Mühendisliği;4191f06c-c25b-eb11-80fa-a0369f7d1484
2020;72;390181682;Tarım ve Orman Bakanlığı Artvin İl Müdürlüğü Kemalpaşa İlçe Müdürlüğü;Veteriner Hekim;Artvin;Lisans;2;0;;;"4607;6373";4607 - Aşağıdaki lisans programlarından birinden mezun olmak. | 6373 - Veteriner;3991f06c-c25b-eb11-80fa-a0369f7d1484
2020;72;390181683;Tarım ve Orman Bakanlığı Artvin İl Müdürlüğü Murgul İlçe Müdürlüğü;Veteriner Hekim;Artvin;Lisans;1;0;;;"4607;6373";4607 - Aşağıdaki lisans programlarından birinden mezun olmak. | 6373 - Veteriner;3a91f06c-c25b-eb11-80fa-a0369f7d1484
2020;72;390181053;Tarım ve Orman Bakanlığı Artvin İl Müdürlüğü Şavşat İlçe Müdürlüğü;Mühendis (Ziraat);Artvin;Lisans;7;2;;;"4825;5135;4831;3202;8258;8289;4845;3385;3386;4212;6131;8147;8158;9048;9269;4846;9114;4853;3325;3383;3384;8221;8263;4854;9106;4857;3382;8261";4825 - Aşağıdaki lisans programlarından birinden mezun olmak. | 5135 - Ziraat Mühendisliği | 4831 - Aşağıdaki lisans programlarından birinden mezun olmak. | 3202 - Hayvansal Üretim | 8258 - Süt Teknolojisi | 8289 - Zootekni / Zooteknik | 4845 - Aşağıdaki lisans programlarından birinden mezun olmak. | 3385 - Tarla Bitkileri | 3386 - Toprak | 4212 - Bahçe ve Tarla Bitkileri | 6131 - Bitkisel Üretim | 8147 - Bahçe Bitkileri | 8158 - Bitki Koruma | 9048 - Toprak Bilimi ve Bitki Besleme | 9269 - Bitkisel Üretim ve Teknolojileri | 4846 - Aşağıdaki lisans programlarından birinden mezun olmak. | 9114 - Biyosistem Mühendisliği | 4853 - Aşağıdaki lisans programlarından birinden mezun olmak. | 3325 - Tarım Teknolojisi | 3383 - Tarım Makineleri | 3384 - Tarımsal Yapılar ve Sulama | 8221 - Kültürteknik | 8263 - Tarımsal Mekanizasyon | 4854 - Aşağıdaki lisans programlarından birinden mezun olmak. | 9106 - Tarımsal Biyoteknoloji | 4857 - Aşağıdaki lisans programlarından birinden mezun olmak. | 3382 - Tarım Ekonomisi | 8261 - Tarım İşletmeciliği;3291f06c-c25b-eb11-80fa-a0369f7d1484
2020;72;390181563;Tarım ve Orman Bakanlığı Artvin İl Müdürlüğü Şavşat İlçe Müdürlüğü;Mühendis (Su Ürünleri);Artvin;Lisans;1;1;;;"4819;3202;3320;8337";4819 - Aşağıdaki lisans programlarından birinden mezun olmak. | 3202 - Hayvansal Üretim | 3320 - Su Ürünleri | 8337 - Su Ürünleri Mühendisliği;4291f06c-c25b-eb11-80fa-a0369f7d1484
2020;72;390181684;Tarım ve Orman Bakanlığı Artvin İl Müdürlüğü Şavşat İlçe Müdürlüğü;Veteriner Hekim;Artvin;Lisans;2;0;;;"4607;6373";4607 - Aşağıdaki lisans programlarından birinden mezun olmak. | 6373 - Veteriner;3b91f06c-c25b-eb11-80fa-a0369f7d1484
2020;72;390181054;Tarım ve Orman Bakanlığı Artvin İl Müdürlüğü Yusufeli İlçe Müdürlüğü;Mühendis (Ziraat);Artvin;Lisans;7;3;;;"4825;5135;4831;3202;8258;8289;4845;3385;3386;4212;6131;8147;8158;9048;9269;4846;9114;4853;3325;3383;3384;8221;8263;4854;9106;4857;3382;8261";4825 - Aşağıdaki lisans programlarından birinden mezun olmak. | 5135 - Ziraat Mühendisliği | 4831 - Aşağıdaki lisans programlarından birinden mezun olmak. | 3202 - Hayvansal Üretim | 8258 - Süt Teknolojisi | 8289 - Zootekni / Zooteknik | 4845 - Aşağıdaki lisans programlarından birinden mezun olmak. | 3385 - Tarla Bitkileri | 3386 - Toprak | 4212 - Bahçe ve Tarla Bitkileri | 6131 - Bitkisel Üretim | 8147 - Bahçe Bitkileri | 8158 - Bitki Koruma | 9048 - Toprak Bilimi ve Bitki Besleme | 9269 - Bitkisel Üretim ve Teknolojileri | 4846 - Aşağıdaki lisans programlarından birinden mezun olmak. | 9114 - Biyosistem Mühendisliği | 4853 - Aşağıdaki lisans programlarından birinden mezun olmak. | 3325 - Tarım Teknolojisi | 3383 - Tarım Makineleri | 3384 - Tarımsal Yapılar ve Sulama | 8221 - Kültürteknik | 8263 - Tarımsal Mekanizasyon | 4854 - Aşağıdaki lisans programlarından birinden mezun olmak. | 9106 - Tarımsal Biyoteknoloji | 4857 - Aşağıdaki lisans programlarından birinden mezun olmak. | 3382 - Tarım Ekonomisi | 8261 - Tarım İşletmeciliği;3391f06c-c25b-eb11-80fa-a0369f7d1484
2020;72;390181332;Tarım ve Orman Bakanlığı Artvin İl Müdürlüğü Yusufeli İlçe Müdürlüğü;Mühendis (Gıda);Artvin;Lisans;1;1;;;"4799;3191";4799 - Aşağıdaki lisans programlarından birinden mezun olmak. | 3191 - Gıda Mühendisliği;2591f06c-c25b-eb11-80fa-a0369f7d1484
2020;72;390181685;Tarım ve Orman Bakanlığı Artvin İl Müdürlüğü Yusufeli İlçe Müdürlüğü;Veteriner Hekim;Artvin;Lisans;4;0;;;"4607;6373";4607 - Aşağıdaki lisans programlarından birinden mezun olmak. | 6373 - Veteriner;3c91f06c-c25b-eb11-80fa-a0369f7d1484
2020;72;390181055;Tarım ve Orman Bakanlığı Artvin Zirai Karantina Müdürlüğü;Mühendis (Bitki Koruma);Artvin;Lisans;2;2;;;"4845;3385;3386;4212;6131;8147;8158;9048;9269";4845 - Aşağıdaki lisans programlarından birinden mezun olmak. | 3385 - Tarla Bitkileri | 3386 - Toprak | 4212 - Bahçe ve Tarla Bitkileri | 6131 - Bitkisel Üretim | 8147 - Bahçe Bitkileri | 8158 - Bitki Koruma | 9048 - Toprak Bilimi ve Bitki Besleme | 9269 - Bitkisel Üretim ve Teknolojileri;3491f06c-c25b-eb11-80fa-a0369f7d1484
2020;72;390181333;Tarım ve Orman Bakanlığı Aydın İl Müdürlüğü Bozdoğan İlçe Müdürlüğü;Mühendis (Gıda);Aydın;Lisans;1;0;;;"4799;3191";4799 - Aşağıdaki lisans programlarından birinden mezun olmak. | 3191 - Gıda Mühendisliği;4391f06c-c25b-eb11-80fa-a0369f7d1484
2020;72;390181334;Tarım ve Orman Bakanlığı Aydın İl Müdürlüğü Karacasu İlçe Müdürlüğü;Mühendis (Gıda);Aydın;Lisans;1;1;;;"4799;3191";4799 - Aşağıdaki lisans programlarından birinden mezun olmak. | 3191 - Gıda Mühendisliği;4491f06c-c25b-eb11-80fa-a0369f7d1484
2020;72;390181335;Tarım ve Orman Bakanlığı Aydın İl Müdürlüğü Sultanhisar İlçe Müdürlüğü;Mühendis (Gıda);Aydın;Lisans;1;1;;;"4799;3191";4799 - Aşağıdaki lisans programlarından birinden mezun olmak. | 3191 - Gıda Mühendisliği;4591f06c-c25b-eb11-80fa-a0369f7d1484
2020;72;390181336;Tarım ve Orman Bakanlığı Balıkesir Gıda Kontrol Laboratuvar Müdürlüğü;Mühendis (Gıda);Balıkesir;Lisans;3;1;;;"4799;3191";4799 - Aşağıdaki lisans programlarından birinden mezun olmak. | 3191 - Gıda Mühendisliği;4691f06c-c25b-eb11-80fa-a0369f7d1484
2020;72;390181337;Tarım ve Orman Bakanlığı Balıkesir İl Müdürlüğü Bigadiç İlçe Müdürlüğü;Mühendis (Gıda);Balıkesir;Lisans;1;0;;;"4799;3191";4799 - Aşağıdaki lisans programlarından birinden mezun olmak. | 3191 - Gıda Mühendisliği;4791f06c-c25b-eb11-80fa-a0369f7d1484
2020;72;390181338;Tarım ve Orman Bakanlığı Balıkesir İl Müdürlüğü İvrindi İlçe Müdürlüğü;Mühendis (Gıda);Balıkesir;Lisans;1;0;;;"4799;3191";4799 - Aşağıdaki lisans programlarından birinden mezun olmak. | 3191 - Gıda Mühendisliği;4891f06c-c25b-eb11-80fa-a0369f7d1484
2020;72;390181339;Tarım ve Orman Bakanlığı Balıkesir İl Müdürlüğü Kepsut İlçe Müdürlüğü;Mühendis (Gıda);Balıkesir;Lisans;1;0;;;"4799;3191";4799 - Aşağıdaki lisans programlarından birinden mezun olmak. | 3191 - Gıda Mühendisliği;4991f06c-c25b-eb11-80fa-a0369f7d1484
2020;72;390181340;Tarım ve Orman Bakanlığı Bartın İl Müdürlüğü Gıda ve Yem Şube Müdürlüğü;Mühendis (Gıda);Bartın;Lisans;1;4;;;"4799;3191";4799 - Aşağıdaki lisans programlarından birinden mezun olmak. | 3191 - Gıda Mühendisliği;d894f06c-c25b-eb11-80fa-a0369f7d1484
2020;72;390181564;Tarım ve Orman Bakanlığı Bartın İl Müdürlüğü Kurucaşile İlçe Müdürlüğü;Mühendis (Su Ürünleri);Bartın;Lisans;1;1;;;"4819;3202;3320;8337";4819 - Aşağıdaki lisans programlarından birinden mezun olmak. | 3202 - Hayvansal Üretim | 3320 - Su Ürünleri | 8337 - Su Ürünleri Mühendisliği;d994f06c-c25b-eb11-80fa-a0369f7d1484
2020;72;390181686;Tarım ve Orman Bakanlığı Bartın İl Müdürlüğü Kurucaşile İlçe Müdürlüğü;Veteriner Hekim;Bartın;Lisans;1;0;;;"4607;6373";4607 - Aşağıdaki lisans programlarından birinden mezun olmak. | 6373 - Veteriner;da94f06c-c25b-eb11-80fa-a0369f7d1484
2020;72;390181057;Tarım ve Orman Bakanlığı Bartın İl Müdürlüğü Ulus İlçe Müdürlüğü;Mühendis (Ziraat);Bartın;Lisans;1;0;;;"4825;5135;4831;3202;8258;8289;4845;3385;3386;4212;6131;8147;8158;9048;9269;4846;9114;4853;3325;3383;3384;8221;8263;4854;9106;4857;3382;8261";4825 - Aşağıdaki lisans programlarından birinden mezun olmak. | 5135 - Ziraat Mühendisliği | 4831 - Aşağıdaki lisans programlarından birinden mezun olmak. | 3202 - Hayvansal Üretim | 8258 - Süt Teknolojisi | 8289 - Zootekni / Zooteknik | 4845 - Aşağıdaki lisans programlarından birinden mezun olmak. | 3385 - Tarla Bitkileri | 3386 - Toprak | 4212 - Bahçe ve Tarla Bitkileri | 6131 - Bitkisel Üretim | 8147 - Bahçe Bitkileri | 8158 - Bitki Koruma | 9048 - Toprak Bilimi ve Bitki Besleme | 9269 - Bitkisel Üretim ve Teknolojileri | 4846 - Aşağıdaki lisans programlarından birinden mezun olmak. | 9114 - Biyosistem Mühendisliği | 4853 - Aşağıdaki lisans programlarından birinden mezun olmak. | 3325 - Tarım Teknolojisi | 3383 - Tarım Makineleri | 3384 - Tarımsal Yapılar ve Sulama | 8221 - Kültürteknik | 8263 - Tarımsal Mekanizasyon | 4854 - Aşağıdaki lisans programlarından birinden mezun olmak. | 9106 - Tarımsal Biyoteknoloji | 4857 - Aşağıdaki lisans programlarından birinden mezun olmak. | 3382 - Tarım Ekonomisi | 8261 - Tarım İşletmeciliği;d794f06c-c25b-eb11-80fa-a0369f7d1484
2020;72;390181058;Tarım ve Orman Bakanlığı Batman İl Müdürlüğü Beşiri İlçe Müdürlüğü;Mühendis (Ziraat);Batman;Lisans;2;1;;;"4825;5135;4831;3202;8258;8289;4845;3385;3386;4212;6131;8147;8158;9048;9269;4846;9114;4853;3325;3383;3384;8221;8263;4854;9106;4857;3382;8261";4825 - Aşağıdaki lisans programlarından birinden mezun olmak. | 5135 - Ziraat Mühendisliği | 4831 - Aşağıdaki lisans programlarından birinden mezun olmak. | 3202 - Hayvansal Üretim | 8258 - Süt Teknolojisi | 8289 - Zootekni / Zooteknik | 4845 - Aşağıdaki lisans programlarından birinden mezun olmak. | 3385 - Tarla Bitkileri | 3386 - Toprak | 4212 - Bahçe ve Tarla Bitkileri | 6131 - Bitkisel Üretim | 8147 - Bahçe Bitkileri | 8158 - Bitki Koruma | 9048 - Toprak Bilimi ve Bitki Besleme | 9269 - Bitkisel Üretim ve Teknolojileri | 4846 - Aşağıdaki lisans programlarından birinden mezun olmak. | 9114 - Biyosistem Mühendisliği | 4853 - Aşağıdaki lisans programlarından birinden mezun olmak. | 3325 - Tarım Teknolojisi | 3383 - Tarım Makineleri | 3384 - Tarımsal Yapılar ve Sulama | 8221 - Kültürteknik | 8263 - Tarımsal Mekanizasyon | 4854 - Aşağıdaki lisans programlarından birinden mezun olmak. | 9106 - Tarımsal Biyoteknoloji | 4857 - Aşağıdaki lisans programlarından birinden mezun olmak. | 3382 - Tarım Ekonomisi | 8261 - Tarım İşletmeciliği;aa94f06c-c25b-eb11-80fa-a0369f7d1484
2020;72;390181687;Tarım ve Orman Bakanlığı Batman İl Müdürlüğü Beşiri İlçe Müdürlüğü;Veteriner Hekim;Batman;Lisans;3;0;;;"4607;6373";4607 - Aşağıdaki lisans programlarından birinden mezun olmak. | 6373 - Veteriner;b294f06c-c25b-eb11-80fa-a0369f7d1484
2020;72;390181059;Tarım ve Orman Bakanlığı Batman İl Müdürlüğü Gerçüş İlçe Müdürlüğü;Mühendis (Ziraat);Batman;Lisans;2;1;;;"4825;5135;4831;3202;8258;8289;4845;3385;3386;4212;6131;8147;8158;9048;9269;4846;9114;4853;3325;3383;3384;8221;8263;4854;9106;4857;3382;8261";4825 - Aşağıdaki lisans programlarından birinden mezun olmak. | 5135 - Ziraat Mühendisliği | 4831 - Aşağıdaki lisans programlarından birinden mezun olmak. | 3202 - Hayvansal Üretim | 8258 - Süt Teknolojisi | 8289 - Zootekni / Zooteknik | 4845 - Aşağıdaki lisans programlarından birinden mezun olmak. | 3385 - Tarla Bitkileri | 3386 - Toprak | 4212 - Bahçe ve Tarla Bitkileri | 6131 - Bitkisel Üretim | 8147 - Bahçe Bitkileri | 8158 - Bitki Koruma | 9048 - Toprak Bilimi ve Bitki Besleme | 9269 - Bitkisel Üretim ve Teknolojileri | 4846 - Aşağıdaki lisans programlarından birinden mezun olmak. | 9114 - Biyosistem Mühendisliği | 4853 - Aşağıdaki lisans programlarından birinden mezun olmak. | 3325 - Tarım Teknolojisi | 3383 - Tarım Makineleri | 3384 - Tarımsal Yapılar ve Sulama | 8221 - Kültürteknik | 8263 - Tarımsal Mekanizasyon | 4854 - Aşağıdaki lisans programlarından birinden mezun olmak. | 9106 - Tarımsal Biyoteknoloji | 4857 - Aşağıdaki lisans programlarından birinden mezun olmak. | 3382 - Tarım Ekonomisi | 8261 - Tarım İşletmeciliği;ab94f06c-c25b-eb11-80fa-a0369f7d1484
2020;72;390181688;Tarım ve Orman Bakanlığı Batman İl Müdürlüğü Gerçüş İlçe Müdürlüğü;Veteriner Hekim;Batman;Lisans;3;0;;;"4607;6373";4607 - Aşağıdaki lisans programlarından birinden mezun olmak. | 6373 - Veteriner;b394f06c-c25b-eb11-80fa-a0369f7d1484
2020;72;390181341;Tarım ve Orman Bakanlığı Batman İl Müdürlüğü Gıda ve Yem Şube Müdürlüğü;Mühendis (Gıda);Batman;Lisans;1;0;;;"4799;3191";4799 - Aşağıdaki lisans programlarından birinden mezun olmak. | 3191 - Gıda Mühendisliği;af94f06c-c25b-eb11-80fa-a0369f7d1484
2020;72;390181689;Tarım ve Orman Bakanlığı Batman İl Müdürlüğü Hayvan Sağlığı,Yetiştiriciliği ve Su Ürünleri Şube Müdürlüğü;Veteriner Hekim;Batman;Lisans;3;0;;;"4607;6373";4607 - Aşağıdaki lisans programlarından birinden mezun olmak. | 6373 - Veteriner;b494f06c-c25b-eb11-80fa-a0369f7d1484
2020;72;390181060;Tarım ve Orman Bakanlığı Batman İl Müdürlüğü Kırsal Kalkınma ve Örgütlenme Şube Müdürlüğü;Mühendis (Ziraat);Batman;Lisans;2;1;;;"4825;5135;4831;3202;8258;8289;4845;3385;3386;4212;6131;8147;8158;9048;9269;4846;9114;4853;3325;3383;3384;8221;8263;4854;9106;4857;3382;8261";4825 - Aşağıdaki lisans programlarından birinden mezun olmak. | 5135 - Ziraat Mühendisliği | 4831 - Aşağıdaki lisans programlarından birinden mezun olmak. | 3202 - Hayvansal Üretim | 8258 - Süt Teknolojisi | 8289 - Zootekni / Zooteknik | 4845 - Aşağıdaki lisans programlarından birinden mezun olmak. | 3385 - Tarla Bitkileri | 3386 - Toprak | 4212 - Bahçe ve Tarla Bitkileri | 6131 - Bitkisel Üretim | 8147 - Bahçe Bitkileri | 8158 - Bitki Koruma | 9048 - Toprak Bilimi ve Bitki Besleme | 9269 - Bitkisel Üretim ve Teknolojileri | 4846 - Aşağıdaki lisans programlarından birinden mezun olmak. | 9114 - Biyosistem Mühendisliği | 4853 - Aşağıdaki lisans programlarından birinden mezun olmak. | 3325 - Tarım Teknolojisi | 3383 - Tarım Makineleri | 3384 - Tarımsal Yapılar ve Sulama | 8221 - Kültürteknik | 8263 - Tarımsal Mekanizasyon | 4854 - Aşağıdaki lisans programlarından birinden mezun olmak. | 9106 - Tarımsal Biyoteknoloji | 4857 - Aşağıdaki lisans programlarından birinden mezun olmak. | 3382 - Tarım Ekonomisi | 8261 - Tarım İşletmeciliği;ac94f06c-c25b-eb11-80fa-a0369f7d1484
2020;72;390181061;Tarım ve Orman Bakanlığı Batman İl Müdürlüğü Kozluk İlçe Müdürlüğü;Mühendis (Ziraat);Batman;Lisans;2;1;;;"4825;5135;4831;3202;8258;8289;4845;3385;3386;4212;6131;8147;8158;9048;9269;4846;9114;4853;3325;3383;3384;8221;8263;4854;9106;4857;3382;8261";4825 - Aşağıdaki lisans programlarından birinden mezun olmak. | 5135 - Ziraat Mühendisliği | 4831 - Aşağıdaki lisans programlarından birinden mezun olmak. | 3202 - Hayvansal Üretim | 8258 - Süt Teknolojisi | 8289 - Zootekni / Zooteknik | 4845 - Aşağıdaki lisans programlarından birinden mezun olmak. | 3385 - Tarla Bitkileri | 3386 - Toprak | 4212 - Bahçe ve Tarla Bitkileri | 6131 - Bitkisel Üretim | 8147 - Bahçe Bitkileri | 8158 - Bitki Koruma | 9048 - Toprak Bilimi ve Bitki Besleme | 9269 - Bitkisel Üretim ve Teknolojileri | 4846 - Aşağıdaki lisans programlarından birinden mezun olmak. | 9114 - Biyosistem Mühendisliği | 4853 - Aşağıdaki lisans programlarından birinden mezun olmak. | 3325 - Tarım Teknolojisi | 3383 - Tarım Makineleri | 3384 - Tarımsal Yapılar ve Sulama | 8221 - Kültürteknik | 8263 - Tarımsal Mekanizasyon | 4854 - Aşağıdaki lisans programlarından birinden mezun olmak. | 9106 - Tarımsal Biyoteknoloji | 4857 - Aşağıdaki lisans programlarından birinden mezun olmak. | 3382 - Tarım Ekonomisi | 8261 - Tarım İşletmeciliği;ad94f06c-c25b-eb11-80fa-a0369f7d1484
2020;72;390181342;Tarım ve Orman Bakanlığı Batman İl Müdürlüğü Kozluk İlçe Müdürlüğü;Mühendis (Gıda);Batman;Lisans;1;0;;;"4799;3191";4799 - Aşağıdaki lisans programlarından birinden mezun olmak. | 3191 - Gıda Mühendisliği;b094f06c-c25b-eb11-80fa-a0369f7d1484
2020;72;390181565;Tarım ve Orman Bakanlığı Batman İl Müdürlüğü Kozluk İlçe Müdürlüğü;Mühendis (Su Ürünleri);Batman;Lisans;1;1;;;"4819;3202;3320;8337";4819 - Aşağıdaki lisans programlarından birinden mezun olmak. | 3202 - Hayvansal Üretim | 3320 - Su Ürünleri | 8337 - Su Ürünleri Mühendisliği;b194f06c-c25b-eb11-80fa-a0369f7d1484
2020;72;390181690;Tarım ve Orman Bakanlığı Batman İl Müdürlüğü Kozluk İlçe Müdürlüğü;Veteriner Hekim;Batman;Lisans;3;0;;;"4607;6373";4607 - Aşağıdaki lisans programlarından birinden mezun olmak. | 6373 - Veteriner;b594f06c-c25b-eb11-80fa-a0369f7d1484
2020;72;390181062;Tarım ve Orman Bakanlığı Batman İl Müdürlüğü Sason İlçe Müdürlüğü;Mühendis (Ziraat);Batman;Lisans;2;0;;;"4825;5135;4831;3202;8258;8289;4845;3385;3386;4212;6131;8147;8158;9048;9269;4846;9114;4853;3325;3383;3384;8221;8263;4854;9106;4857;3382;8261";4825 - Aşağıdaki lisans programlarından birinden mezun olmak. | 5135 - Ziraat Mühendisliği | 4831 - Aşağıdaki lisans programlarından birinden mezun olmak. | 3202 - Hayvansal Üretim | 8258 - Süt Teknolojisi | 8289 - Zootekni / Zooteknik | 4845 - Aşağıdaki lisans programlarından birinden mezun olmak. | 3385 - Tarla Bitkileri | 3386 - Toprak | 4212 - Bahçe ve Tarla Bitkileri | 6131 - Bitkisel Üretim | 8147 - Bahçe Bitkileri | 8158 - Bitki Koruma | 9048 - Toprak Bilimi ve Bitki Besleme | 9269 - Bitkisel Üretim ve Teknolojileri | 4846 - Aşağıdaki lisans programlarından birinden mezun olmak. | 9114 - Biyosistem Mühendisliği | 4853 - Aşağıdaki lisans programlarından birinden mezun olmak. | 3325 - Tarım Teknolojisi | 3383 - Tarım Makineleri | 3384 - Tarımsal Yapılar ve Sulama | 8221 - Kültürteknik | 8263 - Tarımsal Mekanizasyon | 4854 - Aşağıdaki lisans programlarından birinden mezun olmak. | 9106 - Tarımsal Biyoteknoloji | 4857 - Aşağıdaki lisans programlarından birinden mezun olmak. | 3382 - Tarım Ekonomisi | 8261 - Tarım İşletmeciliği;ae94f06c-c25b-eb11-80fa-a0369f7d1484
2020;72;390181691;Tarım ve Orman Bakanlığı Batman İl Müdürlüğü Sason İlçe Müdürlüğü;Veteriner Hekim;Batman;Lisans;5;0;;;"4607;6373";4607 - Aşağıdaki lisans programlarından birinden mezun olmak. | 6373 - Veteriner;b694f06c-c25b-eb11-80fa-a0369f7d1484
2020;72;390181063;Tarım ve Orman Bakanlığı Bayburt İl Müdürlüğü Arazi Toplulaştırma ve Tarımsal Altyapı Şube Müdürlüğü;Mühendis (Ziraat);Bayburt;Lisans;1;0;;;"4825;5135;4831;3202;8258;8289;4845;3385;3386;4212;6131;8147;8158;9048;9269;4846;9114;4853;3325;3383;3384;8221;8263;4854;9106;4857;3382;8261";4825 - Aşağıdaki lisans programlarından birinden mezun olmak. | 5135 - Ziraat Mühendisliği | 4831 - Aşağıdaki lisans programlarından birinden mezun olmak. | 3202 - Hayvansal Üretim | 8258 - Süt Teknolojisi | 8289 - Zootekni / Zooteknik | 4845 - Aşağıdaki lisans programlarından birinden mezun olmak. | 3385 - Tarla Bitkileri | 3386 - Toprak | 4212 - Bahçe ve Tarla Bitkileri | 6131 - Bitkisel Üretim | 8147 - Bahçe Bitkileri | 8158 - Bitki Koruma | 9048 - Toprak Bilimi ve Bitki Besleme | 9269 - Bitkisel Üretim ve Teknolojileri | 4846 - Aşağıdaki lisans programlarından birinden mezun olmak. | 9114 - Biyosistem Mühendisliği | 4853 - Aşağıdaki lisans programlarından birinden mezun olmak. | 3325 - Tarım Teknolojisi | 3383 - Tarım Makineleri | 3384 - Tarımsal Yapılar ve Sulama | 8221 - Kültürteknik | 8263 - Tarımsal Mekanizasyon | 4854 - Aşağıdaki lisans programlarından birinden mezun olmak. | 9106 - Tarımsal Biyoteknoloji | 4857 - Aşağıdaki lisans programlarından birinden mezun olmak. | 3382 - Tarım Ekonomisi | 8261 - Tarım İşletmeciliği;9394f06c-c25b-eb11-80fa-a0369f7d1484
2020;72;390181064;Tarım ve Orman Bakanlığı Bayburt İl Müdürlüğü Aydıntepe İlçe Müdürlüğü;Mühendis (Ziraat);Bayburt;Lisans;4;3;;;"4825;5135;4831;3202;8258;8289;4845;3385;3386;4212;6131;8147;8158;9048;9269;4846;9114;4853;3325;3383;3384;8221;8263;4854;9106;4857;3382;8261";4825 - Aşağıdaki lisans programlarından birinden mezun olmak. | 5135 - Ziraat Mühendisliği | 4831 - Aşağıdaki lisans programlarından birinden mezun olmak. | 3202 - Hayvansal Üretim | 8258 - Süt Teknolojisi | 8289 - Zootekni / Zooteknik | 4845 - Aşağıdaki lisans programlarından birinden mezun olmak. | 3385 - Tarla Bitkileri | 3386 - Toprak | 4212 - Bahçe ve Tarla Bitkileri | 6131 - Bitkisel Üretim | 8147 - Bahçe Bitkileri | 8158 - Bitki Koruma | 9048 - Toprak Bilimi ve Bitki Besleme | 9269 - Bitkisel Üretim ve Teknolojileri | 4846 - Aşağıdaki lisans programlarından birinden mezun olmak. | 9114 - Biyosistem Mühendisliği | 4853 - Aşağıdaki lisans programlarından birinden mezun olmak. | 3325 - Tarım Teknolojisi | 3383 - Tarım Makineleri | 3384 - Tarımsal Yapılar ve Sulama | 8221 - Kültürteknik | 8263 - Tarımsal Mekanizasyon | 4854 - Aşağıdaki lisans programlarından birinden mezun olmak. | 9106 - Tarımsal Biyoteknoloji | 4857 - Aşağıdaki lisans programlarından birinden mezun olmak. | 3382 - Tarım Ekonomisi | 8261 - Tarım İşletmeciliği;9494f06c-c25b-eb11-80fa-a0369f7d1484
2020;72;390181692;Tarım ve Orman Bakanlığı Bayburt İl Müdürlüğü Aydıntepe İlçe Müdürlüğü;Veteriner Hekim;Bayburt;Lisans;1;0;;;"4607;6373";4607 - Aşağıdaki lisans programlarından birinden mezun olmak. | 6373 - Veteriner;8f94f06c-c25b-eb11-80fa-a0369f7d1484
2020;72;390181065;Tarım ve Orman Bakanlığı Bayburt İl Müdürlüğü Bitkisel Üretim ve Bitki Sağlığı Şube Müdürlüğü;Mühendis (Ziraat);Bayburt;Lisans;2;1;;;"4825;5135;4831;3202;8258;8289;4845;3385;3386;4212;6131;8147;8158;9048;9269;4846;9114;4853;3325;3383;3384;8221;8263;4854;9106;4857;3382;8261";4825 - Aşağıdaki lisans programlarından birinden mezun olmak. | 5135 - Ziraat Mühendisliği | 4831 - Aşağıdaki lisans programlarından birinden mezun olmak. | 3202 - Hayvansal Üretim | 8258 - Süt Teknolojisi | 8289 - Zootekni / Zooteknik | 4845 - Aşağıdaki lisans programlarından birinden mezun olmak. | 3385 - Tarla Bitkileri | 3386 - Toprak | 4212 - Bahçe ve Tarla Bitkileri | 6131 - Bitkisel Üretim | 8147 - Bahçe Bitkileri | 8158 - Bitki Koruma | 9048 - Toprak Bilimi ve Bitki Besleme | 9269 - Bitkisel Üretim ve Teknolojileri | 4846 - Aşağıdaki lisans programlarından birinden mezun olmak. | 9114 - Biyosistem Mühendisliği | 4853 - Aşağıdaki lisans programlarından birinden mezun olmak. | 3325 - Tarım Teknolojisi | 3383 - Tarım Makineleri | 3384 - Tarımsal Yapılar ve Sulama | 8221 - Kültürteknik | 8263 - Tarımsal Mekanizasyon | 4854 - Aşağıdaki lisans programlarından birinden mezun olmak. | 9106 - Tarımsal Biyoteknoloji | 4857 - Aşağıdaki lisans programlarından birinden mezun olmak. | 3382 - Tarım Ekonomisi | 8261 - Tarım İşletmeciliği;9594f06c-c25b-eb11-80fa-a0369f7d1484
2020;72;390181066;Tarım ve Orman Bakanlığı Bayburt İl Müdürlüğü Demirözü İlçe Müdürlüğü;Mühendis (Ziraat);Bayburt;Lisans;6;3;;;"4825;5135;4831;3202;8258;8289;4845;3385;3386;4212;6131;8147;8158;9048;9269;4846;9114;4853;3325;3383;3384;8221;8263;4854;9106;4857;3382;8261";4825 - Aşağıdaki lisans programlarından birinden mezun olmak. | 5135 - Ziraat Mühendisliği | 4831 - Aşağıdaki lisans programlarından birinden mezun olmak. | 3202 - Hayvansal Üretim | 8258 - Süt Teknolojisi | 8289 - Zootekni / Zooteknik | 4845 - Aşağıdaki lisans programlarından birinden mezun olmak. | 3385 - Tarla Bitkileri | 3386 - Toprak | 4212 - Bahçe ve Tarla Bitkileri | 6131 - Bitkisel Üretim | 8147 - Bahçe Bitkileri | 8158 - Bitki Koruma | 9048 - Toprak Bilimi ve Bitki Besleme | 9269 - Bitkisel Üretim ve Teknolojileri | 4846 - Aşağıdaki lisans programlarından birinden mezun olmak. | 9114 - Biyosistem Mühendisliği | 4853 - Aşağıdaki lisans programlarından birinden mezun olmak. | 3325 - Tarım Teknolojisi | 3383 - Tarım Makineleri | 3384 - Tarımsal Yapılar ve Sulama | 8221 - Kültürteknik | 8263 - Tarımsal Mekanizasyon | 4854 - Aşağıdaki lisans programlarından birinden mezun olmak. | 9106 - Tarımsal Biyoteknoloji | 4857 - Aşağıdaki lisans programlarından birinden mezun olmak. | 3382 - Tarım Ekonomisi | 8261 - Tarım İşletmeciliği;9694f06c-c25b-eb11-80fa-a0369f7d1484
2020;72;390181566;Tarım ve Orman Bakanlığı Bayburt İl Müdürlüğü Demirözü İlçe Müdürlüğü;Mühendis (Su Ürünleri);Bayburt;Lisans;1;1;;;"4819;3202;3320;8337";4819 - Aşağıdaki lisans programlarından birinden mezun olmak. | 3202 - Hayvansal Üretim | 3320 - Su Ürünleri | 8337 - Su Ürünleri Mühendisliği;8d94f06c-c25b-eb11-80fa-a0369f7d1484
2020;72;390181693;Tarım ve Orman Bakanlığı Bayburt İl Müdürlüğü Demirözü İlçe Müdürlüğü;Veteriner Hekim;Bayburt;Lisans;5;0;;;"4607;6373";4607 - Aşağıdaki lisans programlarından birinden mezun olmak. | 6373 - Veteriner;9094f06c-c25b-eb11-80fa-a0369f7d1484
2020;72;390181343;Tarım ve Orman Bakanlığı Bayburt İl Müdürlüğü Gıda ve Yem Şube Müdürlüğü;Mühendis (Gıda);Bayburt;Lisans;1;0;;;"4799;3191";4799 - Aşağıdaki lisans programlarından birinden mezun olmak. | 3191 - Gıda Mühendisliği;9e94f06c-c25b-eb11-80fa-a0369f7d1484
2020;72;390181567;Tarım ve Orman Bakanlığı Bayburt İl Müdürlüğü Hayvan Sağl,Yetiş.Ve Su Ürün.Şb.Müd.;Mühendis (Su Ürünleri);Bayburt;Lisans;1;0;;;"4819;3202;3320;8337";4819 - Aşağıdaki lisans programlarından birinden mezun olmak. | 3202 - Hayvansal Üretim | 3320 - Su Ürünleri | 8337 - Su Ürünleri Mühendisliği;8e94f06c-c25b-eb11-80fa-a0369f7d1484
2020;72;390181694;Tarım ve Orman Bakanlığı Bayburt İl Müdürlüğü Hayvan Sağl,Yetiş.Ve Su Ürün.Şb.Müd.;Veteriner Hekim;Bayburt;Lisans;2;0;;;"4607;6373";4607 - Aşağıdaki lisans programlarından birinden mezun olmak. | 6373 - Veteriner;9194f06c-c25b-eb11-80fa-a0369f7d1484
2020;72;390181067;Tarım ve Orman Bakanlığı Bayburt İl Müdürlüğü Koordinasyon ve Tarımsal Veriler Şube Müdürlüğü;Mühendis (Ziraat);Bayburt;Lisans;2;1;;;"4825;5135;4831;3202;8258;8289;4845;3385;3386;4212;6131;8147;8158;9048;9269;4846;9114;4853;3325;3383;3384;8221;8263;4854;9106;4857;3382;8261";4825 - Aşağıdaki lisans programlarından birinden mezun olmak. | 5135 - Ziraat Mühendisliği | 4831 - Aşağıdaki lisans programlarından birinden mezun olmak. | 3202 - Hayvansal Üretim | 8258 - Süt Teknolojisi | 8289 - Zootekni / Zooteknik | 4845 - Aşağıdaki lisans programlarından birinden mezun olmak. | 3385 - Tarla Bitkileri | 3386 - Toprak | 4212 - Bahçe ve Tarla Bitkileri | 6131 - Bitkisel Üretim | 8147 - Bahçe Bitkileri | 8158 - Bitki Koruma | 9048 - Toprak Bilimi ve Bitki Besleme | 9269 - Bitkisel Üretim ve Teknolojileri | 4846 - Aşağıdaki lisans programlarından birinden mezun olmak. | 9114 - Biyosistem Mühendisliği | 4853 - Aşağıdaki lisans programlarından birinden mezun olmak. | 3325 - Tarım Teknolojisi | 3383 - Tarım Makineleri | 3384 - Tarımsal Yapılar ve Sulama | 8221 - Kültürteknik | 8263 - Tarımsal Mekanizasyon | 4854 - Aşağıdaki lisans programlarından birinden mezun olmak. | 9106 - Tarımsal Biyoteknoloji | 4857 - Aşağıdaki lisans programlarından birinden mezun olmak. | 3382 - Tarım Ekonomisi | 8261 - Tarım İşletmeciliği;9794f06c-c25b-eb11-80fa-a0369f7d1484
2020;72;390181695;Tarım ve Orman Bakanlığı Bayburt İl Müdürlüğü Koordinasyon ve Tarımsal Veriler Şube Müdürlüğü;Veteriner Hekim;Bayburt;Lisans;2;0;;;"4607;6373";4607 - Aşağıdaki lisans programlarından birinden mezun olmak. | 6373 - Veteriner;9294f06c-c25b-eb11-80fa-a0369f7d1484
2020;72;390181696;Tarım ve Orman Bakanlığı Bilecik İl Müdürlüğü Bozüyük İlçe Müdürlüğü;Veteriner Hekim;Bilecik;Lisans;1;0;;;"4607;6373";4607 - Aşağıdaki lisans programlarından birinden mezun olmak. | 6373 - Veteriner;5291f06c-c25b-eb11-80fa-a0369f7d1484
2020;72;390181344;Tarım ve Orman Bakanlığı Bilecik İl Müdürlüğü Gıda ve Yem Şube Müdürlüğü;Mühendis (Gıda);Bilecik;Lisans;1;2;;;"4799;3191";4799 - Aşağıdaki lisans programlarından birinden mezun olmak. | 3191 - Gıda Mühendisliği;5091f06c-c25b-eb11-80fa-a0369f7d1484
2020;72;390181068;Tarım ve Orman Bakanlığı Bilecik İl Müdürlüğü Gölpazarı İlçe Müdürlüğü;Mühendis (Ziraat);Bilecik;Lisans;3;7;;;"4825;5135;4831;3202;8258;8289;4845;3385;3386;4212;6131;8147;8158;9048;9269;4846;9114;4853;3325;3383;3384;8221;8263;4854;9106;4857;3382;8261";4825 - Aşağıdaki lisans programlarından birinden mezun olmak. | 5135 - Ziraat Mühendisliği | 4831 - Aşağıdaki lisans programlarından birinden mezun olmak. | 3202 - Hayvansal Üretim | 8258 - Süt Teknolojisi | 8289 - Zootekni / Zooteknik | 4845 - Aşağıdaki lisans programlarından birinden mezun olmak. | 3385 - Tarla Bitkileri | 3386 - Toprak | 4212 - Bahçe ve Tarla Bitkileri | 6131 - Bitkisel Üretim | 8147 - Bahçe Bitkileri | 8158 - Bitki Koruma | 9048 - Toprak Bilimi ve Bitki Besleme | 9269 - Bitkisel Üretim ve Teknolojileri | 4846 - Aşağıdaki lisans programlarından birinden mezun olmak. | 9114 - Biyosistem Mühendisliği | 4853 - Aşağıdaki lisans programlarından birinden mezun olmak. | 3325 - Tarım Teknolojisi | 3383 - Tarım Makineleri | 3384 - Tarımsal Yapılar ve Sulama | 8221 - Kültürteknik | 8263 - Tarımsal Mekanizasyon | 4854 - Aşağıdaki lisans programlarından birinden mezun olmak. | 9106 - Tarımsal Biyoteknoloji | 4857 - Aşağıdaki lisans programlarından birinden mezun olmak. | 3382 - Tarım Ekonomisi | 8261 - Tarım İşletmeciliği;4b91f06c-c25b-eb11-80fa-a0369f7d1484
2020;72;390181697;Tarım ve Orman Bakanlığı Bilecik İl Müdürlüğü Gölpazarı İlçe Müdürlüğü;Veteriner Hekim;Bilecik;Lisans;1;0;;;"4607;6373";4607 - Aşağıdaki lisans programlarından birinden mezun olmak. | 6373 - Veteriner;5391f06c-c25b-eb11-80fa-a0369f7d1484
2020;72;390181345;Tarım ve Orman Bakanlığı Bilecik İl Müdürlüğü Osmaneli İlçe Müdürlüğü;Mühendis (Gıda);Bilecik;Lisans;1;1;;;"4799;3191";4799 - Aşağıdaki lisans programlarından birinden mezun olmak. | 3191 - Gıda Mühendisliği;5191f06c-c25b-eb11-80fa-a0369f7d1484
2020;72;390181698;Tarım ve Orman Bakanlığı Bilecik İl Müdürlüğü Pazaryeri İlçe Müdürlüğü;Veteriner Hekim;Bilecik;Lisans;1;0;;;"4607;6373";4607 - Aşağıdaki lisans programlarından birinden mezun olmak. | 6373 - Veteriner;5491f06c-c25b-eb11-80fa-a0369f7d1484
2020;72;390181069;Tarım ve Orman Bakanlığı Bilecik İl Müdürlüğü Yenipazar İlçe Müdürlüğü;Mühendis (Ziraat);Bilecik;Lisans;3;6;;;"4825;5135;4831;3202;8258;8289;4845;3385;3386;4212;6131;8147;8158;9048;9269;4846;9114;4853;3325;3383;3384;8221;8263;4854;9106;4857;3382;8261";4825 - Aşağıdaki lisans programlarından birinden mezun olmak. | 5135 - Ziraat Mühendisliği | 4831 - Aşağıdaki lisans programlarından birinden mezun olmak. | 3202 - Hayvansal Üretim | 8258 - Süt Teknolojisi | 8289 - Zootekni / Zooteknik | 4845 - Aşağıdaki lisans programlarından birinden mezun olmak. | 3385 - Tarla Bitkileri | 3386 - Toprak | 4212 - Bahçe ve Tarla Bitkileri | 6131 - Bitkisel Üretim | 8147 - Bahçe Bitkileri | 8158 - Bitki Koruma | 9048 - Toprak Bilimi ve Bitki Besleme | 9269 - Bitkisel Üretim ve Teknolojileri | 4846 - Aşağıdaki lisans programlarından birinden mezun olmak. | 9114 - Biyosistem Mühendisliği | 4853 - Aşağıdaki lisans programlarından birinden mezun olmak. | 3325 - Tarım Teknolojisi | 3383 - Tarım Makineleri | 3384 - Tarımsal Yapılar ve Sulama | 8221 - Kültürteknik | 8263 - Tarımsal Mekanizasyon | 4854 - Aşağıdaki lisans programlarından birinden mezun olmak. | 9106 - Tarımsal Biyoteknoloji | 4857 - Aşağıdaki lisans programlarından birinden mezun olmak. | 3382 - Tarım Ekonomisi | 8261 - Tarım İşletmeciliği;4c91f06c-c25b-eb11-80fa-a0369f7d1484
2020;72;390181699;Tarım ve Orman Bakanlığı Bilecik İl Müdürlüğü Yenipazar İlçe Müdürlüğü;Veteriner Hekim;Bilecik;Lisans;1;0;;;"4607;6373";4607 - Aşağıdaki lisans programlarından birinden mezun olmak. | 6373 - Veteriner;5591f06c-c25b-eb11-80fa-a0369f7d1484
2020;72;390181070;Tarım ve Orman Bakanlığı Bingöl İl Müdürlüğü Adaklı İlçe Müdürlüğü;Mühendis (Ziraat);Bingöl;Lisans;2;0;;;"4825;5135;4831;3202;8258;8289;4845;3385;3386;4212;6131;8147;8158;9048;9269;4846;9114;4853;3325;3383;3384;8221;8263;4854;9106;4857;3382;8261";4825 - Aşağıdaki lisans programlarından birinden mezun olmak. | 5135 - Ziraat Mühendisliği | 4831 - Aşağıdaki lisans programlarından birinden mezun olmak. | 3202 - Hayvansal Üretim | 8258 - Süt Teknolojisi | 8289 - Zootekni / Zooteknik | 4845 - Aşağıdaki lisans programlarından birinden mezun olmak. | 3385 - Tarla Bitkileri | 3386 - Toprak | 4212 - Bahçe ve Tarla Bitkileri | 6131 - Bitkisel Üretim | 8147 - Bahçe Bitkileri | 8158 - Bitki Koruma | 9048 - Toprak Bilimi ve Bitki Besleme | 9269 - Bitkisel Üretim ve Teknolojileri | 4846 - Aşağıdaki lisans programlarından birinden mezun olmak. | 9114 - Biyosistem Mühendisliği | 4853 - Aşağıdaki lisans programlarından birinden mezun olmak. | 3325 - Tarım Teknolojisi | 3383 - Tarım Makineleri | 3384 - Tarımsal Yapılar ve Sulama | 8221 - Kültürteknik | 8263 - Tarımsal Mekanizasyon | 4854 - Aşağıdaki lisans programlarından birinden mezun olmak. | 9106 - Tarımsal Biyoteknoloji | 4857 - Aşağıdaki lisans programlarından birinden mezun olmak. | 3382 - Tarım Ekonomisi | 8261 - Tarım İşletmeciliği;6091f06c-c25b-eb11-80fa-a0369f7d1484
2020;72;390181700;Tarım ve Orman Bakanlığı Bingöl İl Müdürlüğü Adaklı İlçe Müdürlüğü;Veteriner Hekim;Bingöl;Lisans;4;0;;;"4607;6373";4607 - Aşağıdaki lisans programlarından birinden mezun olmak. | 6373 - Veteriner;5691f06c-c25b-eb11-80fa-a0369f7d1484
2020;72;390181071;Tarım ve Orman Bakanlığı Bingöl İl Müdürlüğü Bitkisel Üretim ve Bitki Sağlığı Şube Müdürlüğü;Mühendis (Ziraat);Bingöl;Lisans;3;0;;;"4825;5135;4831;3202;8258;8289;4845;3385;3386;4212;6131;8147;8158;9048;9269;4846;9114;4853;3325;3383;3384;8221;8263;4854;9106;4857;3382;8261";4825 - Aşağıdaki lisans programlarından birinden mezun olmak. | 5135 - Ziraat Mühendisliği | 4831 - Aşağıdaki lisans programlarından birinden mezun olmak. | 3202 - Hayvansal Üretim | 8258 - Süt Teknolojisi | 8289 - Zootekni / Zooteknik | 4845 - Aşağıdaki lisans programlarından birinden mezun olmak. | 3385 - Tarla Bitkileri | 3386 - Toprak | 4212 - Bahçe ve Tarla Bitkileri | 6131 - Bitkisel Üretim | 8147 - Bahçe Bitkileri | 8158 - Bitki Koruma | 9048 - Toprak Bilimi ve Bitki Besleme | 9269 - Bitkisel Üretim ve Teknolojileri | 4846 - Aşağıdaki lisans programlarından birinden mezun olmak. | 9114 - Biyosistem Mühendisliği | 4853 - Aşağıdaki lisans programlarından birinden mezun olmak. | 3325 - Tarım Teknolojisi | 3383 - Tarım Makineleri | 3384 - Tarımsal Yapılar ve Sulama | 8221 - Kültürteknik | 8263 - Tarımsal Mekanizasyon | 4854 - Aşağıdaki lisans programlarından birinden mezun olmak. | 9106 - Tarımsal Biyoteknoloji | 4857 - Aşağıdaki lisans programlarından birinden mezun olmak. | 3382 - Tarım Ekonomisi | 8261 - Tarım İşletmeciliği;6191f06c-c25b-eb11-80fa-a0369f7d1484
2020;72;390181072;Tarım ve Orman Bakanlığı Bingöl İl Müdürlüğü Genç İlçe Müdürlüğü;Mühendis (Ziraat);Bingöl;Lisans;1;0;;;"4825;5135;4831;3202;8258;8289;4845;3385;3386;4212;6131;8147;8158;9048;9269;4846;9114;4853;3325;3383;3384;8221;8263;4854;9106;4857;3382;8261";4825 - Aşağıdaki lisans programlarından birinden mezun olmak. | 5135 - Ziraat Mühendisliği | 4831 - Aşağıdaki lisans programlarından birinden mezun olmak. | 3202 - Hayvansal Üretim | 8258 - Süt Teknolojisi | 8289 - Zootekni / Zooteknik | 4845 - Aşağıdaki lisans programlarından birinden mezun olmak. | 3385 - Tarla Bitkileri | 3386 - Toprak | 4212 - Bahçe ve Tarla Bitkileri | 6131 - Bitkisel Üretim | 8147 - Bahçe Bitkileri | 8158 - Bitki Koruma | 9048 - Toprak Bilimi ve Bitki Besleme | 9269 - Bitkisel Üretim ve Teknolojileri | 4846 - Aşağıdaki lisans programlarından birinden mezun olmak. | 9114 - Biyosistem Mühendisliği | 4853 - Aşağıdaki lisans programlarından birinden mezun olmak. | 3325 - Tarım Teknolojisi | 3383 - Tarım Makineleri | 3384 - Tarımsal Yapılar ve Sulama | 8221 - Kültürteknik | 8263 - Tarımsal Mekanizasyon | 4854 - Aşağıdaki lisans programlarından birinden mezun olmak. | 9106 - Tarımsal Biyoteknoloji | 4857 - Aşağıdaki lisans programlarından birinden mezun olmak. | 3382 - Tarım Ekonomisi | 8261 - Tarım İşletmeciliği;6291f06c-c25b-eb11-80fa-a0369f7d1484
2020;72;390181701;Tarım ve Orman Bakanlığı Bingöl İl Müdürlüğü Genç İlçe Müdürlüğü;Veteriner Hekim;Bingöl;Lisans;7;0;;;"4607;6373";4607 - Aşağıdaki lisans programlarından birinden mezun olmak. | 6373 - Veteriner;5791f06c-c25b-eb11-80fa-a0369f7d1484
2020;72;390181346;Tarım ve Orman Bakanlığı Bingöl İl Müdürlüğü Gıda ve Yem Şube Müdürlüğü;Mühendis (Gıda);Bingöl;Lisans;3;0;;;"4799;3191";4799 - Aşağıdaki lisans programlarından birinden mezun olmak. | 3191 - Gıda Mühendisliği;5e91f06c-c25b-eb11-80fa-a0369f7d1484
2020;72;390181702;Tarım ve Orman Bakanlığı Bingöl İl Müdürlüğü Hayvan Sağlığı,Yetiştiriciliği ve Su Ürünleri Şube Müdürlüğü;Veteriner Hekim;Bingöl;Lisans;2;0;;;"4607;6373";4607 - Aşağıdaki lisans programlarından birinden mezun olmak. | 6373 - Veteriner;5891f06c-c25b-eb11-80fa-a0369f7d1484
2020;72;390181073;Tarım ve Orman Bakanlığı Bingöl İl Müdürlüğü Karlıova İlçe Müdürlüğü;Mühendis (Ziraat);Bingöl;Lisans;7;2;;;"4825;5135;4831;3202;8258;8289;4845;3385;3386;4212;6131;8147;8158;9048;9269;4846;9114;4853;3325;3383;3384;8221;8263;4854;9106;4857;3382;8261";4825 - Aşağıdaki lisans programlarından birinden mezun olmak. | 5135 - Ziraat Mühendisliği | 4831 - Aşağıdaki lisans programlarından birinden mezun olmak. | 3202 - Hayvansal Üretim | 8258 - Süt Teknolojisi | 8289 - Zootekni / Zooteknik | 4845 - Aşağıdaki lisans programlarından birinden mezun olmak. | 3385 - Tarla Bitkileri | 3386 - Toprak | 4212 - Bahçe ve Tarla Bitkileri | 6131 - Bitkisel Üretim | 8147 - Bahçe Bitkileri | 8158 - Bitki Koruma | 9048 - Toprak Bilimi ve Bitki Besleme | 9269 - Bitkisel Üretim ve Teknolojileri | 4846 - Aşağıdaki lisans programlarından birinden mezun olmak. | 9114 - Biyosistem Mühendisliği | 4853 - Aşağıdaki lisans programlarından birinden mezun olmak. | 3325 - Tarım Teknolojisi | 3383 - Tarım Makineleri | 3384 - Tarımsal Yapılar ve Sulama | 8221 - Kültürteknik | 8263 - Tarımsal Mekanizasyon | 4854 - Aşağıdaki lisans programlarından birinden mezun olmak. | 9106 - Tarımsal Biyoteknoloji | 4857 - Aşağıdaki lisans programlarından birinden mezun olmak. | 3382 - Tarım Ekonomisi | 8261 - Tarım İşletmeciliği;6391f06c-c25b-eb11-80fa-a0369f7d1484
2020;72;390181703;Tarım ve Orman Bakanlığı Bingöl İl Müdürlüğü Karlıova İlçe Müdürlüğü;Veteriner Hekim;Bingöl;Lisans;10;0;;;"4607;6373";4607 - Aşağıdaki lisans programlarından birinden mezun olmak. | 6373 - Veteriner;5991f06c-c25b-eb11-80fa-a0369f7d1484
2020;72;390181074;Tarım ve Orman Bakanlığı Bingöl İl Müdürlüğü Kığı İlçe Müdürlüğü;Mühendis (Ziraat);Bingöl;Lisans;2;0;;;"4825;5135;4831;3202;8258;8289;4845;3385;3386;4212;6131;8147;8158;9048;9269;4846;9114;4853;3325;3383;3384;8221;8263;4854;9106;4857;3382;8261";4825 - Aşağıdaki lisans programlarından birinden mezun olmak. | 5135 - Ziraat Mühendisliği | 4831 - Aşağıdaki lisans programlarından birinden mezun olmak. | 3202 - Hayvansal Üretim | 8258 - Süt Teknolojisi | 8289 - Zootekni / Zooteknik | 4845 - Aşağıdaki lisans programlarından birinden mezun olmak. | 3385 - Tarla Bitkileri | 3386 - Toprak | 4212 - Bahçe ve Tarla Bitkileri | 6131 - Bitkisel Üretim | 8147 - Bahçe Bitkileri | 8158 - Bitki Koruma | 9048 - Toprak Bilimi ve Bitki Besleme | 9269 - Bitkisel Üretim ve Teknolojileri | 4846 - Aşağıdaki lisans programlarından birinden mezun olmak. | 9114 - Biyosistem Mühendisliği | 4853 - Aşağıdaki lisans programlarından birinden mezun olmak. | 3325 - Tarım Teknolojisi | 3383 - Tarım Makineleri | 3384 - Tarımsal Yapılar ve Sulama | 8221 - Kültürteknik | 8263 - Tarımsal Mekanizasyon | 4854 - Aşağıdaki lisans programlarından birinden mezun olmak. | 9106 - Tarımsal Biyoteknoloji | 4857 - Aşağıdaki lisans programlarından birinden mezun olmak. | 3382 - Tarım Ekonomisi | 8261 - Tarım İşletmeciliği;6491f06c-c25b-eb11-80fa-a0369f7d1484
2020;72;390181704;Tarım ve Orman Bakanlığı Bingöl İl Müdürlüğü Kığı İlçe Müdürlüğü;Veteriner Hekim;Bingöl;Lisans;2;0;;;"4607;6373";4607 - Aşağıdaki lisans programlarından birinden mezun olmak. | 6373 - Veteriner;5a91f06c-c25b-eb11-80fa-a0369f7d1484
2020;72;390181075;Tarım ve Orman Bakanlığı Bingöl İl Müdürlüğü Solhan İlçe Müdürlüğü;Mühendis (Ziraat);Bingöl;Lisans;4;0;;;"4825;5135;4831;3202;8258;8289;4845;3385;3386;4212;6131;8147;8158;9048;9269;4846;9114;4853;3325;3383;3384;8221;8263;4854;9106;4857;3382;8261";4825 - Aşağıdaki lisans programlarından birinden mezun olmak. | 5135 - Ziraat Mühendisliği | 4831 - Aşağıdaki lisans programlarından birinden mezun olmak. | 3202 - Hayvansal Üretim | 8258 - Süt Teknolojisi | 8289 - Zootekni / Zooteknik | 4845 - Aşağıdaki lisans programlarından birinden mezun olmak. | 3385 - Tarla Bitkileri | 3386 - Toprak | 4212 - Bahçe ve Tarla Bitkileri | 6131 - Bitkisel Üretim | 8147 - Bahçe Bitkileri | 8158 - Bitki Koruma | 9048 - Toprak Bilimi ve Bitki Besleme | 9269 - Bitkisel Üretim ve Teknolojileri | 4846 - Aşağıdaki lisans programlarından birinden mezun olmak. | 9114 - Biyosistem Mühendisliği | 4853 - Aşağıdaki lisans programlarından birinden mezun olmak. | 3325 - Tarım Teknolojisi | 3383 - Tarım Makineleri | 3384 - Tarımsal Yapılar ve Sulama | 8221 - Kültürteknik | 8263 - Tarımsal Mekanizasyon | 4854 - Aşağıdaki lisans programlarından birinden mezun olmak. | 9106 - Tarımsal Biyoteknoloji | 4857 - Aşağıdaki lisans programlarından birinden mezun olmak. | 3382 - Tarım Ekonomisi | 8261 - Tarım İşletmeciliği;6591f06c-c25b-eb11-80fa-a0369f7d1484
2020;72;390181347;Tarım ve Orman Bakanlığı Bingöl İl Müdürlüğü Solhan İlçe Müdürlüğü;Mühendis (Gıda);Bingöl;Lisans;1;0;;;"4799;3191";4799 - Aşağıdaki lisans programlarından birinden mezun olmak. | 3191 - Gıda Mühendisliği;5f91f06c-c25b-eb11-80fa-a0369f7d1484
2020;72;390181705;Tarım ve Orman Bakanlığı Bingöl İl Müdürlüğü Solhan İlçe Müdürlüğü;Veteriner Hekim;Bingöl;Lisans;5;0;;;"4607;6373";4607 - Aşağıdaki lisans programlarından birinden mezun olmak. | 6373 - Veteriner;5b91f06c-c25b-eb11-80fa-a0369f7d1484
2020;72;390181076;Tarım ve Orman Bakanlığı Bingöl İl Müdürlüğü Yayladere İlçe Müdürlüğü;Mühendis (Ziraat);Bingöl;Lisans;2;0;;;"4825;5135;4831;3202;8258;8289;4845;3385;3386;4212;6131;8147;8158;9048;9269;4846;9114;4853;3325;3383;3384;8221;8263;4854;9106;4857;3382;8261";4825 - Aşağıdaki lisans programlarından birinden mezun olmak. | 5135 - Ziraat Mühendisliği | 4831 - Aşağıdaki lisans programlarından birinden mezun olmak. | 3202 - Hayvansal Üretim | 8258 - Süt Teknolojisi | 8289 - Zootekni / Zooteknik | 4845 - Aşağıdaki lisans programlarından birinden mezun olmak. | 3385 - Tarla Bitkileri | 3386 - Toprak | 4212 - Bahçe ve Tarla Bitkileri | 6131 - Bitkisel Üretim | 8147 - Bahçe Bitkileri | 8158 - Bitki Koruma | 9048 - Toprak Bilimi ve Bitki Besleme | 9269 - Bitkisel Üretim ve Teknolojileri | 4846 - Aşağıdaki lisans programlarından birinden mezun olmak. | 9114 - Biyosistem Mühendisliği | 4853 - Aşağıdaki lisans programlarından birinden mezun olmak. | 3325 - Tarım Teknolojisi | 3383 - Tarım Makineleri | 3384 - Tarımsal Yapılar ve Sulama | 8221 - Kültürteknik | 8263 - Tarımsal Mekanizasyon | 4854 - Aşağıdaki lisans programlarından birinden mezun olmak. | 9106 - Tarımsal Biyoteknoloji | 4857 - Aşağıdaki lisans programlarından birinden mezun olmak. | 3382 - Tarım Ekonomisi | 8261 - Tarım İşletmeciliği;6691f06c-c25b-eb11-80fa-a0369f7d1484
2020;72;390181706;Tarım ve Orman Bakanlığı Bingöl İl Müdürlüğü Yayladere İlçe Müdürlüğü;Veteriner Hekim;Bingöl;Lisans;2;0;;;"4607;6373";4607 - Aşağıdaki lisans programlarından birinden mezun olmak. | 6373 - Veteriner;5c91f06c-c25b-eb11-80fa-a0369f7d1484
2020;72;390181077;Tarım ve Orman Bakanlığı Bingöl İl Müdürlüğü Yedisu İlçe Müdürlüğü;Mühendis (Ziraat);Bingöl;Lisans;1;0;;;"4825;5135;4831;3202;8258;8289;4845;3385;3386;4212;6131;8147;8158;9048;9269;4846;9114;4853;3325;3383;3384;8221;8263;4854;9106;4857;3382;8261";4825 - Aşağıdaki lisans programlarından birinden mezun olmak. | 5135 - Ziraat Mühendisliği | 4831 - Aşağıdaki lisans programlarından birinden mezun olmak. | 3202 - Hayvansal Üretim | 8258 - Süt Teknolojisi | 8289 - Zootekni / Zooteknik | 4845 - Aşağıdaki lisans programlarından birinden mezun olmak. | 3385 - Tarla Bitkileri | 3386 - Toprak | 4212 - Bahçe ve Tarla Bitkileri | 6131 - Bitkisel Üretim | 8147 - Bahçe Bitkileri | 8158 - Bitki Koruma | 9048 - Toprak Bilimi ve Bitki Besleme | 9269 - Bitkisel Üretim ve Teknolojileri | 4846 - Aşağıdaki lisans programlarından birinden mezun olmak. | 9114 - Biyosistem Mühendisliği | 4853 - Aşağıdaki lisans programlarından birinden mezun olmak. | 3325 - Tarım Teknolojisi | 3383 - Tarım Makineleri | 3384 - Tarımsal Yapılar ve Sulama | 8221 - Kültürteknik | 8263 - Tarımsal Mekanizasyon | 4854 - Aşağıdaki lisans programlarından birinden mezun olmak. | 9106 - Tarımsal Biyoteknoloji | 4857 - Aşağıdaki lisans programlarından birinden mezun olmak. | 3382 - Tarım Ekonomisi | 8261 - Tarım İşletmeciliği;6791f06c-c25b-eb11-80fa-a0369f7d1484
2020;72;390181707;Tarım ve Orman Bakanlığı Bingöl İl Müdürlüğü Yedisu İlçe Müdürlüğü;Veteriner Hekim;Bingöl;Lisans;1;0;;;"4607;6373";4607 - Aşağıdaki lisans programlarından birinden mezun olmak. | 6373 - Veteriner;5d91f06c-c25b-eb11-80fa-a0369f7d1484
2020;72;390181078;Tarım ve Orman Bakanlığı Bitlis İl Müdürlüğü Adilcevaz İlçe Müdürlüğü;Mühendis (Ziraat);Bitlis;Lisans;2;1;;;"4825;5135;4831;3202;8258;8289;4845;3385;3386;4212;6131;8147;8158;9048;9269;4846;9114;4853;3325;3383;3384;8221;8263;4854;9106;4857;3382;8261";4825 - Aşağıdaki lisans programlarından birinden mezun olmak. | 5135 - Ziraat Mühendisliği | 4831 - Aşağıdaki lisans programlarından birinden mezun olmak. | 3202 - Hayvansal Üretim | 8258 - Süt Teknolojisi | 8289 - Zootekni / Zooteknik | 4845 - Aşağıdaki lisans programlarından birinden mezun olmak. | 3385 - Tarla Bitkileri | 3386 - Toprak | 4212 - Bahçe ve Tarla Bitkileri | 6131 - Bitkisel Üretim | 8147 - Bahçe Bitkileri | 8158 - Bitki Koruma | 9048 - Toprak Bilimi ve Bitki Besleme | 9269 - Bitkisel Üretim ve Teknolojileri | 4846 - Aşağıdaki lisans programlarından birinden mezun olmak. | 9114 - Biyosistem Mühendisliği | 4853 - Aşağıdaki lisans programlarından birinden mezun olmak. | 3325 - Tarım Teknolojisi | 3383 - Tarım Makineleri | 3384 - Tarımsal Yapılar ve Sulama | 8221 - Kültürteknik | 8263 - Tarımsal Mekanizasyon | 4854 - Aşağıdaki lisans programlarından birinden mezun olmak. | 9106 - Tarımsal Biyoteknoloji | 4857 - Aşağıdaki lisans programlarından birinden mezun olmak. | 3382 - Tarım Ekonomisi | 8261 - Tarım İşletmeciliği;6891f06c-c25b-eb11-80fa-a0369f7d1484
2020;72;390181708;Tarım ve Orman Bakanlığı Bitlis İl Müdürlüğü Adilcevaz İlçe Müdürlüğü;Veteriner Hekim;Bitlis;Lisans;3;0;;;"4607;6373";4607 - Aşağıdaki lisans programlarından birinden mezun olmak. | 6373 - Veteriner;7691f06c-c25b-eb11-80fa-a0369f7d1484
2020;72;390181079;Tarım ve Orman Bakanlığı Bitlis İl Müdürlüğü Ahlat İlçe Müdürlüğü;Mühendis (Ziraat);Bitlis;Lisans;7;3;;;"4825;5135;4831;3202;8258;8289;4845;3385;3386;4212;6131;8147;8158;9048;9269;4846;9114;4853;3325;3383;3384;8221;8263;4854;9106;4857;3382;8261";4825 - Aşağıdaki lisans programlarından birinden mezun olmak. | 5135 - Ziraat Mühendisliği | 4831 - Aşağıdaki lisans programlarından birinden mezun olmak. | 3202 - Hayvansal Üretim | 8258 - Süt Teknolojisi | 8289 - Zootekni / Zooteknik | 4845 - Aşağıdaki lisans programlarından birinden mezun olmak. | 3385 - Tarla Bitkileri | 3386 - Toprak | 4212 - Bahçe ve Tarla Bitkileri | 6131 - Bitkisel Üretim | 8147 - Bahçe Bitkileri | 8158 - Bitki Koruma | 9048 - Toprak Bilimi ve Bitki Besleme | 9269 - Bitkisel Üretim ve Teknolojileri | 4846 - Aşağıdaki lisans programlarından birinden mezun olmak. | 9114 - Biyosistem Mühendisliği | 4853 - Aşağıdaki lisans programlarından birinden mezun olmak. | 3325 - Tarım Teknolojisi | 3383 - Tarım Makineleri | 3384 - Tarımsal Yapılar ve Sulama | 8221 - Kültürteknik | 8263 - Tarımsal Mekanizasyon | 4854 - Aşağıdaki lisans programlarından birinden mezun olmak. | 9106 - Tarımsal Biyoteknoloji | 4857 - Aşağıdaki lisans programlarından birinden mezun olmak. | 3382 - Tarım Ekonomisi | 8261 - Tarım İşletmeciliği;6991f06c-c25b-eb11-80fa-a0369f7d1484
2020;72;390181709;Tarım ve Orman Bakanlığı Bitlis İl Müdürlüğü Ahlat İlçe Müdürlüğü;Veteriner Hekim;Bitlis;Lisans;4;0;;;"4607;6373";4607 - Aşağıdaki lisans programlarından birinden mezun olmak. | 6373 - Veteriner;7791f06c-c25b-eb11-80fa-a0369f7d1484
2020;72;390181080;Tarım ve Orman Bakanlığı Bitlis İl Müdürlüğü Arazi Toplulaştırma ve Tarımsal Altyapı Şube Müdürlüğü;Mühendis (Ziraat);Bitlis;Lisans;1;0;;;"4825;5135;4831;3202;8258;8289;4845;3385;3386;4212;6131;8147;8158;9048;9269;4846;9114;4853;3325;3383;3384;8221;8263;4854;9106;4857;3382;8261";4825 - Aşağıdaki lisans programlarından birinden mezun olmak. | 5135 - Ziraat Mühendisliği | 4831 - Aşağıdaki lisans programlarından birinden mezun olmak. | 3202 - Hayvansal Üretim | 8258 - Süt Teknolojisi | 8289 - Zootekni / Zooteknik | 4845 - Aşağıdaki lisans programlarından birinden mezun olmak. | 3385 - Tarla Bitkileri | 3386 - Toprak | 4212 - Bahçe ve Tarla Bitkileri | 6131 - Bitkisel Üretim | 8147 - Bahçe Bitkileri | 8158 - Bitki Koruma | 9048 - Toprak Bilimi ve Bitki Besleme | 9269 - Bitkisel Üretim ve Teknolojileri | 4846 - Aşağıdaki lisans programlarından birinden mezun olmak. | 9114 - Biyosistem Mühendisliği | 4853 - Aşağıdaki lisans programlarından birinden mezun olmak. | 3325 - Tarım Teknolojisi | 3383 - Tarım Makineleri | 3384 - Tarımsal Yapılar ve Sulama | 8221 - Kültürteknik | 8263 - Tarımsal Mekanizasyon | 4854 - Aşağıdaki lisans programlarından birinden mezun olmak. | 9106 - Tarımsal Biyoteknoloji | 4857 - Aşağıdaki lisans programlarından birinden mezun olmak. | 3382 - Tarım Ekonomisi | 8261 - Tarım İşletmeciliği;6a91f06c-c25b-eb11-80fa-a0369f7d1484
2020;72;390181081;Tarım ve Orman Bakanlığı Bitlis İl Müdürlüğü Bitkisel Üretim ve Bitki Sağlığı Şube Müdürlüğü;Mühendis (Ziraat);Bitlis;Lisans;2;0;;;"4825;5135;4831;3202;8258;8289;4845;3385;3386;4212;6131;8147;8158;9048;9269;4846;9114;4853;3325;3383;3384;8221;8263;4854;9106;4857;3382;8261";4825 - Aşağıdaki lisans programlarından birinden mezun olmak. | 5135 - Ziraat Mühendisliği | 4831 - Aşağıdaki lisans programlarından birinden mezun olmak. | 3202 - Hayvansal Üretim | 8258 - Süt Teknolojisi | 8289 - Zootekni / Zooteknik | 4845 - Aşağıdaki lisans programlarından birinden mezun olmak. | 3385 - Tarla Bitkileri | 3386 - Toprak | 4212 - Bahçe ve Tarla Bitkileri | 6131 - Bitkisel Üretim | 8147 - Bahçe Bitkileri | 8158 - Bitki Koruma | 9048 - Toprak Bilimi ve Bitki Besleme | 9269 - Bitkisel Üretim ve Teknolojileri | 4846 - Aşağıdaki lisans programlarından birinden mezun olmak. | 9114 - Biyosistem Mühendisliği | 4853 - Aşağıdaki lisans programlarından birinden mezun olmak. | 3325 - Tarım Teknolojisi | 3383 - Tarım Makineleri | 3384 - Tarımsal Yapılar ve Sulama | 8221 - Kültürteknik | 8263 - Tarımsal Mekanizasyon | 4854 - Aşağıdaki lisans programlarından birinden mezun olmak. | 9106 - Tarımsal Biyoteknoloji | 4857 - Aşağıdaki lisans programlarından birinden mezun olmak. | 3382 - Tarım Ekonomisi | 8261 - Tarım İşletmeciliği;6b91f06c-c25b-eb11-80fa-a0369f7d1484
2020;72;390181082;Tarım ve Orman Bakanlığı Bitlis İl Müdürlüğü Çayır, Mera ve Yem Bitkileri Şube Müdürlüğü;Mühendis (Ziraat);Bitlis;Lisans;3;0;;;"4825;5135;4831;3202;8258;8289;4845;3385;3386;4212;6131;8147;8158;9048;9269;4846;9114;4853;3325;3383;3384;8221;8263;4854;9106;4857;3382;8261";4825 - Aşağıdaki lisans programlarından birinden mezun olmak. | 5135 - Ziraat Mühendisliği | 4831 - Aşağıdaki lisans programlarından birinden mezun olmak. | 3202 - Hayvansal Üretim | 8258 - Süt Teknolojisi | 8289 - Zootekni / Zooteknik | 4845 - Aşağıdaki lisans programlarından birinden mezun olmak. | 3385 - Tarla Bitkileri | 3386 - Toprak | 4212 - Bahçe ve Tarla Bitkileri | 6131 - Bitkisel Üretim | 8147 - Bahçe Bitkileri | 8158 - Bitki Koruma | 9048 - Toprak Bilimi ve Bitki Besleme | 9269 - Bitkisel Üretim ve Teknolojileri | 4846 - Aşağıdaki lisans programlarından birinden mezun olmak. | 9114 - Biyosistem Mühendisliği | 4853 - Aşağıdaki lisans programlarından birinden mezun olmak. | 3325 - Tarım Teknolojisi | 3383 - Tarım Makineleri | 3384 - Tarımsal Yapılar ve Sulama | 8221 - Kültürteknik | 8263 - Tarımsal Mekanizasyon | 4854 - Aşağıdaki lisans programlarından birinden mezun olmak. | 9106 - Tarımsal Biyoteknoloji | 4857 - Aşağıdaki lisans programlarından birinden mezun olmak. | 3382 - Tarım Ekonomisi | 8261 - Tarım İşletmeciliği;6c91f06c-c25b-eb11-80fa-a0369f7d1484
2020;72;390181083;Tarım ve Orman Bakanlığı Bitlis İl Müdürlüğü Gıda ve Yem Şube Müdürlüğü;Mühendis (Ziraat);Bitlis;Lisans;1;0;;;"4825;5135;4831;3202;8258;8289;4845;3385;3386;4212;6131;8147;8158;9048;9269;4846;9114;4853;3325;3383;3384;8221;8263;4854;9106;4857;3382;8261";4825 - Aşağıdaki lisans programlarından birinden mezun olmak. | 5135 - Ziraat Mühendisliği | 4831 - Aşağıdaki lisans programlarından birinden mezun olmak. | 3202 - Hayvansal Üretim | 8258 - Süt Teknolojisi | 8289 - Zootekni / Zooteknik | 4845 - Aşağıdaki lisans programlarından birinden mezun olmak. | 3385 - Tarla Bitkileri | 3386 - Toprak | 4212 - Bahçe ve Tarla Bitkileri | 6131 - Bitkisel Üretim | 8147 - Bahçe Bitkileri | 8158 - Bitki Koruma | 9048 - Toprak Bilimi ve Bitki Besleme | 9269 - Bitkisel Üretim ve Teknolojileri | 4846 - Aşağıdaki lisans programlarından birinden mezun olmak. | 9114 - Biyosistem Mühendisliği | 4853 - Aşağıdaki lisans programlarından birinden mezun olmak. | 3325 - Tarım Teknolojisi | 3383 - Tarım Makineleri | 3384 - Tarımsal Yapılar ve Sulama | 8221 - Kültürteknik | 8263 - Tarımsal Mekanizasyon | 4854 - Aşağıdaki lisans programlarından birinden mezun olmak. | 9106 - Tarımsal Biyoteknoloji | 4857 - Aşağıdaki lisans programlarından birinden mezun olmak. | 3382 - Tarım Ekonomisi | 8261 - Tarım İşletmeciliği;6d91f06c-c25b-eb11-80fa-a0369f7d1484
2020;72;390181348;Tarım ve Orman Bakanlığı Bitlis İl Müdürlüğü Gıda ve Yem Şube Müdürlüğü;Mühendis (Gıda);Bitlis;Lisans;2;0;;;"4799;3191";4799 - Aşağıdaki lisans programlarından birinden mezun olmak. | 3191 - Gıda Mühendisliği;7591f06c-c25b-eb11-80fa-a0369f7d1484
2020;72;390181710;Tarım ve Orman Bakanlığı Bitlis İl Müdürlüğü Güroymak İlçe Müdürlüğü;Veteriner Hekim;Bitlis;Lisans;7;0;;;"4607;6373";4607 - Aşağıdaki lisans programlarından birinden mezun olmak. | 6373 - Veteriner;7891f06c-c25b-eb11-80fa-a0369f7d1484
2020;72;390181711;Tarım ve Orman Bakanlığı Bitlis İl Müdürlüğü Hayvan Sağlığı,Yetiştiriciliği ve Su Ürünleri Şube Müdürlüğü;Veteriner Hekim;Bitlis;Lisans;1;0;;;"4607;6373";4607 - Aşağıdaki lisans programlarından birinden mezun olmak. | 6373 - Veteriner;7991f06c-c25b-eb11-80fa-a0369f7d1484
2020;72;390181084;Tarım ve Orman Bakanlığı Bitlis İl Müdürlüğü Hizan İlçe Müdürlüğü;Mühendis (Ziraat);Bitlis;Lisans;3;1;;;"4825;5135;4831;3202;8258;8289;4845;3385;3386;4212;6131;8147;8158;9048;9269;4846;9114;4853;3325;3383;3384;8221;8263;4854;9106;4857;3382;8261";4825 - Aşağıdaki lisans programlarından birinden mezun olmak. | 5135 - Ziraat Mühendisliği | 4831 - Aşağıdaki lisans programlarından birinden mezun olmak. | 3202 - Hayvansal Üretim | 8258 - Süt Teknolojisi | 8289 - Zootekni / Zooteknik | 4845 - Aşağıdaki lisans programlarından birinden mezun olmak. | 3385 - Tarla Bitkileri | 3386 - Toprak | 4212 - Bahçe ve Tarla Bitkileri | 6131 - Bitkisel Üretim | 8147 - Bahçe Bitkileri | 8158 - Bitki Koruma | 9048 - Toprak Bilimi ve Bitki Besleme | 9269 - Bitkisel Üretim ve Teknolojileri | 4846 - Aşağıdaki lisans programlarından birinden mezun olmak. | 9114 - Biyosistem Mühendisliği | 4853 - Aşağıdaki lisans programlarından birinden mezun olmak. | 3325 - Tarım Teknolojisi | 3383 - Tarım Makineleri | 3384 - Tarımsal Yapılar ve Sulama | 8221 - Kültürteknik | 8263 - Tarımsal Mekanizasyon | 4854 - Aşağıdaki lisans programlarından birinden mezun olmak. | 9106 - Tarımsal Biyoteknoloji | 4857 - Aşağıdaki lisans programlarından birinden mezun olmak. | 3382 - Tarım Ekonomisi | 8261 - Tarım İşletmeciliği;6e91f06c-c25b-eb11-80fa-a0369f7d1484
2020;72;390181712;Tarım ve Orman Bakanlığı Bitlis İl Müdürlüğü Hizan İlçe Müdürlüğü;Veteriner Hekim;Bitlis;Lisans;7;0;;;"4607;6373";4607 - Aşağıdaki lisans programlarından birinden mezun olmak. | 6373 - Veteriner;7a91f06c-c25b-eb11-80fa-a0369f7d1484
2020;72;390181085;Tarım ve Orman Bakanlığı Bitlis İl Müdürlüğü Kırsal Kalkınma ve Örgütlenme Şube Müdürlüğü;Mühendis (Ziraat);Bitlis;Lisans;3;0;;;"4825;5135;4831;3202;8258;8289;4845;3385;3386;4212;6131;8147;8158;9048;9269;4846;9114;4853;3325;3383;3384;8221;8263;4854;9106;4857;3382;8261";4825 - Aşağıdaki lisans programlarından birinden mezun olmak. | 5135 - Ziraat Mühendisliği | 4831 - Aşağıdaki lisans programlarından birinden mezun olmak. | 3202 - Hayvansal Üretim | 8258 - Süt Teknolojisi | 8289 - Zootekni / Zooteknik | 4845 - Aşağıdaki lisans programlarından birinden mezun olmak. | 3385 - Tarla Bitkileri | 3386 - Toprak | 4212 - Bahçe ve Tarla Bitkileri | 6131 - Bitkisel Üretim | 8147 - Bahçe Bitkileri | 8158 - Bitki Koruma | 9048 - Toprak Bilimi ve Bitki Besleme | 9269 - Bitkisel Üretim ve Teknolojileri | 4846 - Aşağıdaki lisans programlarından birinden mezun olmak. | 9114 - Biyosistem Mühendisliği | 4853 - Aşağıdaki lisans programlarından birinden mezun olmak. | 3325 - Tarım Teknolojisi | 3383 - Tarım Makineleri | 3384 - Tarımsal Yapılar ve Sulama | 8221 - Kültürteknik | 8263 - Tarımsal Mekanizasyon | 4854 - Aşağıdaki lisans programlarından birinden mezun olmak. | 9106 - Tarımsal Biyoteknoloji | 4857 - Aşağıdaki lisans programlarından birinden mezun olmak. | 3382 - Tarım Ekonomisi | 8261 - Tarım İşletmeciliği;6f91f06c-c25b-eb11-80fa-a0369f7d1484
2020;72;390181086;Tarım ve Orman Bakanlığı Bitlis İl Müdürlüğü Mutki İlçe Müdürlüğü;Mühendis (Ziraat);Bitlis;Lisans;1;0;;;"4825;5135;4831;3202;8258;8289;4845;3385;3386;4212;6131;8147;8158;9048;9269;4846;9114;4853;3325;3383;3384;8221;8263;4854;9106;4857;3382;8261";4825 - Aşağıdaki lisans programlarından birinden mezun olmak. | 5135 - Ziraat Mühendisliği | 4831 - Aşağıdaki lisans programlarından birinden mezun olmak. | 3202 - Hayvansal Üretim | 8258 - Süt Teknolojisi | 8289 - Zootekni / Zooteknik | 4845 - Aşağıdaki lisans programlarından birinden mezun olmak. | 3385 - Tarla Bitkileri | 3386 - Toprak | 4212 - Bahçe ve Tarla Bitkileri | 6131 - Bitkisel Üretim | 8147 - Bahçe Bitkileri | 8158 - Bitki Koruma | 9048 - Toprak Bilimi ve Bitki Besleme | 9269 - Bitkisel Üretim ve Teknolojileri | 4846 - Aşağıdaki lisans programlarından birinden mezun olmak. | 9114 - Biyosistem Mühendisliği | 4853 - Aşağıdaki lisans programlarından birinden mezun olmak. | 3325 - Tarım Teknolojisi | 3383 - Tarım Makineleri | 3384 - Tarımsal Yapılar ve Sulama | 8221 - Kültürteknik | 8263 - Tarımsal Mekanizasyon | 4854 - Aşağıdaki lisans programlarından birinden mezun olmak. | 9106 - Tarımsal Biyoteknoloji | 4857 - Aşağıdaki lisans programlarından birinden mezun olmak. | 3382 - Tarım Ekonomisi | 8261 - Tarım İşletmeciliği;7091f06c-c25b-eb11-80fa-a0369f7d1484
2020;72;390181713;Tarım ve Orman Bakanlığı Bitlis İl Müdürlüğü Mutki İlçe Müdürlüğü;Veteriner Hekim;Bitlis;Lisans;8;0;;;"4607;6373";4607 - Aşağıdaki lisans programlarından birinden mezun olmak. | 6373 - Veteriner;7b91f06c-c25b-eb11-80fa-a0369f7d1484
2020;72;390181087;Tarım ve Orman Bakanlığı Bitlis İl Müdürlüğü Tatvan İlçe Müdürlüğü;Mühendis (Ziraat);Bitlis;Lisans;1;1;;;"4825;5135;4831;3202;8258;8289;4845;3385;3386;4212;6131;8147;8158;9048;9269;4846;9114;4853;3325;3383;3384;8221;8263;4854;9106;4857;3382;8261";4825 - Aşağıdaki lisans programlarından birinden mezun olmak. | 5135 - Ziraat Mühendisliği | 4831 - Aşağıdaki lisans programlarından birinden mezun olmak. | 3202 - Hayvansal Üretim | 8258 - Süt Teknolojisi | 8289 - Zootekni / Zooteknik | 4845 - Aşağıdaki lisans programlarından birinden mezun olmak. | 3385 - Tarla Bitkileri | 3386 - Toprak | 4212 - Bahçe ve Tarla Bitkileri | 6131 - Bitkisel Üretim | 8147 - Bahçe Bitkileri | 8158 - Bitki Koruma | 9048 - Toprak Bilimi ve Bitki Besleme | 9269 - Bitkisel Üretim ve Teknolojileri | 4846 - Aşağıdaki lisans programlarından birinden mezun olmak. | 9114 - Biyosistem Mühendisliği | 4853 - Aşağıdaki lisans programlarından birinden mezun olmak. | 3325 - Tarım Teknolojisi | 3383 - Tarım Makineleri | 3384 - Tarımsal Yapılar ve Sulama | 8221 - Kültürteknik | 8263 - Tarımsal Mekanizasyon | 4854 - Aşağıdaki lisans programlarından birinden mezun olmak. | 9106 - Tarımsal Biyoteknoloji | 4857 - Aşağıdaki lisans programlarından birinden mezun olmak. | 3382 - Tarım Ekonomisi | 8261 - Tarım İşletmeciliği;7191f06c-c25b-eb11-80fa-a0369f7d1484
2020;72;390181714;Tarım ve Orman Bakanlığı Bitlis İl Müdürlüğü Tatvan İlçe Müdürlüğü;Veteriner Hekim;Bitlis;Lisans;5;0;;;"4607;6373";4607 - Aşağıdaki lisans programlarından birinden mezun olmak. | 6373 - Veteriner;7c91f06c-c25b-eb11-80fa-a0369f7d1484
2020;72;390181349;Tarım ve Orman Bakanlığı Bolu İl Müdürlüğü Gerede İlçe Müdürlüğü;Mühendis (Gıda);Bolu;Lisans;1;2;;;"4799;3191";4799 - Aşağıdaki lisans programlarından birinden mezun olmak. | 3191 - Gıda Mühendisliği;8191f06c-c25b-eb11-80fa-a0369f7d1484
2020;72;390181568;Tarım ve Orman Bakanlığı Bolu İl Müdürlüğü Gerede İlçe Müdürlüğü;Mühendis (Su Ürünleri);Bolu;Lisans;1;0;;;"4819;3202;3320;8337";4819 - Aşağıdaki lisans programlarından birinden mezun olmak. | 3202 - Hayvansal Üretim | 3320 - Su Ürünleri | 8337 - Su Ürünleri Mühendisliği;7e91f06c-c25b-eb11-80fa-a0369f7d1484
2020;72;390181350;Tarım ve Orman Bakanlığı Bolu İl Müdürlüğü Gıda ve Yem Şube Müdürlüğü;Mühendis (Gıda);Bolu;Lisans;1;2;;;"4799;3191";4799 - Aşağıdaki lisans programlarından birinden mezun olmak. | 3191 - Gıda Mühendisliği;8291f06c-c25b-eb11-80fa-a0369f7d1484
2020;72;390181569;Tarım ve Orman Bakanlığı Bolu İl Müdürlüğü Göynük İlçe Müdürlüğü;Mühendis (Su Ürünleri);Bolu;Lisans;1;0;;;"4819;3202;3320;8337";4819 - Aşağıdaki lisans programlarından birinden mezun olmak. | 3202 - Hayvansal Üretim | 3320 - Su Ürünleri | 8337 - Su Ürünleri Mühendisliği;7f91f06c-c25b-eb11-80fa-a0369f7d1484
2020;72;390181715;Tarım ve Orman Bakanlığı Bolu İl Müdürlüğü Kıbrıscık İlçe Müdürlüğü;Veteriner Hekim;Bolu;Lisans;1;0;;;"4607;6373";4607 - Aşağıdaki lisans programlarından birinden mezun olmak. | 6373 - Veteriner;7d91f06c-c25b-eb11-80fa-a0369f7d1484
2020;72;390181570;Tarım ve Orman Bakanlığı Bolu İl Müdürlüğü Mengen İlçe Müdürlüğü;Mühendis (Su Ürünleri);Bolu;Lisans;1;0;;;"4819;3202;3320;8337";4819 - Aşağıdaki lisans programlarından birinden mezun olmak. | 3202 - Hayvansal Üretim | 3320 - Su Ürünleri | 8337 - Su Ürünleri Mühendisliği;8091f06c-c25b-eb11-80fa-a0369f7d1484
2020;72;390181636;Tarım ve Orman Bakanlığı Burdur 6. Bölge Müdürlüğü Burdur Şube Müdürlüğü;Mühendis (Orman);Burdur;Lisans;2;0;;;"4871;6277";4871 - Aşağıdaki lisans programlarından birinden mezun olmak. | 6277 - Orman Mühendisliği;8d91f06c-c25b-eb11-80fa-a0369f7d1484
2020;72;390181351;Tarım ve Orman Bakanlığı Burdur Gıda Kontrol Laboratuvar Müdürlüğü;Mühendis (Gıda);Burdur;Lisans;2;2;;;"4799;3191";4799 - Aşağıdaki lisans programlarından birinden mezun olmak. | 3191 - Gıda Mühendisliği;8891f06c-c25b-eb11-80fa-a0369f7d1484
2020;72;390181088;Tarım ve Orman Bakanlığı Burdur İl Müdürlüğü Çavdır İlçe Müdürlüğü;Mühendis (Ziraat);Burdur;Lisans;2;2;;;"4825;5135;4831;3202;8258;8289;4845;3385;3386;4212;6131;8147;8158;9048;9269;4846;9114;4853;3325;3383;3384;8221;8263;4854;9106;4857;3382;8261";4825 - Aşağıdaki lisans programlarından birinden mezun olmak. | 5135 - Ziraat Mühendisliği | 4831 - Aşağıdaki lisans programlarından birinden mezun olmak. | 3202 - Hayvansal Üretim | 8258 - Süt Teknolojisi | 8289 - Zootekni / Zooteknik | 4845 - Aşağıdaki lisans programlarından birinden mezun olmak. | 3385 - Tarla Bitkileri | 3386 - Toprak | 4212 - Bahçe ve Tarla Bitkileri | 6131 - Bitkisel Üretim | 8147 - Bahçe Bitkileri | 8158 - Bitki Koruma | 9048 - Toprak Bilimi ve Bitki Besleme | 9269 - Bitkisel Üretim ve Teknolojileri | 4846 - Aşağıdaki lisans programlarından birinden mezun olmak. | 9114 - Biyosistem Mühendisliği | 4853 - Aşağıdaki lisans programlarından birinden mezun olmak. | 3325 - Tarım Teknolojisi | 3383 - Tarım Makineleri | 3384 - Tarımsal Yapılar ve Sulama | 8221 - Kültürteknik | 8263 - Tarımsal Mekanizasyon | 4854 - Aşağıdaki lisans programlarından birinden mezun olmak. | 9106 - Tarımsal Biyoteknoloji | 4857 - Aşağıdaki lisans programlarından birinden mezun olmak. | 3382 - Tarım Ekonomisi | 8261 - Tarım İşletmeciliği;8791f06c-c25b-eb11-80fa-a0369f7d1484
2020;72;390181352;Tarım ve Orman Bakanlığı Burdur İl Müdürlüğü Çavdır İlçe Müdürlüğü;Mühendis (Gıda);Burdur;Lisans;1;0;;;"4799;3191";4799 - Aşağıdaki lisans programlarından birinden mezun olmak. | 3191 - Gıda Mühendisliği;8991f06c-c25b-eb11-80fa-a0369f7d1484
2020;72;390181353;Tarım ve Orman Bakanlığı Burdur İl Müdürlüğü Gıda ve Yem Şube Müdürlüğü;Mühendis (Gıda);Burdur;Lisans;1;1;;;"4799;3191";4799 - Aşağıdaki lisans programlarından birinden mezun olmak. | 3191 - Gıda Mühendisliği;8a91f06c-c25b-eb11-80fa-a0369f7d1484
2020;72;390181571;Tarım ve Orman Bakanlığı Burdur İl Müdürlüğü Gölhisar İlçe Müdürlüğü;Mühendis (Su Ürünleri);Burdur;Lisans;1;1;;;"4819;3202;3320;8337";4819 - Aşağıdaki lisans programlarından birinden mezun olmak. | 3202 - Hayvansal Üretim | 3320 - Su Ürünleri | 8337 - Su Ürünleri Mühendisliği;8c91f06c-c25b-eb11-80fa-a0369f7d1484
2020;72;390181354;Tarım ve Orman Bakanlığı Burdur İl Müdürlüğü Yeşilova İlçe Müdürlüğü;Mühendis (Gıda);Burdur;Lisans;1;0;;;"4799;3191";4799 - Aşağıdaki lisans programlarından birinden mezun olmak. | 3191 - Gıda Mühendisliği;8b91f06c-c25b-eb11-80fa-a0369f7d1484
2020;72;390181637;Tarım ve Orman Bakanlığı Bursa 2. Bölge Müdürlüğü Bursa Şube Müdürlüğü;Mühendis (Orman);Bursa;Lisans;1;0;;;"4871;6277";4871 - Aşağıdaki lisans programlarından birinden mezun olmak. | 6277 - Orman Mühendisliği;8e91f06c-c25b-eb11-80fa-a0369f7d1484
2020;72;390181572;Tarım ve Orman Bakanlığı Bursa İl Müdürlüğü Büyükorhan İlçe Müdürlüğü;Mühendis (Su Ürünleri);Bursa;Lisans;1;1;;;"4819;3202;3320;8337";4819 - Aşağıdaki lisans programlarından birinden mezun olmak. | 3202 - Hayvansal Üretim | 3320 - Su Ürünleri | 8337 - Su Ürünleri Mühendisliği;8f91f06c-c25b-eb11-80fa-a0369f7d1484
2020;72;390181355;Tarım ve Orman Bakanlığı Bursa İl Müdürlüğü Orhaneli İlçe Müdürlüğü;Mühendis (Gıda);Bursa;Lisans;1;0;;;"4799;3191";4799 - Aşağıdaki lisans programlarından birinden mezun olmak. | 3191 - Gıda Mühendisliği;9091f06c-c25b-eb11-80fa-a0369f7d1484
2020;72;390181356;Tarım ve Orman Bakanlığı Çanakkale İl Müdürlüğü Bozcaada İlçe Müdürlüğü;Mühendis (Gıda);Çanakkale;Lisans;1;1;;;"4799;3191";4799 - Aşağıdaki lisans programlarından birinden mezun olmak. | 3191 - Gıda Mühendisliği;9391f06c-c25b-eb11-80fa-a0369f7d1484
2020;72;390181573;Tarım ve Orman Bakanlığı Çanakkale İl Müdürlüğü Çan İlçe Müdürlüğü;Mühendis (Su Ürünleri);Çanakkale;Lisans;1;0;;;"4819;3202;3320;8337";4819 - Aşağıdaki lisans programlarından birinden mezun olmak. | 3202 - Hayvansal Üretim | 3320 - Su Ürünleri | 8337 - Su Ürünleri Mühendisliği;9591f06c-c25b-eb11-80fa-a0369f7d1484
2020;72;390181357;Tarım ve Orman Bakanlığı Çanakkale İl Müdürlüğü Gıda ve Yem Şube Müdürlüğü;Mühendis (Gıda);Çanakkale;Lisans;1;1;;;"4799;3191";4799 - Aşağıdaki lisans programlarından birinden mezun olmak. | 3191 - Gıda Mühendisliği;9491f06c-c25b-eb11-80fa-a0369f7d1484
2020;72;390181090;Tarım ve Orman Bakanlığı Çanakkale İl Müdürlüğü Gökçeada İlçe Müdürlüğü;Mühendis (Ziraat);Çanakkale;Lisans;1;5;;;"4825;5135;4831;3202;8258;8289;4845;3385;3386;4212;6131;8147;8158;9048;9269;4846;9114;4853;3325;3383;3384;8221;8263;4854;9106;4857;3382;8261";4825 - Aşağıdaki lisans programlarından birinden mezun olmak. | 5135 - Ziraat Mühendisliği | 4831 - Aşağıdaki lisans programlarından birinden mezun olmak. | 3202 - Hayvansal Üretim | 8258 - Süt Teknolojisi | 8289 - Zootekni / Zooteknik | 4845 - Aşağıdaki lisans programlarından birinden mezun olmak. | 3385 - Tarla Bitkileri | 3386 - Toprak | 4212 - Bahçe ve Tarla Bitkileri | 6131 - Bitkisel Üretim | 8147 - Bahçe Bitkileri | 8158 - Bitki Koruma | 9048 - Toprak Bilimi ve Bitki Besleme | 9269 - Bitkisel Üretim ve Teknolojileri | 4846 - Aşağıdaki lisans programlarından birinden mezun olmak. | 9114 - Biyosistem Mühendisliği | 4853 - Aşağıdaki lisans programlarından birinden mezun olmak. | 3325 - Tarım Teknolojisi | 3383 - Tarım Makineleri | 3384 - Tarımsal Yapılar ve Sulama | 8221 - Kültürteknik | 8263 - Tarımsal Mekanizasyon | 4854 - Aşağıdaki lisans programlarından birinden mezun olmak. | 9106 - Tarımsal Biyoteknoloji | 4857 - Aşağıdaki lisans programlarından birinden mezun olmak. | 3382 - Tarım Ekonomisi | 8261 - Tarım İşletmeciliği;9291f06c-c25b-eb11-80fa-a0369f7d1484
2020;72;390181574;Tarım ve Orman Bakanlığı Çanakkale İl Müdürlüğü Gökçeada İlçe Müdürlüğü;Mühendis (Su Ürünleri);Çanakkale;Lisans;1;0;;;"4819;3202;3320;8337";4819 - Aşağıdaki lisans programlarından birinden mezun olmak. | 3202 - Hayvansal Üretim | 3320 - Su Ürünleri | 8337 - Su Ürünleri Mühendisliği;9691f06c-c25b-eb11-80fa-a0369f7d1484
2020;72;390181091;Tarım ve Orman Bakanlığı Çankırı İl Müdürlüğü Atkaracalar İlçe Müdürlüğü;Mühendis (Ziraat);Çankırı;Lisans;2;1;;;"4825;5135;4831;3202;8258;8289;4845;3385;3386;4212;6131;8147;8158;9048;9269;4846;9114;4853;3325;3383;3384;8221;8263;4854;9106;4857;3382;8261";4825 - Aşağıdaki lisans programlarından birinden mezun olmak. | 5135 - Ziraat Mühendisliği | 4831 - Aşağıdaki lisans programlarından birinden mezun olmak. | 3202 - Hayvansal Üretim | 8258 - Süt Teknolojisi | 8289 - Zootekni / Zooteknik | 4845 - Aşağıdaki lisans programlarından birinden mezun olmak. | 3385 - Tarla Bitkileri | 3386 - Toprak | 4212 - Bahçe ve Tarla Bitkileri | 6131 - Bitkisel Üretim | 8147 - Bahçe Bitkileri | 8158 - Bitki Koruma | 9048 - Toprak Bilimi ve Bitki Besleme | 9269 - Bitkisel Üretim ve Teknolojileri | 4846 - Aşağıdaki lisans programlarından birinden mezun olmak. | 9114 - Biyosistem Mühendisliği | 4853 - Aşağıdaki lisans programlarından birinden mezun olmak. | 3325 - Tarım Teknolojisi | 3383 - Tarım Makineleri | 3384 - Tarımsal Yapılar ve Sulama | 8221 - Kültürteknik | 8263 - Tarımsal Mekanizasyon | 4854 - Aşağıdaki lisans programlarından birinden mezun olmak. | 9106 - Tarımsal Biyoteknoloji | 4857 - Aşağıdaki lisans programlarından birinden mezun olmak. | 3382 - Tarım Ekonomisi | 8261 - Tarım İşletmeciliği;9f91f06c-c25b-eb11-80fa-a0369f7d1484
2020;72;390181716;Tarım ve Orman Bakanlığı Çankırı İl Müdürlüğü Atkaracalar İlçe Müdürlüğü;Veteriner Hekim;Çankırı;Lisans;1;0;;;"4607;6373";4607 - Aşağıdaki lisans programlarından birinden mezun olmak. | 6373 - Veteriner;9791f06c-c25b-eb11-80fa-a0369f7d1484
2020;72;390181717;Tarım ve Orman Bakanlığı Çankırı İl Müdürlüğü Bayramören İlçe Müdürlüğü;Veteriner Hekim;Çankırı;Lisans;1;0;;;"4607;6373";4607 - Aşağıdaki lisans programlarından birinden mezun olmak. | 6373 - Veteriner;9891f06c-c25b-eb11-80fa-a0369f7d1484
2020;72;390181092;Tarım ve Orman Bakanlığı Çankırı İl Müdürlüğü Çerkeş İlçe Müdürlüğü;Mühendis (Ziraat);Çankırı;Lisans;2;1;;;"4825;5135;4831;3202;8258;8289;4845;3385;3386;4212;6131;8147;8158;9048;9269;4846;9114;4853;3325;3383;3384;8221;8263;4854;9106;4857;3382;8261";4825 - Aşağıdaki lisans programlarından birinden mezun olmak. | 5135 - Ziraat Mühendisliği | 4831 - Aşağıdaki lisans programlarından birinden mezun olmak. | 3202 - Hayvansal Üretim | 8258 - Süt Teknolojisi | 8289 - Zootekni / Zooteknik | 4845 - Aşağıdaki lisans programlarından birinden mezun olmak. | 3385 - Tarla Bitkileri | 3386 - Toprak | 4212 - Bahçe ve Tarla Bitkileri | 6131 - Bitkisel Üretim | 8147 - Bahçe Bitkileri | 8158 - Bitki Koruma | 9048 - Toprak Bilimi ve Bitki Besleme | 9269 - Bitkisel Üretim ve Teknolojileri | 4846 - Aşağıdaki lisans programlarından birinden mezun olmak. | 9114 - Biyosistem Mühendisliği | 4853 - Aşağıdaki lisans programlarından birinden mezun olmak. | 3325 - Tarım Teknolojisi | 3383 - Tarım Makineleri | 3384 - Tarımsal Yapılar ve Sulama | 8221 - Kültürteknik | 8263 - Tarımsal Mekanizasyon | 4854 - Aşağıdaki lisans programlarından birinden mezun olmak. | 9106 - Tarımsal Biyoteknoloji | 4857 - Aşağıdaki lisans programlarından birinden mezun olmak. | 3382 - Tarım Ekonomisi | 8261 - Tarım İşletmeciliği;a091f06c-c25b-eb11-80fa-a0369f7d1484
2020;72;390181718;Tarım ve Orman Bakanlığı Çankırı İl Müdürlüğü Çerkeş İlçe Müdürlüğü;Veteriner Hekim;Çankırı;Lisans;6;0;;;"4607;6373";4607 - Aşağıdaki lisans programlarından birinden mezun olmak. | 6373 - Veteriner;9991f06c-c25b-eb11-80fa-a0369f7d1484
2020;72;390181358;Tarım ve Orman Bakanlığı Çankırı İl Müdürlüğü Gıda ve Yem Şube Müdürlüğü;Mühendis (Gıda);Çankırı;Lisans;1;1;;;"4799;3191";4799 - Aşağıdaki lisans programlarından birinden mezun olmak. | 3191 - Gıda Mühendisliği;9e91f06c-c25b-eb11-80fa-a0369f7d1484
2020;72;390181093;Tarım ve Orman Bakanlığı Çankırı İl Müdürlüğü Kızılırmak İlçe Müdürlüğü;Mühendis (Ziraat);Çankırı;Lisans;1;1;;;"4825;5135;4831;3202;8258;8289;4845;3385;3386;4212;6131;8147;8158;9048;9269;4846;9114;4853;3325;3383;3384;8221;8263;4854;9106;4857;3382;8261";4825 - Aşağıdaki lisans programlarından birinden mezun olmak. | 5135 - Ziraat Mühendisliği | 4831 - Aşağıdaki lisans programlarından birinden mezun olmak. | 3202 - Hayvansal Üretim | 8258 - Süt Teknolojisi | 8289 - Zootekni / Zooteknik | 4845 - Aşağıdaki lisans programlarından birinden mezun olmak. | 3385 - Tarla Bitkileri | 3386 - Toprak | 4212 - Bahçe ve Tarla Bitkileri | 6131 - Bitkisel Üretim | 8147 - Bahçe Bitkileri | 8158 - Bitki Koruma | 9048 - Toprak Bilimi ve Bitki Besleme | 9269 - Bitkisel Üretim ve Teknolojileri | 4846 - Aşağıdaki lisans programlarından birinden mezun olmak. | 9114 - Biyosistem Mühendisliği | 4853 - Aşağıdaki lisans programlarından birinden mezun olmak. | 3325 - Tarım Teknolojisi | 3383 - Tarım Makineleri | 3384 - Tarımsal Yapılar ve Sulama | 8221 - Kültürteknik | 8263 - Tarımsal Mekanizasyon | 4854 - Aşağıdaki lisans programlarından birinden mezun olmak. | 9106 - Tarımsal Biyoteknoloji | 4857 - Aşağıdaki lisans programlarından birinden mezun olmak. | 3382 - Tarım Ekonomisi | 8261 - Tarım İşletmeciliği;a191f06c-c25b-eb11-80fa-a0369f7d1484
2020;72;390181719;Tarım ve Orman Bakanlığı Çankırı İl Müdürlüğü Korgun İlçe Müdürlüğü;Veteriner Hekim;Çankırı;Lisans;1;0;;;"4607;6373";4607 - Aşağıdaki lisans programlarından birinden mezun olmak. | 6373 - Veteriner;9a91f06c-c25b-eb11-80fa-a0369f7d1484
2020;72;390181094;Tarım ve Orman Bakanlığı Çankırı İl Müdürlüğü Kurşunlu İlçe Müdürlüğü;Mühendis (Ziraat);Çankırı;Lisans;1;1;;;"4825;5135;4831;3202;8258;8289;4845;3385;3386;4212;6131;8147;8158;9048;9269;4846;9114;4853;3325;3383;3384;8221;8263;4854;9106;4857;3382;8261";4825 - Aşağıdaki lisans programlarından birinden mezun olmak. | 5135 - Ziraat Mühendisliği | 4831 - Aşağıdaki lisans programlarından birinden mezun olmak. | 3202 - Hayvansal Üretim | 8258 - Süt Teknolojisi | 8289 - Zootekni / Zooteknik | 4845 - Aşağıdaki lisans programlarından birinden mezun olmak. | 3385 - Tarla Bitkileri | 3386 - Toprak | 4212 - Bahçe ve Tarla Bitkileri | 6131 - Bitkisel Üretim | 8147 - Bahçe Bitkileri | 8158 - Bitki Koruma | 9048 - Toprak Bilimi ve Bitki Besleme | 9269 - Bitkisel Üretim ve Teknolojileri | 4846 - Aşağıdaki lisans programlarından birinden mezun olmak. | 9114 - Biyosistem Mühendisliği | 4853 - Aşağıdaki lisans programlarından birinden mezun olmak. | 3325 - Tarım Teknolojisi | 3383 - Tarım Makineleri | 3384 - Tarımsal Yapılar ve Sulama | 8221 - Kültürteknik | 8263 - Tarımsal Mekanizasyon | 4854 - Aşağıdaki lisans programlarından birinden mezun olmak. | 9106 - Tarımsal Biyoteknoloji | 4857 - Aşağıdaki lisans programlarından birinden mezun olmak. | 3382 - Tarım Ekonomisi | 8261 - Tarım İşletmeciliği;a291f06c-c25b-eb11-80fa-a0369f7d1484
2020;72;390181720;Tarım ve Orman Bakanlığı Çankırı İl Müdürlüğü Kurşunlu İlçe Müdürlüğü;Veteriner Hekim;Çankırı;Lisans;1;0;;;"4607;6373";4607 - Aşağıdaki lisans programlarından birinden mezun olmak. | 6373 - Veteriner;9b91f06c-c25b-eb11-80fa-a0369f7d1484
2020;72;390181095;Tarım ve Orman Bakanlığı Çankırı İl Müdürlüğü Orta İlçe Müdürlüğü;Mühendis (Ziraat);Çankırı;Lisans;3;2;;;"4825;5135;4831;3202;8258;8289;4845;3385;3386;4212;6131;8147;8158;9048;9269;4846;9114;4853;3325;3383;3384;8221;8263;4854;9106;4857;3382;8261";4825 - Aşağıdaki lisans programlarından birinden mezun olmak. | 5135 - Ziraat Mühendisliği | 4831 - Aşağıdaki lisans programlarından birinden mezun olmak. | 3202 - Hayvansal Üretim | 8258 - Süt Teknolojisi | 8289 - Zootekni / Zooteknik | 4845 - Aşağıdaki lisans programlarından birinden mezun olmak. | 3385 - Tarla Bitkileri | 3386 - Toprak | 4212 - Bahçe ve Tarla Bitkileri | 6131 - Bitkisel Üretim | 8147 - Bahçe Bitkileri | 8158 - Bitki Koruma | 9048 - Toprak Bilimi ve Bitki Besleme | 9269 - Bitkisel Üretim ve Teknolojileri | 4846 - Aşağıdaki lisans programlarından birinden mezun olmak. | 9114 - Biyosistem Mühendisliği | 4853 - Aşağıdaki lisans programlarından birinden mezun olmak. | 3325 - Tarım Teknolojisi | 3383 - Tarım Makineleri | 3384 - Tarımsal Yapılar ve Sulama | 8221 - Kültürteknik | 8263 - Tarımsal Mekanizasyon | 4854 - Aşağıdaki lisans programlarından birinden mezun olmak. | 9106 - Tarımsal Biyoteknoloji | 4857 - Aşağıdaki lisans programlarından birinden mezun olmak. | 3382 - Tarım Ekonomisi | 8261 - Tarım İşletmeciliği;a391f06c-c25b-eb11-80fa-a0369f7d1484
2020;72;390181721;Tarım ve Orman Bakanlığı Çankırı İl Müdürlüğü Orta İlçe Müdürlüğü;Veteriner Hekim;Çankırı;Lisans;1;0;;;"4607;6373";4607 - Aşağıdaki lisans programlarından birinden mezun olmak. | 6373 - Veteriner;9c91f06c-c25b-eb11-80fa-a0369f7d1484
2020;72;390181722;Tarım ve Orman Bakanlığı Çankırı İl Müdürlüğü Şabanözü İlçe Müdürlüğü;Veteriner Hekim;Çankırı;Lisans;1;0;;;"4607;6373";4607 - Aşağıdaki lisans programlarından birinden mezun olmak. | 6373 - Veteriner;9d91f06c-c25b-eb11-80fa-a0369f7d1484
2020;72;390181096;Tarım ve Orman Bakanlığı Çankırı İl Müdürlüğü Yapraklı İlçe Müdürlüğü;Mühendis (Ziraat);Çankırı;Lisans;1;1;;;"4825;5135;4831;3202;8258;8289;4845;3385;3386;4212;6131;8147;8158;9048;9269;4846;9114;4853;3325;3383;3384;8221;8263;4854;9106;4857;3382;8261";4825 - Aşağıdaki lisans programlarından birinden mezun olmak. | 5135 - Ziraat Mühendisliği | 4831 - Aşağıdaki lisans programlarından birinden mezun olmak. | 3202 - Hayvansal Üretim | 8258 - Süt Teknolojisi | 8289 - Zootekni / Zooteknik | 4845 - Aşağıdaki lisans programlarından birinden mezun olmak. | 3385 - Tarla Bitkileri | 3386 - Toprak | 4212 - Bahçe ve Tarla Bitkileri | 6131 - Bitkisel Üretim | 8147 - Bahçe Bitkileri | 8158 - Bitki Koruma | 9048 - Toprak Bilimi ve Bitki Besleme | 9269 - Bitkisel Üretim ve Teknolojileri | 4846 - Aşağıdaki lisans programlarından birinden mezun olmak. | 9114 - Biyosistem Mühendisliği | 4853 - Aşağıdaki lisans programlarından birinden mezun olmak. | 3325 - Tarım Teknolojisi | 3383 - Tarım Makineleri | 3384 - Tarımsal Yapılar ve Sulama | 8221 - Kültürteknik | 8263 - Tarımsal Mekanizasyon | 4854 - Aşağıdaki lisans programlarından birinden mezun olmak. | 9106 - Tarımsal Biyoteknoloji | 4857 - Aşağıdaki lisans programlarından birinden mezun olmak. | 3382 - Tarım Ekonomisi | 8261 - Tarım İşletmeciliği;a491f06c-c25b-eb11-80fa-a0369f7d1484
2020;72;390181359;Tarım ve Orman Bakanlığı Çorum Gıda Kontrol Laboratuvar Müdürlüğü;Mühendis (Gıda);Çorum;Lisans;3;1;;;"4799;3191";4799 - Aşağıdaki lisans programlarından birinden mezun olmak. | 3191 - Gıda Mühendisliği;ad91f06c-c25b-eb11-80fa-a0369f7d1484
2020;72;390181097;Tarım ve Orman Bakanlığı Çorum İl Müdürlüğü Bayat İlçe Müdürlüğü;Mühendis (Ziraat);Çorum;Lisans;1;1;;;"4825;5135;4831;3202;8258;8289;4845;3385;3386;4212;6131;8147;8158;9048;9269;4846;9114;4853;3325;3383;3384;8221;8263;4854;9106;4857;3382;8261";4825 - Aşağıdaki lisans programlarından birinden mezun olmak. | 5135 - Ziraat Mühendisliği | 4831 - Aşağıdaki lisans programlarından birinden mezun olmak. | 3202 - Hayvansal Üretim | 8258 - Süt Teknolojisi | 8289 - Zootekni / Zooteknik | 4845 - Aşağıdaki lisans programlarından birinden mezun olmak. | 3385 - Tarla Bitkileri | 3386 - Toprak | 4212 - Bahçe ve Tarla Bitkileri | 6131 - Bitkisel Üretim | 8147 - Bahçe Bitkileri | 8158 - Bitki Koruma | 9048 - Toprak Bilimi ve Bitki Besleme | 9269 - Bitkisel Üretim ve Teknolojileri | 4846 - Aşağıdaki lisans programlarından birinden mezun olmak. | 9114 - Biyosistem Mühendisliği | 4853 - Aşağıdaki lisans programlarından birinden mezun olmak. | 3325 - Tarım Teknolojisi | 3383 - Tarım Makineleri | 3384 - Tarımsal Yapılar ve Sulama | 8221 - Kültürteknik | 8263 - Tarımsal Mekanizasyon | 4854 - Aşağıdaki lisans programlarından birinden mezun olmak. | 9106 - Tarımsal Biyoteknoloji | 4857 - Aşağıdaki lisans programlarından birinden mezun olmak. | 3382 - Tarım Ekonomisi | 8261 - Tarım İşletmeciliği;a591f06c-c25b-eb11-80fa-a0369f7d1484
2020;72;390181098;Tarım ve Orman Bakanlığı Çorum İl Müdürlüğü Boğazkale İlçe Müdürlüğü;Mühendis (Ziraat);Çorum;Lisans;1;1;;;"4825;5135;4831;3202;8258;8289;4845;3385;3386;4212;6131;8147;8158;9048;9269;4846;9114;4853;3325;3383;3384;8221;8263;4854;9106;4857;3382;8261";4825 - Aşağıdaki lisans programlarından birinden mezun olmak. | 5135 - Ziraat Mühendisliği | 4831 - Aşağıdaki lisans programlarından birinden mezun olmak. | 3202 - Hayvansal Üretim | 8258 - Süt Teknolojisi | 8289 - Zootekni / Zooteknik | 4845 - Aşağıdaki lisans programlarından birinden mezun olmak. | 3385 - Tarla Bitkileri | 3386 - Toprak | 4212 - Bahçe ve Tarla Bitkileri | 6131 - Bitkisel Üretim | 8147 - Bahçe Bitkileri | 8158 - Bitki Koruma | 9048 - Toprak Bilimi ve Bitki Besleme | 9269 - Bitkisel Üretim ve Teknolojileri | 4846 - Aşağıdaki lisans programlarından birinden mezun olmak. | 9114 - Biyosistem Mühendisliği | 4853 - Aşağıdaki lisans programlarından birinden mezun olmak. | 3325 - Tarım Teknolojisi | 3383 - Tarım Makineleri | 3384 - Tarımsal Yapılar ve Sulama | 8221 - Kültürteknik | 8263 - Tarımsal Mekanizasyon | 4854 - Aşağıdaki lisans programlarından birinden mezun olmak. | 9106 - Tarımsal Biyoteknoloji | 4857 - Aşağıdaki lisans programlarından birinden mezun olmak. | 3382 - Tarım Ekonomisi | 8261 - Tarım İşletmeciliği;a691f06c-c25b-eb11-80fa-a0369f7d1484
2020;72;390181723;Tarım ve Orman Bakanlığı Çorum İl Müdürlüğü Boğazkale İlçe Müdürlüğü;Veteriner Hekim;Çorum;Lisans;1;0;;;"4607;6373";4607 - Aşağıdaki lisans programlarından birinden mezun olmak. | 6373 - Veteriner;b291f06c-c25b-eb11-80fa-a0369f7d1484
2020;72;390181360;Tarım ve Orman Bakanlığı Çorum İl Müdürlüğü Gıda ve Yem Şube Müdürlüğü;Mühendis (Gıda);Çorum;Lisans;1;2;;;"4799;3191";4799 - Aşağıdaki lisans programlarından birinden mezun olmak. | 3191 - Gıda Mühendisliği;ae91f06c-c25b-eb11-80fa-a0369f7d1484
2020;72;390181099;Tarım ve Orman Bakanlığı Çorum İl Müdürlüğü İskilip İlçe Müdürlüğü;Mühendis (Ziraat);Çorum;Lisans;1;2;;;"4825;5135;4831;3202;8258;8289;4845;3385;3386;4212;6131;8147;8158;9048;9269;4846;9114;4853;3325;3383;3384;8221;8263;4854;9106;4857;3382;8261";4825 - Aşağıdaki lisans programlarından birinden mezun olmak. | 5135 - Ziraat Mühendisliği | 4831 - Aşağıdaki lisans programlarından birinden mezun olmak. | 3202 - Hayvansal Üretim | 8258 - Süt Teknolojisi | 8289 - Zootekni / Zooteknik | 4845 - Aşağıdaki lisans programlarından birinden mezun olmak. | 3385 - Tarla Bitkileri | 3386 - Toprak | 4212 - Bahçe ve Tarla Bitkileri | 6131 - Bitkisel Üretim | 8147 - Bahçe Bitkileri | 8158 - Bitki Koruma | 9048 - Toprak Bilimi ve Bitki Besleme | 9269 - Bitkisel Üretim ve Teknolojileri | 4846 - Aşağıdaki lisans programlarından birinden mezun olmak. | 9114 - Biyosistem Mühendisliği | 4853 - Aşağıdaki lisans programlarından birinden mezun olmak. | 3325 - Tarım Teknolojisi | 3383 - Tarım Makineleri | 3384 - Tarımsal Yapılar ve Sulama | 8221 - Kültürteknik | 8263 - Tarımsal Mekanizasyon | 4854 - Aşağıdaki lisans programlarından birinden mezun olmak. | 9106 - Tarımsal Biyoteknoloji | 4857 - Aşağıdaki lisans programlarından birinden mezun olmak. | 3382 - Tarım Ekonomisi | 8261 - Tarım İşletmeciliği;a791f06c-c25b-eb11-80fa-a0369f7d1484
2020;72;390181361;Tarım ve Orman Bakanlığı Çorum İl Müdürlüğü İskilip İlçe Müdürlüğü;Mühendis (Gıda);Çorum;Lisans;1;0;;;"4799;3191";4799 - Aşağıdaki lisans programlarından birinden mezun olmak. | 3191 - Gıda Mühendisliği;af91f06c-c25b-eb11-80fa-a0369f7d1484
2020;72;390181724;Tarım ve Orman Bakanlığı Çorum İl Müdürlüğü İskilip İlçe Müdürlüğü;Veteriner Hekim;Çorum;Lisans;2;0;;;"4607;6373";4607 - Aşağıdaki lisans programlarından birinden mezun olmak. | 6373 - Veteriner;b391f06c-c25b-eb11-80fa-a0369f7d1484
2020;72;390181100;Tarım ve Orman Bakanlığı Çorum İl Müdürlüğü Kargı İlçe Müdürlüğü;Mühendis (Ziraat);Çorum;Lisans;1;1;;;"4825;5135;4831;3202;8258;8289;4845;3385;3386;4212;6131;8147;8158;9048;9269;4846;9114;4853;3325;3383;3384;8221;8263;4854;9106;4857;3382;8261";4825 - Aşağıdaki lisans programlarından birinden mezun olmak. | 5135 - Ziraat Mühendisliği | 4831 - Aşağıdaki lisans programlarından birinden mezun olmak. | 3202 - Hayvansal Üretim | 8258 - Süt Teknolojisi | 8289 - Zootekni / Zooteknik | 4845 - Aşağıdaki lisans programlarından birinden mezun olmak. | 3385 - Tarla Bitkileri | 3386 - Toprak | 4212 - Bahçe ve Tarla Bitkileri | 6131 - Bitkisel Üretim | 8147 - Bahçe Bitkileri | 8158 - Bitki Koruma | 9048 - Toprak Bilimi ve Bitki Besleme | 9269 - Bitkisel Üretim ve Teknolojileri | 4846 - Aşağıdaki lisans programlarından birinden mezun olmak. | 9114 - Biyosistem Mühendisliği | 4853 - Aşağıdaki lisans programlarından birinden mezun olmak. | 3325 - Tarım Teknolojisi | 3383 - Tarım Makineleri | 3384 - Tarımsal Yapılar ve Sulama | 8221 - Kültürteknik | 8263 - Tarımsal Mekanizasyon | 4854 - Aşağıdaki lisans programlarından birinden mezun olmak. | 9106 - Tarımsal Biyoteknoloji | 4857 - Aşağıdaki lisans programlarından birinden mezun olmak. | 3382 - Tarım Ekonomisi | 8261 - Tarım İşletmeciliği;a891f06c-c25b-eb11-80fa-a0369f7d1484
2020;72;390181725;Tarım ve Orman Bakanlığı Çorum İl Müdürlüğü Kargı İlçe Müdürlüğü;Veteriner Hekim;Çorum;Lisans;1;0;;;"4607;6373";4607 - Aşağıdaki lisans programlarından birinden mezun olmak. | 6373 - Veteriner;b491f06c-c25b-eb11-80fa-a0369f7d1484
2020;72;390181362;Tarım ve Orman Bakanlığı Çorum İl Müdürlüğü Osmancık İlçe Müdürlüğü;Mühendis (Gıda);Çorum;Lisans;1;0;;;"4799;3191";4799 - Aşağıdaki lisans programlarından birinden mezun olmak. | 3191 - Gıda Mühendisliği;b091f06c-c25b-eb11-80fa-a0369f7d1484
2020;72;390181363;Tarım ve Orman Bakanlığı Çorum İl Müdürlüğü Sungurlu İlçe Müdürlüğü;Mühendis (Gıda);Çorum;Lisans;1;1;;;"4799;3191";4799 - Aşağıdaki lisans programlarından birinden mezun olmak. | 3191 - Gıda Mühendisliği;b191f06c-c25b-eb11-80fa-a0369f7d1484
2020;72;390181726;Tarım ve Orman Bakanlığı Çorum İl Müdürlüğü Sungurlu İlçe Müdürlüğü;Veteriner Hekim;Çorum;Lisans;4;0;;;"4607;6373";4607 - Aşağıdaki lisans programlarından birinden mezun olmak. | 6373 - Veteriner;b591f06c-c25b-eb11-80fa-a0369f7d1484
2020;72;390181727;Tarım ve Orman Bakanlığı Çorum İl Müdürlüğü Uğurludağ İlçe Müdürlüğü;Veteriner Hekim;Çorum;Lisans;1;0;;;"4607;6373";4607 - Aşağıdaki lisans programlarından birinden mezun olmak. | 6373 - Veteriner;b691f06c-c25b-eb11-80fa-a0369f7d1484
2020;72;390181364;Tarım ve Orman Bakanlığı Denizli Gıda Kontrol Laboratuvar Müdürlüğü;Mühendis (Gıda);Denizli;Lisans;3;2;;;"4799;3191";4799 - Aşağıdaki lisans programlarından birinden mezun olmak. | 3191 - Gıda Mühendisliği;b891f06c-c25b-eb11-80fa-a0369f7d1484
2020;72;390181101;Tarım ve Orman Bakanlığı Denizli İl Müdürlüğü Baklan İlçe Müdürlüğü;Mühendis (Ziraat);Denizli;Lisans;2;5;;;"4825;5135;4831;3202;8258;8289;4845;3385;3386;4212;6131;8147;8158;9048;9269;4846;9114;4853;3325;3383;3384;8221;8263;4854;9106;4857;3382;8261";4825 - Aşağıdaki lisans programlarından birinden mezun olmak. | 5135 - Ziraat Mühendisliği | 4831 - Aşağıdaki lisans programlarından birinden mezun olmak. | 3202 - Hayvansal Üretim | 8258 - Süt Teknolojisi | 8289 - Zootekni / Zooteknik | 4845 - Aşağıdaki lisans programlarından birinden mezun olmak. | 3385 - Tarla Bitkileri | 3386 - Toprak | 4212 - Bahçe ve Tarla Bitkileri | 6131 - Bitkisel Üretim | 8147 - Bahçe Bitkileri | 8158 - Bitki Koruma | 9048 - Toprak Bilimi ve Bitki Besleme | 9269 - Bitkisel Üretim ve Teknolojileri | 4846 - Aşağıdaki lisans programlarından birinden mezun olmak. | 9114 - Biyosistem Mühendisliği | 4853 - Aşağıdaki lisans programlarından birinden mezun olmak. | 3325 - Tarım Teknolojisi | 3383 - Tarım Makineleri | 3384 - Tarımsal Yapılar ve Sulama | 8221 - Kültürteknik | 8263 - Tarımsal Mekanizasyon | 4854 - Aşağıdaki lisans programlarından birinden mezun olmak. | 9106 - Tarımsal Biyoteknoloji | 4857 - Aşağıdaki lisans programlarından birinden mezun olmak. | 3382 - Tarım Ekonomisi | 8261 - Tarım İşletmeciliği;c291f06c-c25b-eb11-80fa-a0369f7d1484
2020;72;390181575;Tarım ve Orman Bakanlığı Denizli İl Müdürlüğü Balıkçılık ve Su Ürünleri Şube Müdürlüğü;Mühendis (Su Ürünleri);Denizli;Lisans;1;1;;;"4819;3202;3320;8337";4819 - Aşağıdaki lisans programlarından birinden mezun olmak. | 3202 - Hayvansal Üretim | 3320 - Su Ürünleri | 8337 - Su Ürünleri Mühendisliği;b791f06c-c25b-eb11-80fa-a0369f7d1484
2020;72;390181102;Tarım ve Orman Bakanlığı Denizli İl Müdürlüğü Bekilli İlçe Müdürlüğü;Mühendis (Ziraat);Denizli;Lisans;1;4;;;"4825;5135;4831;3202;8258;8289;4845;3385;3386;4212;6131;8147;8158;9048;9269;4846;9114;4853;3325;3383;3384;8221;8263;4854;9106;4857;3382;8261";4825 - Aşağıdaki lisans programlarından birinden mezun olmak. | 5135 - Ziraat Mühendisliği | 4831 - Aşağıdaki lisans programlarından birinden mezun olmak. | 3202 - Hayvansal Üretim | 8258 - Süt Teknolojisi | 8289 - Zootekni / Zooteknik | 4845 - Aşağıdaki lisans programlarından birinden mezun olmak. | 3385 - Tarla Bitkileri | 3386 - Toprak | 4212 - Bahçe ve Tarla Bitkileri | 6131 - Bitkisel Üretim | 8147 - Bahçe Bitkileri | 8158 - Bitki Koruma | 9048 - Toprak Bilimi ve Bitki Besleme | 9269 - Bitkisel Üretim ve Teknolojileri | 4846 - Aşağıdaki lisans programlarından birinden mezun olmak. | 9114 - Biyosistem Mühendisliği | 4853 - Aşağıdaki lisans programlarından birinden mezun olmak. | 3325 - Tarım Teknolojisi | 3383 - Tarım Makineleri | 3384 - Tarımsal Yapılar ve Sulama | 8221 - Kültürteknik | 8263 - Tarımsal Mekanizasyon | 4854 - Aşağıdaki lisans programlarından birinden mezun olmak. | 9106 - Tarımsal Biyoteknoloji | 4857 - Aşağıdaki lisans programlarından birinden mezun olmak. | 3382 - Tarım Ekonomisi | 8261 - Tarım İşletmeciliği;c391f06c-c25b-eb11-80fa-a0369f7d1484
2020;72;390181103;Tarım ve Orman Bakanlığı Denizli İl Müdürlüğü Beyağaç İlçe Müdürlüğü;Mühendis (Ziraat);Denizli;Lisans;1;5;;;"4825;5135;4831;3202;8258;8289;4845;3385;3386;4212;6131;8147;8158;9048;9269;4846;9114;4853;3325;3383;3384;8221;8263;4854;9106;4857;3382;8261";4825 - Aşağıdaki lisans programlarından birinden mezun olmak. | 5135 - Ziraat Mühendisliği | 4831 - Aşağıdaki lisans programlarından birinden mezun olmak. | 3202 - Hayvansal Üretim | 8258 - Süt Teknolojisi | 8289 - Zootekni / Zooteknik | 4845 - Aşağıdaki lisans programlarından birinden mezun olmak. | 3385 - Tarla Bitkileri | 3386 - Toprak | 4212 - Bahçe ve Tarla Bitkileri | 6131 - Bitkisel Üretim | 8147 - Bahçe Bitkileri | 8158 - Bitki Koruma | 9048 - Toprak Bilimi ve Bitki Besleme | 9269 - Bitkisel Üretim ve Teknolojileri | 4846 - Aşağıdaki lisans programlarından birinden mezun olmak. | 9114 - Biyosistem Mühendisliği | 4853 - Aşağıdaki lisans programlarından birinden mezun olmak. | 3325 - Tarım Teknolojisi | 3383 - Tarım Makineleri | 3384 - Tarımsal Yapılar ve Sulama | 8221 - Kültürteknik | 8263 - Tarımsal Mekanizasyon | 4854 - Aşağıdaki lisans programlarından birinden mezun olmak. | 9106 - Tarımsal Biyoteknoloji | 4857 - Aşağıdaki lisans programlarından birinden mezun olmak. | 3382 - Tarım Ekonomisi | 8261 - Tarım İşletmeciliği;c491f06c-c25b-eb11-80fa-a0369f7d1484
2020;72;390181365;Tarım ve Orman Bakanlığı Denizli İl Müdürlüğü Buldan İlçe Müdürlüğü;Mühendis (Gıda);Denizli;Lisans;1;0;;;"4799;3191";4799 - Aşağıdaki lisans programlarından birinden mezun olmak. | 3191 - Gıda Mühendisliği;b991f06c-c25b-eb11-80fa-a0369f7d1484
2020;72;390181366;Tarım ve Orman Bakanlığı Denizli İl Müdürlüğü Çal İlçe Müdürlüğü;Mühendis (Gıda);Denizli;Lisans;1;0;;;"4799;3191";4799 - Aşağıdaki lisans programlarından birinden mezun olmak. | 3191 - Gıda Mühendisliği;ba91f06c-c25b-eb11-80fa-a0369f7d1484
2020;72;390181367;Tarım ve Orman Bakanlığı Denizli İl Müdürlüğü Çameli İlçe Müdürlüğü;Mühendis (Gıda);Denizli;Lisans;1;0;;;"4799;3191";4799 - Aşağıdaki lisans programlarından birinden mezun olmak. | 3191 - Gıda Mühendisliği;bb91f06c-c25b-eb11-80fa-a0369f7d1484
2020;72;390181104;Tarım ve Orman Bakanlığı Denizli İl Müdürlüğü Kale İlçe Müdürlüğü;Mühendis (Ziraat);Denizli;Lisans;1;5;;;"4825;5135;4831;3202;8258;8289;4845;3385;3386;4212;6131;8147;8158;9048;9269;4846;9114;4853;3325;3383;3384;8221;8263;4854;9106;4857;3382;8261";4825 - Aşağıdaki lisans programlarından birinden mezun olmak. | 5135 - Ziraat Mühendisliği | 4831 - Aşağıdaki lisans programlarından birinden mezun olmak. | 3202 - Hayvansal Üretim | 8258 - Süt Teknolojisi | 8289 - Zootekni / Zooteknik | 4845 - Aşağıdaki lisans programlarından birinden mezun olmak. | 3385 - Tarla Bitkileri | 3386 - Toprak | 4212 - Bahçe ve Tarla Bitkileri | 6131 - Bitkisel Üretim | 8147 - Bahçe Bitkileri | 8158 - Bitki Koruma | 9048 - Toprak Bilimi ve Bitki Besleme | 9269 - Bitkisel Üretim ve Teknolojileri | 4846 - Aşağıdaki lisans programlarından birinden mezun olmak. | 9114 - Biyosistem Mühendisliği | 4853 - Aşağıdaki lisans programlarından birinden mezun olmak. | 3325 - Tarım Teknolojisi | 3383 - Tarım Makineleri | 3384 - Tarımsal Yapılar ve Sulama | 8221 - Kültürteknik | 8263 - Tarımsal Mekanizasyon | 4854 - Aşağıdaki lisans programlarından birinden mezun olmak. | 9106 - Tarımsal Biyoteknoloji | 4857 - Aşağıdaki lisans programlarından birinden mezun olmak. | 3382 - Tarım Ekonomisi | 8261 - Tarım İşletmeciliği;c591f06c-c25b-eb11-80fa-a0369f7d1484
2020;72;390181368;Tarım ve Orman Bakanlığı Denizli İl Müdürlüğü Kale İlçe Müdürlüğü;Mühendis (Gıda);Denizli;Lisans;1;1;;;"4799;3191";4799 - Aşağıdaki lisans programlarından birinden mezun olmak. | 3191 - Gıda Mühendisliği;bc91f06c-c25b-eb11-80fa-a0369f7d1484
2020;72;390181369;Tarım ve Orman Bakanlığı Denizli İl Müdürlüğü Sarayköy İlçe Müdürlüğü;Mühendis (Gıda);Denizli;Lisans;1;1;;;"4799;3191";4799 - Aşağıdaki lisans programlarından birinden mezun olmak. | 3191 - Gıda Mühendisliği;bd91f06c-c25b-eb11-80fa-a0369f7d1484
2020;72;390181370;Tarım ve Orman Bakanlığı Denizli İl Müdürlüğü Serinhisar İlçe Müdürlüğü;Mühendis (Gıda);Denizli;Lisans;1;1;;;"4799;3191";4799 - Aşağıdaki lisans programlarından birinden mezun olmak. | 3191 - Gıda Mühendisliği;be91f06c-c25b-eb11-80fa-a0369f7d1484
2020;72;390181646;Tarım ve Orman Bakanlığı Destek Hizmetleri Dairesi Başkanlığı;Mühendis (İnşaat);Ankara;Lisans;2;1;;;"4669;3221";4669 - Aşağıdaki lisans programlarından birinden mezun olmak. | 3221 - İnşaat Mühendisliği;1b91f06c-c25b-eb11-80fa-a0369f7d1484
2020;72;390181647;Tarım ve Orman Bakanlığı Destek Hizmetleri Dairesi Başkanlığı;Mühendis (Makina);Ankara;Lisans;1;2;;;"4639;3252;4314";4639 - Aşağıdaki lisans programlarından birinden mezun olmak. | 3252 - Makine Mühendisliği | 4314 - Makine ve İmalat Mühendisliği;1c91f06c-c25b-eb11-80fa-a0369f7d1484
2020;72;390181371;Tarım ve Orman Bakanlığı Diyarbakır İl Müdürlüğü Bağlar İlçe Müdürlüğü;Mühendis (Gıda);Diyarbakır;Lisans;3;1;;;"4799;3191";4799 - Aşağıdaki lisans programlarından birinden mezun olmak. | 3191 - Gıda Mühendisliği;c691f06c-c25b-eb11-80fa-a0369f7d1484
2020;72;390181372;Tarım ve Orman Bakanlığı Diyarbakır İl Müdürlüğü Bismil İlçe Müdürlüğü;Mühendis (Gıda);Diyarbakır;Lisans;2;1;;;"4799;3191";4799 - Aşağıdaki lisans programlarından birinden mezun olmak. | 3191 - Gıda Mühendisliği;c791f06c-c25b-eb11-80fa-a0369f7d1484
2020;72;390181373;Tarım ve Orman Bakanlığı Diyarbakır İl Müdürlüğü Çermik İlçe Müdürlüğü;Mühendis (Gıda);Diyarbakır;Lisans;1;0;;;"4799;3191";4799 - Aşağıdaki lisans programlarından birinden mezun olmak. | 3191 - Gıda Mühendisliği;c891f06c-c25b-eb11-80fa-a0369f7d1484
2020;72;390181374;Tarım ve Orman Bakanlığı Diyarbakır İl Müdürlüğü Ergani İlçe Müdürlüğü;Mühendis (Gıda);Diyarbakır;Lisans;2;0;;;"4799;3191";4799 - Aşağıdaki lisans programlarından birinden mezun olmak. | 3191 - Gıda Mühendisliği;c991f06c-c25b-eb11-80fa-a0369f7d1484
2020;72;390181375;Tarım ve Orman Bakanlığı Diyarbakır İl Müdürlüğü Gıda ve Yem Şube Müdürlüğü;Mühendis (Gıda);Diyarbakır;Lisans;2;0;;;"4799;3191";4799 - Aşağıdaki lisans programlarından birinden mezun olmak. | 3191 - Gıda Mühendisliği;ca91f06c-c25b-eb11-80fa-a0369f7d1484
2020;72;390181376;Tarım ve Orman Bakanlığı Diyarbakır İl Müdürlüğü Kayapınar İlçe Müdürlüğü;Mühendis (Gıda);Diyarbakır;Lisans;1;0;;;"4799;3191";4799 - Aşağıdaki lisans programlarından birinden mezun olmak. | 3191 - Gıda Mühendisliği;cb91f06c-c25b-eb11-80fa-a0369f7d1484
2020;72;390181377;Tarım ve Orman Bakanlığı Diyarbakır İl Müdürlüğü Silvan İlçe Müdürlüğü;Mühendis (Gıda);Diyarbakır;Lisans;1;0;;;"4799;3191";4799 - Aşağıdaki lisans programlarından birinden mezun olmak. | 3191 - Gıda Mühendisliği;cc91f06c-c25b-eb11-80fa-a0369f7d1484
2020;72;390181378;Tarım ve Orman Bakanlığı Diyarbakır İl Müdürlüğü Sur İlçe Müdürlüğü;Mühendis (Gıda);Diyarbakır;Lisans;1;0;;;"4799;3191";4799 - Aşağıdaki lisans programlarından birinden mezun olmak. | 3191 - Gıda Mühendisliği;cd91f06c-c25b-eb11-80fa-a0369f7d1484
2020;72;390181728;Tarım ve Orman Bakanlığı Doğu Akdeniz Tarımsal Araştırma Enstitüsü Müdürlüğü Adana;Veteriner Hekim;Adana;Lisans;1;0;;;"4607;6373";4607 - Aşağıdaki lisans programlarından birinden mezun olmak. | 6373 - Veteriner;c790f06c-c25b-eb11-80fa-a0369f7d1484
2020;72;390181729;Tarım ve Orman Bakanlığı Doğu Anadolu Tarımsal Araştırma Enstitüsü Müdürlüğü Erzurum;Veteriner Hekim;Erzurum;Lisans;2;1;;;"4607;6373";4607 - Aşağıdaki lisans programlarından birinden mezun olmak. | 6373 - Veteriner;0992f06c-c25b-eb11-80fa-a0369f7d1484
2020;72;390181576;Tarım ve Orman Bakanlığı Düzce İl Müdürlüğü Gölyaka İlçe Müdürlüğü;Mühendis (Su Ürünleri);Düzce;Lisans;1;0;;;"4819;3202;3320;8337";4819 - Aşağıdaki lisans programlarından birinden mezun olmak. | 3202 - Hayvansal Üretim | 3320 - Su Ürünleri | 8337 - Su Ürünleri Mühendisliği;1f95f06c-c25b-eb11-80fa-a0369f7d1484
2020;72;390181105;Tarım ve Orman Bakanlığı Düzce İl Müdürlüğü Yığılca İlçe Müdürlüğü;Mühendis (Ziraat);Düzce;Lisans;1;1;;;"4825;5135;4831;3202;8258;8289;4845;3385;3386;4212;6131;8147;8158;9048;9269;4846;9114;4853;3325;3383;3384;8221;8263;4854;9106;4857;3382;8261";4825 - Aşağıdaki lisans programlarından birinden mezun olmak. | 5135 - Ziraat Mühendisliği | 4831 - Aşağıdaki lisans programlarından birinden mezun olmak. | 3202 - Hayvansal Üretim | 8258 - Süt Teknolojisi | 8289 - Zootekni / Zooteknik | 4845 - Aşağıdaki lisans programlarından birinden mezun olmak. | 3385 - Tarla Bitkileri | 3386 - Toprak | 4212 - Bahçe ve Tarla Bitkileri | 6131 - Bitkisel Üretim | 8147 - Bahçe Bitkileri | 8158 - Bitki Koruma | 9048 - Toprak Bilimi ve Bitki Besleme | 9269 - Bitkisel Üretim ve Teknolojileri | 4846 - Aşağıdaki lisans programlarından birinden mezun olmak. | 9114 - Biyosistem Mühendisliği | 4853 - Aşağıdaki lisans programlarından birinden mezun olmak. | 3325 - Tarım Teknolojisi | 3383 - Tarım Makineleri | 3384 - Tarımsal Yapılar ve Sulama | 8221 - Kültürteknik | 8263 - Tarımsal Mekanizasyon | 4854 - Aşağıdaki lisans programlarından birinden mezun olmak. | 9106 - Tarımsal Biyoteknoloji | 4857 - Aşağıdaki lisans programlarından birinden mezun olmak. | 3382 - Tarım Ekonomisi | 8261 - Tarım İşletmeciliği;1d95f06c-c25b-eb11-80fa-a0369f7d1484
2020;72;390181730;Tarım ve Orman Bakanlığı Düzce İl Müdürlüğü Yığılca İlçe Müdürlüğü;Veteriner Hekim;Düzce;Lisans;1;0;;;"4607;6373";4607 - Aşağıdaki lisans programlarından birinden mezun olmak. | 6373 - Veteriner;1e95f06c-c25b-eb11-80fa-a0369f7d1484
2020;72;390181379;Tarım ve Orman Bakanlığı Edirne Gıda Kontrol Laboratuvar Müdürlüğü;Mühendis (Gıda);Edirne;Lisans;1;0;;;"4799;3191";4799 - Aşağıdaki lisans programlarından birinden mezun olmak. | 3191 - Gıda Mühendisliği;ce91f06c-c25b-eb11-80fa-a0369f7d1484
2020;72;390181731;Tarım ve Orman Bakanlığı Edirne İl Müdürlüğü Enez İlçe Müdürlüğü;Veteriner Hekim;Edirne;Lisans;1;0;;;"4607;6373";4607 - Aşağıdaki lisans programlarından birinden mezun olmak. | 6373 - Veteriner;da91f06c-c25b-eb11-80fa-a0369f7d1484
2020;72;390181577;Tarım ve Orman Bakanlığı Edirne İl Müdürlüğü Havsa İlçe Müdürlüğü;Mühendis (Su Ürünleri);Edirne;Lisans;1;0;;;"4819;3202;3320;8337";4819 - Aşağıdaki lisans programlarından birinden mezun olmak. | 3202 - Hayvansal Üretim | 3320 - Su Ürünleri | 8337 - Su Ürünleri Mühendisliği;d691f06c-c25b-eb11-80fa-a0369f7d1484
2020;72;390181106;Tarım ve Orman Bakanlığı Edirne İl Müdürlüğü İpsala İlçe Müdürlüğü;Mühendis (Ziraat);Edirne;Lisans;3;1;;;"4825;5135;4831;3202;8258;8289;4845;3385;3386;4212;6131;8147;8158;9048;9269;4846;9114;4853;3325;3383;3384;8221;8263;4854;9106;4857;3382;8261";4825 - Aşağıdaki lisans programlarından birinden mezun olmak. | 5135 - Ziraat Mühendisliği | 4831 - Aşağıdaki lisans programlarından birinden mezun olmak. | 3202 - Hayvansal Üretim | 8258 - Süt Teknolojisi | 8289 - Zootekni / Zooteknik | 4845 - Aşağıdaki lisans programlarından birinden mezun olmak. | 3385 - Tarla Bitkileri | 3386 - Toprak | 4212 - Bahçe ve Tarla Bitkileri | 6131 - Bitkisel Üretim | 8147 - Bahçe Bitkileri | 8158 - Bitki Koruma | 9048 - Toprak Bilimi ve Bitki Besleme | 9269 - Bitkisel Üretim ve Teknolojileri | 4846 - Aşağıdaki lisans programlarından birinden mezun olmak. | 9114 - Biyosistem Mühendisliği | 4853 - Aşağıdaki lisans programlarından birinden mezun olmak. | 3325 - Tarım Teknolojisi | 3383 - Tarım Makineleri | 3384 - Tarımsal Yapılar ve Sulama | 8221 - Kültürteknik | 8263 - Tarımsal Mekanizasyon | 4854 - Aşağıdaki lisans programlarından birinden mezun olmak. | 9106 - Tarımsal Biyoteknoloji | 4857 - Aşağıdaki lisans programlarından birinden mezun olmak. | 3382 - Tarım Ekonomisi | 8261 - Tarım İşletmeciliği;d191f06c-c25b-eb11-80fa-a0369f7d1484
2020;72;390181380;Tarım ve Orman Bakanlığı Edirne İl Müdürlüğü İpsala İlçe Müdürlüğü;Mühendis (Gıda);Edirne;Lisans;1;0;;;"4799;3191";4799 - Aşağıdaki lisans programlarından birinden mezun olmak. | 3191 - Gıda Mühendisliği;cf91f06c-c25b-eb11-80fa-a0369f7d1484
2020;72;390181578;Tarım ve Orman Bakanlığı Edirne İl Müdürlüğü İpsala İlçe Müdürlüğü;Mühendis (Su Ürünleri);Edirne;Lisans;1;0;;;"4819;3202;3320;8337";4819 - Aşağıdaki lisans programlarından birinden mezun olmak. | 3202 - Hayvansal Üretim | 3320 - Su Ürünleri | 8337 - Su Ürünleri Mühendisliği;d791f06c-c25b-eb11-80fa-a0369f7d1484
2020;72;390181732;Tarım ve Orman Bakanlığı Edirne İl Müdürlüğü İpsala İlçe Müdürlüğü;Veteriner Hekim;Edirne;Lisans;1;0;;;"4607;6373";4607 - Aşağıdaki lisans programlarından birinden mezun olmak. | 6373 - Veteriner;db91f06c-c25b-eb11-80fa-a0369f7d1484
2020;72;390181107;Tarım ve Orman Bakanlığı Edirne İl Müdürlüğü Keşan İlçe Müdürlüğü;Mühendis (Ziraat);Edirne;Lisans;2;0;;;"4825;5135;4831;3202;8258;8289;4845;3385;3386;4212;6131;8147;8158;9048;9269;4846;9114;4853;3325;3383;3384;8221;8263;4854;9106;4857;3382;8261";4825 - Aşağıdaki lisans programlarından birinden mezun olmak. | 5135 - Ziraat Mühendisliği | 4831 - Aşağıdaki lisans programlarından birinden mezun olmak. | 3202 - Hayvansal Üretim | 8258 - Süt Teknolojisi | 8289 - Zootekni / Zooteknik | 4845 - Aşağıdaki lisans programlarından birinden mezun olmak. | 3385 - Tarla Bitkileri | 3386 - Toprak | 4212 - Bahçe ve Tarla Bitkileri | 6131 - Bitkisel Üretim | 8147 - Bahçe Bitkileri | 8158 - Bitki Koruma | 9048 - Toprak Bilimi ve Bitki Besleme | 9269 - Bitkisel Üretim ve Teknolojileri | 4846 - Aşağıdaki lisans programlarından birinden mezun olmak. | 9114 - Biyosistem Mühendisliği | 4853 - Aşağıdaki lisans programlarından birinden mezun olmak. | 3325 - Tarım Teknolojisi | 3383 - Tarım Makineleri | 3384 - Tarımsal Yapılar ve Sulama | 8221 - Kültürteknik | 8263 - Tarımsal Mekanizasyon | 4854 - Aşağıdaki lisans programlarından birinden mezun olmak. | 9106 - Tarımsal Biyoteknoloji | 4857 - Aşağıdaki lisans programlarından birinden mezun olmak. | 3382 - Tarım Ekonomisi | 8261 - Tarım İşletmeciliği;d291f06c-c25b-eb11-80fa-a0369f7d1484
2020;72;390181733;Tarım ve Orman Bakanlığı Edirne İl Müdürlüğü Keşan İlçe Müdürlüğü;Veteriner Hekim;Edirne;Lisans;1;0;;;"4607;6373";4607 - Aşağıdaki lisans programlarından birinden mezun olmak. | 6373 - Veteriner;dc91f06c-c25b-eb11-80fa-a0369f7d1484
2020;72;390181734;Tarım ve Orman Bakanlığı Edirne İl Müdürlüğü Lalapaşa İlçe Müdürlüğü;Veteriner Hekim;Edirne;Lisans;1;0;;;"4607;6373";4607 - Aşağıdaki lisans programlarından birinden mezun olmak. | 6373 - Veteriner;dd91f06c-c25b-eb11-80fa-a0369f7d1484
2020;72;390181108;Tarım ve Orman Bakanlığı Edirne İl Müdürlüğü Meriç İlçe Müdürlüğü;Mühendis (Ziraat);Edirne;Lisans;2;0;;;"4825;5135;4831;3202;8258;8289;4845;3385;3386;4212;6131;8147;8158;9048;9269;4846;9114;4853;3325;3383;3384;8221;8263;4854;9106;4857;3382;8261";4825 - Aşağıdaki lisans programlarından birinden mezun olmak. | 5135 - Ziraat Mühendisliği | 4831 - Aşağıdaki lisans programlarından birinden mezun olmak. | 3202 - Hayvansal Üretim | 8258 - Süt Teknolojisi | 8289 - Zootekni / Zooteknik | 4845 - Aşağıdaki lisans programlarından birinden mezun olmak. | 3385 - Tarla Bitkileri | 3386 - Toprak | 4212 - Bahçe ve Tarla Bitkileri | 6131 - Bitkisel Üretim | 8147 - Bahçe Bitkileri | 8158 - Bitki Koruma | 9048 - Toprak Bilimi ve Bitki Besleme | 9269 - Bitkisel Üretim ve Teknolojileri | 4846 - Aşağıdaki lisans programlarından birinden mezun olmak. | 9114 - Biyosistem Mühendisliği | 4853 - Aşağıdaki lisans programlarından birinden mezun olmak. | 3325 - Tarım Teknolojisi | 3383 - Tarım Makineleri | 3384 - Tarımsal Yapılar ve Sulama | 8221 - Kültürteknik | 8263 - Tarımsal Mekanizasyon | 4854 - Aşağıdaki lisans programlarından birinden mezun olmak. | 9106 - Tarımsal Biyoteknoloji | 4857 - Aşağıdaki lisans programlarından birinden mezun olmak. | 3382 - Tarım Ekonomisi | 8261 - Tarım İşletmeciliği;d391f06c-c25b-eb11-80fa-a0369f7d1484
2020;72;390181381;Tarım ve Orman Bakanlığı Edirne İl Müdürlüğü Meriç İlçe Müdürlüğü;Mühendis (Gıda);Edirne;Lisans;1;0;;;"4799;3191";4799 - Aşağıdaki lisans programlarından birinden mezun olmak. | 3191 - Gıda Mühendisliği;d091f06c-c25b-eb11-80fa-a0369f7d1484
2020;72;390181579;Tarım ve Orman Bakanlığı Edirne İl Müdürlüğü Meriç İlçe Müdürlüğü;Mühendis (Su Ürünleri);Edirne;Lisans;1;0;;;"4819;3202;3320;8337";4819 - Aşağıdaki lisans programlarından birinden mezun olmak. | 3202 - Hayvansal Üretim | 3320 - Su Ürünleri | 8337 - Su Ürünleri Mühendisliği;d891f06c-c25b-eb11-80fa-a0369f7d1484
2020;72;390181735;Tarım ve Orman Bakanlığı Edirne İl Müdürlüğü Meriç İlçe Müdürlüğü;Veteriner Hekim;Edirne;Lisans;1;0;;;"4607;6373";4607 - Aşağıdaki lisans programlarından birinden mezun olmak. | 6373 - Veteriner;de91f06c-c25b-eb11-80fa-a0369f7d1484
2020;72;390181109;Tarım ve Orman Bakanlığı Edirne İl Müdürlüğü Uzunköprü İlçe Müdürlüğü;Mühendis (Ziraat);Edirne;Lisans;1;0;;;"4825;5135;4831;3202;8258;8289;4845;3385;3386;4212;6131;8147;8158;9048;9269;4846;9114;4853;3325;3383;3384;8221;8263;4854;9106;4857;3382;8261";4825 - Aşağıdaki lisans programlarından birinden mezun olmak. | 5135 - Ziraat Mühendisliği | 4831 - Aşağıdaki lisans programlarından birinden mezun olmak. | 3202 - Hayvansal Üretim | 8258 - Süt Teknolojisi | 8289 - Zootekni / Zooteknik | 4845 - Aşağıdaki lisans programlarından birinden mezun olmak. | 3385 - Tarla Bitkileri | 3386 - Toprak | 4212 - Bahçe ve Tarla Bitkileri | 6131 - Bitkisel Üretim | 8147 - Bahçe Bitkileri | 8158 - Bitki Koruma | 9048 - Toprak Bilimi ve Bitki Besleme | 9269 - Bitkisel Üretim ve Teknolojileri | 4846 - Aşağıdaki lisans programlarından birinden mezun olmak. | 9114 - Biyosistem Mühendisliği | 4853 - Aşağıdaki lisans programlarından birinden mezun olmak. | 3325 - Tarım Teknolojisi | 3383 - Tarım Makineleri | 3384 - Tarımsal Yapılar ve Sulama | 8221 - Kültürteknik | 8263 - Tarımsal Mekanizasyon | 4854 - Aşağıdaki lisans programlarından birinden mezun olmak. | 9106 - Tarımsal Biyoteknoloji | 4857 - Aşağıdaki lisans programlarından birinden mezun olmak. | 3382 - Tarım Ekonomisi | 8261 - Tarım İşletmeciliği;d491f06c-c25b-eb11-80fa-a0369f7d1484
2020;72;390181580;Tarım ve Orman Bakanlığı Edirne İl Müdürlüğü Uzunköprü İlçe Müdürlüğü;Mühendis (Su Ürünleri);Edirne;Lisans;1;0;;;"4819;3202;3320;8337";4819 - Aşağıdaki lisans programlarından birinden mezun olmak. | 3202 - Hayvansal Üretim | 3320 - Su Ürünleri | 8337 - Su Ürünleri Mühendisliği;d991f06c-c25b-eb11-80fa-a0369f7d1484
2020;72;390181736;Tarım ve Orman Bakanlığı Edirne İl Müdürlüğü Uzunköprü İlçe Müdürlüğü;Veteriner Hekim;Edirne;Lisans;1;0;;;"4607;6373";4607 - Aşağıdaki lisans programlarından birinden mezun olmak. | 6373 - Veteriner;df91f06c-c25b-eb11-80fa-a0369f7d1484
2020;72;390181737;Tarım ve Orman Bakanlığı Edirne Kapıkule Veteriner Sınır Kontrol Noktası Müdürlüğü;Veteriner Hekim;Edirne;Lisans;10;0;;;"4607;6373";4607 - Aşağıdaki lisans programlarından birinden mezun olmak. | 6373 - Veteriner;e091f06c-c25b-eb11-80fa-a0369f7d1484
2020;72;390181738;Tarım ve Orman Bakanlığı Edirne-İpsala Sınır Kapısı Veteriner Sınır Kontrol Noktası Müdürlüğü;Veteriner Hekim;Edirne;Lisans;3;0;;;"4607;6373";4607 - Aşağıdaki lisans programlarından birinden mezun olmak. | 6373 - Veteriner;e191f06c-c25b-eb11-80fa-a0369f7d1484
2020;72;390181382;Tarım ve Orman Bakanlığı Elazığ Gıda Kontrol Laboratuvar Müdürlüğü;Mühendis (Gıda);Elazığ;Lisans;4;1;;;"4799;3191";4799 - Aşağıdaki lisans programlarından birinden mezun olmak. | 3191 - Gıda Mühendisliği;e691f06c-c25b-eb11-80fa-a0369f7d1484
2020;72;390181110;Tarım ve Orman Bakanlığı Elazığ İl Müdürlüğü Palu İlçe Müdürlüğü;Mühendis (Ziraat);Elazığ;Lisans;1;1;;;"4825;5135;4831;3202;8258;8289;4845;3385;3386;4212;6131;8147;8158;9048;9269;4846;9114;4853;3325;3383;3384;8221;8263;4854;9106;4857;3382;8261";4825 - Aşağıdaki lisans programlarından birinden mezun olmak. | 5135 - Ziraat Mühendisliği | 4831 - Aşağıdaki lisans programlarından birinden mezun olmak. | 3202 - Hayvansal Üretim | 8258 - Süt Teknolojisi | 8289 - Zootekni / Zooteknik | 4845 - Aşağıdaki lisans programlarından birinden mezun olmak. | 3385 - Tarla Bitkileri | 3386 - Toprak | 4212 - Bahçe ve Tarla Bitkileri | 6131 - Bitkisel Üretim | 8147 - Bahçe Bitkileri | 8158 - Bitki Koruma | 9048 - Toprak Bilimi ve Bitki Besleme | 9269 - Bitkisel Üretim ve Teknolojileri | 4846 - Aşağıdaki lisans programlarından birinden mezun olmak. | 9114 - Biyosistem Mühendisliği | 4853 - Aşağıdaki lisans programlarından birinden mezun olmak. | 3325 - Tarım Teknolojisi | 3383 - Tarım Makineleri | 3384 - Tarımsal Yapılar ve Sulama | 8221 - Kültürteknik | 8263 - Tarımsal Mekanizasyon | 4854 - Aşağıdaki lisans programlarından birinden mezun olmak. | 9106 - Tarımsal Biyoteknoloji | 4857 - Aşağıdaki lisans programlarından birinden mezun olmak. | 3382 - Tarım Ekonomisi | 8261 - Tarım İşletmeciliği;e591f06c-c25b-eb11-80fa-a0369f7d1484
2020;72;390181739;Tarım ve Orman Bakanlığı Elazığ İl Müdürlüğü Palu İlçe Müdürlüğü;Veteriner Hekim;Elazığ;Lisans;1;0;;;"4607;6373";4607 - Aşağıdaki lisans programlarından birinden mezun olmak. | 6373 - Veteriner;e291f06c-c25b-eb11-80fa-a0369f7d1484
2020;72;390181740;Tarım ve Orman Bakanlığı Erzincan İl Müdürlüğü Çayırlı İlçe Müdürlüğü;Veteriner Hekim;Erzincan;Lisans;1;1;;;"4607;6373";4607 - Aşağıdaki lisans programlarından birinden mezun olmak. | 6373 - Veteriner;ec91f06c-c25b-eb11-80fa-a0369f7d1484
2020;72;390181383;Tarım ve Orman Bakanlığı Erzincan İl Müdürlüğü Gıda ve Yem Şube Müdürlüğü;Mühendis (Gıda);Erzincan;Lisans;2;1;;;"4799;3191";4799 - Aşağıdaki lisans programlarından birinden mezun olmak. | 3191 - Gıda Mühendisliği;e791f06c-c25b-eb11-80fa-a0369f7d1484
2020;72;390181741;Tarım ve Orman Bakanlığı Erzincan İl Müdürlüğü İliç İlçe Müdürlüğü;Veteriner Hekim;Erzincan;Lisans;2;1;;;"4607;6373";4607 - Aşağıdaki lisans programlarından birinden mezun olmak. | 6373 - Veteriner;ed91f06c-c25b-eb11-80fa-a0369f7d1484
2020;72;390181111;Tarım ve Orman Bakanlığı Erzincan İl Müdürlüğü Kemah İlçe Müdürlüğü;Mühendis (Ziraat);Erzincan;Lisans;2;1;;;"4825;5135;4831;3202;8258;8289;4845;3385;3386;4212;6131;8147;8158;9048;9269;4846;9114;4853;3325;3383;3384;8221;8263;4854;9106;4857;3382;8261";4825 - Aşağıdaki lisans programlarından birinden mezun olmak. | 5135 - Ziraat Mühendisliği | 4831 - Aşağıdaki lisans programlarından birinden mezun olmak. | 3202 - Hayvansal Üretim | 8258 - Süt Teknolojisi | 8289 - Zootekni / Zooteknik | 4845 - Aşağıdaki lisans programlarından birinden mezun olmak. | 3385 - Tarla Bitkileri | 3386 - Toprak | 4212 - Bahçe ve Tarla Bitkileri | 6131 - Bitkisel Üretim | 8147 - Bahçe Bitkileri | 8158 - Bitki Koruma | 9048 - Toprak Bilimi ve Bitki Besleme | 9269 - Bitkisel Üretim ve Teknolojileri | 4846 - Aşağıdaki lisans programlarından birinden mezun olmak. | 9114 - Biyosistem Mühendisliği | 4853 - Aşağıdaki lisans programlarından birinden mezun olmak. | 3325 - Tarım Teknolojisi | 3383 - Tarım Makineleri | 3384 - Tarımsal Yapılar ve Sulama | 8221 - Kültürteknik | 8263 - Tarımsal Mekanizasyon | 4854 - Aşağıdaki lisans programlarından birinden mezun olmak. | 9106 - Tarımsal Biyoteknoloji | 4857 - Aşağıdaki lisans programlarından birinden mezun olmak. | 3382 - Tarım Ekonomisi | 8261 - Tarım İşletmeciliği;e891f06c-c25b-eb11-80fa-a0369f7d1484
2020;72;390181112;Tarım ve Orman Bakanlığı Erzincan İl Müdürlüğü Kemaliye İlçe Müdürlüğü;Mühendis (Ziraat);Erzincan;Lisans;2;1;;;"4825;5135;4831;3202;8258;8289;4845;3385;3386;4212;6131;8147;8158;9048;9269;4846;9114;4853;3325;3383;3384;8221;8263;4854;9106;4857;3382;8261";4825 - Aşağıdaki lisans programlarından birinden mezun olmak. | 5135 - Ziraat Mühendisliği | 4831 - Aşağıdaki lisans programlarından birinden mezun olmak. | 3202 - Hayvansal Üretim | 8258 - Süt Teknolojisi | 8289 - Zootekni / Zooteknik | 4845 - Aşağıdaki lisans programlarından birinden mezun olmak. | 3385 - Tarla Bitkileri | 3386 - Toprak | 4212 - Bahçe ve Tarla Bitkileri | 6131 - Bitkisel Üretim | 8147 - Bahçe Bitkileri | 8158 - Bitki Koruma | 9048 - Toprak Bilimi ve Bitki Besleme | 9269 - Bitkisel Üretim ve Teknolojileri | 4846 - Aşağıdaki lisans programlarından birinden mezun olmak. | 9114 - Biyosistem Mühendisliği | 4853 - Aşağıdaki lisans programlarından birinden mezun olmak. | 3325 - Tarım Teknolojisi | 3383 - Tarım Makineleri | 3384 - Tarımsal Yapılar ve Sulama | 8221 - Kültürteknik | 8263 - Tarımsal Mekanizasyon | 4854 - Aşağıdaki lisans programlarından birinden mezun olmak. | 9106 - Tarımsal Biyoteknoloji | 4857 - Aşağıdaki lisans programlarından birinden mezun olmak. | 3382 - Tarım Ekonomisi | 8261 - Tarım İşletmeciliği;e991f06c-c25b-eb11-80fa-a0369f7d1484
2020;72;390181742;Tarım ve Orman Bakanlığı Erzincan İl Müdürlüğü Kemaliye İlçe Müdürlüğü;Veteriner Hekim;Erzincan;Lisans;2;0;;;"4607;6373";4607 - Aşağıdaki lisans programlarından birinden mezun olmak. | 6373 - Veteriner;ee91f06c-c25b-eb11-80fa-a0369f7d1484
2020;72;390181113;Tarım ve Orman Bakanlığı Erzincan İl Müdürlüğü Otlukbeli İlçe Müdürlüğü;Mühendis (Ziraat);Erzincan;Lisans;1;1;;;"4825;5135;4831;3202;8258;8289;4845;3385;3386;4212;6131;8147;8158;9048;9269;4846;9114;4853;3325;3383;3384;8221;8263;4854;9106;4857;3382;8261";4825 - Aşağıdaki lisans programlarından birinden mezun olmak. | 5135 - Ziraat Mühendisliği | 4831 - Aşağıdaki lisans programlarından birinden mezun olmak. | 3202 - Hayvansal Üretim | 8258 - Süt Teknolojisi | 8289 - Zootekni / Zooteknik | 4845 - Aşağıdaki lisans programlarından birinden mezun olmak. | 3385 - Tarla Bitkileri | 3386 - Toprak | 4212 - Bahçe ve Tarla Bitkileri | 6131 - Bitkisel Üretim | 8147 - Bahçe Bitkileri | 8158 - Bitki Koruma | 9048 - Toprak Bilimi ve Bitki Besleme | 9269 - Bitkisel Üretim ve Teknolojileri | 4846 - Aşağıdaki lisans programlarından birinden mezun olmak. | 9114 - Biyosistem Mühendisliği | 4853 - Aşağıdaki lisans programlarından birinden mezun olmak. | 3325 - Tarım Teknolojisi | 3383 - Tarım Makineleri | 3384 - Tarımsal Yapılar ve Sulama | 8221 - Kültürteknik | 8263 - Tarımsal Mekanizasyon | 4854 - Aşağıdaki lisans programlarından birinden mezun olmak. | 9106 - Tarımsal Biyoteknoloji | 4857 - Aşağıdaki lisans programlarından birinden mezun olmak. | 3382 - Tarım Ekonomisi | 8261 - Tarım İşletmeciliği;ea91f06c-c25b-eb11-80fa-a0369f7d1484
2020;72;390181114;Tarım ve Orman Bakanlığı Erzincan İl Müdürlüğü Refahiye İlçe Müdürlüğü;Mühendis (Ziraat);Erzincan;Lisans;1;1;;;"4825;5135;4831;3202;8258;8289;4845;3385;3386;4212;6131;8147;8158;9048;9269;4846;9114;4853;3325;3383;3384;8221;8263;4854;9106;4857;3382;8261";4825 - Aşağıdaki lisans programlarından birinden mezun olmak. | 5135 - Ziraat Mühendisliği | 4831 - Aşağıdaki lisans programlarından birinden mezun olmak. | 3202 - Hayvansal Üretim | 8258 - Süt Teknolojisi | 8289 - Zootekni / Zooteknik | 4845 - Aşağıdaki lisans programlarından birinden mezun olmak. | 3385 - Tarla Bitkileri | 3386 - Toprak | 4212 - Bahçe ve Tarla Bitkileri | 6131 - Bitkisel Üretim | 8147 - Bahçe Bitkileri | 8158 - Bitki Koruma | 9048 - Toprak Bilimi ve Bitki Besleme | 9269 - Bitkisel Üretim ve Teknolojileri | 4846 - Aşağıdaki lisans programlarından birinden mezun olmak. | 9114 - Biyosistem Mühendisliği | 4853 - Aşağıdaki lisans programlarından birinden mezun olmak. | 3325 - Tarım Teknolojisi | 3383 - Tarım Makineleri | 3384 - Tarımsal Yapılar ve Sulama | 8221 - Kültürteknik | 8263 - Tarımsal Mekanizasyon | 4854 - Aşağıdaki lisans programlarından birinden mezun olmak. | 9106 - Tarımsal Biyoteknoloji | 4857 - Aşağıdaki lisans programlarından birinden mezun olmak. | 3382 - Tarım Ekonomisi | 8261 - Tarım İşletmeciliği;eb91f06c-c25b-eb11-80fa-a0369f7d1484
2020;72;390181743;Tarım ve Orman Bakanlığı Erzincan İl Müdürlüğü Refahiye İlçe Müdürlüğü;Veteriner Hekim;Erzincan;Lisans;1;0;;;"4607;6373";4607 - Aşağıdaki lisans programlarından birinden mezun olmak. | 6373 - Veteriner;ef91f06c-c25b-eb11-80fa-a0369f7d1484
2020;72;390181744;Tarım ve Orman Bakanlığı Erzincan İl Müdürlüğü Tercan İlçe Müdürlüğü;Veteriner Hekim;Erzincan;Lisans;3;1;;;"4607;6373";4607 - Aşağıdaki lisans programlarından birinden mezun olmak. | 6373 - Veteriner;f091f06c-c25b-eb11-80fa-a0369f7d1484
2020;72;390181745;Tarım ve Orman Bakanlığı Erzincan İl Müdürlüğü Üzümlü İlçe Müdürlüğü;Veteriner Hekim;Erzincan;Lisans;1;1;;;"4607;6373";4607 - Aşağıdaki lisans programlarından birinden mezun olmak. | 6373 - Veteriner;f191f06c-c25b-eb11-80fa-a0369f7d1484
2020;72;390181638;Tarım ve Orman Bakanlığı Erzurum 13. Bölge Müdürlüğü Erzurum Şube Müdürlüğü;Mühendis (Orman);Erzurum;Lisans;1;0;;;"4871;6277";4871 - Aşağıdaki lisans programlarından birinden mezun olmak. | 6277 - Orman Mühendisliği;0892f06c-c25b-eb11-80fa-a0369f7d1484
2020;72;390181115;Tarım ve Orman Bakanlığı Erzurum İl Müdürlüğü Aşkale İlçe Müdürlüğü;Mühendis (Ziraat);Erzurum;Lisans;2;1;;;"4825;5135;4831;3202;8258;8289;4845;3385;3386;4212;6131;8147;8158;9048;9269;4846;9114;4853;3325;3383;3384;8221;8263;4854;9106;4857;3382;8261";4825 - Aşağıdaki lisans programlarından birinden mezun olmak. | 5135 - Ziraat Mühendisliği | 4831 - Aşağıdaki lisans programlarından birinden mezun olmak. | 3202 - Hayvansal Üretim | 8258 - Süt Teknolojisi | 8289 - Zootekni / Zooteknik | 4845 - Aşağıdaki lisans programlarından birinden mezun olmak. | 3385 - Tarla Bitkileri | 3386 - Toprak | 4212 - Bahçe ve Tarla Bitkileri | 6131 - Bitkisel Üretim | 8147 - Bahçe Bitkileri | 8158 - Bitki Koruma | 9048 - Toprak Bilimi ve Bitki Besleme | 9269 - Bitkisel Üretim ve Teknolojileri | 4846 - Aşağıdaki lisans programlarından birinden mezun olmak. | 9114 - Biyosistem Mühendisliği | 4853 - Aşağıdaki lisans programlarından birinden mezun olmak. | 3325 - Tarım Teknolojisi | 3383 - Tarım Makineleri | 3384 - Tarımsal Yapılar ve Sulama | 8221 - Kültürteknik | 8263 - Tarımsal Mekanizasyon | 4854 - Aşağıdaki lisans programlarından birinden mezun olmak. | 9106 - Tarımsal Biyoteknoloji | 4857 - Aşağıdaki lisans programlarından birinden mezun olmak. | 3382 - Tarım Ekonomisi | 8261 - Tarım İşletmeciliği;0a92f06c-c25b-eb11-80fa-a0369f7d1484
2020;72;390181746;Tarım ve Orman Bakanlığı Erzurum İl Müdürlüğü Aşkale İlçe Müdürlüğü;Veteriner Hekim;Erzurum;Lisans;5;0;;;"4607;6373";4607 - Aşağıdaki lisans programlarından birinden mezun olmak. | 6373 - Veteriner;f291f06c-c25b-eb11-80fa-a0369f7d1484
2020;72;390181747;Tarım ve Orman Bakanlığı Erzurum İl Müdürlüğü Aziziye İlçe Müdürlüğü;Veteriner Hekim;Erzurum;Lisans;7;1;;;"4607;6373";4607 - Aşağıdaki lisans programlarından birinden mezun olmak. | 6373 - Veteriner;f391f06c-c25b-eb11-80fa-a0369f7d1484
2020;72;390181116;Tarım ve Orman Bakanlığı Erzurum İl Müdürlüğü Çat İlçe Müdürlüğü;Mühendis (Ziraat);Erzurum;Lisans;1;1;;;"4825;5135;4831;3202;8258;8289;4845;3385;3386;4212;6131;8147;8158;9048;9269;4846;9114;4853;3325;3383;3384;8221;8263;4854;9106;4857;3382;8261";4825 - Aşağıdaki lisans programlarından birinden mezun olmak. | 5135 - Ziraat Mühendisliği | 4831 - Aşağıdaki lisans programlarından birinden mezun olmak. | 3202 - Hayvansal Üretim | 8258 - Süt Teknolojisi | 8289 - Zootekni / Zooteknik | 4845 - Aşağıdaki lisans programlarından birinden mezun olmak. | 3385 - Tarla Bitkileri | 3386 - Toprak | 4212 - Bahçe ve Tarla Bitkileri | 6131 - Bitkisel Üretim | 8147 - Bahçe Bitkileri | 8158 - Bitki Koruma | 9048 - Toprak Bilimi ve Bitki Besleme | 9269 - Bitkisel Üretim ve Teknolojileri | 4846 - Aşağıdaki lisans programlarından birinden mezun olmak. | 9114 - Biyosistem Mühendisliği | 4853 - Aşağıdaki lisans programlarından birinden mezun olmak. | 3325 - Tarım Teknolojisi | 3383 - Tarım Makineleri | 3384 - Tarımsal Yapılar ve Sulama | 8221 - Kültürteknik | 8263 - Tarımsal Mekanizasyon | 4854 - Aşağıdaki lisans programlarından birinden mezun olmak. | 9106 - Tarımsal Biyoteknoloji | 4857 - Aşağıdaki lisans programlarından birinden mezun olmak. | 3382 - Tarım Ekonomisi | 8261 - Tarım İşletmeciliği;0b92f06c-c25b-eb11-80fa-a0369f7d1484
2020;72;390181748;Tarım ve Orman Bakanlığı Erzurum İl Müdürlüğü Çat İlçe Müdürlüğü;Veteriner Hekim;Erzurum;Lisans;8;1;;;"4607;6373";4607 - Aşağıdaki lisans programlarından birinden mezun olmak. | 6373 - Veteriner;f491f06c-c25b-eb11-80fa-a0369f7d1484
2020;72;390181384;Tarım ve Orman Bakanlığı Erzurum İl Müdürlüğü Gıda ve Yem Şube Müdürlüğü;Mühendis (Gıda);Erzurum;Lisans;1;0;;;"4799;3191";4799 - Aşağıdaki lisans programlarından birinden mezun olmak. | 3191 - Gıda Mühendisliği;2692f06c-c25b-eb11-80fa-a0369f7d1484
2020;72;390181749;Tarım ve Orman Bakanlığı Erzurum İl Müdürlüğü Hayvan Sağlığı,Yetiştiriciliği ve Su Ürünleri Şb.Müdürlüğü;Veteriner Hekim;Erzurum;Lisans;1;1;;;"4607;6373";4607 - Aşağıdaki lisans programlarından birinden mezun olmak. | 6373 - Veteriner;f591f06c-c25b-eb11-80fa-a0369f7d1484
2020;72;390181117;Tarım ve Orman Bakanlığı Erzurum İl Müdürlüğü Hınıs İlçe Müdürlüğü;Mühendis (Ziraat);Erzurum;Lisans;3;0;;;"4825;5135;4831;3202;8258;8289;4845;3385;3386;4212;6131;8147;8158;9048;9269;4846;9114;4853;3325;3383;3384;8221;8263;4854;9106;4857;3382;8261";4825 - Aşağıdaki lisans programlarından birinden mezun olmak. | 5135 - Ziraat Mühendisliği | 4831 - Aşağıdaki lisans programlarından birinden mezun olmak. | 3202 - Hayvansal Üretim | 8258 - Süt Teknolojisi | 8289 - Zootekni / Zooteknik | 4845 - Aşağıdaki lisans programlarından birinden mezun olmak. | 3385 - Tarla Bitkileri | 3386 - Toprak | 4212 - Bahçe ve Tarla Bitkileri | 6131 - Bitkisel Üretim | 8147 - Bahçe Bitkileri | 8158 - Bitki Koruma | 9048 - Toprak Bilimi ve Bitki Besleme | 9269 - Bitkisel Üretim ve Teknolojileri | 4846 - Aşağıdaki lisans programlarından birinden mezun olmak. | 9114 - Biyosistem Mühendisliği | 4853 - Aşağıdaki lisans programlarından birinden mezun olmak. | 3325 - Tarım Teknolojisi | 3383 - Tarım Makineleri | 3384 - Tarımsal Yapılar ve Sulama | 8221 - Kültürteknik | 8263 - Tarımsal Mekanizasyon | 4854 - Aşağıdaki lisans programlarından birinden mezun olmak. | 9106 - Tarımsal Biyoteknoloji | 4857 - Aşağıdaki lisans programlarından birinden mezun olmak. | 3382 - Tarım Ekonomisi | 8261 - Tarım İşletmeciliği;0c92f06c-c25b-eb11-80fa-a0369f7d1484
2020;72;390181750;Tarım ve Orman Bakanlığı Erzurum İl Müdürlüğü Hınıs İlçe Müdürlüğü;Veteriner Hekim;Erzurum;Lisans;5;1;;;"4607;6373";4607 - Aşağıdaki lisans programlarından birinden mezun olmak. | 6373 - Veteriner;f691f06c-c25b-eb11-80fa-a0369f7d1484
2020;72;390181118;Tarım ve Orman Bakanlığı Erzurum İl Müdürlüğü Horasan İlçe Müdürlüğü;Mühendis (Ziraat);Erzurum;Lisans;4;2;;;"4825;5135;4831;3202;8258;8289;4845;3385;3386;4212;6131;8147;8158;9048;9269;4846;9114;4853;3325;3383;3384;8221;8263;4854;9106;4857;3382;8261";4825 - Aşağıdaki lisans programlarından birinden mezun olmak. | 5135 - Ziraat Mühendisliği | 4831 - Aşağıdaki lisans programlarından birinden mezun olmak. | 3202 - Hayvansal Üretim | 8258 - Süt Teknolojisi | 8289 - Zootekni / Zooteknik | 4845 - Aşağıdaki lisans programlarından birinden mezun olmak. | 3385 - Tarla Bitkileri | 3386 - Toprak | 4212 - Bahçe ve Tarla Bitkileri | 6131 - Bitkisel Üretim | 8147 - Bahçe Bitkileri | 8158 - Bitki Koruma | 9048 - Toprak Bilimi ve Bitki Besleme | 9269 - Bitkisel Üretim ve Teknolojileri | 4846 - Aşağıdaki lisans programlarından birinden mezun olmak. | 9114 - Biyosistem Mühendisliği | 4853 - Aşağıdaki lisans programlarından birinden mezun olmak. | 3325 - Tarım Teknolojisi | 3383 - Tarım Makineleri | 3384 - Tarımsal Yapılar ve Sulama | 8221 - Kültürteknik | 8263 - Tarımsal Mekanizasyon | 4854 - Aşağıdaki lisans programlarından birinden mezun olmak. | 9106 - Tarımsal Biyoteknoloji | 4857 - Aşağıdaki lisans programlarından birinden mezun olmak. | 3382 - Tarım Ekonomisi | 8261 - Tarım İşletmeciliği;0d92f06c-c25b-eb11-80fa-a0369f7d1484
2020;72;390181385;Tarım ve Orman Bakanlığı Erzurum İl Müdürlüğü Horasan İlçe Müdürlüğü;Mühendis (Gıda);Erzurum;Lisans;1;0;;;"4799;3191";4799 - Aşağıdaki lisans programlarından birinden mezun olmak. | 3191 - Gıda Mühendisliği;2792f06c-c25b-eb11-80fa-a0369f7d1484
2020;72;390181751;Tarım ve Orman Bakanlığı Erzurum İl Müdürlüğü Horasan İlçe Müdürlüğü;Veteriner Hekim;Erzurum;Lisans;1;1;;;"4607;6373";4607 - Aşağıdaki lisans programlarından birinden mezun olmak. | 6373 - Veteriner;f791f06c-c25b-eb11-80fa-a0369f7d1484
2020;72;390181119;Tarım ve Orman Bakanlığı Erzurum İl Müdürlüğü İspir İlçe Müdürlüğü;Mühendis (Ziraat);Erzurum;Lisans;3;1;;;"4825;5135;4831;3202;8258;8289;4845;3385;3386;4212;6131;8147;8158;9048;9269;4846;9114;4853;3325;3383;3384;8221;8263;4854;9106;4857;3382;8261";4825 - Aşağıdaki lisans programlarından birinden mezun olmak. | 5135 - Ziraat Mühendisliği | 4831 - Aşağıdaki lisans programlarından birinden mezun olmak. | 3202 - Hayvansal Üretim | 8258 - Süt Teknolojisi | 8289 - Zootekni / Zooteknik | 4845 - Aşağıdaki lisans programlarından birinden mezun olmak. | 3385 - Tarla Bitkileri | 3386 - Toprak | 4212 - Bahçe ve Tarla Bitkileri | 6131 - Bitkisel Üretim | 8147 - Bahçe Bitkileri | 8158 - Bitki Koruma | 9048 - Toprak Bilimi ve Bitki Besleme | 9269 - Bitkisel Üretim ve Teknolojileri | 4846 - Aşağıdaki lisans programlarından birinden mezun olmak. | 9114 - Biyosistem Mühendisliği | 4853 - Aşağıdaki lisans programlarından birinden mezun olmak. | 3325 - Tarım Teknolojisi | 3383 - Tarım Makineleri | 3384 - Tarımsal Yapılar ve Sulama | 8221 - Kültürteknik | 8263 - Tarımsal Mekanizasyon | 4854 - Aşağıdaki lisans programlarından birinden mezun olmak. | 9106 - Tarımsal Biyoteknoloji | 4857 - Aşağıdaki lisans programlarından birinden mezun olmak. | 3382 - Tarım Ekonomisi | 8261 - Tarım İşletmeciliği;0e92f06c-c25b-eb11-80fa-a0369f7d1484
2020;72;390181752;Tarım ve Orman Bakanlığı Erzurum İl Müdürlüğü İspir İlçe Müdürlüğü;Veteriner Hekim;Erzurum;Lisans;6;1;;;"4607;6373";4607 - Aşağıdaki lisans programlarından birinden mezun olmak. | 6373 - Veteriner;f891f06c-c25b-eb11-80fa-a0369f7d1484
2020;72;390181120;Tarım ve Orman Bakanlığı Erzurum İl Müdürlüğü Karaçoban İlçe Müdürlüğü;Mühendis (Ziraat);Erzurum;Lisans;3;1;;;"4825;5135;4831;3202;8258;8289;4845;3385;3386;4212;6131;8147;8158;9048;9269;4846;9114;4853;3325;3383;3384;8221;8263;4854;9106;4857;3382;8261";4825 - Aşağıdaki lisans programlarından birinden mezun olmak. | 5135 - Ziraat Mühendisliği | 4831 - Aşağıdaki lisans programlarından birinden mezun olmak. | 3202 - Hayvansal Üretim | 8258 - Süt Teknolojisi | 8289 - Zootekni / Zooteknik | 4845 - Aşağıdaki lisans programlarından birinden mezun olmak. | 3385 - Tarla Bitkileri | 3386 - Toprak | 4212 - Bahçe ve Tarla Bitkileri | 6131 - Bitkisel Üretim | 8147 - Bahçe Bitkileri | 8158 - Bitki Koruma | 9048 - Toprak Bilimi ve Bitki Besleme | 9269 - Bitkisel Üretim ve Teknolojileri | 4846 - Aşağıdaki lisans programlarından birinden mezun olmak. | 9114 - Biyosistem Mühendisliği | 4853 - Aşağıdaki lisans programlarından birinden mezun olmak. | 3325 - Tarım Teknolojisi | 3383 - Tarım Makineleri | 3384 - Tarımsal Yapılar ve Sulama | 8221 - Kültürteknik | 8263 - Tarımsal Mekanizasyon | 4854 - Aşağıdaki lisans programlarından birinden mezun olmak. | 9106 - Tarımsal Biyoteknoloji | 4857 - Aşağıdaki lisans programlarından birinden mezun olmak. | 3382 - Tarım Ekonomisi | 8261 - Tarım İşletmeciliği;0f92f06c-c25b-eb11-80fa-a0369f7d1484
2020;72;390181753;Tarım ve Orman Bakanlığı Erzurum İl Müdürlüğü Karaçoban İlçe Müdürlüğü;Veteriner Hekim;Erzurum;Lisans;6;1;;;"4607;6373";4607 - Aşağıdaki lisans programlarından birinden mezun olmak. | 6373 - Veteriner;f991f06c-c25b-eb11-80fa-a0369f7d1484
2020;72;390181121;Tarım ve Orman Bakanlığı Erzurum İl Müdürlüğü Karayazı İlçe Müdürlüğü;Mühendis (Ziraat);Erzurum;Lisans;3;1;;;"4825;5135;4831;3202;8258;8289;4845;3385;3386;4212;6131;8147;8158;9048;9269;4846;9114;4853;3325;3383;3384;8221;8263;4854;9106;4857;3382;8261";4825 - Aşağıdaki lisans programlarından birinden mezun olmak. | 5135 - Ziraat Mühendisliği | 4831 - Aşağıdaki lisans programlarından birinden mezun olmak. | 3202 - Hayvansal Üretim | 8258 - Süt Teknolojisi | 8289 - Zootekni / Zooteknik | 4845 - Aşağıdaki lisans programlarından birinden mezun olmak. | 3385 - Tarla Bitkileri | 3386 - Toprak | 4212 - Bahçe ve Tarla Bitkileri | 6131 - Bitkisel Üretim | 8147 - Bahçe Bitkileri | 8158 - Bitki Koruma | 9048 - Toprak Bilimi ve Bitki Besleme | 9269 - Bitkisel Üretim ve Teknolojileri | 4846 - Aşağıdaki lisans programlarından birinden mezun olmak. | 9114 - Biyosistem Mühendisliği | 4853 - Aşağıdaki lisans programlarından birinden mezun olmak. | 3325 - Tarım Teknolojisi | 3383 - Tarım Makineleri | 3384 - Tarımsal Yapılar ve Sulama | 8221 - Kültürteknik | 8263 - Tarımsal Mekanizasyon | 4854 - Aşağıdaki lisans programlarından birinden mezun olmak. | 9106 - Tarımsal Biyoteknoloji | 4857 - Aşağıdaki lisans programlarından birinden mezun olmak. | 3382 - Tarım Ekonomisi | 8261 - Tarım İşletmeciliği;1092f06c-c25b-eb11-80fa-a0369f7d1484
2020;72;390181386;Tarım ve Orman Bakanlığı Erzurum İl Müdürlüğü Karayazı İlçe Müdürlüğü;Mühendis (Gıda);Erzurum;Lisans;1;0;;;"4799;3191";4799 - Aşağıdaki lisans programlarından birinden mezun olmak. | 3191 - Gıda Mühendisliği;2892f06c-c25b-eb11-80fa-a0369f7d1484
2020;72;390181754;Tarım ve Orman Bakanlığı Erzurum İl Müdürlüğü Karayazı İlçe Müdürlüğü;Veteriner Hekim;Erzurum;Lisans;7;1;;;"4607;6373";4607 - Aşağıdaki lisans programlarından birinden mezun olmak. | 6373 - Veteriner;fa91f06c-c25b-eb11-80fa-a0369f7d1484
2020;72;390181122;Tarım ve Orman Bakanlığı Erzurum İl Müdürlüğü Köprüköy İlçe Müdürlüğü;Mühendis (Ziraat);Erzurum;Lisans;4;2;;;"4825;5135;4831;3202;8258;8289;4845;3385;3386;4212;6131;8147;8158;9048;9269;4846;9114;4853;3325;3383;3384;8221;8263;4854;9106;4857;3382;8261";4825 - Aşağıdaki lisans programlarından birinden mezun olmak. | 5135 - Ziraat Mühendisliği | 4831 - Aşağıdaki lisans programlarından birinden mezun olmak. | 3202 - Hayvansal Üretim | 8258 - Süt Teknolojisi | 8289 - Zootekni / Zooteknik | 4845 - Aşağıdaki lisans programlarından birinden mezun olmak. | 3385 - Tarla Bitkileri | 3386 - Toprak | 4212 - Bahçe ve Tarla Bitkileri | 6131 - Bitkisel Üretim | 8147 - Bahçe Bitkileri | 8158 - Bitki Koruma | 9048 - Toprak Bilimi ve Bitki Besleme | 9269 - Bitkisel Üretim ve Teknolojileri | 4846 - Aşağıdaki lisans programlarından birinden mezun olmak. | 9114 - Biyosistem Mühendisliği | 4853 - Aşağıdaki lisans programlarından birinden mezun olmak. | 3325 - Tarım Teknolojisi | 3383 - Tarım Makineleri | 3384 - Tarımsal Yapılar ve Sulama | 8221 - Kültürteknik | 8263 - Tarımsal Mekanizasyon | 4854 - Aşağıdaki lisans programlarından birinden mezun olmak. | 9106 - Tarımsal Biyoteknoloji | 4857 - Aşağıdaki lisans programlarından birinden mezun olmak. | 3382 - Tarım Ekonomisi | 8261 - Tarım İşletmeciliği;1192f06c-c25b-eb11-80fa-a0369f7d1484
2020;72;390181755;Tarım ve Orman Bakanlığı Erzurum İl Müdürlüğü Köprüköy İlçe Müdürlüğü;Veteriner Hekim;Erzurum;Lisans;3;1;;;"4607;6373";4607 - Aşağıdaki lisans programlarından birinden mezun olmak. | 6373 - Veteriner;fb91f06c-c25b-eb11-80fa-a0369f7d1484
2020;72;390181123;Tarım ve Orman Bakanlığı Erzurum İl Müdürlüğü Narman İlçe Müdürlüğü;Mühendis (Ziraat);Erzurum;Lisans;2;1;;;"4825;5135;4831;3202;8258;8289;4845;3385;3386;4212;6131;8147;8158;9048;9269;4846;9114;4853;3325;3383;3384;8221;8263;4854;9106;4857;3382;8261";4825 - Aşağıdaki lisans programlarından birinden mezun olmak. | 5135 - Ziraat Mühendisliği | 4831 - Aşağıdaki lisans programlarından birinden mezun olmak. | 3202 - Hayvansal Üretim | 8258 - Süt Teknolojisi | 8289 - Zootekni / Zooteknik | 4845 - Aşağıdaki lisans programlarından birinden mezun olmak. | 3385 - Tarla Bitkileri | 3386 - Toprak | 4212 - Bahçe ve Tarla Bitkileri | 6131 - Bitkisel Üretim | 8147 - Bahçe Bitkileri | 8158 - Bitki Koruma | 9048 - Toprak Bilimi ve Bitki Besleme | 9269 - Bitkisel Üretim ve Teknolojileri | 4846 - Aşağıdaki lisans programlarından birinden mezun olmak. | 9114 - Biyosistem Mühendisliği | 4853 - Aşağıdaki lisans programlarından birinden mezun olmak. | 3325 - Tarım Teknolojisi | 3383 - Tarım Makineleri | 3384 - Tarımsal Yapılar ve Sulama | 8221 - Kültürteknik | 8263 - Tarımsal Mekanizasyon | 4854 - Aşağıdaki lisans programlarından birinden mezun olmak. | 9106 - Tarımsal Biyoteknoloji | 4857 - Aşağıdaki lisans programlarından birinden mezun olmak. | 3382 - Tarım Ekonomisi | 8261 - Tarım İşletmeciliği;1292f06c-c25b-eb11-80fa-a0369f7d1484
2020;72;390181756;Tarım ve Orman Bakanlığı Erzurum İl Müdürlüğü Narman İlçe Müdürlüğü;Veteriner Hekim;Erzurum;Lisans;1;1;;;"4607;6373";4607 - Aşağıdaki lisans programlarından birinden mezun olmak. | 6373 - Veteriner;fc91f06c-c25b-eb11-80fa-a0369f7d1484
2020;72;390181757;Tarım ve Orman Bakanlığı Erzurum İl Müdürlüğü Oltu İlçe Müdürlüğü;Veteriner Hekim;Erzurum;Lisans;1;1;;;"4607;6373";4607 - Aşağıdaki lisans programlarından birinden mezun olmak. | 6373 - Veteriner;fd91f06c-c25b-eb11-80fa-a0369f7d1484
2020;72;390181124;Tarım ve Orman Bakanlığı Erzurum İl Müdürlüğü Olur İlçe Müdürlüğü;Mühendis (Ziraat);Erzurum;Lisans;1;1;;;"4825;5135;4831;3202;8258;8289;4845;3385;3386;4212;6131;8147;8158;9048;9269;4846;9114;4853;3325;3383;3384;8221;8263;4854;9106;4857;3382;8261";4825 - Aşağıdaki lisans programlarından birinden mezun olmak. | 5135 - Ziraat Mühendisliği | 4831 - Aşağıdaki lisans programlarından birinden mezun olmak. | 3202 - Hayvansal Üretim | 8258 - Süt Teknolojisi | 8289 - Zootekni / Zooteknik | 4845 - Aşağıdaki lisans programlarından birinden mezun olmak. | 3385 - Tarla Bitkileri | 3386 - Toprak | 4212 - Bahçe ve Tarla Bitkileri | 6131 - Bitkisel Üretim | 8147 - Bahçe Bitkileri | 8158 - Bitki Koruma | 9048 - Toprak Bilimi ve Bitki Besleme | 9269 - Bitkisel Üretim ve Teknolojileri | 4846 - Aşağıdaki lisans programlarından birinden mezun olmak. | 9114 - Biyosistem Mühendisliği | 4853 - Aşağıdaki lisans programlarından birinden mezun olmak. | 3325 - Tarım Teknolojisi | 3383 - Tarım Makineleri | 3384 - Tarımsal Yapılar ve Sulama | 8221 - Kültürteknik | 8263 - Tarımsal Mekanizasyon | 4854 - Aşağıdaki lisans programlarından birinden mezun olmak. | 9106 - Tarımsal Biyoteknoloji | 4857 - Aşağıdaki lisans programlarından birinden mezun olmak. | 3382 - Tarım Ekonomisi | 8261 - Tarım İşletmeciliği;1392f06c-c25b-eb11-80fa-a0369f7d1484
2020;72;390181758;Tarım ve Orman Bakanlığı Erzurum İl Müdürlüğü Olur İlçe Müdürlüğü;Veteriner Hekim;Erzurum;Lisans;3;1;;;"4607;6373";4607 - Aşağıdaki lisans programlarından birinden mezun olmak. | 6373 - Veteriner;fe91f06c-c25b-eb11-80fa-a0369f7d1484
2020;72;390181387;Tarım ve Orman Bakanlığı Erzurum İl Müdürlüğü Palandöken İlçe Müdürlüğü;Mühendis (Gıda);Erzurum;Lisans;1;1;;;"4799;3191";4799 - Aşağıdaki lisans programlarından birinden mezun olmak. | 3191 - Gıda Mühendisliği;2992f06c-c25b-eb11-80fa-a0369f7d1484
2020;72;390181759;Tarım ve Orman Bakanlığı Erzurum İl Müdürlüğü Palandöken İlçe Müdürlüğü;Veteriner Hekim;Erzurum;Lisans;1;1;;;"4607;6373";4607 - Aşağıdaki lisans programlarından birinden mezun olmak. | 6373 - Veteriner;ff91f06c-c25b-eb11-80fa-a0369f7d1484
2020;72;390181388;Tarım ve Orman Bakanlığı Erzurum İl Müdürlüğü Pasinler İlçe Müdürlüğü;Mühendis (Gıda);Erzurum;Lisans;1;1;;;"4799;3191";4799 - Aşağıdaki lisans programlarından birinden mezun olmak. | 3191 - Gıda Mühendisliği;2a92f06c-c25b-eb11-80fa-a0369f7d1484
2020;72;390181760;Tarım ve Orman Bakanlığı Erzurum İl Müdürlüğü Pasinler İlçe Müdürlüğü;Veteriner Hekim;Erzurum;Lisans;4;1;;;"4607;6373";4607 - Aşağıdaki lisans programlarından birinden mezun olmak. | 6373 - Veteriner;0092f06c-c25b-eb11-80fa-a0369f7d1484
2020;72;390181125;Tarım ve Orman Bakanlığı Erzurum İl Müdürlüğü Pazaryolu İlçe Müdürlüğü;Mühendis (Ziraat);Erzurum;Lisans;1;1;;;"4825;5135;4831;3202;8258;8289;4845;3385;3386;4212;6131;8147;8158;9048;9269;4846;9114;4853;3325;3383;3384;8221;8263;4854;9106;4857;3382;8261";4825 - Aşağıdaki lisans programlarından birinden mezun olmak. | 5135 - Ziraat Mühendisliği | 4831 - Aşağıdaki lisans programlarından birinden mezun olmak. | 3202 - Hayvansal Üretim | 8258 - Süt Teknolojisi | 8289 - Zootekni / Zooteknik | 4845 - Aşağıdaki lisans programlarından birinden mezun olmak. | 3385 - Tarla Bitkileri | 3386 - Toprak | 4212 - Bahçe ve Tarla Bitkileri | 6131 - Bitkisel Üretim | 8147 - Bahçe Bitkileri | 8158 - Bitki Koruma | 9048 - Toprak Bilimi ve Bitki Besleme | 9269 - Bitkisel Üretim ve Teknolojileri | 4846 - Aşağıdaki lisans programlarından birinden mezun olmak. | 9114 - Biyosistem Mühendisliği | 4853 - Aşağıdaki lisans programlarından birinden mezun olmak. | 3325 - Tarım Teknolojisi | 3383 - Tarım Makineleri | 3384 - Tarımsal Yapılar ve Sulama | 8221 - Kültürteknik | 8263 - Tarımsal Mekanizasyon | 4854 - Aşağıdaki lisans programlarından birinden mezun olmak. | 9106 - Tarımsal Biyoteknoloji | 4857 - Aşağıdaki lisans programlarından birinden mezun olmak. | 3382 - Tarım Ekonomisi | 8261 - Tarım İşletmeciliği;1492f06c-c25b-eb11-80fa-a0369f7d1484
2020;72;390181761;Tarım ve Orman Bakanlığı Erzurum İl Müdürlüğü Pazaryolu İlçe Müdürlüğü;Veteriner Hekim;Erzurum;Lisans;1;1;;;"4607;6373";4607 - Aşağıdaki lisans programlarından birinden mezun olmak. | 6373 - Veteriner;0192f06c-c25b-eb11-80fa-a0369f7d1484
2020;72;390181126;Tarım ve Orman Bakanlığı Erzurum İl Müdürlüğü Şenkaya İlçe Müdürlüğü;Mühendis (Ziraat);Erzurum;Lisans;4;2;;;"4825;5135;4831;3202;8258;8289;4845;3385;3386;4212;6131;8147;8158;9048;9269;4846;9114;4853;3325;3383;3384;8221;8263;4854;9106;4857;3382;8261";4825 - Aşağıdaki lisans programlarından birinden mezun olmak. | 5135 - Ziraat Mühendisliği | 4831 - Aşağıdaki lisans programlarından birinden mezun olmak. | 3202 - Hayvansal Üretim | 8258 - Süt Teknolojisi | 8289 - Zootekni / Zooteknik | 4845 - Aşağıdaki lisans programlarından birinden mezun olmak. | 3385 - Tarla Bitkileri | 3386 - Toprak | 4212 - Bahçe ve Tarla Bitkileri | 6131 - Bitkisel Üretim | 8147 - Bahçe Bitkileri | 8158 - Bitki Koruma | 9048 - Toprak Bilimi ve Bitki Besleme | 9269 - Bitkisel Üretim ve Teknolojileri | 4846 - Aşağıdaki lisans programlarından birinden mezun olmak. | 9114 - Biyosistem Mühendisliği | 4853 - Aşağıdaki lisans programlarından birinden mezun olmak. | 3325 - Tarım Teknolojisi | 3383 - Tarım Makineleri | 3384 - Tarımsal Yapılar ve Sulama | 8221 - Kültürteknik | 8263 - Tarımsal Mekanizasyon | 4854 - Aşağıdaki lisans programlarından birinden mezun olmak. | 9106 - Tarımsal Biyoteknoloji | 4857 - Aşağıdaki lisans programlarından birinden mezun olmak. | 3382 - Tarım Ekonomisi | 8261 - Tarım İşletmeciliği;1592f06c-c25b-eb11-80fa-a0369f7d1484
2020;72;390181762;Tarım ve Orman Bakanlığı Erzurum İl Müdürlüğü Şenkaya İlçe Müdürlüğü;Veteriner Hekim;Erzurum;Lisans;7;1;;;"4607;6373";4607 - Aşağıdaki lisans programlarından birinden mezun olmak. | 6373 - Veteriner;0292f06c-c25b-eb11-80fa-a0369f7d1484
2020;72;390181127;Tarım ve Orman Bakanlığı Erzurum İl Müdürlüğü Tekman İlçe Müdürlüğü;Mühendis (Ziraat);Erzurum;Lisans;4;2;;;"4825;5135;4831;3202;8258;8289;4845;3385;3386;4212;6131;8147;8158;9048;9269;4846;9114;4853;3325;3383;3384;8221;8263;4854;9106;4857;3382;8261";4825 - Aşağıdaki lisans programlarından birinden mezun olmak. | 5135 - Ziraat Mühendisliği | 4831 - Aşağıdaki lisans programlarından birinden mezun olmak. | 3202 - Hayvansal Üretim | 8258 - Süt Teknolojisi | 8289 - Zootekni / Zooteknik | 4845 - Aşağıdaki lisans programlarından birinden mezun olmak. | 3385 - Tarla Bitkileri | 3386 - Toprak | 4212 - Bahçe ve Tarla Bitkileri | 6131 - Bitkisel Üretim | 8147 - Bahçe Bitkileri | 8158 - Bitki Koruma | 9048 - Toprak Bilimi ve Bitki Besleme | 9269 - Bitkisel Üretim ve Teknolojileri | 4846 - Aşağıdaki lisans programlarından birinden mezun olmak. | 9114 - Biyosistem Mühendisliği | 4853 - Aşağıdaki lisans programlarından birinden mezun olmak. | 3325 - Tarım Teknolojisi | 3383 - Tarım Makineleri | 3384 - Tarımsal Yapılar ve Sulama | 8221 - Kültürteknik | 8263 - Tarımsal Mekanizasyon | 4854 - Aşağıdaki lisans programlarından birinden mezun olmak. | 9106 - Tarımsal Biyoteknoloji | 4857 - Aşağıdaki lisans programlarından birinden mezun olmak. | 3382 - Tarım Ekonomisi | 8261 - Tarım İşletmeciliği;1692f06c-c25b-eb11-80fa-a0369f7d1484
2020;72;390181763;Tarım ve Orman Bakanlığı Erzurum İl Müdürlüğü Tekman İlçe Müdürlüğü;Veteriner Hekim;Erzurum;Lisans;8;1;;;"4607;6373";4607 - Aşağıdaki lisans programlarından birinden mezun olmak. | 6373 - Veteriner;0392f06c-c25b-eb11-80fa-a0369f7d1484
2020;72;390181389;Tarım ve Orman Bakanlığı Erzurum İl Müdürlüğü Tortum İlçe Müdürlüğü;Mühendis (Gıda);Erzurum;Lisans;1;0;;;"4799;3191";4799 - Aşağıdaki lisans programlarından birinden mezun olmak. | 3191 - Gıda Mühendisliği;2b92f06c-c25b-eb11-80fa-a0369f7d1484
2020;72;390181764;Tarım ve Orman Bakanlığı Erzurum İl Müdürlüğü Tortum İlçe Müdürlüğü;Veteriner Hekim;Erzurum;Lisans;1;1;;;"4607;6373";4607 - Aşağıdaki lisans programlarından birinden mezun olmak. | 6373 - Veteriner;0492f06c-c25b-eb11-80fa-a0369f7d1484
2020;72;390181765;Tarım ve Orman Bakanlığı Erzurum İl Müdürlüğü Uzundere İlçe Müdürlüğü;Veteriner Hekim;Erzurum;Lisans;2;0;;;"4607;6373";4607 - Aşağıdaki lisans programlarından birinden mezun olmak. | 6373 - Veteriner;0592f06c-c25b-eb11-80fa-a0369f7d1484
2020;72;390181390;Tarım ve Orman Bakanlığı Erzurum İl Müdürlüğü Yakutiye İlçe Müdürlüğü;Mühendis (Gıda);Erzurum;Lisans;1;0;;;"4799;3191";4799 - Aşağıdaki lisans programlarından birinden mezun olmak. | 3191 - Gıda Mühendisliği;2c92f06c-c25b-eb11-80fa-a0369f7d1484
2020;72;390181766;Tarım ve Orman Bakanlığı Erzurum İl Müdürlüğü Yakutiye İlçe Müdürlüğü;Veteriner Hekim;Erzurum;Lisans;5;1;;;"4607;6373";4607 - Aşağıdaki lisans programlarından birinden mezun olmak. | 6373 - Veteriner;0692f06c-c25b-eb11-80fa-a0369f7d1484
2020;72;390181767;Tarım ve Orman Bakanlığı Erzurum Veteriner Kontrol Enstitüsü Müdürlüğü;Veteriner Hekim;Erzurum;Lisans;3;2;;;"4607;6373";4607 - Aşağıdaki lisans programlarından birinden mezun olmak. | 6373 - Veteriner;0792f06c-c25b-eb11-80fa-a0369f7d1484
2020;72;390181089;Tarım ve Orman Bakanlığı Fidan ve Fide Test Merkezi Müdürlüğü Karacabey/Bursa;Mühendis (Bahçe Bitkileri);Bursa;Lisans;1;2;;;"4845;3385;3386;4212;6131;8147;8158;9048;9269";4845 - Aşağıdaki lisans programlarından birinden mezun olmak. | 3385 - Tarla Bitkileri | 3386 - Toprak | 4212 - Bahçe ve Tarla Bitkileri | 6131 - Bitkisel Üretim | 8147 - Bahçe Bitkileri | 8158 - Bitki Koruma | 9048 - Toprak Bilimi ve Bitki Besleme | 9269 - Bitkisel Üretim ve Teknolojileri;9191f06c-c25b-eb11-80fa-a0369f7d1484
2020;72;390181391;Tarım ve Orman Bakanlığı Gaziantep Gıda Kontrol Laboratuvar Müdürlüğü;Mühendis (Gıda);Gaziantep;Lisans;4;1;;;"4799;3191";4799 - Aşağıdaki lisans programlarından birinden mezun olmak. | 3191 - Gıda Mühendisliği;2d92f06c-c25b-eb11-80fa-a0369f7d1484
2020;72;390181128;Tarım ve Orman Bakanlığı Gaziantep İl Müdürlüğü Araban İlçe Müdürlüğü;Mühendis (Ziraat);Gaziantep;Lisans;4;2;;;"4825;5135;4831;3202;8258;8289;4845;3385;3386;4212;6131;8147;8158;9048;9269;4846;9114;4853;3325;3383;3384;8221;8263;4854;9106;4857;3382;8261";4825 - Aşağıdaki lisans programlarından birinden mezun olmak. | 5135 - Ziraat Mühendisliği | 4831 - Aşağıdaki lisans programlarından birinden mezun olmak. | 3202 - Hayvansal Üretim | 8258 - Süt Teknolojisi | 8289 - Zootekni / Zooteknik | 4845 - Aşağıdaki lisans programlarından birinden mezun olmak. | 3385 - Tarla Bitkileri | 3386 - Toprak | 4212 - Bahçe ve Tarla Bitkileri | 6131 - Bitkisel Üretim | 8147 - Bahçe Bitkileri | 8158 - Bitki Koruma | 9048 - Toprak Bilimi ve Bitki Besleme | 9269 - Bitkisel Üretim ve Teknolojileri | 4846 - Aşağıdaki lisans programlarından birinden mezun olmak. | 9114 - Biyosistem Mühendisliği | 4853 - Aşağıdaki lisans programlarından birinden mezun olmak. | 3325 - Tarım Teknolojisi | 3383 - Tarım Makineleri | 3384 - Tarımsal Yapılar ve Sulama | 8221 - Kültürteknik | 8263 - Tarımsal Mekanizasyon | 4854 - Aşağıdaki lisans programlarından birinden mezun olmak. | 9106 - Tarımsal Biyoteknoloji | 4857 - Aşağıdaki lisans programlarından birinden mezun olmak. | 3382 - Tarım Ekonomisi | 8261 - Tarım İşletmeciliği;3992f06c-c25b-eb11-80fa-a0369f7d1484
2020;72;390181392;Tarım ve Orman Bakanlığı Gaziantep İl Müdürlüğü Gıda ve Yem Şube Müdürlüğü;Mühendis (Gıda);Gaziantep;Lisans;9;1;;;"4799;3191";4799 - Aşağıdaki lisans programlarından birinden mezun olmak. | 3191 - Gıda Mühendisliği;2e92f06c-c25b-eb11-80fa-a0369f7d1484
2020;72;390181129;Tarım ve Orman Bakanlığı Gaziantep İl Müdürlüğü Islahiye İlçe Müdürlüğü;Mühendis (Ziraat);Gaziantep;Lisans;1;1;;;"4825;5135;4831;3202;8258;8289;4845;3385;3386;4212;6131;8147;8158;9048;9269;4846;9114;4853;3325;3383;3384;8221;8263;4854;9106;4857;3382;8261";4825 - Aşağıdaki lisans programlarından birinden mezun olmak. | 5135 - Ziraat Mühendisliği | 4831 - Aşağıdaki lisans programlarından birinden mezun olmak. | 3202 - Hayvansal Üretim | 8258 - Süt Teknolojisi | 8289 - Zootekni / Zooteknik | 4845 - Aşağıdaki lisans programlarından birinden mezun olmak. | 3385 - Tarla Bitkileri | 3386 - Toprak | 4212 - Bahçe ve Tarla Bitkileri | 6131 - Bitkisel Üretim | 8147 - Bahçe Bitkileri | 8158 - Bitki Koruma | 9048 - Toprak Bilimi ve Bitki Besleme | 9269 - Bitkisel Üretim ve Teknolojileri | 4846 - Aşağıdaki lisans programlarından birinden mezun olmak. | 9114 - Biyosistem Mühendisliği | 4853 - Aşağıdaki lisans programlarından birinden mezun olmak. | 3325 - Tarım Teknolojisi | 3383 - Tarım Makineleri | 3384 - Tarımsal Yapılar ve Sulama | 8221 - Kültürteknik | 8263 - Tarımsal Mekanizasyon | 4854 - Aşağıdaki lisans programlarından birinden mezun olmak. | 9106 - Tarımsal Biyoteknoloji | 4857 - Aşağıdaki lisans programlarından birinden mezun olmak. | 3382 - Tarım Ekonomisi | 8261 - Tarım İşletmeciliği;3a92f06c-c25b-eb11-80fa-a0369f7d1484
2020;72;390181393;Tarım ve Orman Bakanlığı Gaziantep İl Müdürlüğü Islahiye İlçe Müdürlüğü;Mühendis (Gıda);Gaziantep;Lisans;1;0;;;"4799;3191";4799 - Aşağıdaki lisans programlarından birinden mezun olmak. | 3191 - Gıda Mühendisliği;2f92f06c-c25b-eb11-80fa-a0369f7d1484
2020;72;390181130;Tarım ve Orman Bakanlığı Gaziantep İl Müdürlüğü Karkamış İlçe Müdürlüğü;Mühendis (Ziraat);Gaziantep;Lisans;1;0;;;"4825;5135;4831;3202;8258;8289;4845;3385;3386;4212;6131;8147;8158;9048;9269;4846;9114;4853;3325;3383;3384;8221;8263;4854;9106;4857;3382;8261";4825 - Aşağıdaki lisans programlarından birinden mezun olmak. | 5135 - Ziraat Mühendisliği | 4831 - Aşağıdaki lisans programlarından birinden mezun olmak. | 3202 - Hayvansal Üretim | 8258 - Süt Teknolojisi | 8289 - Zootekni / Zooteknik | 4845 - Aşağıdaki lisans programlarından birinden mezun olmak. | 3385 - Tarla Bitkileri | 3386 - Toprak | 4212 - Bahçe ve Tarla Bitkileri | 6131 - Bitkisel Üretim | 8147 - Bahçe Bitkileri | 8158 - Bitki Koruma | 9048 - Toprak Bilimi ve Bitki Besleme | 9269 - Bitkisel Üretim ve Teknolojileri | 4846 - Aşağıdaki lisans programlarından birinden mezun olmak. | 9114 - Biyosistem Mühendisliği | 4853 - Aşağıdaki lisans programlarından birinden mezun olmak. | 3325 - Tarım Teknolojisi | 3383 - Tarım Makineleri | 3384 - Tarımsal Yapılar ve Sulama | 8221 - Kültürteknik | 8263 - Tarımsal Mekanizasyon | 4854 - Aşağıdaki lisans programlarından birinden mezun olmak. | 9106 - Tarımsal Biyoteknoloji | 4857 - Aşağıdaki lisans programlarından birinden mezun olmak. | 3382 - Tarım Ekonomisi | 8261 - Tarım İşletmeciliği;3b92f06c-c25b-eb11-80fa-a0369f7d1484
2020;72;390181131;Tarım ve Orman Bakanlığı Gaziantep İl Müdürlüğü Nizip İlçe Müdürlüğü;Mühendis (Ziraat);Gaziantep;Lisans;2;1;;;"4825;5135;4831;3202;8258;8289;4845;3385;3386;4212;6131;8147;8158;9048;9269;4846;9114;4853;3325;3383;3384;8221;8263;4854;9106;4857;3382;8261";4825 - Aşağıdaki lisans programlarından birinden mezun olmak. | 5135 - Ziraat Mühendisliği | 4831 - Aşağıdaki lisans programlarından birinden mezun olmak. | 3202 - Hayvansal Üretim | 8258 - Süt Teknolojisi | 8289 - Zootekni / Zooteknik | 4845 - Aşağıdaki lisans programlarından birinden mezun olmak. | 3385 - Tarla Bitkileri | 3386 - Toprak | 4212 - Bahçe ve Tarla Bitkileri | 6131 - Bitkisel Üretim | 8147 - Bahçe Bitkileri | 8158 - Bitki Koruma | 9048 - Toprak Bilimi ve Bitki Besleme | 9269 - Bitkisel Üretim ve Teknolojileri | 4846 - Aşağıdaki lisans programlarından birinden mezun olmak. | 9114 - Biyosistem Mühendisliği | 4853 - Aşağıdaki lisans programlarından birinden mezun olmak. | 3325 - Tarım Teknolojisi | 3383 - Tarım Makineleri | 3384 - Tarımsal Yapılar ve Sulama | 8221 - Kültürteknik | 8263 - Tarımsal Mekanizasyon | 4854 - Aşağıdaki lisans programlarından birinden mezun olmak. | 9106 - Tarımsal Biyoteknoloji | 4857 - Aşağıdaki lisans programlarından birinden mezun olmak. | 3382 - Tarım Ekonomisi | 8261 - Tarım İşletmeciliği;3c92f06c-c25b-eb11-80fa-a0369f7d1484
2020;72;390181394;Tarım ve Orman Bakanlığı Gaziantep İl Müdürlüğü Nurdağı İlçe Müdürlüğü;Mühendis (Gıda);Gaziantep;Lisans;1;0;;;"4799;3191";4799 - Aşağıdaki lisans programlarından birinden mezun olmak. | 3191 - Gıda Mühendisliği;3092f06c-c25b-eb11-80fa-a0369f7d1484
2020;72;390181132;Tarım ve Orman Bakanlığı Gaziantep İl Müdürlüğü Oğuzeli İlçe Müdürlüğü;Mühendis (Ziraat);Gaziantep;Lisans;1;1;;;"4825;5135;4831;3202;8258;8289;4845;3385;3386;4212;6131;8147;8158;9048;9269;4846;9114;4853;3325;3383;3384;8221;8263;4854;9106;4857;3382;8261";4825 - Aşağıdaki lisans programlarından birinden mezun olmak. | 5135 - Ziraat Mühendisliği | 4831 - Aşağıdaki lisans programlarından birinden mezun olmak. | 3202 - Hayvansal Üretim | 8258 - Süt Teknolojisi | 8289 - Zootekni / Zooteknik | 4845 - Aşağıdaki lisans programlarından birinden mezun olmak. | 3385 - Tarla Bitkileri | 3386 - Toprak | 4212 - Bahçe ve Tarla Bitkileri | 6131 - Bitkisel Üretim | 8147 - Bahçe Bitkileri | 8158 - Bitki Koruma | 9048 - Toprak Bilimi ve Bitki Besleme | 9269 - Bitkisel Üretim ve Teknolojileri | 4846 - Aşağıdaki lisans programlarından birinden mezun olmak. | 9114 - Biyosistem Mühendisliği | 4853 - Aşağıdaki lisans programlarından birinden mezun olmak. | 3325 - Tarım Teknolojisi | 3383 - Tarım Makineleri | 3384 - Tarımsal Yapılar ve Sulama | 8221 - Kültürteknik | 8263 - Tarımsal Mekanizasyon | 4854 - Aşağıdaki lisans programlarından birinden mezun olmak. | 9106 - Tarımsal Biyoteknoloji | 4857 - Aşağıdaki lisans programlarından birinden mezun olmak. | 3382 - Tarım Ekonomisi | 8261 - Tarım İşletmeciliği;3d92f06c-c25b-eb11-80fa-a0369f7d1484
2020;72;390181395;Tarım ve Orman Bakanlığı Gaziantep İl Müdürlüğü Oğuzeli İlçe Müdürlüğü;Mühendis (Gıda);Gaziantep;Lisans;1;0;;;"4799;3191";4799 - Aşağıdaki lisans programlarından birinden mezun olmak. | 3191 - Gıda Mühendisliği;3192f06c-c25b-eb11-80fa-a0369f7d1484
2020;72;390181396;Tarım ve Orman Bakanlığı Gaziantep İl Müdürlüğü Şahinbey İlçe Müdürlüğü;Mühendis (Gıda);Gaziantep;Lisans;7;1;;;"4799;3191";4799 - Aşağıdaki lisans programlarından birinden mezun olmak. | 3191 - Gıda Mühendisliği;3292f06c-c25b-eb11-80fa-a0369f7d1484
2020;72;390181397;Tarım ve Orman Bakanlığı Gaziantep İl Müdürlüğü Şehitkamil İlçe Müdürlüğü;Mühendis (Gıda);Gaziantep;Lisans;5;1;;;"4799;3191";4799 - Aşağıdaki lisans programlarından birinden mezun olmak. | 3191 - Gıda Mühendisliği;3392f06c-c25b-eb11-80fa-a0369f7d1484
2020;72;390181133;Tarım ve Orman Bakanlığı Gaziantep İl Müdürlüğü Yavuzeli İlçe Müdürlüğü;Mühendis (Ziraat);Gaziantep;Lisans;1;1;;;"4825;5135;4831;3202;8258;8289;4845;3385;3386;4212;6131;8147;8158;9048;9269;4846;9114;4853;3325;3383;3384;8221;8263;4854;9106;4857;3382;8261";4825 - Aşağıdaki lisans programlarından birinden mezun olmak. | 5135 - Ziraat Mühendisliği | 4831 - Aşağıdaki lisans programlarından birinden mezun olmak. | 3202 - Hayvansal Üretim | 8258 - Süt Teknolojisi | 8289 - Zootekni / Zooteknik | 4845 - Aşağıdaki lisans programlarından birinden mezun olmak. | 3385 - Tarla Bitkileri | 3386 - Toprak | 4212 - Bahçe ve Tarla Bitkileri | 6131 - Bitkisel Üretim | 8147 - Bahçe Bitkileri | 8158 - Bitki Koruma | 9048 - Toprak Bilimi ve Bitki Besleme | 9269 - Bitkisel Üretim ve Teknolojileri | 4846 - Aşağıdaki lisans programlarından birinden mezun olmak. | 9114 - Biyosistem Mühendisliği | 4853 - Aşağıdaki lisans programlarından birinden mezun olmak. | 3325 - Tarım Teknolojisi | 3383 - Tarım Makineleri | 3384 - Tarımsal Yapılar ve Sulama | 8221 - Kültürteknik | 8263 - Tarımsal Mekanizasyon | 4854 - Aşağıdaki lisans programlarından birinden mezun olmak. | 9106 - Tarımsal Biyoteknoloji | 4857 - Aşağıdaki lisans programlarından birinden mezun olmak. | 3382 - Tarım Ekonomisi | 8261 - Tarım İşletmeciliği;3e92f06c-c25b-eb11-80fa-a0369f7d1484
2020;72;390181398;Tarım ve Orman Bakanlığı Gaziantep İl Müdürlüğü Yavuzeli İlçe Müdürlüğü;Mühendis (Gıda);Gaziantep;Lisans;1;0;;;"4799;3191";4799 - Aşağıdaki lisans programlarından birinden mezun olmak. | 3191 - Gıda Mühendisliği;3492f06c-c25b-eb11-80fa-a0369f7d1484
2020;72;390181399;Tarım ve Orman Bakanlığı Giresun Gıda Kontrol Laboratuvar Müdürlüğü;Mühendis (Gıda);Giresun;Lisans;4;2;;;"4799;3191";4799 - Aşağıdaki lisans programlarından birinden mezun olmak. | 3191 - Gıda Mühendisliği;4692f06c-c25b-eb11-80fa-a0369f7d1484
2020;72;390181134;Tarım ve Orman Bakanlığı Giresun İl Müdürlüğü Alucra İlçe Müdürlüğü;Mühendis (Ziraat);Giresun;Lisans;1;0;;;"4825;5135;4831;3202;8258;8289;4845;3385;3386;4212;6131;8147;8158;9048;9269;4846;9114;4853;3325;3383;3384;8221;8263;4854;9106;4857;3382;8261";4825 - Aşağıdaki lisans programlarından birinden mezun olmak. | 5135 - Ziraat Mühendisliği | 4831 - Aşağıdaki lisans programlarından birinden mezun olmak. | 3202 - Hayvansal Üretim | 8258 - Süt Teknolojisi | 8289 - Zootekni / Zooteknik | 4845 - Aşağıdaki lisans programlarından birinden mezun olmak. | 3385 - Tarla Bitkileri | 3386 - Toprak | 4212 - Bahçe ve Tarla Bitkileri | 6131 - Bitkisel Üretim | 8147 - Bahçe Bitkileri | 8158 - Bitki Koruma | 9048 - Toprak Bilimi ve Bitki Besleme | 9269 - Bitkisel Üretim ve Teknolojileri | 4846 - Aşağıdaki lisans programlarından birinden mezun olmak. | 9114 - Biyosistem Mühendisliği | 4853 - Aşağıdaki lisans programlarından birinden mezun olmak. | 3325 - Tarım Teknolojisi | 3383 - Tarım Makineleri | 3384 - Tarımsal Yapılar ve Sulama | 8221 - Kültürteknik | 8263 - Tarımsal Mekanizasyon | 4854 - Aşağıdaki lisans programlarından birinden mezun olmak. | 9106 - Tarımsal Biyoteknoloji | 4857 - Aşağıdaki lisans programlarından birinden mezun olmak. | 3382 - Tarım Ekonomisi | 8261 - Tarım İşletmeciliği;3f92f06c-c25b-eb11-80fa-a0369f7d1484
2020;72;390181581;Tarım ve Orman Bakanlığı Giresun İl Müdürlüğü Çanakçı İlçe Müdürlüğü;Mühendis (Su Ürünleri);Giresun;Lisans;1;0;;;"4819;3202;3320;8337";4819 - Aşağıdaki lisans programlarından birinden mezun olmak. | 3202 - Hayvansal Üretim | 3320 - Su Ürünleri | 8337 - Su Ürünleri Mühendisliği;4992f06c-c25b-eb11-80fa-a0369f7d1484
2020;72;390181135;Tarım ve Orman Bakanlığı Giresun İl Müdürlüğü Dereli İlçe Müdürlüğü;Mühendis (Ziraat);Giresun;Lisans;1;2;;;"4825;5135;4831;3202;8258;8289;4845;3385;3386;4212;6131;8147;8158;9048;9269;4846;9114;4853;3325;3383;3384;8221;8263;4854;9106;4857;3382;8261";4825 - Aşağıdaki lisans programlarından birinden mezun olmak. | 5135 - Ziraat Mühendisliği | 4831 - Aşağıdaki lisans programlarından birinden mezun olmak. | 3202 - Hayvansal Üretim | 8258 - Süt Teknolojisi | 8289 - Zootekni / Zooteknik | 4845 - Aşağıdaki lisans programlarından birinden mezun olmak. | 3385 - Tarla Bitkileri | 3386 - Toprak | 4212 - Bahçe ve Tarla Bitkileri | 6131 - Bitkisel Üretim | 8147 - Bahçe Bitkileri | 8158 - Bitki Koruma | 9048 - Toprak Bilimi ve Bitki Besleme | 9269 - Bitkisel Üretim ve Teknolojileri | 4846 - Aşağıdaki lisans programlarından birinden mezun olmak. | 9114 - Biyosistem Mühendisliği | 4853 - Aşağıdaki lisans programlarından birinden mezun olmak. | 3325 - Tarım Teknolojisi | 3383 - Tarım Makineleri | 3384 - Tarımsal Yapılar ve Sulama | 8221 - Kültürteknik | 8263 - Tarımsal Mekanizasyon | 4854 - Aşağıdaki lisans programlarından birinden mezun olmak. | 9106 - Tarımsal Biyoteknoloji | 4857 - Aşağıdaki lisans programlarından birinden mezun olmak. | 3382 - Tarım Ekonomisi | 8261 - Tarım İşletmeciliği;4092f06c-c25b-eb11-80fa-a0369f7d1484
2020;72;390181582;Tarım ve Orman Bakanlığı Giresun İl Müdürlüğü Dereli İlçe Müdürlüğü;Mühendis (Su Ürünleri);Giresun;Lisans;1;0;;;"4819;3202;3320;8337";4819 - Aşağıdaki lisans programlarından birinden mezun olmak. | 3202 - Hayvansal Üretim | 3320 - Su Ürünleri | 8337 - Su Ürünleri Mühendisliği;4a92f06c-c25b-eb11-80fa-a0369f7d1484
2020;72;390181136;Tarım ve Orman Bakanlığı Giresun İl Müdürlüğü Doğankent İlçe Müdürlüğü;Mühendis (Ziraat);Giresun;Lisans;1;1;;;"4825;5135;4831;3202;8258;8289;4845;3385;3386;4212;6131;8147;8158;9048;9269;4846;9114;4853;3325;3383;3384;8221;8263;4854;9106;4857;3382;8261";4825 - Aşağıdaki lisans programlarından birinden mezun olmak. | 5135 - Ziraat Mühendisliği | 4831 - Aşağıdaki lisans programlarından birinden mezun olmak. | 3202 - Hayvansal Üretim | 8258 - Süt Teknolojisi | 8289 - Zootekni / Zooteknik | 4845 - Aşağıdaki lisans programlarından birinden mezun olmak. | 3385 - Tarla Bitkileri | 3386 - Toprak | 4212 - Bahçe ve Tarla Bitkileri | 6131 - Bitkisel Üretim | 8147 - Bahçe Bitkileri | 8158 - Bitki Koruma | 9048 - Toprak Bilimi ve Bitki Besleme | 9269 - Bitkisel Üretim ve Teknolojileri | 4846 - Aşağıdaki lisans programlarından birinden mezun olmak. | 9114 - Biyosistem Mühendisliği | 4853 - Aşağıdaki lisans programlarından birinden mezun olmak. | 3325 - Tarım Teknolojisi | 3383 - Tarım Makineleri | 3384 - Tarımsal Yapılar ve Sulama | 8221 - Kültürteknik | 8263 - Tarımsal Mekanizasyon | 4854 - Aşağıdaki lisans programlarından birinden mezun olmak. | 9106 - Tarımsal Biyoteknoloji | 4857 - Aşağıdaki lisans programlarından birinden mezun olmak. | 3382 - Tarım Ekonomisi | 8261 - Tarım İşletmeciliği;4192f06c-c25b-eb11-80fa-a0369f7d1484
2020;72;390181768;Tarım ve Orman Bakanlığı Giresun İl Müdürlüğü Espiye İlçe Müdürlüğü;Veteriner Hekim;Giresun;Lisans;1;0;;;"4607;6373";4607 - Aşağıdaki lisans programlarından birinden mezun olmak. | 6373 - Veteriner;4c92f06c-c25b-eb11-80fa-a0369f7d1484
2020;72;390181583;Tarım ve Orman Bakanlığı Giresun İl Müdürlüğü Eynesil İlçe Müdürlüğü;Mühendis (Su Ürünleri);Giresun;Lisans;1;0;;;"4819;3202;3320;8337";4819 - Aşağıdaki lisans programlarından birinden mezun olmak. | 3202 - Hayvansal Üretim | 3320 - Su Ürünleri | 8337 - Su Ürünleri Mühendisliği;4b92f06c-c25b-eb11-80fa-a0369f7d1484
2020;72;390181400;Tarım ve Orman Bakanlığı Giresun İl Müdürlüğü Gıda ve Yem Şube Müdürlüğü;Mühendis (Gıda);Giresun;Lisans;1;1;;;"4799;3191";4799 - Aşağıdaki lisans programlarından birinden mezun olmak. | 3191 - Gıda Mühendisliği;4792f06c-c25b-eb11-80fa-a0369f7d1484
2020;72;390181137;Tarım ve Orman Bakanlığı Giresun İl Müdürlüğü Güce İlçe Müdürlüğü;Mühendis (Ziraat);Giresun;Lisans;2;2;;;"4825;5135;4831;3202;8258;8289;4845;3385;3386;4212;6131;8147;8158;9048;9269;4846;9114;4853;3325;3383;3384;8221;8263;4854;9106;4857;3382;8261";4825 - Aşağıdaki lisans programlarından birinden mezun olmak. | 5135 - Ziraat Mühendisliği | 4831 - Aşağıdaki lisans programlarından birinden mezun olmak. | 3202 - Hayvansal Üretim | 8258 - Süt Teknolojisi | 8289 - Zootekni / Zooteknik | 4845 - Aşağıdaki lisans programlarından birinden mezun olmak. | 3385 - Tarla Bitkileri | 3386 - Toprak | 4212 - Bahçe ve Tarla Bitkileri | 6131 - Bitkisel Üretim | 8147 - Bahçe Bitkileri | 8158 - Bitki Koruma | 9048 - Toprak Bilimi ve Bitki Besleme | 9269 - Bitkisel Üretim ve Teknolojileri | 4846 - Aşağıdaki lisans programlarından birinden mezun olmak. | 9114 - Biyosistem Mühendisliği | 4853 - Aşağıdaki lisans programlarından birinden mezun olmak. | 3325 - Tarım Teknolojisi | 3383 - Tarım Makineleri | 3384 - Tarımsal Yapılar ve Sulama | 8221 - Kültürteknik | 8263 - Tarımsal Mekanizasyon | 4854 - Aşağıdaki lisans programlarından birinden mezun olmak. | 9106 - Tarımsal Biyoteknoloji | 4857 - Aşağıdaki lisans programlarından birinden mezun olmak. | 3382 - Tarım Ekonomisi | 8261 - Tarım İşletmeciliği;4292f06c-c25b-eb11-80fa-a0369f7d1484
2020;72;390181401;Tarım ve Orman Bakanlığı Giresun İl Müdürlüğü Piraziz İlçe Müdürlüğü;Mühendis (Gıda);Giresun;Lisans;1;0;;;"4799;3191";4799 - Aşağıdaki lisans programlarından birinden mezun olmak. | 3191 - Gıda Mühendisliği;4892f06c-c25b-eb11-80fa-a0369f7d1484
2020;72;390181769;Tarım ve Orman Bakanlığı Giresun İl Müdürlüğü Şebinkarahisar İlçe Müdürlüğü;Veteriner Hekim;Giresun;Lisans;2;0;;;"4607;6373";4607 - Aşağıdaki lisans programlarından birinden mezun olmak. | 6373 - Veteriner;4d92f06c-c25b-eb11-80fa-a0369f7d1484
2020;72;390181138;Tarım ve Orman Bakanlığı Giresun İl Müdürlüğü Yağlıdere İlçe Müdürlüğü;Mühendis (Ziraat);Giresun;Lisans;1;1;;;"4825;5135;4831;3202;8258;8289;4845;3385;3386;4212;6131;8147;8158;9048;9269;4846;9114;4853;3325;3383;3384;8221;8263;4854;9106;4857;3382;8261";4825 - Aşağıdaki lisans programlarından birinden mezun olmak. | 5135 - Ziraat Mühendisliği | 4831 - Aşağıdaki lisans programlarından birinden mezun olmak. | 3202 - Hayvansal Üretim | 8258 - Süt Teknolojisi | 8289 - Zootekni / Zooteknik | 4845 - Aşağıdaki lisans programlarından birinden mezun olmak. | 3385 - Tarla Bitkileri | 3386 - Toprak | 4212 - Bahçe ve Tarla Bitkileri | 6131 - Bitkisel Üretim | 8147 - Bahçe Bitkileri | 8158 - Bitki Koruma | 9048 - Toprak Bilimi ve Bitki Besleme | 9269 - Bitkisel Üretim ve Teknolojileri | 4846 - Aşağıdaki lisans programlarından birinden mezun olmak. | 9114 - Biyosistem Mühendisliği | 4853 - Aşağıdaki lisans programlarından birinden mezun olmak. | 3325 - Tarım Teknolojisi | 3383 - Tarım Makineleri | 3384 - Tarımsal Yapılar ve Sulama | 8221 - Kültürteknik | 8263 - Tarımsal Mekanizasyon | 4854 - Aşağıdaki lisans programlarından birinden mezun olmak. | 9106 - Tarımsal Biyoteknoloji | 4857 - Aşağıdaki lisans programlarından birinden mezun olmak. | 3382 - Tarım Ekonomisi | 8261 - Tarım İşletmeciliği;4392f06c-c25b-eb11-80fa-a0369f7d1484
2020;72;390181139;Tarım ve Orman Bakanlığı Gümüşhane İl Müdürlüğü Arazi Toplulaştırma ve Tarımsal Altyapı Şube Müdürlüğü;Mühendis (Ziraat);Gümüşhane;Lisans;1;1;;;"4825;5135;4831;3202;8258;8289;4845;3385;3386;4212;6131;8147;8158;9048;9269;4846;9114;4853;3325;3383;3384;8221;8263;4854;9106;4857;3382;8261";4825 - Aşağıdaki lisans programlarından birinden mezun olmak. | 5135 - Ziraat Mühendisliği | 4831 - Aşağıdaki lisans programlarından birinden mezun olmak. | 3202 - Hayvansal Üretim | 8258 - Süt Teknolojisi | 8289 - Zootekni / Zooteknik | 4845 - Aşağıdaki lisans programlarından birinden mezun olmak. | 3385 - Tarla Bitkileri | 3386 - Toprak | 4212 - Bahçe ve Tarla Bitkileri | 6131 - Bitkisel Üretim | 8147 - Bahçe Bitkileri | 8158 - Bitki Koruma | 9048 - Toprak Bilimi ve Bitki Besleme | 9269 - Bitkisel Üretim ve Teknolojileri | 4846 - Aşağıdaki lisans programlarından birinden mezun olmak. | 9114 - Biyosistem Mühendisliği | 4853 - Aşağıdaki lisans programlarından birinden mezun olmak. | 3325 - Tarım Teknolojisi | 3383 - Tarım Makineleri | 3384 - Tarımsal Yapılar ve Sulama | 8221 - Kültürteknik | 8263 - Tarımsal Mekanizasyon | 4854 - Aşağıdaki lisans programlarından birinden mezun olmak. | 9106 - Tarımsal Biyoteknoloji | 4857 - Aşağıdaki lisans programlarından birinden mezun olmak. | 3382 - Tarım Ekonomisi | 8261 - Tarım İşletmeciliği;5c92f06c-c25b-eb11-80fa-a0369f7d1484
2020;72;390181140;Tarım ve Orman Bakanlığı Gümüşhane İl Müdürlüğü Çayır, Mera ve Yem Bitkileri Şube Müdürlüğü;Mühendis (Ziraat);Gümüşhane;Lisans;1;1;;;"4825;5135;4831;3202;8258;8289;4845;3385;3386;4212;6131;8147;8158;9048;9269;4846;9114;4853;3325;3383;3384;8221;8263;4854;9106;4857;3382;8261";4825 - Aşağıdaki lisans programlarından birinden mezun olmak. | 5135 - Ziraat Mühendisliği | 4831 - Aşağıdaki lisans programlarından birinden mezun olmak. | 3202 - Hayvansal Üretim | 8258 - Süt Teknolojisi | 8289 - Zootekni / Zooteknik | 4845 - Aşağıdaki lisans programlarından birinden mezun olmak. | 3385 - Tarla Bitkileri | 3386 - Toprak | 4212 - Bahçe ve Tarla Bitkileri | 6131 - Bitkisel Üretim | 8147 - Bahçe Bitkileri | 8158 - Bitki Koruma | 9048 - Toprak Bilimi ve Bitki Besleme | 9269 - Bitkisel Üretim ve Teknolojileri | 4846 - Aşağıdaki lisans programlarından birinden mezun olmak. | 9114 - Biyosistem Mühendisliği | 4853 - Aşağıdaki lisans programlarından birinden mezun olmak. | 3325 - Tarım Teknolojisi | 3383 - Tarım Makineleri | 3384 - Tarımsal Yapılar ve Sulama | 8221 - Kültürteknik | 8263 - Tarımsal Mekanizasyon | 4854 - Aşağıdaki lisans programlarından birinden mezun olmak. | 9106 - Tarımsal Biyoteknoloji | 4857 - Aşağıdaki lisans programlarından birinden mezun olmak. | 3382 - Tarım Ekonomisi | 8261 - Tarım İşletmeciliği;5d92f06c-c25b-eb11-80fa-a0369f7d1484
2020;72;390181402;Tarım ve Orman Bakanlığı Gümüşhane İl Müdürlüğü Gıda ve Yem Şube Müdürlüğü;Mühendis (Gıda);Gümüşhane;Lisans;3;0;;;"4799;3191";4799 - Aşağıdaki lisans programlarından birinden mezun olmak. | 3191 - Gıda Mühendisliği;5592f06c-c25b-eb11-80fa-a0369f7d1484
2020;72;390181770;Tarım ve Orman Bakanlığı Gümüşhane İl Müdürlüğü Hayvan Sağlığı,Yetiş.Ve Su Ürün.Şb.Müd.;Veteriner Hekim;Gümüşhane;Lisans;1;0;;;"4607;6373";4607 - Aşağıdaki lisans programlarından birinden mezun olmak. | 6373 - Veteriner;4e92f06c-c25b-eb11-80fa-a0369f7d1484
2020;72;390181141;Tarım ve Orman Bakanlığı Gümüşhane İl Müdürlüğü Kelkit İlçe Müdürlüğü;Mühendis (Ziraat);Gümüşhane;Lisans;2;0;;;"4825;5135;4831;3202;8258;8289;4845;3385;3386;4212;6131;8147;8158;9048;9269;4846;9114;4853;3325;3383;3384;8221;8263;4854;9106;4857;3382;8261";4825 - Aşağıdaki lisans programlarından birinden mezun olmak. | 5135 - Ziraat Mühendisliği | 4831 - Aşağıdaki lisans programlarından birinden mezun olmak. | 3202 - Hayvansal Üretim | 8258 - Süt Teknolojisi | 8289 - Zootekni / Zooteknik | 4845 - Aşağıdaki lisans programlarından birinden mezun olmak. | 3385 - Tarla Bitkileri | 3386 - Toprak | 4212 - Bahçe ve Tarla Bitkileri | 6131 - Bitkisel Üretim | 8147 - Bahçe Bitkileri | 8158 - Bitki Koruma | 9048 - Toprak Bilimi ve Bitki Besleme | 9269 - Bitkisel Üretim ve Teknolojileri | 4846 - Aşağıdaki lisans programlarından birinden mezun olmak. | 9114 - Biyosistem Mühendisliği | 4853 - Aşağıdaki lisans programlarından birinden mezun olmak. | 3325 - Tarım Teknolojisi | 3383 - Tarım Makineleri | 3384 - Tarımsal Yapılar ve Sulama | 8221 - Kültürteknik | 8263 - Tarımsal Mekanizasyon | 4854 - Aşağıdaki lisans programlarından birinden mezun olmak. | 9106 - Tarımsal Biyoteknoloji | 4857 - Aşağıdaki lisans programlarından birinden mezun olmak. | 3382 - Tarım Ekonomisi | 8261 - Tarım İşletmeciliği;5e92f06c-c25b-eb11-80fa-a0369f7d1484
2020;72;390181771;Tarım ve Orman Bakanlığı Gümüşhane İl Müdürlüğü Kelkit İlçe Müdürlüğü;Veteriner Hekim;Gümüşhane;Lisans;4;0;;;"4607;6373";4607 - Aşağıdaki lisans programlarından birinden mezun olmak. | 6373 - Veteriner;4f92f06c-c25b-eb11-80fa-a0369f7d1484
2020;72;390181142;Tarım ve Orman Bakanlığı Gümüşhane İl Müdürlüğü Kırsal Kalkınma ve Örgütlenme Şube Müdürlüğü;Mühendis (Ziraat);Gümüşhane;Lisans;1;0;;;"4825;5135;4831;3202;8258;8289;4845;3385;3386;4212;6131;8147;8158;9048;9269;4846;9114;4853;3325;3383;3384;8221;8263;4854;9106;4857;3382;8261";4825 - Aşağıdaki lisans programlarından birinden mezun olmak. | 5135 - Ziraat Mühendisliği | 4831 - Aşağıdaki lisans programlarından birinden mezun olmak. | 3202 - Hayvansal Üretim | 8258 - Süt Teknolojisi | 8289 - Zootekni / Zooteknik | 4845 - Aşağıdaki lisans programlarından birinden mezun olmak. | 3385 - Tarla Bitkileri | 3386 - Toprak | 4212 - Bahçe ve Tarla Bitkileri | 6131 - Bitkisel Üretim | 8147 - Bahçe Bitkileri | 8158 - Bitki Koruma | 9048 - Toprak Bilimi ve Bitki Besleme | 9269 - Bitkisel Üretim ve Teknolojileri | 4846 - Aşağıdaki lisans programlarından birinden mezun olmak. | 9114 - Biyosistem Mühendisliği | 4853 - Aşağıdaki lisans programlarından birinden mezun olmak. | 3325 - Tarım Teknolojisi | 3383 - Tarım Makineleri | 3384 - Tarımsal Yapılar ve Sulama | 8221 - Kültürteknik | 8263 - Tarımsal Mekanizasyon | 4854 - Aşağıdaki lisans programlarından birinden mezun olmak. | 9106 - Tarımsal Biyoteknoloji | 4857 - Aşağıdaki lisans programlarından birinden mezun olmak. | 3382 - Tarım Ekonomisi | 8261 - Tarım İşletmeciliği;5f92f06c-c25b-eb11-80fa-a0369f7d1484
2020;72;390181143;Tarım ve Orman Bakanlığı Gümüşhane İl Müdürlüğü Koordinasyon ve Tarımsal Veriler Şube Müdürlüğü;Mühendis (Ziraat);Gümüşhane;Lisans;1;0;;;"4825;5135;4831;3202;8258;8289;4845;3385;3386;4212;6131;8147;8158;9048;9269;4846;9114;4853;3325;3383;3384;8221;8263;4854;9106;4857;3382;8261";4825 - Aşağıdaki lisans programlarından birinden mezun olmak. | 5135 - Ziraat Mühendisliği | 4831 - Aşağıdaki lisans programlarından birinden mezun olmak. | 3202 - Hayvansal Üretim | 8258 - Süt Teknolojisi | 8289 - Zootekni / Zooteknik | 4845 - Aşağıdaki lisans programlarından birinden mezun olmak. | 3385 - Tarla Bitkileri | 3386 - Toprak | 4212 - Bahçe ve Tarla Bitkileri | 6131 - Bitkisel Üretim | 8147 - Bahçe Bitkileri | 8158 - Bitki Koruma | 9048 - Toprak Bilimi ve Bitki Besleme | 9269 - Bitkisel Üretim ve Teknolojileri | 4846 - Aşağıdaki lisans programlarından birinden mezun olmak. | 9114 - Biyosistem Mühendisliği | 4853 - Aşağıdaki lisans programlarından birinden mezun olmak. | 3325 - Tarım Teknolojisi | 3383 - Tarım Makineleri | 3384 - Tarımsal Yapılar ve Sulama | 8221 - Kültürteknik | 8263 - Tarımsal Mekanizasyon | 4854 - Aşağıdaki lisans programlarından birinden mezun olmak. | 9106 - Tarımsal Biyoteknoloji | 4857 - Aşağıdaki lisans programlarından birinden mezun olmak. | 3382 - Tarım Ekonomisi | 8261 - Tarım İşletmeciliği;6092f06c-c25b-eb11-80fa-a0369f7d1484
2020;72;390181144;Tarım ve Orman Bakanlığı Gümüşhane İl Müdürlüğü Köse İlçe Müdürlüğü;Mühendis (Ziraat);Gümüşhane;Lisans;1;0;;;"4825;5135;4831;3202;8258;8289;4845;3385;3386;4212;6131;8147;8158;9048;9269;4846;9114;4853;3325;3383;3384;8221;8263;4854;9106;4857;3382;8261";4825 - Aşağıdaki lisans programlarından birinden mezun olmak. | 5135 - Ziraat Mühendisliği | 4831 - Aşağıdaki lisans programlarından birinden mezun olmak. | 3202 - Hayvansal Üretim | 8258 - Süt Teknolojisi | 8289 - Zootekni / Zooteknik | 4845 - Aşağıdaki lisans programlarından birinden mezun olmak. | 3385 - Tarla Bitkileri | 3386 - Toprak | 4212 - Bahçe ve Tarla Bitkileri | 6131 - Bitkisel Üretim | 8147 - Bahçe Bitkileri | 8158 - Bitki Koruma | 9048 - Toprak Bilimi ve Bitki Besleme | 9269 - Bitkisel Üretim ve Teknolojileri | 4846 - Aşağıdaki lisans programlarından birinden mezun olmak. | 9114 - Biyosistem Mühendisliği | 4853 - Aşağıdaki lisans programlarından birinden mezun olmak. | 3325 - Tarım Teknolojisi | 3383 - Tarım Makineleri | 3384 - Tarımsal Yapılar ve Sulama | 8221 - Kültürteknik | 8263 - Tarımsal Mekanizasyon | 4854 - Aşağıdaki lisans programlarından birinden mezun olmak. | 9106 - Tarımsal Biyoteknoloji | 4857 - Aşağıdaki lisans programlarından birinden mezun olmak. | 3382 - Tarım Ekonomisi | 8261 - Tarım İşletmeciliği;6192f06c-c25b-eb11-80fa-a0369f7d1484
2020;72;390181772;Tarım ve Orman Bakanlığı Gümüşhane İl Müdürlüğü Köse İlçe Müdürlüğü;Veteriner Hekim;Gümüşhane;Lisans;3;0;;;"4607;6373";4607 - Aşağıdaki lisans programlarından birinden mezun olmak. | 6373 - Veteriner;5092f06c-c25b-eb11-80fa-a0369f7d1484
2020;72;390181145;Tarım ve Orman Bakanlığı Gümüşhane İl Müdürlüğü Kürtün İlçe Müdürlüğü;Mühendis (Ziraat);Gümüşhane;Lisans;3;1;;;"4825;5135;4831;3202;8258;8289;4845;3385;3386;4212;6131;8147;8158;9048;9269;4846;9114;4853;3325;3383;3384;8221;8263;4854;9106;4857;3382;8261";4825 - Aşağıdaki lisans programlarından birinden mezun olmak. | 5135 - Ziraat Mühendisliği | 4831 - Aşağıdaki lisans programlarından birinden mezun olmak. | 3202 - Hayvansal Üretim | 8258 - Süt Teknolojisi | 8289 - Zootekni / Zooteknik | 4845 - Aşağıdaki lisans programlarından birinden mezun olmak. | 3385 - Tarla Bitkileri | 3386 - Toprak | 4212 - Bahçe ve Tarla Bitkileri | 6131 - Bitkisel Üretim | 8147 - Bahçe Bitkileri | 8158 - Bitki Koruma | 9048 - Toprak Bilimi ve Bitki Besleme | 9269 - Bitkisel Üretim ve Teknolojileri | 4846 - Aşağıdaki lisans programlarından birinden mezun olmak. | 9114 - Biyosistem Mühendisliği | 4853 - Aşağıdaki lisans programlarından birinden mezun olmak. | 3325 - Tarım Teknolojisi | 3383 - Tarım Makineleri | 3384 - Tarımsal Yapılar ve Sulama | 8221 - Kültürteknik | 8263 - Tarımsal Mekanizasyon | 4854 - Aşağıdaki lisans programlarından birinden mezun olmak. | 9106 - Tarımsal Biyoteknoloji | 4857 - Aşağıdaki lisans programlarından birinden mezun olmak. | 3382 - Tarım Ekonomisi | 8261 - Tarım İşletmeciliği;6292f06c-c25b-eb11-80fa-a0369f7d1484
2020;72;390181773;Tarım ve Orman Bakanlığı Gümüşhane İl Müdürlüğü Kürtün İlçe Müdürlüğü;Veteriner Hekim;Gümüşhane;Lisans;3;0;;;"4607;6373";4607 - Aşağıdaki lisans programlarından birinden mezun olmak. | 6373 - Veteriner;5192f06c-c25b-eb11-80fa-a0369f7d1484
2020;72;390181146;Tarım ve Orman Bakanlığı Gümüşhane İl Müdürlüğü Şiran İlçe Müdürlüğü;Mühendis (Ziraat);Gümüşhane;Lisans;2;0;;;"4825;5135;4831;3202;8258;8289;4845;3385;3386;4212;6131;8147;8158;9048;9269;4846;9114;4853;3325;3383;3384;8221;8263;4854;9106;4857;3382;8261";4825 - Aşağıdaki lisans programlarından birinden mezun olmak. | 5135 - Ziraat Mühendisliği | 4831 - Aşağıdaki lisans programlarından birinden mezun olmak. | 3202 - Hayvansal Üretim | 8258 - Süt Teknolojisi | 8289 - Zootekni / Zooteknik | 4845 - Aşağıdaki lisans programlarından birinden mezun olmak. | 3385 - Tarla Bitkileri | 3386 - Toprak | 4212 - Bahçe ve Tarla Bitkileri | 6131 - Bitkisel Üretim | 8147 - Bahçe Bitkileri | 8158 - Bitki Koruma | 9048 - Toprak Bilimi ve Bitki Besleme | 9269 - Bitkisel Üretim ve Teknolojileri | 4846 - Aşağıdaki lisans programlarından birinden mezun olmak. | 9114 - Biyosistem Mühendisliği | 4853 - Aşağıdaki lisans programlarından birinden mezun olmak. | 3325 - Tarım Teknolojisi | 3383 - Tarım Makineleri | 3384 - Tarımsal Yapılar ve Sulama | 8221 - Kültürteknik | 8263 - Tarımsal Mekanizasyon | 4854 - Aşağıdaki lisans programlarından birinden mezun olmak. | 9106 - Tarımsal Biyoteknoloji | 4857 - Aşağıdaki lisans programlarından birinden mezun olmak. | 3382 - Tarım Ekonomisi | 8261 - Tarım İşletmeciliği;6392f06c-c25b-eb11-80fa-a0369f7d1484
2020;72;390181584;Tarım ve Orman Bakanlığı Gümüşhane İl Müdürlüğü Şiran İlçe Müdürlüğü;Mühendis (Su Ürünleri);Gümüşhane;Lisans;1;0;;;"4819;3202;3320;8337";4819 - Aşağıdaki lisans programlarından birinden mezun olmak. | 3202 - Hayvansal Üretim | 3320 - Su Ürünleri | 8337 - Su Ürünleri Mühendisliği;5492f06c-c25b-eb11-80fa-a0369f7d1484
2020;72;390181774;Tarım ve Orman Bakanlığı Gümüşhane İl Müdürlüğü Şiran İlçe Müdürlüğü;Veteriner Hekim;Gümüşhane;Lisans;4;0;;;"4607;6373";4607 - Aşağıdaki lisans programlarından birinden mezun olmak. | 6373 - Veteriner;5292f06c-c25b-eb11-80fa-a0369f7d1484
2020;72;390181147;Tarım ve Orman Bakanlığı Gümüşhane İl Müdürlüğü Torul İlçe Müdürlüğü;Mühendis (Ziraat);Gümüşhane;Lisans;3;1;;;"4825;5135;4831;3202;8258;8289;4845;3385;3386;4212;6131;8147;8158;9048;9269;4846;9114;4853;3325;3383;3384;8221;8263;4854;9106;4857;3382;8261";4825 - Aşağıdaki lisans programlarından birinden mezun olmak. | 5135 - Ziraat Mühendisliği | 4831 - Aşağıdaki lisans programlarından birinden mezun olmak. | 3202 - Hayvansal Üretim | 8258 - Süt Teknolojisi | 8289 - Zootekni / Zooteknik | 4845 - Aşağıdaki lisans programlarından birinden mezun olmak. | 3385 - Tarla Bitkileri | 3386 - Toprak | 4212 - Bahçe ve Tarla Bitkileri | 6131 - Bitkisel Üretim | 8147 - Bahçe Bitkileri | 8158 - Bitki Koruma | 9048 - Toprak Bilimi ve Bitki Besleme | 9269 - Bitkisel Üretim ve Teknolojileri | 4846 - Aşağıdaki lisans programlarından birinden mezun olmak. | 9114 - Biyosistem Mühendisliği | 4853 - Aşağıdaki lisans programlarından birinden mezun olmak. | 3325 - Tarım Teknolojisi | 3383 - Tarım Makineleri | 3384 - Tarımsal Yapılar ve Sulama | 8221 - Kültürteknik | 8263 - Tarımsal Mekanizasyon | 4854 - Aşağıdaki lisans programlarından birinden mezun olmak. | 9106 - Tarımsal Biyoteknoloji | 4857 - Aşağıdaki lisans programlarından birinden mezun olmak. | 3382 - Tarım Ekonomisi | 8261 - Tarım İşletmeciliği;6492f06c-c25b-eb11-80fa-a0369f7d1484
2020;72;390181775;Tarım ve Orman Bakanlığı Gümüşhane İl Müdürlüğü Torul İlçe Müdürlüğü;Veteriner Hekim;Gümüşhane;Lisans;4;0;;;"4607;6373";4607 - Aşağıdaki lisans programlarından birinden mezun olmak. | 6373 - Veteriner;5392f06c-c25b-eb11-80fa-a0369f7d1484
2020;72;390181148;Tarım ve Orman Bakanlığı Hakkari İl Müdürlüğü Arazi Toplulaştırma ve Tarımsal Altyapı Şube Müdürlüğü;Mühendis (Ziraat);Hakkari;Lisans;1;0;;;"4825;5135;4831;3202;8258;8289;4845;3385;3386;4212;6131;8147;8158;9048;9269;4846;9114;4853;3325;3383;3384;8221;8263;4854;9106;4857;3382;8261";4825 - Aşağıdaki lisans programlarından birinden mezun olmak. | 5135 - Ziraat Mühendisliği | 4831 - Aşağıdaki lisans programlarından birinden mezun olmak. | 3202 - Hayvansal Üretim | 8258 - Süt Teknolojisi | 8289 - Zootekni / Zooteknik | 4845 - Aşağıdaki lisans programlarından birinden mezun olmak. | 3385 - Tarla Bitkileri | 3386 - Toprak | 4212 - Bahçe ve Tarla Bitkileri | 6131 - Bitkisel Üretim | 8147 - Bahçe Bitkileri | 8158 - Bitki Koruma | 9048 - Toprak Bilimi ve Bitki Besleme | 9269 - Bitkisel Üretim ve Teknolojileri | 4846 - Aşağıdaki lisans programlarından birinden mezun olmak. | 9114 - Biyosistem Mühendisliği | 4853 - Aşağıdaki lisans programlarından birinden mezun olmak. | 3325 - Tarım Teknolojisi | 3383 - Tarım Makineleri | 3384 - Tarımsal Yapılar ve Sulama | 8221 - Kültürteknik | 8263 - Tarımsal Mekanizasyon | 4854 - Aşağıdaki lisans programlarından birinden mezun olmak. | 9106 - Tarımsal Biyoteknoloji | 4857 - Aşağıdaki lisans programlarından birinden mezun olmak. | 3382 - Tarım Ekonomisi | 8261 - Tarım İşletmeciliği;6592f06c-c25b-eb11-80fa-a0369f7d1484
2020;72;390181149;Tarım ve Orman Bakanlığı Hakkari İl Müdürlüğü Bitkisel Üretim ve Bitki Sağlığı Şube Müdürlüğü;Mühendis (Ziraat);Hakkari;Lisans;5;0;;;"4825;5135;4831;3202;8258;8289;4845;3385;3386;4212;6131;8147;8158;9048;9269;4846;9114;4853;3325;3383;3384;8221;8263;4854;9106;4857;3382;8261";4825 - Aşağıdaki lisans programlarından birinden mezun olmak. | 5135 - Ziraat Mühendisliği | 4831 - Aşağıdaki lisans programlarından birinden mezun olmak. | 3202 - Hayvansal Üretim | 8258 - Süt Teknolojisi | 8289 - Zootekni / Zooteknik | 4845 - Aşağıdaki lisans programlarından birinden mezun olmak. | 3385 - Tarla Bitkileri | 3386 - Toprak | 4212 - Bahçe ve Tarla Bitkileri | 6131 - Bitkisel Üretim | 8147 - Bahçe Bitkileri | 8158 - Bitki Koruma | 9048 - Toprak Bilimi ve Bitki Besleme | 9269 - Bitkisel Üretim ve Teknolojileri | 4846 - Aşağıdaki lisans programlarından birinden mezun olmak. | 9114 - Biyosistem Mühendisliği | 4853 - Aşağıdaki lisans programlarından birinden mezun olmak. | 3325 - Tarım Teknolojisi | 3383 - Tarım Makineleri | 3384 - Tarımsal Yapılar ve Sulama | 8221 - Kültürteknik | 8263 - Tarımsal Mekanizasyon | 4854 - Aşağıdaki lisans programlarından birinden mezun olmak. | 9106 - Tarımsal Biyoteknoloji | 4857 - Aşağıdaki lisans programlarından birinden mezun olmak. | 3382 - Tarım Ekonomisi | 8261 - Tarım İşletmeciliği;6692f06c-c25b-eb11-80fa-a0369f7d1484
2020;72;390181150;Tarım ve Orman Bakanlığı Hakkari İl Müdürlüğü Çayır, Mera ve Yem Bitkileri Şube Müdürlüğü;Mühendis (Ziraat);Hakkari;Lisans;3;0;;;"4825;5135;4831;3202;8258;8289;4845;3385;3386;4212;6131;8147;8158;9048;9269;4846;9114;4853;3325;3383;3384;8221;8263;4854;9106;4857;3382;8261";4825 - Aşağıdaki lisans programlarından birinden mezun olmak. | 5135 - Ziraat Mühendisliği | 4831 - Aşağıdaki lisans programlarından birinden mezun olmak. | 3202 - Hayvansal Üretim | 8258 - Süt Teknolojisi | 8289 - Zootekni / Zooteknik | 4845 - Aşağıdaki lisans programlarından birinden mezun olmak. | 3385 - Tarla Bitkileri | 3386 - Toprak | 4212 - Bahçe ve Tarla Bitkileri | 6131 - Bitkisel Üretim | 8147 - Bahçe Bitkileri | 8158 - Bitki Koruma | 9048 - Toprak Bilimi ve Bitki Besleme | 9269 - Bitkisel Üretim ve Teknolojileri | 4846 - Aşağıdaki lisans programlarından birinden mezun olmak. | 9114 - Biyosistem Mühendisliği | 4853 - Aşağıdaki lisans programlarından birinden mezun olmak. | 3325 - Tarım Teknolojisi | 3383 - Tarım Makineleri | 3384 - Tarımsal Yapılar ve Sulama | 8221 - Kültürteknik | 8263 - Tarımsal Mekanizasyon | 4854 - Aşağıdaki lisans programlarından birinden mezun olmak. | 9106 - Tarımsal Biyoteknoloji | 4857 - Aşağıdaki lisans programlarından birinden mezun olmak. | 3382 - Tarım Ekonomisi | 8261 - Tarım İşletmeciliği;6792f06c-c25b-eb11-80fa-a0369f7d1484
2020;72;390181151;Tarım ve Orman Bakanlığı Hakkari İl Müdürlüğü Çukurca İlçe Müdürlüğü;Mühendis (Ziraat);Hakkari;Lisans;2;0;;;"4825;5135;4831;3202;8258;8289;4845;3385;3386;4212;6131;8147;8158;9048;9269;4846;9114;4853;3325;3383;3384;8221;8263;4854;9106;4857;3382;8261";4825 - Aşağıdaki lisans programlarından birinden mezun olmak. | 5135 - Ziraat Mühendisliği | 4831 - Aşağıdaki lisans programlarından birinden mezun olmak. | 3202 - Hayvansal Üretim | 8258 - Süt Teknolojisi | 8289 - Zootekni / Zooteknik | 4845 - Aşağıdaki lisans programlarından birinden mezun olmak. | 3385 - Tarla Bitkileri | 3386 - Toprak | 4212 - Bahçe ve Tarla Bitkileri | 6131 - Bitkisel Üretim | 8147 - Bahçe Bitkileri | 8158 - Bitki Koruma | 9048 - Toprak Bilimi ve Bitki Besleme | 9269 - Bitkisel Üretim ve Teknolojileri | 4846 - Aşağıdaki lisans programlarından birinden mezun olmak. | 9114 - Biyosistem Mühendisliği | 4853 - Aşağıdaki lisans programlarından birinden mezun olmak. | 3325 - Tarım Teknolojisi | 3383 - Tarım Makineleri | 3384 - Tarımsal Yapılar ve Sulama | 8221 - Kültürteknik | 8263 - Tarımsal Mekanizasyon | 4854 - Aşağıdaki lisans programlarından birinden mezun olmak. | 9106 - Tarımsal Biyoteknoloji | 4857 - Aşağıdaki lisans programlarından birinden mezun olmak. | 3382 - Tarım Ekonomisi | 8261 - Tarım İşletmeciliği;6892f06c-c25b-eb11-80fa-a0369f7d1484
2020;72;390181776;Tarım ve Orman Bakanlığı Hakkari İl Müdürlüğü Çukurca İlçe Müdürlüğü;Veteriner Hekim;Hakkari;Lisans;2;0;;;"4607;6373";4607 - Aşağıdaki lisans programlarından birinden mezun olmak. | 6373 - Veteriner;7192f06c-c25b-eb11-80fa-a0369f7d1484
2020;72;390181152;Tarım ve Orman Bakanlığı Hakkari İl Müdürlüğü Derecik İlçe Müdürlüğü;Mühendis (Ziraat);Hakkari;Lisans;2;0;;;"4825;5135;4831;3202;8258;8289;4845;3385;3386;4212;6131;8147;8158;9048;9269;4846;9114;4853;3325;3383;3384;8221;8263;4854;9106;4857;3382;8261";4825 - Aşağıdaki lisans programlarından birinden mezun olmak. | 5135 - Ziraat Mühendisliği | 4831 - Aşağıdaki lisans programlarından birinden mezun olmak. | 3202 - Hayvansal Üretim | 8258 - Süt Teknolojisi | 8289 - Zootekni / Zooteknik | 4845 - Aşağıdaki lisans programlarından birinden mezun olmak. | 3385 - Tarla Bitkileri | 3386 - Toprak | 4212 - Bahçe ve Tarla Bitkileri | 6131 - Bitkisel Üretim | 8147 - Bahçe Bitkileri | 8158 - Bitki Koruma | 9048 - Toprak Bilimi ve Bitki Besleme | 9269 - Bitkisel Üretim ve Teknolojileri | 4846 - Aşağıdaki lisans programlarından birinden mezun olmak. | 9114 - Biyosistem Mühendisliği | 4853 - Aşağıdaki lisans programlarından birinden mezun olmak. | 3325 - Tarım Teknolojisi | 3383 - Tarım Makineleri | 3384 - Tarımsal Yapılar ve Sulama | 8221 - Kültürteknik | 8263 - Tarımsal Mekanizasyon | 4854 - Aşağıdaki lisans programlarından birinden mezun olmak. | 9106 - Tarımsal Biyoteknoloji | 4857 - Aşağıdaki lisans programlarından birinden mezun olmak. | 3382 - Tarım Ekonomisi | 8261 - Tarım İşletmeciliği;6992f06c-c25b-eb11-80fa-a0369f7d1484
2020;72;390181777;Tarım ve Orman Bakanlığı Hakkari İl Müdürlüğü Derecik İlçe Müdürlüğü;Veteriner Hekim;Hakkari;Lisans;4;0;;;"4607;6373";4607 - Aşağıdaki lisans programlarından birinden mezun olmak. | 6373 - Veteriner;7292f06c-c25b-eb11-80fa-a0369f7d1484
2020;72;390181403;Tarım ve Orman Bakanlığı Hakkari İl Müdürlüğü Gıda ve Yem Şube Müdürlüğü;Mühendis (Gıda);Hakkari;Lisans;2;0;;;"4799;3191";4799 - Aşağıdaki lisans programlarından birinden mezun olmak. | 3191 - Gıda Mühendisliği;7092f06c-c25b-eb11-80fa-a0369f7d1484
2020;72;390181778;Tarım ve Orman Bakanlığı Hakkari İl Müdürlüğü Gıda ve Yem Şube Müdürlüğü;Veteriner Hekim;Hakkari;Lisans;1;0;;;"4607;6373";4607 - Aşağıdaki lisans programlarından birinden mezun olmak. | 6373 - Veteriner;7392f06c-c25b-eb11-80fa-a0369f7d1484
2020;72;390181779;Tarım ve Orman Bakanlığı Hakkari İl Müdürlüğü Hayvan Sağlığı,Yetiştrc.Ve Su Ürünl.Şb.Müd.;Veteriner Hekim;Hakkari;Lisans;2;0;;;"4607;6373";4607 - Aşağıdaki lisans programlarından birinden mezun olmak. | 6373 - Veteriner;7492f06c-c25b-eb11-80fa-a0369f7d1484
2020;72;390181153;Tarım ve Orman Bakanlığı Hakkari İl Müdürlüğü Kırsal Kalkınma ve Örgütlenme Şube Müdürlüğü;Mühendis (Ziraat);Hakkari;Lisans;6;1;;;"4825;5135;4831;3202;8258;8289;4845;3385;3386;4212;6131;8147;8158;9048;9269;4846;9114;4853;3325;3383;3384;8221;8263;4854;9106;4857;3382;8261";4825 - Aşağıdaki lisans programlarından birinden mezun olmak. | 5135 - Ziraat Mühendisliği | 4831 - Aşağıdaki lisans programlarından birinden mezun olmak. | 3202 - Hayvansal Üretim | 8258 - Süt Teknolojisi | 8289 - Zootekni / Zooteknik | 4845 - Aşağıdaki lisans programlarından birinden mezun olmak. | 3385 - Tarla Bitkileri | 3386 - Toprak | 4212 - Bahçe ve Tarla Bitkileri | 6131 - Bitkisel Üretim | 8147 - Bahçe Bitkileri | 8158 - Bitki Koruma | 9048 - Toprak Bilimi ve Bitki Besleme | 9269 - Bitkisel Üretim ve Teknolojileri | 4846 - Aşağıdaki lisans programlarından birinden mezun olmak. | 9114 - Biyosistem Mühendisliği | 4853 - Aşağıdaki lisans programlarından birinden mezun olmak. | 3325 - Tarım Teknolojisi | 3383 - Tarım Makineleri | 3384 - Tarımsal Yapılar ve Sulama | 8221 - Kültürteknik | 8263 - Tarımsal Mekanizasyon | 4854 - Aşağıdaki lisans programlarından birinden mezun olmak. | 9106 - Tarımsal Biyoteknoloji | 4857 - Aşağıdaki lisans programlarından birinden mezun olmak. | 3382 - Tarım Ekonomisi | 8261 - Tarım İşletmeciliği;6a92f06c-c25b-eb11-80fa-a0369f7d1484
2020;72;390181154;Tarım ve Orman Bakanlığı Hakkari İl Müdürlüğü Koordinasyon ve Tarımsal Veriler Şube Müdürlüğü;Mühendis (Ziraat);Hakkari;Lisans;8;1;;;"4825;5135;4831;3202;8258;8289;4845;3385;3386;4212;6131;8147;8158;9048;9269;4846;9114;4853;3325;3383;3384;8221;8263;4854;9106;4857;3382;8261";4825 - Aşağıdaki lisans programlarından birinden mezun olmak. | 5135 - Ziraat Mühendisliği | 4831 - Aşağıdaki lisans programlarından birinden mezun olmak. | 3202 - Hayvansal Üretim | 8258 - Süt Teknolojisi | 8289 - Zootekni / Zooteknik | 4845 - Aşağıdaki lisans programlarından birinden mezun olmak. | 3385 - Tarla Bitkileri | 3386 - Toprak | 4212 - Bahçe ve Tarla Bitkileri | 6131 - Bitkisel Üretim | 8147 - Bahçe Bitkileri | 8158 - Bitki Koruma | 9048 - Toprak Bilimi ve Bitki Besleme | 9269 - Bitkisel Üretim ve Teknolojileri | 4846 - Aşağıdaki lisans programlarından birinden mezun olmak. | 9114 - Biyosistem Mühendisliği | 4853 - Aşağıdaki lisans programlarından birinden mezun olmak. | 3325 - Tarım Teknolojisi | 3383 - Tarım Makineleri | 3384 - Tarımsal Yapılar ve Sulama | 8221 - Kültürteknik | 8263 - Tarımsal Mekanizasyon | 4854 - Aşağıdaki lisans programlarından birinden mezun olmak. | 9106 - Tarımsal Biyoteknoloji | 4857 - Aşağıdaki lisans programlarından birinden mezun olmak. | 3382 - Tarım Ekonomisi | 8261 - Tarım İşletmeciliği;6b92f06c-c25b-eb11-80fa-a0369f7d1484
2020;72;390181155;Tarım ve Orman Bakanlığı Hakkari İl Müdürlüğü Şemdinli İlçe Müdürlüğü;Mühendis (Ziraat);Hakkari;Lisans;3;0;;;"4825;5135;4831;3202;8258;8289;4845;3385;3386;4212;6131;8147;8158;9048;9269;4846;9114;4853;3325;3383;3384;8221;8263;4854;9106;4857;3382;8261";4825 - Aşağıdaki lisans programlarından birinden mezun olmak. | 5135 - Ziraat Mühendisliği | 4831 - Aşağıdaki lisans programlarından birinden mezun olmak. | 3202 - Hayvansal Üretim | 8258 - Süt Teknolojisi | 8289 - Zootekni / Zooteknik | 4845 - Aşağıdaki lisans programlarından birinden mezun olmak. | 3385 - Tarla Bitkileri | 3386 - Toprak | 4212 - Bahçe ve Tarla Bitkileri | 6131 - Bitkisel Üretim | 8147 - Bahçe Bitkileri | 8158 - Bitki Koruma | 9048 - Toprak Bilimi ve Bitki Besleme | 9269 - Bitkisel Üretim ve Teknolojileri | 4846 - Aşağıdaki lisans programlarından birinden mezun olmak. | 9114 - Biyosistem Mühendisliği | 4853 - Aşağıdaki lisans programlarından birinden mezun olmak. | 3325 - Tarım Teknolojisi | 3383 - Tarım Makineleri | 3384 - Tarımsal Yapılar ve Sulama | 8221 - Kültürteknik | 8263 - Tarımsal Mekanizasyon | 4854 - Aşağıdaki lisans programlarından birinden mezun olmak. | 9106 - Tarımsal Biyoteknoloji | 4857 - Aşağıdaki lisans programlarından birinden mezun olmak. | 3382 - Tarım Ekonomisi | 8261 - Tarım İşletmeciliği;6c92f06c-c25b-eb11-80fa-a0369f7d1484
2020;72;390181780;Tarım ve Orman Bakanlığı Hakkari İl Müdürlüğü Şemdinli İlçe Müdürlüğü;Veteriner Hekim;Hakkari;Lisans;5;0;;;"4607;6373";4607 - Aşağıdaki lisans programlarından birinden mezun olmak. | 6373 - Veteriner;7592f06c-c25b-eb11-80fa-a0369f7d1484
2020;72;390181156;Tarım ve Orman Bakanlığı Hakkari İl Müdürlüğü Yüksekova İlçe Müdürlüğü;Mühendis (Ziraat);Hakkari;Lisans;7;1;;;"4825;5135;4831;3202;8258;8289;4845;3385;3386;4212;6131;8147;8158;9048;9269;4846;9114;4853;3325;3383;3384;8221;8263;4854;9106;4857;3382;8261";4825 - Aşağıdaki lisans programlarından birinden mezun olmak. | 5135 - Ziraat Mühendisliği | 4831 - Aşağıdaki lisans programlarından birinden mezun olmak. | 3202 - Hayvansal Üretim | 8258 - Süt Teknolojisi | 8289 - Zootekni / Zooteknik | 4845 - Aşağıdaki lisans programlarından birinden mezun olmak. | 3385 - Tarla Bitkileri | 3386 - Toprak | 4212 - Bahçe ve Tarla Bitkileri | 6131 - Bitkisel Üretim | 8147 - Bahçe Bitkileri | 8158 - Bitki Koruma | 9048 - Toprak Bilimi ve Bitki Besleme | 9269 - Bitkisel Üretim ve Teknolojileri | 4846 - Aşağıdaki lisans programlarından birinden mezun olmak. | 9114 - Biyosistem Mühendisliği | 4853 - Aşağıdaki lisans programlarından birinden mezun olmak. | 3325 - Tarım Teknolojisi | 3383 - Tarım Makineleri | 3384 - Tarımsal Yapılar ve Sulama | 8221 - Kültürteknik | 8263 - Tarımsal Mekanizasyon | 4854 - Aşağıdaki lisans programlarından birinden mezun olmak. | 9106 - Tarımsal Biyoteknoloji | 4857 - Aşağıdaki lisans programlarından birinden mezun olmak. | 3382 - Tarım Ekonomisi | 8261 - Tarım İşletmeciliği;6d92f06c-c25b-eb11-80fa-a0369f7d1484
2020;72;390181781;Tarım ve Orman Bakanlığı Hakkari İl Müdürlüğü Yüksekova İlçe Müdürlüğü;Veteriner Hekim;Hakkari;Lisans;15;1;;;"4607;6373";4607 - Aşağıdaki lisans programlarından birinden mezun olmak. | 6373 - Veteriner;7692f06c-c25b-eb11-80fa-a0369f7d1484
2020;72;390181404;Tarım ve Orman Bakanlığı Hatay İl Müdürlüğü Antakya İlçe Müdürlüğü;Mühendis (Gıda);Hatay;Lisans;2;1;;;"4799;3191";4799 - Aşağıdaki lisans programlarından birinden mezun olmak. | 3191 - Gıda Mühendisliği;7a92f06c-c25b-eb11-80fa-a0369f7d1484
2020;72;390181405;Tarım ve Orman Bakanlığı Hatay İl Müdürlüğü Erzin İlçe Müdürlüğü;Mühendis (Gıda);Hatay;Lisans;1;0;;;"4799;3191";4799 - Aşağıdaki lisans programlarından birinden mezun olmak. | 3191 - Gıda Mühendisliği;7b92f06c-c25b-eb11-80fa-a0369f7d1484
2020;72;390181406;Tarım ve Orman Bakanlığı Hatay İl Müdürlüğü Gıda ve Yem Şube Müdürlüğü;Mühendis (Gıda);Hatay;Lisans;2;1;;;"4799;3191";4799 - Aşağıdaki lisans programlarından birinden mezun olmak. | 3191 - Gıda Mühendisliği;7c92f06c-c25b-eb11-80fa-a0369f7d1484
2020;72;390181407;Tarım ve Orman Bakanlığı Hatay İl Müdürlüğü İskenderun İlçe Müdürlüğü;Mühendis (Gıda);Hatay;Lisans;2;0;;;"4799;3191";4799 - Aşağıdaki lisans programlarından birinden mezun olmak. | 3191 - Gıda Mühendisliği;7d92f06c-c25b-eb11-80fa-a0369f7d1484
2020;72;390181782;Tarım ve Orman Bakanlığı Hatay İl Müdürlüğü İskenderun İlçe Müdürlüğü;Veteriner Hekim;Hatay;Lisans;1;0;;;"4607;6373";4607 - Aşağıdaki lisans programlarından birinden mezun olmak. | 6373 - Veteriner;7792f06c-c25b-eb11-80fa-a0369f7d1484
2020;72;390181783;Tarım ve Orman Bakanlığı Hatay İl Müdürlüğü Reyhanlı İlçe Müdürlüğü;Veteriner Hekim;Hatay;Lisans;1;0;;;"4607;6373";4607 - Aşağıdaki lisans programlarından birinden mezun olmak. | 6373 - Veteriner;7892f06c-c25b-eb11-80fa-a0369f7d1484
2020;72;390181408;Tarım ve Orman Bakanlığı Hatay İl Müdürlüğü Samandağ İlçe Müdürlüğü;Mühendis (Gıda);Hatay;Lisans;1;0;;;"4799;3191";4799 - Aşağıdaki lisans programlarından birinden mezun olmak. | 3191 - Gıda Mühendisliği;7e92f06c-c25b-eb11-80fa-a0369f7d1484
2020;72;390181585;Tarım ve Orman Bakanlığı Hatay İl Müdürlüğü Samandağ İlçe Müdürlüğü;Mühendis (Su Ürünleri);Hatay;Lisans;1;2;;;"4819;3202;3320;8337";4819 - Aşağıdaki lisans programlarından birinden mezun olmak. | 3202 - Hayvansal Üretim | 3320 - Su Ürünleri | 8337 - Su Ürünleri Mühendisliği;7992f06c-c25b-eb11-80fa-a0369f7d1484
2020;72;390181409;Tarım ve Orman Bakanlığı Hatay İl Müdürlüğü Yayladağı İlçe Müdürlüğü;Mühendis (Gıda);Hatay;Lisans;1;0;;;"4799;3191";4799 - Aşağıdaki lisans programlarından birinden mezun olmak. | 3191 - Gıda Mühendisliği;7f92f06c-c25b-eb11-80fa-a0369f7d1484
2020;72;390181157;Tarım ve Orman Bakanlığı Hatay Zirai Karantina Müdürlüğü;Mühendis (Bitki Koruma);Hatay;Lisans;2;2;;;"4845;3385;3386;4212;6131;8147;8158;9048;9269";4845 - Aşağıdaki lisans programlarından birinden mezun olmak. | 3385 - Tarla Bitkileri | 3386 - Toprak | 4212 - Bahçe ve Tarla Bitkileri | 6131 - Bitkisel Üretim | 8147 - Bahçe Bitkileri | 8158 - Bitki Koruma | 9048 - Toprak Bilimi ve Bitki Besleme | 9269 - Bitkisel Üretim ve Teknolojileri;8592f06c-c25b-eb11-80fa-a0369f7d1484
2020;72;390181158;Tarım ve Orman Bakanlığı Iğdır İl Müdürlüğü Aralık İlçe Müdürlüğü;Mühendis (Ziraat);Iğdır;Lisans;5;0;;;"4825;5135;4831;3202;8258;8289;4845;3385;3386;4212;6131;8147;8158;9048;9269;4846;9114;4853;3325;3383;3384;8221;8263;4854;9106;4857;3382;8261";4825 - Aşağıdaki lisans programlarından birinden mezun olmak. | 5135 - Ziraat Mühendisliği | 4831 - Aşağıdaki lisans programlarından birinden mezun olmak. | 3202 - Hayvansal Üretim | 8258 - Süt Teknolojisi | 8289 - Zootekni / Zooteknik | 4845 - Aşağıdaki lisans programlarından birinden mezun olmak. | 3385 - Tarla Bitkileri | 3386 - Toprak | 4212 - Bahçe ve Tarla Bitkileri | 6131 - Bitkisel Üretim | 8147 - Bahçe Bitkileri | 8158 - Bitki Koruma | 9048 - Toprak Bilimi ve Bitki Besleme | 9269 - Bitkisel Üretim ve Teknolojileri | 4846 - Aşağıdaki lisans programlarından birinden mezun olmak. | 9114 - Biyosistem Mühendisliği | 4853 - Aşağıdaki lisans programlarından birinden mezun olmak. | 3325 - Tarım Teknolojisi | 3383 - Tarım Makineleri | 3384 - Tarımsal Yapılar ve Sulama | 8221 - Kültürteknik | 8263 - Tarımsal Mekanizasyon | 4854 - Aşağıdaki lisans programlarından birinden mezun olmak. | 9106 - Tarımsal Biyoteknoloji | 4857 - Aşağıdaki lisans programlarından birinden mezun olmak. | 3382 - Tarım Ekonomisi | 8261 - Tarım İşletmeciliği;fd94f06c-c25b-eb11-80fa-a0369f7d1484
2020;72;390181784;Tarım ve Orman Bakanlığı Iğdır İl Müdürlüğü Aralık İlçe Müdürlüğü;Veteriner Hekim;Iğdır;Lisans;6;0;;;"4607;6373";4607 - Aşağıdaki lisans programlarından birinden mezun olmak. | 6373 - Veteriner;0395f06c-c25b-eb11-80fa-a0369f7d1484
2020;72;390181159;Tarım ve Orman Bakanlığı Iğdır İl Müdürlüğü Bitkisel Üretim ve Bitki Sağlığı Şube Müdürlüğü;Mühendis (Ziraat);Iğdır;Lisans;4;0;;;"4825;5135;4831;3202;8258;8289;4845;3385;3386;4212;6131;8147;8158;9048;9269;4846;9114;4853;3325;3383;3384;8221;8263;4854;9106;4857;3382;8261";4825 - Aşağıdaki lisans programlarından birinden mezun olmak. | 5135 - Ziraat Mühendisliği | 4831 - Aşağıdaki lisans programlarından birinden mezun olmak. | 3202 - Hayvansal Üretim | 8258 - Süt Teknolojisi | 8289 - Zootekni / Zooteknik | 4845 - Aşağıdaki lisans programlarından birinden mezun olmak. | 3385 - Tarla Bitkileri | 3386 - Toprak | 4212 - Bahçe ve Tarla Bitkileri | 6131 - Bitkisel Üretim | 8147 - Bahçe Bitkileri | 8158 - Bitki Koruma | 9048 - Toprak Bilimi ve Bitki Besleme | 9269 - Bitkisel Üretim ve Teknolojileri | 4846 - Aşağıdaki lisans programlarından birinden mezun olmak. | 9114 - Biyosistem Mühendisliği | 4853 - Aşağıdaki lisans programlarından birinden mezun olmak. | 3325 - Tarım Teknolojisi | 3383 - Tarım Makineleri | 3384 - Tarımsal Yapılar ve Sulama | 8221 - Kültürteknik | 8263 - Tarımsal Mekanizasyon | 4854 - Aşağıdaki lisans programlarından birinden mezun olmak. | 9106 - Tarımsal Biyoteknoloji | 4857 - Aşağıdaki lisans programlarından birinden mezun olmak. | 3382 - Tarım Ekonomisi | 8261 - Tarım İşletmeciliği;fe94f06c-c25b-eb11-80fa-a0369f7d1484
2020;72;390181160;Tarım ve Orman Bakanlığı Iğdır İl Müdürlüğü Çayır, Mera ve Yem Bitkileri Şube Müdürlüğü;Mühendis (Ziraat);Iğdır;Lisans;1;0;;;"4825;5135;4831;3202;8258;8289;4845;3385;3386;4212;6131;8147;8158;9048;9269;4846;9114;4853;3325;3383;3384;8221;8263;4854;9106;4857;3382;8261";4825 - Aşağıdaki lisans programlarından birinden mezun olmak. | 5135 - Ziraat Mühendisliği | 4831 - Aşağıdaki lisans programlarından birinden mezun olmak. | 3202 - Hayvansal Üretim | 8258 - Süt Teknolojisi | 8289 - Zootekni / Zooteknik | 4845 - Aşağıdaki lisans programlarından birinden mezun olmak. | 3385 - Tarla Bitkileri | 3386 - Toprak | 4212 - Bahçe ve Tarla Bitkileri | 6131 - Bitkisel Üretim | 8147 - Bahçe Bitkileri | 8158 - Bitki Koruma | 9048 - Toprak Bilimi ve Bitki Besleme | 9269 - Bitkisel Üretim ve Teknolojileri | 4846 - Aşağıdaki lisans programlarından birinden mezun olmak. | 9114 - Biyosistem Mühendisliği | 4853 - Aşağıdaki lisans programlarından birinden mezun olmak. | 3325 - Tarım Teknolojisi | 3383 - Tarım Makineleri | 3384 - Tarımsal Yapılar ve Sulama | 8221 - Kültürteknik | 8263 - Tarımsal Mekanizasyon | 4854 - Aşağıdaki lisans programlarından birinden mezun olmak. | 9106 - Tarımsal Biyoteknoloji | 4857 - Aşağıdaki lisans programlarından birinden mezun olmak. | 3382 - Tarım Ekonomisi | 8261 - Tarım İşletmeciliği;ff94f06c-c25b-eb11-80fa-a0369f7d1484
2020;72;390181410;Tarım ve Orman Bakanlığı Iğdır İl Müdürlüğü Gıda ve Yem Şube Müdürlüğü;Mühendis (Gıda);Iğdır;Lisans;2;0;;;"4799;3191";4799 - Aşağıdaki lisans programlarından birinden mezun olmak. | 3191 - Gıda Mühendisliği;0295f06c-c25b-eb11-80fa-a0369f7d1484
2020;72;390181785;Tarım ve Orman Bakanlığı Iğdır İl Müdürlüğü Hayvan Sağlığı,Yetiştiriciliği ve Su Ürünleri Şube Müdürlüğü;Veteriner Hekim;Iğdır;Lisans;4;0;;;"4607;6373";4607 - Aşağıdaki lisans programlarından birinden mezun olmak. | 6373 - Veteriner;0495f06c-c25b-eb11-80fa-a0369f7d1484
2020;72;390181161;Tarım ve Orman Bakanlığı Iğdır İl Müdürlüğü Karakoyunlu İlçe Müdürlüğü;Mühendis (Ziraat);Iğdır;Lisans;2;0;;;"4825;5135;4831;3202;8258;8289;4845;3385;3386;4212;6131;8147;8158;9048;9269;4846;9114;4853;3325;3383;3384;8221;8263;4854;9106;4857;3382;8261";4825 - Aşağıdaki lisans programlarından birinden mezun olmak. | 5135 - Ziraat Mühendisliği | 4831 - Aşağıdaki lisans programlarından birinden mezun olmak. | 3202 - Hayvansal Üretim | 8258 - Süt Teknolojisi | 8289 - Zootekni / Zooteknik | 4845 - Aşağıdaki lisans programlarından birinden mezun olmak. | 3385 - Tarla Bitkileri | 3386 - Toprak | 4212 - Bahçe ve Tarla Bitkileri | 6131 - Bitkisel Üretim | 8147 - Bahçe Bitkileri | 8158 - Bitki Koruma | 9048 - Toprak Bilimi ve Bitki Besleme | 9269 - Bitkisel Üretim ve Teknolojileri | 4846 - Aşağıdaki lisans programlarından birinden mezun olmak. | 9114 - Biyosistem Mühendisliği | 4853 - Aşağıdaki lisans programlarından birinden mezun olmak. | 3325 - Tarım Teknolojisi | 3383 - Tarım Makineleri | 3384 - Tarımsal Yapılar ve Sulama | 8221 - Kültürteknik | 8263 - Tarımsal Mekanizasyon | 4854 - Aşağıdaki lisans programlarından birinden mezun olmak. | 9106 - Tarımsal Biyoteknoloji | 4857 - Aşağıdaki lisans programlarından birinden mezun olmak. | 3382 - Tarım Ekonomisi | 8261 - Tarım İşletmeciliği;0095f06c-c25b-eb11-80fa-a0369f7d1484
2020;72;390181786;Tarım ve Orman Bakanlığı Iğdır İl Müdürlüğü Karakoyunlu İlçe Müdürlüğü;Veteriner Hekim;Iğdır;Lisans;2;0;;;"4607;6373";4607 - Aşağıdaki lisans programlarından birinden mezun olmak. | 6373 - Veteriner;0595f06c-c25b-eb11-80fa-a0369f7d1484
2020;72;390181162;Tarım ve Orman Bakanlığı Iğdır İl Müdürlüğü Tuzluca İlçe Müdürlüğü;Mühendis (Ziraat);Iğdır;Lisans;7;3;;;"4825;5135;4831;3202;8258;8289;4845;3385;3386;4212;6131;8147;8158;9048;9269;4846;9114;4853;3325;3383;3384;8221;8263;4854;9106;4857;3382;8261";4825 - Aşağıdaki lisans programlarından birinden mezun olmak. | 5135 - Ziraat Mühendisliği | 4831 - Aşağıdaki lisans programlarından birinden mezun olmak. | 3202 - Hayvansal Üretim | 8258 - Süt Teknolojisi | 8289 - Zootekni / Zooteknik | 4845 - Aşağıdaki lisans programlarından birinden mezun olmak. | 3385 - Tarla Bitkileri | 3386 - Toprak | 4212 - Bahçe ve Tarla Bitkileri | 6131 - Bitkisel Üretim | 8147 - Bahçe Bitkileri | 8158 - Bitki Koruma | 9048 - Toprak Bilimi ve Bitki Besleme | 9269 - Bitkisel Üretim ve Teknolojileri | 4846 - Aşağıdaki lisans programlarından birinden mezun olmak. | 9114 - Biyosistem Mühendisliği | 4853 - Aşağıdaki lisans programlarından birinden mezun olmak. | 3325 - Tarım Teknolojisi | 3383 - Tarım Makineleri | 3384 - Tarımsal Yapılar ve Sulama | 8221 - Kültürteknik | 8263 - Tarımsal Mekanizasyon | 4854 - Aşağıdaki lisans programlarından birinden mezun olmak. | 9106 - Tarımsal Biyoteknoloji | 4857 - Aşağıdaki lisans programlarından birinden mezun olmak. | 3382 - Tarım Ekonomisi | 8261 - Tarım İşletmeciliği;0195f06c-c25b-eb11-80fa-a0369f7d1484
2020;72;390181787;Tarım ve Orman Bakanlığı Iğdır İl Müdürlüğü Tuzluca İlçe Müdürlüğü;Veteriner Hekim;Iğdır;Lisans;3;0;;;"4607;6373";4607 - Aşağıdaki lisans programlarından birinden mezun olmak. | 6373 - Veteriner;0695f06c-c25b-eb11-80fa-a0369f7d1484
2020;72;390181163;Tarım ve Orman Bakanlığı Isparta İl Müdürlüğü Sütçüler İlçe Müdürlüğü;Mühendis (Ziraat);Isparta;Lisans;1;4;;;"4825;5135;4831;3202;8258;8289;4845;3385;3386;4212;6131;8147;8158;9048;9269;4846;9114;4853;3325;3383;3384;8221;8263;4854;9106;4857;3382;8261";4825 - Aşağıdaki lisans programlarından birinden mezun olmak. | 5135 - Ziraat Mühendisliği | 4831 - Aşağıdaki lisans programlarından birinden mezun olmak. | 3202 - Hayvansal Üretim | 8258 - Süt Teknolojisi | 8289 - Zootekni / Zooteknik | 4845 - Aşağıdaki lisans programlarından birinden mezun olmak. | 3385 - Tarla Bitkileri | 3386 - Toprak | 4212 - Bahçe ve Tarla Bitkileri | 6131 - Bitkisel Üretim | 8147 - Bahçe Bitkileri | 8158 - Bitki Koruma | 9048 - Toprak Bilimi ve Bitki Besleme | 9269 - Bitkisel Üretim ve Teknolojileri | 4846 - Aşağıdaki lisans programlarından birinden mezun olmak. | 9114 - Biyosistem Mühendisliği | 4853 - Aşağıdaki lisans programlarından birinden mezun olmak. | 3325 - Tarım Teknolojisi | 3383 - Tarım Makineleri | 3384 - Tarımsal Yapılar ve Sulama | 8221 - Kültürteknik | 8263 - Tarımsal Mekanizasyon | 4854 - Aşağıdaki lisans programlarından birinden mezun olmak. | 9106 - Tarımsal Biyoteknoloji | 4857 - Aşağıdaki lisans programlarından birinden mezun olmak. | 3382 - Tarım Ekonomisi | 8261 - Tarım İşletmeciliği;8692f06c-c25b-eb11-80fa-a0369f7d1484
2020;72;390181164;Tarım ve Orman Bakanlığı Isparta İl Müdürlüğü Şarkikaraağaç İlçe Müdürlüğü;Mühendis (Ziraat);Isparta;Lisans;1;4;;;"4825;5135;4831;3202;8258;8289;4845;3385;3386;4212;6131;8147;8158;9048;9269;4846;9114;4853;3325;3383;3384;8221;8263;4854;9106;4857;3382;8261";4825 - Aşağıdaki lisans programlarından birinden mezun olmak. | 5135 - Ziraat Mühendisliği | 4831 - Aşağıdaki lisans programlarından birinden mezun olmak. | 3202 - Hayvansal Üretim | 8258 - Süt Teknolojisi | 8289 - Zootekni / Zooteknik | 4845 - Aşağıdaki lisans programlarından birinden mezun olmak. | 3385 - Tarla Bitkileri | 3386 - Toprak | 4212 - Bahçe ve Tarla Bitkileri | 6131 - Bitkisel Üretim | 8147 - Bahçe Bitkileri | 8158 - Bitki Koruma | 9048 - Toprak Bilimi ve Bitki Besleme | 9269 - Bitkisel Üretim ve Teknolojileri | 4846 - Aşağıdaki lisans programlarından birinden mezun olmak. | 9114 - Biyosistem Mühendisliği | 4853 - Aşağıdaki lisans programlarından birinden mezun olmak. | 3325 - Tarım Teknolojisi | 3383 - Tarım Makineleri | 3384 - Tarımsal Yapılar ve Sulama | 8221 - Kültürteknik | 8263 - Tarımsal Mekanizasyon | 4854 - Aşağıdaki lisans programlarından birinden mezun olmak. | 9106 - Tarımsal Biyoteknoloji | 4857 - Aşağıdaki lisans programlarından birinden mezun olmak. | 3382 - Tarım Ekonomisi | 8261 - Tarım İşletmeciliği;8792f06c-c25b-eb11-80fa-a0369f7d1484
2020;72;390181165;Tarım ve Orman Bakanlığı Isparta İl Müdürlüğü Yalvaç İlçe Müdürlüğü;Mühendis (Ziraat);Isparta;Lisans;1;3;;;"4825;5135;4831;3202;8258;8289;4845;3385;3386;4212;6131;8147;8158;9048;9269;4846;9114;4853;3325;3383;3384;8221;8263;4854;9106;4857;3382;8261";4825 - Aşağıdaki lisans programlarından birinden mezun olmak. | 5135 - Ziraat Mühendisliği | 4831 - Aşağıdaki lisans programlarından birinden mezun olmak. | 3202 - Hayvansal Üretim | 8258 - Süt Teknolojisi | 8289 - Zootekni / Zooteknik | 4845 - Aşağıdaki lisans programlarından birinden mezun olmak. | 3385 - Tarla Bitkileri | 3386 - Toprak | 4212 - Bahçe ve Tarla Bitkileri | 6131 - Bitkisel Üretim | 8147 - Bahçe Bitkileri | 8158 - Bitki Koruma | 9048 - Toprak Bilimi ve Bitki Besleme | 9269 - Bitkisel Üretim ve Teknolojileri | 4846 - Aşağıdaki lisans programlarından birinden mezun olmak. | 9114 - Biyosistem Mühendisliği | 4853 - Aşağıdaki lisans programlarından birinden mezun olmak. | 3325 - Tarım Teknolojisi | 3383 - Tarım Makineleri | 3384 - Tarımsal Yapılar ve Sulama | 8221 - Kültürteknik | 8263 - Tarımsal Mekanizasyon | 4854 - Aşağıdaki lisans programlarından birinden mezun olmak. | 9106 - Tarımsal Biyoteknoloji | 4857 - Aşağıdaki lisans programlarından birinden mezun olmak. | 3382 - Tarım Ekonomisi | 8261 - Tarım İşletmeciliği;8892f06c-c25b-eb11-80fa-a0369f7d1484
2020;72;390181166;Tarım ve Orman Bakanlığı Isparta İl Müdürlüğü Yenişarbademli İlçe Müdürlüğü;Mühendis (Ziraat);Isparta;Lisans;2;3;;;"4825;5135;4831;3202;8258;8289;4845;3385;3386;4212;6131;8147;8158;9048;9269;4846;9114;4853;3325;3383;3384;8221;8263;4854;9106;4857;3382;8261";4825 - Aşağıdaki lisans programlarından birinden mezun olmak. | 5135 - Ziraat Mühendisliği | 4831 - Aşağıdaki lisans programlarından birinden mezun olmak. | 3202 - Hayvansal Üretim | 8258 - Süt Teknolojisi | 8289 - Zootekni / Zooteknik | 4845 - Aşağıdaki lisans programlarından birinden mezun olmak. | 3385 - Tarla Bitkileri | 3386 - Toprak | 4212 - Bahçe ve Tarla Bitkileri | 6131 - Bitkisel Üretim | 8147 - Bahçe Bitkileri | 8158 - Bitki Koruma | 9048 - Toprak Bilimi ve Bitki Besleme | 9269 - Bitkisel Üretim ve Teknolojileri | 4846 - Aşağıdaki lisans programlarından birinden mezun olmak. | 9114 - Biyosistem Mühendisliği | 4853 - Aşağıdaki lisans programlarından birinden mezun olmak. | 3325 - Tarım Teknolojisi | 3383 - Tarım Makineleri | 3384 - Tarımsal Yapılar ve Sulama | 8221 - Kültürteknik | 8263 - Tarımsal Mekanizasyon | 4854 - Aşağıdaki lisans programlarından birinden mezun olmak. | 9106 - Tarımsal Biyoteknoloji | 4857 - Aşağıdaki lisans programlarından birinden mezun olmak. | 3382 - Tarım Ekonomisi | 8261 - Tarım İşletmeciliği;8992f06c-c25b-eb11-80fa-a0369f7d1484
2020;72;390181411;Tarım ve Orman Bakanlığı İstanbul İl Müdürlüğü Arnavutköy İlçe Müdürlüğü;Mühendis (Gıda);İstanbul;Lisans;1;0;;;"4799;3191";4799 - Aşağıdaki lisans programlarından birinden mezun olmak. | 3191 - Gıda Mühendisliği;9692f06c-c25b-eb11-80fa-a0369f7d1484
2020;72;390181788;Tarım ve Orman Bakanlığı İstanbul İl Müdürlüğü Arnavutköy İlçe Müdürlüğü;Veteriner Hekim;İstanbul;Lisans;1;0;;;"4607;6373";4607 - Aşağıdaki lisans programlarından birinden mezun olmak. | 6373 - Veteriner;9292f06c-c25b-eb11-80fa-a0369f7d1484
2020;72;390181412;Tarım ve Orman Bakanlığı İstanbul İl Müdürlüğü Ataşehir İlçe Müdürlüğü;Mühendis (Gıda);İstanbul;Lisans;2;0;;;"4799;3191";4799 - Aşağıdaki lisans programlarından birinden mezun olmak. | 3191 - Gıda Mühendisliği;9792f06c-c25b-eb11-80fa-a0369f7d1484
2020;72;390181586;Tarım ve Orman Bakanlığı İstanbul İl Müdürlüğü Ataşehir İlçe Müdürlüğü;Mühendis (Su Ürünleri);İstanbul;Lisans;1;0;;;"4819;3202;3320;8337";4819 - Aşağıdaki lisans programlarından birinden mezun olmak. | 3202 - Hayvansal Üretim | 3320 - Su Ürünleri | 8337 - Su Ürünleri Mühendisliği;8d92f06c-c25b-eb11-80fa-a0369f7d1484
2020;72;390181413;Tarım ve Orman Bakanlığı İstanbul İl Müdürlüğü Avcılar İlçe Müdürlüğü;Mühendis (Gıda);İstanbul;Lisans;1;0;;;"4799;3191";4799 - Aşağıdaki lisans programlarından birinden mezun olmak. | 3191 - Gıda Mühendisliği;9892f06c-c25b-eb11-80fa-a0369f7d1484
2020;72;390181414;Tarım ve Orman Bakanlığı İstanbul İl Müdürlüğü Bağcılar İlçe Müdürlüğü;Mühendis (Gıda);İstanbul;Lisans;4;1;;;"4799;3191";4799 - Aşağıdaki lisans programlarından birinden mezun olmak. | 3191 - Gıda Mühendisliği;9992f06c-c25b-eb11-80fa-a0369f7d1484
2020;72;390181415;Tarım ve Orman Bakanlığı İstanbul İl Müdürlüğü Bahçelievler İlçe Müdürlüğü;Mühendis (Gıda);İstanbul;Lisans;3;1;;;"4799;3191";4799 - Aşağıdaki lisans programlarından birinden mezun olmak. | 3191 - Gıda Mühendisliği;9a92f06c-c25b-eb11-80fa-a0369f7d1484
2020;72;390181587;Tarım ve Orman Bakanlığı İstanbul İl Müdürlüğü Balıkçılık ve Su Ürünleri Şube Müdürlüğü;Mühendis (Su Ürünleri);İstanbul;Lisans;1;0;;;"4819;3202;3320;8337";4819 - Aşağıdaki lisans programlarından birinden mezun olmak. | 3202 - Hayvansal Üretim | 3320 - Su Ürünleri | 8337 - Su Ürünleri Mühendisliği;8e92f06c-c25b-eb11-80fa-a0369f7d1484
2020;72;390181416;Tarım ve Orman Bakanlığı İstanbul İl Müdürlüğü Başakşehir İlçe Müdürlüğü;Mühendis (Gıda);İstanbul;Lisans;1;0;;;"4799;3191";4799 - Aşağıdaki lisans programlarından birinden mezun olmak. | 3191 - Gıda Mühendisliği;9b92f06c-c25b-eb11-80fa-a0369f7d1484
2020;72;390181588;Tarım ve Orman Bakanlığı İstanbul İl Müdürlüğü Başakşehir İlçe Müdürlüğü;Mühendis (Su Ürünleri);İstanbul;Lisans;1;1;;;"4819;3202;3320;8337";4819 - Aşağıdaki lisans programlarından birinden mezun olmak. | 3202 - Hayvansal Üretim | 3320 - Su Ürünleri | 8337 - Su Ürünleri Mühendisliği;8f92f06c-c25b-eb11-80fa-a0369f7d1484
2020;72;390181417;Tarım ve Orman Bakanlığı İstanbul İl Müdürlüğü Bayrampaşa İlçe Müdürlüğü;Mühendis (Gıda);İstanbul;Lisans;1;0;;;"4799;3191";4799 - Aşağıdaki lisans programlarından birinden mezun olmak. | 3191 - Gıda Mühendisliği;9c92f06c-c25b-eb11-80fa-a0369f7d1484
2020;72;390181589;Tarım ve Orman Bakanlığı İstanbul İl Müdürlüğü Bayrampaşa İlçe Müdürlüğü;Mühendis (Su Ürünleri);İstanbul;Lisans;1;0;;;"4819;3202;3320;8337";4819 - Aşağıdaki lisans programlarından birinden mezun olmak. | 3202 - Hayvansal Üretim | 3320 - Su Ürünleri | 8337 - Su Ürünleri Mühendisliği;9092f06c-c25b-eb11-80fa-a0369f7d1484
2020;72;390181418;Tarım ve Orman Bakanlığı İstanbul İl Müdürlüğü Beşiktaş İlçe Müdürlüğü;Mühendis (Gıda);İstanbul;Lisans;1;0;;;"4799;3191";4799 - Aşağıdaki lisans programlarından birinden mezun olmak. | 3191 - Gıda Mühendisliği;9d92f06c-c25b-eb11-80fa-a0369f7d1484
2020;72;390181419;Tarım ve Orman Bakanlığı İstanbul İl Müdürlüğü Beykoz İlçe Müdürlüğü;Mühendis (Gıda);İstanbul;Lisans;1;0;;;"4799;3191";4799 - Aşağıdaki lisans programlarından birinden mezun olmak. | 3191 - Gıda Mühendisliği;9e92f06c-c25b-eb11-80fa-a0369f7d1484
2020;72;390181420;Tarım ve Orman Bakanlığı İstanbul İl Müdürlüğü Beyoğlu İlçe Müdürlüğü;Mühendis (Gıda);İstanbul;Lisans;4;0;;;"4799;3191";4799 - Aşağıdaki lisans programlarından birinden mezun olmak. | 3191 - Gıda Mühendisliği;9f92f06c-c25b-eb11-80fa-a0369f7d1484
2020;72;390181421;Tarım ve Orman Bakanlığı İstanbul İl Müdürlüğü Büyükçekmece İlçe Müdürlüğü;Mühendis (Gıda);İstanbul;Lisans;2;0;;;"4799;3191";4799 - Aşağıdaki lisans programlarından birinden mezun olmak. | 3191 - Gıda Mühendisliği;a092f06c-c25b-eb11-80fa-a0369f7d1484
2020;72;390181789;Tarım ve Orman Bakanlığı İstanbul İl Müdürlüğü Çatalca İlçe Müdürlüğü;Veteriner Hekim;İstanbul;Lisans;1;0;;;"4607;6373";4607 - Aşağıdaki lisans programlarından birinden mezun olmak. | 6373 - Veteriner;9392f06c-c25b-eb11-80fa-a0369f7d1484
2020;72;390181422;Tarım ve Orman Bakanlığı İstanbul İl Müdürlüğü Esenler İlçe Müdürlüğü;Mühendis (Gıda);İstanbul;Lisans;2;1;;;"4799;3191";4799 - Aşağıdaki lisans programlarından birinden mezun olmak. | 3191 - Gıda Mühendisliği;a192f06c-c25b-eb11-80fa-a0369f7d1484
2020;72;390181423;Tarım ve Orman Bakanlığı İstanbul İl Müdürlüğü Esenyurt İlçe Müdürlüğü;Mühendis (Gıda);İstanbul;Lisans;5;0;;;"4799;3191";4799 - Aşağıdaki lisans programlarından birinden mezun olmak. | 3191 - Gıda Mühendisliği;a292f06c-c25b-eb11-80fa-a0369f7d1484
2020;72;390181424;Tarım ve Orman Bakanlığı İstanbul İl Müdürlüğü Eyüpsultan İlçe Müdürlüğü;Mühendis (Gıda);İstanbul;Lisans;1;0;;;"4799;3191";4799 - Aşağıdaki lisans programlarından birinden mezun olmak. | 3191 - Gıda Mühendisliği;a392f06c-c25b-eb11-80fa-a0369f7d1484
2020;72;390181425;Tarım ve Orman Bakanlığı İstanbul İl Müdürlüğü Fatih İlçe Müdürlüğü;Mühendis (Gıda);İstanbul;Lisans;3;0;;;"4799;3191";4799 - Aşağıdaki lisans programlarından birinden mezun olmak. | 3191 - Gıda Mühendisliği;a492f06c-c25b-eb11-80fa-a0369f7d1484
2020;72;390181426;Tarım ve Orman Bakanlığı İstanbul İl Müdürlüğü Gaziosmanpaşa İlçe Müdürlüğü;Mühendis (Gıda);İstanbul;Lisans;2;0;;;"4799;3191";4799 - Aşağıdaki lisans programlarından birinden mezun olmak. | 3191 - Gıda Mühendisliği;a592f06c-c25b-eb11-80fa-a0369f7d1484
2020;72;390181590;Tarım ve Orman Bakanlığı İstanbul İl Müdürlüğü Gaziosmanpaşa İlçe Müdürlüğü;Mühendis (Su Ürünleri);İstanbul;Lisans;1;0;;;"4819;3202;3320;8337";4819 - Aşağıdaki lisans programlarından birinden mezun olmak. | 3202 - Hayvansal Üretim | 3320 - Su Ürünleri | 8337 - Su Ürünleri Mühendisliği;9192f06c-c25b-eb11-80fa-a0369f7d1484
2020;72;390181427;Tarım ve Orman Bakanlığı İstanbul İl Müdürlüğü Gıda ve Yem Şube Müdürlüğü;Mühendis (Gıda);İstanbul;Lisans;5;1;;;"4799;3191";4799 - Aşağıdaki lisans programlarından birinden mezun olmak. | 3191 - Gıda Mühendisliği;a692f06c-c25b-eb11-80fa-a0369f7d1484
2020;72;390181428;Tarım ve Orman Bakanlığı İstanbul İl Müdürlüğü Güngören İlçe Müdürlüğü;Mühendis (Gıda);İstanbul;Lisans;3;0;;;"4799;3191";4799 - Aşağıdaki lisans programlarından birinden mezun olmak. | 3191 - Gıda Mühendisliği;a792f06c-c25b-eb11-80fa-a0369f7d1484
2020;72;390181429;Tarım ve Orman Bakanlığı İstanbul İl Müdürlüğü Kağıthane İlçe Müdürlüğü;Mühendis (Gıda);İstanbul;Lisans;3;0;;;"4799;3191";4799 - Aşağıdaki lisans programlarından birinden mezun olmak. | 3191 - Gıda Mühendisliği;a892f06c-c25b-eb11-80fa-a0369f7d1484
2020;72;390181430;Tarım ve Orman Bakanlığı İstanbul İl Müdürlüğü Küçükçekmece İlçe Müdürlüğü;Mühendis (Gıda);İstanbul;Lisans;2;0;;;"4799;3191";4799 - Aşağıdaki lisans programlarından birinden mezun olmak. | 3191 - Gıda Mühendisliği;a992f06c-c25b-eb11-80fa-a0369f7d1484
2020;72;390181431;Tarım ve Orman Bakanlığı İstanbul İl Müdürlüğü Maltepe İlçe Müdürlüğü;Mühendis (Gıda);İstanbul;Lisans;1;1;;;"4799;3191";4799 - Aşağıdaki lisans programlarından birinden mezun olmak. | 3191 - Gıda Mühendisliği;aa92f06c-c25b-eb11-80fa-a0369f7d1484
2020;72;390181432;Tarım ve Orman Bakanlığı İstanbul İl Müdürlüğü Pendik İlçe Müdürlüğü;Mühendis (Gıda);İstanbul;Lisans;1;0;;;"4799;3191";4799 - Aşağıdaki lisans programlarından birinden mezun olmak. | 3191 - Gıda Mühendisliği;ab92f06c-c25b-eb11-80fa-a0369f7d1484
2020;72;390181433;Tarım ve Orman Bakanlığı İstanbul İl Müdürlüğü Sancaktepe İlçe Müdürlüğü;Mühendis (Gıda);İstanbul;Lisans;2;0;;;"4799;3191";4799 - Aşağıdaki lisans programlarından birinden mezun olmak. | 3191 - Gıda Mühendisliği;ac92f06c-c25b-eb11-80fa-a0369f7d1484
2020;72;390181434;Tarım ve Orman Bakanlığı İstanbul İl Müdürlüğü Sarıyer İlçe Müdürlüğü;Mühendis (Gıda);İstanbul;Lisans;1;1;;;"4799;3191";4799 - Aşağıdaki lisans programlarından birinden mezun olmak. | 3191 - Gıda Mühendisliği;ad92f06c-c25b-eb11-80fa-a0369f7d1484
2020;72;390181435;Tarım ve Orman Bakanlığı İstanbul İl Müdürlüğü Sultangazi İlçe Müdürlüğü;Mühendis (Gıda);İstanbul;Lisans;3;0;;;"4799;3191";4799 - Aşağıdaki lisans programlarından birinden mezun olmak. | 3191 - Gıda Mühendisliği;ae92f06c-c25b-eb11-80fa-a0369f7d1484
2020;72;390181436;Tarım ve Orman Bakanlığı İstanbul İl Müdürlüğü Şile İlçe Müdürlüğü;Mühendis (Gıda);İstanbul;Lisans;1;1;;;"4799;3191";4799 - Aşağıdaki lisans programlarından birinden mezun olmak. | 3191 - Gıda Mühendisliği;af92f06c-c25b-eb11-80fa-a0369f7d1484
2020;72;390181437;Tarım ve Orman Bakanlığı İstanbul İl Müdürlüğü Şişli İlçe Müdürlüğü;Mühendis (Gıda);İstanbul;Lisans;2;0;;;"4799;3191";4799 - Aşağıdaki lisans programlarından birinden mezun olmak. | 3191 - Gıda Mühendisliği;b092f06c-c25b-eb11-80fa-a0369f7d1484
2020;72;390181438;Tarım ve Orman Bakanlığı İstanbul İl Müdürlüğü Tuzla İlçe Müdürlüğü;Mühendis (Gıda);İstanbul;Lisans;1;0;;;"4799;3191";4799 - Aşağıdaki lisans programlarından birinden mezun olmak. | 3191 - Gıda Mühendisliği;b192f06c-c25b-eb11-80fa-a0369f7d1484
2020;72;390181439;Tarım ve Orman Bakanlığı İstanbul İl Müdürlüğü Ümraniye İlçe Müdürlüğü;Mühendis (Gıda);İstanbul;Lisans;2;0;;;"4799;3191";4799 - Aşağıdaki lisans programlarından birinden mezun olmak. | 3191 - Gıda Mühendisliği;b292f06c-c25b-eb11-80fa-a0369f7d1484
2020;72;390181440;Tarım ve Orman Bakanlığı İstanbul İl Müdürlüğü Zeytinburnu İlçe Müdürlüğü;Mühendis (Gıda);İstanbul;Lisans;1;1;;;"4799;3191";4799 - Aşağıdaki lisans programlarından birinden mezun olmak. | 3191 - Gıda Mühendisliği;b392f06c-c25b-eb11-80fa-a0369f7d1484
2020;72;390181790;Tarım ve Orman Bakanlığı İstanbul Pendik Veteriner Kontrol Enstitüsü Müdürlüğü;Veteriner Hekim;İstanbul;Lisans;10;1;;;"4607;6373";4607 - Aşağıdaki lisans programlarından birinden mezun olmak. | 6373 - Veteriner;9492f06c-c25b-eb11-80fa-a0369f7d1484
2020;72;390181791;Tarım ve Orman Bakanlığı İstanbul Sabiha Gökçen Veteriner Sınır Kontrol Noktası Müdürlüğü;Veteriner Hekim;İstanbul;Lisans;1;1;;;"4607;6373";4607 - Aşağıdaki lisans programlarından birinden mezun olmak. | 6373 - Veteriner;9592f06c-c25b-eb11-80fa-a0369f7d1484
2020;72;390181591;Tarım ve Orman Bakanlığı İzmir İl Müdürlüğü Balıkçılık ve Su Ürünleri Şube Müdürlüğü;Mühendis (Su Ürünleri);İzmir;Lisans;1;0;;;"4819;3202;3320;8337";4819 - Aşağıdaki lisans programlarından birinden mezun olmak. | 3202 - Hayvansal Üretim | 3320 - Su Ürünleri | 8337 - Su Ürünleri Mühendisliği;b792f06c-c25b-eb11-80fa-a0369f7d1484
2020;72;390181441;Tarım ve Orman Bakanlığı İzmir İl Müdürlüğü Beydağ İlçe Müdürlüğü;Mühendis (Gıda);İzmir;Lisans;1;0;;;"4799;3191";4799 - Aşağıdaki lisans programlarından birinden mezun olmak. | 3191 - Gıda Mühendisliği;b492f06c-c25b-eb11-80fa-a0369f7d1484
2020;72;390181592;Tarım ve Orman Bakanlığı İzmir İl Müdürlüğü Dikili İlçe Müdürlüğü;Mühendis (Su Ürünleri);İzmir;Lisans;1;0;;;"4819;3202;3320;8337";4819 - Aşağıdaki lisans programlarından birinden mezun olmak. | 3202 - Hayvansal Üretim | 3320 - Su Ürünleri | 8337 - Su Ürünleri Mühendisliği;b892f06c-c25b-eb11-80fa-a0369f7d1484
2020;72;390181442;Tarım ve Orman Bakanlığı İzmir İl Müdürlüğü Karaburun İlçe Müdürlüğü;Mühendis (Gıda);İzmir;Lisans;1;1;;;"4799;3191";4799 - Aşağıdaki lisans programlarından birinden mezun olmak. | 3191 - Gıda Mühendisliği;b592f06c-c25b-eb11-80fa-a0369f7d1484
2020;72;390181443;Tarım ve Orman Bakanlığı İzmir İl Müdürlüğü Kınık İlçe Müdürlüğü;Mühendis (Gıda);İzmir;Lisans;1;1;;;"4799;3191";4799 - Aşağıdaki lisans programlarından birinden mezun olmak. | 3191 - Gıda Mühendisliği;b692f06c-c25b-eb11-80fa-a0369f7d1484
2020;72;390181046;Tarım ve Orman Bakanlığı Kafkas Arısı Üretim. Eğitim ve Gen Merkezi Müdürlüğü Ardahan;Mühendis (Zootekni);Ardahan;Lisans;3;0;;;"4831;3202;8258;8289";4831 - Aşağıdaki lisans programlarından birinden mezun olmak. | 3202 - Hayvansal Üretim | 8258 - Süt Teknolojisi | 8289 - Zootekni / Zooteknik;f194f06c-c25b-eb11-80fa-a0369f7d1484
2020;72;390181444;Tarım ve Orman Bakanlığı Kahramanmaraş İl Müdürlüğü Afşin İlçe Müdürlüğü;Mühendis (Gıda);Kahramanmaraş;Lisans;1;0;;;"4799;3191";4799 - Aşağıdaki lisans programlarından birinden mezun olmak. | 3191 - Gıda Mühendisliği;3193f06c-c25b-eb11-80fa-a0369f7d1484
2020;72;390181792;Tarım ve Orman Bakanlığı Kahramanmaraş İl Müdürlüğü Afşin İlçe Müdürlüğü;Veteriner Hekim;Kahramanmaraş;Lisans;1;0;;;"4607;6373";4607 - Aşağıdaki lisans programlarından birinden mezun olmak. | 6373 - Veteriner;2b93f06c-c25b-eb11-80fa-a0369f7d1484
2020;72;390181445;Tarım ve Orman Bakanlığı Kahramanmaraş İl Müdürlüğü Andırın İlçe Müdürlüğü;Mühendis (Gıda);Kahramanmaraş;Lisans;1;0;;;"4799;3191";4799 - Aşağıdaki lisans programlarından birinden mezun olmak. | 3191 - Gıda Mühendisliği;3293f06c-c25b-eb11-80fa-a0369f7d1484
2020;72;390181793;Tarım ve Orman Bakanlığı Kahramanmaraş İl Müdürlüğü Andırın İlçe Müdürlüğü;Veteriner Hekim;Kahramanmaraş;Lisans;1;0;;;"4607;6373";4607 - Aşağıdaki lisans programlarından birinden mezun olmak. | 6373 - Veteriner;2c93f06c-c25b-eb11-80fa-a0369f7d1484
2020;72;390181167;Tarım ve Orman Bakanlığı Kahramanmaraş İl Müdürlüğü Çağlayancerit İlçe Müdürlüğü;Mühendis (Ziraat);Kahramanmaraş;Lisans;1;0;;;"4825;5135;4831;3202;8258;8289;4845;3385;3386;4212;6131;8147;8158;9048;9269;4846;9114;4853;3325;3383;3384;8221;8263;4854;9106;4857;3382;8261";4825 - Aşağıdaki lisans programlarından birinden mezun olmak. | 5135 - Ziraat Mühendisliği | 4831 - Aşağıdaki lisans programlarından birinden mezun olmak. | 3202 - Hayvansal Üretim | 8258 - Süt Teknolojisi | 8289 - Zootekni / Zooteknik | 4845 - Aşağıdaki lisans programlarından birinden mezun olmak. | 3385 - Tarla Bitkileri | 3386 - Toprak | 4212 - Bahçe ve Tarla Bitkileri | 6131 - Bitkisel Üretim | 8147 - Bahçe Bitkileri | 8158 - Bitki Koruma | 9048 - Toprak Bilimi ve Bitki Besleme | 9269 - Bitkisel Üretim ve Teknolojileri | 4846 - Aşağıdaki lisans programlarından birinden mezun olmak. | 9114 - Biyosistem Mühendisliği | 4853 - Aşağıdaki lisans programlarından birinden mezun olmak. | 3325 - Tarım Teknolojisi | 3383 - Tarım Makineleri | 3384 - Tarımsal Yapılar ve Sulama | 8221 - Kültürteknik | 8263 - Tarımsal Mekanizasyon | 4854 - Aşağıdaki lisans programlarından birinden mezun olmak. | 9106 - Tarımsal Biyoteknoloji | 4857 - Aşağıdaki lisans programlarından birinden mezun olmak. | 3382 - Tarım Ekonomisi | 8261 - Tarım İşletmeciliği;3693f06c-c25b-eb11-80fa-a0369f7d1484
2020;72;390181794;Tarım ve Orman Bakanlığı Kahramanmaraş İl Müdürlüğü Çağlayancerit İlçe Müdürlüğü;Veteriner Hekim;Kahramanmaraş;Lisans;1;0;;;"4607;6373";4607 - Aşağıdaki lisans programlarından birinden mezun olmak. | 6373 - Veteriner;2d93f06c-c25b-eb11-80fa-a0369f7d1484
2020;72;390181795;Tarım ve Orman Bakanlığı Kahramanmaraş İl Müdürlüğü Ekinözü İlçe Müdürlüğü;Veteriner Hekim;Kahramanmaraş;Lisans;1;0;;;"4607;6373";4607 - Aşağıdaki lisans programlarından birinden mezun olmak. | 6373 - Veteriner;2e93f06c-c25b-eb11-80fa-a0369f7d1484
2020;72;390181446;Tarım ve Orman Bakanlığı Kahramanmaraş İl Müdürlüğü Elbistan İlçe Müdürlüğü;Mühendis (Gıda);Kahramanmaraş;Lisans;1;0;;;"4799;3191";4799 - Aşağıdaki lisans programlarından birinden mezun olmak. | 3191 - Gıda Mühendisliği;3393f06c-c25b-eb11-80fa-a0369f7d1484
2020;72;390181447;Tarım ve Orman Bakanlığı Kahramanmaraş İl Müdürlüğü Göksun İlçe Müdürlüğü;Mühendis (Gıda);Kahramanmaraş;Lisans;1;0;;;"4799;3191";4799 - Aşağıdaki lisans programlarından birinden mezun olmak. | 3191 - Gıda Mühendisliği;3493f06c-c25b-eb11-80fa-a0369f7d1484
2020;72;390181796;Tarım ve Orman Bakanlığı Kahramanmaraş İl Müdürlüğü Göksun İlçe Müdürlüğü;Veteriner Hekim;Kahramanmaraş;Lisans;2;0;;;"4607;6373";4607 - Aşağıdaki lisans programlarından birinden mezun olmak. | 6373 - Veteriner;2f93f06c-c25b-eb11-80fa-a0369f7d1484
2020;72;390181168;Tarım ve Orman Bakanlığı Kahramanmaraş İl Müdürlüğü Nurhak İlçe Müdürlüğü;Mühendis (Ziraat);Kahramanmaraş;Lisans;1;0;;;"4825;5135;4831;3202;8258;8289;4845;3385;3386;4212;6131;8147;8158;9048;9269;4846;9114;4853;3325;3383;3384;8221;8263;4854;9106;4857;3382;8261";4825 - Aşağıdaki lisans programlarından birinden mezun olmak. | 5135 - Ziraat Mühendisliği | 4831 - Aşağıdaki lisans programlarından birinden mezun olmak. | 3202 - Hayvansal Üretim | 8258 - Süt Teknolojisi | 8289 - Zootekni / Zooteknik | 4845 - Aşağıdaki lisans programlarından birinden mezun olmak. | 3385 - Tarla Bitkileri | 3386 - Toprak | 4212 - Bahçe ve Tarla Bitkileri | 6131 - Bitkisel Üretim | 8147 - Bahçe Bitkileri | 8158 - Bitki Koruma | 9048 - Toprak Bilimi ve Bitki Besleme | 9269 - Bitkisel Üretim ve Teknolojileri | 4846 - Aşağıdaki lisans programlarından birinden mezun olmak. | 9114 - Biyosistem Mühendisliği | 4853 - Aşağıdaki lisans programlarından birinden mezun olmak. | 3325 - Tarım Teknolojisi | 3383 - Tarım Makineleri | 3384 - Tarımsal Yapılar ve Sulama | 8221 - Kültürteknik | 8263 - Tarımsal Mekanizasyon | 4854 - Aşağıdaki lisans programlarından birinden mezun olmak. | 9106 - Tarımsal Biyoteknoloji | 4857 - Aşağıdaki lisans programlarından birinden mezun olmak. | 3382 - Tarım Ekonomisi | 8261 - Tarım İşletmeciliği;3793f06c-c25b-eb11-80fa-a0369f7d1484
2020;72;390181797;Tarım ve Orman Bakanlığı Kahramanmaraş İl Müdürlüğü Nurhak İlçe Müdürlüğü;Veteriner Hekim;Kahramanmaraş;Lisans;1;0;;;"4607;6373";4607 - Aşağıdaki lisans programlarından birinden mezun olmak. | 6373 - Veteriner;3093f06c-c25b-eb11-80fa-a0369f7d1484
2020;72;390181448;Tarım ve Orman Bakanlığı Kahramanmaraş İl Müdürlüğü Pazarcık İlçe Müdürlüğü;Mühendis (Gıda);Kahramanmaraş;Lisans;1;0;;;"4799;3191";4799 - Aşağıdaki lisans programlarından birinden mezun olmak. | 3191 - Gıda Mühendisliği;3593f06c-c25b-eb11-80fa-a0369f7d1484
2020;72;390181593;Tarım ve Orman Bakanlığı Kahramanmaraş İl Müdürlüğü Türkoğlu İlçe Müdürlüğü;Mühendis (Su Ürünleri);Kahramanmaraş;Lisans;1;1;;;"4819;3202;3320;8337";4819 - Aşağıdaki lisans programlarından birinden mezun olmak. | 3202 - Hayvansal Üretim | 3320 - Su Ürünleri | 8337 - Su Ürünleri Mühendisliği;2a93f06c-c25b-eb11-80fa-a0369f7d1484
2020;72;390181798;Tarım ve Orman Bakanlığı Karabük İl Müdürlüğü Eflani İlçe Müdürlüğü;Veteriner Hekim;Karabük;Lisans;1;0;;;"4607;6373";4607 - Aşağıdaki lisans programlarından birinden mezun olmak. | 6373 - Veteriner;0a95f06c-c25b-eb11-80fa-a0369f7d1484
2020;72;390181449;Tarım ve Orman Bakanlığı Karabük İl Müdürlüğü Gıda ve Yem Şube Müdürlüğü;Mühendis (Gıda);Karabük;Lisans;1;1;;;"4799;3191";4799 - Aşağıdaki lisans programlarından birinden mezun olmak. | 3191 - Gıda Mühendisliği;0c95f06c-c25b-eb11-80fa-a0369f7d1484
2020;72;390181799;Tarım ve Orman Bakanlığı Karabük İl Müdürlüğü Kırsal Kalkınma ve Örgütlenme Şube Müdürlüğü;Veteriner Hekim;Karabük;Lisans;1;0;;;"4607;6373";4607 - Aşağıdaki lisans programlarından birinden mezun olmak. | 6373 - Veteriner;0b95f06c-c25b-eb11-80fa-a0369f7d1484
2020;72;390181450;Tarım ve Orman Bakanlığı Karabük İl Müdürlüğü Safranbolu İlçe Müdürlüğü;Mühendis (Gıda);Karabük;Lisans;1;0;;;"4799;3191";4799 - Aşağıdaki lisans programlarından birinden mezun olmak. | 3191 - Gıda Mühendisliği;0d95f06c-c25b-eb11-80fa-a0369f7d1484
2020;72;390181594;Tarım ve Orman Bakanlığı Karabük İl Müdürlüğü Yenice İlçe Müdürlüğü;Mühendis (Su Ürünleri);Karabük;Lisans;1;0;;;"4819;3202;3320;8337";4819 - Aşağıdaki lisans programlarından birinden mezun olmak. | 3202 - Hayvansal Üretim | 3320 - Su Ürünleri | 8337 - Su Ürünleri Mühendisliği;0995f06c-c25b-eb11-80fa-a0369f7d1484
2020;72;390181800;Tarım ve Orman Bakanlığı Karaman İl Müdürlüğü Ayrancı İlçe Müdürlüğü;Veteriner Hekim;Karaman;Lisans;3;0;;;"4607;6373";4607 - Aşağıdaki lisans programlarından birinden mezun olmak. | 6373 - Veteriner;9f94f06c-c25b-eb11-80fa-a0369f7d1484
2020;72;390181801;Tarım ve Orman Bakanlığı Karaman İl Müdürlüğü Başyayla İlçe Müdürlüğü;Veteriner Hekim;Karaman;Lisans;1;0;;;"4607;6373";4607 - Aşağıdaki lisans programlarından birinden mezun olmak. | 6373 - Veteriner;a094f06c-c25b-eb11-80fa-a0369f7d1484
2020;72;390181451;Tarım ve Orman Bakanlığı Karaman İl Müdürlüğü Ermenek İlçe Müdürlüğü;Mühendis (Gıda);Karaman;Lisans;1;0;;;"4799;3191";4799 - Aşağıdaki lisans programlarından birinden mezun olmak. | 3191 - Gıda Mühendisliği;a394f06c-c25b-eb11-80fa-a0369f7d1484
2020;72;390181802;Tarım ve Orman Bakanlığı Karaman İl Müdürlüğü Ermenek İlçe Müdürlüğü;Veteriner Hekim;Karaman;Lisans;1;0;;;"4607;6373";4607 - Aşağıdaki lisans programlarından birinden mezun olmak. | 6373 - Veteriner;a194f06c-c25b-eb11-80fa-a0369f7d1484
2020;72;390181452;Tarım ve Orman Bakanlığı Karaman İl Müdürlüğü Gıda ve Yem Şube Müdürlüğü;Mühendis (Gıda);Karaman;Lisans;1;0;;;"4799;3191";4799 - Aşağıdaki lisans programlarından birinden mezun olmak. | 3191 - Gıda Mühendisliği;a494f06c-c25b-eb11-80fa-a0369f7d1484
2020;72;390181803;Tarım ve Orman Bakanlığı Karaman İl Müdürlüğü Kazımkarabekir İlçe Müdürlüğü;Veteriner Hekim;Karaman;Lisans;1;0;;;"4607;6373";4607 - Aşağıdaki lisans programlarından birinden mezun olmak. | 6373 - Veteriner;a294f06c-c25b-eb11-80fa-a0369f7d1484
2020;72;390181453;Tarım ve Orman Bakanlığı Kars Gıda Kontrol Laboratuvar Müdürlüğü;Mühendis (Gıda);Kars;Lisans;2;0;;;"4799;3191";4799 - Aşağıdaki lisans programlarından birinden mezun olmak. | 3191 - Gıda Mühendisliği;c292f06c-c25b-eb11-80fa-a0369f7d1484
2020;72;390181169;Tarım ve Orman Bakanlığı Kars İl Müdürlüğü Akyaka İlçe Müdürlüğü;Mühendis (Ziraat);Kars;Lisans;1;0;;;"4825;5135;4831;3202;8258;8289;4845;3385;3386;4212;6131;8147;8158;9048;9269;4846;9114;4853;3325;3383;3384;8221;8263;4854;9106;4857;3382;8261";4825 - Aşağıdaki lisans programlarından birinden mezun olmak. | 5135 - Ziraat Mühendisliği | 4831 - Aşağıdaki lisans programlarından birinden mezun olmak. | 3202 - Hayvansal Üretim | 8258 - Süt Teknolojisi | 8289 - Zootekni / Zooteknik | 4845 - Aşağıdaki lisans programlarından birinden mezun olmak. | 3385 - Tarla Bitkileri | 3386 - Toprak | 4212 - Bahçe ve Tarla Bitkileri | 6131 - Bitkisel Üretim | 8147 - Bahçe Bitkileri | 8158 - Bitki Koruma | 9048 - Toprak Bilimi ve Bitki Besleme | 9269 - Bitkisel Üretim ve Teknolojileri | 4846 - Aşağıdaki lisans programlarından birinden mezun olmak. | 9114 - Biyosistem Mühendisliği | 4853 - Aşağıdaki lisans programlarından birinden mezun olmak. | 3325 - Tarım Teknolojisi | 3383 - Tarım Makineleri | 3384 - Tarımsal Yapılar ve Sulama | 8221 - Kültürteknik | 8263 - Tarımsal Mekanizasyon | 4854 - Aşağıdaki lisans programlarından birinden mezun olmak. | 9106 - Tarımsal Biyoteknoloji | 4857 - Aşağıdaki lisans programlarından birinden mezun olmak. | 3382 - Tarım Ekonomisi | 8261 - Tarım İşletmeciliği;c592f06c-c25b-eb11-80fa-a0369f7d1484
2020;72;390181804;Tarım ve Orman Bakanlığı Kars İl Müdürlüğü Akyaka İlçe Müdürlüğü;Veteriner Hekim;Kars;Lisans;5;0;;;"4607;6373";4607 - Aşağıdaki lisans programlarından birinden mezun olmak. | 6373 - Veteriner;b992f06c-c25b-eb11-80fa-a0369f7d1484
2020;72;390181170;Tarım ve Orman Bakanlığı Kars İl Müdürlüğü Arpaçay İlçe Müdürlüğü;Mühendis (Ziraat);Kars;Lisans;3;0;;;"4825;5135;4831;3202;8258;8289;4845;3385;3386;4212;6131;8147;8158;9048;9269;4846;9114;4853;3325;3383;3384;8221;8263;4854;9106;4857;3382;8261";4825 - Aşağıdaki lisans programlarından birinden mezun olmak. | 5135 - Ziraat Mühendisliği | 4831 - Aşağıdaki lisans programlarından birinden mezun olmak. | 3202 - Hayvansal Üretim | 8258 - Süt Teknolojisi | 8289 - Zootekni / Zooteknik | 4845 - Aşağıdaki lisans programlarından birinden mezun olmak. | 3385 - Tarla Bitkileri | 3386 - Toprak | 4212 - Bahçe ve Tarla Bitkileri | 6131 - Bitkisel Üretim | 8147 - Bahçe Bitkileri | 8158 - Bitki Koruma | 9048 - Toprak Bilimi ve Bitki Besleme | 9269 - Bitkisel Üretim ve Teknolojileri | 4846 - Aşağıdaki lisans programlarından birinden mezun olmak. | 9114 - Biyosistem Mühendisliği | 4853 - Aşağıdaki lisans programlarından birinden mezun olmak. | 3325 - Tarım Teknolojisi | 3383 - Tarım Makineleri | 3384 - Tarımsal Yapılar ve Sulama | 8221 - Kültürteknik | 8263 - Tarımsal Mekanizasyon | 4854 - Aşağıdaki lisans programlarından birinden mezun olmak. | 9106 - Tarımsal Biyoteknoloji | 4857 - Aşağıdaki lisans programlarından birinden mezun olmak. | 3382 - Tarım Ekonomisi | 8261 - Tarım İşletmeciliği;c692f06c-c25b-eb11-80fa-a0369f7d1484
2020;72;390181805;Tarım ve Orman Bakanlığı Kars İl Müdürlüğü Arpaçay İlçe Müdürlüğü;Veteriner Hekim;Kars;Lisans;7;0;;;"4607;6373";4607 - Aşağıdaki lisans programlarından birinden mezun olmak. | 6373 - Veteriner;ba92f06c-c25b-eb11-80fa-a0369f7d1484
2020;72;390181171;Tarım ve Orman Bakanlığı Kars İl Müdürlüğü Bitkisel Üretim ve Bitki Sağlığı Şube Müdürlüğü;Mühendis (Ziraat);Kars;Lisans;6;2;;;"4825;5135;4831;3202;8258;8289;4845;3385;3386;4212;6131;8147;8158;9048;9269;4846;9114;4853;3325;3383;3384;8221;8263;4854;9106;4857;3382;8261";4825 - Aşağıdaki lisans programlarından birinden mezun olmak. | 5135 - Ziraat Mühendisliği | 4831 - Aşağıdaki lisans programlarından birinden mezun olmak. | 3202 - Hayvansal Üretim | 8258 - Süt Teknolojisi | 8289 - Zootekni / Zooteknik | 4845 - Aşağıdaki lisans programlarından birinden mezun olmak. | 3385 - Tarla Bitkileri | 3386 - Toprak | 4212 - Bahçe ve Tarla Bitkileri | 6131 - Bitkisel Üretim | 8147 - Bahçe Bitkileri | 8158 - Bitki Koruma | 9048 - Toprak Bilimi ve Bitki Besleme | 9269 - Bitkisel Üretim ve Teknolojileri | 4846 - Aşağıdaki lisans programlarından birinden mezun olmak. | 9114 - Biyosistem Mühendisliği | 4853 - Aşağıdaki lisans programlarından birinden mezun olmak. | 3325 - Tarım Teknolojisi | 3383 - Tarım Makineleri | 3384 - Tarımsal Yapılar ve Sulama | 8221 - Kültürteknik | 8263 - Tarımsal Mekanizasyon | 4854 - Aşağıdaki lisans programlarından birinden mezun olmak. | 9106 - Tarımsal Biyoteknoloji | 4857 - Aşağıdaki lisans programlarından birinden mezun olmak. | 3382 - Tarım Ekonomisi | 8261 - Tarım İşletmeciliği;c792f06c-c25b-eb11-80fa-a0369f7d1484
2020;72;390181172;Tarım ve Orman Bakanlığı Kars İl Müdürlüğü Çayır, Mera ve Yem Bitkileri Şube Müdürlüğü;Mühendis (Ziraat);Kars;Lisans;1;0;;;"4825;5135;4831;3202;8258;8289;4845;3385;3386;4212;6131;8147;8158;9048;9269;4846;9114;4853;3325;3383;3384;8221;8263;4854;9106;4857;3382;8261";4825 - Aşağıdaki lisans programlarından birinden mezun olmak. | 5135 - Ziraat Mühendisliği | 4831 - Aşağıdaki lisans programlarından birinden mezun olmak. | 3202 - Hayvansal Üretim | 8258 - Süt Teknolojisi | 8289 - Zootekni / Zooteknik | 4845 - Aşağıdaki lisans programlarından birinden mezun olmak. | 3385 - Tarla Bitkileri | 3386 - Toprak | 4212 - Bahçe ve Tarla Bitkileri | 6131 - Bitkisel Üretim | 8147 - Bahçe Bitkileri | 8158 - Bitki Koruma | 9048 - Toprak Bilimi ve Bitki Besleme | 9269 - Bitkisel Üretim ve Teknolojileri | 4846 - Aşağıdaki lisans programlarından birinden mezun olmak. | 9114 - Biyosistem Mühendisliği | 4853 - Aşağıdaki lisans programlarından birinden mezun olmak. | 3325 - Tarım Teknolojisi | 3383 - Tarım Makineleri | 3384 - Tarımsal Yapılar ve Sulama | 8221 - Kültürteknik | 8263 - Tarımsal Mekanizasyon | 4854 - Aşağıdaki lisans programlarından birinden mezun olmak. | 9106 - Tarımsal Biyoteknoloji | 4857 - Aşağıdaki lisans programlarından birinden mezun olmak. | 3382 - Tarım Ekonomisi | 8261 - Tarım İşletmeciliği;c892f06c-c25b-eb11-80fa-a0369f7d1484
2020;72;390181173;Tarım ve Orman Bakanlığı Kars İl Müdürlüğü Digor İlçe Müdürlüğü;Mühendis (Ziraat);Kars;Lisans;8;1;;;"4825;5135;4831;3202;8258;8289;4845;3385;3386;4212;6131;8147;8158;9048;9269;4846;9114;4853;3325;3383;3384;8221;8263;4854;9106;4857;3382;8261";4825 - Aşağıdaki lisans programlarından birinden mezun olmak. | 5135 - Ziraat Mühendisliği | 4831 - Aşağıdaki lisans programlarından birinden mezun olmak. | 3202 - Hayvansal Üretim | 8258 - Süt Teknolojisi | 8289 - Zootekni / Zooteknik | 4845 - Aşağıdaki lisans programlarından birinden mezun olmak. | 3385 - Tarla Bitkileri | 3386 - Toprak | 4212 - Bahçe ve Tarla Bitkileri | 6131 - Bitkisel Üretim | 8147 - Bahçe Bitkileri | 8158 - Bitki Koruma | 9048 - Toprak Bilimi ve Bitki Besleme | 9269 - Bitkisel Üretim ve Teknolojileri | 4846 - Aşağıdaki lisans programlarından birinden mezun olmak. | 9114 - Biyosistem Mühendisliği | 4853 - Aşağıdaki lisans programlarından birinden mezun olmak. | 3325 - Tarım Teknolojisi | 3383 - Tarım Makineleri | 3384 - Tarımsal Yapılar ve Sulama | 8221 - Kültürteknik | 8263 - Tarımsal Mekanizasyon | 4854 - Aşağıdaki lisans programlarından birinden mezun olmak. | 9106 - Tarımsal Biyoteknoloji | 4857 - Aşağıdaki lisans programlarından birinden mezun olmak. | 3382 - Tarım Ekonomisi | 8261 - Tarım İşletmeciliği;c992f06c-c25b-eb11-80fa-a0369f7d1484
2020;72;390181806;Tarım ve Orman Bakanlığı Kars İl Müdürlüğü Digor İlçe Müdürlüğü;Veteriner Hekim;Kars;Lisans;4;0;;;"4607;6373";4607 - Aşağıdaki lisans programlarından birinden mezun olmak. | 6373 - Veteriner;bb92f06c-c25b-eb11-80fa-a0369f7d1484
2020;72;390181454;Tarım ve Orman Bakanlığı Kars İl Müdürlüğü Gıda ve Yem Şube Müdürlüğü;Mühendis (Gıda);Kars;Lisans;4;0;;;"4799;3191";4799 - Aşağıdaki lisans programlarından birinden mezun olmak. | 3191 - Gıda Mühendisliği;c392f06c-c25b-eb11-80fa-a0369f7d1484
2020;72;390181807;Tarım ve Orman Bakanlığı Kars İl Müdürlüğü Gıda ve Yem Şube Müdürlüğü;Veteriner Hekim;Kars;Lisans;1;0;;;"4607;6373";4607 - Aşağıdaki lisans programlarından birinden mezun olmak. | 6373 - Veteriner;bc92f06c-c25b-eb11-80fa-a0369f7d1484
2020;72;390181808;Tarım ve Orman Bakanlığı Kars İl Müdürlüğü Hayvan Sağlığı, Yetiştiriciliği ve Su Ürünleri Şube Müdürlüğü;Veteriner Hekim;Kars;Lisans;6;0;;;"4607;6373";4607 - Aşağıdaki lisans programlarından birinden mezun olmak. | 6373 - Veteriner;bd92f06c-c25b-eb11-80fa-a0369f7d1484
2020;72;390181174;Tarım ve Orman Bakanlığı Kars İl Müdürlüğü Kağızman İlçe Müdürlüğü;Mühendis (Ziraat);Kars;Lisans;8;2;;;"4825;5135;4831;3202;8258;8289;4845;3385;3386;4212;6131;8147;8158;9048;9269;4846;9114;4853;3325;3383;3384;8221;8263;4854;9106;4857;3382;8261";4825 - Aşağıdaki lisans programlarından birinden mezun olmak. | 5135 - Ziraat Mühendisliği | 4831 - Aşağıdaki lisans programlarından birinden mezun olmak. | 3202 - Hayvansal Üretim | 8258 - Süt Teknolojisi | 8289 - Zootekni / Zooteknik | 4845 - Aşağıdaki lisans programlarından birinden mezun olmak. | 3385 - Tarla Bitkileri | 3386 - Toprak | 4212 - Bahçe ve Tarla Bitkileri | 6131 - Bitkisel Üretim | 8147 - Bahçe Bitkileri | 8158 - Bitki Koruma | 9048 - Toprak Bilimi ve Bitki Besleme | 9269 - Bitkisel Üretim ve Teknolojileri | 4846 - Aşağıdaki lisans programlarından birinden mezun olmak. | 9114 - Biyosistem Mühendisliği | 4853 - Aşağıdaki lisans programlarından birinden mezun olmak. | 3325 - Tarım Teknolojisi | 3383 - Tarım Makineleri | 3384 - Tarımsal Yapılar ve Sulama | 8221 - Kültürteknik | 8263 - Tarımsal Mekanizasyon | 4854 - Aşağıdaki lisans programlarından birinden mezun olmak. | 9106 - Tarımsal Biyoteknoloji | 4857 - Aşağıdaki lisans programlarından birinden mezun olmak. | 3382 - Tarım Ekonomisi | 8261 - Tarım İşletmeciliği;ca92f06c-c25b-eb11-80fa-a0369f7d1484
2020;72;390181455;Tarım ve Orman Bakanlığı Kars İl Müdürlüğü Kağızman İlçe Müdürlüğü;Mühendis (Gıda);Kars;Lisans;1;0;;;"4799;3191";4799 - Aşağıdaki lisans programlarından birinden mezun olmak. | 3191 - Gıda Mühendisliği;c492f06c-c25b-eb11-80fa-a0369f7d1484
2020;72;390181809;Tarım ve Orman Bakanlığı Kars İl Müdürlüğü Kağızman İlçe Müdürlüğü;Veteriner Hekim;Kars;Lisans;6;0;;;"4607;6373";4607 - Aşağıdaki lisans programlarından birinden mezun olmak. | 6373 - Veteriner;be92f06c-c25b-eb11-80fa-a0369f7d1484
2020;72;390181175;Tarım ve Orman Bakanlığı Kars İl Müdürlüğü Kırsal Kalkınma ve Örgütlenme Şube Müdürlüğü;Mühendis (Ziraat);Kars;Lisans;2;0;;;"4825;5135;4831;3202;8258;8289;4845;3385;3386;4212;6131;8147;8158;9048;9269;4846;9114;4853;3325;3383;3384;8221;8263;4854;9106;4857;3382;8261";4825 - Aşağıdaki lisans programlarından birinden mezun olmak. | 5135 - Ziraat Mühendisliği | 4831 - Aşağıdaki lisans programlarından birinden mezun olmak. | 3202 - Hayvansal Üretim | 8258 - Süt Teknolojisi | 8289 - Zootekni / Zooteknik | 4845 - Aşağıdaki lisans programlarından birinden mezun olmak. | 3385 - Tarla Bitkileri | 3386 - Toprak | 4212 - Bahçe ve Tarla Bitkileri | 6131 - Bitkisel Üretim | 8147 - Bahçe Bitkileri | 8158 - Bitki Koruma | 9048 - Toprak Bilimi ve Bitki Besleme | 9269 - Bitkisel Üretim ve Teknolojileri | 4846 - Aşağıdaki lisans programlarından birinden mezun olmak. | 9114 - Biyosistem Mühendisliği | 4853 - Aşağıdaki lisans programlarından birinden mezun olmak. | 3325 - Tarım Teknolojisi | 3383 - Tarım Makineleri | 3384 - Tarımsal Yapılar ve Sulama | 8221 - Kültürteknik | 8263 - Tarımsal Mekanizasyon | 4854 - Aşağıdaki lisans programlarından birinden mezun olmak. | 9106 - Tarımsal Biyoteknoloji | 4857 - Aşağıdaki lisans programlarından birinden mezun olmak. | 3382 - Tarım Ekonomisi | 8261 - Tarım İşletmeciliği;cb92f06c-c25b-eb11-80fa-a0369f7d1484
2020;72;390181176;Tarım ve Orman Bakanlığı Kars İl Müdürlüğü Koordinasyon ve Tarımsal Veriler Şube Müdürlüğü;Mühendis (Ziraat);Kars;Lisans;1;0;;;"4825;5135;4831;3202;8258;8289;4845;3385;3386;4212;6131;8147;8158;9048;9269;4846;9114;4853;3325;3383;3384;8221;8263;4854;9106;4857;3382;8261";4825 - Aşağıdaki lisans programlarından birinden mezun olmak. | 5135 - Ziraat Mühendisliği | 4831 - Aşağıdaki lisans programlarından birinden mezun olmak. | 3202 - Hayvansal Üretim | 8258 - Süt Teknolojisi | 8289 - Zootekni / Zooteknik | 4845 - Aşağıdaki lisans programlarından birinden mezun olmak. | 3385 - Tarla Bitkileri | 3386 - Toprak | 4212 - Bahçe ve Tarla Bitkileri | 6131 - Bitkisel Üretim | 8147 - Bahçe Bitkileri | 8158 - Bitki Koruma | 9048 - Toprak Bilimi ve Bitki Besleme | 9269 - Bitkisel Üretim ve Teknolojileri | 4846 - Aşağıdaki lisans programlarından birinden mezun olmak. | 9114 - Biyosistem Mühendisliği | 4853 - Aşağıdaki lisans programlarından birinden mezun olmak. | 3325 - Tarım Teknolojisi | 3383 - Tarım Makineleri | 3384 - Tarımsal Yapılar ve Sulama | 8221 - Kültürteknik | 8263 - Tarımsal Mekanizasyon | 4854 - Aşağıdaki lisans programlarından birinden mezun olmak. | 9106 - Tarımsal Biyoteknoloji | 4857 - Aşağıdaki lisans programlarından birinden mezun olmak. | 3382 - Tarım Ekonomisi | 8261 - Tarım İşletmeciliği;cc92f06c-c25b-eb11-80fa-a0369f7d1484
2020;72;390181177;Tarım ve Orman Bakanlığı Kars İl Müdürlüğü Sarıkamış İlçe Müdürlüğü;Mühendis (Ziraat);Kars;Lisans;6;2;;;"4825;5135;4831;3202;8258;8289;4845;3385;3386;4212;6131;8147;8158;9048;9269;4846;9114;4853;3325;3383;3384;8221;8263;4854;9106;4857;3382;8261";4825 - Aşağıdaki lisans programlarından birinden mezun olmak. | 5135 - Ziraat Mühendisliği | 4831 - Aşağıdaki lisans programlarından birinden mezun olmak. | 3202 - Hayvansal Üretim | 8258 - Süt Teknolojisi | 8289 - Zootekni / Zooteknik | 4845 - Aşağıdaki lisans programlarından birinden mezun olmak. | 3385 - Tarla Bitkileri | 3386 - Toprak | 4212 - Bahçe ve Tarla Bitkileri | 6131 - Bitkisel Üretim | 8147 - Bahçe Bitkileri | 8158 - Bitki Koruma | 9048 - Toprak Bilimi ve Bitki Besleme | 9269 - Bitkisel Üretim ve Teknolojileri | 4846 - Aşağıdaki lisans programlarından birinden mezun olmak. | 9114 - Biyosistem Mühendisliği | 4853 - Aşağıdaki lisans programlarından birinden mezun olmak. | 3325 - Tarım Teknolojisi | 3383 - Tarım Makineleri | 3384 - Tarımsal Yapılar ve Sulama | 8221 - Kültürteknik | 8263 - Tarımsal Mekanizasyon | 4854 - Aşağıdaki lisans programlarından birinden mezun olmak. | 9106 - Tarımsal Biyoteknoloji | 4857 - Aşağıdaki lisans programlarından birinden mezun olmak. | 3382 - Tarım Ekonomisi | 8261 - Tarım İşletmeciliği;cd92f06c-c25b-eb11-80fa-a0369f7d1484
2020;72;390181810;Tarım ve Orman Bakanlığı Kars İl Müdürlüğü Sarıkamış İlçe Müdürlüğü;Veteriner Hekim;Kars;Lisans;10;0;;;"4607;6373";4607 - Aşağıdaki lisans programlarından birinden mezun olmak. | 6373 - Veteriner;bf92f06c-c25b-eb11-80fa-a0369f7d1484
2020;72;390181178;Tarım ve Orman Bakanlığı Kars İl Müdürlüğü Selim İlçe Müdürlüğü;Mühendis (Ziraat);Kars;Lisans;6;1;;;"4825;5135;4831;3202;8258;8289;4845;3385;3386;4212;6131;8147;8158;9048;9269;4846;9114;4853;3325;3383;3384;8221;8263;4854;9106;4857;3382;8261";4825 - Aşağıdaki lisans programlarından birinden mezun olmak. | 5135 - Ziraat Mühendisliği | 4831 - Aşağıdaki lisans programlarından birinden mezun olmak. | 3202 - Hayvansal Üretim | 8258 - Süt Teknolojisi | 8289 - Zootekni / Zooteknik | 4845 - Aşağıdaki lisans programlarından birinden mezun olmak. | 3385 - Tarla Bitkileri | 3386 - Toprak | 4212 - Bahçe ve Tarla Bitkileri | 6131 - Bitkisel Üretim | 8147 - Bahçe Bitkileri | 8158 - Bitki Koruma | 9048 - Toprak Bilimi ve Bitki Besleme | 9269 - Bitkisel Üretim ve Teknolojileri | 4846 - Aşağıdaki lisans programlarından birinden mezun olmak. | 9114 - Biyosistem Mühendisliği | 4853 - Aşağıdaki lisans programlarından birinden mezun olmak. | 3325 - Tarım Teknolojisi | 3383 - Tarım Makineleri | 3384 - Tarımsal Yapılar ve Sulama | 8221 - Kültürteknik | 8263 - Tarımsal Mekanizasyon | 4854 - Aşağıdaki lisans programlarından birinden mezun olmak. | 9106 - Tarımsal Biyoteknoloji | 4857 - Aşağıdaki lisans programlarından birinden mezun olmak. | 3382 - Tarım Ekonomisi | 8261 - Tarım İşletmeciliği;ce92f06c-c25b-eb11-80fa-a0369f7d1484
2020;72;390181811;Tarım ve Orman Bakanlığı Kars İl Müdürlüğü Selim İlçe Müdürlüğü;Veteriner Hekim;Kars;Lisans;10;0;;;"4607;6373";4607 - Aşağıdaki lisans programlarından birinden mezun olmak. | 6373 - Veteriner;c092f06c-c25b-eb11-80fa-a0369f7d1484
2020;72;390181179;Tarım ve Orman Bakanlığı Kars İl Müdürlüğü Susuz İlçe Müdürlüğü;Mühendis (Ziraat);Kars;Lisans;4;0;;;"4825;5135;4831;3202;8258;8289;4845;3385;3386;4212;6131;8147;8158;9048;9269;4846;9114;4853;3325;3383;3384;8221;8263;4854;9106;4857;3382;8261";4825 - Aşağıdaki lisans programlarından birinden mezun olmak. | 5135 - Ziraat Mühendisliği | 4831 - Aşağıdaki lisans programlarından birinden mezun olmak. | 3202 - Hayvansal Üretim | 8258 - Süt Teknolojisi | 8289 - Zootekni / Zooteknik | 4845 - Aşağıdaki lisans programlarından birinden mezun olmak. | 3385 - Tarla Bitkileri | 3386 - Toprak | 4212 - Bahçe ve Tarla Bitkileri | 6131 - Bitkisel Üretim | 8147 - Bahçe Bitkileri | 8158 - Bitki Koruma | 9048 - Toprak Bilimi ve Bitki Besleme | 9269 - Bitkisel Üretim ve Teknolojileri | 4846 - Aşağıdaki lisans programlarından birinden mezun olmak. | 9114 - Biyosistem Mühendisliği | 4853 - Aşağıdaki lisans programlarından birinden mezun olmak. | 3325 - Tarım Teknolojisi | 3383 - Tarım Makineleri | 3384 - Tarımsal Yapılar ve Sulama | 8221 - Kültürteknik | 8263 - Tarımsal Mekanizasyon | 4854 - Aşağıdaki lisans programlarından birinden mezun olmak. | 9106 - Tarımsal Biyoteknoloji | 4857 - Aşağıdaki lisans programlarından birinden mezun olmak. | 3382 - Tarım Ekonomisi | 8261 - Tarım İşletmeciliği;cf92f06c-c25b-eb11-80fa-a0369f7d1484
2020;72;390181812;Tarım ve Orman Bakanlığı Kars İl Müdürlüğü Susuz İlçe Müdürlüğü;Veteriner Hekim;Kars;Lisans;2;0;;;"4607;6373";4607 - Aşağıdaki lisans programlarından birinden mezun olmak. | 6373 - Veteriner;c192f06c-c25b-eb11-80fa-a0369f7d1484
2020;72;390181456;Tarım ve Orman Bakanlığı Kastamonu Gıda Kontrol Laboratuvar Müdürlüğü;Mühendis (Gıda);Kastamonu;Lisans;2;1;;;"4799;3191";4799 - Aşağıdaki lisans programlarından birinden mezun olmak. | 3191 - Gıda Mühendisliği;dd92f06c-c25b-eb11-80fa-a0369f7d1484
2020;72;390181457;Tarım ve Orman Bakanlığı Kastamonu İl Müdürlüğü Araç İlçe Müdürlüğü;Mühendis (Gıda);Kastamonu;Lisans;1;1;;;"4799;3191";4799 - Aşağıdaki lisans programlarından birinden mezun olmak. | 3191 - Gıda Mühendisliği;de92f06c-c25b-eb11-80fa-a0369f7d1484
2020;72;390181180;Tarım ve Orman Bakanlığı Kastamonu İl Müdürlüğü Daday İlçe Müdürlüğü;Mühendis (Ziraat);Kastamonu;Lisans;1;0;;;"4825;5135;4831;3202;8258;8289;4845;3385;3386;4212;6131;8147;8158;9048;9269;4846;9114;4853;3325;3383;3384;8221;8263;4854;9106;4857;3382;8261";4825 - Aşağıdaki lisans programlarından birinden mezun olmak. | 5135 - Ziraat Mühendisliği | 4831 - Aşağıdaki lisans programlarından birinden mezun olmak. | 3202 - Hayvansal Üretim | 8258 - Süt Teknolojisi | 8289 - Zootekni / Zooteknik | 4845 - Aşağıdaki lisans programlarından birinden mezun olmak. | 3385 - Tarla Bitkileri | 3386 - Toprak | 4212 - Bahçe ve Tarla Bitkileri | 6131 - Bitkisel Üretim | 8147 - Bahçe Bitkileri | 8158 - Bitki Koruma | 9048 - Toprak Bilimi ve Bitki Besleme | 9269 - Bitkisel Üretim ve Teknolojileri | 4846 - Aşağıdaki lisans programlarından birinden mezun olmak. | 9114 - Biyosistem Mühendisliği | 4853 - Aşağıdaki lisans programlarından birinden mezun olmak. | 3325 - Tarım Teknolojisi | 3383 - Tarım Makineleri | 3384 - Tarımsal Yapılar ve Sulama | 8221 - Kültürteknik | 8263 - Tarımsal Mekanizasyon | 4854 - Aşağıdaki lisans programlarından birinden mezun olmak. | 9106 - Tarımsal Biyoteknoloji | 4857 - Aşağıdaki lisans programlarından birinden mezun olmak. | 3382 - Tarım Ekonomisi | 8261 - Tarım İşletmeciliği;da92f06c-c25b-eb11-80fa-a0369f7d1484
2020;72;390181813;Tarım ve Orman Bakanlığı Kastamonu İl Müdürlüğü Daday İlçe Müdürlüğü;Veteriner Hekim;Kastamonu;Lisans;1;0;;;"4607;6373";4607 - Aşağıdaki lisans programlarından birinden mezun olmak. | 6373 - Veteriner;e092f06c-c25b-eb11-80fa-a0369f7d1484
2020;72;390181181;Tarım ve Orman Bakanlığı Kastamonu İl Müdürlüğü Doğanyurt İlçe Müdürlüğü;Mühendis (Ziraat);Kastamonu;Lisans;1;0;;;"4825;5135;4831;3202;8258;8289;4845;3385;3386;4212;6131;8147;8158;9048;9269;4846;9114;4853;3325;3383;3384;8221;8263;4854;9106;4857;3382;8261";4825 - Aşağıdaki lisans programlarından birinden mezun olmak. | 5135 - Ziraat Mühendisliği | 4831 - Aşağıdaki lisans programlarından birinden mezun olmak. | 3202 - Hayvansal Üretim | 8258 - Süt Teknolojisi | 8289 - Zootekni / Zooteknik | 4845 - Aşağıdaki lisans programlarından birinden mezun olmak. | 3385 - Tarla Bitkileri | 3386 - Toprak | 4212 - Bahçe ve Tarla Bitkileri | 6131 - Bitkisel Üretim | 8147 - Bahçe Bitkileri | 8158 - Bitki Koruma | 9048 - Toprak Bilimi ve Bitki Besleme | 9269 - Bitkisel Üretim ve Teknolojileri | 4846 - Aşağıdaki lisans programlarından birinden mezun olmak. | 9114 - Biyosistem Mühendisliği | 4853 - Aşağıdaki lisans programlarından birinden mezun olmak. | 3325 - Tarım Teknolojisi | 3383 - Tarım Makineleri | 3384 - Tarımsal Yapılar ve Sulama | 8221 - Kültürteknik | 8263 - Tarımsal Mekanizasyon | 4854 - Aşağıdaki lisans programlarından birinden mezun olmak. | 9106 - Tarımsal Biyoteknoloji | 4857 - Aşağıdaki lisans programlarından birinden mezun olmak. | 3382 - Tarım Ekonomisi | 8261 - Tarım İşletmeciliği;db92f06c-c25b-eb11-80fa-a0369f7d1484
2020;72;390181595;Tarım ve Orman Bakanlığı Kastamonu İl Müdürlüğü İnebolu İlçe Müdürlüğü;Mühendis (Su Ürünleri);Kastamonu;Lisans;1;0;;;"4819;3202;3320;8337";4819 - Aşağıdaki lisans programlarından birinden mezun olmak. | 3202 - Hayvansal Üretim | 3320 - Su Ürünleri | 8337 - Su Ürünleri Mühendisliği;e292f06c-c25b-eb11-80fa-a0369f7d1484
2020;72;390181182;Tarım ve Orman Bakanlığı Kastamonu İl Müdürlüğü Taşköprü İlçe Müdürlüğü;Mühendis (Ziraat);Kastamonu;Lisans;1;0;;;"4825;5135;4831;3202;8258;8289;4845;3385;3386;4212;6131;8147;8158;9048;9269;4846;9114;4853;3325;3383;3384;8221;8263;4854;9106;4857;3382;8261";4825 - Aşağıdaki lisans programlarından birinden mezun olmak. | 5135 - Ziraat Mühendisliği | 4831 - Aşağıdaki lisans programlarından birinden mezun olmak. | 3202 - Hayvansal Üretim | 8258 - Süt Teknolojisi | 8289 - Zootekni / Zooteknik | 4845 - Aşağıdaki lisans programlarından birinden mezun olmak. | 3385 - Tarla Bitkileri | 3386 - Toprak | 4212 - Bahçe ve Tarla Bitkileri | 6131 - Bitkisel Üretim | 8147 - Bahçe Bitkileri | 8158 - Bitki Koruma | 9048 - Toprak Bilimi ve Bitki Besleme | 9269 - Bitkisel Üretim ve Teknolojileri | 4846 - Aşağıdaki lisans programlarından birinden mezun olmak. | 9114 - Biyosistem Mühendisliği | 4853 - Aşağıdaki lisans programlarından birinden mezun olmak. | 3325 - Tarım Teknolojisi | 3383 - Tarım Makineleri | 3384 - Tarımsal Yapılar ve Sulama | 8221 - Kültürteknik | 8263 - Tarımsal Mekanizasyon | 4854 - Aşağıdaki lisans programlarından birinden mezun olmak. | 9106 - Tarımsal Biyoteknoloji | 4857 - Aşağıdaki lisans programlarından birinden mezun olmak. | 3382 - Tarım Ekonomisi | 8261 - Tarım İşletmeciliği;dc92f06c-c25b-eb11-80fa-a0369f7d1484
2020;72;390181458;Tarım ve Orman Bakanlığı Kastamonu İl Müdürlüğü Tosya İlçe Müdürlüğü;Mühendis (Gıda);Kastamonu;Lisans;1;1;;;"4799;3191";4799 - Aşağıdaki lisans programlarından birinden mezun olmak. | 3191 - Gıda Mühendisliği;df92f06c-c25b-eb11-80fa-a0369f7d1484
2020;72;390181814;Tarım ve Orman Bakanlığı Kastamonu İl Müdürlüğü Tosya İlçe Müdürlüğü;Veteriner Hekim;Kastamonu;Lisans;1;0;;;"4607;6373";4607 - Aşağıdaki lisans programlarından birinden mezun olmak. | 6373 - Veteriner;e192f06c-c25b-eb11-80fa-a0369f7d1484
2020;72;390181459;Tarım ve Orman Bakanlığı Kayseri İl Müdürlüğü Develi İlçe Müdürlüğü;Mühendis (Gıda);Kayseri;Lisans;1;0;;;"4799;3191";4799 - Aşağıdaki lisans programlarından birinden mezun olmak. | 3191 - Gıda Mühendisliği;e392f06c-c25b-eb11-80fa-a0369f7d1484
2020;72;390181183;Tarım ve Orman Bakanlığı Kırıkkale İl Müdürlüğü Balışeyh İlçe Müdürlüğü;Mühendis (Ziraat);Kırıkkale;Lisans;1;3;;;"4825;5135;4831;3202;8258;8289;4845;3385;3386;4212;6131;8147;8158;9048;9269;4846;9114;4853;3325;3383;3384;8221;8263;4854;9106;4857;3382;8261";4825 - Aşağıdaki lisans programlarından birinden mezun olmak. | 5135 - Ziraat Mühendisliği | 4831 - Aşağıdaki lisans programlarından birinden mezun olmak. | 3202 - Hayvansal Üretim | 8258 - Süt Teknolojisi | 8289 - Zootekni / Zooteknik | 4845 - Aşağıdaki lisans programlarından birinden mezun olmak. | 3385 - Tarla Bitkileri | 3386 - Toprak | 4212 - Bahçe ve Tarla Bitkileri | 6131 - Bitkisel Üretim | 8147 - Bahçe Bitkileri | 8158 - Bitki Koruma | 9048 - Toprak Bilimi ve Bitki Besleme | 9269 - Bitkisel Üretim ve Teknolojileri | 4846 - Aşağıdaki lisans programlarından birinden mezun olmak. | 9114 - Biyosistem Mühendisliği | 4853 - Aşağıdaki lisans programlarından birinden mezun olmak. | 3325 - Tarım Teknolojisi | 3383 - Tarım Makineleri | 3384 - Tarımsal Yapılar ve Sulama | 8221 - Kültürteknik | 8263 - Tarımsal Mekanizasyon | 4854 - Aşağıdaki lisans programlarından birinden mezun olmak. | 9106 - Tarımsal Biyoteknoloji | 4857 - Aşağıdaki lisans programlarından birinden mezun olmak. | 3382 - Tarım Ekonomisi | 8261 - Tarım İşletmeciliği;a794f06c-c25b-eb11-80fa-a0369f7d1484
2020;72;390181184;Tarım ve Orman Bakanlığı Kırıkkale İl Müdürlüğü Çelebi İlçe Müdürlüğü;Mühendis (Ziraat);Kırıkkale;Lisans;2;3;;;"4825;5135;4831;3202;8258;8289;4845;3385;3386;4212;6131;8147;8158;9048;9269;4846;9114;4853;3325;3383;3384;8221;8263;4854;9106;4857;3382;8261";4825 - Aşağıdaki lisans programlarından birinden mezun olmak. | 5135 - Ziraat Mühendisliği | 4831 - Aşağıdaki lisans programlarından birinden mezun olmak. | 3202 - Hayvansal Üretim | 8258 - Süt Teknolojisi | 8289 - Zootekni / Zooteknik | 4845 - Aşağıdaki lisans programlarından birinden mezun olmak. | 3385 - Tarla Bitkileri | 3386 - Toprak | 4212 - Bahçe ve Tarla Bitkileri | 6131 - Bitkisel Üretim | 8147 - Bahçe Bitkileri | 8158 - Bitki Koruma | 9048 - Toprak Bilimi ve Bitki Besleme | 9269 - Bitkisel Üretim ve Teknolojileri | 4846 - Aşağıdaki lisans programlarından birinden mezun olmak. | 9114 - Biyosistem Mühendisliği | 4853 - Aşağıdaki lisans programlarından birinden mezun olmak. | 3325 - Tarım Teknolojisi | 3383 - Tarım Makineleri | 3384 - Tarımsal Yapılar ve Sulama | 8221 - Kültürteknik | 8263 - Tarımsal Mekanizasyon | 4854 - Aşağıdaki lisans programlarından birinden mezun olmak. | 9106 - Tarımsal Biyoteknoloji | 4857 - Aşağıdaki lisans programlarından birinden mezun olmak. | 3382 - Tarım Ekonomisi | 8261 - Tarım İşletmeciliği;a894f06c-c25b-eb11-80fa-a0369f7d1484
2020;72;390181460;Tarım ve Orman Bakanlığı Kırıkkale İl Müdürlüğü Gıda ve Yem Şube Müdürlüğü;Mühendis (Gıda);Kırıkkale;Lisans;1;2;;;"4799;3191";4799 - Aşağıdaki lisans programlarından birinden mezun olmak. | 3191 - Gıda Mühendisliği;a594f06c-c25b-eb11-80fa-a0369f7d1484
2020;72;390181185;Tarım ve Orman Bakanlığı Kırıkkale İl Müdürlüğü Sulakyurt İlçe Müdürlüğü;Mühendis (Ziraat);Kırıkkale;Lisans;2;3;;;"4825;5135;4831;3202;8258;8289;4845;3385;3386;4212;6131;8147;8158;9048;9269;4846;9114;4853;3325;3383;3384;8221;8263;4854;9106;4857;3382;8261";4825 - Aşağıdaki lisans programlarından birinden mezun olmak. | 5135 - Ziraat Mühendisliği | 4831 - Aşağıdaki lisans programlarından birinden mezun olmak. | 3202 - Hayvansal Üretim | 8258 - Süt Teknolojisi | 8289 - Zootekni / Zooteknik | 4845 - Aşağıdaki lisans programlarından birinden mezun olmak. | 3385 - Tarla Bitkileri | 3386 - Toprak | 4212 - Bahçe ve Tarla Bitkileri | 6131 - Bitkisel Üretim | 8147 - Bahçe Bitkileri | 8158 - Bitki Koruma | 9048 - Toprak Bilimi ve Bitki Besleme | 9269 - Bitkisel Üretim ve Teknolojileri | 4846 - Aşağıdaki lisans programlarından birinden mezun olmak. | 9114 - Biyosistem Mühendisliği | 4853 - Aşağıdaki lisans programlarından birinden mezun olmak. | 3325 - Tarım Teknolojisi | 3383 - Tarım Makineleri | 3384 - Tarımsal Yapılar ve Sulama | 8221 - Kültürteknik | 8263 - Tarımsal Mekanizasyon | 4854 - Aşağıdaki lisans programlarından birinden mezun olmak. | 9106 - Tarımsal Biyoteknoloji | 4857 - Aşağıdaki lisans programlarından birinden mezun olmak. | 3382 - Tarım Ekonomisi | 8261 - Tarım İşletmeciliği;a994f06c-c25b-eb11-80fa-a0369f7d1484
2020;72;390181461;Tarım ve Orman Bakanlığı Kırıkkale İl Müdürlüğü Yahşihan İlçe Müdürlüğü;Mühendis (Gıda);Kırıkkale;Lisans;1;1;;;"4799;3191";4799 - Aşağıdaki lisans programlarından birinden mezun olmak. | 3191 - Gıda Mühendisliği;a694f06c-c25b-eb11-80fa-a0369f7d1484
2020;72;390181186;Tarım ve Orman Bakanlığı Kırklareli İl Müdürlüğü Babaeski İlçe Müdürlüğü;Mühendis (Ziraat);Kırklareli;Lisans;3;1;;;"4825;5135;4831;3202;8258;8289;4845;3385;3386;4212;6131;8147;8158;9048;9269;4846;9114;4853;3325;3383;3384;8221;8263;4854;9106;4857;3382;8261";4825 - Aşağıdaki lisans programlarından birinden mezun olmak. | 5135 - Ziraat Mühendisliği | 4831 - Aşağıdaki lisans programlarından birinden mezun olmak. | 3202 - Hayvansal Üretim | 8258 - Süt Teknolojisi | 8289 - Zootekni / Zooteknik | 4845 - Aşağıdaki lisans programlarından birinden mezun olmak. | 3385 - Tarla Bitkileri | 3386 - Toprak | 4212 - Bahçe ve Tarla Bitkileri | 6131 - Bitkisel Üretim | 8147 - Bahçe Bitkileri | 8158 - Bitki Koruma | 9048 - Toprak Bilimi ve Bitki Besleme | 9269 - Bitkisel Üretim ve Teknolojileri | 4846 - Aşağıdaki lisans programlarından birinden mezun olmak. | 9114 - Biyosistem Mühendisliği | 4853 - Aşağıdaki lisans programlarından birinden mezun olmak. | 3325 - Tarım Teknolojisi | 3383 - Tarım Makineleri | 3384 - Tarımsal Yapılar ve Sulama | 8221 - Kültürteknik | 8263 - Tarımsal Mekanizasyon | 4854 - Aşağıdaki lisans programlarından birinden mezun olmak. | 9106 - Tarımsal Biyoteknoloji | 4857 - Aşağıdaki lisans programlarından birinden mezun olmak. | 3382 - Tarım Ekonomisi | 8261 - Tarım İşletmeciliği;e492f06c-c25b-eb11-80fa-a0369f7d1484
2020;72;390181815;Tarım ve Orman Bakanlığı Kırklareli İl Müdürlüğü Babaeski İlçe Müdürlüğü;Veteriner Hekim;Kırklareli;Lisans;3;0;;;"4607;6373";4607 - Aşağıdaki lisans programlarından birinden mezun olmak. | 6373 - Veteriner;ec92f06c-c25b-eb11-80fa-a0369f7d1484
2020;72;390181462;Tarım ve Orman Bakanlığı Kırklareli İl Müdürlüğü Gıda ve Yem Şube Müdürlüğü;Mühendis (Gıda);Kırklareli;Lisans;4;1;;;"4799;3191";4799 - Aşağıdaki lisans programlarından birinden mezun olmak. | 3191 - Gıda Mühendisliği;e992f06c-c25b-eb11-80fa-a0369f7d1484
2020;72;390181187;Tarım ve Orman Bakanlığı Kırklareli İl Müdürlüğü Kofçaz İlçe Müdürlüğü;Mühendis (Ziraat);Kırklareli;Lisans;2;0;;;"4825;5135;4831;3202;8258;8289;4845;3385;3386;4212;6131;8147;8158;9048;9269;4846;9114;4853;3325;3383;3384;8221;8263;4854;9106;4857;3382;8261";4825 - Aşağıdaki lisans programlarından birinden mezun olmak. | 5135 - Ziraat Mühendisliği | 4831 - Aşağıdaki lisans programlarından birinden mezun olmak. | 3202 - Hayvansal Üretim | 8258 - Süt Teknolojisi | 8289 - Zootekni / Zooteknik | 4845 - Aşağıdaki lisans programlarından birinden mezun olmak. | 3385 - Tarla Bitkileri | 3386 - Toprak | 4212 - Bahçe ve Tarla Bitkileri | 6131 - Bitkisel Üretim | 8147 - Bahçe Bitkileri | 8158 - Bitki Koruma | 9048 - Toprak Bilimi ve Bitki Besleme | 9269 - Bitkisel Üretim ve Teknolojileri | 4846 - Aşağıdaki lisans programlarından birinden mezun olmak. | 9114 - Biyosistem Mühendisliği | 4853 - Aşağıdaki lisans programlarından birinden mezun olmak. | 3325 - Tarım Teknolojisi | 3383 - Tarım Makineleri | 3384 - Tarımsal Yapılar ve Sulama | 8221 - Kültürteknik | 8263 - Tarımsal Mekanizasyon | 4854 - Aşağıdaki lisans programlarından birinden mezun olmak. | 9106 - Tarımsal Biyoteknoloji | 4857 - Aşağıdaki lisans programlarından birinden mezun olmak. | 3382 - Tarım Ekonomisi | 8261 - Tarım İşletmeciliği;e592f06c-c25b-eb11-80fa-a0369f7d1484
2020;72;390181816;Tarım ve Orman Bakanlığı Kırklareli İl Müdürlüğü Kofçaz İlçe Müdürlüğü;Veteriner Hekim;Kırklareli;Lisans;1;0;;;"4607;6373";4607 - Aşağıdaki lisans programlarından birinden mezun olmak. | 6373 - Veteriner;ed92f06c-c25b-eb11-80fa-a0369f7d1484
2020;72;390181188;Tarım ve Orman Bakanlığı Kırklareli İl Müdürlüğü Koordinasyon ve Tarımsal Veriler Şube Müdürlüğü;Mühendis (Ziraat);Kırklareli;Lisans;1;0;;;"4825;5135;4831;3202;8258;8289;4845;3385;3386;4212;6131;8147;8158;9048;9269;4846;9114;4853;3325;3383;3384;8221;8263;4854;9106;4857;3382;8261";4825 - Aşağıdaki lisans programlarından birinden mezun olmak. | 5135 - Ziraat Mühendisliği | 4831 - Aşağıdaki lisans programlarından birinden mezun olmak. | 3202 - Hayvansal Üretim | 8258 - Süt Teknolojisi | 8289 - Zootekni / Zooteknik | 4845 - Aşağıdaki lisans programlarından birinden mezun olmak. | 3385 - Tarla Bitkileri | 3386 - Toprak | 4212 - Bahçe ve Tarla Bitkileri | 6131 - Bitkisel Üretim | 8147 - Bahçe Bitkileri | 8158 - Bitki Koruma | 9048 - Toprak Bilimi ve Bitki Besleme | 9269 - Bitkisel Üretim ve Teknolojileri | 4846 - Aşağıdaki lisans programlarından birinden mezun olmak. | 9114 - Biyosistem Mühendisliği | 4853 - Aşağıdaki lisans programlarından birinden mezun olmak. | 3325 - Tarım Teknolojisi | 3383 - Tarım Makineleri | 3384 - Tarımsal Yapılar ve Sulama | 8221 - Kültürteknik | 8263 - Tarımsal Mekanizasyon | 4854 - Aşağıdaki lisans programlarından birinden mezun olmak. | 9106 - Tarımsal Biyoteknoloji | 4857 - Aşağıdaki lisans programlarından birinden mezun olmak. | 3382 - Tarım Ekonomisi | 8261 - Tarım İşletmeciliği;e692f06c-c25b-eb11-80fa-a0369f7d1484
2020;72;390181463;Tarım ve Orman Bakanlığı Kırklareli İl Müdürlüğü Lüleburgaz İlçe Müdürlüğü;Mühendis (Gıda);Kırklareli;Lisans;2;1;;;"4799;3191";4799 - Aşağıdaki lisans programlarından birinden mezun olmak. | 3191 - Gıda Mühendisliği;ea92f06c-c25b-eb11-80fa-a0369f7d1484
2020;72;390181817;Tarım ve Orman Bakanlığı Kırklareli İl Müdürlüğü Lüleburgaz İlçe Müdürlüğü;Veteriner Hekim;Kırklareli;Lisans;1;0;;;"4607;6373";4607 - Aşağıdaki lisans programlarından birinden mezun olmak. | 6373 - Veteriner;ee92f06c-c25b-eb11-80fa-a0369f7d1484
2020;72;390181189;Tarım ve Orman Bakanlığı Kırklareli İl Müdürlüğü Pehlivanköy İlçe Müdürlüğü;Mühendis (Ziraat);Kırklareli;Lisans;2;0;;;"4825;5135;4831;3202;8258;8289;4845;3385;3386;4212;6131;8147;8158;9048;9269;4846;9114;4853;3325;3383;3384;8221;8263;4854;9106;4857;3382;8261";4825 - Aşağıdaki lisans programlarından birinden mezun olmak. | 5135 - Ziraat Mühendisliği | 4831 - Aşağıdaki lisans programlarından birinden mezun olmak. | 3202 - Hayvansal Üretim | 8258 - Süt Teknolojisi | 8289 - Zootekni / Zooteknik | 4845 - Aşağıdaki lisans programlarından birinden mezun olmak. | 3385 - Tarla Bitkileri | 3386 - Toprak | 4212 - Bahçe ve Tarla Bitkileri | 6131 - Bitkisel Üretim | 8147 - Bahçe Bitkileri | 8158 - Bitki Koruma | 9048 - Toprak Bilimi ve Bitki Besleme | 9269 - Bitkisel Üretim ve Teknolojileri | 4846 - Aşağıdaki lisans programlarından birinden mezun olmak. | 9114 - Biyosistem Mühendisliği | 4853 - Aşağıdaki lisans programlarından birinden mezun olmak. | 3325 - Tarım Teknolojisi | 3383 - Tarım Makineleri | 3384 - Tarımsal Yapılar ve Sulama | 8221 - Kültürteknik | 8263 - Tarımsal Mekanizasyon | 4854 - Aşağıdaki lisans programlarından birinden mezun olmak. | 9106 - Tarımsal Biyoteknoloji | 4857 - Aşağıdaki lisans programlarından birinden mezun olmak. | 3382 - Tarım Ekonomisi | 8261 - Tarım İşletmeciliği;e792f06c-c25b-eb11-80fa-a0369f7d1484
2020;72;390181190;Tarım ve Orman Bakanlığı Kırklareli İl Müdürlüğü Vize İlçe Müdürlüğü;Mühendis (Ziraat);Kırklareli;Lisans;4;2;;;"4825;5135;4831;3202;8258;8289;4845;3385;3386;4212;6131;8147;8158;9048;9269;4846;9114;4853;3325;3383;3384;8221;8263;4854;9106;4857;3382;8261";4825 - Aşağıdaki lisans programlarından birinden mezun olmak. | 5135 - Ziraat Mühendisliği | 4831 - Aşağıdaki lisans programlarından birinden mezun olmak. | 3202 - Hayvansal Üretim | 8258 - Süt Teknolojisi | 8289 - Zootekni / Zooteknik | 4845 - Aşağıdaki lisans programlarından birinden mezun olmak. | 3385 - Tarla Bitkileri | 3386 - Toprak | 4212 - Bahçe ve Tarla Bitkileri | 6131 - Bitkisel Üretim | 8147 - Bahçe Bitkileri | 8158 - Bitki Koruma | 9048 - Toprak Bilimi ve Bitki Besleme | 9269 - Bitkisel Üretim ve Teknolojileri | 4846 - Aşağıdaki lisans programlarından birinden mezun olmak. | 9114 - Biyosistem Mühendisliği | 4853 - Aşağıdaki lisans programlarından birinden mezun olmak. | 3325 - Tarım Teknolojisi | 3383 - Tarım Makineleri | 3384 - Tarımsal Yapılar ve Sulama | 8221 - Kültürteknik | 8263 - Tarımsal Mekanizasyon | 4854 - Aşağıdaki lisans programlarından birinden mezun olmak. | 9106 - Tarımsal Biyoteknoloji | 4857 - Aşağıdaki lisans programlarından birinden mezun olmak. | 3382 - Tarım Ekonomisi | 8261 - Tarım İşletmeciliği;e892f06c-c25b-eb11-80fa-a0369f7d1484
2020;72;390181464;Tarım ve Orman Bakanlığı Kırklareli İl Müdürlüğü Vize İlçe Müdürlüğü;Mühendis (Gıda);Kırklareli;Lisans;1;1;;;"4799;3191";4799 - Aşağıdaki lisans programlarından birinden mezun olmak. | 3191 - Gıda Mühendisliği;eb92f06c-c25b-eb11-80fa-a0369f7d1484
2020;72;390181191;Tarım ve Orman Bakanlığı Kırşehir İl Müdürlüğü Akçakent İlçe Müdürlüğü;Mühendis (Ziraat);Kırşehir;Lisans;1;1;;;"4825;5135;4831;3202;8258;8289;4845;3385;3386;4212;6131;8147;8158;9048;9269;4846;9114;4853;3325;3383;3384;8221;8263;4854;9106;4857;3382;8261";4825 - Aşağıdaki lisans programlarından birinden mezun olmak. | 5135 - Ziraat Mühendisliği | 4831 - Aşağıdaki lisans programlarından birinden mezun olmak. | 3202 - Hayvansal Üretim | 8258 - Süt Teknolojisi | 8289 - Zootekni / Zooteknik | 4845 - Aşağıdaki lisans programlarından birinden mezun olmak. | 3385 - Tarla Bitkileri | 3386 - Toprak | 4212 - Bahçe ve Tarla Bitkileri | 6131 - Bitkisel Üretim | 8147 - Bahçe Bitkileri | 8158 - Bitki Koruma | 9048 - Toprak Bilimi ve Bitki Besleme | 9269 - Bitkisel Üretim ve Teknolojileri | 4846 - Aşağıdaki lisans programlarından birinden mezun olmak. | 9114 - Biyosistem Mühendisliği | 4853 - Aşağıdaki lisans programlarından birinden mezun olmak. | 3325 - Tarım Teknolojisi | 3383 - Tarım Makineleri | 3384 - Tarımsal Yapılar ve Sulama | 8221 - Kültürteknik | 8263 - Tarımsal Mekanizasyon | 4854 - Aşağıdaki lisans programlarından birinden mezun olmak. | 9106 - Tarımsal Biyoteknoloji | 4857 - Aşağıdaki lisans programlarından birinden mezun olmak. | 3382 - Tarım Ekonomisi | 8261 - Tarım İşletmeciliği;ef92f06c-c25b-eb11-80fa-a0369f7d1484
2020;72;390181192;Tarım ve Orman Bakanlığı Kırşehir İl Müdürlüğü Boztepe İlçe Müdürlüğü;Mühendis (Ziraat);Kırşehir;Lisans;2;0;;;"4825;5135;4831;3202;8258;8289;4845;3385;3386;4212;6131;8147;8158;9048;9269;4846;9114;4853;3325;3383;3384;8221;8263;4854;9106;4857;3382;8261";4825 - Aşağıdaki lisans programlarından birinden mezun olmak. | 5135 - Ziraat Mühendisliği | 4831 - Aşağıdaki lisans programlarından birinden mezun olmak. | 3202 - Hayvansal Üretim | 8258 - Süt Teknolojisi | 8289 - Zootekni / Zooteknik | 4845 - Aşağıdaki lisans programlarından birinden mezun olmak. | 3385 - Tarla Bitkileri | 3386 - Toprak | 4212 - Bahçe ve Tarla Bitkileri | 6131 - Bitkisel Üretim | 8147 - Bahçe Bitkileri | 8158 - Bitki Koruma | 9048 - Toprak Bilimi ve Bitki Besleme | 9269 - Bitkisel Üretim ve Teknolojileri | 4846 - Aşağıdaki lisans programlarından birinden mezun olmak. | 9114 - Biyosistem Mühendisliği | 4853 - Aşağıdaki lisans programlarından birinden mezun olmak. | 3325 - Tarım Teknolojisi | 3383 - Tarım Makineleri | 3384 - Tarımsal Yapılar ve Sulama | 8221 - Kültürteknik | 8263 - Tarımsal Mekanizasyon | 4854 - Aşağıdaki lisans programlarından birinden mezun olmak. | 9106 - Tarımsal Biyoteknoloji | 4857 - Aşağıdaki lisans programlarından birinden mezun olmak. | 3382 - Tarım Ekonomisi | 8261 - Tarım İşletmeciliği;f092f06c-c25b-eb11-80fa-a0369f7d1484
2020;72;390181193;Tarım ve Orman Bakanlığı Kırşehir İl Müdürlüğü Çiçekdağı İlçe Müdürlüğü;Mühendis (Ziraat);Kırşehir;Lisans;1;0;;;"4825;5135;4831;3202;8258;8289;4845;3385;3386;4212;6131;8147;8158;9048;9269;4846;9114;4853;3325;3383;3384;8221;8263;4854;9106;4857;3382;8261";4825 - Aşağıdaki lisans programlarından birinden mezun olmak. | 5135 - Ziraat Mühendisliği | 4831 - Aşağıdaki lisans programlarından birinden mezun olmak. | 3202 - Hayvansal Üretim | 8258 - Süt Teknolojisi | 8289 - Zootekni / Zooteknik | 4845 - Aşağıdaki lisans programlarından birinden mezun olmak. | 3385 - Tarla Bitkileri | 3386 - Toprak | 4212 - Bahçe ve Tarla Bitkileri | 6131 - Bitkisel Üretim | 8147 - Bahçe Bitkileri | 8158 - Bitki Koruma | 9048 - Toprak Bilimi ve Bitki Besleme | 9269 - Bitkisel Üretim ve Teknolojileri | 4846 - Aşağıdaki lisans programlarından birinden mezun olmak. | 9114 - Biyosistem Mühendisliği | 4853 - Aşağıdaki lisans programlarından birinden mezun olmak. | 3325 - Tarım Teknolojisi | 3383 - Tarım Makineleri | 3384 - Tarımsal Yapılar ve Sulama | 8221 - Kültürteknik | 8263 - Tarımsal Mekanizasyon | 4854 - Aşağıdaki lisans programlarından birinden mezun olmak. | 9106 - Tarımsal Biyoteknoloji | 4857 - Aşağıdaki lisans programlarından birinden mezun olmak. | 3382 - Tarım Ekonomisi | 8261 - Tarım İşletmeciliği;f192f06c-c25b-eb11-80fa-a0369f7d1484
2020;72;390181194;Tarım ve Orman Bakanlığı Kırşehir İl Müdürlüğü Kaman İlçe Müdürlüğü;Mühendis (Ziraat);Kırşehir;Lisans;2;0;;;"4825;5135;4831;3202;8258;8289;4845;3385;3386;4212;6131;8147;8158;9048;9269;4846;9114;4853;3325;3383;3384;8221;8263;4854;9106;4857;3382;8261";4825 - Aşağıdaki lisans programlarından birinden mezun olmak. | 5135 - Ziraat Mühendisliği | 4831 - Aşağıdaki lisans programlarından birinden mezun olmak. | 3202 - Hayvansal Üretim | 8258 - Süt Teknolojisi | 8289 - Zootekni / Zooteknik | 4845 - Aşağıdaki lisans programlarından birinden mezun olmak. | 3385 - Tarla Bitkileri | 3386 - Toprak | 4212 - Bahçe ve Tarla Bitkileri | 6131 - Bitkisel Üretim | 8147 - Bahçe Bitkileri | 8158 - Bitki Koruma | 9048 - Toprak Bilimi ve Bitki Besleme | 9269 - Bitkisel Üretim ve Teknolojileri | 4846 - Aşağıdaki lisans programlarından birinden mezun olmak. | 9114 - Biyosistem Mühendisliği | 4853 - Aşağıdaki lisans programlarından birinden mezun olmak. | 3325 - Tarım Teknolojisi | 3383 - Tarım Makineleri | 3384 - Tarımsal Yapılar ve Sulama | 8221 - Kültürteknik | 8263 - Tarımsal Mekanizasyon | 4854 - Aşağıdaki lisans programlarından birinden mezun olmak. | 9106 - Tarımsal Biyoteknoloji | 4857 - Aşağıdaki lisans programlarından birinden mezun olmak. | 3382 - Tarım Ekonomisi | 8261 - Tarım İşletmeciliği;f292f06c-c25b-eb11-80fa-a0369f7d1484
2020;72;390181195;Tarım ve Orman Bakanlığı Kırşehir İl Müdürlüğü Mucur İlçe Müdürlüğü;Mühendis (Ziraat);Kırşehir;Lisans;2;0;;;"4825;5135;4831;3202;8258;8289;4845;3385;3386;4212;6131;8147;8158;9048;9269;4846;9114;4853;3325;3383;3384;8221;8263;4854;9106;4857;3382;8261";4825 - Aşağıdaki lisans programlarından birinden mezun olmak. | 5135 - Ziraat Mühendisliği | 4831 - Aşağıdaki lisans programlarından birinden mezun olmak. | 3202 - Hayvansal Üretim | 8258 - Süt Teknolojisi | 8289 - Zootekni / Zooteknik | 4845 - Aşağıdaki lisans programlarından birinden mezun olmak. | 3385 - Tarla Bitkileri | 3386 - Toprak | 4212 - Bahçe ve Tarla Bitkileri | 6131 - Bitkisel Üretim | 8147 - Bahçe Bitkileri | 8158 - Bitki Koruma | 9048 - Toprak Bilimi ve Bitki Besleme | 9269 - Bitkisel Üretim ve Teknolojileri | 4846 - Aşağıdaki lisans programlarından birinden mezun olmak. | 9114 - Biyosistem Mühendisliği | 4853 - Aşağıdaki lisans programlarından birinden mezun olmak. | 3325 - Tarım Teknolojisi | 3383 - Tarım Makineleri | 3384 - Tarımsal Yapılar ve Sulama | 8221 - Kültürteknik | 8263 - Tarımsal Mekanizasyon | 4854 - Aşağıdaki lisans programlarından birinden mezun olmak. | 9106 - Tarımsal Biyoteknoloji | 4857 - Aşağıdaki lisans programlarından birinden mezun olmak. | 3382 - Tarım Ekonomisi | 8261 - Tarım İşletmeciliği;f392f06c-c25b-eb11-80fa-a0369f7d1484
2020;72;390181196;Tarım ve Orman Bakanlığı Kilis İl Müdürlüğü Bitkisel Üretim ve Bitki Sağlığı Şube Müdürlüğü;Mühendis (Ziraat);Kilis;Lisans;1;0;;;"4825;5135;4831;3202;8258;8289;4845;3385;3386;4212;6131;8147;8158;9048;9269;4846;9114;4853;3325;3383;3384;8221;8263;4854;9106;4857;3382;8261";4825 - Aşağıdaki lisans programlarından birinden mezun olmak. | 5135 - Ziraat Mühendisliği | 4831 - Aşağıdaki lisans programlarından birinden mezun olmak. | 3202 - Hayvansal Üretim | 8258 - Süt Teknolojisi | 8289 - Zootekni / Zooteknik | 4845 - Aşağıdaki lisans programlarından birinden mezun olmak. | 3385 - Tarla Bitkileri | 3386 - Toprak | 4212 - Bahçe ve Tarla Bitkileri | 6131 - Bitkisel Üretim | 8147 - Bahçe Bitkileri | 8158 - Bitki Koruma | 9048 - Toprak Bilimi ve Bitki Besleme | 9269 - Bitkisel Üretim ve Teknolojileri | 4846 - Aşağıdaki lisans programlarından birinden mezun olmak. | 9114 - Biyosistem Mühendisliği | 4853 - Aşağıdaki lisans programlarından birinden mezun olmak. | 3325 - Tarım Teknolojisi | 3383 - Tarım Makineleri | 3384 - Tarımsal Yapılar ve Sulama | 8221 - Kültürteknik | 8263 - Tarımsal Mekanizasyon | 4854 - Aşağıdaki lisans programlarından birinden mezun olmak. | 9106 - Tarımsal Biyoteknoloji | 4857 - Aşağıdaki lisans programlarından birinden mezun olmak. | 3382 - Tarım Ekonomisi | 8261 - Tarım İşletmeciliği;0e95f06c-c25b-eb11-80fa-a0369f7d1484
2020;72;390181197;Tarım ve Orman Bakanlığı Kilis İl Müdürlüğü Elbeyli İlçe Müdürlüğü;Mühendis (Ziraat);Kilis;Lisans;2;0;;;"4825;5135;4831;3202;8258;8289;4845;3385;3386;4212;6131;8147;8158;9048;9269;4846;9114;4853;3325;3383;3384;8221;8263;4854;9106;4857;3382;8261";4825 - Aşağıdaki lisans programlarından birinden mezun olmak. | 5135 - Ziraat Mühendisliği | 4831 - Aşağıdaki lisans programlarından birinden mezun olmak. | 3202 - Hayvansal Üretim | 8258 - Süt Teknolojisi | 8289 - Zootekni / Zooteknik | 4845 - Aşağıdaki lisans programlarından birinden mezun olmak. | 3385 - Tarla Bitkileri | 3386 - Toprak | 4212 - Bahçe ve Tarla Bitkileri | 6131 - Bitkisel Üretim | 8147 - Bahçe Bitkileri | 8158 - Bitki Koruma | 9048 - Toprak Bilimi ve Bitki Besleme | 9269 - Bitkisel Üretim ve Teknolojileri | 4846 - Aşağıdaki lisans programlarından birinden mezun olmak. | 9114 - Biyosistem Mühendisliği | 4853 - Aşağıdaki lisans programlarından birinden mezun olmak. | 3325 - Tarım Teknolojisi | 3383 - Tarım Makineleri | 3384 - Tarımsal Yapılar ve Sulama | 8221 - Kültürteknik | 8263 - Tarımsal Mekanizasyon | 4854 - Aşağıdaki lisans programlarından birinden mezun olmak. | 9106 - Tarımsal Biyoteknoloji | 4857 - Aşağıdaki lisans programlarından birinden mezun olmak. | 3382 - Tarım Ekonomisi | 8261 - Tarım İşletmeciliği;0f95f06c-c25b-eb11-80fa-a0369f7d1484
2020;72;390181818;Tarım ve Orman Bakanlığı Kilis İl Müdürlüğü Elbeyli İlçe Müdürlüğü;Veteriner Hekim;Kilis;Lisans;1;0;;;"4607;6373";4607 - Aşağıdaki lisans programlarından birinden mezun olmak. | 6373 - Veteriner;1795f06c-c25b-eb11-80fa-a0369f7d1484
2020;72;390181198;Tarım ve Orman Bakanlığı Kilis İl Müdürlüğü Kırsal Kalkınma ve Örgütlenme Şube Müdürlüğü;Mühendis (Ziraat);Kilis;Lisans;1;0;;;"4825;5135;4831;3202;8258;8289;4845;3385;3386;4212;6131;8147;8158;9048;9269;4846;9114;4853;3325;3383;3384;8221;8263;4854;9106;4857;3382;8261";4825 - Aşağıdaki lisans programlarından birinden mezun olmak. | 5135 - Ziraat Mühendisliği | 4831 - Aşağıdaki lisans programlarından birinden mezun olmak. | 3202 - Hayvansal Üretim | 8258 - Süt Teknolojisi | 8289 - Zootekni / Zooteknik | 4845 - Aşağıdaki lisans programlarından birinden mezun olmak. | 3385 - Tarla Bitkileri | 3386 - Toprak | 4212 - Bahçe ve Tarla Bitkileri | 6131 - Bitkisel Üretim | 8147 - Bahçe Bitkileri | 8158 - Bitki Koruma | 9048 - Toprak Bilimi ve Bitki Besleme | 9269 - Bitkisel Üretim ve Teknolojileri | 4846 - Aşağıdaki lisans programlarından birinden mezun olmak. | 9114 - Biyosistem Mühendisliği | 4853 - Aşağıdaki lisans programlarından birinden mezun olmak. | 3325 - Tarım Teknolojisi | 3383 - Tarım Makineleri | 3384 - Tarımsal Yapılar ve Sulama | 8221 - Kültürteknik | 8263 - Tarımsal Mekanizasyon | 4854 - Aşağıdaki lisans programlarından birinden mezun olmak. | 9106 - Tarımsal Biyoteknoloji | 4857 - Aşağıdaki lisans programlarından birinden mezun olmak. | 3382 - Tarım Ekonomisi | 8261 - Tarım İşletmeciliği;1095f06c-c25b-eb11-80fa-a0369f7d1484
2020;72;390181819;Tarım ve Orman Bakanlığı Kilis İl Müdürlüğü Kırsal Kalkınma ve Örgütlenme Şube Müdürlüğü;Veteriner Hekim;Kilis;Lisans;1;0;;;"4607;6373";4607 - Aşağıdaki lisans programlarından birinden mezun olmak. | 6373 - Veteriner;1895f06c-c25b-eb11-80fa-a0369f7d1484
2020;72;390181820;Tarım ve Orman Bakanlığı Kilis İl Müdürlüğü Koordinasyon ve Tarımsal Veriler Şube Müdürlüğü;Veteriner Hekim;Kilis;Lisans;1;0;;;"4607;6373";4607 - Aşağıdaki lisans programlarından birinden mezun olmak. | 6373 - Veteriner;1995f06c-c25b-eb11-80fa-a0369f7d1484
2020;72;390181199;Tarım ve Orman Bakanlığı Kilis İl Müdürlüğü Musabeyli İlçe Müdürlüğü;Mühendis (Ziraat);Kilis;Lisans;1;0;;;"4825;5135;4831;3202;8258;8289;4845;3385;3386;4212;6131;8147;8158;9048;9269;4846;9114;4853;3325;3383;3384;8221;8263;4854;9106;4857;3382;8261";4825 - Aşağıdaki lisans programlarından birinden mezun olmak. | 5135 - Ziraat Mühendisliği | 4831 - Aşağıdaki lisans programlarından birinden mezun olmak. | 3202 - Hayvansal Üretim | 8258 - Süt Teknolojisi | 8289 - Zootekni / Zooteknik | 4845 - Aşağıdaki lisans programlarından birinden mezun olmak. | 3385 - Tarla Bitkileri | 3386 - Toprak | 4212 - Bahçe ve Tarla Bitkileri | 6131 - Bitkisel Üretim | 8147 - Bahçe Bitkileri | 8158 - Bitki Koruma | 9048 - Toprak Bilimi ve Bitki Besleme | 9269 - Bitkisel Üretim ve Teknolojileri | 4846 - Aşağıdaki lisans programlarından birinden mezun olmak. | 9114 - Biyosistem Mühendisliği | 4853 - Aşağıdaki lisans programlarından birinden mezun olmak. | 3325 - Tarım Teknolojisi | 3383 - Tarım Makineleri | 3384 - Tarımsal Yapılar ve Sulama | 8221 - Kültürteknik | 8263 - Tarımsal Mekanizasyon | 4854 - Aşağıdaki lisans programlarından birinden mezun olmak. | 9106 - Tarımsal Biyoteknoloji | 4857 - Aşağıdaki lisans programlarından birinden mezun olmak. | 3382 - Tarım Ekonomisi | 8261 - Tarım İşletmeciliği;1195f06c-c25b-eb11-80fa-a0369f7d1484
2020;72;390181465;Tarım ve Orman Bakanlığı Kocaeli İl Müdürlüğü Çayırova İlçe Müdürlüğü;Mühendis (Gıda);Kocaeli;Lisans;1;1;;;"4799;3191";4799 - Aşağıdaki lisans programlarından birinden mezun olmak. | 3191 - Gıda Mühendisliği;f592f06c-c25b-eb11-80fa-a0369f7d1484
2020;72;390181466;Tarım ve Orman Bakanlığı Kocaeli İl Müdürlüğü Gebze İlçe Müdürlüğü;Mühendis (Gıda);Kocaeli;Lisans;1;1;;;"4799;3191";4799 - Aşağıdaki lisans programlarından birinden mezun olmak. | 3191 - Gıda Mühendisliği;f692f06c-c25b-eb11-80fa-a0369f7d1484
2020;72;390181467;Tarım ve Orman Bakanlığı Kocaeli İl Müdürlüğü Gıda ve Yem Şube Müdürlüğü;Mühendis (Gıda);Kocaeli;Lisans;2;0;;;"4799;3191";4799 - Aşağıdaki lisans programlarından birinden mezun olmak. | 3191 - Gıda Mühendisliği;f792f06c-c25b-eb11-80fa-a0369f7d1484
2020;72;390181468;Tarım ve Orman Bakanlığı Kocaeli İl Müdürlüğü Karamürsel İlçe Müdürlüğü;Mühendis (Gıda);Kocaeli;Lisans;1;1;;;"4799;3191";4799 - Aşağıdaki lisans programlarından birinden mezun olmak. | 3191 - Gıda Mühendisliği;f892f06c-c25b-eb11-80fa-a0369f7d1484
2020;72;390181639;Tarım ve Orman Bakanlığı Konya 8. Bölge Müdürlüğü Konya Şube Müdürlüğü;Mühendis (Orman);Konya;Lisans;1;0;;;"4871;6277";4871 - Aşağıdaki lisans programlarından birinden mezun olmak. | 6277 - Orman Mühendisliği;0193f06c-c25b-eb11-80fa-a0369f7d1484
2020;72;390181596;Tarım ve Orman Bakanlığı Konya İl Müdürlüğü Beyşehir İlçe Müdürlüğü;Mühendis (Su Ürünleri);Konya;Lisans;1;1;;;"4819;3202;3320;8337";4819 - Aşağıdaki lisans programlarından birinden mezun olmak. | 3202 - Hayvansal Üretim | 3320 - Su Ürünleri | 8337 - Su Ürünleri Mühendisliği;fe92f06c-c25b-eb11-80fa-a0369f7d1484
2020;72;390181469;Tarım ve Orman Bakanlığı Konya İl Müdürlüğü Bozkır İlçe Müdürlüğü;Mühendis (Gıda);Konya;Lisans;1;0;;;"4799;3191";4799 - Aşağıdaki lisans programlarından birinden mezun olmak. | 3191 - Gıda Mühendisliği;f992f06c-c25b-eb11-80fa-a0369f7d1484
2020;72;390181470;Tarım ve Orman Bakanlığı Konya İl Müdürlüğü Cihanbeyli İlçe Müdürlüğü;Mühendis (Gıda);Konya;Lisans;1;0;;;"4799;3191";4799 - Aşağıdaki lisans programlarından birinden mezun olmak. | 3191 - Gıda Mühendisliği;fa92f06c-c25b-eb11-80fa-a0369f7d1484
2020;72;390181597;Tarım ve Orman Bakanlığı Konya İl Müdürlüğü Çumra İlçe Müdürlüğü;Mühendis (Su Ürünleri);Konya;Lisans;1;1;;;"4819;3202;3320;8337";4819 - Aşağıdaki lisans programlarından birinden mezun olmak. | 3202 - Hayvansal Üretim | 3320 - Su Ürünleri | 8337 - Su Ürünleri Mühendisliği;ff92f06c-c25b-eb11-80fa-a0369f7d1484
2020;72;390181471;Tarım ve Orman Bakanlığı Konya İl Müdürlüğü Gıda ve Yem Şube Müdürlüğü;Mühendis (Gıda);Konya;Lisans;1;1;;;"4799;3191";4799 - Aşağıdaki lisans programlarından birinden mezun olmak. | 3191 - Gıda Mühendisliği;fb92f06c-c25b-eb11-80fa-a0369f7d1484
2020;72;390181598;Tarım ve Orman Bakanlığı Konya İl Müdürlüğü Ilgın İlçe Müdürlüğü;Mühendis (Su Ürünleri);Konya;Lisans;1;1;;;"4819;3202;3320;8337";4819 - Aşağıdaki lisans programlarından birinden mezun olmak. | 3202 - Hayvansal Üretim | 3320 - Su Ürünleri | 8337 - Su Ürünleri Mühendisliği;0093f06c-c25b-eb11-80fa-a0369f7d1484
2020;72;390181472;Tarım ve Orman Bakanlığı Konya İl Müdürlüğü Karapınar İlçe Müdürlüğü;Mühendis (Gıda);Konya;Lisans;2;0;;;"4799;3191";4799 - Aşağıdaki lisans programlarından birinden mezun olmak. | 3191 - Gıda Mühendisliği;fc92f06c-c25b-eb11-80fa-a0369f7d1484
2020;72;390181473;Tarım ve Orman Bakanlığı Konya İl Müdürlüğü Selçuklu İlçe Müdürlüğü;Mühendis (Gıda);Konya;Lisans;2;0;;;"4799;3191";4799 - Aşağıdaki lisans programlarından birinden mezun olmak. | 3191 - Gıda Mühendisliği;fd92f06c-c25b-eb11-80fa-a0369f7d1484
2020;72;390181821;Tarım ve Orman Bakanlığı Konya Veteriner Kontrol Enstitüsü Müdürlüğü;Veteriner Hekim;Konya;Lisans;1;1;;;"4607;6373";4607 - Aşağıdaki lisans programlarından birinden mezun olmak. | 6373 - Veteriner;0293f06c-c25b-eb11-80fa-a0369f7d1484
2020;72;390181056;Tarım ve Orman Bakanlığı Koyunculuk Araştırma Enstitüsü Müdürlüğü Bandırma/Balıkesir;Mühendis (Zootekni);Balıkesir;Lisans;1;1;;;"4831;3202;8258;8289";4831 - Aşağıdaki lisans programlarından birinden mezun olmak. | 3202 - Hayvansal Üretim | 8258 - Süt Teknolojisi | 8289 - Zootekni / Zooteknik;4a91f06c-c25b-eb11-80fa-a0369f7d1484
2020;72;390181200;Tarım ve Orman Bakanlığı Kütahya İl Müdürlüğü Altıntaş İlçe Müdürlüğü;Mühendis (Ziraat);Kütahya;Lisans;1;3;;;"4825;5135;4831;3202;8258;8289;4845;3385;3386;4212;6131;8147;8158;9048;9269;4846;9114;4853;3325;3383;3384;8221;8263;4854;9106;4857;3382;8261";4825 - Aşağıdaki lisans programlarından birinden mezun olmak. | 5135 - Ziraat Mühendisliği | 4831 - Aşağıdaki lisans programlarından birinden mezun olmak. | 3202 - Hayvansal Üretim | 8258 - Süt Teknolojisi | 8289 - Zootekni / Zooteknik | 4845 - Aşağıdaki lisans programlarından birinden mezun olmak. | 3385 - Tarla Bitkileri | 3386 - Toprak | 4212 - Bahçe ve Tarla Bitkileri | 6131 - Bitkisel Üretim | 8147 - Bahçe Bitkileri | 8158 - Bitki Koruma | 9048 - Toprak Bilimi ve Bitki Besleme | 9269 - Bitkisel Üretim ve Teknolojileri | 4846 - Aşağıdaki lisans programlarından birinden mezun olmak. | 9114 - Biyosistem Mühendisliği | 4853 - Aşağıdaki lisans programlarından birinden mezun olmak. | 3325 - Tarım Teknolojisi | 3383 - Tarım Makineleri | 3384 - Tarımsal Yapılar ve Sulama | 8221 - Kültürteknik | 8263 - Tarımsal Mekanizasyon | 4854 - Aşağıdaki lisans programlarından birinden mezun olmak. | 9106 - Tarımsal Biyoteknoloji | 4857 - Aşağıdaki lisans programlarından birinden mezun olmak. | 3382 - Tarım Ekonomisi | 8261 - Tarım İşletmeciliği;0c93f06c-c25b-eb11-80fa-a0369f7d1484
2020;72;390181822;Tarım ve Orman Bakanlığı Kütahya İl Müdürlüğü Altıntaş İlçe Müdürlüğü;Veteriner Hekim;Kütahya;Lisans;1;0;;;"4607;6373";4607 - Aşağıdaki lisans programlarından birinden mezun olmak. | 6373 - Veteriner;1493f06c-c25b-eb11-80fa-a0369f7d1484
2020;72;390181201;Tarım ve Orman Bakanlığı Kütahya İl Müdürlüğü Aslanapa İlçe Müdürlüğü;Mühendis (Ziraat);Kütahya;Lisans;1;3;;;"4825;5135;4831;3202;8258;8289;4845;3385;3386;4212;6131;8147;8158;9048;9269;4846;9114;4853;3325;3383;3384;8221;8263;4854;9106;4857;3382;8261";4825 - Aşağıdaki lisans programlarından birinden mezun olmak. | 5135 - Ziraat Mühendisliği | 4831 - Aşağıdaki lisans programlarından birinden mezun olmak. | 3202 - Hayvansal Üretim | 8258 - Süt Teknolojisi | 8289 - Zootekni / Zooteknik | 4845 - Aşağıdaki lisans programlarından birinden mezun olmak. | 3385 - Tarla Bitkileri | 3386 - Toprak | 4212 - Bahçe ve Tarla Bitkileri | 6131 - Bitkisel Üretim | 8147 - Bahçe Bitkileri | 8158 - Bitki Koruma | 9048 - Toprak Bilimi ve Bitki Besleme | 9269 - Bitkisel Üretim ve Teknolojileri | 4846 - Aşağıdaki lisans programlarından birinden mezun olmak. | 9114 - Biyosistem Mühendisliği | 4853 - Aşağıdaki lisans programlarından birinden mezun olmak. | 3325 - Tarım Teknolojisi | 3383 - Tarım Makineleri | 3384 - Tarımsal Yapılar ve Sulama | 8221 - Kültürteknik | 8263 - Tarımsal Mekanizasyon | 4854 - Aşağıdaki lisans programlarından birinden mezun olmak. | 9106 - Tarımsal Biyoteknoloji | 4857 - Aşağıdaki lisans programlarından birinden mezun olmak. | 3382 - Tarım Ekonomisi | 8261 - Tarım İşletmeciliği;0d93f06c-c25b-eb11-80fa-a0369f7d1484
2020;72;390181599;Tarım ve Orman Bakanlığı Kütahya İl Müdürlüğü Çavdarhisar İlçe Müdürlüğü;Mühendis (Su Ürünleri);Kütahya;Lisans;1;1;;;"4819;3202;3320;8337";4819 - Aşağıdaki lisans programlarından birinden mezun olmak. | 3202 - Hayvansal Üretim | 3320 - Su Ürünleri | 8337 - Su Ürünleri Mühendisliği;1793f06c-c25b-eb11-80fa-a0369f7d1484
2020;72;390181202;Tarım ve Orman Bakanlığı Kütahya İl Müdürlüğü Dumlupınar İlçe Müdürlüğü;Mühendis (Ziraat);Kütahya;Lisans;1;3;;;"4825;5135;4831;3202;8258;8289;4845;3385;3386;4212;6131;8147;8158;9048;9269;4846;9114;4853;3325;3383;3384;8221;8263;4854;9106;4857;3382;8261";4825 - Aşağıdaki lisans programlarından birinden mezun olmak. | 5135 - Ziraat Mühendisliği | 4831 - Aşağıdaki lisans programlarından birinden mezun olmak. | 3202 - Hayvansal Üretim | 8258 - Süt Teknolojisi | 8289 - Zootekni / Zooteknik | 4845 - Aşağıdaki lisans programlarından birinden mezun olmak. | 3385 - Tarla Bitkileri | 3386 - Toprak | 4212 - Bahçe ve Tarla Bitkileri | 6131 - Bitkisel Üretim | 8147 - Bahçe Bitkileri | 8158 - Bitki Koruma | 9048 - Toprak Bilimi ve Bitki Besleme | 9269 - Bitkisel Üretim ve Teknolojileri | 4846 - Aşağıdaki lisans programlarından birinden mezun olmak. | 9114 - Biyosistem Mühendisliği | 4853 - Aşağıdaki lisans programlarından birinden mezun olmak. | 3325 - Tarım Teknolojisi | 3383 - Tarım Makineleri | 3384 - Tarımsal Yapılar ve Sulama | 8221 - Kültürteknik | 8263 - Tarımsal Mekanizasyon | 4854 - Aşağıdaki lisans programlarından birinden mezun olmak. | 9106 - Tarımsal Biyoteknoloji | 4857 - Aşağıdaki lisans programlarından birinden mezun olmak. | 3382 - Tarım Ekonomisi | 8261 - Tarım İşletmeciliği;0e93f06c-c25b-eb11-80fa-a0369f7d1484
2020;72;390181203;Tarım ve Orman Bakanlığı Kütahya İl Müdürlüğü Emet İlçe Müdürlüğü;Mühendis (Ziraat);Kütahya;Lisans;2;4;;;"4825;5135;4831;3202;8258;8289;4845;3385;3386;4212;6131;8147;8158;9048;9269;4846;9114;4853;3325;3383;3384;8221;8263;4854;9106;4857;3382;8261";4825 - Aşağıdaki lisans programlarından birinden mezun olmak. | 5135 - Ziraat Mühendisliği | 4831 - Aşağıdaki lisans programlarından birinden mezun olmak. | 3202 - Hayvansal Üretim | 8258 - Süt Teknolojisi | 8289 - Zootekni / Zooteknik | 4845 - Aşağıdaki lisans programlarından birinden mezun olmak. | 3385 - Tarla Bitkileri | 3386 - Toprak | 4212 - Bahçe ve Tarla Bitkileri | 6131 - Bitkisel Üretim | 8147 - Bahçe Bitkileri | 8158 - Bitki Koruma | 9048 - Toprak Bilimi ve Bitki Besleme | 9269 - Bitkisel Üretim ve Teknolojileri | 4846 - Aşağıdaki lisans programlarından birinden mezun olmak. | 9114 - Biyosistem Mühendisliği | 4853 - Aşağıdaki lisans programlarından birinden mezun olmak. | 3325 - Tarım Teknolojisi | 3383 - Tarım Makineleri | 3384 - Tarımsal Yapılar ve Sulama | 8221 - Kültürteknik | 8263 - Tarımsal Mekanizasyon | 4854 - Aşağıdaki lisans programlarından birinden mezun olmak. | 9106 - Tarımsal Biyoteknoloji | 4857 - Aşağıdaki lisans programlarından birinden mezun olmak. | 3382 - Tarım Ekonomisi | 8261 - Tarım İşletmeciliği;0f93f06c-c25b-eb11-80fa-a0369f7d1484
2020;72;390181823;Tarım ve Orman Bakanlığı Kütahya İl Müdürlüğü Emet İlçe Müdürlüğü;Veteriner Hekim;Kütahya;Lisans;2;0;;;"4607;6373";4607 - Aşağıdaki lisans programlarından birinden mezun olmak. | 6373 - Veteriner;1593f06c-c25b-eb11-80fa-a0369f7d1484
2020;72;390181204;Tarım ve Orman Bakanlığı Kütahya İl Müdürlüğü Gediz İlçe Müdürlüğü;Mühendis (Ziraat);Kütahya;Lisans;1;2;;;"4825;5135;4831;3202;8258;8289;4845;3385;3386;4212;6131;8147;8158;9048;9269;4846;9114;4853;3325;3383;3384;8221;8263;4854;9106;4857;3382;8261";4825 - Aşağıdaki lisans programlarından birinden mezun olmak. | 5135 - Ziraat Mühendisliği | 4831 - Aşağıdaki lisans programlarından birinden mezun olmak. | 3202 - Hayvansal Üretim | 8258 - Süt Teknolojisi | 8289 - Zootekni / Zooteknik | 4845 - Aşağıdaki lisans programlarından birinden mezun olmak. | 3385 - Tarla Bitkileri | 3386 - Toprak | 4212 - Bahçe ve Tarla Bitkileri | 6131 - Bitkisel Üretim | 8147 - Bahçe Bitkileri | 8158 - Bitki Koruma | 9048 - Toprak Bilimi ve Bitki Besleme | 9269 - Bitkisel Üretim ve Teknolojileri | 4846 - Aşağıdaki lisans programlarından birinden mezun olmak. | 9114 - Biyosistem Mühendisliği | 4853 - Aşağıdaki lisans programlarından birinden mezun olmak. | 3325 - Tarım Teknolojisi | 3383 - Tarım Makineleri | 3384 - Tarımsal Yapılar ve Sulama | 8221 - Kültürteknik | 8263 - Tarımsal Mekanizasyon | 4854 - Aşağıdaki lisans programlarından birinden mezun olmak. | 9106 - Tarımsal Biyoteknoloji | 4857 - Aşağıdaki lisans programlarından birinden mezun olmak. | 3382 - Tarım Ekonomisi | 8261 - Tarım İşletmeciliği;1093f06c-c25b-eb11-80fa-a0369f7d1484
2020;72;390181475;Tarım ve Orman Bakanlığı Kütahya İl Müdürlüğü Gediz İlçe Müdürlüğü;Mühendis (Gıda);Kütahya;Lisans;1;0;;;"4799;3191";4799 - Aşağıdaki lisans programlarından birinden mezun olmak. | 3191 - Gıda Mühendisliği;1993f06c-c25b-eb11-80fa-a0369f7d1484
2020;72;390181474;Tarım ve Orman Bakanlığı Kütahya İl Müdürlüğü Gıda ve Yem Şube Müdürlüğü;Mühendis (Gıda);Kütahya;Lisans;1;1;;;"4799;3191";4799 - Aşağıdaki lisans programlarından birinden mezun olmak. | 3191 - Gıda Mühendisliği;1893f06c-c25b-eb11-80fa-a0369f7d1484
2020;72;390181205;Tarım ve Orman Bakanlığı Kütahya İl Müdürlüğü Hisarcık İlçe Müdürlüğü;Mühendis (Ziraat);Kütahya;Lisans;3;3;;;"4825;5135;4831;3202;8258;8289;4845;3385;3386;4212;6131;8147;8158;9048;9269;4846;9114;4853;3325;3383;3384;8221;8263;4854;9106;4857;3382;8261";4825 - Aşağıdaki lisans programlarından birinden mezun olmak. | 5135 - Ziraat Mühendisliği | 4831 - Aşağıdaki lisans programlarından birinden mezun olmak. | 3202 - Hayvansal Üretim | 8258 - Süt Teknolojisi | 8289 - Zootekni / Zooteknik | 4845 - Aşağıdaki lisans programlarından birinden mezun olmak. | 3385 - Tarla Bitkileri | 3386 - Toprak | 4212 - Bahçe ve Tarla Bitkileri | 6131 - Bitkisel Üretim | 8147 - Bahçe Bitkileri | 8158 - Bitki Koruma | 9048 - Toprak Bilimi ve Bitki Besleme | 9269 - Bitkisel Üretim ve Teknolojileri | 4846 - Aşağıdaki lisans programlarından birinden mezun olmak. | 9114 - Biyosistem Mühendisliği | 4853 - Aşağıdaki lisans programlarından birinden mezun olmak. | 3325 - Tarım Teknolojisi | 3383 - Tarım Makineleri | 3384 - Tarımsal Yapılar ve Sulama | 8221 - Kültürteknik | 8263 - Tarımsal Mekanizasyon | 4854 - Aşağıdaki lisans programlarından birinden mezun olmak. | 9106 - Tarımsal Biyoteknoloji | 4857 - Aşağıdaki lisans programlarından birinden mezun olmak. | 3382 - Tarım Ekonomisi | 8261 - Tarım İşletmeciliği;1193f06c-c25b-eb11-80fa-a0369f7d1484
2020;72;390181824;Tarım ve Orman Bakanlığı Kütahya İl Müdürlüğü Hisarcık İlçe Müdürlüğü;Veteriner Hekim;Kütahya;Lisans;2;0;;;"4607;6373";4607 - Aşağıdaki lisans programlarından birinden mezun olmak. | 6373 - Veteriner;1693f06c-c25b-eb11-80fa-a0369f7d1484
2020;72;390181206;Tarım ve Orman Bakanlığı Kütahya İl Müdürlüğü Pazarlar İlçe Müdürlüğü;Mühendis (Ziraat);Kütahya;Lisans;1;2;;;"4825;5135;4831;3202;8258;8289;4845;3385;3386;4212;6131;8147;8158;9048;9269;4846;9114;4853;3325;3383;3384;8221;8263;4854;9106;4857;3382;8261";4825 - Aşağıdaki lisans programlarından birinden mezun olmak. | 5135 - Ziraat Mühendisliği | 4831 - Aşağıdaki lisans programlarından birinden mezun olmak. | 3202 - Hayvansal Üretim | 8258 - Süt Teknolojisi | 8289 - Zootekni / Zooteknik | 4845 - Aşağıdaki lisans programlarından birinden mezun olmak. | 3385 - Tarla Bitkileri | 3386 - Toprak | 4212 - Bahçe ve Tarla Bitkileri | 6131 - Bitkisel Üretim | 8147 - Bahçe Bitkileri | 8158 - Bitki Koruma | 9048 - Toprak Bilimi ve Bitki Besleme | 9269 - Bitkisel Üretim ve Teknolojileri | 4846 - Aşağıdaki lisans programlarından birinden mezun olmak. | 9114 - Biyosistem Mühendisliği | 4853 - Aşağıdaki lisans programlarından birinden mezun olmak. | 3325 - Tarım Teknolojisi | 3383 - Tarım Makineleri | 3384 - Tarımsal Yapılar ve Sulama | 8221 - Kültürteknik | 8263 - Tarımsal Mekanizasyon | 4854 - Aşağıdaki lisans programlarından birinden mezun olmak. | 9106 - Tarımsal Biyoteknoloji | 4857 - Aşağıdaki lisans programlarından birinden mezun olmak. | 3382 - Tarım Ekonomisi | 8261 - Tarım İşletmeciliği;1293f06c-c25b-eb11-80fa-a0369f7d1484
2020;72;390181207;Tarım ve Orman Bakanlığı Kütahya İl Müdürlüğü Şaphane İlçe Müdürlüğü;Mühendis (Ziraat);Kütahya;Lisans;1;2;;;"4825;5135;4831;3202;8258;8289;4845;3385;3386;4212;6131;8147;8158;9048;9269;4846;9114;4853;3325;3383;3384;8221;8263;4854;9106;4857;3382;8261";4825 - Aşağıdaki lisans programlarından birinden mezun olmak. | 5135 - Ziraat Mühendisliği | 4831 - Aşağıdaki lisans programlarından birinden mezun olmak. | 3202 - Hayvansal Üretim | 8258 - Süt Teknolojisi | 8289 - Zootekni / Zooteknik | 4845 - Aşağıdaki lisans programlarından birinden mezun olmak. | 3385 - Tarla Bitkileri | 3386 - Toprak | 4212 - Bahçe ve Tarla Bitkileri | 6131 - Bitkisel Üretim | 8147 - Bahçe Bitkileri | 8158 - Bitki Koruma | 9048 - Toprak Bilimi ve Bitki Besleme | 9269 - Bitkisel Üretim ve Teknolojileri | 4846 - Aşağıdaki lisans programlarından birinden mezun olmak. | 9114 - Biyosistem Mühendisliği | 4853 - Aşağıdaki lisans programlarından birinden mezun olmak. | 3325 - Tarım Teknolojisi | 3383 - Tarım Makineleri | 3384 - Tarımsal Yapılar ve Sulama | 8221 - Kültürteknik | 8263 - Tarımsal Mekanizasyon | 4854 - Aşağıdaki lisans programlarından birinden mezun olmak. | 9106 - Tarımsal Biyoteknoloji | 4857 - Aşağıdaki lisans programlarından birinden mezun olmak. | 3382 - Tarım Ekonomisi | 8261 - Tarım İşletmeciliği;1393f06c-c25b-eb11-80fa-a0369f7d1484
2020;72;390181476;Tarım ve Orman Bakanlığı Kütahya İl Müdürlüğü Tavşanlı İlçe Müdürlüğü;Mühendis (Gıda);Kütahya;Lisans;2;1;;;"4799;3191";4799 - Aşağıdaki lisans programlarından birinden mezun olmak. | 3191 - Gıda Mühendisliği;1a93f06c-c25b-eb11-80fa-a0369f7d1484
2020;72;390181208;Tarım ve Orman Bakanlığı Malatya İl Müdürlüğü Akçadağ İlçe Müdürlüğü;Mühendis (Ziraat);Malatya;Lisans;5;4;;;"4825;5135;4831;3202;8258;8289;4845;3385;3386;4212;6131;8147;8158;9048;9269;4846;9114;4853;3325;3383;3384;8221;8263;4854;9106;4857;3382;8261";4825 - Aşağıdaki lisans programlarından birinden mezun olmak. | 5135 - Ziraat Mühendisliği | 4831 - Aşağıdaki lisans programlarından birinden mezun olmak. | 3202 - Hayvansal Üretim | 8258 - Süt Teknolojisi | 8289 - Zootekni / Zooteknik | 4845 - Aşağıdaki lisans programlarından birinden mezun olmak. | 3385 - Tarla Bitkileri | 3386 - Toprak | 4212 - Bahçe ve Tarla Bitkileri | 6131 - Bitkisel Üretim | 8147 - Bahçe Bitkileri | 8158 - Bitki Koruma | 9048 - Toprak Bilimi ve Bitki Besleme | 9269 - Bitkisel Üretim ve Teknolojileri | 4846 - Aşağıdaki lisans programlarından birinden mezun olmak. | 9114 - Biyosistem Mühendisliği | 4853 - Aşağıdaki lisans programlarından birinden mezun olmak. | 3325 - Tarım Teknolojisi | 3383 - Tarım Makineleri | 3384 - Tarımsal Yapılar ve Sulama | 8221 - Kültürteknik | 8263 - Tarımsal Mekanizasyon | 4854 - Aşağıdaki lisans programlarından birinden mezun olmak. | 9106 - Tarımsal Biyoteknoloji | 4857 - Aşağıdaki lisans programlarından birinden mezun olmak. | 3382 - Tarım Ekonomisi | 8261 - Tarım İşletmeciliği;1f93f06c-c25b-eb11-80fa-a0369f7d1484
2020;72;390181825;Tarım ve Orman Bakanlığı Malatya İl Müdürlüğü Arapgir İlçe Müdürlüğü;Veteriner Hekim;Malatya;Lisans;1;0;;;"4607;6373";4607 - Aşağıdaki lisans programlarından birinden mezun olmak. | 6373 - Veteriner;1c93f06c-c25b-eb11-80fa-a0369f7d1484
2020;72;390181209;Tarım ve Orman Bakanlığı Malatya İl Müdürlüğü Arguvan İlçe Müdürlüğü;Mühendis (Ziraat);Malatya;Lisans;4;0;;;"4825;5135;4831;3202;8258;8289;4845;3385;3386;4212;6131;8147;8158;9048;9269;4846;9114;4853;3325;3383;3384;8221;8263;4854;9106;4857;3382;8261";4825 - Aşağıdaki lisans programlarından birinden mezun olmak. | 5135 - Ziraat Mühendisliği | 4831 - Aşağıdaki lisans programlarından birinden mezun olmak. | 3202 - Hayvansal Üretim | 8258 - Süt Teknolojisi | 8289 - Zootekni / Zooteknik | 4845 - Aşağıdaki lisans programlarından birinden mezun olmak. | 3385 - Tarla Bitkileri | 3386 - Toprak | 4212 - Bahçe ve Tarla Bitkileri | 6131 - Bitkisel Üretim | 8147 - Bahçe Bitkileri | 8158 - Bitki Koruma | 9048 - Toprak Bilimi ve Bitki Besleme | 9269 - Bitkisel Üretim ve Teknolojileri | 4846 - Aşağıdaki lisans programlarından birinden mezun olmak. | 9114 - Biyosistem Mühendisliği | 4853 - Aşağıdaki lisans programlarından birinden mezun olmak. | 3325 - Tarım Teknolojisi | 3383 - Tarım Makineleri | 3384 - Tarımsal Yapılar ve Sulama | 8221 - Kültürteknik | 8263 - Tarımsal Mekanizasyon | 4854 - Aşağıdaki lisans programlarından birinden mezun olmak. | 9106 - Tarımsal Biyoteknoloji | 4857 - Aşağıdaki lisans programlarından birinden mezun olmak. | 3382 - Tarım Ekonomisi | 8261 - Tarım İşletmeciliği;2093f06c-c25b-eb11-80fa-a0369f7d1484
2020;72;390181600;Tarım ve Orman Bakanlığı Malatya İl Müdürlüğü Arguvan İlçe Müdürlüğü;Mühendis (Su Ürünleri);Malatya;Lisans;1;1;;;"4819;3202;3320;8337";4819 - Aşağıdaki lisans programlarından birinden mezun olmak. | 3202 - Hayvansal Üretim | 3320 - Su Ürünleri | 8337 - Su Ürünleri Mühendisliği;1b93f06c-c25b-eb11-80fa-a0369f7d1484
2020;72;390181826;Tarım ve Orman Bakanlığı Malatya İl Müdürlüğü Battalgazi İlçe Müdürlüğü;Veteriner Hekim;Malatya;Lisans;2;0;;;"4607;6373";4607 - Aşağıdaki lisans programlarından birinden mezun olmak. | 6373 - Veteriner;1d93f06c-c25b-eb11-80fa-a0369f7d1484
2020;72;390181210;Tarım ve Orman Bakanlığı Malatya İl Müdürlüğü Darende İlçe Müdürlüğü;Mühendis (Ziraat);Malatya;Lisans;5;4;;;"4825;5135;4831;3202;8258;8289;4845;3385;3386;4212;6131;8147;8158;9048;9269;4846;9114;4853;3325;3383;3384;8221;8263;4854;9106;4857;3382;8261";4825 - Aşağıdaki lisans programlarından birinden mezun olmak. | 5135 - Ziraat Mühendisliği | 4831 - Aşağıdaki lisans programlarından birinden mezun olmak. | 3202 - Hayvansal Üretim | 8258 - Süt Teknolojisi | 8289 - Zootekni / Zooteknik | 4845 - Aşağıdaki lisans programlarından birinden mezun olmak. | 3385 - Tarla Bitkileri | 3386 - Toprak | 4212 - Bahçe ve Tarla Bitkileri | 6131 - Bitkisel Üretim | 8147 - Bahçe Bitkileri | 8158 - Bitki Koruma | 9048 - Toprak Bilimi ve Bitki Besleme | 9269 - Bitkisel Üretim ve Teknolojileri | 4846 - Aşağıdaki lisans programlarından birinden mezun olmak. | 9114 - Biyosistem Mühendisliği | 4853 - Aşağıdaki lisans programlarından birinden mezun olmak. | 3325 - Tarım Teknolojisi | 3383 - Tarım Makineleri | 3384 - Tarımsal Yapılar ve Sulama | 8221 - Kültürteknik | 8263 - Tarımsal Mekanizasyon | 4854 - Aşağıdaki lisans programlarından birinden mezun olmak. | 9106 - Tarımsal Biyoteknoloji | 4857 - Aşağıdaki lisans programlarından birinden mezun olmak. | 3382 - Tarım Ekonomisi | 8261 - Tarım İşletmeciliği;2193f06c-c25b-eb11-80fa-a0369f7d1484
2020;72;390181211;Tarım ve Orman Bakanlığı Malatya İl Müdürlüğü Doğanyol İlçe Müdürlüğü;Mühendis (Ziraat);Malatya;Lisans;1;1;;;"4825;5135;4831;3202;8258;8289;4845;3385;3386;4212;6131;8147;8158;9048;9269;4846;9114;4853;3325;3383;3384;8221;8263;4854;9106;4857;3382;8261";4825 - Aşağıdaki lisans programlarından birinden mezun olmak. | 5135 - Ziraat Mühendisliği | 4831 - Aşağıdaki lisans programlarından birinden mezun olmak. | 3202 - Hayvansal Üretim | 8258 - Süt Teknolojisi | 8289 - Zootekni / Zooteknik | 4845 - Aşağıdaki lisans programlarından birinden mezun olmak. | 3385 - Tarla Bitkileri | 3386 - Toprak | 4212 - Bahçe ve Tarla Bitkileri | 6131 - Bitkisel Üretim | 8147 - Bahçe Bitkileri | 8158 - Bitki Koruma | 9048 - Toprak Bilimi ve Bitki Besleme | 9269 - Bitkisel Üretim ve Teknolojileri | 4846 - Aşağıdaki lisans programlarından birinden mezun olmak. | 9114 - Biyosistem Mühendisliği | 4853 - Aşağıdaki lisans programlarından birinden mezun olmak. | 3325 - Tarım Teknolojisi | 3383 - Tarım Makineleri | 3384 - Tarımsal Yapılar ve Sulama | 8221 - Kültürteknik | 8263 - Tarımsal Mekanizasyon | 4854 - Aşağıdaki lisans programlarından birinden mezun olmak. | 9106 - Tarımsal Biyoteknoloji | 4857 - Aşağıdaki lisans programlarından birinden mezun olmak. | 3382 - Tarım Ekonomisi | 8261 - Tarım İşletmeciliği;2293f06c-c25b-eb11-80fa-a0369f7d1484
2020;72;390181212;Tarım ve Orman Bakanlığı Malatya İl Müdürlüğü Hekimhan İlçe Müdürlüğü;Mühendis (Ziraat);Malatya;Lisans;4;0;;;"4825;5135;4831;3202;8258;8289;4845;3385;3386;4212;6131;8147;8158;9048;9269;4846;9114;4853;3325;3383;3384;8221;8263;4854;9106;4857;3382;8261";4825 - Aşağıdaki lisans programlarından birinden mezun olmak. | 5135 - Ziraat Mühendisliği | 4831 - Aşağıdaki lisans programlarından birinden mezun olmak. | 3202 - Hayvansal Üretim | 8258 - Süt Teknolojisi | 8289 - Zootekni / Zooteknik | 4845 - Aşağıdaki lisans programlarından birinden mezun olmak. | 3385 - Tarla Bitkileri | 3386 - Toprak | 4212 - Bahçe ve Tarla Bitkileri | 6131 - Bitkisel Üretim | 8147 - Bahçe Bitkileri | 8158 - Bitki Koruma | 9048 - Toprak Bilimi ve Bitki Besleme | 9269 - Bitkisel Üretim ve Teknolojileri | 4846 - Aşağıdaki lisans programlarından birinden mezun olmak. | 9114 - Biyosistem Mühendisliği | 4853 - Aşağıdaki lisans programlarından birinden mezun olmak. | 3325 - Tarım Teknolojisi | 3383 - Tarım Makineleri | 3384 - Tarımsal Yapılar ve Sulama | 8221 - Kültürteknik | 8263 - Tarımsal Mekanizasyon | 4854 - Aşağıdaki lisans programlarından birinden mezun olmak. | 9106 - Tarımsal Biyoteknoloji | 4857 - Aşağıdaki lisans programlarından birinden mezun olmak. | 3382 - Tarım Ekonomisi | 8261 - Tarım İşletmeciliği;2393f06c-c25b-eb11-80fa-a0369f7d1484
2020;72;390181213;Tarım ve Orman Bakanlığı Malatya İl Müdürlüğü Kuluncak İlçe Müdürlüğü;Mühendis (Ziraat);Malatya;Lisans;2;0;;;"4825;5135;4831;3202;8258;8289;4845;3385;3386;4212;6131;8147;8158;9048;9269;4846;9114;4853;3325;3383;3384;8221;8263;4854;9106;4857;3382;8261";4825 - Aşağıdaki lisans programlarından birinden mezun olmak. | 5135 - Ziraat Mühendisliği | 4831 - Aşağıdaki lisans programlarından birinden mezun olmak. | 3202 - Hayvansal Üretim | 8258 - Süt Teknolojisi | 8289 - Zootekni / Zooteknik | 4845 - Aşağıdaki lisans programlarından birinden mezun olmak. | 3385 - Tarla Bitkileri | 3386 - Toprak | 4212 - Bahçe ve Tarla Bitkileri | 6131 - Bitkisel Üretim | 8147 - Bahçe Bitkileri | 8158 - Bitki Koruma | 9048 - Toprak Bilimi ve Bitki Besleme | 9269 - Bitkisel Üretim ve Teknolojileri | 4846 - Aşağıdaki lisans programlarından birinden mezun olmak. | 9114 - Biyosistem Mühendisliği | 4853 - Aşağıdaki lisans programlarından birinden mezun olmak. | 3325 - Tarım Teknolojisi | 3383 - Tarım Makineleri | 3384 - Tarımsal Yapılar ve Sulama | 8221 - Kültürteknik | 8263 - Tarımsal Mekanizasyon | 4854 - Aşağıdaki lisans programlarından birinden mezun olmak. | 9106 - Tarımsal Biyoteknoloji | 4857 - Aşağıdaki lisans programlarından birinden mezun olmak. | 3382 - Tarım Ekonomisi | 8261 - Tarım İşletmeciliği;2493f06c-c25b-eb11-80fa-a0369f7d1484
2020;72;390181214;Tarım ve Orman Bakanlığı Malatya İl Müdürlüğü Pütürge İlçe Müdürlüğü;Mühendis (Ziraat);Malatya;Lisans;2;0;;;"4825;5135;4831;3202;8258;8289;4845;3385;3386;4212;6131;8147;8158;9048;9269;4846;9114;4853;3325;3383;3384;8221;8263;4854;9106;4857;3382;8261";4825 - Aşağıdaki lisans programlarından birinden mezun olmak. | 5135 - Ziraat Mühendisliği | 4831 - Aşağıdaki lisans programlarından birinden mezun olmak. | 3202 - Hayvansal Üretim | 8258 - Süt Teknolojisi | 8289 - Zootekni / Zooteknik | 4845 - Aşağıdaki lisans programlarından birinden mezun olmak. | 3385 - Tarla Bitkileri | 3386 - Toprak | 4212 - Bahçe ve Tarla Bitkileri | 6131 - Bitkisel Üretim | 8147 - Bahçe Bitkileri | 8158 - Bitki Koruma | 9048 - Toprak Bilimi ve Bitki Besleme | 9269 - Bitkisel Üretim ve Teknolojileri | 4846 - Aşağıdaki lisans programlarından birinden mezun olmak. | 9114 - Biyosistem Mühendisliği | 4853 - Aşağıdaki lisans programlarından birinden mezun olmak. | 3325 - Tarım Teknolojisi | 3383 - Tarım Makineleri | 3384 - Tarımsal Yapılar ve Sulama | 8221 - Kültürteknik | 8263 - Tarımsal Mekanizasyon | 4854 - Aşağıdaki lisans programlarından birinden mezun olmak. | 9106 - Tarımsal Biyoteknoloji | 4857 - Aşağıdaki lisans programlarından birinden mezun olmak. | 3382 - Tarım Ekonomisi | 8261 - Tarım İşletmeciliği;2593f06c-c25b-eb11-80fa-a0369f7d1484
2020;72;390181827;Tarım ve Orman Bakanlığı Malatya İl Müdürlüğü Pütürge İlçe Müdürlüğü;Veteriner Hekim;Malatya;Lisans;3;0;;;"4607;6373";4607 - Aşağıdaki lisans programlarından birinden mezun olmak. | 6373 - Veteriner;1e93f06c-c25b-eb11-80fa-a0369f7d1484
2020;72;390181215;Tarım ve Orman Bakanlığı Malatya İl Müdürlüğü Yazıhan İlçe Müdürlüğü;Mühendis (Ziraat);Malatya;Lisans;2;2;;;"4825;5135;4831;3202;8258;8289;4845;3385;3386;4212;6131;8147;8158;9048;9269;4846;9114;4853;3325;3383;3384;8221;8263;4854;9106;4857;3382;8261";4825 - Aşağıdaki lisans programlarından birinden mezun olmak. | 5135 - Ziraat Mühendisliği | 4831 - Aşağıdaki lisans programlarından birinden mezun olmak. | 3202 - Hayvansal Üretim | 8258 - Süt Teknolojisi | 8289 - Zootekni / Zooteknik | 4845 - Aşağıdaki lisans programlarından birinden mezun olmak. | 3385 - Tarla Bitkileri | 3386 - Toprak | 4212 - Bahçe ve Tarla Bitkileri | 6131 - Bitkisel Üretim | 8147 - Bahçe Bitkileri | 8158 - Bitki Koruma | 9048 - Toprak Bilimi ve Bitki Besleme | 9269 - Bitkisel Üretim ve Teknolojileri | 4846 - Aşağıdaki lisans programlarından birinden mezun olmak. | 9114 - Biyosistem Mühendisliği | 4853 - Aşağıdaki lisans programlarından birinden mezun olmak. | 3325 - Tarım Teknolojisi | 3383 - Tarım Makineleri | 3384 - Tarımsal Yapılar ve Sulama | 8221 - Kültürteknik | 8263 - Tarımsal Mekanizasyon | 4854 - Aşağıdaki lisans programlarından birinden mezun olmak. | 9106 - Tarımsal Biyoteknoloji | 4857 - Aşağıdaki lisans programlarından birinden mezun olmak. | 3382 - Tarım Ekonomisi | 8261 - Tarım İşletmeciliği;2693f06c-c25b-eb11-80fa-a0369f7d1484
2020;72;390181640;Tarım ve Orman Bakanlığı Manisa 4. Bölge Müdürlüğü Manisa Şube Müdürlüğü;Mühendis (Orman);Manisa;Lisans;1;0;;;"4871;6277";4871 - Aşağıdaki lisans programlarından birinden mezun olmak. | 6277 - Orman Mühendisliği;2993f06c-c25b-eb11-80fa-a0369f7d1484
2020;72;390181601;Tarım ve Orman Bakanlığı Manisa İl Müdürlüğü Alaşehir İlçe Müdürlüğü;Mühendis (Su Ürünleri);Manisa;Lisans;1;0;;;"4819;3202;3320;8337";4819 - Aşağıdaki lisans programlarından birinden mezun olmak. | 3202 - Hayvansal Üretim | 3320 - Su Ürünleri | 8337 - Su Ürünleri Mühendisliği;2893f06c-c25b-eb11-80fa-a0369f7d1484
2020;72;390181216;Tarım ve Orman Bakanlığı Mardin İl Müdürlüğü Dargeçit İlçe Müdürlüğü;Mühendis (Ziraat);Mardin;Lisans;2;0;;;"4825;5135;4831;3202;8258;8289;4845;3385;3386;4212;6131;8147;8158;9048;9269;4846;9114;4853;3325;3383;3384;8221;8263;4854;9106;4857;3382;8261";4825 - Aşağıdaki lisans programlarından birinden mezun olmak. | 5135 - Ziraat Mühendisliği | 4831 - Aşağıdaki lisans programlarından birinden mezun olmak. | 3202 - Hayvansal Üretim | 8258 - Süt Teknolojisi | 8289 - Zootekni / Zooteknik | 4845 - Aşağıdaki lisans programlarından birinden mezun olmak. | 3385 - Tarla Bitkileri | 3386 - Toprak | 4212 - Bahçe ve Tarla Bitkileri | 6131 - Bitkisel Üretim | 8147 - Bahçe Bitkileri | 8158 - Bitki Koruma | 9048 - Toprak Bilimi ve Bitki Besleme | 9269 - Bitkisel Üretim ve Teknolojileri | 4846 - Aşağıdaki lisans programlarından birinden mezun olmak. | 9114 - Biyosistem Mühendisliği | 4853 - Aşağıdaki lisans programlarından birinden mezun olmak. | 3325 - Tarım Teknolojisi | 3383 - Tarım Makineleri | 3384 - Tarımsal Yapılar ve Sulama | 8221 - Kültürteknik | 8263 - Tarımsal Mekanizasyon | 4854 - Aşağıdaki lisans programlarından birinden mezun olmak. | 9106 - Tarımsal Biyoteknoloji | 4857 - Aşağıdaki lisans programlarından birinden mezun olmak. | 3382 - Tarım Ekonomisi | 8261 - Tarım İşletmeciliği;3993f06c-c25b-eb11-80fa-a0369f7d1484
2020;72;390181217;Tarım ve Orman Bakanlığı Mardin İl Müdürlüğü Derik İlçe Müdürlüğü;Mühendis (Ziraat);Mardin;Lisans;2;0;;;"4825;5135;4831;3202;8258;8289;4845;3385;3386;4212;6131;8147;8158;9048;9269;4846;9114;4853;3325;3383;3384;8221;8263;4854;9106;4857;3382;8261";4825 - Aşağıdaki lisans programlarından birinden mezun olmak. | 5135 - Ziraat Mühendisliği | 4831 - Aşağıdaki lisans programlarından birinden mezun olmak. | 3202 - Hayvansal Üretim | 8258 - Süt Teknolojisi | 8289 - Zootekni / Zooteknik | 4845 - Aşağıdaki lisans programlarından birinden mezun olmak. | 3385 - Tarla Bitkileri | 3386 - Toprak | 4212 - Bahçe ve Tarla Bitkileri | 6131 - Bitkisel Üretim | 8147 - Bahçe Bitkileri | 8158 - Bitki Koruma | 9048 - Toprak Bilimi ve Bitki Besleme | 9269 - Bitkisel Üretim ve Teknolojileri | 4846 - Aşağıdaki lisans programlarından birinden mezun olmak. | 9114 - Biyosistem Mühendisliği | 4853 - Aşağıdaki lisans programlarından birinden mezun olmak. | 3325 - Tarım Teknolojisi | 3383 - Tarım Makineleri | 3384 - Tarımsal Yapılar ve Sulama | 8221 - Kültürteknik | 8263 - Tarımsal Mekanizasyon | 4854 - Aşağıdaki lisans programlarından birinden mezun olmak. | 9106 - Tarımsal Biyoteknoloji | 4857 - Aşağıdaki lisans programlarından birinden mezun olmak. | 3382 - Tarım Ekonomisi | 8261 - Tarım İşletmeciliği;3a93f06c-c25b-eb11-80fa-a0369f7d1484
2020;72;390181477;Tarım ve Orman Bakanlığı Mardin İl Müdürlüğü Derik İlçe Müdürlüğü;Mühendis (Gıda);Mardin;Lisans;1;0;;;"4799;3191";4799 - Aşağıdaki lisans programlarından birinden mezun olmak. | 3191 - Gıda Mühendisliği;4793f06c-c25b-eb11-80fa-a0369f7d1484
2020;72;390181828;Tarım ve Orman Bakanlığı Mardin İl Müdürlüğü Derik İlçe Müdürlüğü;Veteriner Hekim;Mardin;Lisans;2;0;;;"4607;6373";4607 - Aşağıdaki lisans programlarından birinden mezun olmak. | 6373 - Veteriner;4193f06c-c25b-eb11-80fa-a0369f7d1484
2020;72;390181478;Tarım ve Orman Bakanlığı Mardin İl Müdürlüğü Gıda ve Yem Şube Müdürlüğü;Mühendis (Gıda);Mardin;Lisans;2;0;;;"4799;3191";4799 - Aşağıdaki lisans programlarından birinden mezun olmak. | 3191 - Gıda Mühendisliği;4893f06c-c25b-eb11-80fa-a0369f7d1484
2020;72;390181479;Tarım ve Orman Bakanlığı Mardin İl Müdürlüğü Kızıltepe İlçe Müdürlüğü;Mühendis (Gıda);Mardin;Lisans;1;0;;;"4799;3191";4799 - Aşağıdaki lisans programlarından birinden mezun olmak. | 3191 - Gıda Mühendisliği;4993f06c-c25b-eb11-80fa-a0369f7d1484
2020;72;390181829;Tarım ve Orman Bakanlığı Mardin İl Müdürlüğü Koordinasyon ve Tarımsal Veriler Şube Müdürlüğü;Veteriner Hekim;Mardin;Lisans;1;0;;;"4607;6373";4607 - Aşağıdaki lisans programlarından birinden mezun olmak. | 6373 - Veteriner;4293f06c-c25b-eb11-80fa-a0369f7d1484
2020;72;390181830;Tarım ve Orman Bakanlığı Mardin İl Müdürlüğü Mazıdağı İlçe Müdürlüğü;Veteriner Hekim;Mardin;Lisans;1;0;;;"4607;6373";4607 - Aşağıdaki lisans programlarından birinden mezun olmak. | 6373 - Veteriner;4393f06c-c25b-eb11-80fa-a0369f7d1484
2020;72;390181218;Tarım ve Orman Bakanlığı Mardin İl Müdürlüğü Midyat İlçe Müdürlüğü;Mühendis (Ziraat);Mardin;Lisans;3;1;;;"4825;5135;4831;3202;8258;8289;4845;3385;3386;4212;6131;8147;8158;9048;9269;4846;9114;4853;3325;3383;3384;8221;8263;4854;9106;4857;3382;8261";4825 - Aşağıdaki lisans programlarından birinden mezun olmak. | 5135 - Ziraat Mühendisliği | 4831 - Aşağıdaki lisans programlarından birinden mezun olmak. | 3202 - Hayvansal Üretim | 8258 - Süt Teknolojisi | 8289 - Zootekni / Zooteknik | 4845 - Aşağıdaki lisans programlarından birinden mezun olmak. | 3385 - Tarla Bitkileri | 3386 - Toprak | 4212 - Bahçe ve Tarla Bitkileri | 6131 - Bitkisel Üretim | 8147 - Bahçe Bitkileri | 8158 - Bitki Koruma | 9048 - Toprak Bilimi ve Bitki Besleme | 9269 - Bitkisel Üretim ve Teknolojileri | 4846 - Aşağıdaki lisans programlarından birinden mezun olmak. | 9114 - Biyosistem Mühendisliği | 4853 - Aşağıdaki lisans programlarından birinden mezun olmak. | 3325 - Tarım Teknolojisi | 3383 - Tarım Makineleri | 3384 - Tarımsal Yapılar ve Sulama | 8221 - Kültürteknik | 8263 - Tarımsal Mekanizasyon | 4854 - Aşağıdaki lisans programlarından birinden mezun olmak. | 9106 - Tarımsal Biyoteknoloji | 4857 - Aşağıdaki lisans programlarından birinden mezun olmak. | 3382 - Tarım Ekonomisi | 8261 - Tarım İşletmeciliği;3b93f06c-c25b-eb11-80fa-a0369f7d1484
2020;72;390181480;Tarım ve Orman Bakanlığı Mardin İl Müdürlüğü Midyat İlçe Müdürlüğü;Mühendis (Gıda);Mardin;Lisans;1;0;;;"4799;3191";4799 - Aşağıdaki lisans programlarından birinden mezun olmak. | 3191 - Gıda Mühendisliği;4a93f06c-c25b-eb11-80fa-a0369f7d1484
2020;72;390181831;Tarım ve Orman Bakanlığı Mardin İl Müdürlüğü Midyat İlçe Müdürlüğü;Veteriner Hekim;Mardin;Lisans;1;0;;;"4607;6373";4607 - Aşağıdaki lisans programlarından birinden mezun olmak. | 6373 - Veteriner;4493f06c-c25b-eb11-80fa-a0369f7d1484
2020;72;390181481;Tarım ve Orman Bakanlığı Mardin İl Müdürlüğü Nusaybin İlçe Müdürlüğü;Mühendis (Gıda);Mardin;Lisans;1;0;;;"4799;3191";4799 - Aşağıdaki lisans programlarından birinden mezun olmak. | 3191 - Gıda Mühendisliği;4b93f06c-c25b-eb11-80fa-a0369f7d1484
2020;72;390181832;Tarım ve Orman Bakanlığı Mardin İl Müdürlüğü Ömerli İlçe Müdürlüğü;Veteriner Hekim;Mardin;Lisans;1;0;;;"4607;6373";4607 - Aşağıdaki lisans programlarından birinden mezun olmak. | 6373 - Veteriner;4593f06c-c25b-eb11-80fa-a0369f7d1484
2020;72;390181219;Tarım ve Orman Bakanlığı Mardin İl Müdürlüğü Savur İlçe Müdürlüğü;Mühendis (Ziraat);Mardin;Lisans;3;1;;;"4825;5135;4831;3202;8258;8289;4845;3385;3386;4212;6131;8147;8158;9048;9269;4846;9114;4853;3325;3383;3384;8221;8263;4854;9106;4857;3382;8261";4825 - Aşağıdaki lisans programlarından birinden mezun olmak. | 5135 - Ziraat Mühendisliği | 4831 - Aşağıdaki lisans programlarından birinden mezun olmak. | 3202 - Hayvansal Üretim | 8258 - Süt Teknolojisi | 8289 - Zootekni / Zooteknik | 4845 - Aşağıdaki lisans programlarından birinden mezun olmak. | 3385 - Tarla Bitkileri | 3386 - Toprak | 4212 - Bahçe ve Tarla Bitkileri | 6131 - Bitkisel Üretim | 8147 - Bahçe Bitkileri | 8158 - Bitki Koruma | 9048 - Toprak Bilimi ve Bitki Besleme | 9269 - Bitkisel Üretim ve Teknolojileri | 4846 - Aşağıdaki lisans programlarından birinden mezun olmak. | 9114 - Biyosistem Mühendisliği | 4853 - Aşağıdaki lisans programlarından birinden mezun olmak. | 3325 - Tarım Teknolojisi | 3383 - Tarım Makineleri | 3384 - Tarımsal Yapılar ve Sulama | 8221 - Kültürteknik | 8263 - Tarımsal Mekanizasyon | 4854 - Aşağıdaki lisans programlarından birinden mezun olmak. | 9106 - Tarımsal Biyoteknoloji | 4857 - Aşağıdaki lisans programlarından birinden mezun olmak. | 3382 - Tarım Ekonomisi | 8261 - Tarım İşletmeciliği;3c93f06c-c25b-eb11-80fa-a0369f7d1484
2020;72;390181833;Tarım ve Orman Bakanlığı Mardin İl Müdürlüğü Savur İlçe Müdürlüğü;Veteriner Hekim;Mardin;Lisans;3;0;;;"4607;6373";4607 - Aşağıdaki lisans programlarından birinden mezun olmak. | 6373 - Veteriner;4693f06c-c25b-eb11-80fa-a0369f7d1484
2020;72;390181482;Tarım ve Orman Bakanlığı Mersin İl Müdürlüğü Erdemli İlçe Müdürlüğü;Mühendis (Gıda);Mersin;Lisans;1;0;;;"4799;3191";4799 - Aşağıdaki lisans programlarından birinden mezun olmak. | 3191 - Gıda Mühendisliği;8a92f06c-c25b-eb11-80fa-a0369f7d1484
2020;72;390181483;Tarım ve Orman Bakanlığı Mersin İl Müdürlüğü Mut İlçe Müdürlüğü;Mühendis (Gıda);Mersin;Lisans;2;0;;;"4799;3191";4799 - Aşağıdaki lisans programlarından birinden mezun olmak. | 3191 - Gıda Mühendisliği;8b92f06c-c25b-eb11-80fa-a0369f7d1484
2020;72;390181834;Tarım ve Orman Bakanlığı Mersin Veteriner Sınır Kontrol Noktası Müdürlüğü;Veteriner Hekim;Mersin;Lisans;4;0;;;"4607;6373";4607 - Aşağıdaki lisans programlarından birinden mezun olmak. | 6373 - Veteriner;8c92f06c-c25b-eb11-80fa-a0369f7d1484
2020;72;390181484;Tarım ve Orman Bakanlığı Muğla Gıda Kontrol Laboratuvar Müdürlüğü;Mühendis (Gıda);Muğla;Lisans;1;0;;;"4799;3191";4799 - Aşağıdaki lisans programlarından birinden mezun olmak. | 3191 - Gıda Mühendisliği;5093f06c-c25b-eb11-80fa-a0369f7d1484
2020;72;390181602;Tarım ve Orman Bakanlığı Muğla İl Müdürlüğü Balıkçılık ve Su Ürünleri Şube Müdürlüğü;Mühendis (Su Ürünleri);Muğla;Lisans;1;0;;;"4819;3202;3320;8337";4819 - Aşağıdaki lisans programlarından birinden mezun olmak. | 3202 - Hayvansal Üretim | 3320 - Su Ürünleri | 8337 - Su Ürünleri Mühendisliği;4c93f06c-c25b-eb11-80fa-a0369f7d1484
2020;72;390181603;Tarım ve Orman Bakanlığı Muğla İl Müdürlüğü Yatağan İlçe Müdürlüğü;Mühendis (Su Ürünleri);Muğla;Lisans;1;1;;;"4819;3202;3320;8337";4819 - Aşağıdaki lisans programlarından birinden mezun olmak. | 3202 - Hayvansal Üretim | 3320 - Su Ürünleri | 8337 - Su Ürünleri Mühendisliği;4d93f06c-c25b-eb11-80fa-a0369f7d1484
2020;72;390181220;Tarım ve Orman Bakanlığı Muş İl Müdürlüğü Bitkisel Üretim ve Bitki Sağlığı Şube Müdürlüğü;Mühendis (Ziraat);Muş;Lisans;3;1;;;"4825;5135;4831;3202;8258;8289;4845;3385;3386;4212;6131;8147;8158;9048;9269;4846;9114;4853;3325;3383;3384;8221;8263;4854;9106;4857;3382;8261";4825 - Aşağıdaki lisans programlarından birinden mezun olmak. | 5135 - Ziraat Mühendisliği | 4831 - Aşağıdaki lisans programlarından birinden mezun olmak. | 3202 - Hayvansal Üretim | 8258 - Süt Teknolojisi | 8289 - Zootekni / Zooteknik | 4845 - Aşağıdaki lisans programlarından birinden mezun olmak. | 3385 - Tarla Bitkileri | 3386 - Toprak | 4212 - Bahçe ve Tarla Bitkileri | 6131 - Bitkisel Üretim | 8147 - Bahçe Bitkileri | 8158 - Bitki Koruma | 9048 - Toprak Bilimi ve Bitki Besleme | 9269 - Bitkisel Üretim ve Teknolojileri | 4846 - Aşağıdaki lisans programlarından birinden mezun olmak. | 9114 - Biyosistem Mühendisliği | 4853 - Aşağıdaki lisans programlarından birinden mezun olmak. | 3325 - Tarım Teknolojisi | 3383 - Tarım Makineleri | 3384 - Tarımsal Yapılar ve Sulama | 8221 - Kültürteknik | 8263 - Tarımsal Mekanizasyon | 4854 - Aşağıdaki lisans programlarından birinden mezun olmak. | 9106 - Tarımsal Biyoteknoloji | 4857 - Aşağıdaki lisans programlarından birinden mezun olmak. | 3382 - Tarım Ekonomisi | 8261 - Tarım İşletmeciliği;5293f06c-c25b-eb11-80fa-a0369f7d1484
2020;72;390181221;Tarım ve Orman Bakanlığı Muş İl Müdürlüğü Bulanık İlçe Müdürlüğü;Mühendis (Ziraat);Muş;Lisans;9;1;;;"4825;5135;4831;3202;8258;8289;4845;3385;3386;4212;6131;8147;8158;9048;9269;4846;9114;4853;3325;3383;3384;8221;8263;4854;9106;4857;3382;8261";4825 - Aşağıdaki lisans programlarından birinden mezun olmak. | 5135 - Ziraat Mühendisliği | 4831 - Aşağıdaki lisans programlarından birinden mezun olmak. | 3202 - Hayvansal Üretim | 8258 - Süt Teknolojisi | 8289 - Zootekni / Zooteknik | 4845 - Aşağıdaki lisans programlarından birinden mezun olmak. | 3385 - Tarla Bitkileri | 3386 - Toprak | 4212 - Bahçe ve Tarla Bitkileri | 6131 - Bitkisel Üretim | 8147 - Bahçe Bitkileri | 8158 - Bitki Koruma | 9048 - Toprak Bilimi ve Bitki Besleme | 9269 - Bitkisel Üretim ve Teknolojileri | 4846 - Aşağıdaki lisans programlarından birinden mezun olmak. | 9114 - Biyosistem Mühendisliği | 4853 - Aşağıdaki lisans programlarından birinden mezun olmak. | 3325 - Tarım Teknolojisi | 3383 - Tarım Makineleri | 3384 - Tarımsal Yapılar ve Sulama | 8221 - Kültürteknik | 8263 - Tarımsal Mekanizasyon | 4854 - Aşağıdaki lisans programlarından birinden mezun olmak. | 9106 - Tarımsal Biyoteknoloji | 4857 - Aşağıdaki lisans programlarından birinden mezun olmak. | 3382 - Tarım Ekonomisi | 8261 - Tarım İşletmeciliği;5393f06c-c25b-eb11-80fa-a0369f7d1484
2020;72;390181835;Tarım ve Orman Bakanlığı Muş İl Müdürlüğü Bulanık İlçe Müdürlüğü;Veteriner Hekim;Muş;Lisans;8;0;;;"4607;6373";4607 - Aşağıdaki lisans programlarından birinden mezun olmak. | 6373 - Veteriner;6093f06c-c25b-eb11-80fa-a0369f7d1484
2020;72;390181222;Tarım ve Orman Bakanlığı Muş İl Müdürlüğü Çayır, Mera ve Yem Bitkileri Şube Müdürlüğü;Mühendis (Ziraat);Muş;Lisans;2;0;;;"4825;5135;4831;3202;8258;8289;4845;3385;3386;4212;6131;8147;8158;9048;9269;4846;9114;4853;3325;3383;3384;8221;8263;4854;9106;4857;3382;8261";4825 - Aşağıdaki lisans programlarından birinden mezun olmak. | 5135 - Ziraat Mühendisliği | 4831 - Aşağıdaki lisans programlarından birinden mezun olmak. | 3202 - Hayvansal Üretim | 8258 - Süt Teknolojisi | 8289 - Zootekni / Zooteknik | 4845 - Aşağıdaki lisans programlarından birinden mezun olmak. | 3385 - Tarla Bitkileri | 3386 - Toprak | 4212 - Bahçe ve Tarla Bitkileri | 6131 - Bitkisel Üretim | 8147 - Bahçe Bitkileri | 8158 - Bitki Koruma | 9048 - Toprak Bilimi ve Bitki Besleme | 9269 - Bitkisel Üretim ve Teknolojileri | 4846 - Aşağıdaki lisans programlarından birinden mezun olmak. | 9114 - Biyosistem Mühendisliği | 4853 - Aşağıdaki lisans programlarından birinden mezun olmak. | 3325 - Tarım Teknolojisi | 3383 - Tarım Makineleri | 3384 - Tarımsal Yapılar ve Sulama | 8221 - Kültürteknik | 8263 - Tarımsal Mekanizasyon | 4854 - Aşağıdaki lisans programlarından birinden mezun olmak. | 9106 - Tarımsal Biyoteknoloji | 4857 - Aşağıdaki lisans programlarından birinden mezun olmak. | 3382 - Tarım Ekonomisi | 8261 - Tarım İşletmeciliği;5493f06c-c25b-eb11-80fa-a0369f7d1484
2020;72;390181223;Tarım ve Orman Bakanlığı Muş İl Müdürlüğü Hasköy İlçe Müdürlüğü;Mühendis (Ziraat);Muş;Lisans;1;0;;;"4825;5135;4831;3202;8258;8289;4845;3385;3386;4212;6131;8147;8158;9048;9269;4846;9114;4853;3325;3383;3384;8221;8263;4854;9106;4857;3382;8261";4825 - Aşağıdaki lisans programlarından birinden mezun olmak. | 5135 - Ziraat Mühendisliği | 4831 - Aşağıdaki lisans programlarından birinden mezun olmak. | 3202 - Hayvansal Üretim | 8258 - Süt Teknolojisi | 8289 - Zootekni / Zooteknik | 4845 - Aşağıdaki lisans programlarından birinden mezun olmak. | 3385 - Tarla Bitkileri | 3386 - Toprak | 4212 - Bahçe ve Tarla Bitkileri | 6131 - Bitkisel Üretim | 8147 - Bahçe Bitkileri | 8158 - Bitki Koruma | 9048 - Toprak Bilimi ve Bitki Besleme | 9269 - Bitkisel Üretim ve Teknolojileri | 4846 - Aşağıdaki lisans programlarından birinden mezun olmak. | 9114 - Biyosistem Mühendisliği | 4853 - Aşağıdaki lisans programlarından birinden mezun olmak. | 3325 - Tarım Teknolojisi | 3383 - Tarım Makineleri | 3384 - Tarımsal Yapılar ve Sulama | 8221 - Kültürteknik | 8263 - Tarımsal Mekanizasyon | 4854 - Aşağıdaki lisans programlarından birinden mezun olmak. | 9106 - Tarımsal Biyoteknoloji | 4857 - Aşağıdaki lisans programlarından birinden mezun olmak. | 3382 - Tarım Ekonomisi | 8261 - Tarım İşletmeciliği;5593f06c-c25b-eb11-80fa-a0369f7d1484
2020;72;390181836;Tarım ve Orman Bakanlığı Muş İl Müdürlüğü Hasköy İlçe Müdürlüğü;Veteriner Hekim;Muş;Lisans;4;0;;;"4607;6373";4607 - Aşağıdaki lisans programlarından birinden mezun olmak. | 6373 - Veteriner;6193f06c-c25b-eb11-80fa-a0369f7d1484
2020;72;390181837;Tarım ve Orman Bakanlığı Muş İl Müdürlüğü Hayvan Sağlığı,Yetiştiriciliği ve Su Ürünleri Şube Müdürlüğü;Veteriner Hekim;Muş;Lisans;3;0;;;"4607;6373";4607 - Aşağıdaki lisans programlarından birinden mezun olmak. | 6373 - Veteriner;6293f06c-c25b-eb11-80fa-a0369f7d1484
2020;72;390181224;Tarım ve Orman Bakanlığı Muş İl Müdürlüğü Kırsal Kalkınma ve Örgütlenme Şube Müdürlüğü;Mühendis (Ziraat);Muş;Lisans;1;0;;;"4825;5135;4831;3202;8258;8289;4845;3385;3386;4212;6131;8147;8158;9048;9269;4846;9114;4853;3325;3383;3384;8221;8263;4854;9106;4857;3382;8261";4825 - Aşağıdaki lisans programlarından birinden mezun olmak. | 5135 - Ziraat Mühendisliği | 4831 - Aşağıdaki lisans programlarından birinden mezun olmak. | 3202 - Hayvansal Üretim | 8258 - Süt Teknolojisi | 8289 - Zootekni / Zooteknik | 4845 - Aşağıdaki lisans programlarından birinden mezun olmak. | 3385 - Tarla Bitkileri | 3386 - Toprak | 4212 - Bahçe ve Tarla Bitkileri | 6131 - Bitkisel Üretim | 8147 - Bahçe Bitkileri | 8158 - Bitki Koruma | 9048 - Toprak Bilimi ve Bitki Besleme | 9269 - Bitkisel Üretim ve Teknolojileri | 4846 - Aşağıdaki lisans programlarından birinden mezun olmak. | 9114 - Biyosistem Mühendisliği | 4853 - Aşağıdaki lisans programlarından birinden mezun olmak. | 3325 - Tarım Teknolojisi | 3383 - Tarım Makineleri | 3384 - Tarımsal Yapılar ve Sulama | 8221 - Kültürteknik | 8263 - Tarımsal Mekanizasyon | 4854 - Aşağıdaki lisans programlarından birinden mezun olmak. | 9106 - Tarımsal Biyoteknoloji | 4857 - Aşağıdaki lisans programlarından birinden mezun olmak. | 3382 - Tarım Ekonomisi | 8261 - Tarım İşletmeciliği;5693f06c-c25b-eb11-80fa-a0369f7d1484
2020;72;390181225;Tarım ve Orman Bakanlığı Muş İl Müdürlüğü Korkut İlçe Müdürlüğü;Mühendis (Ziraat);Muş;Lisans;4;0;;;"4825;5135;4831;3202;8258;8289;4845;3385;3386;4212;6131;8147;8158;9048;9269;4846;9114;4853;3325;3383;3384;8221;8263;4854;9106;4857;3382;8261";4825 - Aşağıdaki lisans programlarından birinden mezun olmak. | 5135 - Ziraat Mühendisliği | 4831 - Aşağıdaki lisans programlarından birinden mezun olmak. | 3202 - Hayvansal Üretim | 8258 - Süt Teknolojisi | 8289 - Zootekni / Zooteknik | 4845 - Aşağıdaki lisans programlarından birinden mezun olmak. | 3385 - Tarla Bitkileri | 3386 - Toprak | 4212 - Bahçe ve Tarla Bitkileri | 6131 - Bitkisel Üretim | 8147 - Bahçe Bitkileri | 8158 - Bitki Koruma | 9048 - Toprak Bilimi ve Bitki Besleme | 9269 - Bitkisel Üretim ve Teknolojileri | 4846 - Aşağıdaki lisans programlarından birinden mezun olmak. | 9114 - Biyosistem Mühendisliği | 4853 - Aşağıdaki lisans programlarından birinden mezun olmak. | 3325 - Tarım Teknolojisi | 3383 - Tarım Makineleri | 3384 - Tarımsal Yapılar ve Sulama | 8221 - Kültürteknik | 8263 - Tarımsal Mekanizasyon | 4854 - Aşağıdaki lisans programlarından birinden mezun olmak. | 9106 - Tarımsal Biyoteknoloji | 4857 - Aşağıdaki lisans programlarından birinden mezun olmak. | 3382 - Tarım Ekonomisi | 8261 - Tarım İşletmeciliği;5793f06c-c25b-eb11-80fa-a0369f7d1484
2020;72;390181838;Tarım ve Orman Bakanlığı Muş İl Müdürlüğü Korkut İlçe Müdürlüğü;Veteriner Hekim;Muş;Lisans;2;0;;;"4607;6373";4607 - Aşağıdaki lisans programlarından birinden mezun olmak. | 6373 - Veteriner;6393f06c-c25b-eb11-80fa-a0369f7d1484
2020;72;390181226;Tarım ve Orman Bakanlığı Muş İl Müdürlüğü Malazgirt İlçe Müdürlüğü;Mühendis (Ziraat);Muş;Lisans;10;3;;;"4825;5135;4831;3202;8258;8289;4845;3385;3386;4212;6131;8147;8158;9048;9269;4846;9114;4853;3325;3383;3384;8221;8263;4854;9106;4857;3382;8261";4825 - Aşağıdaki lisans programlarından birinden mezun olmak. | 5135 - Ziraat Mühendisliği | 4831 - Aşağıdaki lisans programlarından birinden mezun olmak. | 3202 - Hayvansal Üretim | 8258 - Süt Teknolojisi | 8289 - Zootekni / Zooteknik | 4845 - Aşağıdaki lisans programlarından birinden mezun olmak. | 3385 - Tarla Bitkileri | 3386 - Toprak | 4212 - Bahçe ve Tarla Bitkileri | 6131 - Bitkisel Üretim | 8147 - Bahçe Bitkileri | 8158 - Bitki Koruma | 9048 - Toprak Bilimi ve Bitki Besleme | 9269 - Bitkisel Üretim ve Teknolojileri | 4846 - Aşağıdaki lisans programlarından birinden mezun olmak. | 9114 - Biyosistem Mühendisliği | 4853 - Aşağıdaki lisans programlarından birinden mezun olmak. | 3325 - Tarım Teknolojisi | 3383 - Tarım Makineleri | 3384 - Tarımsal Yapılar ve Sulama | 8221 - Kültürteknik | 8263 - Tarımsal Mekanizasyon | 4854 - Aşağıdaki lisans programlarından birinden mezun olmak. | 9106 - Tarımsal Biyoteknoloji | 4857 - Aşağıdaki lisans programlarından birinden mezun olmak. | 3382 - Tarım Ekonomisi | 8261 - Tarım İşletmeciliği;5893f06c-c25b-eb11-80fa-a0369f7d1484
2020;72;390181485;Tarım ve Orman Bakanlığı Muş İl Müdürlüğü Malazgirt İlçe Müdürlüğü;Mühendis (Gıda);Muş;Lisans;1;0;;;"4799;3191";4799 - Aşağıdaki lisans programlarından birinden mezun olmak. | 3191 - Gıda Mühendisliği;5193f06c-c25b-eb11-80fa-a0369f7d1484
2020;72;390181839;Tarım ve Orman Bakanlığı Muş İl Müdürlüğü Malazgirt İlçe Müdürlüğü;Veteriner Hekim;Muş;Lisans;12;0;;;"4607;6373";4607 - Aşağıdaki lisans programlarından birinden mezun olmak. | 6373 - Veteriner;6493f06c-c25b-eb11-80fa-a0369f7d1484
2020;72;390181227;Tarım ve Orman Bakanlığı Muş İl Müdürlüğü Varto İlçe Müdürlüğü;Mühendis (Ziraat);Muş;Lisans;6;1;;;"4825;5135;4831;3202;8258;8289;4845;3385;3386;4212;6131;8147;8158;9048;9269;4846;9114;4853;3325;3383;3384;8221;8263;4854;9106;4857;3382;8261";4825 - Aşağıdaki lisans programlarından birinden mezun olmak. | 5135 - Ziraat Mühendisliği | 4831 - Aşağıdaki lisans programlarından birinden mezun olmak. | 3202 - Hayvansal Üretim | 8258 - Süt Teknolojisi | 8289 - Zootekni / Zooteknik | 4845 - Aşağıdaki lisans programlarından birinden mezun olmak. | 3385 - Tarla Bitkileri | 3386 - Toprak | 4212 - Bahçe ve Tarla Bitkileri | 6131 - Bitkisel Üretim | 8147 - Bahçe Bitkileri | 8158 - Bitki Koruma | 9048 - Toprak Bilimi ve Bitki Besleme | 9269 - Bitkisel Üretim ve Teknolojileri | 4846 - Aşağıdaki lisans programlarından birinden mezun olmak. | 9114 - Biyosistem Mühendisliği | 4853 - Aşağıdaki lisans programlarından birinden mezun olmak. | 3325 - Tarım Teknolojisi | 3383 - Tarım Makineleri | 3384 - Tarımsal Yapılar ve Sulama | 8221 - Kültürteknik | 8263 - Tarımsal Mekanizasyon | 4854 - Aşağıdaki lisans programlarından birinden mezun olmak. | 9106 - Tarımsal Biyoteknoloji | 4857 - Aşağıdaki lisans programlarından birinden mezun olmak. | 3382 - Tarım Ekonomisi | 8261 - Tarım İşletmeciliği;5993f06c-c25b-eb11-80fa-a0369f7d1484
2020;72;390181840;Tarım ve Orman Bakanlığı Muş İl Müdürlüğü Varto İlçe Müdürlüğü;Veteriner Hekim;Muş;Lisans;7;0;;;"4607;6373";4607 - Aşağıdaki lisans programlarından birinden mezun olmak. | 6373 - Veteriner;6593f06c-c25b-eb11-80fa-a0369f7d1484
2020;72;390181841;Tarım ve Orman Bakanlığı Nevşehir İl Müdürlüğü Acıgöl İlçe Müdürlüğü;Veteriner Hekim;Nevşehir;Lisans;1;0;;;"4607;6373";4607 - Aşağıdaki lisans programlarından birinden mezun olmak. | 6373 - Veteriner;6693f06c-c25b-eb11-80fa-a0369f7d1484
2020;72;390181842;Tarım ve Orman Bakanlığı Nevşehir İl Müdürlüğü Avanos İlçe Müdürlüğü;Veteriner Hekim;Nevşehir;Lisans;1;0;;;"4607;6373";4607 - Aşağıdaki lisans programlarından birinden mezun olmak. | 6373 - Veteriner;6793f06c-c25b-eb11-80fa-a0369f7d1484
2020;72;390181604;Tarım ve Orman Bakanlığı Nevşehir İl Müdürlüğü Gülşehir İlçe Müdürlüğü;Mühendis (Su Ürünleri);Nevşehir;Lisans;1;1;;;"4819;3202;3320;8337";4819 - Aşağıdaki lisans programlarından birinden mezun olmak. | 3202 - Hayvansal Üretim | 3320 - Su Ürünleri | 8337 - Su Ürünleri Mühendisliği;6893f06c-c25b-eb11-80fa-a0369f7d1484
2020;72;390181228;Tarım ve Orman Bakanlığı Nevşehir İl Müdürlüğü Hacıbektaş İlçe Müdürlüğü;Mühendis (Ziraat);Nevşehir;Lisans;1;2;;;"4825;5135;4831;3202;8258;8289;4845;3385;3386;4212;6131;8147;8158;9048;9269;4846;9114;4853;3325;3383;3384;8221;8263;4854;9106;4857;3382;8261";4825 - Aşağıdaki lisans programlarından birinden mezun olmak. | 5135 - Ziraat Mühendisliği | 4831 - Aşağıdaki lisans programlarından birinden mezun olmak. | 3202 - Hayvansal Üretim | 8258 - Süt Teknolojisi | 8289 - Zootekni / Zooteknik | 4845 - Aşağıdaki lisans programlarından birinden mezun olmak. | 3385 - Tarla Bitkileri | 3386 - Toprak | 4212 - Bahçe ve Tarla Bitkileri | 6131 - Bitkisel Üretim | 8147 - Bahçe Bitkileri | 8158 - Bitki Koruma | 9048 - Toprak Bilimi ve Bitki Besleme | 9269 - Bitkisel Üretim ve Teknolojileri | 4846 - Aşağıdaki lisans programlarından birinden mezun olmak. | 9114 - Biyosistem Mühendisliği | 4853 - Aşağıdaki lisans programlarından birinden mezun olmak. | 3325 - Tarım Teknolojisi | 3383 - Tarım Makineleri | 3384 - Tarımsal Yapılar ve Sulama | 8221 - Kültürteknik | 8263 - Tarımsal Mekanizasyon | 4854 - Aşağıdaki lisans programlarından birinden mezun olmak. | 9106 - Tarımsal Biyoteknoloji | 4857 - Aşağıdaki lisans programlarından birinden mezun olmak. | 3382 - Tarım Ekonomisi | 8261 - Tarım İşletmeciliği;6993f06c-c25b-eb11-80fa-a0369f7d1484
2020;72;390181229;Tarım ve Orman Bakanlığı Nevşehir İl Müdürlüğü Kozaklı İlçe Müdürlüğü;Mühendis (Ziraat);Nevşehir;Lisans;2;0;;;"4825;5135;4831;3202;8258;8289;4845;3385;3386;4212;6131;8147;8158;9048;9269;4846;9114;4853;3325;3383;3384;8221;8263;4854;9106;4857;3382;8261";4825 - Aşağıdaki lisans programlarından birinden mezun olmak. | 5135 - Ziraat Mühendisliği | 4831 - Aşağıdaki lisans programlarından birinden mezun olmak. | 3202 - Hayvansal Üretim | 8258 - Süt Teknolojisi | 8289 - Zootekni / Zooteknik | 4845 - Aşağıdaki lisans programlarından birinden mezun olmak. | 3385 - Tarla Bitkileri | 3386 - Toprak | 4212 - Bahçe ve Tarla Bitkileri | 6131 - Bitkisel Üretim | 8147 - Bahçe Bitkileri | 8158 - Bitki Koruma | 9048 - Toprak Bilimi ve Bitki Besleme | 9269 - Bitkisel Üretim ve Teknolojileri | 4846 - Aşağıdaki lisans programlarından birinden mezun olmak. | 9114 - Biyosistem Mühendisliği | 4853 - Aşağıdaki lisans programlarından birinden mezun olmak. | 3325 - Tarım Teknolojisi | 3383 - Tarım Makineleri | 3384 - Tarımsal Yapılar ve Sulama | 8221 - Kültürteknik | 8263 - Tarımsal Mekanizasyon | 4854 - Aşağıdaki lisans programlarından birinden mezun olmak. | 9106 - Tarımsal Biyoteknoloji | 4857 - Aşağıdaki lisans programlarından birinden mezun olmak. | 3382 - Tarım Ekonomisi | 8261 - Tarım İşletmeciliği;6a93f06c-c25b-eb11-80fa-a0369f7d1484
2020;72;390181230;Tarım ve Orman Bakanlığı Niğde İl Müdürlüğü Altunhisar İlçe Müdürlüğü;Mühendis (Ziraat);Niğde;Lisans;2;3;;;"4825;5135;4831;3202;8258;8289;4845;3385;3386;4212;6131;8147;8158;9048;9269;4846;9114;4853;3325;3383;3384;8221;8263;4854;9106;4857;3382;8261";4825 - Aşağıdaki lisans programlarından birinden mezun olmak. | 5135 - Ziraat Mühendisliği | 4831 - Aşağıdaki lisans programlarından birinden mezun olmak. | 3202 - Hayvansal Üretim | 8258 - Süt Teknolojisi | 8289 - Zootekni / Zooteknik | 4845 - Aşağıdaki lisans programlarından birinden mezun olmak. | 3385 - Tarla Bitkileri | 3386 - Toprak | 4212 - Bahçe ve Tarla Bitkileri | 6131 - Bitkisel Üretim | 8147 - Bahçe Bitkileri | 8158 - Bitki Koruma | 9048 - Toprak Bilimi ve Bitki Besleme | 9269 - Bitkisel Üretim ve Teknolojileri | 4846 - Aşağıdaki lisans programlarından birinden mezun olmak. | 9114 - Biyosistem Mühendisliği | 4853 - Aşağıdaki lisans programlarından birinden mezun olmak. | 3325 - Tarım Teknolojisi | 3383 - Tarım Makineleri | 3384 - Tarımsal Yapılar ve Sulama | 8221 - Kültürteknik | 8263 - Tarımsal Mekanizasyon | 4854 - Aşağıdaki lisans programlarından birinden mezun olmak. | 9106 - Tarımsal Biyoteknoloji | 4857 - Aşağıdaki lisans programlarından birinden mezun olmak. | 3382 - Tarım Ekonomisi | 8261 - Tarım İşletmeciliği;6b93f06c-c25b-eb11-80fa-a0369f7d1484
2020;72;390181231;Tarım ve Orman Bakanlığı Niğde İl Müdürlüğü Çamardı İlçe Müdürlüğü;Mühendis (Ziraat);Niğde;Lisans;1;1;;;"4825;5135;4831;3202;8258;8289;4845;3385;3386;4212;6131;8147;8158;9048;9269;4846;9114;4853;3325;3383;3384;8221;8263;4854;9106;4857;3382;8261";4825 - Aşağıdaki lisans programlarından birinden mezun olmak. | 5135 - Ziraat Mühendisliği | 4831 - Aşağıdaki lisans programlarından birinden mezun olmak. | 3202 - Hayvansal Üretim | 8258 - Süt Teknolojisi | 8289 - Zootekni / Zooteknik | 4845 - Aşağıdaki lisans programlarından birinden mezun olmak. | 3385 - Tarla Bitkileri | 3386 - Toprak | 4212 - Bahçe ve Tarla Bitkileri | 6131 - Bitkisel Üretim | 8147 - Bahçe Bitkileri | 8158 - Bitki Koruma | 9048 - Toprak Bilimi ve Bitki Besleme | 9269 - Bitkisel Üretim ve Teknolojileri | 4846 - Aşağıdaki lisans programlarından birinden mezun olmak. | 9114 - Biyosistem Mühendisliği | 4853 - Aşağıdaki lisans programlarından birinden mezun olmak. | 3325 - Tarım Teknolojisi | 3383 - Tarım Makineleri | 3384 - Tarımsal Yapılar ve Sulama | 8221 - Kültürteknik | 8263 - Tarımsal Mekanizasyon | 4854 - Aşağıdaki lisans programlarından birinden mezun olmak. | 9106 - Tarımsal Biyoteknoloji | 4857 - Aşağıdaki lisans programlarından birinden mezun olmak. | 3382 - Tarım Ekonomisi | 8261 - Tarım İşletmeciliği;6c93f06c-c25b-eb11-80fa-a0369f7d1484
2020;72;390181605;Tarım ve Orman Bakanlığı Niğde İl Müdürlüğü Çamardı İlçe Müdürlüğü;Mühendis (Su Ürünleri);Niğde;Lisans;1;1;;;"4819;3202;3320;8337";4819 - Aşağıdaki lisans programlarından birinden mezun olmak. | 3202 - Hayvansal Üretim | 3320 - Su Ürünleri | 8337 - Su Ürünleri Mühendisliği;7193f06c-c25b-eb11-80fa-a0369f7d1484
2020;72;390181232;Tarım ve Orman Bakanlığı Niğde İl Müdürlüğü Çiftlik İlçe Müdürlüğü;Mühendis (Ziraat);Niğde;Lisans;1;1;;;"4825;5135;4831;3202;8258;8289;4845;3385;3386;4212;6131;8147;8158;9048;9269;4846;9114;4853;3325;3383;3384;8221;8263;4854;9106;4857;3382;8261";4825 - Aşağıdaki lisans programlarından birinden mezun olmak. | 5135 - Ziraat Mühendisliği | 4831 - Aşağıdaki lisans programlarından birinden mezun olmak. | 3202 - Hayvansal Üretim | 8258 - Süt Teknolojisi | 8289 - Zootekni / Zooteknik | 4845 - Aşağıdaki lisans programlarından birinden mezun olmak. | 3385 - Tarla Bitkileri | 3386 - Toprak | 4212 - Bahçe ve Tarla Bitkileri | 6131 - Bitkisel Üretim | 8147 - Bahçe Bitkileri | 8158 - Bitki Koruma | 9048 - Toprak Bilimi ve Bitki Besleme | 9269 - Bitkisel Üretim ve Teknolojileri | 4846 - Aşağıdaki lisans programlarından birinden mezun olmak. | 9114 - Biyosistem Mühendisliği | 4853 - Aşağıdaki lisans programlarından birinden mezun olmak. | 3325 - Tarım Teknolojisi | 3383 - Tarım Makineleri | 3384 - Tarımsal Yapılar ve Sulama | 8221 - Kültürteknik | 8263 - Tarımsal Mekanizasyon | 4854 - Aşağıdaki lisans programlarından birinden mezun olmak. | 9106 - Tarımsal Biyoteknoloji | 4857 - Aşağıdaki lisans programlarından birinden mezun olmak. | 3382 - Tarım Ekonomisi | 8261 - Tarım İşletmeciliği;6d93f06c-c25b-eb11-80fa-a0369f7d1484
2020;72;390181486;Tarım ve Orman Bakanlığı Niğde İl Müdürlüğü Gıda ve Yem Şube Müdürlüğü;Mühendis (Gıda);Niğde;Lisans;2;1;;;"4799;3191";4799 - Aşağıdaki lisans programlarından birinden mezun olmak. | 3191 - Gıda Mühendisliği;7093f06c-c25b-eb11-80fa-a0369f7d1484
2020;72;390181233;Tarım ve Orman Bakanlığı Niğde İl Müdürlüğü Ulukışla İlçe Müdürlüğü;Mühendis (Ziraat);Niğde;Lisans;1;1;;;"4825;5135;4831;3202;8258;8289;4845;3385;3386;4212;6131;8147;8158;9048;9269;4846;9114;4853;3325;3383;3384;8221;8263;4854;9106;4857;3382;8261";4825 - Aşağıdaki lisans programlarından birinden mezun olmak. | 5135 - Ziraat Mühendisliği | 4831 - Aşağıdaki lisans programlarından birinden mezun olmak. | 3202 - Hayvansal Üretim | 8258 - Süt Teknolojisi | 8289 - Zootekni / Zooteknik | 4845 - Aşağıdaki lisans programlarından birinden mezun olmak. | 3385 - Tarla Bitkileri | 3386 - Toprak | 4212 - Bahçe ve Tarla Bitkileri | 6131 - Bitkisel Üretim | 8147 - Bahçe Bitkileri | 8158 - Bitki Koruma | 9048 - Toprak Bilimi ve Bitki Besleme | 9269 - Bitkisel Üretim ve Teknolojileri | 4846 - Aşağıdaki lisans programlarından birinden mezun olmak. | 9114 - Biyosistem Mühendisliği | 4853 - Aşağıdaki lisans programlarından birinden mezun olmak. | 3325 - Tarım Teknolojisi | 3383 - Tarım Makineleri | 3384 - Tarımsal Yapılar ve Sulama | 8221 - Kültürteknik | 8263 - Tarımsal Mekanizasyon | 4854 - Aşağıdaki lisans programlarından birinden mezun olmak. | 9106 - Tarımsal Biyoteknoloji | 4857 - Aşağıdaki lisans programlarından birinden mezun olmak. | 3382 - Tarım Ekonomisi | 8261 - Tarım İşletmeciliği;6e93f06c-c25b-eb11-80fa-a0369f7d1484
2020;72;390181487;Tarım ve Orman Bakanlığı Ordu Gıda Kontrol Laboratuvar Müdürlüğü;Mühendis (Gıda);Ordu;Lisans;2;1;;;"4799;3191";4799 - Aşağıdaki lisans programlarından birinden mezun olmak. | 3191 - Gıda Mühendisliği;7c93f06c-c25b-eb11-80fa-a0369f7d1484
2020;72;390181235;Tarım ve Orman Bakanlığı Ordu İl Müdürlüğü Akkuş İlçe Müdürlüğü;Mühendis (Ziraat);Ordu;Lisans;1;2;;;"4825;5135;4831;3202;8258;8289;4845;3385;3386;4212;6131;8147;8158;9048;9269;4846;9114;4853;3325;3383;3384;8221;8263;4854;9106;4857;3382;8261";4825 - Aşağıdaki lisans programlarından birinden mezun olmak. | 5135 - Ziraat Mühendisliği | 4831 - Aşağıdaki lisans programlarından birinden mezun olmak. | 3202 - Hayvansal Üretim | 8258 - Süt Teknolojisi | 8289 - Zootekni / Zooteknik | 4845 - Aşağıdaki lisans programlarından birinden mezun olmak. | 3385 - Tarla Bitkileri | 3386 - Toprak | 4212 - Bahçe ve Tarla Bitkileri | 6131 - Bitkisel Üretim | 8147 - Bahçe Bitkileri | 8158 - Bitki Koruma | 9048 - Toprak Bilimi ve Bitki Besleme | 9269 - Bitkisel Üretim ve Teknolojileri | 4846 - Aşağıdaki lisans programlarından birinden mezun olmak. | 9114 - Biyosistem Mühendisliği | 4853 - Aşağıdaki lisans programlarından birinden mezun olmak. | 3325 - Tarım Teknolojisi | 3383 - Tarım Makineleri | 3384 - Tarımsal Yapılar ve Sulama | 8221 - Kültürteknik | 8263 - Tarımsal Mekanizasyon | 4854 - Aşağıdaki lisans programlarından birinden mezun olmak. | 9106 - Tarımsal Biyoteknoloji | 4857 - Aşağıdaki lisans programlarından birinden mezun olmak. | 3382 - Tarım Ekonomisi | 8261 - Tarım İşletmeciliği;8293f06c-c25b-eb11-80fa-a0369f7d1484
2020;72;390181488;Tarım ve Orman Bakanlığı Ordu İl Müdürlüğü Altınordu İlçe Müdürlüğü;Mühendis (Gıda);Ordu;Lisans;4;0;;;"4799;3191";4799 - Aşağıdaki lisans programlarından birinden mezun olmak. | 3191 - Gıda Mühendisliği;7d93f06c-c25b-eb11-80fa-a0369f7d1484
2020;72;390181606;Tarım ve Orman Bakanlığı Ordu İl Müdürlüğü Balıkçılık ve Su Ürünleri Şube Müdürlüğü;Mühendis (Su Ürünleri);Ordu;Lisans;2;1;;;"4819;3202;3320;8337";4819 - Aşağıdaki lisans programlarından birinden mezun olmak. | 3202 - Hayvansal Üretim | 3320 - Su Ürünleri | 8337 - Su Ürünleri Mühendisliği;7293f06c-c25b-eb11-80fa-a0369f7d1484
2020;72;390181607;Tarım ve Orman Bakanlığı Ordu İl Müdürlüğü Çaybaşı İlçe Müdürlüğü;Mühendis (Su Ürünleri);Ordu;Lisans;1;1;;;"4819;3202;3320;8337";4819 - Aşağıdaki lisans programlarından birinden mezun olmak. | 3202 - Hayvansal Üretim | 3320 - Su Ürünleri | 8337 - Su Ürünleri Mühendisliği;7393f06c-c25b-eb11-80fa-a0369f7d1484
2020;72;390181489;Tarım ve Orman Bakanlığı Ordu İl Müdürlüğü Gıda ve Yem Şube Müdürlüğü;Mühendis (Gıda);Ordu;Lisans;4;0;;;"4799;3191";4799 - Aşağıdaki lisans programlarından birinden mezun olmak. | 3191 - Gıda Mühendisliği;7e93f06c-c25b-eb11-80fa-a0369f7d1484
2020;72;390181236;Tarım ve Orman Bakanlığı Ordu İl Müdürlüğü Gölköy İlçe Müdürlüğü;Mühendis (Ziraat);Ordu;Lisans;1;1;;;"4825;5135;4831;3202;8258;8289;4845;3385;3386;4212;6131;8147;8158;9048;9269;4846;9114;4853;3325;3383;3384;8221;8263;4854;9106;4857;3382;8261";4825 - Aşağıdaki lisans programlarından birinden mezun olmak. | 5135 - Ziraat Mühendisliği | 4831 - Aşağıdaki lisans programlarından birinden mezun olmak. | 3202 - Hayvansal Üretim | 8258 - Süt Teknolojisi | 8289 - Zootekni / Zooteknik | 4845 - Aşağıdaki lisans programlarından birinden mezun olmak. | 3385 - Tarla Bitkileri | 3386 - Toprak | 4212 - Bahçe ve Tarla Bitkileri | 6131 - Bitkisel Üretim | 8147 - Bahçe Bitkileri | 8158 - Bitki Koruma | 9048 - Toprak Bilimi ve Bitki Besleme | 9269 - Bitkisel Üretim ve Teknolojileri | 4846 - Aşağıdaki lisans programlarından birinden mezun olmak. | 9114 - Biyosistem Mühendisliği | 4853 - Aşağıdaki lisans programlarından birinden mezun olmak. | 3325 - Tarım Teknolojisi | 3383 - Tarım Makineleri | 3384 - Tarımsal Yapılar ve Sulama | 8221 - Kültürteknik | 8263 - Tarımsal Mekanizasyon | 4854 - Aşağıdaki lisans programlarından birinden mezun olmak. | 9106 - Tarımsal Biyoteknoloji | 4857 - Aşağıdaki lisans programlarından birinden mezun olmak. | 3382 - Tarım Ekonomisi | 8261 - Tarım İşletmeciliği;8393f06c-c25b-eb11-80fa-a0369f7d1484
2020;72;390181490;Tarım ve Orman Bakanlığı Ordu İl Müdürlüğü Gölköy İlçe Müdürlüğü;Mühendis (Gıda);Ordu;Lisans;1;0;;;"4799;3191";4799 - Aşağıdaki lisans programlarından birinden mezun olmak. | 3191 - Gıda Mühendisliği;7f93f06c-c25b-eb11-80fa-a0369f7d1484
2020;72;390181608;Tarım ve Orman Bakanlığı Ordu İl Müdürlüğü Gülyalı İlçe Müdürlüğü;Mühendis (Su Ürünleri);Ordu;Lisans;1;1;;;"4819;3202;3320;8337";4819 - Aşağıdaki lisans programlarından birinden mezun olmak. | 3202 - Hayvansal Üretim | 3320 - Su Ürünleri | 8337 - Su Ürünleri Mühendisliği;7493f06c-c25b-eb11-80fa-a0369f7d1484
2020;72;390181237;Tarım ve Orman Bakanlığı Ordu İl Müdürlüğü Gürgentepe İlçe Müdürlüğü;Mühendis (Ziraat);Ordu;Lisans;1;1;;;"4825;5135;4831;3202;8258;8289;4845;3385;3386;4212;6131;8147;8158;9048;9269;4846;9114;4853;3325;3383;3384;8221;8263;4854;9106;4857;3382;8261";4825 - Aşağıdaki lisans programlarından birinden mezun olmak. | 5135 - Ziraat Mühendisliği | 4831 - Aşağıdaki lisans programlarından birinden mezun olmak. | 3202 - Hayvansal Üretim | 8258 - Süt Teknolojisi | 8289 - Zootekni / Zooteknik | 4845 - Aşağıdaki lisans programlarından birinden mezun olmak. | 3385 - Tarla Bitkileri | 3386 - Toprak | 4212 - Bahçe ve Tarla Bitkileri | 6131 - Bitkisel Üretim | 8147 - Bahçe Bitkileri | 8158 - Bitki Koruma | 9048 - Toprak Bilimi ve Bitki Besleme | 9269 - Bitkisel Üretim ve Teknolojileri | 4846 - Aşağıdaki lisans programlarından birinden mezun olmak. | 9114 - Biyosistem Mühendisliği | 4853 - Aşağıdaki lisans programlarından birinden mezun olmak. | 3325 - Tarım Teknolojisi | 3383 - Tarım Makineleri | 3384 - Tarımsal Yapılar ve Sulama | 8221 - Kültürteknik | 8263 - Tarımsal Mekanizasyon | 4854 - Aşağıdaki lisans programlarından birinden mezun olmak. | 9106 - Tarımsal Biyoteknoloji | 4857 - Aşağıdaki lisans programlarından birinden mezun olmak. | 3382 - Tarım Ekonomisi | 8261 - Tarım İşletmeciliği;8493f06c-c25b-eb11-80fa-a0369f7d1484
2020;72;390181843;Tarım ve Orman Bakanlığı Ordu İl Müdürlüğü Gürgentepe İlçe Müdürlüğü;Veteriner Hekim;Ordu;Lisans;1;0;;;"4607;6373";4607 - Aşağıdaki lisans programlarından birinden mezun olmak. | 6373 - Veteriner;7793f06c-c25b-eb11-80fa-a0369f7d1484
2020;72;390181609;Tarım ve Orman Bakanlığı Ordu İl Müdürlüğü Kabadüz İlçe Müdürlüğü;Mühendis (Su Ürünleri);Ordu;Lisans;1;1;;;"4819;3202;3320;8337";4819 - Aşağıdaki lisans programlarından birinden mezun olmak. | 3202 - Hayvansal Üretim | 3320 - Su Ürünleri | 8337 - Su Ürünleri Mühendisliği;7593f06c-c25b-eb11-80fa-a0369f7d1484
2020;72;390181844;Tarım ve Orman Bakanlığı Ordu İl Müdürlüğü Kabataş İlçe Müdürlüğü;Veteriner Hekim;Ordu;Lisans;1;0;;;"4607;6373";4607 - Aşağıdaki lisans programlarından birinden mezun olmak. | 6373 - Veteriner;7893f06c-c25b-eb11-80fa-a0369f7d1484
2020;72;390181491;Tarım ve Orman Bakanlığı Ordu İl Müdürlüğü Korgan İlçe Müdürlüğü;Mühendis (Gıda);Ordu;Lisans;1;0;;;"4799;3191";4799 - Aşağıdaki lisans programlarından birinden mezun olmak. | 3191 - Gıda Mühendisliği;8093f06c-c25b-eb11-80fa-a0369f7d1484
2020;72;390181610;Tarım ve Orman Bakanlığı Ordu İl Müdürlüğü Korgan İlçe Müdürlüğü;Mühendis (Su Ürünleri);Ordu;Lisans;1;0;;;"4819;3202;3320;8337";4819 - Aşağıdaki lisans programlarından birinden mezun olmak. | 3202 - Hayvansal Üretim | 3320 - Su Ürünleri | 8337 - Su Ürünleri Mühendisliği;7693f06c-c25b-eb11-80fa-a0369f7d1484
2020;72;390181845;Tarım ve Orman Bakanlığı Ordu İl Müdürlüğü Korgan İlçe Müdürlüğü;Veteriner Hekim;Ordu;Lisans;1;0;;;"4607;6373";4607 - Aşağıdaki lisans programlarından birinden mezun olmak. | 6373 - Veteriner;7993f06c-c25b-eb11-80fa-a0369f7d1484
2020;72;390181492;Tarım ve Orman Bakanlığı Ordu İl Müdürlüğü Kumru İlçe Müdürlüğü;Mühendis (Gıda);Ordu;Lisans;1;0;;;"4799;3191";4799 - Aşağıdaki lisans programlarından birinden mezun olmak. | 3191 - Gıda Mühendisliği;8193f06c-c25b-eb11-80fa-a0369f7d1484
2020;72;390181846;Tarım ve Orman Bakanlığı Ordu İl Müdürlüğü Kumru İlçe Müdürlüğü;Veteriner Hekim;Ordu;Lisans;2;0;;;"4607;6373";4607 - Aşağıdaki lisans programlarından birinden mezun olmak. | 6373 - Veteriner;7a93f06c-c25b-eb11-80fa-a0369f7d1484
2020;72;390181238;Tarım ve Orman Bakanlığı Ordu İl Müdürlüğü Mesudiye İlçe Müdürlüğü;Mühendis (Ziraat);Ordu;Lisans;1;0;;;"4825;5135;4831;3202;8258;8289;4845;3385;3386;4212;6131;8147;8158;9048;9269;4846;9114;4853;3325;3383;3384;8221;8263;4854;9106;4857;3382;8261";4825 - Aşağıdaki lisans programlarından birinden mezun olmak. | 5135 - Ziraat Mühendisliği | 4831 - Aşağıdaki lisans programlarından birinden mezun olmak. | 3202 - Hayvansal Üretim | 8258 - Süt Teknolojisi | 8289 - Zootekni / Zooteknik | 4845 - Aşağıdaki lisans programlarından birinden mezun olmak. | 3385 - Tarla Bitkileri | 3386 - Toprak | 4212 - Bahçe ve Tarla Bitkileri | 6131 - Bitkisel Üretim | 8147 - Bahçe Bitkileri | 8158 - Bitki Koruma | 9048 - Toprak Bilimi ve Bitki Besleme | 9269 - Bitkisel Üretim ve Teknolojileri | 4846 - Aşağıdaki lisans programlarından birinden mezun olmak. | 9114 - Biyosistem Mühendisliği | 4853 - Aşağıdaki lisans programlarından birinden mezun olmak. | 3325 - Tarım Teknolojisi | 3383 - Tarım Makineleri | 3384 - Tarımsal Yapılar ve Sulama | 8221 - Kültürteknik | 8263 - Tarımsal Mekanizasyon | 4854 - Aşağıdaki lisans programlarından birinden mezun olmak. | 9106 - Tarımsal Biyoteknoloji | 4857 - Aşağıdaki lisans programlarından birinden mezun olmak. | 3382 - Tarım Ekonomisi | 8261 - Tarım İşletmeciliği;8593f06c-c25b-eb11-80fa-a0369f7d1484
2020;72;390181847;Tarım ve Orman Bakanlığı Ordu İl Müdürlüğü Mesudiye İlçe Müdürlüğü;Veteriner Hekim;Ordu;Lisans;1;0;;;"4607;6373";4607 - Aşağıdaki lisans programlarından birinden mezun olmak. | 6373 - Veteriner;7b93f06c-c25b-eb11-80fa-a0369f7d1484
2020;72;390181234;Tarım ve Orman Bakanlığı Patates Araştırma Enstitüsü Müdürlüğü Niğde;Mühendis (Tarla Bitkileri);Niğde;Lisans;2;0;;;"4845;3385;3386;4212;6131;8147;8158;9048;9269";4845 - Aşağıdaki lisans programlarından birinden mezun olmak. | 3385 - Tarla Bitkileri | 3386 - Toprak | 4212 - Bahçe ve Tarla Bitkileri | 6131 - Bitkisel Üretim | 8147 - Bahçe Bitkileri | 8158 - Bitki Koruma | 9048 - Toprak Bilimi ve Bitki Besleme | 9269 - Bitkisel Üretim ve Teknolojileri;6f93f06c-c25b-eb11-80fa-a0369f7d1484
2020;72;390181644;Tarım ve Orman Bakanlığı Personel Genel Müdürlüğü;Mühendis (Bilgisayar);Ankara;Lisans;4;2;;;"4531;3124;5103;5137;8141;8156;8309";4531 - Aşağıdaki lisans programlarından birinden mezun olmak. | 3124 - Bilgisayar Mühendisliği | 5103 - Bilişim Sistemleri Mühendisliği | 5137 - Bilgisayar Bilimi ve Mühendisliği / Bilgisayar Bilimleri Mühendisliği | 8141 - Kontrol ve Bilgisayar Mühendisliği | 8156 - Bilgisayar ve Enformatik Mühendisliği | 8309 - Bilgisayar Donanımı ve Teknolojisi;1991f06c-c25b-eb11-80fa-a0369f7d1484
2020;72;390181645;Tarım ve Orman Bakanlığı Personel Genel Müdürlüğü;Mühendis (Endüstri);Ankara;Lisans;2;0;;;"4703;3168;8318;9321";4703 - Aşağıdaki lisans programlarından birinden mezun olmak. | 3168 - Endüstri Mühendisliği | 8318 - Endüstri Sistemleri Mühendisliği | 9321 - Endüstri ve Sistem Mühendisliği;1a91f06c-c25b-eb11-80fa-a0369f7d1484
2020;72;390181641;Tarım ve Orman Bakanlığı Rize 12. Bölge Müdürlüğü Rize Şube Müdürlüğü;Mühendis (Orman);Rize;Lisans;1;0;;;"4871;6277";4871 - Aşağıdaki lisans programlarından birinden mezun olmak. | 6277 - Orman Mühendisliği;9f93f06c-c25b-eb11-80fa-a0369f7d1484
2020;72;390181493;Tarım ve Orman Bakanlığı Rize Gıda Kontrol Laboratuvar Müdürlüğü;Mühendis (Gıda);Rize;Lisans;2;0;;;"4799;3191";4799 - Aşağıdaki lisans programlarından birinden mezun olmak. | 3191 - Gıda Mühendisliği;9393f06c-c25b-eb11-80fa-a0369f7d1484
2020;72;390181848;Tarım ve Orman Bakanlığı Rize Gıda Kontrol Laboratuvar Müdürlüğü;Veteriner Hekim;Rize;Lisans;1;0;;;"4607;6373";4607 - Aşağıdaki lisans programlarından birinden mezun olmak. | 6373 - Veteriner;9693f06c-c25b-eb11-80fa-a0369f7d1484
2020;72;390181611;Tarım ve Orman Bakanlığı Rize İl Müdürlüğü Ardeşen İlçe Müdürlüğü;Mühendis (Su Ürünleri);Rize;Lisans;1;0;;;"4819;3202;3320;8337";4819 - Aşağıdaki lisans programlarından birinden mezun olmak. | 3202 - Hayvansal Üretim | 3320 - Su Ürünleri | 8337 - Su Ürünleri Mühendisliği;9b93f06c-c25b-eb11-80fa-a0369f7d1484
2020;72;390181849;Tarım ve Orman Bakanlığı Rize İl Müdürlüğü Ardeşen İlçe Müdürlüğü;Veteriner Hekim;Rize;Lisans;1;0;;;"4607;6373";4607 - Aşağıdaki lisans programlarından birinden mezun olmak. | 6373 - Veteriner;9793f06c-c25b-eb11-80fa-a0369f7d1484
2020;72;390181612;Tarım ve Orman Bakanlığı Rize İl Müdürlüğü Balıkçılık ve Su Ürünleri Şube Müdürlüğü;Mühendis (Su Ürünleri);Rize;Lisans;1;0;;;"4819;3202;3320;8337";4819 - Aşağıdaki lisans programlarından birinden mezun olmak. | 3202 - Hayvansal Üretim | 3320 - Su Ürünleri | 8337 - Su Ürünleri Mühendisliği;9c93f06c-c25b-eb11-80fa-a0369f7d1484
2020;72;390181240;Tarım ve Orman Bakanlığı Rize İl Müdürlüğü Çamlıhemşin İlçe Müdürlüğü;Mühendis (Ziraat);Rize;Lisans;1;0;;;"4825;5135;4831;3202;8258;8289;4845;3385;3386;4212;6131;8147;8158;9048;9269;4846;9114;4853;3325;3383;3384;8221;8263;4854;9106;4857;3382;8261";4825 - Aşağıdaki lisans programlarından birinden mezun olmak. | 5135 - Ziraat Mühendisliği | 4831 - Aşağıdaki lisans programlarından birinden mezun olmak. | 3202 - Hayvansal Üretim | 8258 - Süt Teknolojisi | 8289 - Zootekni / Zooteknik | 4845 - Aşağıdaki lisans programlarından birinden mezun olmak. | 3385 - Tarla Bitkileri | 3386 - Toprak | 4212 - Bahçe ve Tarla Bitkileri | 6131 - Bitkisel Üretim | 8147 - Bahçe Bitkileri | 8158 - Bitki Koruma | 9048 - Toprak Bilimi ve Bitki Besleme | 9269 - Bitkisel Üretim ve Teknolojileri | 4846 - Aşağıdaki lisans programlarından birinden mezun olmak. | 9114 - Biyosistem Mühendisliği | 4853 - Aşağıdaki lisans programlarından birinden mezun olmak. | 3325 - Tarım Teknolojisi | 3383 - Tarım Makineleri | 3384 - Tarımsal Yapılar ve Sulama | 8221 - Kültürteknik | 8263 - Tarımsal Mekanizasyon | 4854 - Aşağıdaki lisans programlarından birinden mezun olmak. | 9106 - Tarımsal Biyoteknoloji | 4857 - Aşağıdaki lisans programlarından birinden mezun olmak. | 3382 - Tarım Ekonomisi | 8261 - Tarım İşletmeciliği;9093f06c-c25b-eb11-80fa-a0369f7d1484
2020;72;390181494;Tarım ve Orman Bakanlığı Rize İl Müdürlüğü Çayeli İlçe Müdürlüğü;Mühendis (Gıda);Rize;Lisans;1;0;;;"4799;3191";4799 - Aşağıdaki lisans programlarından birinden mezun olmak. | 3191 - Gıda Mühendisliği;9493f06c-c25b-eb11-80fa-a0369f7d1484
2020;72;390181495;Tarım ve Orman Bakanlığı Rize İl Müdürlüğü Gıda ve Yem Şube Müdürlüğü;Mühendis (Gıda);Rize;Lisans;3;0;;;"4799;3191";4799 - Aşağıdaki lisans programlarından birinden mezun olmak. | 3191 - Gıda Mühendisliği;9593f06c-c25b-eb11-80fa-a0369f7d1484
2020;72;390181850;Tarım ve Orman Bakanlığı Rize İl Müdürlüğü Gıda ve Yem Şube Müdürlüğü;Veteriner Hekim;Rize;Lisans;1;0;;;"4607;6373";4607 - Aşağıdaki lisans programlarından birinden mezun olmak. | 6373 - Veteriner;9893f06c-c25b-eb11-80fa-a0369f7d1484
2020;72;390181613;Tarım ve Orman Bakanlığı Rize İl Müdürlüğü Güneysu İlçe Müdürlüğü;Mühendis (Su Ürünleri);Rize;Lisans;1;0;;;"4819;3202;3320;8337";4819 - Aşağıdaki lisans programlarından birinden mezun olmak. | 3202 - Hayvansal Üretim | 3320 - Su Ürünleri | 8337 - Su Ürünleri Mühendisliği;9d93f06c-c25b-eb11-80fa-a0369f7d1484
2020;72;390181241;Tarım ve Orman Bakanlığı Rize İl Müdürlüğü Hemşin İlçe Müdürlüğü;Mühendis (Ziraat);Rize;Lisans;1;0;;;"4825;5135;4831;3202;8258;8289;4845;3385;3386;4212;6131;8147;8158;9048;9269;4846;9114;4853;3325;3383;3384;8221;8263;4854;9106;4857;3382;8261";4825 - Aşağıdaki lisans programlarından birinden mezun olmak. | 5135 - Ziraat Mühendisliği | 4831 - Aşağıdaki lisans programlarından birinden mezun olmak. | 3202 - Hayvansal Üretim | 8258 - Süt Teknolojisi | 8289 - Zootekni / Zooteknik | 4845 - Aşağıdaki lisans programlarından birinden mezun olmak. | 3385 - Tarla Bitkileri | 3386 - Toprak | 4212 - Bahçe ve Tarla Bitkileri | 6131 - Bitkisel Üretim | 8147 - Bahçe Bitkileri | 8158 - Bitki Koruma | 9048 - Toprak Bilimi ve Bitki Besleme | 9269 - Bitkisel Üretim ve Teknolojileri | 4846 - Aşağıdaki lisans programlarından birinden mezun olmak. | 9114 - Biyosistem Mühendisliği | 4853 - Aşağıdaki lisans programlarından birinden mezun olmak. | 3325 - Tarım Teknolojisi | 3383 - Tarım Makineleri | 3384 - Tarımsal Yapılar ve Sulama | 8221 - Kültürteknik | 8263 - Tarımsal Mekanizasyon | 4854 - Aşağıdaki lisans programlarından birinden mezun olmak. | 9106 - Tarımsal Biyoteknoloji | 4857 - Aşağıdaki lisans programlarından birinden mezun olmak. | 3382 - Tarım Ekonomisi | 8261 - Tarım İşletmeciliği;9193f06c-c25b-eb11-80fa-a0369f7d1484
2020;72;390181851;Tarım ve Orman Bakanlığı Rize İl Müdürlüğü Hemşin İlçe Müdürlüğü;Veteriner Hekim;Rize;Lisans;1;0;;;"4607;6373";4607 - Aşağıdaki lisans programlarından birinden mezun olmak. | 6373 - Veteriner;9993f06c-c25b-eb11-80fa-a0369f7d1484
2020;72;390181614;Tarım ve Orman Bakanlığı Rize İl Müdürlüğü İkizdere İlçe Müdürlüğü;Mühendis (Su Ürünleri);Rize;Lisans;1;1;;;"4819;3202;3320;8337";4819 - Aşağıdaki lisans programlarından birinden mezun olmak. | 3202 - Hayvansal Üretim | 3320 - Su Ürünleri | 8337 - Su Ürünleri Mühendisliği;9e93f06c-c25b-eb11-80fa-a0369f7d1484
2020;72;390181852;Tarım ve Orman Bakanlığı Rize İl Müdürlüğü İkizdere İlçe Müdürlüğü;Veteriner Hekim;Rize;Lisans;1;0;;;"4607;6373";4607 - Aşağıdaki lisans programlarından birinden mezun olmak. | 6373 - Veteriner;9a93f06c-c25b-eb11-80fa-a0369f7d1484
2020;72;390181242;Tarım ve Orman Bakanlığı Rize İl Müdürlüğü Kalkandere İlçe Müdürlüğü;Mühendis (Ziraat);Rize;Lisans;1;0;;;"4825;5135;4831;3202;8258;8289;4845;3385;3386;4212;6131;8147;8158;9048;9269;4846;9114;4853;3325;3383;3384;8221;8263;4854;9106;4857;3382;8261";4825 - Aşağıdaki lisans programlarından birinden mezun olmak. | 5135 - Ziraat Mühendisliği | 4831 - Aşağıdaki lisans programlarından birinden mezun olmak. | 3202 - Hayvansal Üretim | 8258 - Süt Teknolojisi | 8289 - Zootekni / Zooteknik | 4845 - Aşağıdaki lisans programlarından birinden mezun olmak. | 3385 - Tarla Bitkileri | 3386 - Toprak | 4212 - Bahçe ve Tarla Bitkileri | 6131 - Bitkisel Üretim | 8147 - Bahçe Bitkileri | 8158 - Bitki Koruma | 9048 - Toprak Bilimi ve Bitki Besleme | 9269 - Bitkisel Üretim ve Teknolojileri | 4846 - Aşağıdaki lisans programlarından birinden mezun olmak. | 9114 - Biyosistem Mühendisliği | 4853 - Aşağıdaki lisans programlarından birinden mezun olmak. | 3325 - Tarım Teknolojisi | 3383 - Tarım Makineleri | 3384 - Tarımsal Yapılar ve Sulama | 8221 - Kültürteknik | 8263 - Tarımsal Mekanizasyon | 4854 - Aşağıdaki lisans programlarından birinden mezun olmak. | 9106 - Tarımsal Biyoteknoloji | 4857 - Aşağıdaki lisans programlarından birinden mezun olmak. | 3382 - Tarım Ekonomisi | 8261 - Tarım İşletmeciliği;9293f06c-c25b-eb11-80fa-a0369f7d1484
2020;72;390181615;Tarım ve Orman Bakanlığı Sakarya İl Müdürlüğü Adapazarı İlçe Müdürlüğü;Mühendis (Su Ürünleri);Sakarya;Lisans;1;0;;;"4819;3202;3320;8337";4819 - Aşağıdaki lisans programlarından birinden mezun olmak. | 3202 - Hayvansal Üretim | 3320 - Su Ürünleri | 8337 - Su Ürünleri Mühendisliği;a093f06c-c25b-eb11-80fa-a0369f7d1484
2020;72;390181496;Tarım ve Orman Bakanlığı Sakarya İl Müdürlüğü Akyazı İlçe Müdürlüğü;Mühendis (Gıda);Sakarya;Lisans;1;0;;;"4799;3191";4799 - Aşağıdaki lisans programlarından birinden mezun olmak. | 3191 - Gıda Mühendisliği;a493f06c-c25b-eb11-80fa-a0369f7d1484
2020;72;390181853;Tarım ve Orman Bakanlığı Sakarya İl Müdürlüğü Akyazı İlçe Müdürlüğü;Veteriner Hekim;Sakarya;Lisans;1;0;;;"4607;6373";4607 - Aşağıdaki lisans programlarından birinden mezun olmak. | 6373 - Veteriner;a193f06c-c25b-eb11-80fa-a0369f7d1484
2020;72;390181497;Tarım ve Orman Bakanlığı Sakarya İl Müdürlüğü Gıda ve Yem Şube Müdürlüğü;Mühendis (Gıda);Sakarya;Lisans;1;1;;;"4799;3191";4799 - Aşağıdaki lisans programlarından birinden mezun olmak. | 3191 - Gıda Mühendisliği;a593f06c-c25b-eb11-80fa-a0369f7d1484
2020;72;390181498;Tarım ve Orman Bakanlığı Sakarya İl Müdürlüğü Karasu İlçe Müdürlüğü;Mühendis (Gıda);Sakarya;Lisans;1;0;;;"4799;3191";4799 - Aşağıdaki lisans programlarından birinden mezun olmak. | 3191 - Gıda Mühendisliği;a693f06c-c25b-eb11-80fa-a0369f7d1484
2020;72;390181854;Tarım ve Orman Bakanlığı Sakarya İl Müdürlüğü Kaynarca İlçe Müdürlüğü;Veteriner Hekim;Sakarya;Lisans;1;0;;;"4607;6373";4607 - Aşağıdaki lisans programlarından birinden mezun olmak. | 6373 - Veteriner;a293f06c-c25b-eb11-80fa-a0369f7d1484
2020;72;390181499;Tarım ve Orman Bakanlığı Sakarya İl Müdürlüğü Pamukova İlçe Müdürlüğü;Mühendis (Gıda);Sakarya;Lisans;1;0;;;"4799;3191";4799 - Aşağıdaki lisans programlarından birinden mezun olmak. | 3191 - Gıda Mühendisliği;a793f06c-c25b-eb11-80fa-a0369f7d1484
2020;72;390181500;Tarım ve Orman Bakanlığı Sakarya İl Müdürlüğü Taraklı İlçe Müdürlüğü;Mühendis (Gıda);Sakarya;Lisans;1;0;;;"4799;3191";4799 - Aşağıdaki lisans programlarından birinden mezun olmak. | 3191 - Gıda Mühendisliği;a893f06c-c25b-eb11-80fa-a0369f7d1484
2020;72;390181855;Tarım ve Orman Bakanlığı Sakarya İl Müdürlüğü Taraklı İlçe Müdürlüğü;Veteriner Hekim;Sakarya;Lisans;1;0;;;"4607;6373";4607 - Aşağıdaki lisans programlarından birinden mezun olmak. | 6373 - Veteriner;a393f06c-c25b-eb11-80fa-a0369f7d1484
2020;72;390181642;Tarım ve Orman Bakanlığı Samsun 11. Bölge Müdürlüğü Samsun Şube Müdürlüğü;Mühendis (Orman);Samsun;Lisans;1;0;;;"4871;6277";4871 - Aşağıdaki lisans programlarından birinden mezun olmak. | 6277 - Orman Mühendisliği;ac93f06c-c25b-eb11-80fa-a0369f7d1484
2020;72;390181856;Tarım ve Orman Bakanlığı Samsun İl Müdürlüğü Vezirköprü İlçe Müdürlüğü;Veteriner Hekim;Samsun;Lisans;1;0;;;"4607;6373";4607 - Aşağıdaki lisans programlarından birinden mezun olmak. | 6373 - Veteriner;ab93f06c-c25b-eb11-80fa-a0369f7d1484
2020;72;390181243;Tarım ve Orman Bakanlığı Siirt İl Müdürlüğü Baykan İlçe Müdürlüğü;Mühendis (Ziraat);Siirt;Lisans;3;1;;;"4825;5135;4831;3202;8258;8289;4845;3385;3386;4212;6131;8147;8158;9048;9269;4846;9114;4853;3325;3383;3384;8221;8263;4854;9106;4857;3382;8261";4825 - Aşağıdaki lisans programlarından birinden mezun olmak. | 5135 - Ziraat Mühendisliği | 4831 - Aşağıdaki lisans programlarından birinden mezun olmak. | 3202 - Hayvansal Üretim | 8258 - Süt Teknolojisi | 8289 - Zootekni / Zooteknik | 4845 - Aşağıdaki lisans programlarından birinden mezun olmak. | 3385 - Tarla Bitkileri | 3386 - Toprak | 4212 - Bahçe ve Tarla Bitkileri | 6131 - Bitkisel Üretim | 8147 - Bahçe Bitkileri | 8158 - Bitki Koruma | 9048 - Toprak Bilimi ve Bitki Besleme | 9269 - Bitkisel Üretim ve Teknolojileri | 4846 - Aşağıdaki lisans programlarından birinden mezun olmak. | 9114 - Biyosistem Mühendisliği | 4853 - Aşağıdaki lisans programlarından birinden mezun olmak. | 3325 - Tarım Teknolojisi | 3383 - Tarım Makineleri | 3384 - Tarımsal Yapılar ve Sulama | 8221 - Kültürteknik | 8263 - Tarımsal Mekanizasyon | 4854 - Aşağıdaki lisans programlarından birinden mezun olmak. | 9106 - Tarımsal Biyoteknoloji | 4857 - Aşağıdaki lisans programlarından birinden mezun olmak. | 3382 - Tarım Ekonomisi | 8261 - Tarım İşletmeciliği;b693f06c-c25b-eb11-80fa-a0369f7d1484
2020;72;390181857;Tarım ve Orman Bakanlığı Siirt İl Müdürlüğü Baykan İlçe Müdürlüğü;Veteriner Hekim;Siirt;Lisans;1;0;;;"4607;6373";4607 - Aşağıdaki lisans programlarından birinden mezun olmak. | 6373 - Veteriner;ad93f06c-c25b-eb11-80fa-a0369f7d1484
2020;72;390181244;Tarım ve Orman Bakanlığı Siirt İl Müdürlüğü Çayır, Mera ve Yem Bitkileri Şube Müdürlüğü;Mühendis (Ziraat);Siirt;Lisans;1;1;;;"4825;5135;4831;3202;8258;8289;4845;3385;3386;4212;6131;8147;8158;9048;9269;4846;9114;4853;3325;3383;3384;8221;8263;4854;9106;4857;3382;8261";4825 - Aşağıdaki lisans programlarından birinden mezun olmak. | 5135 - Ziraat Mühendisliği | 4831 - Aşağıdaki lisans programlarından birinden mezun olmak. | 3202 - Hayvansal Üretim | 8258 - Süt Teknolojisi | 8289 - Zootekni / Zooteknik | 4845 - Aşağıdaki lisans programlarından birinden mezun olmak. | 3385 - Tarla Bitkileri | 3386 - Toprak | 4212 - Bahçe ve Tarla Bitkileri | 6131 - Bitkisel Üretim | 8147 - Bahçe Bitkileri | 8158 - Bitki Koruma | 9048 - Toprak Bilimi ve Bitki Besleme | 9269 - Bitkisel Üretim ve Teknolojileri | 4846 - Aşağıdaki lisans programlarından birinden mezun olmak. | 9114 - Biyosistem Mühendisliği | 4853 - Aşağıdaki lisans programlarından birinden mezun olmak. | 3325 - Tarım Teknolojisi | 3383 - Tarım Makineleri | 3384 - Tarımsal Yapılar ve Sulama | 8221 - Kültürteknik | 8263 - Tarımsal Mekanizasyon | 4854 - Aşağıdaki lisans programlarından birinden mezun olmak. | 9106 - Tarımsal Biyoteknoloji | 4857 - Aşağıdaki lisans programlarından birinden mezun olmak. | 3382 - Tarım Ekonomisi | 8261 - Tarım İşletmeciliği;b793f06c-c25b-eb11-80fa-a0369f7d1484
2020;72;390181245;Tarım ve Orman Bakanlığı Siirt İl Müdürlüğü Eruh İlçe Müdürlüğü;Mühendis (Ziraat);Siirt;Lisans;1;1;;;"4825;5135;4831;3202;8258;8289;4845;3385;3386;4212;6131;8147;8158;9048;9269;4846;9114;4853;3325;3383;3384;8221;8263;4854;9106;4857;3382;8261";4825 - Aşağıdaki lisans programlarından birinden mezun olmak. | 5135 - Ziraat Mühendisliği | 4831 - Aşağıdaki lisans programlarından birinden mezun olmak. | 3202 - Hayvansal Üretim | 8258 - Süt Teknolojisi | 8289 - Zootekni / Zooteknik | 4845 - Aşağıdaki lisans programlarından birinden mezun olmak. | 3385 - Tarla Bitkileri | 3386 - Toprak | 4212 - Bahçe ve Tarla Bitkileri | 6131 - Bitkisel Üretim | 8147 - Bahçe Bitkileri | 8158 - Bitki Koruma | 9048 - Toprak Bilimi ve Bitki Besleme | 9269 - Bitkisel Üretim ve Teknolojileri | 4846 - Aşağıdaki lisans programlarından birinden mezun olmak. | 9114 - Biyosistem Mühendisliği | 4853 - Aşağıdaki lisans programlarından birinden mezun olmak. | 3325 - Tarım Teknolojisi | 3383 - Tarım Makineleri | 3384 - Tarımsal Yapılar ve Sulama | 8221 - Kültürteknik | 8263 - Tarımsal Mekanizasyon | 4854 - Aşağıdaki lisans programlarından birinden mezun olmak. | 9106 - Tarımsal Biyoteknoloji | 4857 - Aşağıdaki lisans programlarından birinden mezun olmak. | 3382 - Tarım Ekonomisi | 8261 - Tarım İşletmeciliği;b893f06c-c25b-eb11-80fa-a0369f7d1484
2020;72;390181858;Tarım ve Orman Bakanlığı Siirt İl Müdürlüğü Eruh İlçe Müdürlüğü;Veteriner Hekim;Siirt;Lisans;3;0;;;"4607;6373";4607 - Aşağıdaki lisans programlarından birinden mezun olmak. | 6373 - Veteriner;ae93f06c-c25b-eb11-80fa-a0369f7d1484
2020;72;390181501;Tarım ve Orman Bakanlığı Siirt İl Müdürlüğü Gıda ve Yem Şube Müdürlüğü;Mühendis (Gıda);Siirt;Lisans;1;0;;;"4799;3191";4799 - Aşağıdaki lisans programlarından birinden mezun olmak. | 3191 - Gıda Mühendisliği;b593f06c-c25b-eb11-80fa-a0369f7d1484
2020;72;390181859;Tarım ve Orman Bakanlığı Siirt İl Müdürlüğü Gıda ve Yem Şube Müdürlüğü;Veteriner Hekim;Siirt;Lisans;1;0;;;"4607;6373";4607 - Aşağıdaki lisans programlarından birinden mezun olmak. | 6373 - Veteriner;af93f06c-c25b-eb11-80fa-a0369f7d1484
2020;72;390181860;Tarım ve Orman Bakanlığı Siirt İl Müdürlüğü Hayvan Sağlığı,Yetiştiriciliği ve Su Ürünleri Şube Müdürlüğü;Veteriner Hekim;Siirt;Lisans;4;0;;;"4607;6373";4607 - Aşağıdaki lisans programlarından birinden mezun olmak. | 6373 - Veteriner;b093f06c-c25b-eb11-80fa-a0369f7d1484
2020;72;390181246;Tarım ve Orman Bakanlığı Siirt İl Müdürlüğü Kırsal Kalkınma ve Örgütlenme Şube Müdürlüğü;Mühendis (Ziraat);Siirt;Lisans;1;1;;;"4825;5135;4831;3202;8258;8289;4845;3385;3386;4212;6131;8147;8158;9048;9269;4846;9114;4853;3325;3383;3384;8221;8263;4854;9106;4857;3382;8261";4825 - Aşağıdaki lisans programlarından birinden mezun olmak. | 5135 - Ziraat Mühendisliği | 4831 - Aşağıdaki lisans programlarından birinden mezun olmak. | 3202 - Hayvansal Üretim | 8258 - Süt Teknolojisi | 8289 - Zootekni / Zooteknik | 4845 - Aşağıdaki lisans programlarından birinden mezun olmak. | 3385 - Tarla Bitkileri | 3386 - Toprak | 4212 - Bahçe ve Tarla Bitkileri | 6131 - Bitkisel Üretim | 8147 - Bahçe Bitkileri | 8158 - Bitki Koruma | 9048 - Toprak Bilimi ve Bitki Besleme | 9269 - Bitkisel Üretim ve Teknolojileri | 4846 - Aşağıdaki lisans programlarından birinden mezun olmak. | 9114 - Biyosistem Mühendisliği | 4853 - Aşağıdaki lisans programlarından birinden mezun olmak. | 3325 - Tarım Teknolojisi | 3383 - Tarım Makineleri | 3384 - Tarımsal Yapılar ve Sulama | 8221 - Kültürteknik | 8263 - Tarımsal Mekanizasyon | 4854 - Aşağıdaki lisans programlarından birinden mezun olmak. | 9106 - Tarımsal Biyoteknoloji | 4857 - Aşağıdaki lisans programlarından birinden mezun olmak. | 3382 - Tarım Ekonomisi | 8261 - Tarım İşletmeciliği;b993f06c-c25b-eb11-80fa-a0369f7d1484
2020;72;390181247;Tarım ve Orman Bakanlığı Siirt İl Müdürlüğü Koordinasyon ve Tarımsal Veriler Şube Müdürlüğü;Mühendis (Ziraat);Siirt;Lisans;1;1;;;"4825;5135;4831;3202;8258;8289;4845;3385;3386;4212;6131;8147;8158;9048;9269;4846;9114;4853;3325;3383;3384;8221;8263;4854;9106;4857;3382;8261";4825 - Aşağıdaki lisans programlarından birinden mezun olmak. | 5135 - Ziraat Mühendisliği | 4831 - Aşağıdaki lisans programlarından birinden mezun olmak. | 3202 - Hayvansal Üretim | 8258 - Süt Teknolojisi | 8289 - Zootekni / Zooteknik | 4845 - Aşağıdaki lisans programlarından birinden mezun olmak. | 3385 - Tarla Bitkileri | 3386 - Toprak | 4212 - Bahçe ve Tarla Bitkileri | 6131 - Bitkisel Üretim | 8147 - Bahçe Bitkileri | 8158 - Bitki Koruma | 9048 - Toprak Bilimi ve Bitki Besleme | 9269 - Bitkisel Üretim ve Teknolojileri | 4846 - Aşağıdaki lisans programlarından birinden mezun olmak. | 9114 - Biyosistem Mühendisliği | 4853 - Aşağıdaki lisans programlarından birinden mezun olmak. | 3325 - Tarım Teknolojisi | 3383 - Tarım Makineleri | 3384 - Tarımsal Yapılar ve Sulama | 8221 - Kültürteknik | 8263 - Tarımsal Mekanizasyon | 4854 - Aşağıdaki lisans programlarından birinden mezun olmak. | 9106 - Tarımsal Biyoteknoloji | 4857 - Aşağıdaki lisans programlarından birinden mezun olmak. | 3382 - Tarım Ekonomisi | 8261 - Tarım İşletmeciliği;ba93f06c-c25b-eb11-80fa-a0369f7d1484
2020;72;390181248;Tarım ve Orman Bakanlığı Siirt İl Müdürlüğü Kurtalan İlçe Müdürlüğü;Mühendis (Ziraat);Siirt;Lisans;6;2;;;"4825;5135;4831;3202;8258;8289;4845;3385;3386;4212;6131;8147;8158;9048;9269;4846;9114;4853;3325;3383;3384;8221;8263;4854;9106;4857;3382;8261";4825 - Aşağıdaki lisans programlarından birinden mezun olmak. | 5135 - Ziraat Mühendisliği | 4831 - Aşağıdaki lisans programlarından birinden mezun olmak. | 3202 - Hayvansal Üretim | 8258 - Süt Teknolojisi | 8289 - Zootekni / Zooteknik | 4845 - Aşağıdaki lisans programlarından birinden mezun olmak. | 3385 - Tarla Bitkileri | 3386 - Toprak | 4212 - Bahçe ve Tarla Bitkileri | 6131 - Bitkisel Üretim | 8147 - Bahçe Bitkileri | 8158 - Bitki Koruma | 9048 - Toprak Bilimi ve Bitki Besleme | 9269 - Bitkisel Üretim ve Teknolojileri | 4846 - Aşağıdaki lisans programlarından birinden mezun olmak. | 9114 - Biyosistem Mühendisliği | 4853 - Aşağıdaki lisans programlarından birinden mezun olmak. | 3325 - Tarım Teknolojisi | 3383 - Tarım Makineleri | 3384 - Tarımsal Yapılar ve Sulama | 8221 - Kültürteknik | 8263 - Tarımsal Mekanizasyon | 4854 - Aşağıdaki lisans programlarından birinden mezun olmak. | 9106 - Tarımsal Biyoteknoloji | 4857 - Aşağıdaki lisans programlarından birinden mezun olmak. | 3382 - Tarım Ekonomisi | 8261 - Tarım İşletmeciliği;bb93f06c-c25b-eb11-80fa-a0369f7d1484
2020;72;390181861;Tarım ve Orman Bakanlığı Siirt İl Müdürlüğü Kurtalan İlçe Müdürlüğü;Veteriner Hekim;Siirt;Lisans;2;0;;;"4607;6373";4607 - Aşağıdaki lisans programlarından birinden mezun olmak. | 6373 - Veteriner;b193f06c-c25b-eb11-80fa-a0369f7d1484
2020;72;390181249;Tarım ve Orman Bakanlığı Siirt İl Müdürlüğü Pervari İlçe Müdürlüğü;Mühendis (Ziraat);Siirt;Lisans;1;0;;;"4825;5135;4831;3202;8258;8289;4845;3385;3386;4212;6131;8147;8158;9048;9269;4846;9114;4853;3325;3383;3384;8221;8263;4854;9106;4857;3382;8261";4825 - Aşağıdaki lisans programlarından birinden mezun olmak. | 5135 - Ziraat Mühendisliği | 4831 - Aşağıdaki lisans programlarından birinden mezun olmak. | 3202 - Hayvansal Üretim | 8258 - Süt Teknolojisi | 8289 - Zootekni / Zooteknik | 4845 - Aşağıdaki lisans programlarından birinden mezun olmak. | 3385 - Tarla Bitkileri | 3386 - Toprak | 4212 - Bahçe ve Tarla Bitkileri | 6131 - Bitkisel Üretim | 8147 - Bahçe Bitkileri | 8158 - Bitki Koruma | 9048 - Toprak Bilimi ve Bitki Besleme | 9269 - Bitkisel Üretim ve Teknolojileri | 4846 - Aşağıdaki lisans programlarından birinden mezun olmak. | 9114 - Biyosistem Mühendisliği | 4853 - Aşağıdaki lisans programlarından birinden mezun olmak. | 3325 - Tarım Teknolojisi | 3383 - Tarım Makineleri | 3384 - Tarımsal Yapılar ve Sulama | 8221 - Kültürteknik | 8263 - Tarımsal Mekanizasyon | 4854 - Aşağıdaki lisans programlarından birinden mezun olmak. | 9106 - Tarımsal Biyoteknoloji | 4857 - Aşağıdaki lisans programlarından birinden mezun olmak. | 3382 - Tarım Ekonomisi | 8261 - Tarım İşletmeciliği;bc93f06c-c25b-eb11-80fa-a0369f7d1484
2020;72;390181862;Tarım ve Orman Bakanlığı Siirt İl Müdürlüğü Pervari İlçe Müdürlüğü;Veteriner Hekim;Siirt;Lisans;4;0;;;"4607;6373";4607 - Aşağıdaki lisans programlarından birinden mezun olmak. | 6373 - Veteriner;b293f06c-c25b-eb11-80fa-a0369f7d1484
2020;72;390181250;Tarım ve Orman Bakanlığı Siirt İl Müdürlüğü Şirvan İlçe Müdürlüğü;Mühendis (Ziraat);Siirt;Lisans;1;0;;;"4825;5135;4831;3202;8258;8289;4845;3385;3386;4212;6131;8147;8158;9048;9269;4846;9114;4853;3325;3383;3384;8221;8263;4854;9106;4857;3382;8261";4825 - Aşağıdaki lisans programlarından birinden mezun olmak. | 5135 - Ziraat Mühendisliği | 4831 - Aşağıdaki lisans programlarından birinden mezun olmak. | 3202 - Hayvansal Üretim | 8258 - Süt Teknolojisi | 8289 - Zootekni / Zooteknik | 4845 - Aşağıdaki lisans programlarından birinden mezun olmak. | 3385 - Tarla Bitkileri | 3386 - Toprak | 4212 - Bahçe ve Tarla Bitkileri | 6131 - Bitkisel Üretim | 8147 - Bahçe Bitkileri | 8158 - Bitki Koruma | 9048 - Toprak Bilimi ve Bitki Besleme | 9269 - Bitkisel Üretim ve Teknolojileri | 4846 - Aşağıdaki lisans programlarından birinden mezun olmak. | 9114 - Biyosistem Mühendisliği | 4853 - Aşağıdaki lisans programlarından birinden mezun olmak. | 3325 - Tarım Teknolojisi | 3383 - Tarım Makineleri | 3384 - Tarımsal Yapılar ve Sulama | 8221 - Kültürteknik | 8263 - Tarımsal Mekanizasyon | 4854 - Aşağıdaki lisans programlarından birinden mezun olmak. | 9106 - Tarımsal Biyoteknoloji | 4857 - Aşağıdaki lisans programlarından birinden mezun olmak. | 3382 - Tarım Ekonomisi | 8261 - Tarım İşletmeciliği;bd93f06c-c25b-eb11-80fa-a0369f7d1484
2020;72;390181863;Tarım ve Orman Bakanlığı Siirt İl Müdürlüğü Şirvan İlçe Müdürlüğü;Veteriner Hekim;Siirt;Lisans;2;0;;;"4607;6373";4607 - Aşağıdaki lisans programlarından birinden mezun olmak. | 6373 - Veteriner;b393f06c-c25b-eb11-80fa-a0369f7d1484
2020;72;390181864;Tarım ve Orman Bakanlığı Siirt İl Müdürlüğü Tillo İlçe Müdürlüğü;Veteriner Hekim;Siirt;Lisans;2;0;;;"4607;6373";4607 - Aşağıdaki lisans programlarından birinden mezun olmak. | 6373 - Veteriner;b493f06c-c25b-eb11-80fa-a0369f7d1484
2020;72;390181502;Tarım ve Orman Bakanlığı Sinop İl Müdürlüğü Ayancık İlçe Müdürlüğü;Mühendis (Gıda);Sinop;Lisans;1;1;;;"4799;3191";4799 - Aşağıdaki lisans programlarından birinden mezun olmak. | 3191 - Gıda Mühendisliği;be93f06c-c25b-eb11-80fa-a0369f7d1484
2020;72;390181865;Tarım ve Orman Bakanlığı Sinop İl Müdürlüğü Ayancık İlçe Müdürlüğü;Veteriner Hekim;Sinop;Lisans;2;0;;;"4607;6373";4607 - Aşağıdaki lisans programlarından birinden mezun olmak. | 6373 - Veteriner;bf93f06c-c25b-eb11-80fa-a0369f7d1484
2020;72;390181866;Tarım ve Orman Bakanlığı Sinop İl Müdürlüğü Boyabat İlçe Müdürlüğü;Veteriner Hekim;Sinop;Lisans;2;0;;;"4607;6373";4607 - Aşağıdaki lisans programlarından birinden mezun olmak. | 6373 - Veteriner;c093f06c-c25b-eb11-80fa-a0369f7d1484
2020;72;390181867;Tarım ve Orman Bakanlığı Sinop İl Müdürlüğü Dikmen İlçe Müdürlüğü;Veteriner Hekim;Sinop;Lisans;1;0;;;"4607;6373";4607 - Aşağıdaki lisans programlarından birinden mezun olmak. | 6373 - Veteriner;c193f06c-c25b-eb11-80fa-a0369f7d1484
2020;72;390181868;Tarım ve Orman Bakanlığı Sinop İl Müdürlüğü Durağan İlçe Müdürlüğü;Veteriner Hekim;Sinop;Lisans;5;0;;;"4607;6373";4607 - Aşağıdaki lisans programlarından birinden mezun olmak. | 6373 - Veteriner;c293f06c-c25b-eb11-80fa-a0369f7d1484
2020;72;390181869;Tarım ve Orman Bakanlığı Sinop İl Müdürlüğü Gerze İlçe Müdürlüğü;Veteriner Hekim;Sinop;Lisans;1;0;;;"4607;6373";4607 - Aşağıdaki lisans programlarından birinden mezun olmak. | 6373 - Veteriner;c393f06c-c25b-eb11-80fa-a0369f7d1484
2020;72;390181870;Tarım ve Orman Bakanlığı Sinop İl Müdürlüğü Saraydüzü İlçe Müdürlüğü;Veteriner Hekim;Sinop;Lisans;2;0;;;"4607;6373";4607 - Aşağıdaki lisans programlarından birinden mezun olmak. | 6373 - Veteriner;c493f06c-c25b-eb11-80fa-a0369f7d1484
2020;72;390181871;Tarım ve Orman Bakanlığı Sinop İl Müdürlüğü Türkeli İlçe Müdürlüğü;Veteriner Hekim;Sinop;Lisans;2;0;;;"4607;6373";4607 - Aşağıdaki lisans programlarından birinden mezun olmak. | 6373 - Veteriner;c593f06c-c25b-eb11-80fa-a0369f7d1484
2020;72;390181251;Tarım ve Orman Bakanlığı Sivas İl Müdürlüğü Akıncılar İlçe Müdürlüğü;Mühendis (Ziraat);Sivas;Lisans;1;1;;;"4825;5135;4831;3202;8258;8289;4845;3385;3386;4212;6131;8147;8158;9048;9269;4846;9114;4853;3325;3383;3384;8221;8263;4854;9106;4857;3382;8261";4825 - Aşağıdaki lisans programlarından birinden mezun olmak. | 5135 - Ziraat Mühendisliği | 4831 - Aşağıdaki lisans programlarından birinden mezun olmak. | 3202 - Hayvansal Üretim | 8258 - Süt Teknolojisi | 8289 - Zootekni / Zooteknik | 4845 - Aşağıdaki lisans programlarından birinden mezun olmak. | 3385 - Tarla Bitkileri | 3386 - Toprak | 4212 - Bahçe ve Tarla Bitkileri | 6131 - Bitkisel Üretim | 8147 - Bahçe Bitkileri | 8158 - Bitki Koruma | 9048 - Toprak Bilimi ve Bitki Besleme | 9269 - Bitkisel Üretim ve Teknolojileri | 4846 - Aşağıdaki lisans programlarından birinden mezun olmak. | 9114 - Biyosistem Mühendisliği | 4853 - Aşağıdaki lisans programlarından birinden mezun olmak. | 3325 - Tarım Teknolojisi | 3383 - Tarım Makineleri | 3384 - Tarımsal Yapılar ve Sulama | 8221 - Kültürteknik | 8263 - Tarımsal Mekanizasyon | 4854 - Aşağıdaki lisans programlarından birinden mezun olmak. | 9106 - Tarımsal Biyoteknoloji | 4857 - Aşağıdaki lisans programlarından birinden mezun olmak. | 3382 - Tarım Ekonomisi | 8261 - Tarım İşletmeciliği;d893f06c-c25b-eb11-80fa-a0369f7d1484
2020;72;390181872;Tarım ve Orman Bakanlığı Sivas İl Müdürlüğü Akıncılar İlçe Müdürlüğü;Veteriner Hekim;Sivas;Lisans;1;0;;;"4607;6373";4607 - Aşağıdaki lisans programlarından birinden mezun olmak. | 6373 - Veteriner;c693f06c-c25b-eb11-80fa-a0369f7d1484
2020;72;390181252;Tarım ve Orman Bakanlığı Sivas İl Müdürlüğü Altınyayla İlçe Müdürlüğü;Mühendis (Ziraat);Sivas;Lisans;4;1;;;"4825;5135;4831;3202;8258;8289;4845;3385;3386;4212;6131;8147;8158;9048;9269;4846;9114;4853;3325;3383;3384;8221;8263;4854;9106;4857;3382;8261";4825 - Aşağıdaki lisans programlarından birinden mezun olmak. | 5135 - Ziraat Mühendisliği | 4831 - Aşağıdaki lisans programlarından birinden mezun olmak. | 3202 - Hayvansal Üretim | 8258 - Süt Teknolojisi | 8289 - Zootekni / Zooteknik | 4845 - Aşağıdaki lisans programlarından birinden mezun olmak. | 3385 - Tarla Bitkileri | 3386 - Toprak | 4212 - Bahçe ve Tarla Bitkileri | 6131 - Bitkisel Üretim | 8147 - Bahçe Bitkileri | 8158 - Bitki Koruma | 9048 - Toprak Bilimi ve Bitki Besleme | 9269 - Bitkisel Üretim ve Teknolojileri | 4846 - Aşağıdaki lisans programlarından birinden mezun olmak. | 9114 - Biyosistem Mühendisliği | 4853 - Aşağıdaki lisans programlarından birinden mezun olmak. | 3325 - Tarım Teknolojisi | 3383 - Tarım Makineleri | 3384 - Tarımsal Yapılar ve Sulama | 8221 - Kültürteknik | 8263 - Tarımsal Mekanizasyon | 4854 - Aşağıdaki lisans programlarından birinden mezun olmak. | 9106 - Tarımsal Biyoteknoloji | 4857 - Aşağıdaki lisans programlarından birinden mezun olmak. | 3382 - Tarım Ekonomisi | 8261 - Tarım İşletmeciliği;d993f06c-c25b-eb11-80fa-a0369f7d1484
2020;72;390181873;Tarım ve Orman Bakanlığı Sivas İl Müdürlüğü Altınyayla İlçe Müdürlüğü;Veteriner Hekim;Sivas;Lisans;2;0;;;"4607;6373";4607 - Aşağıdaki lisans programlarından birinden mezun olmak. | 6373 - Veteriner;c793f06c-c25b-eb11-80fa-a0369f7d1484
2020;72;390181253;Tarım ve Orman Bakanlığı Sivas İl Müdürlüğü Divriği İlçe Müdürlüğü;Mühendis (Ziraat);Sivas;Lisans;1;1;;;"4825;5135;4831;3202;8258;8289;4845;3385;3386;4212;6131;8147;8158;9048;9269;4846;9114;4853;3325;3383;3384;8221;8263;4854;9106;4857;3382;8261";4825 - Aşağıdaki lisans programlarından birinden mezun olmak. | 5135 - Ziraat Mühendisliği | 4831 - Aşağıdaki lisans programlarından birinden mezun olmak. | 3202 - Hayvansal Üretim | 8258 - Süt Teknolojisi | 8289 - Zootekni / Zooteknik | 4845 - Aşağıdaki lisans programlarından birinden mezun olmak. | 3385 - Tarla Bitkileri | 3386 - Toprak | 4212 - Bahçe ve Tarla Bitkileri | 6131 - Bitkisel Üretim | 8147 - Bahçe Bitkileri | 8158 - Bitki Koruma | 9048 - Toprak Bilimi ve Bitki Besleme | 9269 - Bitkisel Üretim ve Teknolojileri | 4846 - Aşağıdaki lisans programlarından birinden mezun olmak. | 9114 - Biyosistem Mühendisliği | 4853 - Aşağıdaki lisans programlarından birinden mezun olmak. | 3325 - Tarım Teknolojisi | 3383 - Tarım Makineleri | 3384 - Tarımsal Yapılar ve Sulama | 8221 - Kültürteknik | 8263 - Tarımsal Mekanizasyon | 4854 - Aşağıdaki lisans programlarından birinden mezun olmak. | 9106 - Tarımsal Biyoteknoloji | 4857 - Aşağıdaki lisans programlarından birinden mezun olmak. | 3382 - Tarım Ekonomisi | 8261 - Tarım İşletmeciliği;da93f06c-c25b-eb11-80fa-a0369f7d1484
2020;72;390181874;Tarım ve Orman Bakanlığı Sivas İl Müdürlüğü Divriği İlçe Müdürlüğü;Veteriner Hekim;Sivas;Lisans;1;0;;;"4607;6373";4607 - Aşağıdaki lisans programlarından birinden mezun olmak. | 6373 - Veteriner;c893f06c-c25b-eb11-80fa-a0369f7d1484
2020;72;390181254;Tarım ve Orman Bakanlığı Sivas İl Müdürlüğü Doğanşar İlçe Müdürlüğü;Mühendis (Ziraat);Sivas;Lisans;1;1;;;"4825;5135;4831;3202;8258;8289;4845;3385;3386;4212;6131;8147;8158;9048;9269;4846;9114;4853;3325;3383;3384;8221;8263;4854;9106;4857;3382;8261";4825 - Aşağıdaki lisans programlarından birinden mezun olmak. | 5135 - Ziraat Mühendisliği | 4831 - Aşağıdaki lisans programlarından birinden mezun olmak. | 3202 - Hayvansal Üretim | 8258 - Süt Teknolojisi | 8289 - Zootekni / Zooteknik | 4845 - Aşağıdaki lisans programlarından birinden mezun olmak. | 3385 - Tarla Bitkileri | 3386 - Toprak | 4212 - Bahçe ve Tarla Bitkileri | 6131 - Bitkisel Üretim | 8147 - Bahçe Bitkileri | 8158 - Bitki Koruma | 9048 - Toprak Bilimi ve Bitki Besleme | 9269 - Bitkisel Üretim ve Teknolojileri | 4846 - Aşağıdaki lisans programlarından birinden mezun olmak. | 9114 - Biyosistem Mühendisliği | 4853 - Aşağıdaki lisans programlarından birinden mezun olmak. | 3325 - Tarım Teknolojisi | 3383 - Tarım Makineleri | 3384 - Tarımsal Yapılar ve Sulama | 8221 - Kültürteknik | 8263 - Tarımsal Mekanizasyon | 4854 - Aşağıdaki lisans programlarından birinden mezun olmak. | 9106 - Tarımsal Biyoteknoloji | 4857 - Aşağıdaki lisans programlarından birinden mezun olmak. | 3382 - Tarım Ekonomisi | 8261 - Tarım İşletmeciliği;db93f06c-c25b-eb11-80fa-a0369f7d1484
2020;72;390181875;Tarım ve Orman Bakanlığı Sivas İl Müdürlüğü Doğanşar İlçe Müdürlüğü;Veteriner Hekim;Sivas;Lisans;2;0;;;"4607;6373";4607 - Aşağıdaki lisans programlarından birinden mezun olmak. | 6373 - Veteriner;c993f06c-c25b-eb11-80fa-a0369f7d1484
2020;72;390181255;Tarım ve Orman Bakanlığı Sivas İl Müdürlüğü Gemerek İlçe Müdürlüğü;Mühendis (Ziraat);Sivas;Lisans;3;1;;;"4825;5135;4831;3202;8258;8289;4845;3385;3386;4212;6131;8147;8158;9048;9269;4846;9114;4853;3325;3383;3384;8221;8263;4854;9106;4857;3382;8261";4825 - Aşağıdaki lisans programlarından birinden mezun olmak. | 5135 - Ziraat Mühendisliği | 4831 - Aşağıdaki lisans programlarından birinden mezun olmak. | 3202 - Hayvansal Üretim | 8258 - Süt Teknolojisi | 8289 - Zootekni / Zooteknik | 4845 - Aşağıdaki lisans programlarından birinden mezun olmak. | 3385 - Tarla Bitkileri | 3386 - Toprak | 4212 - Bahçe ve Tarla Bitkileri | 6131 - Bitkisel Üretim | 8147 - Bahçe Bitkileri | 8158 - Bitki Koruma | 9048 - Toprak Bilimi ve Bitki Besleme | 9269 - Bitkisel Üretim ve Teknolojileri | 4846 - Aşağıdaki lisans programlarından birinden mezun olmak. | 9114 - Biyosistem Mühendisliği | 4853 - Aşağıdaki lisans programlarından birinden mezun olmak. | 3325 - Tarım Teknolojisi | 3383 - Tarım Makineleri | 3384 - Tarımsal Yapılar ve Sulama | 8221 - Kültürteknik | 8263 - Tarımsal Mekanizasyon | 4854 - Aşağıdaki lisans programlarından birinden mezun olmak. | 9106 - Tarımsal Biyoteknoloji | 4857 - Aşağıdaki lisans programlarından birinden mezun olmak. | 3382 - Tarım Ekonomisi | 8261 - Tarım İşletmeciliği;dc93f06c-c25b-eb11-80fa-a0369f7d1484
2020;72;390181876;Tarım ve Orman Bakanlığı Sivas İl Müdürlüğü Gemerek İlçe Müdürlüğü;Veteriner Hekim;Sivas;Lisans;2;0;;;"4607;6373";4607 - Aşağıdaki lisans programlarından birinden mezun olmak. | 6373 - Veteriner;ca93f06c-c25b-eb11-80fa-a0369f7d1484
2020;72;390181503;Tarım ve Orman Bakanlığı Sivas İl Müdürlüğü Gıda ve Yem Şube Müdürlüğü;Mühendis (Gıda);Sivas;Lisans;1;1;;;"4799;3191";4799 - Aşağıdaki lisans programlarından birinden mezun olmak. | 3191 - Gıda Mühendisliği;d793f06c-c25b-eb11-80fa-a0369f7d1484
2020;72;390181256;Tarım ve Orman Bakanlığı Sivas İl Müdürlüğü Gölova İlçe Müdürlüğü;Mühendis (Ziraat);Sivas;Lisans;1;1;;;"4825;5135;4831;3202;8258;8289;4845;3385;3386;4212;6131;8147;8158;9048;9269;4846;9114;4853;3325;3383;3384;8221;8263;4854;9106;4857;3382;8261";4825 - Aşağıdaki lisans programlarından birinden mezun olmak. | 5135 - Ziraat Mühendisliği | 4831 - Aşağıdaki lisans programlarından birinden mezun olmak. | 3202 - Hayvansal Üretim | 8258 - Süt Teknolojisi | 8289 - Zootekni / Zooteknik | 4845 - Aşağıdaki lisans programlarından birinden mezun olmak. | 3385 - Tarla Bitkileri | 3386 - Toprak | 4212 - Bahçe ve Tarla Bitkileri | 6131 - Bitkisel Üretim | 8147 - Bahçe Bitkileri | 8158 - Bitki Koruma | 9048 - Toprak Bilimi ve Bitki Besleme | 9269 - Bitkisel Üretim ve Teknolojileri | 4846 - Aşağıdaki lisans programlarından birinden mezun olmak. | 9114 - Biyosistem Mühendisliği | 4853 - Aşağıdaki lisans programlarından birinden mezun olmak. | 3325 - Tarım Teknolojisi | 3383 - Tarım Makineleri | 3384 - Tarımsal Yapılar ve Sulama | 8221 - Kültürteknik | 8263 - Tarımsal Mekanizasyon | 4854 - Aşağıdaki lisans programlarından birinden mezun olmak. | 9106 - Tarımsal Biyoteknoloji | 4857 - Aşağıdaki lisans programlarından birinden mezun olmak. | 3382 - Tarım Ekonomisi | 8261 - Tarım İşletmeciliği;dd93f06c-c25b-eb11-80fa-a0369f7d1484
2020;72;390181877;Tarım ve Orman Bakanlığı Sivas İl Müdürlüğü Gölova İlçe Müdürlüğü;Veteriner Hekim;Sivas;Lisans;2;0;;;"4607;6373";4607 - Aşağıdaki lisans programlarından birinden mezun olmak. | 6373 - Veteriner;cb93f06c-c25b-eb11-80fa-a0369f7d1484
2020;72;390181616;Tarım ve Orman Bakanlığı Sivas İl Müdürlüğü Gürün İlçe Müdürlüğü;Mühendis (Su Ürünleri);Sivas;Lisans;1;1;;;"4819;3202;3320;8337";4819 - Aşağıdaki lisans programlarından birinden mezun olmak. | 3202 - Hayvansal Üretim | 3320 - Su Ürünleri | 8337 - Su Ürünleri Mühendisliği;d593f06c-c25b-eb11-80fa-a0369f7d1484
2020;72;390181878;Tarım ve Orman Bakanlığı Sivas İl Müdürlüğü Gürün İlçe Müdürlüğü;Veteriner Hekim;Sivas;Lisans;4;0;;;"4607;6373";4607 - Aşağıdaki lisans programlarından birinden mezun olmak. | 6373 - Veteriner;cc93f06c-c25b-eb11-80fa-a0369f7d1484
2020;72;390181257;Tarım ve Orman Bakanlığı Sivas İl Müdürlüğü Hafik İlçe Müdürlüğü;Mühendis (Ziraat);Sivas;Lisans;2;1;;;"4825;5135;4831;3202;8258;8289;4845;3385;3386;4212;6131;8147;8158;9048;9269;4846;9114;4853;3325;3383;3384;8221;8263;4854;9106;4857;3382;8261";4825 - Aşağıdaki lisans programlarından birinden mezun olmak. | 5135 - Ziraat Mühendisliği | 4831 - Aşağıdaki lisans programlarından birinden mezun olmak. | 3202 - Hayvansal Üretim | 8258 - Süt Teknolojisi | 8289 - Zootekni / Zooteknik | 4845 - Aşağıdaki lisans programlarından birinden mezun olmak. | 3385 - Tarla Bitkileri | 3386 - Toprak | 4212 - Bahçe ve Tarla Bitkileri | 6131 - Bitkisel Üretim | 8147 - Bahçe Bitkileri | 8158 - Bitki Koruma | 9048 - Toprak Bilimi ve Bitki Besleme | 9269 - Bitkisel Üretim ve Teknolojileri | 4846 - Aşağıdaki lisans programlarından birinden mezun olmak. | 9114 - Biyosistem Mühendisliği | 4853 - Aşağıdaki lisans programlarından birinden mezun olmak. | 3325 - Tarım Teknolojisi | 3383 - Tarım Makineleri | 3384 - Tarımsal Yapılar ve Sulama | 8221 - Kültürteknik | 8263 - Tarımsal Mekanizasyon | 4854 - Aşağıdaki lisans programlarından birinden mezun olmak. | 9106 - Tarımsal Biyoteknoloji | 4857 - Aşağıdaki lisans programlarından birinden mezun olmak. | 3382 - Tarım Ekonomisi | 8261 - Tarım İşletmeciliği;de93f06c-c25b-eb11-80fa-a0369f7d1484
2020;72;390181879;Tarım ve Orman Bakanlığı Sivas İl Müdürlüğü Hafik İlçe Müdürlüğü;Veteriner Hekim;Sivas;Lisans;1;0;;;"4607;6373";4607 - Aşağıdaki lisans programlarından birinden mezun olmak. | 6373 - Veteriner;cd93f06c-c25b-eb11-80fa-a0369f7d1484
2020;72;390181258;Tarım ve Orman Bakanlığı Sivas İl Müdürlüğü İmranlı İlçe Müdürlüğü;Mühendis (Ziraat);Sivas;Lisans;1;1;;;"4825;5135;4831;3202;8258;8289;4845;3385;3386;4212;6131;8147;8158;9048;9269;4846;9114;4853;3325;3383;3384;8221;8263;4854;9106;4857;3382;8261";4825 - Aşağıdaki lisans programlarından birinden mezun olmak. | 5135 - Ziraat Mühendisliği | 4831 - Aşağıdaki lisans programlarından birinden mezun olmak. | 3202 - Hayvansal Üretim | 8258 - Süt Teknolojisi | 8289 - Zootekni / Zooteknik | 4845 - Aşağıdaki lisans programlarından birinden mezun olmak. | 3385 - Tarla Bitkileri | 3386 - Toprak | 4212 - Bahçe ve Tarla Bitkileri | 6131 - Bitkisel Üretim | 8147 - Bahçe Bitkileri | 8158 - Bitki Koruma | 9048 - Toprak Bilimi ve Bitki Besleme | 9269 - Bitkisel Üretim ve Teknolojileri | 4846 - Aşağıdaki lisans programlarından birinden mezun olmak. | 9114 - Biyosistem Mühendisliği | 4853 - Aşağıdaki lisans programlarından birinden mezun olmak. | 3325 - Tarım Teknolojisi | 3383 - Tarım Makineleri | 3384 - Tarımsal Yapılar ve Sulama | 8221 - Kültürteknik | 8263 - Tarımsal Mekanizasyon | 4854 - Aşağıdaki lisans programlarından birinden mezun olmak. | 9106 - Tarımsal Biyoteknoloji | 4857 - Aşağıdaki lisans programlarından birinden mezun olmak. | 3382 - Tarım Ekonomisi | 8261 - Tarım İşletmeciliği;df93f06c-c25b-eb11-80fa-a0369f7d1484
2020;72;390181880;Tarım ve Orman Bakanlığı Sivas İl Müdürlüğü İmranlı İlçe Müdürlüğü;Veteriner Hekim;Sivas;Lisans;2;0;;;"4607;6373";4607 - Aşağıdaki lisans programlarından birinden mezun olmak. | 6373 - Veteriner;ce93f06c-c25b-eb11-80fa-a0369f7d1484
2020;72;390181259;Tarım ve Orman Bakanlığı Sivas İl Müdürlüğü Kangal İlçe Müdürlüğü;Mühendis (Ziraat);Sivas;Lisans;9;3;;;"4825;5135;4831;3202;8258;8289;4845;3385;3386;4212;6131;8147;8158;9048;9269;4846;9114;4853;3325;3383;3384;8221;8263;4854;9106;4857;3382;8261";4825 - Aşağıdaki lisans programlarından birinden mezun olmak. | 5135 - Ziraat Mühendisliği | 4831 - Aşağıdaki lisans programlarından birinden mezun olmak. | 3202 - Hayvansal Üretim | 8258 - Süt Teknolojisi | 8289 - Zootekni / Zooteknik | 4845 - Aşağıdaki lisans programlarından birinden mezun olmak. | 3385 - Tarla Bitkileri | 3386 - Toprak | 4212 - Bahçe ve Tarla Bitkileri | 6131 - Bitkisel Üretim | 8147 - Bahçe Bitkileri | 8158 - Bitki Koruma | 9048 - Toprak Bilimi ve Bitki Besleme | 9269 - Bitkisel Üretim ve Teknolojileri | 4846 - Aşağıdaki lisans programlarından birinden mezun olmak. | 9114 - Biyosistem Mühendisliği | 4853 - Aşağıdaki lisans programlarından birinden mezun olmak. | 3325 - Tarım Teknolojisi | 3383 - Tarım Makineleri | 3384 - Tarımsal Yapılar ve Sulama | 8221 - Kültürteknik | 8263 - Tarımsal Mekanizasyon | 4854 - Aşağıdaki lisans programlarından birinden mezun olmak. | 9106 - Tarımsal Biyoteknoloji | 4857 - Aşağıdaki lisans programlarından birinden mezun olmak. | 3382 - Tarım Ekonomisi | 8261 - Tarım İşletmeciliği;e093f06c-c25b-eb11-80fa-a0369f7d1484
2020;72;390181881;Tarım ve Orman Bakanlığı Sivas İl Müdürlüğü Kangal İlçe Müdürlüğü;Veteriner Hekim;Sivas;Lisans;3;0;;;"4607;6373";4607 - Aşağıdaki lisans programlarından birinden mezun olmak. | 6373 - Veteriner;cf93f06c-c25b-eb11-80fa-a0369f7d1484
2020;72;390181882;Tarım ve Orman Bakanlığı Sivas İl Müdürlüğü Koyulhisar İlçe Müdürlüğü;Veteriner Hekim;Sivas;Lisans;3;0;;;"4607;6373";4607 - Aşağıdaki lisans programlarından birinden mezun olmak. | 6373 - Veteriner;d093f06c-c25b-eb11-80fa-a0369f7d1484
2020;72;390181617;Tarım ve Orman Bakanlığı Sivas İl Müdürlüğü Suşehri İlçe Müdürlüğü;Mühendis (Su Ürünleri);Sivas;Lisans;1;1;;;"4819;3202;3320;8337";4819 - Aşağıdaki lisans programlarından birinden mezun olmak. | 3202 - Hayvansal Üretim | 3320 - Su Ürünleri | 8337 - Su Ürünleri Mühendisliği;d693f06c-c25b-eb11-80fa-a0369f7d1484
2020;72;390181883;Tarım ve Orman Bakanlığı Sivas İl Müdürlüğü Suşehri İlçe Müdürlüğü;Veteriner Hekim;Sivas;Lisans;5;0;;;"4607;6373";4607 - Aşağıdaki lisans programlarından birinden mezun olmak. | 6373 - Veteriner;d193f06c-c25b-eb11-80fa-a0369f7d1484
2020;72;390181260;Tarım ve Orman Bakanlığı Sivas İl Müdürlüğü Şarkışla İlçe Müdürlüğü;Mühendis (Ziraat);Sivas;Lisans;2;1;;;"4825;5135;4831;3202;8258;8289;4845;3385;3386;4212;6131;8147;8158;9048;9269;4846;9114;4853;3325;3383;3384;8221;8263;4854;9106;4857;3382;8261";4825 - Aşağıdaki lisans programlarından birinden mezun olmak. | 5135 - Ziraat Mühendisliği | 4831 - Aşağıdaki lisans programlarından birinden mezun olmak. | 3202 - Hayvansal Üretim | 8258 - Süt Teknolojisi | 8289 - Zootekni / Zooteknik | 4845 - Aşağıdaki lisans programlarından birinden mezun olmak. | 3385 - Tarla Bitkileri | 3386 - Toprak | 4212 - Bahçe ve Tarla Bitkileri | 6131 - Bitkisel Üretim | 8147 - Bahçe Bitkileri | 8158 - Bitki Koruma | 9048 - Toprak Bilimi ve Bitki Besleme | 9269 - Bitkisel Üretim ve Teknolojileri | 4846 - Aşağıdaki lisans programlarından birinden mezun olmak. | 9114 - Biyosistem Mühendisliği | 4853 - Aşağıdaki lisans programlarından birinden mezun olmak. | 3325 - Tarım Teknolojisi | 3383 - Tarım Makineleri | 3384 - Tarımsal Yapılar ve Sulama | 8221 - Kültürteknik | 8263 - Tarımsal Mekanizasyon | 4854 - Aşağıdaki lisans programlarından birinden mezun olmak. | 9106 - Tarımsal Biyoteknoloji | 4857 - Aşağıdaki lisans programlarından birinden mezun olmak. | 3382 - Tarım Ekonomisi | 8261 - Tarım İşletmeciliği;e193f06c-c25b-eb11-80fa-a0369f7d1484
2020;72;390181884;Tarım ve Orman Bakanlığı Sivas İl Müdürlüğü Şarkışla İlçe Müdürlüğü;Veteriner Hekim;Sivas;Lisans;7;0;;;"4607;6373";4607 - Aşağıdaki lisans programlarından birinden mezun olmak. | 6373 - Veteriner;d293f06c-c25b-eb11-80fa-a0369f7d1484
2020;72;390181261;Tarım ve Orman Bakanlığı Sivas İl Müdürlüğü Ulaş İlçe Müdürlüğü;Mühendis (Ziraat);Sivas;Lisans;5;1;;;"4825;5135;4831;3202;8258;8289;4845;3385;3386;4212;6131;8147;8158;9048;9269;4846;9114;4853;3325;3383;3384;8221;8263;4854;9106;4857;3382;8261";4825 - Aşağıdaki lisans programlarından birinden mezun olmak. | 5135 - Ziraat Mühendisliği | 4831 - Aşağıdaki lisans programlarından birinden mezun olmak. | 3202 - Hayvansal Üretim | 8258 - Süt Teknolojisi | 8289 - Zootekni / Zooteknik | 4845 - Aşağıdaki lisans programlarından birinden mezun olmak. | 3385 - Tarla Bitkileri | 3386 - Toprak | 4212 - Bahçe ve Tarla Bitkileri | 6131 - Bitkisel Üretim | 8147 - Bahçe Bitkileri | 8158 - Bitki Koruma | 9048 - Toprak Bilimi ve Bitki Besleme | 9269 - Bitkisel Üretim ve Teknolojileri | 4846 - Aşağıdaki lisans programlarından birinden mezun olmak. | 9114 - Biyosistem Mühendisliği | 4853 - Aşağıdaki lisans programlarından birinden mezun olmak. | 3325 - Tarım Teknolojisi | 3383 - Tarım Makineleri | 3384 - Tarımsal Yapılar ve Sulama | 8221 - Kültürteknik | 8263 - Tarımsal Mekanizasyon | 4854 - Aşağıdaki lisans programlarından birinden mezun olmak. | 9106 - Tarımsal Biyoteknoloji | 4857 - Aşağıdaki lisans programlarından birinden mezun olmak. | 3382 - Tarım Ekonomisi | 8261 - Tarım İşletmeciliği;e293f06c-c25b-eb11-80fa-a0369f7d1484
2020;72;390181262;Tarım ve Orman Bakanlığı Sivas İl Müdürlüğü Yıldızeli İlçe Müdürlüğü;Mühendis (Ziraat);Sivas;Lisans;5;2;;;"4825;5135;4831;3202;8258;8289;4845;3385;3386;4212;6131;8147;8158;9048;9269;4846;9114;4853;3325;3383;3384;8221;8263;4854;9106;4857;3382;8261";4825 - Aşağıdaki lisans programlarından birinden mezun olmak. | 5135 - Ziraat Mühendisliği | 4831 - Aşağıdaki lisans programlarından birinden mezun olmak. | 3202 - Hayvansal Üretim | 8258 - Süt Teknolojisi | 8289 - Zootekni / Zooteknik | 4845 - Aşağıdaki lisans programlarından birinden mezun olmak. | 3385 - Tarla Bitkileri | 3386 - Toprak | 4212 - Bahçe ve Tarla Bitkileri | 6131 - Bitkisel Üretim | 8147 - Bahçe Bitkileri | 8158 - Bitki Koruma | 9048 - Toprak Bilimi ve Bitki Besleme | 9269 - Bitkisel Üretim ve Teknolojileri | 4846 - Aşağıdaki lisans programlarından birinden mezun olmak. | 9114 - Biyosistem Mühendisliği | 4853 - Aşağıdaki lisans programlarından birinden mezun olmak. | 3325 - Tarım Teknolojisi | 3383 - Tarım Makineleri | 3384 - Tarımsal Yapılar ve Sulama | 8221 - Kültürteknik | 8263 - Tarımsal Mekanizasyon | 4854 - Aşağıdaki lisans programlarından birinden mezun olmak. | 9106 - Tarımsal Biyoteknoloji | 4857 - Aşağıdaki lisans programlarından birinden mezun olmak. | 3382 - Tarım Ekonomisi | 8261 - Tarım İşletmeciliği;e393f06c-c25b-eb11-80fa-a0369f7d1484
2020;72;390181885;Tarım ve Orman Bakanlığı Sivas İl Müdürlüğü Yıldızeli İlçe Müdürlüğü;Veteriner Hekim;Sivas;Lisans;6;0;;;"4607;6373";4607 - Aşağıdaki lisans programlarından birinden mezun olmak. | 6373 - Veteriner;d393f06c-c25b-eb11-80fa-a0369f7d1484
2020;72;390181263;Tarım ve Orman Bakanlığı Sivas İl Müdürlüğü Zara İlçe Müdürlüğü;Mühendis (Ziraat);Sivas;Lisans;2;0;;;"4825;5135;4831;3202;8258;8289;4845;3385;3386;4212;6131;8147;8158;9048;9269;4846;9114;4853;3325;3383;3384;8221;8263;4854;9106;4857;3382;8261";4825 - Aşağıdaki lisans programlarından birinden mezun olmak. | 5135 - Ziraat Mühendisliği | 4831 - Aşağıdaki lisans programlarından birinden mezun olmak. | 3202 - Hayvansal Üretim | 8258 - Süt Teknolojisi | 8289 - Zootekni / Zooteknik | 4845 - Aşağıdaki lisans programlarından birinden mezun olmak. | 3385 - Tarla Bitkileri | 3386 - Toprak | 4212 - Bahçe ve Tarla Bitkileri | 6131 - Bitkisel Üretim | 8147 - Bahçe Bitkileri | 8158 - Bitki Koruma | 9048 - Toprak Bilimi ve Bitki Besleme | 9269 - Bitkisel Üretim ve Teknolojileri | 4846 - Aşağıdaki lisans programlarından birinden mezun olmak. | 9114 - Biyosistem Mühendisliği | 4853 - Aşağıdaki lisans programlarından birinden mezun olmak. | 3325 - Tarım Teknolojisi | 3383 - Tarım Makineleri | 3384 - Tarımsal Yapılar ve Sulama | 8221 - Kültürteknik | 8263 - Tarımsal Mekanizasyon | 4854 - Aşağıdaki lisans programlarından birinden mezun olmak. | 9106 - Tarımsal Biyoteknoloji | 4857 - Aşağıdaki lisans programlarından birinden mezun olmak. | 3382 - Tarım Ekonomisi | 8261 - Tarım İşletmeciliği;e493f06c-c25b-eb11-80fa-a0369f7d1484
2020;72;390181886;Tarım ve Orman Bakanlığı Sivas İl Müdürlüğü Zara İlçe Müdürlüğü;Veteriner Hekim;Sivas;Lisans;4;0;;;"4607;6373";4607 - Aşağıdaki lisans programlarından birinden mezun olmak. | 6373 - Veteriner;d493f06c-c25b-eb11-80fa-a0369f7d1484
2020;72;390181887;Tarım ve Orman Bakanlığı Su Ürünleri Merkez Araştırma Enstitüsü Müdürlüğü Trabzon;Veteriner Hekim;Trabzon;Lisans;1;1;;;"4607;6373";4607 - Aşağıdaki lisans programlarından birinden mezun olmak. | 6373 - Veteriner;fe93f06c-c25b-eb11-80fa-a0369f7d1484
2020;72;390181643;Tarım ve Orman Bakanlığı Şanlıurfa 3. Bölge Müdürlüğü Şanlıurfa Şube Müdürlüğü;Mühendis (Orman);Şanlıurfa;Lisans;1;0;;;"4871;6277";4871 - Aşağıdaki lisans programlarından birinden mezun olmak. | 6277 - Orman Mühendisliği;1a94f06c-c25b-eb11-80fa-a0369f7d1484
2020;72;390181504;Tarım ve Orman Bakanlığı Şanlıurfa Gıda Kontrol Laboratuvar Müdürlüğü;Mühendis (Gıda);Şanlıurfa;Lisans;1;0;;;"4799;3191";4799 - Aşağıdaki lisans programlarından birinden mezun olmak. | 3191 - Gıda Mühendisliği;2494f06c-c25b-eb11-80fa-a0369f7d1484
2020;72;390181505;Tarım ve Orman Bakanlığı Şanlıurfa İl Müdürlüğü Akçakale İlçe Müdürlüğü;Mühendis (Gıda);Şanlıurfa;Lisans;1;0;;;"4799;3191";4799 - Aşağıdaki lisans programlarından birinden mezun olmak. | 3191 - Gıda Mühendisliği;2594f06c-c25b-eb11-80fa-a0369f7d1484
2020;72;390181888;Tarım ve Orman Bakanlığı Şanlıurfa İl Müdürlüğü Akçakale İlçe Müdürlüğü;Veteriner Hekim;Şanlıurfa;Lisans;3;0;;;"4607;6373";4607 - Aşağıdaki lisans programlarından birinden mezun olmak. | 6373 - Veteriner;1b94f06c-c25b-eb11-80fa-a0369f7d1484
2020;72;390181264;Tarım ve Orman Bakanlığı Şanlıurfa İl Müdürlüğü Birecik İlçe Müdürlüğü;Mühendis (Ziraat);Şanlıurfa;Lisans;1;0;;;"4825;5135;4831;3202;8258;8289;4845;3385;3386;4212;6131;8147;8158;9048;9269;4846;9114;4853;3325;3383;3384;8221;8263;4854;9106;4857;3382;8261";4825 - Aşağıdaki lisans programlarından birinden mezun olmak. | 5135 - Ziraat Mühendisliği | 4831 - Aşağıdaki lisans programlarından birinden mezun olmak. | 3202 - Hayvansal Üretim | 8258 - Süt Teknolojisi | 8289 - Zootekni / Zooteknik | 4845 - Aşağıdaki lisans programlarından birinden mezun olmak. | 3385 - Tarla Bitkileri | 3386 - Toprak | 4212 - Bahçe ve Tarla Bitkileri | 6131 - Bitkisel Üretim | 8147 - Bahçe Bitkileri | 8158 - Bitki Koruma | 9048 - Toprak Bilimi ve Bitki Besleme | 9269 - Bitkisel Üretim ve Teknolojileri | 4846 - Aşağıdaki lisans programlarından birinden mezun olmak. | 9114 - Biyosistem Mühendisliği | 4853 - Aşağıdaki lisans programlarından birinden mezun olmak. | 3325 - Tarım Teknolojisi | 3383 - Tarım Makineleri | 3384 - Tarımsal Yapılar ve Sulama | 8221 - Kültürteknik | 8263 - Tarımsal Mekanizasyon | 4854 - Aşağıdaki lisans programlarından birinden mezun olmak. | 9106 - Tarımsal Biyoteknoloji | 4857 - Aşağıdaki lisans programlarından birinden mezun olmak. | 3382 - Tarım Ekonomisi | 8261 - Tarım İşletmeciliği;2f94f06c-c25b-eb11-80fa-a0369f7d1484
2020;72;390181506;Tarım ve Orman Bakanlığı Şanlıurfa İl Müdürlüğü Birecik İlçe Müdürlüğü;Mühendis (Gıda);Şanlıurfa;Lisans;1;0;;;"4799;3191";4799 - Aşağıdaki lisans programlarından birinden mezun olmak. | 3191 - Gıda Mühendisliği;2694f06c-c25b-eb11-80fa-a0369f7d1484
2020;72;390181265;Tarım ve Orman Bakanlığı Şanlıurfa İl Müdürlüğü Bozova İlçe Müdürlüğü;Mühendis (Ziraat);Şanlıurfa;Lisans;2;1;;;"4825;5135;4831;3202;8258;8289;4845;3385;3386;4212;6131;8147;8158;9048;9269;4846;9114;4853;3325;3383;3384;8221;8263;4854;9106;4857;3382;8261";4825 - Aşağıdaki lisans programlarından birinden mezun olmak. | 5135 - Ziraat Mühendisliği | 4831 - Aşağıdaki lisans programlarından birinden mezun olmak. | 3202 - Hayvansal Üretim | 8258 - Süt Teknolojisi | 8289 - Zootekni / Zooteknik | 4845 - Aşağıdaki lisans programlarından birinden mezun olmak. | 3385 - Tarla Bitkileri | 3386 - Toprak | 4212 - Bahçe ve Tarla Bitkileri | 6131 - Bitkisel Üretim | 8147 - Bahçe Bitkileri | 8158 - Bitki Koruma | 9048 - Toprak Bilimi ve Bitki Besleme | 9269 - Bitkisel Üretim ve Teknolojileri | 4846 - Aşağıdaki lisans programlarından birinden mezun olmak. | 9114 - Biyosistem Mühendisliği | 4853 - Aşağıdaki lisans programlarından birinden mezun olmak. | 3325 - Tarım Teknolojisi | 3383 - Tarım Makineleri | 3384 - Tarımsal Yapılar ve Sulama | 8221 - Kültürteknik | 8263 - Tarımsal Mekanizasyon | 4854 - Aşağıdaki lisans programlarından birinden mezun olmak. | 9106 - Tarımsal Biyoteknoloji | 4857 - Aşağıdaki lisans programlarından birinden mezun olmak. | 3382 - Tarım Ekonomisi | 8261 - Tarım İşletmeciliği;3094f06c-c25b-eb11-80fa-a0369f7d1484
2020;72;390181266;Tarım ve Orman Bakanlığı Şanlıurfa İl Müdürlüğü Ceylanpınar İlçe Müdürlüğü;Mühendis (Ziraat);Şanlıurfa;Lisans;6;2;;;"4825;5135;4831;3202;8258;8289;4845;3385;3386;4212;6131;8147;8158;9048;9269;4846;9114;4853;3325;3383;3384;8221;8263;4854;9106;4857;3382;8261";4825 - Aşağıdaki lisans programlarından birinden mezun olmak. | 5135 - Ziraat Mühendisliği | 4831 - Aşağıdaki lisans programlarından birinden mezun olmak. | 3202 - Hayvansal Üretim | 8258 - Süt Teknolojisi | 8289 - Zootekni / Zooteknik | 4845 - Aşağıdaki lisans programlarından birinden mezun olmak. | 3385 - Tarla Bitkileri | 3386 - Toprak | 4212 - Bahçe ve Tarla Bitkileri | 6131 - Bitkisel Üretim | 8147 - Bahçe Bitkileri | 8158 - Bitki Koruma | 9048 - Toprak Bilimi ve Bitki Besleme | 9269 - Bitkisel Üretim ve Teknolojileri | 4846 - Aşağıdaki lisans programlarından birinden mezun olmak. | 9114 - Biyosistem Mühendisliği | 4853 - Aşağıdaki lisans programlarından birinden mezun olmak. | 3325 - Tarım Teknolojisi | 3383 - Tarım Makineleri | 3384 - Tarımsal Yapılar ve Sulama | 8221 - Kültürteknik | 8263 - Tarımsal Mekanizasyon | 4854 - Aşağıdaki lisans programlarından birinden mezun olmak. | 9106 - Tarımsal Biyoteknoloji | 4857 - Aşağıdaki lisans programlarından birinden mezun olmak. | 3382 - Tarım Ekonomisi | 8261 - Tarım İşletmeciliği;3194f06c-c25b-eb11-80fa-a0369f7d1484
2020;72;390181507;Tarım ve Orman Bakanlığı Şanlıurfa İl Müdürlüğü Ceylanpınar İlçe Müdürlüğü;Mühendis (Gıda);Şanlıurfa;Lisans;1;0;;;"4799;3191";4799 - Aşağıdaki lisans programlarından birinden mezun olmak. | 3191 - Gıda Mühendisliği;2794f06c-c25b-eb11-80fa-a0369f7d1484
2020;72;390181889;Tarım ve Orman Bakanlığı Şanlıurfa İl Müdürlüğü Ceylanpınar İlçe Müdürlüğü;Veteriner Hekim;Şanlıurfa;Lisans;4;0;;;"4607;6373";4607 - Aşağıdaki lisans programlarından birinden mezun olmak. | 6373 - Veteriner;1c94f06c-c25b-eb11-80fa-a0369f7d1484
2020;72;390181508;Tarım ve Orman Bakanlığı Şanlıurfa İl Müdürlüğü Eyyübiye İlçe Müdürlüğü;Mühendis (Gıda);Şanlıurfa;Lisans;2;0;;;"4799;3191";4799 - Aşağıdaki lisans programlarından birinden mezun olmak. | 3191 - Gıda Mühendisliği;2894f06c-c25b-eb11-80fa-a0369f7d1484
2020;72;390181890;Tarım ve Orman Bakanlığı Şanlıurfa İl Müdürlüğü Eyyübiye İlçe Müdürlüğü;Veteriner Hekim;Şanlıurfa;Lisans;7;0;;;"4607;6373";4607 - Aşağıdaki lisans programlarından birinden mezun olmak. | 6373 - Veteriner;1d94f06c-c25b-eb11-80fa-a0369f7d1484
2020;72;390181509;Tarım ve Orman Bakanlığı Şanlıurfa İl Müdürlüğü Gıda ve Yem Şube Müdürlüğü;Mühendis (Gıda);Şanlıurfa;Lisans;3;0;;;"4799;3191";4799 - Aşağıdaki lisans programlarından birinden mezun olmak. | 3191 - Gıda Mühendisliği;2994f06c-c25b-eb11-80fa-a0369f7d1484
2020;72;390181267;Tarım ve Orman Bakanlığı Şanlıurfa İl Müdürlüğü Halfeti İlçe Müdürlüğü;Mühendis (Ziraat);Şanlıurfa;Lisans;1;1;;;"4825;5135;4831;3202;8258;8289;4845;3385;3386;4212;6131;8147;8158;9048;9269;4846;9114;4853;3325;3383;3384;8221;8263;4854;9106;4857;3382;8261";4825 - Aşağıdaki lisans programlarından birinden mezun olmak. | 5135 - Ziraat Mühendisliği | 4831 - Aşağıdaki lisans programlarından birinden mezun olmak. | 3202 - Hayvansal Üretim | 8258 - Süt Teknolojisi | 8289 - Zootekni / Zooteknik | 4845 - Aşağıdaki lisans programlarından birinden mezun olmak. | 3385 - Tarla Bitkileri | 3386 - Toprak | 4212 - Bahçe ve Tarla Bitkileri | 6131 - Bitkisel Üretim | 8147 - Bahçe Bitkileri | 8158 - Bitki Koruma | 9048 - Toprak Bilimi ve Bitki Besleme | 9269 - Bitkisel Üretim ve Teknolojileri | 4846 - Aşağıdaki lisans programlarından birinden mezun olmak. | 9114 - Biyosistem Mühendisliği | 4853 - Aşağıdaki lisans programlarından birinden mezun olmak. | 3325 - Tarım Teknolojisi | 3383 - Tarım Makineleri | 3384 - Tarımsal Yapılar ve Sulama | 8221 - Kültürteknik | 8263 - Tarımsal Mekanizasyon | 4854 - Aşağıdaki lisans programlarından birinden mezun olmak. | 9106 - Tarımsal Biyoteknoloji | 4857 - Aşağıdaki lisans programlarından birinden mezun olmak. | 3382 - Tarım Ekonomisi | 8261 - Tarım İşletmeciliği;3294f06c-c25b-eb11-80fa-a0369f7d1484
2020;72;390181618;Tarım ve Orman Bakanlığı Şanlıurfa İl Müdürlüğü Halfeti İlçe Müdürlüğü;Mühendis (Su Ürünleri);Şanlıurfa;Lisans;1;3;;;"4819;3202;3320;8337";4819 - Aşağıdaki lisans programlarından birinden mezun olmak. | 3202 - Hayvansal Üretim | 3320 - Su Ürünleri | 8337 - Su Ürünleri Mühendisliği;1794f06c-c25b-eb11-80fa-a0369f7d1484
2020;72;390181510;Tarım ve Orman Bakanlığı Şanlıurfa İl Müdürlüğü Haliliye İlçe Müdürlüğü;Mühendis (Gıda);Şanlıurfa;Lisans;2;0;;;"4799;3191";4799 - Aşağıdaki lisans programlarından birinden mezun olmak. | 3191 - Gıda Mühendisliği;2a94f06c-c25b-eb11-80fa-a0369f7d1484
2020;72;390181891;Tarım ve Orman Bakanlığı Şanlıurfa İl Müdürlüğü Haliliye İlçe Müdürlüğü;Veteriner Hekim;Şanlıurfa;Lisans;1;0;;;"4607;6373";4607 - Aşağıdaki lisans programlarından birinden mezun olmak. | 6373 - Veteriner;1e94f06c-c25b-eb11-80fa-a0369f7d1484
2020;72;390181268;Tarım ve Orman Bakanlığı Şanlıurfa İl Müdürlüğü Harran İlçe Müdürlüğü;Mühendis (Ziraat);Şanlıurfa;Lisans;5;2;;;"4825;5135;4831;3202;8258;8289;4845;3385;3386;4212;6131;8147;8158;9048;9269;4846;9114;4853;3325;3383;3384;8221;8263;4854;9106;4857;3382;8261";4825 - Aşağıdaki lisans programlarından birinden mezun olmak. | 5135 - Ziraat Mühendisliği | 4831 - Aşağıdaki lisans programlarından birinden mezun olmak. | 3202 - Hayvansal Üretim | 8258 - Süt Teknolojisi | 8289 - Zootekni / Zooteknik | 4845 - Aşağıdaki lisans programlarından birinden mezun olmak. | 3385 - Tarla Bitkileri | 3386 - Toprak | 4212 - Bahçe ve Tarla Bitkileri | 6131 - Bitkisel Üretim | 8147 - Bahçe Bitkileri | 8158 - Bitki Koruma | 9048 - Toprak Bilimi ve Bitki Besleme | 9269 - Bitkisel Üretim ve Teknolojileri | 4846 - Aşağıdaki lisans programlarından birinden mezun olmak. | 9114 - Biyosistem Mühendisliği | 4853 - Aşağıdaki lisans programlarından birinden mezun olmak. | 3325 - Tarım Teknolojisi | 3383 - Tarım Makineleri | 3384 - Tarımsal Yapılar ve Sulama | 8221 - Kültürteknik | 8263 - Tarımsal Mekanizasyon | 4854 - Aşağıdaki lisans programlarından birinden mezun olmak. | 9106 - Tarımsal Biyoteknoloji | 4857 - Aşağıdaki lisans programlarından birinden mezun olmak. | 3382 - Tarım Ekonomisi | 8261 - Tarım İşletmeciliği;3394f06c-c25b-eb11-80fa-a0369f7d1484
2020;72;390181892;Tarım ve Orman Bakanlığı Şanlıurfa İl Müdürlüğü Harran İlçe Müdürlüğü;Veteriner Hekim;Şanlıurfa;Lisans;2;0;;;"4607;6373";4607 - Aşağıdaki lisans programlarından birinden mezun olmak. | 6373 - Veteriner;1f94f06c-c25b-eb11-80fa-a0369f7d1484
2020;72;390181269;Tarım ve Orman Bakanlığı Şanlıurfa İl Müdürlüğü Hilvan İlçe Müdürlüğü;Mühendis (Ziraat);Şanlıurfa;Lisans;3;2;;;"4825;5135;4831;3202;8258;8289;4845;3385;3386;4212;6131;8147;8158;9048;9269;4846;9114;4853;3325;3383;3384;8221;8263;4854;9106;4857;3382;8261";4825 - Aşağıdaki lisans programlarından birinden mezun olmak. | 5135 - Ziraat Mühendisliği | 4831 - Aşağıdaki lisans programlarından birinden mezun olmak. | 3202 - Hayvansal Üretim | 8258 - Süt Teknolojisi | 8289 - Zootekni / Zooteknik | 4845 - Aşağıdaki lisans programlarından birinden mezun olmak. | 3385 - Tarla Bitkileri | 3386 - Toprak | 4212 - Bahçe ve Tarla Bitkileri | 6131 - Bitkisel Üretim | 8147 - Bahçe Bitkileri | 8158 - Bitki Koruma | 9048 - Toprak Bilimi ve Bitki Besleme | 9269 - Bitkisel Üretim ve Teknolojileri | 4846 - Aşağıdaki lisans programlarından birinden mezun olmak. | 9114 - Biyosistem Mühendisliği | 4853 - Aşağıdaki lisans programlarından birinden mezun olmak. | 3325 - Tarım Teknolojisi | 3383 - Tarım Makineleri | 3384 - Tarımsal Yapılar ve Sulama | 8221 - Kültürteknik | 8263 - Tarımsal Mekanizasyon | 4854 - Aşağıdaki lisans programlarından birinden mezun olmak. | 9106 - Tarımsal Biyoteknoloji | 4857 - Aşağıdaki lisans programlarından birinden mezun olmak. | 3382 - Tarım Ekonomisi | 8261 - Tarım İşletmeciliği;3494f06c-c25b-eb11-80fa-a0369f7d1484
2020;72;390181893;Tarım ve Orman Bakanlığı Şanlıurfa İl Müdürlüğü Hilvan İlçe Müdürlüğü;Veteriner Hekim;Şanlıurfa;Lisans;6;0;;;"4607;6373";4607 - Aşağıdaki lisans programlarından birinden mezun olmak. | 6373 - Veteriner;2094f06c-c25b-eb11-80fa-a0369f7d1484
2020;72;390181511;Tarım ve Orman Bakanlığı Şanlıurfa İl Müdürlüğü Karaköprü İlçe Müdürlüğü;Mühendis (Gıda);Şanlıurfa;Lisans;2;0;;;"4799;3191";4799 - Aşağıdaki lisans programlarından birinden mezun olmak. | 3191 - Gıda Mühendisliği;2b94f06c-c25b-eb11-80fa-a0369f7d1484
2020;72;390181619;Tarım ve Orman Bakanlığı Şanlıurfa İl Müdürlüğü Karaköprü İlçe Müdürlüğü;Mühendis (Su Ürünleri);Şanlıurfa;Lisans;1;1;;;"4819;3202;3320;8337";4819 - Aşağıdaki lisans programlarından birinden mezun olmak. | 3202 - Hayvansal Üretim | 3320 - Su Ürünleri | 8337 - Su Ürünleri Mühendisliği;1894f06c-c25b-eb11-80fa-a0369f7d1484
2020;72;390181270;Tarım ve Orman Bakanlığı Şanlıurfa İl Müdürlüğü Siverek İlçe Müdürlüğü;Mühendis (Ziraat);Şanlıurfa;Lisans;6;2;;;"4825;5135;4831;3202;8258;8289;4845;3385;3386;4212;6131;8147;8158;9048;9269;4846;9114;4853;3325;3383;3384;8221;8263;4854;9106;4857;3382;8261";4825 - Aşağıdaki lisans programlarından birinden mezun olmak. | 5135 - Ziraat Mühendisliği | 4831 - Aşağıdaki lisans programlarından birinden mezun olmak. | 3202 - Hayvansal Üretim | 8258 - Süt Teknolojisi | 8289 - Zootekni / Zooteknik | 4845 - Aşağıdaki lisans programlarından birinden mezun olmak. | 3385 - Tarla Bitkileri | 3386 - Toprak | 4212 - Bahçe ve Tarla Bitkileri | 6131 - Bitkisel Üretim | 8147 - Bahçe Bitkileri | 8158 - Bitki Koruma | 9048 - Toprak Bilimi ve Bitki Besleme | 9269 - Bitkisel Üretim ve Teknolojileri | 4846 - Aşağıdaki lisans programlarından birinden mezun olmak. | 9114 - Biyosistem Mühendisliği | 4853 - Aşağıdaki lisans programlarından birinden mezun olmak. | 3325 - Tarım Teknolojisi | 3383 - Tarım Makineleri | 3384 - Tarımsal Yapılar ve Sulama | 8221 - Kültürteknik | 8263 - Tarımsal Mekanizasyon | 4854 - Aşağıdaki lisans programlarından birinden mezun olmak. | 9106 - Tarımsal Biyoteknoloji | 4857 - Aşağıdaki lisans programlarından birinden mezun olmak. | 3382 - Tarım Ekonomisi | 8261 - Tarım İşletmeciliği;3594f06c-c25b-eb11-80fa-a0369f7d1484
2020;72;390181512;Tarım ve Orman Bakanlığı Şanlıurfa İl Müdürlüğü Siverek İlçe Müdürlüğü;Mühendis (Gıda);Şanlıurfa;Lisans;2;0;;;"4799;3191";4799 - Aşağıdaki lisans programlarından birinden mezun olmak. | 3191 - Gıda Mühendisliği;2c94f06c-c25b-eb11-80fa-a0369f7d1484
2020;72;390181620;Tarım ve Orman Bakanlığı Şanlıurfa İl Müdürlüğü Siverek İlçe Müdürlüğü;Mühendis (Su Ürünleri);Şanlıurfa;Lisans;1;1;;;"4819;3202;3320;8337";4819 - Aşağıdaki lisans programlarından birinden mezun olmak. | 3202 - Hayvansal Üretim | 3320 - Su Ürünleri | 8337 - Su Ürünleri Mühendisliği;1994f06c-c25b-eb11-80fa-a0369f7d1484
2020;72;390181894;Tarım ve Orman Bakanlığı Şanlıurfa İl Müdürlüğü Siverek İlçe Müdürlüğü;Veteriner Hekim;Şanlıurfa;Lisans;6;0;;;"4607;6373";4607 - Aşağıdaki lisans programlarından birinden mezun olmak. | 6373 - Veteriner;2194f06c-c25b-eb11-80fa-a0369f7d1484
2020;72;390181271;Tarım ve Orman Bakanlığı Şanlıurfa İl Müdürlüğü Suruç İlçe Müdürlüğü;Mühendis (Ziraat);Şanlıurfa;Lisans;1;0;;;"4825;5135;4831;3202;8258;8289;4845;3385;3386;4212;6131;8147;8158;9048;9269;4846;9114;4853;3325;3383;3384;8221;8263;4854;9106;4857;3382;8261";4825 - Aşağıdaki lisans programlarından birinden mezun olmak. | 5135 - Ziraat Mühendisliği | 4831 - Aşağıdaki lisans programlarından birinden mezun olmak. | 3202 - Hayvansal Üretim | 8258 - Süt Teknolojisi | 8289 - Zootekni / Zooteknik | 4845 - Aşağıdaki lisans programlarından birinden mezun olmak. | 3385 - Tarla Bitkileri | 3386 - Toprak | 4212 - Bahçe ve Tarla Bitkileri | 6131 - Bitkisel Üretim | 8147 - Bahçe Bitkileri | 8158 - Bitki Koruma | 9048 - Toprak Bilimi ve Bitki Besleme | 9269 - Bitkisel Üretim ve Teknolojileri | 4846 - Aşağıdaki lisans programlarından birinden mezun olmak. | 9114 - Biyosistem Mühendisliği | 4853 - Aşağıdaki lisans programlarından birinden mezun olmak. | 3325 - Tarım Teknolojisi | 3383 - Tarım Makineleri | 3384 - Tarımsal Yapılar ve Sulama | 8221 - Kültürteknik | 8263 - Tarımsal Mekanizasyon | 4854 - Aşağıdaki lisans programlarından birinden mezun olmak. | 9106 - Tarımsal Biyoteknoloji | 4857 - Aşağıdaki lisans programlarından birinden mezun olmak. | 3382 - Tarım Ekonomisi | 8261 - Tarım İşletmeciliği;3694f06c-c25b-eb11-80fa-a0369f7d1484
2020;72;390181513;Tarım ve Orman Bakanlığı Şanlıurfa İl Müdürlüğü Suruç İlçe Müdürlüğü;Mühendis (Gıda);Şanlıurfa;Lisans;2;0;;;"4799;3191";4799 - Aşağıdaki lisans programlarından birinden mezun olmak. | 3191 - Gıda Mühendisliği;2d94f06c-c25b-eb11-80fa-a0369f7d1484
2020;72;390181895;Tarım ve Orman Bakanlığı Şanlıurfa İl Müdürlüğü Suruç İlçe Müdürlüğü;Veteriner Hekim;Şanlıurfa;Lisans;4;0;;;"4607;6373";4607 - Aşağıdaki lisans programlarından birinden mezun olmak. | 6373 - Veteriner;2294f06c-c25b-eb11-80fa-a0369f7d1484
2020;72;390181272;Tarım ve Orman Bakanlığı Şanlıurfa İl Müdürlüğü Viranşehir İlçe Müdürlüğü;Mühendis (Ziraat);Şanlıurfa;Lisans;1;1;;;"4825;5135;4831;3202;8258;8289;4845;3385;3386;4212;6131;8147;8158;9048;9269;4846;9114;4853;3325;3383;3384;8221;8263;4854;9106;4857;3382;8261";4825 - Aşağıdaki lisans programlarından birinden mezun olmak. | 5135 - Ziraat Mühendisliği | 4831 - Aşağıdaki lisans programlarından birinden mezun olmak. | 3202 - Hayvansal Üretim | 8258 - Süt Teknolojisi | 8289 - Zootekni / Zooteknik | 4845 - Aşağıdaki lisans programlarından birinden mezun olmak. | 3385 - Tarla Bitkileri | 3386 - Toprak | 4212 - Bahçe ve Tarla Bitkileri | 6131 - Bitkisel Üretim | 8147 - Bahçe Bitkileri | 8158 - Bitki Koruma | 9048 - Toprak Bilimi ve Bitki Besleme | 9269 - Bitkisel Üretim ve Teknolojileri | 4846 - Aşağıdaki lisans programlarından birinden mezun olmak. | 9114 - Biyosistem Mühendisliği | 4853 - Aşağıdaki lisans programlarından birinden mezun olmak. | 3325 - Tarım Teknolojisi | 3383 - Tarım Makineleri | 3384 - Tarımsal Yapılar ve Sulama | 8221 - Kültürteknik | 8263 - Tarımsal Mekanizasyon | 4854 - Aşağıdaki lisans programlarından birinden mezun olmak. | 9106 - Tarımsal Biyoteknoloji | 4857 - Aşağıdaki lisans programlarından birinden mezun olmak. | 3382 - Tarım Ekonomisi | 8261 - Tarım İşletmeciliği;3794f06c-c25b-eb11-80fa-a0369f7d1484
2020;72;390181514;Tarım ve Orman Bakanlığı Şanlıurfa İl Müdürlüğü Viranşehir İlçe Müdürlüğü;Mühendis (Gıda);Şanlıurfa;Lisans;1;0;;;"4799;3191";4799 - Aşağıdaki lisans programlarından birinden mezun olmak. | 3191 - Gıda Mühendisliği;2e94f06c-c25b-eb11-80fa-a0369f7d1484
2020;72;390181896;Tarım ve Orman Bakanlığı Şanlıurfa İl Müdürlüğü Viranşehir İlçe Müdürlüğü;Veteriner Hekim;Şanlıurfa;Lisans;2;0;;;"4607;6373";4607 - Aşağıdaki lisans programlarından birinden mezun olmak. | 6373 - Veteriner;2394f06c-c25b-eb11-80fa-a0369f7d1484
2020;72;390181897;Tarım ve Orman Bakanlığı Şırnak Habur Veteriner Sınır Kontrol Noktası Müdürlüğü;Veteriner Hekim;Şırnak;Lisans;5;0;;;"4607;6373";4607 - Aşağıdaki lisans programlarından birinden mezun olmak. | 6373 - Veteriner;b794f06c-c25b-eb11-80fa-a0369f7d1484
2020;72;390181273;Tarım ve Orman Bakanlığı Şırnak İl Müdürlüğü Arazi Toplulaştırma ve Tarımsal Altyapı Şube Müdürlüğü;Mühendis (Ziraat);Şırnak;Lisans;2;0;;;"4825;5135;4831;3202;8258;8289;4845;3385;3386;4212;6131;8147;8158;9048;9269;4846;9114;4853;3325;3383;3384;8221;8263;4854;9106;4857;3382;8261";4825 - Aşağıdaki lisans programlarından birinden mezun olmak. | 5135 - Ziraat Mühendisliği | 4831 - Aşağıdaki lisans programlarından birinden mezun olmak. | 3202 - Hayvansal Üretim | 8258 - Süt Teknolojisi | 8289 - Zootekni / Zooteknik | 4845 - Aşağıdaki lisans programlarından birinden mezun olmak. | 3385 - Tarla Bitkileri | 3386 - Toprak | 4212 - Bahçe ve Tarla Bitkileri | 6131 - Bitkisel Üretim | 8147 - Bahçe Bitkileri | 8158 - Bitki Koruma | 9048 - Toprak Bilimi ve Bitki Besleme | 9269 - Bitkisel Üretim ve Teknolojileri | 4846 - Aşağıdaki lisans programlarından birinden mezun olmak. | 9114 - Biyosistem Mühendisliği | 4853 - Aşağıdaki lisans programlarından birinden mezun olmak. | 3325 - Tarım Teknolojisi | 3383 - Tarım Makineleri | 3384 - Tarımsal Yapılar ve Sulama | 8221 - Kültürteknik | 8263 - Tarımsal Mekanizasyon | 4854 - Aşağıdaki lisans programlarından birinden mezun olmak. | 9106 - Tarımsal Biyoteknoloji | 4857 - Aşağıdaki lisans programlarından birinden mezun olmak. | 3382 - Tarım Ekonomisi | 8261 - Tarım İşletmeciliği;c594f06c-c25b-eb11-80fa-a0369f7d1484
2020;72;390181274;Tarım ve Orman Bakanlığı Şırnak İl Müdürlüğü Beytüşşebap İlçe Müdürlüğü;Mühendis (Ziraat);Şırnak;Lisans;3;0;;;"4825;5135;4831;3202;8258;8289;4845;3385;3386;4212;6131;8147;8158;9048;9269;4846;9114;4853;3325;3383;3384;8221;8263;4854;9106;4857;3382;8261";4825 - Aşağıdaki lisans programlarından birinden mezun olmak. | 5135 - Ziraat Mühendisliği | 4831 - Aşağıdaki lisans programlarından birinden mezun olmak. | 3202 - Hayvansal Üretim | 8258 - Süt Teknolojisi | 8289 - Zootekni / Zooteknik | 4845 - Aşağıdaki lisans programlarından birinden mezun olmak. | 3385 - Tarla Bitkileri | 3386 - Toprak | 4212 - Bahçe ve Tarla Bitkileri | 6131 - Bitkisel Üretim | 8147 - Bahçe Bitkileri | 8158 - Bitki Koruma | 9048 - Toprak Bilimi ve Bitki Besleme | 9269 - Bitkisel Üretim ve Teknolojileri | 4846 - Aşağıdaki lisans programlarından birinden mezun olmak. | 9114 - Biyosistem Mühendisliği | 4853 - Aşağıdaki lisans programlarından birinden mezun olmak. | 3325 - Tarım Teknolojisi | 3383 - Tarım Makineleri | 3384 - Tarımsal Yapılar ve Sulama | 8221 - Kültürteknik | 8263 - Tarımsal Mekanizasyon | 4854 - Aşağıdaki lisans programlarından birinden mezun olmak. | 9106 - Tarımsal Biyoteknoloji | 4857 - Aşağıdaki lisans programlarından birinden mezun olmak. | 3382 - Tarım Ekonomisi | 8261 - Tarım İşletmeciliği;c694f06c-c25b-eb11-80fa-a0369f7d1484
2020;72;390181898;Tarım ve Orman Bakanlığı Şırnak İl Müdürlüğü Beytüşşebap İlçe Müdürlüğü;Veteriner Hekim;Şırnak;Lisans;4;0;;;"4607;6373";4607 - Aşağıdaki lisans programlarından birinden mezun olmak. | 6373 - Veteriner;b894f06c-c25b-eb11-80fa-a0369f7d1484
2020;72;390181275;Tarım ve Orman Bakanlığı Şırnak İl Müdürlüğü Bitkisel Üretim ve Bitki Sağlığı Şube Müdürlüğü;Mühendis (Ziraat);Şırnak;Lisans;2;0;;;"4825;5135;4831;3202;8258;8289;4845;3385;3386;4212;6131;8147;8158;9048;9269;4846;9114;4853;3325;3383;3384;8221;8263;4854;9106;4857;3382;8261";4825 - Aşağıdaki lisans programlarından birinden mezun olmak. | 5135 - Ziraat Mühendisliği | 4831 - Aşağıdaki lisans programlarından birinden mezun olmak. | 3202 - Hayvansal Üretim | 8258 - Süt Teknolojisi | 8289 - Zootekni / Zooteknik | 4845 - Aşağıdaki lisans programlarından birinden mezun olmak. | 3385 - Tarla Bitkileri | 3386 - Toprak | 4212 - Bahçe ve Tarla Bitkileri | 6131 - Bitkisel Üretim | 8147 - Bahçe Bitkileri | 8158 - Bitki Koruma | 9048 - Toprak Bilimi ve Bitki Besleme | 9269 - Bitkisel Üretim ve Teknolojileri | 4846 - Aşağıdaki lisans programlarından birinden mezun olmak. | 9114 - Biyosistem Mühendisliği | 4853 - Aşağıdaki lisans programlarından birinden mezun olmak. | 3325 - Tarım Teknolojisi | 3383 - Tarım Makineleri | 3384 - Tarımsal Yapılar ve Sulama | 8221 - Kültürteknik | 8263 - Tarımsal Mekanizasyon | 4854 - Aşağıdaki lisans programlarından birinden mezun olmak. | 9106 - Tarımsal Biyoteknoloji | 4857 - Aşağıdaki lisans programlarından birinden mezun olmak. | 3382 - Tarım Ekonomisi | 8261 - Tarım İşletmeciliği;c794f06c-c25b-eb11-80fa-a0369f7d1484
2020;72;390181515;Tarım ve Orman Bakanlığı Şırnak İl Müdürlüğü Cizre İlçe Müdürlüğü;Mühendis (Gıda);Şırnak;Lisans;1;0;;;"4799;3191";4799 - Aşağıdaki lisans programlarından birinden mezun olmak. | 3191 - Gıda Mühendisliği;c194f06c-c25b-eb11-80fa-a0369f7d1484
2020;72;390181899;Tarım ve Orman Bakanlığı Şırnak İl Müdürlüğü Cizre İlçe Müdürlüğü;Veteriner Hekim;Şırnak;Lisans;5;0;;;"4607;6373";4607 - Aşağıdaki lisans programlarından birinden mezun olmak. | 6373 - Veteriner;b994f06c-c25b-eb11-80fa-a0369f7d1484
2020;72;390181276;Tarım ve Orman Bakanlığı Şırnak İl Müdürlüğü Gıda ve Yem Şube Müdürlüğü;Mühendis (Ziraat);Şırnak;Lisans;5;0;;;"4825;5135;4831;3202;8258;8289;4845;3385;3386;4212;6131;8147;8158;9048;9269;4846;9114;4853;3325;3383;3384;8221;8263;4854;9106;4857;3382;8261";4825 - Aşağıdaki lisans programlarından birinden mezun olmak. | 5135 - Ziraat Mühendisliği | 4831 - Aşağıdaki lisans programlarından birinden mezun olmak. | 3202 - Hayvansal Üretim | 8258 - Süt Teknolojisi | 8289 - Zootekni / Zooteknik | 4845 - Aşağıdaki lisans programlarından birinden mezun olmak. | 3385 - Tarla Bitkileri | 3386 - Toprak | 4212 - Bahçe ve Tarla Bitkileri | 6131 - Bitkisel Üretim | 8147 - Bahçe Bitkileri | 8158 - Bitki Koruma | 9048 - Toprak Bilimi ve Bitki Besleme | 9269 - Bitkisel Üretim ve Teknolojileri | 4846 - Aşağıdaki lisans programlarından birinden mezun olmak. | 9114 - Biyosistem Mühendisliği | 4853 - Aşağıdaki lisans programlarından birinden mezun olmak. | 3325 - Tarım Teknolojisi | 3383 - Tarım Makineleri | 3384 - Tarımsal Yapılar ve Sulama | 8221 - Kültürteknik | 8263 - Tarımsal Mekanizasyon | 4854 - Aşağıdaki lisans programlarından birinden mezun olmak. | 9106 - Tarımsal Biyoteknoloji | 4857 - Aşağıdaki lisans programlarından birinden mezun olmak. | 3382 - Tarım Ekonomisi | 8261 - Tarım İşletmeciliği;c894f06c-c25b-eb11-80fa-a0369f7d1484
2020;72;390181516;Tarım ve Orman Bakanlığı Şırnak İl Müdürlüğü Gıda ve Yem Şube Müdürlüğü;Mühendis (Gıda);Şırnak;Lisans;1;0;;;"4799;3191";4799 - Aşağıdaki lisans programlarından birinden mezun olmak. | 3191 - Gıda Mühendisliği;c294f06c-c25b-eb11-80fa-a0369f7d1484
2020;72;390181900;Tarım ve Orman Bakanlığı Şırnak İl Müdürlüğü Gıda ve Yem Şube Müdürlüğü;Veteriner Hekim;Şırnak;Lisans;6;0;;;"4607;6373";4607 - Aşağıdaki lisans programlarından birinden mezun olmak. | 6373 - Veteriner;ba94f06c-c25b-eb11-80fa-a0369f7d1484
2020;72;390181277;Tarım ve Orman Bakanlığı Şırnak İl Müdürlüğü Güçlükonak İlçe Müdürlüğü;Mühendis (Ziraat);Şırnak;Lisans;3;0;;;"4825;5135;4831;3202;8258;8289;4845;3385;3386;4212;6131;8147;8158;9048;9269;4846;9114;4853;3325;3383;3384;8221;8263;4854;9106;4857;3382;8261";4825 - Aşağıdaki lisans programlarından birinden mezun olmak. | 5135 - Ziraat Mühendisliği | 4831 - Aşağıdaki lisans programlarından birinden mezun olmak. | 3202 - Hayvansal Üretim | 8258 - Süt Teknolojisi | 8289 - Zootekni / Zooteknik | 4845 - Aşağıdaki lisans programlarından birinden mezun olmak. | 3385 - Tarla Bitkileri | 3386 - Toprak | 4212 - Bahçe ve Tarla Bitkileri | 6131 - Bitkisel Üretim | 8147 - Bahçe Bitkileri | 8158 - Bitki Koruma | 9048 - Toprak Bilimi ve Bitki Besleme | 9269 - Bitkisel Üretim ve Teknolojileri | 4846 - Aşağıdaki lisans programlarından birinden mezun olmak. | 9114 - Biyosistem Mühendisliği | 4853 - Aşağıdaki lisans programlarından birinden mezun olmak. | 3325 - Tarım Teknolojisi | 3383 - Tarım Makineleri | 3384 - Tarımsal Yapılar ve Sulama | 8221 - Kültürteknik | 8263 - Tarımsal Mekanizasyon | 4854 - Aşağıdaki lisans programlarından birinden mezun olmak. | 9106 - Tarımsal Biyoteknoloji | 4857 - Aşağıdaki lisans programlarından birinden mezun olmak. | 3382 - Tarım Ekonomisi | 8261 - Tarım İşletmeciliği;c994f06c-c25b-eb11-80fa-a0369f7d1484
2020;72;390181901;Tarım ve Orman Bakanlığı Şırnak İl Müdürlüğü Güçlükonak İlçe Müdürlüğü;Veteriner Hekim;Şırnak;Lisans;1;0;;;"4607;6373";4607 - Aşağıdaki lisans programlarından birinden mezun olmak. | 6373 - Veteriner;bb94f06c-c25b-eb11-80fa-a0369f7d1484
2020;72;390181902;Tarım ve Orman Bakanlığı Şırnak İl Müdürlüğü Hayvan Sağlığı,Yetiştiriciliği ve Su Ürünleri Şube Müdürlüğü;Veteriner Hekim;Şırnak;Lisans;4;0;;;"4607;6373";4607 - Aşağıdaki lisans programlarından birinden mezun olmak. | 6373 - Veteriner;bc94f06c-c25b-eb11-80fa-a0369f7d1484
2020;72;390181278;Tarım ve Orman Bakanlığı Şırnak İl Müdürlüğü İdil İlçe Müdürlüğü;Mühendis (Ziraat);Şırnak;Lisans;6;0;;;"4825;5135;4831;3202;8258;8289;4845;3385;3386;4212;6131;8147;8158;9048;9269;4846;9114;4853;3325;3383;3384;8221;8263;4854;9106;4857;3382;8261";4825 - Aşağıdaki lisans programlarından birinden mezun olmak. | 5135 - Ziraat Mühendisliği | 4831 - Aşağıdaki lisans programlarından birinden mezun olmak. | 3202 - Hayvansal Üretim | 8258 - Süt Teknolojisi | 8289 - Zootekni / Zooteknik | 4845 - Aşağıdaki lisans programlarından birinden mezun olmak. | 3385 - Tarla Bitkileri | 3386 - Toprak | 4212 - Bahçe ve Tarla Bitkileri | 6131 - Bitkisel Üretim | 8147 - Bahçe Bitkileri | 8158 - Bitki Koruma | 9048 - Toprak Bilimi ve Bitki Besleme | 9269 - Bitkisel Üretim ve Teknolojileri | 4846 - Aşağıdaki lisans programlarından birinden mezun olmak. | 9114 - Biyosistem Mühendisliği | 4853 - Aşağıdaki lisans programlarından birinden mezun olmak. | 3325 - Tarım Teknolojisi | 3383 - Tarım Makineleri | 3384 - Tarımsal Yapılar ve Sulama | 8221 - Kültürteknik | 8263 - Tarımsal Mekanizasyon | 4854 - Aşağıdaki lisans programlarından birinden mezun olmak. | 9106 - Tarımsal Biyoteknoloji | 4857 - Aşağıdaki lisans programlarından birinden mezun olmak. | 3382 - Tarım Ekonomisi | 8261 - Tarım İşletmeciliği;ca94f06c-c25b-eb11-80fa-a0369f7d1484
2020;72;390181517;Tarım ve Orman Bakanlığı Şırnak İl Müdürlüğü İdil İlçe Müdürlüğü;Mühendis (Gıda);Şırnak;Lisans;1;0;;;"4799;3191";4799 - Aşağıdaki lisans programlarından birinden mezun olmak. | 3191 - Gıda Mühendisliği;c394f06c-c25b-eb11-80fa-a0369f7d1484
2020;72;390181903;Tarım ve Orman Bakanlığı Şırnak İl Müdürlüğü İdil İlçe Müdürlüğü;Veteriner Hekim;Şırnak;Lisans;6;0;;;"4607;6373";4607 - Aşağıdaki lisans programlarından birinden mezun olmak. | 6373 - Veteriner;bd94f06c-c25b-eb11-80fa-a0369f7d1484
2020;72;390181904;Tarım ve Orman Bakanlığı Şırnak İl Müdürlüğü Koordinasyon ve Tarımsal Veriler Şube Müdürlüğü;Veteriner Hekim;Şırnak;Lisans;1;0;;;"4607;6373";4607 - Aşağıdaki lisans programlarından birinden mezun olmak. | 6373 - Veteriner;be94f06c-c25b-eb11-80fa-a0369f7d1484
2020;72;390181279;Tarım ve Orman Bakanlığı Şırnak İl Müdürlüğü Silopi İlçe Müdürlüğü;Mühendis (Ziraat);Şırnak;Lisans;17;1;;;"4825;5135;4831;3202;8258;8289;4845;3385;3386;4212;6131;8147;8158;9048;9269;4846;9114;4853;3325;3383;3384;8221;8263;4854;9106;4857;3382;8261";4825 - Aşağıdaki lisans programlarından birinden mezun olmak. | 5135 - Ziraat Mühendisliği | 4831 - Aşağıdaki lisans programlarından birinden mezun olmak. | 3202 - Hayvansal Üretim | 8258 - Süt Teknolojisi | 8289 - Zootekni / Zooteknik | 4845 - Aşağıdaki lisans programlarından birinden mezun olmak. | 3385 - Tarla Bitkileri | 3386 - Toprak | 4212 - Bahçe ve Tarla Bitkileri | 6131 - Bitkisel Üretim | 8147 - Bahçe Bitkileri | 8158 - Bitki Koruma | 9048 - Toprak Bilimi ve Bitki Besleme | 9269 - Bitkisel Üretim ve Teknolojileri | 4846 - Aşağıdaki lisans programlarından birinden mezun olmak. | 9114 - Biyosistem Mühendisliği | 4853 - Aşağıdaki lisans programlarından birinden mezun olmak. | 3325 - Tarım Teknolojisi | 3383 - Tarım Makineleri | 3384 - Tarımsal Yapılar ve Sulama | 8221 - Kültürteknik | 8263 - Tarımsal Mekanizasyon | 4854 - Aşağıdaki lisans programlarından birinden mezun olmak. | 9106 - Tarımsal Biyoteknoloji | 4857 - Aşağıdaki lisans programlarından birinden mezun olmak. | 3382 - Tarım Ekonomisi | 8261 - Tarım İşletmeciliği;cb94f06c-c25b-eb11-80fa-a0369f7d1484
2020;72;390181518;Tarım ve Orman Bakanlığı Şırnak İl Müdürlüğü Silopi İlçe Müdürlüğü;Mühendis (Gıda);Şırnak;Lisans;1;0;;;"4799;3191";4799 - Aşağıdaki lisans programlarından birinden mezun olmak. | 3191 - Gıda Mühendisliği;c494f06c-c25b-eb11-80fa-a0369f7d1484
2020;72;390181905;Tarım ve Orman Bakanlığı Şırnak İl Müdürlüğü Silopi İlçe Müdürlüğü;Veteriner Hekim;Şırnak;Lisans;2;0;;;"4607;6373";4607 - Aşağıdaki lisans programlarından birinden mezun olmak. | 6373 - Veteriner;bf94f06c-c25b-eb11-80fa-a0369f7d1484
2020;72;390181280;Tarım ve Orman Bakanlığı Şırnak İl Müdürlüğü Uludere İlçe Müdürlüğü;Mühendis (Ziraat);Şırnak;Lisans;1;0;;;"4825;5135;4831;3202;8258;8289;4845;3385;3386;4212;6131;8147;8158;9048;9269;4846;9114;4853;3325;3383;3384;8221;8263;4854;9106;4857;3382;8261";4825 - Aşağıdaki lisans programlarından birinden mezun olmak. | 5135 - Ziraat Mühendisliği | 4831 - Aşağıdaki lisans programlarından birinden mezun olmak. | 3202 - Hayvansal Üretim | 8258 - Süt Teknolojisi | 8289 - Zootekni / Zooteknik | 4845 - Aşağıdaki lisans programlarından birinden mezun olmak. | 3385 - Tarla Bitkileri | 3386 - Toprak | 4212 - Bahçe ve Tarla Bitkileri | 6131 - Bitkisel Üretim | 8147 - Bahçe Bitkileri | 8158 - Bitki Koruma | 9048 - Toprak Bilimi ve Bitki Besleme | 9269 - Bitkisel Üretim ve Teknolojileri | 4846 - Aşağıdaki lisans programlarından birinden mezun olmak. | 9114 - Biyosistem Mühendisliği | 4853 - Aşağıdaki lisans programlarından birinden mezun olmak. | 3325 - Tarım Teknolojisi | 3383 - Tarım Makineleri | 3384 - Tarımsal Yapılar ve Sulama | 8221 - Kültürteknik | 8263 - Tarımsal Mekanizasyon | 4854 - Aşağıdaki lisans programlarından birinden mezun olmak. | 9106 - Tarımsal Biyoteknoloji | 4857 - Aşağıdaki lisans programlarından birinden mezun olmak. | 3382 - Tarım Ekonomisi | 8261 - Tarım İşletmeciliği;cc94f06c-c25b-eb11-80fa-a0369f7d1484
2020;72;390181906;Tarım ve Orman Bakanlığı Şırnak İl Müdürlüğü Uludere İlçe Müdürlüğü;Veteriner Hekim;Şırnak;Lisans;3;0;;;"4607;6373";4607 - Aşağıdaki lisans programlarından birinden mezun olmak. | 6373 - Veteriner;c094f06c-c25b-eb11-80fa-a0369f7d1484
2020;72;390181519;Tarım ve Orman Bakanlığı Tekirdağ İl Müdürlüğü Çerkezköy İlçe Müdürlüğü;Mühendis (Gıda);Tekirdağ;Lisans;1;0;;;"4799;3191";4799 - Aşağıdaki lisans programlarından birinden mezun olmak. | 3191 - Gıda Mühendisliği;e893f06c-c25b-eb11-80fa-a0369f7d1484
2020;72;390181520;Tarım ve Orman Bakanlığı Tekirdağ İl Müdürlüğü Ergene İlçe Müdürlüğü;Mühendis (Gıda);Tekirdağ;Lisans;1;0;;;"4799;3191";4799 - Aşağıdaki lisans programlarından birinden mezun olmak. | 3191 - Gıda Mühendisliği;e993f06c-c25b-eb11-80fa-a0369f7d1484
2020;72;390181907;Tarım ve Orman Bakanlığı Tekirdağ İl Müdürlüğü Ergene İlçe Müdürlüğü;Veteriner Hekim;Tekirdağ;Lisans;1;0;;;"4607;6373";4607 - Aşağıdaki lisans programlarından birinden mezun olmak. | 6373 - Veteriner;ee93f06c-c25b-eb11-80fa-a0369f7d1484
2020;72;390181521;Tarım ve Orman Bakanlığı Tekirdağ İl Müdürlüğü Gıda ve Yem Şube Müdürlüğü;Mühendis (Gıda);Tekirdağ;Lisans;3;1;;;"4799;3191";4799 - Aşağıdaki lisans programlarından birinden mezun olmak. | 3191 - Gıda Mühendisliği;ea93f06c-c25b-eb11-80fa-a0369f7d1484
2020;72;390181522;Tarım ve Orman Bakanlığı Tekirdağ İl Müdürlüğü Kapaklı İlçe Müdürlüğü;Mühendis (Gıda);Tekirdağ;Lisans;1;0;;;"4799;3191";4799 - Aşağıdaki lisans programlarından birinden mezun olmak. | 3191 - Gıda Mühendisliği;eb93f06c-c25b-eb11-80fa-a0369f7d1484
2020;72;390181908;Tarım ve Orman Bakanlığı Tekirdağ İl Müdürlüğü Malkara İlçe Müdürlüğü;Veteriner Hekim;Tekirdağ;Lisans;1;0;;;"4607;6373";4607 - Aşağıdaki lisans programlarından birinden mezun olmak. | 6373 - Veteriner;ef93f06c-c25b-eb11-80fa-a0369f7d1484
2020;72;390181523;Tarım ve Orman Bakanlığı Tekirdağ İl Müdürlüğü Muratlı İlçe Müdürlüğü;Mühendis (Gıda);Tekirdağ;Lisans;1;0;;;"4799;3191";4799 - Aşağıdaki lisans programlarından birinden mezun olmak. | 3191 - Gıda Mühendisliği;ec93f06c-c25b-eb11-80fa-a0369f7d1484
2020;72;390181909;Tarım ve Orman Bakanlığı Tekirdağ İl Müdürlüğü Muratlı İlçe Müdürlüğü;Veteriner Hekim;Tekirdağ;Lisans;1;0;;;"4607;6373";4607 - Aşağıdaki lisans programlarından birinden mezun olmak. | 6373 - Veteriner;f093f06c-c25b-eb11-80fa-a0369f7d1484
2020;72;390181524;Tarım ve Orman Bakanlığı Tekirdağ İl Müdürlüğü Şarköy İlçe Müdürlüğü;Mühendis (Gıda);Tekirdağ;Lisans;1;1;;;"4799;3191";4799 - Aşağıdaki lisans programlarından birinden mezun olmak. | 3191 - Gıda Mühendisliği;ed93f06c-c25b-eb11-80fa-a0369f7d1484
2020;72;390181621;Tarım ve Orman Bakanlığı Tekirdağ İl Müdürlüğü Şarköy İlçe Müdürlüğü;Mühendis (Su Ürünleri);Tekirdağ;Lisans;1;0;;;"4819;3202;3320;8337";4819 - Aşağıdaki lisans programlarından birinden mezun olmak. | 3202 - Hayvansal Üretim | 3320 - Su Ürünleri | 8337 - Su Ürünleri Mühendisliği;e793f06c-c25b-eb11-80fa-a0369f7d1484
2020;72;390181622;Tarım ve Orman Bakanlığı Tokat İl Müdürlüğü Almus İlçe Müdürlüğü;Mühendis (Su Ürünleri);Tokat;Lisans;2;1;;;"4819;3202;3320;8337";4819 - Aşağıdaki lisans programlarından birinden mezun olmak. | 3202 - Hayvansal Üretim | 3320 - Su Ürünleri | 8337 - Su Ürünleri Mühendisliği;f793f06c-c25b-eb11-80fa-a0369f7d1484
2020;72;390181623;Tarım ve Orman Bakanlığı Tokat İl Müdürlüğü Erbaa İlçe Müdürlüğü;Mühendis (Su Ürünleri);Tokat;Lisans;1;1;;;"4819;3202;3320;8337";4819 - Aşağıdaki lisans programlarından birinden mezun olmak. | 3202 - Hayvansal Üretim | 3320 - Su Ürünleri | 8337 - Su Ürünleri Mühendisliği;f893f06c-c25b-eb11-80fa-a0369f7d1484
2020;72;390181910;Tarım ve Orman Bakanlığı Tokat İl Müdürlüğü Erbaa İlçe Müdürlüğü;Veteriner Hekim;Tokat;Lisans;2;0;;;"4607;6373";4607 - Aşağıdaki lisans programlarından birinden mezun olmak. | 6373 - Veteriner;f193f06c-c25b-eb11-80fa-a0369f7d1484
2020;72;390181525;Tarım ve Orman Bakanlığı Tokat İl Müdürlüğü Gıda ve Yem Şube Müdürlüğü;Mühendis (Gıda);Tokat;Lisans;2;1;;;"4799;3191";4799 - Aşağıdaki lisans programlarından birinden mezun olmak. | 3191 - Gıda Mühendisliği;f493f06c-c25b-eb11-80fa-a0369f7d1484
2020;72;390181526;Tarım ve Orman Bakanlığı Tokat İl Müdürlüğü Niksar İlçe Müdürlüğü;Mühendis (Gıda);Tokat;Lisans;1;0;;;"4799;3191";4799 - Aşağıdaki lisans programlarından birinden mezun olmak. | 3191 - Gıda Mühendisliği;f593f06c-c25b-eb11-80fa-a0369f7d1484
2020;72;390181624;Tarım ve Orman Bakanlığı Tokat İl Müdürlüğü Niksar İlçe Müdürlüğü;Mühendis (Su Ürünleri);Tokat;Lisans;1;0;;;"4819;3202;3320;8337";4819 - Aşağıdaki lisans programlarından birinden mezun olmak. | 3202 - Hayvansal Üretim | 3320 - Su Ürünleri | 8337 - Su Ürünleri Mühendisliği;f993f06c-c25b-eb11-80fa-a0369f7d1484
2020;72;390181911;Tarım ve Orman Bakanlığı Tokat İl Müdürlüğü Niksar İlçe Müdürlüğü;Veteriner Hekim;Tokat;Lisans;3;0;;;"4607;6373";4607 - Aşağıdaki lisans programlarından birinden mezun olmak. | 6373 - Veteriner;f293f06c-c25b-eb11-80fa-a0369f7d1484
2020;72;390181527;Tarım ve Orman Bakanlığı Tokat İl Müdürlüğü Reşadiye İlçe Müdürlüğü;Mühendis (Gıda);Tokat;Lisans;1;0;;;"4799;3191";4799 - Aşağıdaki lisans programlarından birinden mezun olmak. | 3191 - Gıda Mühendisliği;f693f06c-c25b-eb11-80fa-a0369f7d1484
2020;72;390181912;Tarım ve Orman Bakanlığı Tokat İl Müdürlüğü Turhal İlçe Müdürlüğü;Veteriner Hekim;Tokat;Lisans;2;0;;;"4607;6373";4607 - Aşağıdaki lisans programlarından birinden mezun olmak. | 6373 - Veteriner;f393f06c-c25b-eb11-80fa-a0369f7d1484
2020;72;390181528;Tarım ve Orman Bakanlığı Trabzon Gıda Kontrol Laboratuvar Müdürlüğü;Mühendis (Gıda);Trabzon;Lisans;3;0;;;"4799;3191";4799 - Aşağıdaki lisans programlarından birinden mezun olmak. | 3191 - Gıda Mühendisliği;fb93f06c-c25b-eb11-80fa-a0369f7d1484
2020;72;390181529;Tarım ve Orman Bakanlığı Trabzon İl Müdürlüğü Gıda ve Yem Şube Müdürlüğü;Mühendis (Gıda);Trabzon;Lisans;2;0;;;"4799;3191";4799 - Aşağıdaki lisans programlarından birinden mezun olmak. | 3191 - Gıda Mühendisliği;fc93f06c-c25b-eb11-80fa-a0369f7d1484
2020;72;390181530;Tarım ve Orman Bakanlığı Trabzon İl Müdürlüğü Sürmene İlçe Müdürlüğü;Mühendis (Gıda);Trabzon;Lisans;1;0;;;"4799;3191";4799 - Aşağıdaki lisans programlarından birinden mezun olmak. | 3191 - Gıda Mühendisliği;fd93f06c-c25b-eb11-80fa-a0369f7d1484
2020;72;390181625;Tarım ve Orman Bakanlığı Trabzon İl Müdürlüğü Sürmene İlçe Müdürlüğü;Mühendis (Su Ürünleri);Trabzon;Lisans;1;0;;;"4819;3202;3320;8337";4819 - Aşağıdaki lisans programlarından birinden mezun olmak. | 3202 - Hayvansal Üretim | 3320 - Su Ürünleri | 8337 - Su Ürünleri Mühendisliği;fa93f06c-c25b-eb11-80fa-a0369f7d1484
2020;72;390181281;Tarım ve Orman Bakanlığı Tunceli İl Müdürlüğü Arazi Toplulaştırma ve Tarımsal Altyapı Şube Müdürlüğü;Mühendis (Ziraat);Tunceli;Lisans;1;0;;;"4825;5135;4831;3202;8258;8289;4845;3385;3386;4212;6131;8147;8158;9048;9269;4846;9114;4853;3325;3383;3384;8221;8263;4854;9106;4857;3382;8261";4825 - Aşağıdaki lisans programlarından birinden mezun olmak. | 5135 - Ziraat Mühendisliği | 4831 - Aşağıdaki lisans programlarından birinden mezun olmak. | 3202 - Hayvansal Üretim | 8258 - Süt Teknolojisi | 8289 - Zootekni / Zooteknik | 4845 - Aşağıdaki lisans programlarından birinden mezun olmak. | 3385 - Tarla Bitkileri | 3386 - Toprak | 4212 - Bahçe ve Tarla Bitkileri | 6131 - Bitkisel Üretim | 8147 - Bahçe Bitkileri | 8158 - Bitki Koruma | 9048 - Toprak Bilimi ve Bitki Besleme | 9269 - Bitkisel Üretim ve Teknolojileri | 4846 - Aşağıdaki lisans programlarından birinden mezun olmak. | 9114 - Biyosistem Mühendisliği | 4853 - Aşağıdaki lisans programlarından birinden mezun olmak. | 3325 - Tarım Teknolojisi | 3383 - Tarım Makineleri | 3384 - Tarımsal Yapılar ve Sulama | 8221 - Kültürteknik | 8263 - Tarımsal Mekanizasyon | 4854 - Aşağıdaki lisans programlarından birinden mezun olmak. | 9106 - Tarımsal Biyoteknoloji | 4857 - Aşağıdaki lisans programlarından birinden mezun olmak. | 3382 - Tarım Ekonomisi | 8261 - Tarım İşletmeciliği;0694f06c-c25b-eb11-80fa-a0369f7d1484
2020;72;390181282;Tarım ve Orman Bakanlığı Tunceli İl Müdürlüğü Bitkisel Üretim ve Bitki Sağlığı Şube Müdürlüğü;Mühendis (Ziraat);Tunceli;Lisans;4;0;;;"4825;5135;4831;3202;8258;8289;4845;3385;3386;4212;6131;8147;8158;9048;9269;4846;9114;4853;3325;3383;3384;8221;8263;4854;9106;4857;3382;8261";4825 - Aşağıdaki lisans programlarından birinden mezun olmak. | 5135 - Ziraat Mühendisliği | 4831 - Aşağıdaki lisans programlarından birinden mezun olmak. | 3202 - Hayvansal Üretim | 8258 - Süt Teknolojisi | 8289 - Zootekni / Zooteknik | 4845 - Aşağıdaki lisans programlarından birinden mezun olmak. | 3385 - Tarla Bitkileri | 3386 - Toprak | 4212 - Bahçe ve Tarla Bitkileri | 6131 - Bitkisel Üretim | 8147 - Bahçe Bitkileri | 8158 - Bitki Koruma | 9048 - Toprak Bilimi ve Bitki Besleme | 9269 - Bitkisel Üretim ve Teknolojileri | 4846 - Aşağıdaki lisans programlarından birinden mezun olmak. | 9114 - Biyosistem Mühendisliği | 4853 - Aşağıdaki lisans programlarından birinden mezun olmak. | 3325 - Tarım Teknolojisi | 3383 - Tarım Makineleri | 3384 - Tarımsal Yapılar ve Sulama | 8221 - Kültürteknik | 8263 - Tarımsal Mekanizasyon | 4854 - Aşağıdaki lisans programlarından birinden mezun olmak. | 9106 - Tarımsal Biyoteknoloji | 4857 - Aşağıdaki lisans programlarından birinden mezun olmak. | 3382 - Tarım Ekonomisi | 8261 - Tarım İşletmeciliği;0794f06c-c25b-eb11-80fa-a0369f7d1484
2020;72;390181283;Tarım ve Orman Bakanlığı Tunceli İl Müdürlüğü Çemişgezek İlçe Müdürlüğü;Mühendis (Ziraat);Tunceli;Lisans;4;0;;;"4825;5135;4831;3202;8258;8289;4845;3385;3386;4212;6131;8147;8158;9048;9269;4846;9114;4853;3325;3383;3384;8221;8263;4854;9106;4857;3382;8261";4825 - Aşağıdaki lisans programlarından birinden mezun olmak. | 5135 - Ziraat Mühendisliği | 4831 - Aşağıdaki lisans programlarından birinden mezun olmak. | 3202 - Hayvansal Üretim | 8258 - Süt Teknolojisi | 8289 - Zootekni / Zooteknik | 4845 - Aşağıdaki lisans programlarından birinden mezun olmak. | 3385 - Tarla Bitkileri | 3386 - Toprak | 4212 - Bahçe ve Tarla Bitkileri | 6131 - Bitkisel Üretim | 8147 - Bahçe Bitkileri | 8158 - Bitki Koruma | 9048 - Toprak Bilimi ve Bitki Besleme | 9269 - Bitkisel Üretim ve Teknolojileri | 4846 - Aşağıdaki lisans programlarından birinden mezun olmak. | 9114 - Biyosistem Mühendisliği | 4853 - Aşağıdaki lisans programlarından birinden mezun olmak. | 3325 - Tarım Teknolojisi | 3383 - Tarım Makineleri | 3384 - Tarımsal Yapılar ve Sulama | 8221 - Kültürteknik | 8263 - Tarımsal Mekanizasyon | 4854 - Aşağıdaki lisans programlarından birinden mezun olmak. | 9106 - Tarımsal Biyoteknoloji | 4857 - Aşağıdaki lisans programlarından birinden mezun olmak. | 3382 - Tarım Ekonomisi | 8261 - Tarım İşletmeciliği;0894f06c-c25b-eb11-80fa-a0369f7d1484
2020;72;390181913;Tarım ve Orman Bakanlığı Tunceli İl Müdürlüğü Çemişgezek İlçe Müdürlüğü;Veteriner Hekim;Tunceli;Lisans;1;0;;;"4607;6373";4607 - Aşağıdaki lisans programlarından birinden mezun olmak. | 6373 - Veteriner;1094f06c-c25b-eb11-80fa-a0369f7d1484
2020;72;390181531;Tarım ve Orman Bakanlığı Tunceli İl Müdürlüğü Gıda ve Yem Şube Müdürlüğü;Mühendis (Gıda);Tunceli;Lisans;1;0;;;"4799;3191";4799 - Aşağıdaki lisans programlarından birinden mezun olmak. | 3191 - Gıda Mühendisliği;0d94f06c-c25b-eb11-80fa-a0369f7d1484
2020;72;390181914;Tarım ve Orman Bakanlığı Tunceli İl Müdürlüğü Hayvan Sağ.,Yetiş. ve Su Ürün. Şb. Md.;Veteriner Hekim;Tunceli;Lisans;2;0;;;"4607;6373";4607 - Aşağıdaki lisans programlarından birinden mezun olmak. | 6373 - Veteriner;1194f06c-c25b-eb11-80fa-a0369f7d1484
2020;72;390181284;Tarım ve Orman Bakanlığı Tunceli İl Müdürlüğü Hozat İlçe Müdürlüğü;Mühendis (Ziraat);Tunceli;Lisans;1;0;;;"4825;5135;4831;3202;8258;8289;4845;3385;3386;4212;6131;8147;8158;9048;9269;4846;9114;4853;3325;3383;3384;8221;8263;4854;9106;4857;3382;8261";4825 - Aşağıdaki lisans programlarından birinden mezun olmak. | 5135 - Ziraat Mühendisliği | 4831 - Aşağıdaki lisans programlarından birinden mezun olmak. | 3202 - Hayvansal Üretim | 8258 - Süt Teknolojisi | 8289 - Zootekni / Zooteknik | 4845 - Aşağıdaki lisans programlarından birinden mezun olmak. | 3385 - Tarla Bitkileri | 3386 - Toprak | 4212 - Bahçe ve Tarla Bitkileri | 6131 - Bitkisel Üretim | 8147 - Bahçe Bitkileri | 8158 - Bitki Koruma | 9048 - Toprak Bilimi ve Bitki Besleme | 9269 - Bitkisel Üretim ve Teknolojileri | 4846 - Aşağıdaki lisans programlarından birinden mezun olmak. | 9114 - Biyosistem Mühendisliği | 4853 - Aşağıdaki lisans programlarından birinden mezun olmak. | 3325 - Tarım Teknolojisi | 3383 - Tarım Makineleri | 3384 - Tarımsal Yapılar ve Sulama | 8221 - Kültürteknik | 8263 - Tarımsal Mekanizasyon | 4854 - Aşağıdaki lisans programlarından birinden mezun olmak. | 9106 - Tarımsal Biyoteknoloji | 4857 - Aşağıdaki lisans programlarından birinden mezun olmak. | 3382 - Tarım Ekonomisi | 8261 - Tarım İşletmeciliği;0994f06c-c25b-eb11-80fa-a0369f7d1484
2020;72;390181915;Tarım ve Orman Bakanlığı Tunceli İl Müdürlüğü Hozat İlçe Müdürlüğü;Veteriner Hekim;Tunceli;Lisans;1;0;;;"4607;6373";4607 - Aşağıdaki lisans programlarından birinden mezun olmak. | 6373 - Veteriner;1294f06c-c25b-eb11-80fa-a0369f7d1484
2020;72;390181916;Tarım ve Orman Bakanlığı Tunceli İl Müdürlüğü Kırsal Kalkınma ve Örgütlenme Şube Müdürlüğü;Veteriner Hekim;Tunceli;Lisans;1;0;;;"4607;6373";4607 - Aşağıdaki lisans programlarından birinden mezun olmak. | 6373 - Veteriner;1394f06c-c25b-eb11-80fa-a0369f7d1484
2020;72;390181917;Tarım ve Orman Bakanlığı Tunceli İl Müdürlüğü Koordinasyon ve Tarımsal Veriler Şube Müdürlüğü;Veteriner Hekim;Tunceli;Lisans;1;0;;;"4607;6373";4607 - Aşağıdaki lisans programlarından birinden mezun olmak. | 6373 - Veteriner;1494f06c-c25b-eb11-80fa-a0369f7d1484
2020;72;390181626;Tarım ve Orman Bakanlığı Tunceli İl Müdürlüğü Mazgirt İlçe Müdürlüğü;Mühendis (Su Ürünleri);Tunceli;Lisans;1;2;;;"4819;3202;3320;8337";4819 - Aşağıdaki lisans programlarından birinden mezun olmak. | 3202 - Hayvansal Üretim | 3320 - Su Ürünleri | 8337 - Su Ürünleri Mühendisliği;0e94f06c-c25b-eb11-80fa-a0369f7d1484
2020;72;390181285;Tarım ve Orman Bakanlığı Tunceli İl Müdürlüğü Ovacık İlçe Müdürlüğü;Mühendis (Ziraat);Tunceli;Lisans;4;0;;;"4825;5135;4831;3202;8258;8289;4845;3385;3386;4212;6131;8147;8158;9048;9269;4846;9114;4853;3325;3383;3384;8221;8263;4854;9106;4857;3382;8261";4825 - Aşağıdaki lisans programlarından birinden mezun olmak. | 5135 - Ziraat Mühendisliği | 4831 - Aşağıdaki lisans programlarından birinden mezun olmak. | 3202 - Hayvansal Üretim | 8258 - Süt Teknolojisi | 8289 - Zootekni / Zooteknik | 4845 - Aşağıdaki lisans programlarından birinden mezun olmak. | 3385 - Tarla Bitkileri | 3386 - Toprak | 4212 - Bahçe ve Tarla Bitkileri | 6131 - Bitkisel Üretim | 8147 - Bahçe Bitkileri | 8158 - Bitki Koruma | 9048 - Toprak Bilimi ve Bitki Besleme | 9269 - Bitkisel Üretim ve Teknolojileri | 4846 - Aşağıdaki lisans programlarından birinden mezun olmak. | 9114 - Biyosistem Mühendisliği | 4853 - Aşağıdaki lisans programlarından birinden mezun olmak. | 3325 - Tarım Teknolojisi | 3383 - Tarım Makineleri | 3384 - Tarımsal Yapılar ve Sulama | 8221 - Kültürteknik | 8263 - Tarımsal Mekanizasyon | 4854 - Aşağıdaki lisans programlarından birinden mezun olmak. | 9106 - Tarımsal Biyoteknoloji | 4857 - Aşağıdaki lisans programlarından birinden mezun olmak. | 3382 - Tarım Ekonomisi | 8261 - Tarım İşletmeciliği;0a94f06c-c25b-eb11-80fa-a0369f7d1484
2020;72;390181627;Tarım ve Orman Bakanlığı Tunceli İl Müdürlüğü Ovacık İlçe Müdürlüğü;Mühendis (Su Ürünleri);Tunceli;Lisans;1;1;;;"4819;3202;3320;8337";4819 - Aşağıdaki lisans programlarından birinden mezun olmak. | 3202 - Hayvansal Üretim | 3320 - Su Ürünleri | 8337 - Su Ürünleri Mühendisliği;0f94f06c-c25b-eb11-80fa-a0369f7d1484
2020;72;390181286;Tarım ve Orman Bakanlığı Tunceli İl Müdürlüğü Pertek İlçe Müdürlüğü;Mühendis (Ziraat);Tunceli;Lisans;2;0;;;"4825;5135;4831;3202;8258;8289;4845;3385;3386;4212;6131;8147;8158;9048;9269;4846;9114;4853;3325;3383;3384;8221;8263;4854;9106;4857;3382;8261";4825 - Aşağıdaki lisans programlarından birinden mezun olmak. | 5135 - Ziraat Mühendisliği | 4831 - Aşağıdaki lisans programlarından birinden mezun olmak. | 3202 - Hayvansal Üretim | 8258 - Süt Teknolojisi | 8289 - Zootekni / Zooteknik | 4845 - Aşağıdaki lisans programlarından birinden mezun olmak. | 3385 - Tarla Bitkileri | 3386 - Toprak | 4212 - Bahçe ve Tarla Bitkileri | 6131 - Bitkisel Üretim | 8147 - Bahçe Bitkileri | 8158 - Bitki Koruma | 9048 - Toprak Bilimi ve Bitki Besleme | 9269 - Bitkisel Üretim ve Teknolojileri | 4846 - Aşağıdaki lisans programlarından birinden mezun olmak. | 9114 - Biyosistem Mühendisliği | 4853 - Aşağıdaki lisans programlarından birinden mezun olmak. | 3325 - Tarım Teknolojisi | 3383 - Tarım Makineleri | 3384 - Tarımsal Yapılar ve Sulama | 8221 - Kültürteknik | 8263 - Tarımsal Mekanizasyon | 4854 - Aşağıdaki lisans programlarından birinden mezun olmak. | 9106 - Tarımsal Biyoteknoloji | 4857 - Aşağıdaki lisans programlarından birinden mezun olmak. | 3382 - Tarım Ekonomisi | 8261 - Tarım İşletmeciliği;0b94f06c-c25b-eb11-80fa-a0369f7d1484
2020;72;390181918;Tarım ve Orman Bakanlığı Tunceli İl Müdürlüğü Pertek İlçe Müdürlüğü;Veteriner Hekim;Tunceli;Lisans;1;0;;;"4607;6373";4607 - Aşağıdaki lisans programlarından birinden mezun olmak. | 6373 - Veteriner;1594f06c-c25b-eb11-80fa-a0369f7d1484
2020;72;390181287;Tarım ve Orman Bakanlığı Tunceli İl Müdürlüğü Pülümür İlçe Müdürlüğü;Mühendis (Ziraat);Tunceli;Lisans;2;0;;;"4825;5135;4831;3202;8258;8289;4845;3385;3386;4212;6131;8147;8158;9048;9269;4846;9114;4853;3325;3383;3384;8221;8263;4854;9106;4857;3382;8261";4825 - Aşağıdaki lisans programlarından birinden mezun olmak. | 5135 - Ziraat Mühendisliği | 4831 - Aşağıdaki lisans programlarından birinden mezun olmak. | 3202 - Hayvansal Üretim | 8258 - Süt Teknolojisi | 8289 - Zootekni / Zooteknik | 4845 - Aşağıdaki lisans programlarından birinden mezun olmak. | 3385 - Tarla Bitkileri | 3386 - Toprak | 4212 - Bahçe ve Tarla Bitkileri | 6131 - Bitkisel Üretim | 8147 - Bahçe Bitkileri | 8158 - Bitki Koruma | 9048 - Toprak Bilimi ve Bitki Besleme | 9269 - Bitkisel Üretim ve Teknolojileri | 4846 - Aşağıdaki lisans programlarından birinden mezun olmak. | 9114 - Biyosistem Mühendisliği | 4853 - Aşağıdaki lisans programlarından birinden mezun olmak. | 3325 - Tarım Teknolojisi | 3383 - Tarım Makineleri | 3384 - Tarımsal Yapılar ve Sulama | 8221 - Kültürteknik | 8263 - Tarımsal Mekanizasyon | 4854 - Aşağıdaki lisans programlarından birinden mezun olmak. | 9106 - Tarımsal Biyoteknoloji | 4857 - Aşağıdaki lisans programlarından birinden mezun olmak. | 3382 - Tarım Ekonomisi | 8261 - Tarım İşletmeciliği;0c94f06c-c25b-eb11-80fa-a0369f7d1484
2020;72;390181919;Tarım ve Orman Bakanlığı Tunceli İl Müdürlüğü Pülümür İlçe Müdürlüğü;Veteriner Hekim;Tunceli;Lisans;1;0;;;"4607;6373";4607 - Aşağıdaki lisans programlarından birinden mezun olmak. | 6373 - Veteriner;1694f06c-c25b-eb11-80fa-a0369f7d1484
2020;72;390181532;Tarım ve Orman Bakanlığı Uşak İl Müdürlüğü Eşme İlçe Müdürlüğü;Mühendis (Gıda);Uşak;Lisans;1;0;;;"4799;3191";4799 - Aşağıdaki lisans programlarından birinden mezun olmak. | 3191 - Gıda Mühendisliği;4094f06c-c25b-eb11-80fa-a0369f7d1484
2020;72;390181533;Tarım ve Orman Bakanlığı Uşak İl Müdürlüğü Gıda ve Yem Şube Müdürlüğü;Mühendis (Gıda);Uşak;Lisans;2;3;;;"4799;3191";4799 - Aşağıdaki lisans programlarından birinden mezun olmak. | 3191 - Gıda Mühendisliği;4194f06c-c25b-eb11-80fa-a0369f7d1484
2020;72;390181534;Tarım ve Orman Bakanlığı Uşak İl Müdürlüğü Ulubey İlçe Müdürlüğü;Mühendis (Gıda);Uşak;Lisans;1;0;;;"4799;3191";4799 - Aşağıdaki lisans programlarından birinden mezun olmak. | 3191 - Gıda Mühendisliği;4294f06c-c25b-eb11-80fa-a0369f7d1484
2020;72;390181535;Tarım ve Orman Bakanlığı Van Gıda Kontrol Laboratuvar Müdürlüğü;Mühendis (Gıda);Van;Lisans;3;0;;;"4799;3191";4799 - Aşağıdaki lisans programlarından birinden mezun olmak. | 3191 - Gıda Mühendisliği;4394f06c-c25b-eb11-80fa-a0369f7d1484
2020;72;390181920;Tarım ve Orman Bakanlığı Van İl Müdürlüğü Bahçesaray İlçe Müdürlüğü;Veteriner Hekim;Van;Lisans;3;0;;;"4607;6373";4607 - Aşağıdaki lisans programlarından birinden mezun olmak. | 6373 - Veteriner;4a94f06c-c25b-eb11-80fa-a0369f7d1484
2020;72;390181288;Tarım ve Orman Bakanlığı Van İl Müdürlüğü Başkale İlçe Müdürlüğü;Mühendis (Ziraat);Van;Lisans;1;0;;;"4825;5135;4831;3202;8258;8289;4845;3385;3386;4212;6131;8147;8158;9048;9269;4846;9114;4853;3325;3383;3384;8221;8263;4854;9106;4857;3382;8261";4825 - Aşağıdaki lisans programlarından birinden mezun olmak. | 5135 - Ziraat Mühendisliği | 4831 - Aşağıdaki lisans programlarından birinden mezun olmak. | 3202 - Hayvansal Üretim | 8258 - Süt Teknolojisi | 8289 - Zootekni / Zooteknik | 4845 - Aşağıdaki lisans programlarından birinden mezun olmak. | 3385 - Tarla Bitkileri | 3386 - Toprak | 4212 - Bahçe ve Tarla Bitkileri | 6131 - Bitkisel Üretim | 8147 - Bahçe Bitkileri | 8158 - Bitki Koruma | 9048 - Toprak Bilimi ve Bitki Besleme | 9269 - Bitkisel Üretim ve Teknolojileri | 4846 - Aşağıdaki lisans programlarından birinden mezun olmak. | 9114 - Biyosistem Mühendisliği | 4853 - Aşağıdaki lisans programlarından birinden mezun olmak. | 3325 - Tarım Teknolojisi | 3383 - Tarım Makineleri | 3384 - Tarımsal Yapılar ve Sulama | 8221 - Kültürteknik | 8263 - Tarımsal Mekanizasyon | 4854 - Aşağıdaki lisans programlarından birinden mezun olmak. | 9106 - Tarımsal Biyoteknoloji | 4857 - Aşağıdaki lisans programlarından birinden mezun olmak. | 3382 - Tarım Ekonomisi | 8261 - Tarım İşletmeciliği;5a94f06c-c25b-eb11-80fa-a0369f7d1484
2020;72;390181921;Tarım ve Orman Bakanlığı Van İl Müdürlüğü Başkale İlçe Müdürlüğü;Veteriner Hekim;Van;Lisans;4;0;;;"4607;6373";4607 - Aşağıdaki lisans programlarından birinden mezun olmak. | 6373 - Veteriner;4b94f06c-c25b-eb11-80fa-a0369f7d1484
2020;72;390181289;Tarım ve Orman Bakanlığı Van İl Müdürlüğü Çaldıran İlçe Müdürlüğü;Mühendis (Ziraat);Van;Lisans;1;0;;;"4825;5135;4831;3202;8258;8289;4845;3385;3386;4212;6131;8147;8158;9048;9269;4846;9114;4853;3325;3383;3384;8221;8263;4854;9106;4857;3382;8261";4825 - Aşağıdaki lisans programlarından birinden mezun olmak. | 5135 - Ziraat Mühendisliği | 4831 - Aşağıdaki lisans programlarından birinden mezun olmak. | 3202 - Hayvansal Üretim | 8258 - Süt Teknolojisi | 8289 - Zootekni / Zooteknik | 4845 - Aşağıdaki lisans programlarından birinden mezun olmak. | 3385 - Tarla Bitkileri | 3386 - Toprak | 4212 - Bahçe ve Tarla Bitkileri | 6131 - Bitkisel Üretim | 8147 - Bahçe Bitkileri | 8158 - Bitki Koruma | 9048 - Toprak Bilimi ve Bitki Besleme | 9269 - Bitkisel Üretim ve Teknolojileri | 4846 - Aşağıdaki lisans programlarından birinden mezun olmak. | 9114 - Biyosistem Mühendisliği | 4853 - Aşağıdaki lisans programlarından birinden mezun olmak. | 3325 - Tarım Teknolojisi | 3383 - Tarım Makineleri | 3384 - Tarımsal Yapılar ve Sulama | 8221 - Kültürteknik | 8263 - Tarımsal Mekanizasyon | 4854 - Aşağıdaki lisans programlarından birinden mezun olmak. | 9106 - Tarımsal Biyoteknoloji | 4857 - Aşağıdaki lisans programlarından birinden mezun olmak. | 3382 - Tarım Ekonomisi | 8261 - Tarım İşletmeciliği;5b94f06c-c25b-eb11-80fa-a0369f7d1484
2020;72;390181536;Tarım ve Orman Bakanlığı Van İl Müdürlüğü Çaldıran İlçe Müdürlüğü;Mühendis (Gıda);Van;Lisans;1;0;;;"4799;3191";4799 - Aşağıdaki lisans programlarından birinden mezun olmak. | 3191 - Gıda Mühendisliği;4494f06c-c25b-eb11-80fa-a0369f7d1484
2020;72;390181290;Tarım ve Orman Bakanlığı Van İl Müdürlüğü Çatak İlçe Müdürlüğü;Mühendis (Ziraat);Van;Lisans;1;0;;;"4825;5135;4831;3202;8258;8289;4845;3385;3386;4212;6131;8147;8158;9048;9269;4846;9114;4853;3325;3383;3384;8221;8263;4854;9106;4857;3382;8261";4825 - Aşağıdaki lisans programlarından birinden mezun olmak. | 5135 - Ziraat Mühendisliği | 4831 - Aşağıdaki lisans programlarından birinden mezun olmak. | 3202 - Hayvansal Üretim | 8258 - Süt Teknolojisi | 8289 - Zootekni / Zooteknik | 4845 - Aşağıdaki lisans programlarından birinden mezun olmak. | 3385 - Tarla Bitkileri | 3386 - Toprak | 4212 - Bahçe ve Tarla Bitkileri | 6131 - Bitkisel Üretim | 8147 - Bahçe Bitkileri | 8158 - Bitki Koruma | 9048 - Toprak Bilimi ve Bitki Besleme | 9269 - Bitkisel Üretim ve Teknolojileri | 4846 - Aşağıdaki lisans programlarından birinden mezun olmak. | 9114 - Biyosistem Mühendisliği | 4853 - Aşağıdaki lisans programlarından birinden mezun olmak. | 3325 - Tarım Teknolojisi | 3383 - Tarım Makineleri | 3384 - Tarımsal Yapılar ve Sulama | 8221 - Kültürteknik | 8263 - Tarımsal Mekanizasyon | 4854 - Aşağıdaki lisans programlarından birinden mezun olmak. | 9106 - Tarımsal Biyoteknoloji | 4857 - Aşağıdaki lisans programlarından birinden mezun olmak. | 3382 - Tarım Ekonomisi | 8261 - Tarım İşletmeciliği;5c94f06c-c25b-eb11-80fa-a0369f7d1484
2020;72;390181628;Tarım ve Orman Bakanlığı Van İl Müdürlüğü Çatak İlçe Müdürlüğü;Mühendis (Su Ürünleri);Van;Lisans;1;1;;;"4819;3202;3320;8337";4819 - Aşağıdaki lisans programlarından birinden mezun olmak. | 3202 - Hayvansal Üretim | 3320 - Su Ürünleri | 8337 - Su Ürünleri Mühendisliği;4994f06c-c25b-eb11-80fa-a0369f7d1484
2020;72;390181922;Tarım ve Orman Bakanlığı Van İl Müdürlüğü Çatak İlçe Müdürlüğü;Veteriner Hekim;Van;Lisans;7;0;;;"4607;6373";4607 - Aşağıdaki lisans programlarından birinden mezun olmak. | 6373 - Veteriner;4c94f06c-c25b-eb11-80fa-a0369f7d1484
2020;72;390181537;Tarım ve Orman Bakanlığı Van İl Müdürlüğü Edremit İlçe Müdürlüğü;Mühendis (Gıda);Van;Lisans;1;1;;;"4799;3191";4799 - Aşağıdaki lisans programlarından birinden mezun olmak. | 3191 - Gıda Mühendisliği;4594f06c-c25b-eb11-80fa-a0369f7d1484
2020;72;390181923;Tarım ve Orman Bakanlığı Van İl Müdürlüğü Edremit İlçe Müdürlüğü;Veteriner Hekim;Van;Lisans;1;0;;;"4607;6373";4607 - Aşağıdaki lisans programlarından birinden mezun olmak. | 6373 - Veteriner;4d94f06c-c25b-eb11-80fa-a0369f7d1484
2020;72;390181291;Tarım ve Orman Bakanlığı Van İl Müdürlüğü Erciş İlçe Müdürlüğü;Mühendis (Ziraat);Van;Lisans;1;1;;;"4825;5135;4831;3202;8258;8289;4845;3385;3386;4212;6131;8147;8158;9048;9269;4846;9114;4853;3325;3383;3384;8221;8263;4854;9106;4857;3382;8261";4825 - Aşağıdaki lisans programlarından birinden mezun olmak. | 5135 - Ziraat Mühendisliği | 4831 - Aşağıdaki lisans programlarından birinden mezun olmak. | 3202 - Hayvansal Üretim | 8258 - Süt Teknolojisi | 8289 - Zootekni / Zooteknik | 4845 - Aşağıdaki lisans programlarından birinden mezun olmak. | 3385 - Tarla Bitkileri | 3386 - Toprak | 4212 - Bahçe ve Tarla Bitkileri | 6131 - Bitkisel Üretim | 8147 - Bahçe Bitkileri | 8158 - Bitki Koruma | 9048 - Toprak Bilimi ve Bitki Besleme | 9269 - Bitkisel Üretim ve Teknolojileri | 4846 - Aşağıdaki lisans programlarından birinden mezun olmak. | 9114 - Biyosistem Mühendisliği | 4853 - Aşağıdaki lisans programlarından birinden mezun olmak. | 3325 - Tarım Teknolojisi | 3383 - Tarım Makineleri | 3384 - Tarımsal Yapılar ve Sulama | 8221 - Kültürteknik | 8263 - Tarımsal Mekanizasyon | 4854 - Aşağıdaki lisans programlarından birinden mezun olmak. | 9106 - Tarımsal Biyoteknoloji | 4857 - Aşağıdaki lisans programlarından birinden mezun olmak. | 3382 - Tarım Ekonomisi | 8261 - Tarım İşletmeciliği;5d94f06c-c25b-eb11-80fa-a0369f7d1484
2020;72;390181924;Tarım ve Orman Bakanlığı Van İl Müdürlüğü Erciş İlçe Müdürlüğü;Veteriner Hekim;Van;Lisans;10;0;;;"4607;6373";4607 - Aşağıdaki lisans programlarından birinden mezun olmak. | 6373 - Veteriner;4e94f06c-c25b-eb11-80fa-a0369f7d1484
2020;72;390181925;Tarım ve Orman Bakanlığı Van İl Müdürlüğü Gevaş İlçe Müdürlüğü;Veteriner Hekim;Van;Lisans;3;0;;;"4607;6373";4607 - Aşağıdaki lisans programlarından birinden mezun olmak. | 6373 - Veteriner;4f94f06c-c25b-eb11-80fa-a0369f7d1484
2020;72;390181292;Tarım ve Orman Bakanlığı Van İl Müdürlüğü Gürpınar İlçe Müdürlüğü;Mühendis (Ziraat);Van;Lisans;1;0;;;"4825;5135;4831;3202;8258;8289;4845;3385;3386;4212;6131;8147;8158;9048;9269;4846;9114;4853;3325;3383;3384;8221;8263;4854;9106;4857;3382;8261";4825 - Aşağıdaki lisans programlarından birinden mezun olmak. | 5135 - Ziraat Mühendisliği | 4831 - Aşağıdaki lisans programlarından birinden mezun olmak. | 3202 - Hayvansal Üretim | 8258 - Süt Teknolojisi | 8289 - Zootekni / Zooteknik | 4845 - Aşağıdaki lisans programlarından birinden mezun olmak. | 3385 - Tarla Bitkileri | 3386 - Toprak | 4212 - Bahçe ve Tarla Bitkileri | 6131 - Bitkisel Üretim | 8147 - Bahçe Bitkileri | 8158 - Bitki Koruma | 9048 - Toprak Bilimi ve Bitki Besleme | 9269 - Bitkisel Üretim ve Teknolojileri | 4846 - Aşağıdaki lisans programlarından birinden mezun olmak. | 9114 - Biyosistem Mühendisliği | 4853 - Aşağıdaki lisans programlarından birinden mezun olmak. | 3325 - Tarım Teknolojisi | 3383 - Tarım Makineleri | 3384 - Tarımsal Yapılar ve Sulama | 8221 - Kültürteknik | 8263 - Tarımsal Mekanizasyon | 4854 - Aşağıdaki lisans programlarından birinden mezun olmak. | 9106 - Tarımsal Biyoteknoloji | 4857 - Aşağıdaki lisans programlarından birinden mezun olmak. | 3382 - Tarım Ekonomisi | 8261 - Tarım İşletmeciliği;5e94f06c-c25b-eb11-80fa-a0369f7d1484
2020;72;390181926;Tarım ve Orman Bakanlığı Van İl Müdürlüğü Gürpınar İlçe Müdürlüğü;Veteriner Hekim;Van;Lisans;8;0;;;"4607;6373";4607 - Aşağıdaki lisans programlarından birinden mezun olmak. | 6373 - Veteriner;5094f06c-c25b-eb11-80fa-a0369f7d1484
2020;72;390181538;Tarım ve Orman Bakanlığı Van İl Müdürlüğü İpekyolu İlçe Müdürlüğü;Mühendis (Gıda);Van;Lisans;1;0;;;"4799;3191";4799 - Aşağıdaki lisans programlarından birinden mezun olmak. | 3191 - Gıda Mühendisliği;4694f06c-c25b-eb11-80fa-a0369f7d1484
2020;72;390181927;Tarım ve Orman Bakanlığı Van İl Müdürlüğü İpekyolu İlçe Müdürlüğü;Veteriner Hekim;Van;Lisans;9;0;;;"4607;6373";4607 - Aşağıdaki lisans programlarından birinden mezun olmak. | 6373 - Veteriner;5194f06c-c25b-eb11-80fa-a0369f7d1484
2020;72;390181293;Tarım ve Orman Bakanlığı Van İl Müdürlüğü Muradiye İlçe Müdürlüğü;Mühendis (Ziraat);Van;Lisans;2;0;;;"4825;5135;4831;3202;8258;8289;4845;3385;3386;4212;6131;8147;8158;9048;9269;4846;9114;4853;3325;3383;3384;8221;8263;4854;9106;4857;3382;8261";4825 - Aşağıdaki lisans programlarından birinden mezun olmak. | 5135 - Ziraat Mühendisliği | 4831 - Aşağıdaki lisans programlarından birinden mezun olmak. | 3202 - Hayvansal Üretim | 8258 - Süt Teknolojisi | 8289 - Zootekni / Zooteknik | 4845 - Aşağıdaki lisans programlarından birinden mezun olmak. | 3385 - Tarla Bitkileri | 3386 - Toprak | 4212 - Bahçe ve Tarla Bitkileri | 6131 - Bitkisel Üretim | 8147 - Bahçe Bitkileri | 8158 - Bitki Koruma | 9048 - Toprak Bilimi ve Bitki Besleme | 9269 - Bitkisel Üretim ve Teknolojileri | 4846 - Aşağıdaki lisans programlarından birinden mezun olmak. | 9114 - Biyosistem Mühendisliği | 4853 - Aşağıdaki lisans programlarından birinden mezun olmak. | 3325 - Tarım Teknolojisi | 3383 - Tarım Makineleri | 3384 - Tarımsal Yapılar ve Sulama | 8221 - Kültürteknik | 8263 - Tarımsal Mekanizasyon | 4854 - Aşağıdaki lisans programlarından birinden mezun olmak. | 9106 - Tarımsal Biyoteknoloji | 4857 - Aşağıdaki lisans programlarından birinden mezun olmak. | 3382 - Tarım Ekonomisi | 8261 - Tarım İşletmeciliği;5f94f06c-c25b-eb11-80fa-a0369f7d1484
2020;72;390181928;Tarım ve Orman Bakanlığı Van İl Müdürlüğü Muradiye İlçe Müdürlüğü;Veteriner Hekim;Van;Lisans;7;0;;;"4607;6373";4607 - Aşağıdaki lisans programlarından birinden mezun olmak. | 6373 - Veteriner;5294f06c-c25b-eb11-80fa-a0369f7d1484
2020;72;390181294;Tarım ve Orman Bakanlığı Van İl Müdürlüğü Özalp İlçe Müdürlüğü;Mühendis (Ziraat);Van;Lisans;2;0;;;"4825;5135;4831;3202;8258;8289;4845;3385;3386;4212;6131;8147;8158;9048;9269;4846;9114;4853;3325;3383;3384;8221;8263;4854;9106;4857;3382;8261";4825 - Aşağıdaki lisans programlarından birinden mezun olmak. | 5135 - Ziraat Mühendisliği | 4831 - Aşağıdaki lisans programlarından birinden mezun olmak. | 3202 - Hayvansal Üretim | 8258 - Süt Teknolojisi | 8289 - Zootekni / Zooteknik | 4845 - Aşağıdaki lisans programlarından birinden mezun olmak. | 3385 - Tarla Bitkileri | 3386 - Toprak | 4212 - Bahçe ve Tarla Bitkileri | 6131 - Bitkisel Üretim | 8147 - Bahçe Bitkileri | 8158 - Bitki Koruma | 9048 - Toprak Bilimi ve Bitki Besleme | 9269 - Bitkisel Üretim ve Teknolojileri | 4846 - Aşağıdaki lisans programlarından birinden mezun olmak. | 9114 - Biyosistem Mühendisliği | 4853 - Aşağıdaki lisans programlarından birinden mezun olmak. | 3325 - Tarım Teknolojisi | 3383 - Tarım Makineleri | 3384 - Tarımsal Yapılar ve Sulama | 8221 - Kültürteknik | 8263 - Tarımsal Mekanizasyon | 4854 - Aşağıdaki lisans programlarından birinden mezun olmak. | 9106 - Tarımsal Biyoteknoloji | 4857 - Aşağıdaki lisans programlarından birinden mezun olmak. | 3382 - Tarım Ekonomisi | 8261 - Tarım İşletmeciliği;6094f06c-c25b-eb11-80fa-a0369f7d1484
2020;72;390181539;Tarım ve Orman Bakanlığı Van İl Müdürlüğü Özalp İlçe Müdürlüğü;Mühendis (Gıda);Van;Lisans;1;0;;;"4799;3191";4799 - Aşağıdaki lisans programlarından birinden mezun olmak. | 3191 - Gıda Mühendisliği;4794f06c-c25b-eb11-80fa-a0369f7d1484
2020;72;390181929;Tarım ve Orman Bakanlığı Van İl Müdürlüğü Özalp İlçe Müdürlüğü;Veteriner Hekim;Van;Lisans;6;0;;;"4607;6373";4607 - Aşağıdaki lisans programlarından birinden mezun olmak. | 6373 - Veteriner;5394f06c-c25b-eb11-80fa-a0369f7d1484
2020;72;390181295;Tarım ve Orman Bakanlığı Van İl Müdürlüğü Saray İlçe Müdürlüğü;Mühendis (Ziraat);Van;Lisans;1;0;;;"4825;5135;4831;3202;8258;8289;4845;3385;3386;4212;6131;8147;8158;9048;9269;4846;9114;4853;3325;3383;3384;8221;8263;4854;9106;4857;3382;8261";4825 - Aşağıdaki lisans programlarından birinden mezun olmak. | 5135 - Ziraat Mühendisliği | 4831 - Aşağıdaki lisans programlarından birinden mezun olmak. | 3202 - Hayvansal Üretim | 8258 - Süt Teknolojisi | 8289 - Zootekni / Zooteknik | 4845 - Aşağıdaki lisans programlarından birinden mezun olmak. | 3385 - Tarla Bitkileri | 3386 - Toprak | 4212 - Bahçe ve Tarla Bitkileri | 6131 - Bitkisel Üretim | 8147 - Bahçe Bitkileri | 8158 - Bitki Koruma | 9048 - Toprak Bilimi ve Bitki Besleme | 9269 - Bitkisel Üretim ve Teknolojileri | 4846 - Aşağıdaki lisans programlarından birinden mezun olmak. | 9114 - Biyosistem Mühendisliği | 4853 - Aşağıdaki lisans programlarından birinden mezun olmak. | 3325 - Tarım Teknolojisi | 3383 - Tarım Makineleri | 3384 - Tarımsal Yapılar ve Sulama | 8221 - Kültürteknik | 8263 - Tarımsal Mekanizasyon | 4854 - Aşağıdaki lisans programlarından birinden mezun olmak. | 9106 - Tarımsal Biyoteknoloji | 4857 - Aşağıdaki lisans programlarından birinden mezun olmak. | 3382 - Tarım Ekonomisi | 8261 - Tarım İşletmeciliği;6194f06c-c25b-eb11-80fa-a0369f7d1484
2020;72;390181930;Tarım ve Orman Bakanlığı Van İl Müdürlüğü Saray İlçe Müdürlüğü;Veteriner Hekim;Van;Lisans;4;0;;;"4607;6373";4607 - Aşağıdaki lisans programlarından birinden mezun olmak. | 6373 - Veteriner;5494f06c-c25b-eb11-80fa-a0369f7d1484
2020;72;390181540;Tarım ve Orman Bakanlığı Van İl Müdürlüğü Tuşba İlçe Müdürlüğü;Mühendis (Gıda);Van;Lisans;1;0;;;"4799;3191";4799 - Aşağıdaki lisans programlarından birinden mezun olmak. | 3191 - Gıda Mühendisliği;4894f06c-c25b-eb11-80fa-a0369f7d1484
2020;72;390181931;Tarım ve Orman Bakanlığı Van İl Müdürlüğü Tuşba İlçe Müdürlüğü;Veteriner Hekim;Van;Lisans;3;0;;;"4607;6373";4607 - Aşağıdaki lisans programlarından birinden mezun olmak. | 6373 - Veteriner;5594f06c-c25b-eb11-80fa-a0369f7d1484
2020;72;390181239;Tarım ve Orman Bakanlığı Yağlı Tohumlar Araştırma Enstitüsü Müdürlüğü Osmaniye;Mühendis (Bahçe Bitkileri);Osmaniye;Lisans;1;0;;;"4845;3385;3386;4212;6131;8147;8158;9048;9269";4845 - Aşağıdaki lisans programlarından birinden mezun olmak. | 3385 - Tarla Bitkileri | 3386 - Toprak | 4212 - Bahçe ve Tarla Bitkileri | 6131 - Bitkisel Üretim | 8147 - Bahçe Bitkileri | 8158 - Bitki Koruma | 9048 - Toprak Bilimi ve Bitki Besleme | 9269 - Bitkisel Üretim ve Teknolojileri;1a95f06c-c25b-eb11-80fa-a0369f7d1484
2020;72;390181541;Tarım ve Orman Bakanlığı Yalova İl Müdürlüğü Çiftlikköy İlçe Müdürlüğü;Mühendis (Gıda);Yalova;Lisans;1;2;;;"4799;3191";4799 - Aşağıdaki lisans programlarından birinden mezun olmak. | 3191 - Gıda Mühendisliği;0795f06c-c25b-eb11-80fa-a0369f7d1484
2020;72;390181542;Tarım ve Orman Bakanlığı Yalova İl Müdürlüğü Gıda ve Yem Şube Müdürlüğü;Mühendis (Gıda);Yalova;Lisans;1;2;;;"4799;3191";4799 - Aşağıdaki lisans programlarından birinden mezun olmak. | 3191 - Gıda Mühendisliği;0895f06c-c25b-eb11-80fa-a0369f7d1484
2020;72;390181543;Tarım ve Orman Bakanlığı Yozgat İl Müdürlüğü Akdağmadeni İlçe Müdürlüğü;Mühendis (Gıda);Yozgat;Lisans;1;1;;;"4799;3191";4799 - Aşağıdaki lisans programlarından birinden mezun olmak. | 3191 - Gıda Mühendisliği;7094f06c-c25b-eb11-80fa-a0369f7d1484
2020;72;390181629;Tarım ve Orman Bakanlığı Yozgat İl Müdürlüğü Akdağmadeni İlçe Müdürlüğü;Mühendis (Su Ürünleri);Yozgat;Lisans;1;2;;;"4819;3202;3320;8337";4819 - Aşağıdaki lisans programlarından birinden mezun olmak. | 3202 - Hayvansal Üretim | 3320 - Su Ürünleri | 8337 - Su Ürünleri Mühendisliği;6e94f06c-c25b-eb11-80fa-a0369f7d1484
2020;72;390181932;Tarım ve Orman Bakanlığı Yozgat İl Müdürlüğü Akdağmadeni İlçe Müdürlüğü;Veteriner Hekim;Yozgat;Lisans;5;0;;;"4607;6373";4607 - Aşağıdaki lisans programlarından birinden mezun olmak. | 6373 - Veteriner;6794f06c-c25b-eb11-80fa-a0369f7d1484
2020;72;390181544;Tarım ve Orman Bakanlığı Yozgat İl Müdürlüğü Boğazlıyan İlçe Müdürlüğü;Mühendis (Gıda);Yozgat;Lisans;1;1;;;"4799;3191";4799 - Aşağıdaki lisans programlarından birinden mezun olmak. | 3191 - Gıda Mühendisliği;7194f06c-c25b-eb11-80fa-a0369f7d1484
2020;72;390181296;Tarım ve Orman Bakanlığı Yozgat İl Müdürlüğü Çandır İlçe Müdürlüğü;Mühendis (Ziraat);Yozgat;Lisans;1;0;;;"4825;5135;4831;3202;8258;8289;4845;3385;3386;4212;6131;8147;8158;9048;9269;4846;9114;4853;3325;3383;3384;8221;8263;4854;9106;4857;3382;8261";4825 - Aşağıdaki lisans programlarından birinden mezun olmak. | 5135 - Ziraat Mühendisliği | 4831 - Aşağıdaki lisans programlarından birinden mezun olmak. | 3202 - Hayvansal Üretim | 8258 - Süt Teknolojisi | 8289 - Zootekni / Zooteknik | 4845 - Aşağıdaki lisans programlarından birinden mezun olmak. | 3385 - Tarla Bitkileri | 3386 - Toprak | 4212 - Bahçe ve Tarla Bitkileri | 6131 - Bitkisel Üretim | 8147 - Bahçe Bitkileri | 8158 - Bitki Koruma | 9048 - Toprak Bilimi ve Bitki Besleme | 9269 - Bitkisel Üretim ve Teknolojileri | 4846 - Aşağıdaki lisans programlarından birinden mezun olmak. | 9114 - Biyosistem Mühendisliği | 4853 - Aşağıdaki lisans programlarından birinden mezun olmak. | 3325 - Tarım Teknolojisi | 3383 - Tarım Makineleri | 3384 - Tarımsal Yapılar ve Sulama | 8221 - Kültürteknik | 8263 - Tarımsal Mekanizasyon | 4854 - Aşağıdaki lisans programlarından birinden mezun olmak. | 9106 - Tarımsal Biyoteknoloji | 4857 - Aşağıdaki lisans programlarından birinden mezun olmak. | 3382 - Tarım Ekonomisi | 8261 - Tarım İşletmeciliği;6294f06c-c25b-eb11-80fa-a0369f7d1484
2020;72;390181297;Tarım ve Orman Bakanlığı Yozgat İl Müdürlüğü Çayıralan İlçe Müdürlüğü;Mühendis (Ziraat);Yozgat;Lisans;1;0;;;"4825;5135;4831;3202;8258;8289;4845;3385;3386;4212;6131;8147;8158;9048;9269;4846;9114;4853;3325;3383;3384;8221;8263;4854;9106;4857;3382;8261";4825 - Aşağıdaki lisans programlarından birinden mezun olmak. | 5135 - Ziraat Mühendisliği | 4831 - Aşağıdaki lisans programlarından birinden mezun olmak. | 3202 - Hayvansal Üretim | 8258 - Süt Teknolojisi | 8289 - Zootekni / Zooteknik | 4845 - Aşağıdaki lisans programlarından birinden mezun olmak. | 3385 - Tarla Bitkileri | 3386 - Toprak | 4212 - Bahçe ve Tarla Bitkileri | 6131 - Bitkisel Üretim | 8147 - Bahçe Bitkileri | 8158 - Bitki Koruma | 9048 - Toprak Bilimi ve Bitki Besleme | 9269 - Bitkisel Üretim ve Teknolojileri | 4846 - Aşağıdaki lisans programlarından birinden mezun olmak. | 9114 - Biyosistem Mühendisliği | 4853 - Aşağıdaki lisans programlarından birinden mezun olmak. | 3325 - Tarım Teknolojisi | 3383 - Tarım Makineleri | 3384 - Tarımsal Yapılar ve Sulama | 8221 - Kültürteknik | 8263 - Tarımsal Mekanizasyon | 4854 - Aşağıdaki lisans programlarından birinden mezun olmak. | 9106 - Tarımsal Biyoteknoloji | 4857 - Aşağıdaki lisans programlarından birinden mezun olmak. | 3382 - Tarım Ekonomisi | 8261 - Tarım İşletmeciliği;6394f06c-c25b-eb11-80fa-a0369f7d1484
2020;72;390181933;Tarım ve Orman Bakanlığı Yozgat İl Müdürlüğü Çayıralan İlçe Müdürlüğü;Veteriner Hekim;Yozgat;Lisans;2;0;;;"4607;6373";4607 - Aşağıdaki lisans programlarından birinden mezun olmak. | 6373 - Veteriner;6894f06c-c25b-eb11-80fa-a0369f7d1484
2020;72;390181630;Tarım ve Orman Bakanlığı Yozgat İl Müdürlüğü Çekerek İlçe Müdürlüğü;Mühendis (Su Ürünleri);Yozgat;Lisans;1;1;;;"4819;3202;3320;8337";4819 - Aşağıdaki lisans programlarından birinden mezun olmak. | 3202 - Hayvansal Üretim | 3320 - Su Ürünleri | 8337 - Su Ürünleri Mühendisliği;6f94f06c-c25b-eb11-80fa-a0369f7d1484
2020;72;390181934;Tarım ve Orman Bakanlığı Yozgat İl Müdürlüğü Çekerek İlçe Müdürlüğü;Veteriner Hekim;Yozgat;Lisans;1;0;;;"4607;6373";4607 - Aşağıdaki lisans programlarından birinden mezun olmak. | 6373 - Veteriner;6994f06c-c25b-eb11-80fa-a0369f7d1484
2020;72;390181545;Tarım ve Orman Bakanlığı Yozgat İl Müdürlüğü Gıda ve Yem Şube Müdürlüğü;Mühendis (Gıda);Yozgat;Lisans;1;3;;;"4799;3191";4799 - Aşağıdaki lisans programlarından birinden mezun olmak. | 3191 - Gıda Mühendisliği;7294f06c-c25b-eb11-80fa-a0369f7d1484
2020;72;390181935;Tarım ve Orman Bakanlığı Yozgat İl Müdürlüğü Kadışehri İlçe Müdürlüğü;Veteriner Hekim;Yozgat;Lisans;2;0;;;"4607;6373";4607 - Aşağıdaki lisans programlarından birinden mezun olmak. | 6373 - Veteriner;6a94f06c-c25b-eb11-80fa-a0369f7d1484
2020;72;390181298;Tarım ve Orman Bakanlığı Yozgat İl Müdürlüğü Sarıkaya İlçe Müdürlüğü;Mühendis (Ziraat);Yozgat;Lisans;1;0;;;"4825;5135;4831;3202;8258;8289;4845;3385;3386;4212;6131;8147;8158;9048;9269;4846;9114;4853;3325;3383;3384;8221;8263;4854;9106;4857;3382;8261";4825 - Aşağıdaki lisans programlarından birinden mezun olmak. | 5135 - Ziraat Mühendisliği | 4831 - Aşağıdaki lisans programlarından birinden mezun olmak. | 3202 - Hayvansal Üretim | 8258 - Süt Teknolojisi | 8289 - Zootekni / Zooteknik | 4845 - Aşağıdaki lisans programlarından birinden mezun olmak. | 3385 - Tarla Bitkileri | 3386 - Toprak | 4212 - Bahçe ve Tarla Bitkileri | 6131 - Bitkisel Üretim | 8147 - Bahçe Bitkileri | 8158 - Bitki Koruma | 9048 - Toprak Bilimi ve Bitki Besleme | 9269 - Bitkisel Üretim ve Teknolojileri | 4846 - Aşağıdaki lisans programlarından birinden mezun olmak. | 9114 - Biyosistem Mühendisliği | 4853 - Aşağıdaki lisans programlarından birinden mezun olmak. | 3325 - Tarım Teknolojisi | 3383 - Tarım Makineleri | 3384 - Tarımsal Yapılar ve Sulama | 8221 - Kültürteknik | 8263 - Tarımsal Mekanizasyon | 4854 - Aşağıdaki lisans programlarından birinden mezun olmak. | 9106 - Tarımsal Biyoteknoloji | 4857 - Aşağıdaki lisans programlarından birinden mezun olmak. | 3382 - Tarım Ekonomisi | 8261 - Tarım İşletmeciliği;6494f06c-c25b-eb11-80fa-a0369f7d1484
2020;72;390181936;Tarım ve Orman Bakanlığı Yozgat İl Müdürlüğü Sarıkaya İlçe Müdürlüğü;Veteriner Hekim;Yozgat;Lisans;2;0;;;"4607;6373";4607 - Aşağıdaki lisans programlarından birinden mezun olmak. | 6373 - Veteriner;6b94f06c-c25b-eb11-80fa-a0369f7d1484
2020;72;390181546;Tarım ve Orman Bakanlığı Yozgat İl Müdürlüğü Sorgun İlçe Müdürlüğü;Mühendis (Gıda);Yozgat;Lisans;1;3;;;"4799;3191";4799 - Aşağıdaki lisans programlarından birinden mezun olmak. | 3191 - Gıda Mühendisliği;7394f06c-c25b-eb11-80fa-a0369f7d1484
2020;72;390181937;Tarım ve Orman Bakanlığı Yozgat İl Müdürlüğü Sorgun İlçe Müdürlüğü;Veteriner Hekim;Yozgat;Lisans;2;0;;;"4607;6373";4607 - Aşağıdaki lisans programlarından birinden mezun olmak. | 6373 - Veteriner;6c94f06c-c25b-eb11-80fa-a0369f7d1484
2020;72;390181299;Tarım ve Orman Bakanlığı Yozgat İl Müdürlüğü Şefaatlı İlçe Müdürlüğü;Mühendis (Ziraat);Yozgat;Lisans;1;0;;;"4825;5135;4831;3202;8258;8289;4845;3385;3386;4212;6131;8147;8158;9048;9269;4846;9114;4853;3325;3383;3384;8221;8263;4854;9106;4857;3382;8261";4825 - Aşağıdaki lisans programlarından birinden mezun olmak. | 5135 - Ziraat Mühendisliği | 4831 - Aşağıdaki lisans programlarından birinden mezun olmak. | 3202 - Hayvansal Üretim | 8258 - Süt Teknolojisi | 8289 - Zootekni / Zooteknik | 4845 - Aşağıdaki lisans programlarından birinden mezun olmak. | 3385 - Tarla Bitkileri | 3386 - Toprak | 4212 - Bahçe ve Tarla Bitkileri | 6131 - Bitkisel Üretim | 8147 - Bahçe Bitkileri | 8158 - Bitki Koruma | 9048 - Toprak Bilimi ve Bitki Besleme | 9269 - Bitkisel Üretim ve Teknolojileri | 4846 - Aşağıdaki lisans programlarından birinden mezun olmak. | 9114 - Biyosistem Mühendisliği | 4853 - Aşağıdaki lisans programlarından birinden mezun olmak. | 3325 - Tarım Teknolojisi | 3383 - Tarım Makineleri | 3384 - Tarımsal Yapılar ve Sulama | 8221 - Kültürteknik | 8263 - Tarımsal Mekanizasyon | 4854 - Aşağıdaki lisans programlarından birinden mezun olmak. | 9106 - Tarımsal Biyoteknoloji | 4857 - Aşağıdaki lisans programlarından birinden mezun olmak. | 3382 - Tarım Ekonomisi | 8261 - Tarım İşletmeciliği;6594f06c-c25b-eb11-80fa-a0369f7d1484
2020;72;390181938;Tarım ve Orman Bakanlığı Yozgat İl Müdürlüğü Şefaatlı İlçe Müdürlüğü;Veteriner Hekim;Yozgat;Lisans;1;0;;;"4607;6373";4607 - Aşağıdaki lisans programlarından birinden mezun olmak. | 6373 - Veteriner;6d94f06c-c25b-eb11-80fa-a0369f7d1484
2020;72;390181300;Tarım ve Orman Bakanlığı Yozgat İl Müdürlüğü Yenifakılı İlçe Müdürlüğü;Mühendis (Ziraat);Yozgat;Lisans;1;0;;;"4825;5135;4831;3202;8258;8289;4845;3385;3386;4212;6131;8147;8158;9048;9269;4846;9114;4853;3325;3383;3384;8221;8263;4854;9106;4857;3382;8261";4825 - Aşağıdaki lisans programlarından birinden mezun olmak. | 5135 - Ziraat Mühendisliği | 4831 - Aşağıdaki lisans programlarından birinden mezun olmak. | 3202 - Hayvansal Üretim | 8258 - Süt Teknolojisi | 8289 - Zootekni / Zooteknik | 4845 - Aşağıdaki lisans programlarından birinden mezun olmak. | 3385 - Tarla Bitkileri | 3386 - Toprak | 4212 - Bahçe ve Tarla Bitkileri | 6131 - Bitkisel Üretim | 8147 - Bahçe Bitkileri | 8158 - Bitki Koruma | 9048 - Toprak Bilimi ve Bitki Besleme | 9269 - Bitkisel Üretim ve Teknolojileri | 4846 - Aşağıdaki lisans programlarından birinden mezun olmak. | 9114 - Biyosistem Mühendisliği | 4853 - Aşağıdaki lisans programlarından birinden mezun olmak. | 3325 - Tarım Teknolojisi | 3383 - Tarım Makineleri | 3384 - Tarımsal Yapılar ve Sulama | 8221 - Kültürteknik | 8263 - Tarımsal Mekanizasyon | 4854 - Aşağıdaki lisans programlarından birinden mezun olmak. | 9106 - Tarımsal Biyoteknoloji | 4857 - Aşağıdaki lisans programlarından birinden mezun olmak. | 3382 - Tarım Ekonomisi | 8261 - Tarım İşletmeciliği;6694f06c-c25b-eb11-80fa-a0369f7d1484
2020;72;390181547;Tarım ve Orman Bakanlığı Yozgat İl Müdürlüğü Yerköy İlçe Müdürlüğü;Mühendis (Gıda);Yozgat;Lisans;1;1;;;"4799;3191";4799 - Aşağıdaki lisans programlarından birinden mezun olmak. | 3191 - Gıda Mühendisliği;7494f06c-c25b-eb11-80fa-a0369f7d1484
2020;72;390181301;Tarım ve Orman Bakanlığı Zonguldak İl Müdürlüğü Alaplı İlçe Müdürlüğü;Mühendis (Ziraat);Zonguldak;Lisans;2;0;;;"4825;5135;4831;3202;8258;8289;4845;3385;3386;4212;6131;8147;8158;9048;9269;4846;9114;4853;3325;3383;3384;8221;8263;4854;9106;4857;3382;8261";4825 - Aşağıdaki lisans programlarından birinden mezun olmak. | 5135 - Ziraat Mühendisliği | 4831 - Aşağıdaki lisans programlarından birinden mezun olmak. | 3202 - Hayvansal Üretim | 8258 - Süt Teknolojisi | 8289 - Zootekni / Zooteknik | 4845 - Aşağıdaki lisans programlarından birinden mezun olmak. | 3385 - Tarla Bitkileri | 3386 - Toprak | 4212 - Bahçe ve Tarla Bitkileri | 6131 - Bitkisel Üretim | 8147 - Bahçe Bitkileri | 8158 - Bitki Koruma | 9048 - Toprak Bilimi ve Bitki Besleme | 9269 - Bitkisel Üretim ve Teknolojileri | 4846 - Aşağıdaki lisans programlarından birinden mezun olmak. | 9114 - Biyosistem Mühendisliği | 4853 - Aşağıdaki lisans programlarından birinden mezun olmak. | 3325 - Tarım Teknolojisi | 3383 - Tarım Makineleri | 3384 - Tarımsal Yapılar ve Sulama | 8221 - Kültürteknik | 8263 - Tarımsal Mekanizasyon | 4854 - Aşağıdaki lisans programlarından birinden mezun olmak. | 9106 - Tarımsal Biyoteknoloji | 4857 - Aşağıdaki lisans programlarından birinden mezun olmak. | 3382 - Tarım Ekonomisi | 8261 - Tarım İşletmeciliği;7b94f06c-c25b-eb11-80fa-a0369f7d1484
2020;72;390181631;Tarım ve Orman Bakanlığı Zonguldak İl Müdürlüğü Alaplı İlçe Müdürlüğü;Mühendis (Su Ürünleri);Zonguldak;Lisans;1;0;;;"4819;3202;3320;8337";4819 - Aşağıdaki lisans programlarından birinden mezun olmak. | 3202 - Hayvansal Üretim | 3320 - Su Ürünleri | 8337 - Su Ürünleri Mühendisliği;7694f06c-c25b-eb11-80fa-a0369f7d1484
2020;72;390181302;Tarım ve Orman Bakanlığı Zonguldak İl Müdürlüğü Bitkisel Üretim ve Bitki Sağlığı Şube Müdürlüğü;Mühendis (Ziraat);Zonguldak;Lisans;2;0;;;"4825;5135;4831;3202;8258;8289;4845;3385;3386;4212;6131;8147;8158;9048;9269;4846;9114;4853;3325;3383;3384;8221;8263;4854;9106;4857;3382;8261";4825 - Aşağıdaki lisans programlarından birinden mezun olmak. | 5135 - Ziraat Mühendisliği | 4831 - Aşağıdaki lisans programlarından birinden mezun olmak. | 3202 - Hayvansal Üretim | 8258 - Süt Teknolojisi | 8289 - Zootekni / Zooteknik | 4845 - Aşağıdaki lisans programlarından birinden mezun olmak. | 3385 - Tarla Bitkileri | 3386 - Toprak | 4212 - Bahçe ve Tarla Bitkileri | 6131 - Bitkisel Üretim | 8147 - Bahçe Bitkileri | 8158 - Bitki Koruma | 9048 - Toprak Bilimi ve Bitki Besleme | 9269 - Bitkisel Üretim ve Teknolojileri | 4846 - Aşağıdaki lisans programlarından birinden mezun olmak. | 9114 - Biyosistem Mühendisliği | 4853 - Aşağıdaki lisans programlarından birinden mezun olmak. | 3325 - Tarım Teknolojisi | 3383 - Tarım Makineleri | 3384 - Tarımsal Yapılar ve Sulama | 8221 - Kültürteknik | 8263 - Tarımsal Mekanizasyon | 4854 - Aşağıdaki lisans programlarından birinden mezun olmak. | 9106 - Tarımsal Biyoteknoloji | 4857 - Aşağıdaki lisans programlarından birinden mezun olmak. | 3382 - Tarım Ekonomisi | 8261 - Tarım İşletmeciliği;7c94f06c-c25b-eb11-80fa-a0369f7d1484
2020;72;390181303;Tarım ve Orman Bakanlığı Zonguldak İl Müdürlüğü Çaycuma İlçe Müdürlüğü;Mühendis (Ziraat);Zonguldak;Lisans;1;0;;;"4825;5135;4831;3202;8258;8289;4845;3385;3386;4212;6131;8147;8158;9048;9269;4846;9114;4853;3325;3383;3384;8221;8263;4854;9106;4857;3382;8261";4825 - Aşağıdaki lisans programlarından birinden mezun olmak. | 5135 - Ziraat Mühendisliği | 4831 - Aşağıdaki lisans programlarından birinden mezun olmak. | 3202 - Hayvansal Üretim | 8258 - Süt Teknolojisi | 8289 - Zootekni / Zooteknik | 4845 - Aşağıdaki lisans programlarından birinden mezun olmak. | 3385 - Tarla Bitkileri | 3386 - Toprak | 4212 - Bahçe ve Tarla Bitkileri | 6131 - Bitkisel Üretim | 8147 - Bahçe Bitkileri | 8158 - Bitki Koruma | 9048 - Toprak Bilimi ve Bitki Besleme | 9269 - Bitkisel Üretim ve Teknolojileri | 4846 - Aşağıdaki lisans programlarından birinden mezun olmak. | 9114 - Biyosistem Mühendisliği | 4853 - Aşağıdaki lisans programlarından birinden mezun olmak. | 3325 - Tarım Teknolojisi | 3383 - Tarım Makineleri | 3384 - Tarımsal Yapılar ve Sulama | 8221 - Kültürteknik | 8263 - Tarımsal Mekanizasyon | 4854 - Aşağıdaki lisans programlarından birinden mezun olmak. | 9106 - Tarımsal Biyoteknoloji | 4857 - Aşağıdaki lisans programlarından birinden mezun olmak. | 3382 - Tarım Ekonomisi | 8261 - Tarım İşletmeciliği;7d94f06c-c25b-eb11-80fa-a0369f7d1484
2020;72;390181632;Tarım ve Orman Bakanlığı Zonguldak İl Müdürlüğü Çaycuma İlçe Müdürlüğü;Mühendis (Su Ürünleri);Zonguldak;Lisans;1;1;;;"4819;3202;3320;8337";4819 - Aşağıdaki lisans programlarından birinden mezun olmak. | 3202 - Hayvansal Üretim | 3320 - Su Ürünleri | 8337 - Su Ürünleri Mühendisliği;7794f06c-c25b-eb11-80fa-a0369f7d1484
2020;72;390181633;Tarım ve Orman Bakanlığı Zonguldak İl Müdürlüğü Devrek İlçe Müdürlüğü;Mühendis (Su Ürünleri);Zonguldak;Lisans;1;1;;;"4819;3202;3320;8337";4819 - Aşağıdaki lisans programlarından birinden mezun olmak. | 3202 - Hayvansal Üretim | 3320 - Su Ürünleri | 8337 - Su Ürünleri Mühendisliği;7894f06c-c25b-eb11-80fa-a0369f7d1484
2020;72;390181548;Tarım ve Orman Bakanlığı Zonguldak İl Müdürlüğü Gıda ve Yem Şube Müdürlüğü;Mühendis (Gıda);Zonguldak;Lisans;1;0;;;"4799;3191";4799 - Aşağıdaki lisans programlarından birinden mezun olmak. | 3191 - Gıda Mühendisliği;7594f06c-c25b-eb11-80fa-a0369f7d1484
2020;72;390181304;Tarım ve Orman Bakanlığı Zonguldak İl Müdürlüğü Karadeniz Ereğli İlçe Müdürlüğü;Mühendis (Ziraat);Zonguldak;Lisans;1;1;;;"4825;5135;4831;3202;8258;8289;4845;3385;3386;4212;6131;8147;8158;9048;9269;4846;9114;4853;3325;3383;3384;8221;8263;4854;9106;4857;3382;8261";4825 - Aşağıdaki lisans programlarından birinden mezun olmak. | 5135 - Ziraat Mühendisliği | 4831 - Aşağıdaki lisans programlarından birinden mezun olmak. | 3202 - Hayvansal Üretim | 8258 - Süt Teknolojisi | 8289 - Zootekni / Zooteknik | 4845 - Aşağıdaki lisans programlarından birinden mezun olmak. | 3385 - Tarla Bitkileri | 3386 - Toprak | 4212 - Bahçe ve Tarla Bitkileri | 6131 - Bitkisel Üretim | 8147 - Bahçe Bitkileri | 8158 - Bitki Koruma | 9048 - Toprak Bilimi ve Bitki Besleme | 9269 - Bitkisel Üretim ve Teknolojileri | 4846 - Aşağıdaki lisans programlarından birinden mezun olmak. | 9114 - Biyosistem Mühendisliği | 4853 - Aşağıdaki lisans programlarından birinden mezun olmak. | 3325 - Tarım Teknolojisi | 3383 - Tarım Makineleri | 3384 - Tarımsal Yapılar ve Sulama | 8221 - Kültürteknik | 8263 - Tarımsal Mekanizasyon | 4854 - Aşağıdaki lisans programlarından birinden mezun olmak. | 9106 - Tarımsal Biyoteknoloji | 4857 - Aşağıdaki lisans programlarından birinden mezun olmak. | 3382 - Tarım Ekonomisi | 8261 - Tarım İşletmeciliği;7e94f06c-c25b-eb11-80fa-a0369f7d1484
2020;72;390181305;Tarım ve Orman Bakanlığı Zonguldak İl Müdürlüğü Kırsal Kalkınma ve Örgütlenme Şube Müdürlüğü;Mühendis (Ziraat);Zonguldak;Lisans;1;0;;;"4825;5135;4831;3202;8258;8289;4845;3385;3386;4212;6131;8147;8158;9048;9269;4846;9114;4853;3325;3383;3384;8221;8263;4854;9106;4857;3382;8261";4825 - Aşağıdaki lisans programlarından birinden mezun olmak. | 5135 - Ziraat Mühendisliği | 4831 - Aşağıdaki lisans programlarından birinden mezun olmak. | 3202 - Hayvansal Üretim | 8258 - Süt Teknolojisi | 8289 - Zootekni / Zooteknik | 4845 - Aşağıdaki lisans programlarından birinden mezun olmak. | 3385 - Tarla Bitkileri | 3386 - Toprak | 4212 - Bahçe ve Tarla Bitkileri | 6131 - Bitkisel Üretim | 8147 - Bahçe Bitkileri | 8158 - Bitki Koruma | 9048 - Toprak Bilimi ve Bitki Besleme | 9269 - Bitkisel Üretim ve Teknolojileri | 4846 - Aşağıdaki lisans programlarından birinden mezun olmak. | 9114 - Biyosistem Mühendisliği | 4853 - Aşağıdaki lisans programlarından birinden mezun olmak. | 3325 - Tarım Teknolojisi | 3383 - Tarım Makineleri | 3384 - Tarımsal Yapılar ve Sulama | 8221 - Kültürteknik | 8263 - Tarımsal Mekanizasyon | 4854 - Aşağıdaki lisans programlarından birinden mezun olmak. | 9106 - Tarımsal Biyoteknoloji | 4857 - Aşağıdaki lisans programlarından birinden mezun olmak. | 3382 - Tarım Ekonomisi | 8261 - Tarım İşletmeciliği;7f94f06c-c25b-eb11-80fa-a0369f7d1484
2020;72;390181634;Tarım ve Orman Bakanlığı Zonguldak İl Müdürlüğü Kilimli İlçe Müdürlüğü;Mühendis (Su Ürünleri);Zonguldak;Lisans;1;1;;;"4819;3202;3320;8337";4819 - Aşağıdaki lisans programlarından birinden mezun olmak. | 3202 - Hayvansal Üretim | 3320 - Su Ürünleri | 8337 - Su Ürünleri Mühendisliği;7994f06c-c25b-eb11-80fa-a0369f7d1484
2020;72;390181306;Tarım ve Orman Bakanlığı Zonguldak İl Müdürlüğü Kozlu İlçe Müdürlüğü;Mühendis (Ziraat);Zonguldak;Lisans;1;0;;;"4825;5135;4831;3202;8258;8289;4845;3385;3386;4212;6131;8147;8158;9048;9269;4846;9114;4853;3325;3383;3384;8221;8263;4854;9106;4857;3382;8261";4825 - Aşağıdaki lisans programlarından birinden mezun olmak. | 5135 - Ziraat Mühendisliği | 4831 - Aşağıdaki lisans programlarından birinden mezun olmak. | 3202 - Hayvansal Üretim | 8258 - Süt Teknolojisi | 8289 - Zootekni / Zooteknik | 4845 - Aşağıdaki lisans programlarından birinden mezun olmak. | 3385 - Tarla Bitkileri | 3386 - Toprak | 4212 - Bahçe ve Tarla Bitkileri | 6131 - Bitkisel Üretim | 8147 - Bahçe Bitkileri | 8158 - Bitki Koruma | 9048 - Toprak Bilimi ve Bitki Besleme | 9269 - Bitkisel Üretim ve Teknolojileri | 4846 - Aşağıdaki lisans programlarından birinden mezun olmak. | 9114 - Biyosistem Mühendisliği | 4853 - Aşağıdaki lisans programlarından birinden mezun olmak. | 3325 - Tarım Teknolojisi | 3383 - Tarım Makineleri | 3384 - Tarımsal Yapılar ve Sulama | 8221 - Kültürteknik | 8263 - Tarımsal Mekanizasyon | 4854 - Aşağıdaki lisans programlarından birinden mezun olmak. | 9106 - Tarımsal Biyoteknoloji | 4857 - Aşağıdaki lisans programlarından birinden mezun olmak. | 3382 - Tarım Ekonomisi | 8261 - Tarım İşletmeciliği;8094f06c-c25b-eb11-80fa-a0369f7d1484
2020;72;390181939;Tarım ve Orman Bakanlığı Zonguldak Limanı Veteriner Sınır Kontrol Noktası Müdürlüğü;Veteriner Hekim;Zonguldak;Lisans;2;1;;;"4607;6373";4607 - Aşağıdaki lisans programlarından birinden mezun olmak. | 6373 - Veteriner;7a94f06c-c25b-eb11-80fa-a0369f7d1484
