yil;donem;kadro_kodu;kurum;unvan;il;ogrenim;kontenjan;bos_kadro;min_puan;max_puan;nitelik_kodlari;nitelikler;kadro_guid
2022;2;102010430;Ege Üniversitesi;Memur;İzmir;Ortaogretim;1;;98.384;98.384;2001;2001 - Herhangi bir ortaöğretim programından mezun olmak.;a44e481e-0a81-ed11-8117-a0369f7d1486
2022;2;102010472;İstanbul Üniversitesi-Cerrahpaşa;Memur;İstanbul;Ortaogretim;2;;97.824;98.122;2001;2001 - Herhangi bir ortaöğretim programından mezun olmak.;8e4e481e-0a81-ed11-8117-a0369f7d1486
2022;2;102010458;Harran Üniversitesi;Bilgisayar İşletmeni;Şanlıurfa;Ortaogretim;2;;95.652;96.005;"2001;6225";2001 - Herhangi bir ortaöğretim programından mezun olmak. | 6225 - M.E.B.'Dan Onaylı Bilgisayar İşletmeni Sertifikası Sahibi olmak.;7850481e-0a81-ed11-8117-a0369f7d1486
2022;2;102010395;Dışişleri Bakanlığı;Hizmetli;Ankara;Ortaogretim;11;;94.388;98.263;2001;2001 - Herhangi bir ortaöğretim programından mezun olmak.;bb4c481e-0a81-ed11-8117-a0369f7d1486
2022;2;102010514;Sinop Üniversitesi;Hizmetli;Sinop;Ortaogretim;5;;94.338;96.539;2001;2001 - Herhangi bir ortaöğretim programından mezun olmak.;0750481e-0a81-ed11-8117-a0369f7d1486
2022;2;102010647;Trakya Üniversitesi;Hizmetli;Edirne;Ortaogretim;5;;93.004;93.895;2001;2001 - Herhangi bir ortaöğretim programından mezun olmak.;864d481e-0a81-ed11-8117-a0369f7d1486
2022;2;102010381;Devlet Hava Meydanları İşletmesi Genel Müdürlüğü;Teknisyen;Uşak;Ortaogretim;1;;92.722;92.722;"2061;6033;6329;7322";2061 - Aşağıdaki ortaöğretim programlarından birinden mezun olmak. | 6033 - Makine Teknolojisi | 6329 - Makine Ve Tasarım Teknolojisi | 7322 - (Bakınız Başvurma Özel Şartları Bölümü Devlet Hava Meydanları İşletmesi Genel Müdürlüğü).;8450481e-0a81-ed11-8117-a0369f7d1486
2022;2;102010367;Devlet Hava Meydanları İşletmesi Genel Müdürlüğü;Teknisyen;Siirt;Ortaogretim;1;;92.374;92.374;"2061;6033;6329;7322";2061 - Aşağıdaki ortaöğretim programlarından birinden mezun olmak. | 6033 - Makine Teknolojisi | 6329 - Makine Ve Tasarım Teknolojisi | 7322 - (Bakınız Başvurma Özel Şartları Bölümü Devlet Hava Meydanları İşletmesi Genel Müdürlüğü).;fb4f481e-0a81-ed11-8117-a0369f7d1486
2022;2;102010101;Afet ve Acil Durum Yönetimi Başkanlığı;Teknisyen;Ankara;Ortaogretim;2;;92.088;95.138;"2023;6013;6014;6014";2023 - Aşağıdaki ortaöğretim programlarından birinden mezun olmak. | 6013 - Elektrik-Elektronik Teknolojisi | 6014 - Endüstriyel Otomasyon Teknolojileri - Endüstriyel Kontrol Dalı (Dal kod: 1) | 6014 - Endüstriyel Otomasyon Teknolojileri - Endüstriyel Elektronik Dalı (Dal kod: 102);b84c481e-0a81-ed11-8117-a0369f7d1486
2022;2;102010374;Devlet Hava Meydanları İşletmesi Genel Müdürlüğü;Teknisyen;Şırnak;Ortaogretim;1;;91.848;91.848;"2061;6033;6329;7322";2061 - Aşağıdaki ortaöğretim programlarından birinden mezun olmak. | 6033 - Makine Teknolojisi | 6329 - Makine Ve Tasarım Teknolojisi | 7322 - (Bakınız Başvurma Özel Şartları Bölümü Devlet Hava Meydanları İşletmesi Genel Müdürlüğü).;1a51481e-0a81-ed11-8117-a0369f7d1486
2022;2;102010409;Dışişleri Bakanlığı;Teknisyen;Ankara;Ortaogretim;2;;91.417;94.707;"2023;6013;6014;6014";2023 - Aşağıdaki ortaöğretim programlarından birinden mezun olmak. | 6013 - Elektrik-Elektronik Teknolojisi | 6014 - Endüstriyel Otomasyon Teknolojileri - Endüstriyel Kontrol Dalı (Dal kod: 1) | 6014 - Endüstriyel Otomasyon Teknolojileri - Endüstriyel Elektronik Dalı (Dal kod: 102);bd4c481e-0a81-ed11-8117-a0369f7d1486
2022;2;102010479;Kafkas Üniversitesi;Şoför;Kars;Ortaogretim;1;;91.048;91.048;"2001;6506;6519;7302";2001 - Herhangi bir ortaöğretim programından mezun olmak. | 6506 - B sınıfı sürücü belgesine sahip olmak | 6519 - İstenilen Sınıftaki Sürücü Belgesine En Az (5) Yıldır Sahip olmak. | 7302 - Bakınız Başvurma Özel Şartları Bölümü Şoför;d84e481e-0a81-ed11-8117-a0369f7d1486
2022;2;102010500;Orta Doğu Teknik Üniversitesi;Teknisyen;Ankara;Ortaogretim;1;;90.923;90.923;"2023;6013;6014;6014";2023 - Aşağıdaki ortaöğretim programlarından birinden mezun olmak. | 6013 - Elektrik-Elektronik Teknolojisi | 6014 - Endüstriyel Otomasyon Teknolojileri - Endüstriyel Kontrol Dalı (Dal kod: 1) | 6014 - Endüstriyel Otomasyon Teknolojileri - Endüstriyel Elektronik Dalı (Dal kod: 102);b64c481e-0a81-ed11-8117-a0369f7d1486
2022;2;102010612;Toprak Mahsulleri Ofisi Genel Müdürlüğü;Teknisyen;Samsun;Ortaogretim;1;;90.753;90.753;"2023;6013;6014;6014;7324";2023 - Aşağıdaki ortaöğretim programlarından birinden mezun olmak. | 6013 - Elektrik-Elektronik Teknolojisi | 6014 - Endüstriyel Otomasyon Teknolojileri - Endüstriyel Kontrol Dalı (Dal kod: 1) | 6014 - Endüstriyel Otomasyon Teknolojileri - Endüstriyel Elektronik Dalı (Dal kod: 102) | 7324 - (Bakınız Başvurma Özel Şartları Bölümü Toprak Mahsulleri Ofisi Genel Müdürlüğü).;ee4f481e-0a81-ed11-8117-a0369f7d1486
2022;2;102010360;Devlet Hava Meydanları İşletmesi Genel Müdürlüğü;Teknisyen;Rize;Ortaogretim;1;;90.679;90.679;"2111;6053;7322";2111 - Aşağıdaki ortaöğretim programlarından birinden mezun olmak. | 6053 - Tesisat Teknolojisi ve İklimlendirme | 7322 - (Bakınız Başvurma Özel Şartları Bölümü Devlet Hava Meydanları İşletmesi Genel Müdürlüğü).;cb4f481e-0a81-ed11-8117-a0369f7d1486
2022;2;102010136;Avrupa Birliği Başkanlığı;Teknisyen;Ankara;Ortaogretim;2;;90.666;95.781;"2011;6006";2011 - Aşağıdaki ortaöğretim programlarından birinden mezun olmak. | 6006 - Bilişim Teknolojileri;c14c481e-0a81-ed11-8117-a0369f7d1486
2022;2;102010668;Zonguldak Bülent Ecevit Üniversitesi;Teknisyen;Zonguldak;Ortaogretim;2;;90.111;90.787;"2023;6013;6014;6014";2023 - Aşağıdaki ortaöğretim programlarından birinden mezun olmak. | 6013 - Elektrik-Elektronik Teknolojisi | 6014 - Endüstriyel Otomasyon Teknolojileri - Endüstriyel Kontrol Dalı (Dal kod: 1) | 6014 - Endüstriyel Otomasyon Teknolojileri - Endüstriyel Elektronik Dalı (Dal kod: 102);ea50481e-0a81-ed11-8117-a0369f7d1486
2022;2;102010437;Erzurum Teknik Üniversitesi;Teknisyen;Erzurum;Ortaogretim;1;;90.02;90.02;"2023;6013;6014;6014";2023 - Aşağıdaki ortaöğretim programlarından birinden mezun olmak. | 6013 - Elektrik-Elektronik Teknolojisi | 6014 - Endüstriyel Otomasyon Teknolojileri - Endüstriyel Kontrol Dalı (Dal kod: 1) | 6014 - Endüstriyel Otomasyon Teknolojileri - Endüstriyel Elektronik Dalı (Dal kod: 102);ab4d481e-0a81-ed11-8117-a0369f7d1486
2022;2;102010451;Erzurum Teknik Üniversitesi;Teknisyen;Erzurum;Ortaogretim;1;;89.315;89.315;"2061;6033;6329";2061 - Aşağıdaki ortaöğretim programlarından birinden mezun olmak. | 6033 - Makine Teknolojisi | 6329 - Makine Ve Tasarım Teknolojisi;ad4d481e-0a81-ed11-8117-a0369f7d1486
2022;2;102010542;Toprak Mahsulleri Ofisi Genel Müdürlüğü;Teknisyen;Afyonkarahisar;Ortaogretim;1;;89.17;89.17;"2023;6013;6014;6014;7324";2023 - Aşağıdaki ortaöğretim programlarından birinden mezun olmak. | 6013 - Elektrik-Elektronik Teknolojisi | 6014 - Endüstriyel Otomasyon Teknolojileri - Endüstriyel Kontrol Dalı (Dal kod: 1) | 6014 - Endüstriyel Otomasyon Teknolojileri - Endüstriyel Elektronik Dalı (Dal kod: 102) | 7324 - (Bakınız Başvurma Özel Şartları Bölümü Toprak Mahsulleri Ofisi Genel Müdürlüğü).;004c481e-0a81-ed11-8117-a0369f7d1486
2022;2;102010150;Bitlis Eren Üniversitesi;Şoför;Bitlis;Ortaogretim;1;;88.743;88.743;"2001;6514;6519;7302";2001 - Herhangi bir ortaöğretim programından mezun olmak. | 6514 - D sınıfı sürücü belgesine sahip olmak | 6519 - İstenilen Sınıftaki Sürücü Belgesine En Az (5) Yıldır Sahip olmak. | 7302 - Bakınız Başvurma Özel Şartları Bölümü Şoför;2c4d481e-0a81-ed11-8117-a0369f7d1486
2022;2;102010626;Toprak Mahsulleri Ofisi Genel Müdürlüğü;Teknisyen;Yozgat;Ortaogretim;1;;88.271;88.271;"2023;6013;6014;6014;7324";2023 - Aşağıdaki ortaöğretim programlarından birinden mezun olmak. | 6013 - Elektrik-Elektronik Teknolojisi | 6014 - Endüstriyel Otomasyon Teknolojileri - Endüstriyel Kontrol Dalı (Dal kod: 1) | 6014 - Endüstriyel Otomasyon Teknolojileri - Endüstriyel Elektronik Dalı (Dal kod: 102) | 7324 - (Bakınız Başvurma Özel Şartları Bölümü Toprak Mahsulleri Ofisi Genel Müdürlüğü).;b050481e-0a81-ed11-8117-a0369f7d1486
2022;2;102010108;Afet ve Acil Durum Yönetimi Başkanlığı;Teknisyen;Ankara;Ortaogretim;2;;88.18;88.329;"2061;6033;6329";2061 - Aşağıdaki ortaöğretim programlarından birinden mezun olmak. | 6033 - Makine Teknolojisi | 6329 - Makine Ve Tasarım Teknolojisi;b94c481e-0a81-ed11-8117-a0369f7d1486
2022;2;102010549;Toprak Mahsulleri Ofisi Genel Müdürlüğü;Teknisyen;Ankara;Ortaogretim;1;;88.13;88.13;"2061;6033;6329;7324";2061 - Aşağıdaki ortaöğretim programlarından birinden mezun olmak. | 6033 - Makine Teknolojisi | 6329 - Makine Ve Tasarım Teknolojisi | 7324 - (Bakınız Başvurma Özel Şartları Bölümü Toprak Mahsulleri Ofisi Genel Müdürlüğü).;b54c481e-0a81-ed11-8117-a0369f7d1486
2022;2;102010402;Dışişleri Bakanlığı;Şoför;Ankara;Ortaogretim;10;;88.122;94.786;"2001;6514;7302";2001 - Herhangi bir ortaöğretim programından mezun olmak. | 6514 - D sınıfı sürücü belgesine sahip olmak | 7302 - Bakınız Başvurma Özel Şartları Bölümü Şoför;bc4c481e-0a81-ed11-8117-a0369f7d1486
2022;2;102010122;Afyon Kocatepe Üniversitesi;Kaloriferci;Afyonkarahisar;Ortaogretim;1;;88.051;88.051;"2001;6251;6297;7347";2001 - Herhangi bir ortaöğretim programından mezun olmak. | 6251 - M.E.B.'Dan Onaylı Doğalgaz Kalorifer Ateşçiliği Sertifikası Sahibi olmak. | 6297 - M.E.B.'Dan Onaylı Kalorifer Ateşçiliği Sertifikası Sahibi olmak. | 7347 - (Bakınız Başvurma Özel Şartları Bölümü Kaloriferci).;ff4b481e-0a81-ed11-8117-a0369f7d1486
2022;2;102010388;Devlet Hava Meydanları İşletmesi Genel Müdürlüğü;Teknisyen;Yozgat;Ortaogretim;1;;87.906;87.906;"2111;6053;7322";2111 - Aşağıdaki ortaöğretim programlarından birinden mezun olmak. | 6053 - Tesisat Teknolojisi ve İklimlendirme | 7322 - (Bakınız Başvurma Özel Şartları Bölümü Devlet Hava Meydanları İşletmesi Genel Müdürlüğü).;af50481e-0a81-ed11-8117-a0369f7d1486
2022;2;102010521;Sivas Cumhuriyet Üniversitesi;Kaloriferci;Sivas;Ortaogretim;1;;87.595;87.595;"2001;6251;6297;7347";2001 - Herhangi bir ortaöğretim programından mezun olmak. | 6251 - M.E.B.'Dan Onaylı Doğalgaz Kalorifer Ateşçiliği Sertifikası Sahibi olmak. | 6297 - M.E.B.'Dan Onaylı Kalorifer Ateşçiliği Sertifikası Sahibi olmak. | 7347 - (Bakınız Başvurma Özel Şartları Bölümü Kaloriferci).;2550481e-0a81-ed11-8117-a0369f7d1486
2022;2;102010248;Devlet Demiryolları Taşımacılık A.Ş Genel Müdürlüğü;Vagon Teknisyeni;Eskişehir;Ortaogretim;3;;87.558;90.372;"2085;6045;7300;7368";2085 - Aşağıdaki ortaöğretim programlarından birinden mezun olmak. | 6045 - Raylı Sistemler Teknolojisi | 7300 - Bu kadro/pozisyonda vardiya sistemi uygulanmaktadır. | 7368 - (Bakınız Başvurma Özel Şartları Bölümü T.C. Devlet Demiryolları Taşımacılık A.Ş. Genel Müdürlüğü);d94d481e-0a81-ed11-8117-a0369f7d1486
2022;2;102010591;Toprak Mahsulleri Ofisi Genel Müdürlüğü;Teknisyen;Kocaeli;Ortaogretim;1;;87.45;87.45;"2023;6013;6014;6014;7324";2023 - Aşağıdaki ortaöğretim programlarından birinden mezun olmak. | 6013 - Elektrik-Elektronik Teknolojisi | 6014 - Endüstriyel Otomasyon Teknolojileri - Endüstriyel Kontrol Dalı (Dal kod: 1) | 6014 - Endüstriyel Otomasyon Teknolojileri - Endüstriyel Elektronik Dalı (Dal kod: 102) | 7324 - (Bakınız Başvurma Özel Şartları Bölümü Toprak Mahsulleri Ofisi Genel Müdürlüğü).;0d4f481e-0a81-ed11-8117-a0369f7d1486
2022;2;102010598;Toprak Mahsulleri Ofisi Genel Müdürlüğü;Teknisyen;Sakarya;Ortaogretim;1;;87.405;87.405;"2023;6013;6014;6014;7324";2023 - Aşağıdaki ortaöğretim programlarından birinden mezun olmak. | 6013 - Elektrik-Elektronik Teknolojisi | 6014 - Endüstriyel Otomasyon Teknolojileri - Endüstriyel Kontrol Dalı (Dal kod: 1) | 6014 - Endüstriyel Otomasyon Teknolojileri - Endüstriyel Elektronik Dalı (Dal kod: 102) | 7324 - (Bakınız Başvurma Özel Şartları Bölümü Toprak Mahsulleri Ofisi Genel Müdürlüğü).;d94f481e-0a81-ed11-8117-a0369f7d1486
2022;2;102010633;Toprak Mahsulleri Ofisi Genel Müdürlüğü;Teknisyen;Yozgat;Ortaogretim;1;;87.367;87.367;"2023;6013;6014;6014;7324";2023 - Aşağıdaki ortaöğretim programlarından birinden mezun olmak. | 6013 - Elektrik-Elektronik Teknolojisi | 6014 - Endüstriyel Otomasyon Teknolojileri - Endüstriyel Kontrol Dalı (Dal kod: 1) | 6014 - Endüstriyel Otomasyon Teknolojileri - Endüstriyel Elektronik Dalı (Dal kod: 102) | 7324 - (Bakınız Başvurma Özel Şartları Bölümü Toprak Mahsulleri Ofisi Genel Müdürlüğü).;b150481e-0a81-ed11-8117-a0369f7d1486
2022;2;102010605;Toprak Mahsulleri Ofisi Genel Müdürlüğü;Teknisyen;Samsun;Ortaogretim;1;;87.127;87.127;"2023;6013;6014;6014;7324";2023 - Aşağıdaki ortaöğretim programlarından birinden mezun olmak. | 6013 - Elektrik-Elektronik Teknolojisi | 6014 - Endüstriyel Otomasyon Teknolojileri - Endüstriyel Kontrol Dalı (Dal kod: 1) | 6014 - Endüstriyel Otomasyon Teknolojileri - Endüstriyel Elektronik Dalı (Dal kod: 102) | 7324 - (Bakınız Başvurma Özel Şartları Bölümü Toprak Mahsulleri Ofisi Genel Müdürlüğü).;ed4f481e-0a81-ed11-8117-a0369f7d1486
2022;2;102010486;Kafkas Üniversitesi;Şoför;Kars;Ortaogretim;2;;86.696;87.744;"2001;6514;6519;7302";2001 - Herhangi bir ortaöğretim programından mezun olmak. | 6514 - D sınıfı sürücü belgesine sahip olmak | 6519 - İstenilen Sınıftaki Sürücü Belgesine En Az (5) Yıldır Sahip olmak. | 7302 - Bakınız Başvurma Özel Şartları Bölümü Şoför;d94e481e-0a81-ed11-8117-a0369f7d1486
2022;2;102010493;Nevşehir Hacı Bektaş Veli Üniversitesi;Aşçı;Nevşehir;Ortaogretim;1;;86.543;86.543;"2001;6205;7353";2001 - Herhangi bir ortaöğretim programından mezun olmak. | 6205 - M.E.B.'Dan Onaylı Aşçılık Sertifikası Sahibi olmak. | 7353 - (Bakınız Başvurma Özel Şartları Bölümü Aşçı).;b44f481e-0a81-ed11-8117-a0369f7d1486
2022;2;102010332;Devlet Hava Meydanları İşletmesi Genel Müdürlüğü;Teknisyen;Bingöl;Ortaogretim;1;;86.406;86.406;"2111;6053;7322";2111 - Aşağıdaki ortaöğretim programlarından birinden mezun olmak. | 6053 - Tesisat Teknolojisi ve İklimlendirme | 7322 - (Bakınız Başvurma Özel Şartları Bölümü Devlet Hava Meydanları İşletmesi Genel Müdürlüğü).;2b4d481e-0a81-ed11-8117-a0369f7d1486
2022;2;102010339;Devlet Hava Meydanları İşletmesi Genel Müdürlüğü;Teknisyen;Erzurum;Ortaogretim;2;;86.302;89.576;"2111;6053;7322";2111 - Aşağıdaki ortaöğretim programlarından birinden mezun olmak. | 6053 - Tesisat Teknolojisi ve İklimlendirme | 7322 - (Bakınız Başvurma Özel Şartları Bölümü Devlet Hava Meydanları İşletmesi Genel Müdürlüğü).;ae4d481e-0a81-ed11-8117-a0369f7d1486
2022;2;102010563;Toprak Mahsulleri Ofisi Genel Müdürlüğü;Teknisyen;Erzurum;Ortaogretim;1;;86.298;86.298;"2061;6033;6329;7324";2061 - Aşağıdaki ortaöğretim programlarından birinden mezun olmak. | 6033 - Makine Teknolojisi | 6329 - Makine Ve Tasarım Teknolojisi | 7324 - (Bakınız Başvurma Özel Şartları Bölümü Toprak Mahsulleri Ofisi Genel Müdürlüğü).;aa4d481e-0a81-ed11-8117-a0369f7d1486
2022;2;102010346;Devlet Hava Meydanları İşletmesi Genel Müdürlüğü;Teknisyen;Gümüşhane;Ortaogretim;1;;86.281;86.281;"2111;6053;7322";2111 - Aşağıdaki ortaöğretim programlarından birinden mezun olmak. | 6053 - Tesisat Teknolojisi ve İklimlendirme | 7322 - (Bakınız Başvurma Özel Şartları Bölümü Devlet Hava Meydanları İşletmesi Genel Müdürlüğü).;f94d481e-0a81-ed11-8117-a0369f7d1486
2022;2;102010570;Toprak Mahsulleri Ofisi Genel Müdürlüğü;Teknisyen;Giresun;Ortaogretim;1;;86.277;86.277;"2061;6033;6329;7324";2061 - Aşağıdaki ortaöğretim programlarından birinden mezun olmak. | 6033 - Makine Teknolojisi | 6329 - Makine Ve Tasarım Teknolojisi | 7324 - (Bakınız Başvurma Özel Şartları Bölümü Toprak Mahsulleri Ofisi Genel Müdürlüğü).;f84d481e-0a81-ed11-8117-a0369f7d1486
2022;2;102010619;Toprak Mahsulleri Ofisi Genel Müdürlüğü;Teknisyen;Tekirdağ;Ortaogretim;1;;86.099;86.099;"2023;6013;6014;6014;7324";2023 - Aşağıdaki ortaöğretim programlarından birinden mezun olmak. | 6013 - Elektrik-Elektronik Teknolojisi | 6014 - Endüstriyel Otomasyon Teknolojileri - Endüstriyel Kontrol Dalı (Dal kod: 1) | 6014 - Endüstriyel Otomasyon Teknolojileri - Endüstriyel Elektronik Dalı (Dal kod: 102) | 7324 - (Bakınız Başvurma Özel Şartları Bölümü Toprak Mahsulleri Ofisi Genel Müdürlüğü).;4250481e-0a81-ed11-8117-a0369f7d1486
2022;2;102010577;Toprak Mahsulleri Ofisi Genel Müdürlüğü;Teknisyen;Kırıkkale;Ortaogretim;1;;86.062;86.062;"2023;6013;6014;6014;7324";2023 - Aşağıdaki ortaöğretim programlarından birinden mezun olmak. | 6013 - Elektrik-Elektronik Teknolojisi | 6014 - Endüstriyel Otomasyon Teknolojileri - Endüstriyel Kontrol Dalı (Dal kod: 1) | 6014 - Endüstriyel Otomasyon Teknolojileri - Endüstriyel Elektronik Dalı (Dal kod: 102) | 7324 - (Bakınız Başvurma Özel Şartları Bölümü Toprak Mahsulleri Ofisi Genel Müdürlüğü).;0751481e-0a81-ed11-8117-a0369f7d1486
2022;2;102010584;Toprak Mahsulleri Ofisi Genel Müdürlüğü;Teknisyen;Kırşehir;Ortaogretim;1;;85.743;85.743;"2023;6013;6014;6014;7324";2023 - Aşağıdaki ortaöğretim programlarından birinden mezun olmak. | 6013 - Elektrik-Elektronik Teknolojisi | 6014 - Endüstriyel Otomasyon Teknolojileri - Endüstriyel Kontrol Dalı (Dal kod: 1) | 6014 - Endüstriyel Otomasyon Teknolojileri - Endüstriyel Elektronik Dalı (Dal kod: 102) | 7324 - (Bakınız Başvurma Özel Şartları Bölümü Toprak Mahsulleri Ofisi Genel Müdürlüğü).;0a4f481e-0a81-ed11-8117-a0369f7d1486
2022;2;102010353;Devlet Hava Meydanları İşletmesi Genel Müdürlüğü;Teknisyen;Hakkari;Ortaogretim;1;;85.482;85.482;"2111;6053;7322";2111 - Aşağıdaki ortaöğretim programlarından birinden mezun olmak. | 6053 - Tesisat Teknolojisi ve İklimlendirme | 7322 - (Bakınız Başvurma Özel Şartları Bölümü Devlet Hava Meydanları İşletmesi Genel Müdürlüğü).;1a4e481e-0a81-ed11-8117-a0369f7d1486
2022;2;102010192;Devlet Demiryolları Taşımacılık A.Ş Genel Müdürlüğü;Teknisyen;Kayseri;Ortaogretim;1;;85.357;85.357;"2085;6045;7300;7368";2085 - Aşağıdaki ortaöğretim programlarından birinden mezun olmak. | 6045 - Raylı Sistemler Teknolojisi | 7300 - Bu kadro/pozisyonda vardiya sistemi uygulanmaktadır. | 7368 - (Bakınız Başvurma Özel Şartları Bölümü T.C. Devlet Demiryolları Taşımacılık A.Ş. Genel Müdürlüğü);f74e481e-0a81-ed11-8117-a0369f7d1486
2022;2;102010178;Devlet Demiryolları Taşımacılık A.Ş Genel Müdürlüğü;Teknisyen;Eskişehir;Ortaogretim;2;;85.328;86.016;"2085;6045;7300;7368";2085 - Aşağıdaki ortaöğretim programlarından birinden mezun olmak. | 6045 - Raylı Sistemler Teknolojisi | 7300 - Bu kadro/pozisyonda vardiya sistemi uygulanmaktadır. | 7368 - (Bakınız Başvurma Özel Şartları Bölümü T.C. Devlet Demiryolları Taşımacılık A.Ş. Genel Müdürlüğü);d84d481e-0a81-ed11-8117-a0369f7d1486
2022;2;102010640;Toprak Mahsulleri Ofisi Genel Müdürlüğü;Teknisyen;Yozgat;Ortaogretim;1;;85.138;85.138;"2023;6013;6014;6014;7324";2023 - Aşağıdaki ortaöğretim programlarından birinden mezun olmak. | 6013 - Elektrik-Elektronik Teknolojisi | 6014 - Endüstriyel Otomasyon Teknolojileri - Endüstriyel Kontrol Dalı (Dal kod: 1) | 6014 - Endüstriyel Otomasyon Teknolojileri - Endüstriyel Elektronik Dalı (Dal kod: 102) | 7324 - (Bakınız Başvurma Özel Şartları Bölümü Toprak Mahsulleri Ofisi Genel Müdürlüğü).;b250481e-0a81-ed11-8117-a0369f7d1486
2022;2;102010157;Devlet Demiryolları Taşımacılık A.Ş Genel Müdürlüğü;Teknisyen;Ankara;Ortaogretim;2;;84.976;85.382;"2085;6045;7300;7368";2085 - Aşağıdaki ortaöğretim programlarından birinden mezun olmak. | 6045 - Raylı Sistemler Teknolojisi | 7300 - Bu kadro/pozisyonda vardiya sistemi uygulanmaktadır. | 7368 - (Bakınız Başvurma Özel Şartları Bölümü T.C. Devlet Demiryolları Taşımacılık A.Ş. Genel Müdürlüğü);c24c481e-0a81-ed11-8117-a0369f7d1486
2022;2;102010556;Toprak Mahsulleri Ofisi Genel Müdürlüğü;Teknisyen;Edirne;Ortaogretim;2;;84.694;85.56;"2061;6033;6329;7324";2061 - Aşağıdaki ortaöğretim programlarından birinden mezun olmak. | 6033 - Makine Teknolojisi | 6329 - Makine Ve Tasarım Teknolojisi | 7324 - (Bakınız Başvurma Özel Şartları Bölümü Toprak Mahsulleri Ofisi Genel Müdürlüğü).;894d481e-0a81-ed11-8117-a0369f7d1486
2022;2;102010654;Türkiye Taşkömürü Kurumu Genel Müdürlüğü;Sağlık Memuru;Zonguldak;Ortaogretim;1;;84.57;84.57;"2087;6201;7300";2087 - Aşağıdaki ortaöğretim programlarından birinden mezun olmak. | 6201 - Acil Sağlık Hizmetleri - Acil Tıp Teknisyenliği Dalı (Dal kod: 101) | 7300 - Bu kadro/pozisyonda vardiya sistemi uygulanmaktadır.;e850481e-0a81-ed11-8117-a0369f7d1486
2022;2;102010164;Devlet Demiryolları Taşımacılık A.Ş Genel Müdürlüğü;Teknisyen;Balıkesir;Ortaogretim;1;;84.296;84.296;"2085;6045;7300;7368";2085 - Aşağıdaki ortaöğretim programlarından birinden mezun olmak. | 6045 - Raylı Sistemler Teknolojisi | 7300 - Bu kadro/pozisyonda vardiya sistemi uygulanmaktadır. | 7368 - (Bakınız Başvurma Özel Şartları Bölümü T.C. Devlet Demiryolları Taşımacılık A.Ş. Genel Müdürlüğü);0c4d481e-0a81-ed11-8117-a0369f7d1486
2022;2;102010115;Afet ve Acil Durum Yönetimi Başkanlığı;Teknisyen;Ankara;Ortaogretim;2;;84.151;85.709;"2111;6053";2111 - Aşağıdaki ortaöğretim programlarından birinden mezun olmak. | 6053 - Tesisat Teknolojisi ve İklimlendirme;ba4c481e-0a81-ed11-8117-a0369f7d1486
2022;2;102010507;Orta Doğu Teknik Üniversitesi;Teknisyen;Ankara;Ortaogretim;1;;83.703;83.703;"2111;6053";2111 - Aşağıdaki ortaöğretim programlarından birinden mezun olmak. | 6053 - Tesisat Teknolojisi ve İklimlendirme;b74c481e-0a81-ed11-8117-a0369f7d1486
2022;2;102010311;Devlet Demiryolları Taşımacılık A.Ş Genel Müdürlüğü;Vagon Teknisyeni;Samsun;Ortaogretim;1;;83.666;83.666;"2085;6045;7300;7368";2085 - Aşağıdaki ortaöğretim programlarından birinden mezun olmak. | 6045 - Raylı Sistemler Teknolojisi | 7300 - Bu kadro/pozisyonda vardiya sistemi uygulanmaktadır. | 7368 - (Bakınız Başvurma Özel Şartları Bölümü T.C. Devlet Demiryolları Taşımacılık A.Ş. Genel Müdürlüğü);ef4f481e-0a81-ed11-8117-a0369f7d1486
2022;2;102010444;Erzurum Teknik Üniversitesi;Teknisyen;Erzurum;Ortaogretim;1;;83.264;83.264;"2051;6002;6027";2051 - Aşağıdaki ortaöğretim programlarından birinden mezun olmak. | 6002 - Ahşap Teknolojisi - Ahşap Yapı (Doğramacılık) Dalı (Dal kod: 101) | 6027 - İnşaat Teknolojisi;ac4d481e-0a81-ed11-8117-a0369f7d1486
2022;2;102010227;Devlet Demiryolları Taşımacılık A.Ş Genel Müdürlüğü;Vagon Teknisyeni;Balıkesir;Ortaogretim;1;;82.982;82.982;"2085;6045;7300;7368";2085 - Aşağıdaki ortaöğretim programlarından birinden mezun olmak. | 6045 - Raylı Sistemler Teknolojisi | 7300 - Bu kadro/pozisyonda vardiya sistemi uygulanmaktadır. | 7368 - (Bakınız Başvurma Özel Şartları Bölümü T.C. Devlet Demiryolları Taşımacılık A.Ş. Genel Müdürlüğü);0d4d481e-0a81-ed11-8117-a0369f7d1486
2022;2;102010416;Dışişleri Bakanlığı;Teknisyen;Ankara;Ortaogretim;1;;82.862;82.862;"2065;6035";2065 - Aşağıdaki ortaöğretim programlarından birinden mezun olmak. | 6035 - Metal Teknolojisi;be4c481e-0a81-ed11-8117-a0369f7d1486
2022;2;102010206;Devlet Demiryolları Taşımacılık A.Ş Genel Müdürlüğü;Teknisyen;Konya;Ortaogretim;1;;82.377;82.377;"2085;6045;7300;7368";2085 - Aşağıdaki ortaöğretim programlarından birinden mezun olmak. | 6045 - Raylı Sistemler Teknolojisi | 7300 - Bu kadro/pozisyonda vardiya sistemi uygulanmaktadır. | 7368 - (Bakınız Başvurma Özel Şartları Bölümü T.C. Devlet Demiryolları Taşımacılık A.Ş. Genel Müdürlüğü);414f481e-0a81-ed11-8117-a0369f7d1486
2022;2;102010290;Devlet Demiryolları Taşımacılık A.Ş Genel Müdürlüğü;Vagon Teknisyeni;Kocaeli;Ortaogretim;2;;82.369;90.007;"2085;6045;7300;7368";2085 - Aşağıdaki ortaöğretim programlarından birinden mezun olmak. | 6045 - Raylı Sistemler Teknolojisi | 7300 - Bu kadro/pozisyonda vardiya sistemi uygulanmaktadır. | 7368 - (Bakınız Başvurma Özel Şartları Bölümü T.C. Devlet Demiryolları Taşımacılık A.Ş. Genel Müdürlüğü);0f4f481e-0a81-ed11-8117-a0369f7d1486
2022;2;102010213;Devlet Demiryolları Taşımacılık A.Ş Genel Müdürlüğü;Teknisyen;Sakarya;Ortaogretim;1;;82.34;82.34;"2085;6045;7300;7368";2085 - Aşağıdaki ortaöğretim programlarından birinden mezun olmak. | 6045 - Raylı Sistemler Teknolojisi | 7300 - Bu kadro/pozisyonda vardiya sistemi uygulanmaktadır. | 7368 - (Bakınız Başvurma Özel Şartları Bölümü T.C. Devlet Demiryolları Taşımacılık A.Ş. Genel Müdürlüğü);d84f481e-0a81-ed11-8117-a0369f7d1486
2022;2;102010283;Devlet Demiryolları Taşımacılık A.Ş Genel Müdürlüğü;Vagon Teknisyeni;Kayseri;Ortaogretim;2;;82.257;83.521;"2085;6045;7300;7368";2085 - Aşağıdaki ortaöğretim programlarından birinden mezun olmak. | 6045 - Raylı Sistemler Teknolojisi | 7300 - Bu kadro/pozisyonda vardiya sistemi uygulanmaktadır. | 7368 - (Bakınız Başvurma Özel Şartları Bölümü T.C. Devlet Demiryolları Taşımacılık A.Ş. Genel Müdürlüğü);f64e481e-0a81-ed11-8117-a0369f7d1486
2022;2;102010297;Devlet Demiryolları Taşımacılık A.Ş Genel Müdürlüğü;Vagon Teknisyeni;Konya;Ortaogretim;2;;82.253;87.04;"2085;6045;7300;7368";2085 - Aşağıdaki ortaöğretim programlarından birinden mezun olmak. | 6045 - Raylı Sistemler Teknolojisi | 7300 - Bu kadro/pozisyonda vardiya sistemi uygulanmaktadır. | 7368 - (Bakınız Başvurma Özel Şartları Bölümü T.C. Devlet Demiryolları Taşımacılık A.Ş. Genel Müdürlüğü);404f481e-0a81-ed11-8117-a0369f7d1486
2022;2;102010262;Devlet Demiryolları Taşımacılık A.Ş Genel Müdürlüğü;Vagon Teknisyeni;İzmir;Ortaogretim;1;;81.872;81.872;"2085;6045;7300;7368";2085 - Aşağıdaki ortaöğretim programlarından birinden mezun olmak. | 6045 - Raylı Sistemler Teknolojisi | 7300 - Bu kadro/pozisyonda vardiya sistemi uygulanmaktadır. | 7368 - (Bakınız Başvurma Özel Şartları Bölümü T.C. Devlet Demiryolları Taşımacılık A.Ş. Genel Müdürlüğü);a54e481e-0a81-ed11-8117-a0369f7d1486
2022;2;102010661;Türkiye Taşkömürü Kurumu Genel Müdürlüğü;Sağlık Memuru;Zonguldak;Ortaogretim;10;;81.863;84.35;"2087;6201;7300";2087 - Aşağıdaki ortaöğretim programlarından birinden mezun olmak. | 6201 - Acil Sağlık Hizmetleri - Acil Tıp Teknisyenliği Dalı (Dal kod: 101) | 7300 - Bu kadro/pozisyonda vardiya sistemi uygulanmaktadır.;e950481e-0a81-ed11-8117-a0369f7d1486
2022;2;102010199;Devlet Demiryolları Taşımacılık A.Ş Genel Müdürlüğü;Teknisyen;Kocaeli;Ortaogretim;2;;81.731;82.216;"2085;6045;7300;7368";2085 - Aşağıdaki ortaöğretim programlarından birinden mezun olmak. | 6045 - Raylı Sistemler Teknolojisi | 7300 - Bu kadro/pozisyonda vardiya sistemi uygulanmaktadır. | 7368 - (Bakınız Başvurma Özel Şartları Bölümü T.C. Devlet Demiryolları Taşımacılık A.Ş. Genel Müdürlüğü);0e4f481e-0a81-ed11-8117-a0369f7d1486
2022;2;102010234;Devlet Demiryolları Taşımacılık A.Ş Genel Müdürlüğü;Vagon Teknisyeni;Bilecik;Ortaogretim;1;;81.159;81.159;"2085;6045;7300;7368";2085 - Aşağıdaki ortaöğretim programlarından birinden mezun olmak. | 6045 - Raylı Sistemler Teknolojisi | 7300 - Bu kadro/pozisyonda vardiya sistemi uygulanmaktadır. | 7368 - (Bakınız Başvurma Özel Şartları Bölümü T.C. Devlet Demiryolları Taşımacılık A.Ş. Genel Müdürlüğü);114d481e-0a81-ed11-8117-a0369f7d1486
2022;2;102010269;Devlet Demiryolları Taşımacılık A.Ş Genel Müdürlüğü;Vagon Teknisyeni;Karabük;Ortaogretim;1;;81.097;81.097;"2085;6045;7300;7368";2085 - Aşağıdaki ortaöğretim programlarından birinden mezun olmak. | 6045 - Raylı Sistemler Teknolojisi | 7300 - Bu kadro/pozisyonda vardiya sistemi uygulanmaktadır. | 7368 - (Bakınız Başvurma Özel Şartları Bölümü T.C. Devlet Demiryolları Taşımacılık A.Ş. Genel Müdürlüğü);5a51481e-0a81-ed11-8117-a0369f7d1486
2022;2;102010318;Devlet Demiryolları Taşımacılık A.Ş Genel Müdürlüğü;Vagon Teknisyeni;Sivas;Ortaogretim;5;;80.985;86.095;"2085;6045;7300;7368";2085 - Aşağıdaki ortaöğretim programlarından birinden mezun olmak. | 6045 - Raylı Sistemler Teknolojisi | 7300 - Bu kadro/pozisyonda vardiya sistemi uygulanmaktadır. | 7368 - (Bakınız Başvurma Özel Şartları Bölümü T.C. Devlet Demiryolları Taşımacılık A.Ş. Genel Müdürlüğü);2650481e-0a81-ed11-8117-a0369f7d1486
2022;2;102010304;Devlet Demiryolları Taşımacılık A.Ş Genel Müdürlüğü;Vagon Teknisyeni;Kütahya;Ortaogretim;2;;80.748;80.819;"2085;6045;7300;7368";2085 - Aşağıdaki ortaöğretim programlarından birinden mezun olmak. | 6045 - Raylı Sistemler Teknolojisi | 7300 - Bu kadro/pozisyonda vardiya sistemi uygulanmaktadır. | 7368 - (Bakınız Başvurma Özel Şartları Bölümü T.C. Devlet Demiryolları Taşımacılık A.Ş. Genel Müdürlüğü);434f481e-0a81-ed11-8117-a0369f7d1486
2022;2;102010325;Devlet Demiryolları Taşımacılık A.Ş Genel Müdürlüğü;Vagon Teknisyeni;Yozgat;Ortaogretim;1;;80.732;80.732;"2085;6045;7300;7368";2085 - Aşağıdaki ortaöğretim programlarından birinden mezun olmak. | 6045 - Raylı Sistemler Teknolojisi | 7300 - Bu kadro/pozisyonda vardiya sistemi uygulanmaktadır. | 7368 - (Bakınız Başvurma Özel Şartları Bölümü T.C. Devlet Demiryolları Taşımacılık A.Ş. Genel Müdürlüğü);b350481e-0a81-ed11-8117-a0369f7d1486
2022;2;102010143;Bingöl Üniversitesi;Teknisyen;Bingöl;Ortaogretim;1;;80.599;80.599;"2111;6053;6251";2111 - Aşağıdaki ortaöğretim programlarından birinden mezun olmak. | 6053 - Tesisat Teknolojisi ve İklimlendirme | 6251 - M.E.B.'Dan Onaylı Doğalgaz Kalorifer Ateşçiliği Sertifikası Sahibi olmak.;2a4d481e-0a81-ed11-8117-a0369f7d1486
2022;2;102010171;Devlet Demiryolları Taşımacılık A.Ş Genel Müdürlüğü;Teknisyen;Edirne;Ortaogretim;2;;80.483;82.506;"2085;6045;7300;7368";2085 - Aşağıdaki ortaöğretim programlarından birinden mezun olmak. | 6045 - Raylı Sistemler Teknolojisi | 7300 - Bu kadro/pozisyonda vardiya sistemi uygulanmaktadır. | 7368 - (Bakınız Başvurma Özel Şartları Bölümü T.C. Devlet Demiryolları Taşımacılık A.Ş. Genel Müdürlüğü);884d481e-0a81-ed11-8117-a0369f7d1486
2022;2;102010535;Süleyman Demirel Üniversitesi;Sağlık Teknisyeni;Isparta;Ortaogretim;1;;80.454;80.454;"2097;6207";2097 - Aşağıdaki ortaöğretim programlarından birinden mezun olmak. | 6207 - Radyoloji - Radyoloji Teknisyenliği Dalı (Dal kod: 101);314e481e-0a81-ed11-8117-a0369f7d1486
2022;2;102010241;Devlet Demiryolları Taşımacılık A.Ş Genel Müdürlüğü;Vagon Teknisyeni;Edirne;Ortaogretim;1;;80.413;80.413;"2085;6045;7300;7368";2085 - Aşağıdaki ortaöğretim programlarından birinden mezun olmak. | 6045 - Raylı Sistemler Teknolojisi | 7300 - Bu kadro/pozisyonda vardiya sistemi uygulanmaktadır. | 7368 - (Bakınız Başvurma Özel Şartları Bölümü T.C. Devlet Demiryolları Taşımacılık A.Ş. Genel Müdürlüğü);874d481e-0a81-ed11-8117-a0369f7d1486
2022;2;102010220;Devlet Demiryolları Taşımacılık A.Ş Genel Müdürlüğü;Vagon Teknisyeni;Afyonkarahisar;Ortaogretim;2;;80.04;81.548;"2085;6045;7300;7368";2085 - Aşağıdaki ortaöğretim programlarından birinden mezun olmak. | 6045 - Raylı Sistemler Teknolojisi | 7300 - Bu kadro/pozisyonda vardiya sistemi uygulanmaktadır. | 7368 - (Bakınız Başvurma Özel Şartları Bölümü T.C. Devlet Demiryolları Taşımacılık A.Ş. Genel Müdürlüğü);fe4b481e-0a81-ed11-8117-a0369f7d1486
2022;2;102010255;Devlet Demiryolları Taşımacılık A.Ş Genel Müdürlüğü;Vagon Teknisyeni;Gaziantep;Ortaogretim;1;;79.841;79.841;"2085;6045;7300;7368";2085 - Aşağıdaki ortaöğretim programlarından birinden mezun olmak. | 6045 - Raylı Sistemler Teknolojisi | 7300 - Bu kadro/pozisyonda vardiya sistemi uygulanmaktadır. | 7368 - (Bakınız Başvurma Özel Şartları Bölümü T.C. Devlet Demiryolları Taşımacılık A.Ş. Genel Müdürlüğü);da4d481e-0a81-ed11-8117-a0369f7d1486
2022;2;102010423;Dışişleri Bakanlığı;Teknisyen;Ankara;Ortaogretim;1;;79.824;79.824;"2071;6002;6038";2071 - Aşağıdaki ortaöğretim programlarından birinden mezun olmak. | 6002 - Ahşap Teknolojisi | 6038 - Mobilya ve İç Mekan Tasarımı;bf4c481e-0a81-ed11-8117-a0369f7d1486
2022;2;102010276;Devlet Demiryolları Taşımacılık A.Ş Genel Müdürlüğü;Vagon Teknisyeni;Kars;Ortaogretim;2;;79.617;80.321;"2085;6045;7300;7368";2085 - Aşağıdaki ortaöğretim programlarından birinden mezun olmak. | 6045 - Raylı Sistemler Teknolojisi | 7300 - Bu kadro/pozisyonda vardiya sistemi uygulanmaktadır. | 7368 - (Bakınız Başvurma Özel Şartları Bölümü T.C. Devlet Demiryolları Taşımacılık A.Ş. Genel Müdürlüğü);d74e481e-0a81-ed11-8117-a0369f7d1486
2022;2;102010528;Süleyman Demirel Üniversitesi;Sağlık Teknisyeni;Isparta;Ortaogretim;3;;78.834;80.4;"2089;6202";2089 - Aşağıdaki ortaöğretim programlarından birinden mezun olmak. | 6202 - Anestezi ve Reanimasyon - Anestezi Teknisyenliği Dalı (Dal kod: 101);304e481e-0a81-ed11-8117-a0369f7d1486
2022;2;102010185;Devlet Demiryolları Taşımacılık A.Ş Genel Müdürlüğü;Teknisyen;İstanbul;Ortaogretim;7;;78.821;83.774;"2085;6045;7300;7368";2085 - Aşağıdaki ortaöğretim programlarından birinden mezun olmak. | 6045 - Raylı Sistemler Teknolojisi | 7300 - Bu kadro/pozisyonda vardiya sistemi uygulanmaktadır. | 7368 - (Bakınız Başvurma Özel Şartları Bölümü T.C. Devlet Demiryolları Taşımacılık A.Ş. Genel Müdürlüğü);8d4e481e-0a81-ed11-8117-a0369f7d1486
2022;2;102010129;Ankara Üniversitesi;Teknisyen;Ankara;Ortaogretim;1;;65.77;65.77;"2105;6048";2105 - Aşağıdaki ortaöğretim programlarından birinden mezun olmak. | 6048 - Seramik ve Cam Teknolojisi;c04c481e-0a81-ed11-8117-a0369f7d1486
2022;2;102010465;Iğdır Üniversitesi;Teknisyen;Iğdır;Ortaogretim;1;;58.666;58.666;"2105;6048";2105 - Aşağıdaki ortaöğretim programlarından birinden mezun olmak. | 6048 - Seramik ve Cam Teknolojisi;4e51481e-0a81-ed11-8117-a0369f7d1486
2022;2;202010262;Bilecik Şeyh Edebali Üniversitesi;Bilgisayar İşletmeni;Bilecik;Onlisans;1;;96.138;96.138;"3179;1129;1130;5351;8510;8560;9074;6225";3179 - Aşağıdaki önlisans programlarından birinden mezun olmak. | 1129 - Büro Yönetimi | 1130 - Büro Yönetimi ve Sekreterlik | 5351 - Ofis Teknolojileri ve Yönetimi | 8510 - Büro Yönetimi ve Yönetici Asistanlığı | 8560 - Sekreterlik | 9074 - Büro Hizmetleri ve Yönetici Asistanlığı | 6225 - M.E.B.'Dan Onaylı Bilgisayar İşletmeni Sertifikası Sahibi olmak.;124d481e-0a81-ed11-8117-a0369f7d1486
2022;2;202010927;Devlet Hava Meydanları İşletmesi Genel Müdürlüğü;Tekniker;Sinop;Onlisans;1;;95.98;95.98;"3290;1152;9213;7322";3290 - Aşağıdaki önlisans programlarından birinden mezun olmak. | 1152 - Elektrik | 9213 - Elektrik Teknolojisi | 7322 - (Bakınız Başvurma Özel Şartları Bölümü Devlet Hava Meydanları İşletmesi Genel Müdürlüğü).;0550481e-0a81-ed11-8117-a0369f7d1486
2022;2;202010710;Devlet Hava Meydanları İşletmesi Genel Müdürlüğü;Memur;Ankara;Onlisans;1;;95.591;95.591;"3178;9395;3179;1129;1130;5351;8510;8560;9074;7322";3178 - Aşağıdaki önlisans programlarından birinden mezun olmak. | 9395 - Hukuk Büro Yönetimi ve Sekreterliği | 3179 - Aşağıdaki önlisans programlarından birinden mezun olmak. | 1129 - Büro Yönetimi | 1130 - Büro Yönetimi ve Sekreterlik | 5351 - Ofis Teknolojileri ve Yönetimi | 8510 - Büro Yönetimi ve Yönetici Asistanlığı | 8560 - Sekreterlik | 9074 - Büro Hizmetleri ve Yönetici Asistanlığı | 7322 - (Bakınız Başvurma Özel Şartları Bölümü Devlet Hava Meydanları İşletmesi Genel Müdürlüğü).;c74c481e-0a81-ed11-8117-a0369f7d1486
2022;2;202010276;Bingöl Üniversitesi;Bilgisayar İşletmeni;Bingöl;Onlisans;1;;95.589;95.589;"3249;1121;1122;1353;4399;8506;9473";3249 - Aşağıdaki önlisans programlarından birinden mezun olmak. | 1121 - Bilgisayar Programcılığı | 1122 - Bilgisayar Teknolojisi ve Programlama | 1353 - Bilgisayar Programcılığı (Internet) | 4399 - Web Teknolojileri ve Programlama | 8506 - Bilgisayar Programlama | 9473 - Bilgisayar Bilimleri;254d481e-0a81-ed11-8117-a0369f7d1486
2022;2;202010892;Devlet Hava Meydanları İşletmesi Genel Müdürlüğü;Tekniker;Rize;Onlisans;1;;95.171;95.171;"3290;1152;9213;7322";3290 - Aşağıdaki önlisans programlarından birinden mezun olmak. | 1152 - Elektrik | 9213 - Elektrik Teknolojisi | 7322 - (Bakınız Başvurma Özel Şartları Bölümü Devlet Hava Meydanları İşletmesi Genel Müdürlüğü).;ca4f481e-0a81-ed11-8117-a0369f7d1486
2022;2;202010759;Devlet Hava Meydanları İşletmesi Genel Müdürlüğü;Tekniker;Elazığ;Onlisans;1;;95.07;95.07;"3290;1152;9213;7322";3290 - Aşağıdaki önlisans programlarından birinden mezun olmak. | 1152 - Elektrik | 9213 - Elektrik Teknolojisi | 7322 - (Bakınız Başvurma Özel Şartları Bölümü Devlet Hava Meydanları İşletmesi Genel Müdürlüğü).;8f4d481e-0a81-ed11-8117-a0369f7d1486
2022;2;202013398;Tokat Gaziosmanpaşa Üniversitesi;Memur;Tokat;Onlisans;1;;94.814;94.814;"3163;1163;1206;1207;1254;1333;4296;4351;4406;5339;5341;6176;8603;3173;1117;1124;1249;9032;9331;3179;1129;1130;5351;8510;8560;9074;3181;1235;3183;5338;6271;9073";3163 - Aşağıdaki önlisans programlarından birinden mezun olmak. | 1163 - Endüstriyel Yönetim | 1206 - İşletme Organizasyonu ve Çiftlik Yönetimi | 1207 - İşletmecilik | 1254 - Orta Kademe Yöneticiliği / Orta Kademe Yöneticilik | 1333 - Ticaret ve Yönetim | 4296 - İşletme Yönetimi | 4351 - Sevk ve İdare | 4406 - Yönetim | 5339 - İş İdaresi | 5341 - İşletme | 6176 - Genel İşletme | 8603 - Girişimcilik ve Proje Yönetim Asistanlığı | 3173 - Aşağıdaki önlisans programlarından birinden mezun olmak. | 1117 - Bilgisayar Destekli Muhasebe | 1124 - Bilgisayarlı Muhasebe ve Vergi Uygulama | 1249 - Muhasebe | 9032 - Muhasebe ve Vergi Uygulamaları | 9331 - İşletme-Muhasebe | 3179 - Aşağıdaki önlisans programlarından birinden mezun olmak. | 1129 - Büro Yönetimi | 1130 - Büro Yönetimi ve Sekreterlik | 5351 - Ofis Teknolojileri ve Yönetimi | 8510 - Büro Yönetimi ve Yönetici Asistanlığı | 8560 - Sekreterlik | 9074 - Büro Hizmetleri ve Yönetici Asistanlığı | 3181 - Aşağıdaki önlisans programlarından birinden mezun olmak. | 1235 - Maliye | 3183 - Aşağıdaki önlisans programlarından birinden mezun olmak. | 5338 - İnsan Kaynakları | 6271 - Personel Yönetimi | 9073 - İnsan Kaynakları Yönetimi;5650481e-0a81-ed11-8117-a0369f7d1486
2022;2;202010283;Bingöl Üniversitesi;Memur;Bingöl;Onlisans;1;;94.044;94.044;3001;3001 - Herhangi bir önlisans programından mezun olmak.;264d481e-0a81-ed11-8117-a0369f7d1486
2022;2;202010563;Devlet Hava Meydanları İşletmesi Genel Müdürlüğü;Arff Memuru;Erzincan;Onlisans;1;;94.024;94.024;"3331;1208;8537;9023;6510;7302;7307;7322";3331 - Aşağıdaki önlisans programlarından birinden mezun olmak. | 1208 - İtfaiyecilik ve Yangın Güvenliği | 8537 - İtfaiyecilik ve Sivil Savunma | 9023 - Sivil Savunma ve İtfaiyecilik | 6510 - C sınıfı sürücü belgesine sahip olmak | 7302 - Bakınız Başvurma Özel Şartları Bölümü Şoför | 7307 - (Bakınız Başvurma Özel Şartları Bölümü ARFF Memuru - İtfaiyeci). | 7322 - (Bakınız Başvurma Özel Şartları Bölümü Devlet Hava Meydanları İşletmesi Genel Müdürlüğü).;a74d481e-0a81-ed11-8117-a0369f7d1486
2022;2;202013804;Ulaştırma ve Altyapı Bakanlığı;Veri Hazırlama ve Kontrol İşletmeni;Erzurum;Onlisans;1;;93.966;93.966;"3003;1102;6352;6225";3003 - Aşağıdaki önlisans programlarından birinden mezun olmak. | 1102 - Adalet | 6352 - Adalet Meslek Yüksekokulu | 6225 - M.E.B.'Dan Onaylı Bilgisayar İşletmeni Sertifikası Sahibi olmak.;b74d481e-0a81-ed11-8117-a0369f7d1486
2022;2;202010878;Devlet Hava Meydanları İşletmesi Genel Müdürlüğü;Tekniker;Nevşehir;Onlisans;1;;93.088;93.088;"3290;1152;9213;7322";3290 - Aşağıdaki önlisans programlarından birinden mezun olmak. | 1152 - Elektrik | 9213 - Elektrik Teknolojisi | 7322 - (Bakınız Başvurma Özel Şartları Bölümü Devlet Hava Meydanları İşletmesi Genel Müdürlüğü).;b54f481e-0a81-ed11-8117-a0369f7d1486
2022;2;202010815;Devlet Hava Meydanları İşletmesi Genel Müdürlüğü;Tekniker;Isparta;Onlisans;1;;93.049;93.049;"3290;1152;9213;7322";3290 - Aşağıdaki önlisans programlarından birinden mezun olmak. | 1152 - Elektrik | 9213 - Elektrik Teknolojisi | 7322 - (Bakınız Başvurma Özel Şartları Bölümü Devlet Hava Meydanları İşletmesi Genel Müdürlüğü).;2e4e481e-0a81-ed11-8117-a0369f7d1486
2022;2;202010857;Devlet Hava Meydanları İşletmesi Genel Müdürlüğü;Tekniker;Kastamonu;Onlisans;1;;92.661;92.661;"3293;1137;1153;1154;1159;8524;9068;9544;3297;1180;1181;6155;6327;9067;7322";3293 - Aşağıdaki önlisans programlarından birinden mezun olmak. | 1137 - Deniz Elektroniği | 1153 - Elektrik-Elektronik | 1154 - Elektronik | 1159 - Endüstriyel Elektronik | 8524 - Elektrik-Elektronik Teknikerliği | 9068 - Elektronik Teknolojisi | 9544 - Elektrik ve Elektronik Teknolojisi | 3297 - Aşağıdaki önlisans programlarından birinden mezun olmak. | 1180 - Haberleşme | 1181 - Haberleşme Teknolojisi | 6155 - Elektronik Haberleşme | 6327 - Telekomünikasyon | 9067 - Elektronik Haberleşme Teknolojisi | 7322 - (Bakınız Başvurma Özel Şartları Bölümü Devlet Hava Meydanları İşletmesi Genel Müdürlüğü).;db4e481e-0a81-ed11-8117-a0369f7d1486
2022;2;202012782;Kütahya Sağlık Bilimleri Üniversitesi;Tekniker;Kütahya;Onlisans;1;;92.488;92.488;"3249;1121;1122;1353;4399;8506;9473";3249 - Aşağıdaki önlisans programlarından birinden mezun olmak. | 1121 - Bilgisayar Programcılığı | 1122 - Bilgisayar Teknolojisi ve Programlama | 1353 - Bilgisayar Programcılığı (Internet) | 4399 - Web Teknolojileri ve Programlama | 8506 - Bilgisayar Programlama | 9473 - Bilgisayar Bilimleri;474f481e-0a81-ed11-8117-a0369f7d1486
2022;2;202013356;Ticaret Bakanlığı;Tüketici Hakem Heyeti Raportörü;Erzurum;Onlisans;1;;92.423;92.423;"3003;1102;6352";3003 - Aşağıdaki önlisans programlarından birinden mezun olmak. | 1102 - Adalet | 6352 - Adalet Meslek Yüksekokulu;b44d481e-0a81-ed11-8117-a0369f7d1486
2022;2;202010948;Devlet Hava Meydanları İşletmesi Genel Müdürlüğü;Tekniker;Şanlıurfa;Onlisans;1;;92.316;92.316;"3366;1204;1232;1233;5312;8570;7322";3366 - Aşağıdaki önlisans programlarından birinden mezun olmak. | 1204 - İş Makineleri | 1232 - Makine | 1233 - Makine Yağları ve Yağlama Teknolojisi | 5312 - Bilgisayar Destekli Makine | 8570 - Termik Santral Makineleri | 7322 - (Bakınız Başvurma Özel Şartları Bölümü Devlet Hava Meydanları İşletmesi Genel Müdürlüğü).;7650481e-0a81-ed11-8117-a0369f7d1486
2022;2;202010801;Devlet Hava Meydanları İşletmesi Genel Müdürlüğü;Tekniker;Hakkari;Onlisans;1;;92.207;92.207;"3293;1137;1153;1154;1159;8524;9068;9544;3297;1180;1181;6155;6327;9067;7322";3293 - Aşağıdaki önlisans programlarından birinden mezun olmak. | 1137 - Deniz Elektroniği | 1153 - Elektrik-Elektronik | 1154 - Elektronik | 1159 - Endüstriyel Elektronik | 8524 - Elektrik-Elektronik Teknikerliği | 9068 - Elektronik Teknolojisi | 9544 - Elektrik ve Elektronik Teknolojisi | 3297 - Aşağıdaki önlisans programlarından birinden mezun olmak. | 1180 - Haberleşme | 1181 - Haberleşme Teknolojisi | 6155 - Elektronik Haberleşme | 6327 - Telekomünikasyon | 9067 - Elektronik Haberleşme Teknolojisi | 7322 - (Bakınız Başvurma Özel Şartları Bölümü Devlet Hava Meydanları İşletmesi Genel Müdürlüğü).;174e481e-0a81-ed11-8117-a0369f7d1486
2022;2;202013370;Ticaret Bakanlığı;Tüketici Hakem Heyeti Raportörü;İzmir;Onlisans;2;;92.024;93.902;"3003;1102;6352";3003 - Aşağıdaki önlisans programlarından birinden mezun olmak. | 1102 - Adalet | 6352 - Adalet Meslek Yüksekokulu;b24e481e-0a81-ed11-8117-a0369f7d1486
2022;2;202010822;Devlet Hava Meydanları İşletmesi Genel Müdürlüğü;Tekniker;Isparta;Onlisans;2;;91.742;91.793;"3292;6238;9553;7322";3292 - Aşağıdaki önlisans programlarından birinden mezun olmak. | 6238 - Mekatronik | 9553 - Mekatronik Teknlojisi | 7322 - (Bakınız Başvurma Özel Şartları Bölümü Devlet Hava Meydanları İşletmesi Genel Müdürlüğü).;2f4e481e-0a81-ed11-8117-a0369f7d1486
2022;2;202013349;Ticaret Bakanlığı;Tüketici Hakem Heyeti Raportörü;Bursa;Onlisans;1;;91.669;91.669;"3003;1102;6352";3003 - Aşağıdaki önlisans programlarından birinden mezun olmak. | 1102 - Adalet | 6352 - Adalet Meslek Yüksekokulu;434d481e-0a81-ed11-8117-a0369f7d1486
2022;2;202010745;Devlet Hava Meydanları İşletmesi Genel Müdürlüğü;Tekniker;Çanakkale;Onlisans;1;;91.521;91.521;"3290;1152;9213;7322";3290 - Aşağıdaki önlisans programlarından birinden mezun olmak. | 1152 - Elektrik | 9213 - Elektrik Teknolojisi | 7322 - (Bakınız Başvurma Özel Şartları Bölümü Devlet Hava Meydanları İşletmesi Genel Müdürlüğü).;494d481e-0a81-ed11-8117-a0369f7d1486
2022;2;202012859;Nevşehir Hacı Bektaş Veli Üniversitesi;Bilgisayar İşletmeni;Nevşehir;Onlisans;1;;91.513;91.513;"3001;6225";3001 - Herhangi bir önlisans programından mezun olmak. | 6225 - M.E.B.'Dan Onaylı Bilgisayar İşletmeni Sertifikası Sahibi olmak.;ae4f481e-0a81-ed11-8117-a0369f7d1486
2022;2;202011074;Ege Üniversitesi;Memur;İzmir;Onlisans;1;;91.089;91.089;"3173;1117;1124;1249;9032;9331";3173 - Aşağıdaki önlisans programlarından birinden mezun olmak. | 1117 - Bilgisayar Destekli Muhasebe | 1124 - Bilgisayarlı Muhasebe ve Vergi Uygulama | 1249 - Muhasebe | 9032 - Muhasebe ve Vergi Uygulamaları | 9331 - İşletme-Muhasebe;ab4e481e-0a81-ed11-8117-a0369f7d1486
2022;2;202012866;Nevşehir Hacı Bektaş Veli Üniversitesi;Bilgisayar İşletmeni;Nevşehir;Onlisans;1;;91.085;91.085;"3001;6225";3001 - Herhangi bir önlisans programından mezun olmak. | 6225 - M.E.B.'Dan Onaylı Bilgisayar İşletmeni Sertifikası Sahibi olmak.;af4f481e-0a81-ed11-8117-a0369f7d1486
2022;2;202011067;Ege Üniversitesi;Memur;İzmir;Onlisans;1;;91.041;91.041;3001;3001 - Herhangi bir önlisans programından mezun olmak.;aa4e481e-0a81-ed11-8117-a0369f7d1486
2022;2;202012705;Karayolları Genel Müdürlüğü;Veri Hazırlama ve Kontrol İşletmeni;Ankara;Onlisans;1;;91.013;91.013;"3179;1129;1130;5351;8510;8560;9074;6225";3179 - Aşağıdaki önlisans programlarından birinden mezun olmak. | 1129 - Büro Yönetimi | 1130 - Büro Yönetimi ve Sekreterlik | 5351 - Ofis Teknolojileri ve Yönetimi | 8510 - Büro Yönetimi ve Yönetici Asistanlığı | 8560 - Sekreterlik | 9074 - Büro Hizmetleri ve Yönetici Asistanlığı | 6225 - M.E.B.'Dan Onaylı Bilgisayar İşletmeni Sertifikası Sahibi olmak.;964c481e-0a81-ed11-8117-a0369f7d1486
2022;2;202011116;Erzurum Teknik Üniversitesi;Tekniker;Erzurum;Onlisans;1;;90.974;90.974;"3248;1119;1123;4221;4223;4321;8507;9075;3249;1121;1122;1353;4399;8506;9473";3248 - Aşağıdaki önlisans programlarından birinden mezun olmak. | 1119 - Bilgisayar Donanımı | 1123 - Bilgisayar ve Enformasyon Sistemleri | 4221 - Bilgisayar Teknolojileri ve Bilişim Sistemleri | 4223 - Bilişim Sistemleri ve Teknolojileri | 4321 - Muhabere ve Elektronik Bilgi Sistemleri | 8507 - Bilgisayar Teknolojileri ve Yönetimi | 9075 - Bilgisayar Teknolojisi | 3249 - Aşağıdaki önlisans programlarından birinden mezun olmak. | 1121 - Bilgisayar Programcılığı | 1122 - Bilgisayar Teknolojisi ve Programlama | 1353 - Bilgisayar Programcılığı (Internet) | 4399 - Web Teknolojileri ve Programlama | 8506 - Bilgisayar Programlama | 9473 - Bilgisayar Bilimleri;b04d481e-0a81-ed11-8117-a0369f7d1486
2022;2;202011004;Devlet Hava Meydanları İşletmesi Genel Müdürlüğü;Tekniker;Yozgat;Onlisans;1;;90.723;90.723;"3366;1204;1232;1233;5312;8570;7322";3366 - Aşağıdaki önlisans programlarından birinden mezun olmak. | 1204 - İş Makineleri | 1232 - Makine | 1233 - Makine Yağları ve Yağlama Teknolojisi | 5312 - Bilgisayar Destekli Makine | 8570 - Termik Santral Makineleri | 7322 - (Bakınız Başvurma Özel Şartları Bölümü Devlet Hava Meydanları İşletmesi Genel Müdürlüğü).;ad50481e-0a81-ed11-8117-a0369f7d1486
2022;2;202010206;Ankara Yıldırım Beyazıt Üniversitesi;Memur;Ankara;Onlisans;5;;90.695;94.57;3001;3001 - Herhangi bir önlisans programından mezun olmak.;b04c481e-0a81-ed11-8117-a0369f7d1486
2022;2;202010934;Devlet Hava Meydanları İşletmesi Genel Müdürlüğü;Tekniker;Şanlıurfa;Onlisans;2;;90.453;90.819;"3290;1152;9213;7322";3290 - Aşağıdaki önlisans programlarından birinden mezun olmak. | 1152 - Elektrik | 9213 - Elektrik Teknolojisi | 7322 - (Bakınız Başvurma Özel Şartları Bölümü Devlet Hava Meydanları İşletmesi Genel Müdürlüğü).;7450481e-0a81-ed11-8117-a0369f7d1486
2022;2;202010899;Devlet Hava Meydanları İşletmesi Genel Müdürlüğü;Tekniker;Samsun;Onlisans;1;;90.41;90.41;"3292;6238;9553;7322";3292 - Aşağıdaki önlisans programlarından birinden mezun olmak. | 6238 - Mekatronik | 9553 - Mekatronik Teknlojisi | 7322 - (Bakınız Başvurma Özel Şartları Bölümü Devlet Hava Meydanları İşletmesi Genel Müdürlüğü).;eb4f481e-0a81-ed11-8117-a0369f7d1486
2022;2;202012761;Konya Teknik Üniversitesi;Bilgisayar İşletmeni;Konya;Onlisans;1;;90.407;90.407;"3248;1119;1123;4221;4223;4321;8507;9075;3249;1121;1122;1353;4399;8506;9473";3248 - Aşağıdaki önlisans programlarından birinden mezun olmak. | 1119 - Bilgisayar Donanımı | 1123 - Bilgisayar ve Enformasyon Sistemleri | 4221 - Bilgisayar Teknolojileri ve Bilişim Sistemleri | 4223 - Bilişim Sistemleri ve Teknolojileri | 4321 - Muhabere ve Elektronik Bilgi Sistemleri | 8507 - Bilgisayar Teknolojileri ve Yönetimi | 9075 - Bilgisayar Teknolojisi | 3249 - Aşağıdaki önlisans programlarından birinden mezun olmak. | 1121 - Bilgisayar Programcılığı | 1122 - Bilgisayar Teknolojisi ve Programlama | 1353 - Bilgisayar Programcılığı (Internet) | 4399 - Web Teknolojileri ve Programlama | 8506 - Bilgisayar Programlama | 9473 - Bilgisayar Bilimleri;364f481e-0a81-ed11-8117-a0369f7d1486
2022;2;202010101;Afet ve Acil Durum Yönetimi Başkanlığı;Tekniker;Bayburt;Onlisans;1;;90.339;90.339;"3225;1201;8535;9052";3225 - Aşağıdaki önlisans programlarından birinden mezun olmak. | 1201 - İnşaat | 8535 - İnşaat Teknikerliği | 9052 - İnşaat Teknolojisi;f850481e-0a81-ed11-8117-a0369f7d1486
2022;2;202011186;Gazi Üniversitesi;Bilgisayar İşletmeni;Ankara;Onlisans;1;;90.316;90.316;"3249;1121;1122;1353;4399;8506;9473";3249 - Aşağıdaki önlisans programlarından birinden mezun olmak. | 1121 - Bilgisayar Programcılığı | 1122 - Bilgisayar Teknolojisi ve Programlama | 1353 - Bilgisayar Programcılığı (Internet) | 4399 - Web Teknolojileri ve Programlama | 8506 - Bilgisayar Programlama | 9473 - Bilgisayar Bilimleri;c84c481e-0a81-ed11-8117-a0369f7d1486
2022;2;202013594;Toprak Mahsulleri Ofisi Genel Müdürlüğü;Muhasebeci;Eskişehir;Onlisans;1;;90.189;90.189;"3173;1117;1124;1249;9032;9331;3181;1235;7324";3173 - Aşağıdaki önlisans programlarından birinden mezun olmak. | 1117 - Bilgisayar Destekli Muhasebe | 1124 - Bilgisayarlı Muhasebe ve Vergi Uygulama | 1249 - Muhasebe | 9032 - Muhasebe ve Vergi Uygulamaları | 9331 - İşletme-Muhasebe | 3181 - Aşağıdaki önlisans programlarından birinden mezun olmak. | 1235 - Maliye | 7324 - (Bakınız Başvurma Özel Şartları Bölümü Toprak Mahsulleri Ofisi Genel Müdürlüğü).;d24d481e-0a81-ed11-8117-a0369f7d1486
2022;2;202010752;Devlet Hava Meydanları İşletmesi Genel Müdürlüğü;Tekniker;Çanakkale;Onlisans;1;;90.029;90.029;"3292;6238;9553;7322";3292 - Aşağıdaki önlisans programlarından birinden mezun olmak. | 6238 - Mekatronik | 9553 - Mekatronik Teknlojisi | 7322 - (Bakınız Başvurma Özel Şartları Bölümü Devlet Hava Meydanları İşletmesi Genel Müdürlüğü).;4a4d481e-0a81-ed11-8117-a0369f7d1486
2022;2;202012831;Munzur Üniversitesi;Memur;Tunceli;Onlisans;1;;90.016;90.016;3001;3001 - Herhangi bir önlisans programından mezun olmak.;6c50481e-0a81-ed11-8117-a0369f7d1486
2022;2;202010850;Devlet Hava Meydanları İşletmesi Genel Müdürlüğü;Tekniker;Kastamonu;Onlisans;1;;89.811;89.811;"3292;6238;9553;7322";3292 - Aşağıdaki önlisans programlarından birinden mezun olmak. | 6238 - Mekatronik | 9553 - Mekatronik Teknlojisi | 7322 - (Bakınız Başvurma Özel Şartları Bölümü Devlet Hava Meydanları İşletmesi Genel Müdürlüğü).;da4e481e-0a81-ed11-8117-a0369f7d1486
2022;2;202013384;Ticaret Bakanlığı;Tüketici Hakem Heyeti Raportörü;Malatya;Onlisans;2;;89.73;89.736;"3003;1102;6352";3003 - Aşağıdaki önlisans programlarından birinden mezun olmak. | 1102 - Adalet | 6352 - Adalet Meslek Yüksekokulu;694f481e-0a81-ed11-8117-a0369f7d1486
2022;2;202010983;Devlet Hava Meydanları İşletmesi Genel Müdürlüğü;Tekniker;Uşak;Onlisans;1;;89.716;89.716;"3292;6238;9553;7322";3292 - Aşağıdaki önlisans programlarından birinden mezun olmak. | 6238 - Mekatronik | 9553 - Mekatronik Teknlojisi | 7322 - (Bakınız Başvurma Özel Şartları Bölümü Devlet Hava Meydanları İşletmesi Genel Müdürlüğü).;8550481e-0a81-ed11-8117-a0369f7d1486
2022;2;202010171;Aksaray Üniversitesi;Bilgisayar İşletmeni;Aksaray;Onlisans;1;;89.669;89.669;"3173;1117;1124;1249;9032;9331;6225";3173 - Aşağıdaki önlisans programlarından birinden mezun olmak. | 1117 - Bilgisayar Destekli Muhasebe | 1124 - Bilgisayarlı Muhasebe ve Vergi Uygulama | 1249 - Muhasebe | 9032 - Muhasebe ve Vergi Uygulamaları | 9331 - İşletme-Muhasebe | 6225 - M.E.B.'Dan Onaylı Bilgisayar İşletmeni Sertifikası Sahibi olmak.;f450481e-0a81-ed11-8117-a0369f7d1486
2022;2;202010738;Devlet Hava Meydanları İşletmesi Genel Müdürlüğü;Tekniker;Bingöl;Onlisans;1;;89.581;89.581;"3366;1204;1232;1233;5312;8570;7322";3366 - Aşağıdaki önlisans programlarından birinden mezun olmak. | 1204 - İş Makineleri | 1232 - Makine | 1233 - Makine Yağları ve Yağlama Teknolojisi | 5312 - Bilgisayar Destekli Makine | 8570 - Termik Santral Makineleri | 7322 - (Bakınız Başvurma Özel Şartları Bölümü Devlet Hava Meydanları İşletmesi Genel Müdürlüğü).;244d481e-0a81-ed11-8117-a0369f7d1486
2022;2;202013335;Ticaret Bakanlığı;Tüketici Hakem Heyeti Raportörü;Antalya;Onlisans;1;;89.549;89.549;"3003;1102;6352";3003 - Aşağıdaki önlisans programlarından birinden mezun olmak. | 1102 - Adalet | 6352 - Adalet Meslek Yüksekokulu;e44c481e-0a81-ed11-8117-a0369f7d1486
2022;2;202012642;İstanbul Üniversitesi- Cerrahpaşa;Programcı;İstanbul;Onlisans;1;;89.518;89.518;"3249;1121;1122;1353;4399;8506;9473";3249 - Aşağıdaki önlisans programlarından birinden mezun olmak. | 1121 - Bilgisayar Programcılığı | 1122 - Bilgisayar Teknolojisi ve Programlama | 1353 - Bilgisayar Programcılığı (Internet) | 4399 - Web Teknolojileri ve Programlama | 8506 - Bilgisayar Programlama | 9473 - Bilgisayar Bilimleri;774e481e-0a81-ed11-8117-a0369f7d1486
2022;2;202010605;Devlet Hava Meydanları İşletmesi Genel Müdürlüğü;Arff Memuru;Mardin;Onlisans;1;;89.436;89.436;"3331;1208;8537;9023;6510;7302;7307;7322";3331 - Aşağıdaki önlisans programlarından birinden mezun olmak. | 1208 - İtfaiyecilik ve Yangın Güvenliği | 8537 - İtfaiyecilik ve Sivil Savunma | 9023 - Sivil Savunma ve İtfaiyecilik | 6510 - C sınıfı sürücü belgesine sahip olmak | 7302 - Bakınız Başvurma Özel Şartları Bölümü Şoför | 7307 - (Bakınız Başvurma Özel Şartları Bölümü ARFF Memuru - İtfaiyeci). | 7322 - (Bakınız Başvurma Özel Şartları Bölümü Devlet Hava Meydanları İşletmesi Genel Müdürlüğü).;8b4f481e-0a81-ed11-8117-a0369f7d1486
2022;2;202013832;Uşak Üniversitesi;Bilgisayar İşletmeni;Uşak;Onlisans;8;;89.369;96.617;"3001;6225";3001 - Herhangi bir önlisans programından mezun olmak. | 6225 - M.E.B.'Dan Onaylı Bilgisayar İşletmeni Sertifikası Sahibi olmak.;8750481e-0a81-ed11-8117-a0369f7d1486
2022;2;202013321;Ticaret Bakanlığı;Tüketici Hakem Heyeti Raportörü;Adana;Onlisans;1;;89.312;89.312;"3003;1102;6352";3003 - Aşağıdaki önlisans programlarından birinden mezun olmak. | 1102 - Adalet | 6352 - Adalet Meslek Yüksekokulu;e84b481e-0a81-ed11-8117-a0369f7d1486
2022;2;202010570;Devlet Hava Meydanları İşletmesi Genel Müdürlüğü;Arff Memuru;Erzurum;Onlisans;3;;89.306;90.799;"3331;1208;8537;9023;6510;7302;7307;7322";3331 - Aşağıdaki önlisans programlarından birinden mezun olmak. | 1208 - İtfaiyecilik ve Yangın Güvenliği | 8537 - İtfaiyecilik ve Sivil Savunma | 9023 - Sivil Savunma ve İtfaiyecilik | 6510 - C sınıfı sürücü belgesine sahip olmak | 7302 - Bakınız Başvurma Özel Şartları Bölümü Şoför | 7307 - (Bakınız Başvurma Özel Şartları Bölümü ARFF Memuru - İtfaiyeci). | 7322 - (Bakınız Başvurma Özel Şartları Bölümü Devlet Hava Meydanları İşletmesi Genel Müdürlüğü).;a84d481e-0a81-ed11-8117-a0369f7d1486
2022;2;202011368;Gelir İdaresi Başkanlığı;Hizmetli;Diyarbakır;Onlisans;1;;89.303;89.303;3001;3001 - Herhangi bir önlisans programından mezun olmak.;7a4d481e-0a81-ed11-8117-a0369f7d1486
2022;2;202013048;T.C.Devlet Demiryolları İşletmesi Genel Müdürlüğü;Memur;Ankara;Onlisans;2;;89.293;91.712;"3206;8621;3287;4256;6197;8571;9063;3290;1152;9213;3293;1137;1153;1154;1159;8524;9068;9544;7257;7300;7327";3206 - Aşağıdaki önlisans programlarından birinden mezun olmak. | 8621 - Raylı Sistemler Elektrik-Elektronik Teknolojisi / Raylı Sistemler Elektrik ve Elektronik Teknolojisi | 3287 - Aşağıdaki önlisans programlarından birinden mezun olmak. | 4256 - Enerji | 6197 - Hidroelektrik Santralları / Hidroelektrik Santralleri | 8571 - Termik Santrallerde Enerji Üretimi | 9063 - Elektrik Enerjisi Üretim, İletim ve Dağıtımı | 3290 - Aşağıdaki önlisans programlarından birinden mezun olmak. | 1152 - Elektrik | 9213 - Elektrik Teknolojisi | 3293 - Aşağıdaki önlisans programlarından birinden mezun olmak. | 1137 - Deniz Elektroniği | 1153 - Elektrik-Elektronik | 1154 - Elektronik | 1159 - Endüstriyel Elektronik | 8524 - Elektrik-Elektronik Teknikerliği | 9068 - Elektronik Teknolojisi | 9544 - Elektrik ve Elektronik Teknolojisi | 7257 - Seyahate ve Arazide Çalışmaya Elverişli olmak. | 7300 - Bu kadro/pozisyonda vardiya sistemi uygulanmaktadır. | 7327 - (Bakınız Başvurma Özel Şartları Bölümü TCDD Genel Müdürlüğü).;a94c481e-0a81-ed11-8117-a0369f7d1486
2022;2;202010976;Devlet Hava Meydanları İşletmesi Genel Müdürlüğü;Tekniker;Trabzon;Onlisans;2;;89.29;89.933;"3290;1152;9213;7322";3290 - Aşağıdaki önlisans programlarından birinden mezun olmak. | 1152 - Elektrik | 9213 - Elektrik Teknolojisi | 7322 - (Bakınız Başvurma Özel Şartları Bölümü Devlet Hava Meydanları İşletmesi Genel Müdürlüğü).;5b50481e-0a81-ed11-8117-a0369f7d1486
2022;2;202010115;Afyon Kocatepe Üniversitesi;Memur;Afyonkarahisar;Onlisans;4;;89.21;92.036;3001;3001 - Herhangi bir önlisans programından mezun olmak.;fc4b481e-0a81-ed11-8117-a0369f7d1486
2022;2;202012649;İstanbul Üniversitesi- Cerrahpaşa;Tekniker;İstanbul;Onlisans;1;;89.084;89.084;"3249;1121;1122;1353;4399;8506;9473;3290;1152;9213";3249 - Aşağıdaki önlisans programlarından birinden mezun olmak. | 1121 - Bilgisayar Programcılığı | 1122 - Bilgisayar Teknolojisi ve Programlama | 1353 - Bilgisayar Programcılığı (Internet) | 4399 - Web Teknolojileri ve Programlama | 8506 - Bilgisayar Programlama | 9473 - Bilgisayar Bilimleri | 3290 - Aşağıdaki önlisans programlarından birinden mezun olmak. | 1152 - Elektrik | 9213 - Elektrik Teknolojisi;784e481e-0a81-ed11-8117-a0369f7d1486
2022;2;202012635;İstanbul Üniversitesi- Cerrahpaşa;Bilgisayar İşletmeni;İstanbul;Onlisans;2;;88.961;89.234;"3001;6225";3001 - Herhangi bir önlisans programından mezun olmak. | 6225 - M.E.B.'Dan Onaylı Bilgisayar İşletmeni Sertifikası Sahibi olmak.;764e481e-0a81-ed11-8117-a0369f7d1486
2022;2;202010633;Devlet Hava Meydanları İşletmesi Genel Müdürlüğü;Arff Memuru;Yozgat;Onlisans;5;;88.873;90.241;"3331;1208;8537;9023;6510;7302;7307;7322";3331 - Aşağıdaki önlisans programlarından birinden mezun olmak. | 1208 - İtfaiyecilik ve Yangın Güvenliği | 8537 - İtfaiyecilik ve Sivil Savunma | 9023 - Sivil Savunma ve İtfaiyecilik | 6510 - C sınıfı sürücü belgesine sahip olmak | 7302 - Bakınız Başvurma Özel Şartları Bölümü Şoför | 7307 - (Bakınız Başvurma Özel Şartları Bölümü ARFF Memuru - İtfaiyeci). | 7322 - (Bakınız Başvurma Özel Şartları Bölümü Devlet Hava Meydanları İşletmesi Genel Müdürlüğü).;aa50481e-0a81-ed11-8117-a0369f7d1486
2022;2;202012943;Sakarya Üniversitesi;Memur;Sakarya;Onlisans;1;;88.868;88.868;"3003;1102;6352";3003 - Aşağıdaki önlisans programlarından birinden mezun olmak. | 1102 - Adalet | 6352 - Adalet Meslek Yüksekokulu;df4f481e-0a81-ed11-8117-a0369f7d1486
2022;2;202012817;Mimar Sinan Güzel Sanatlar Üniversitesi;Programcı;İstanbul;Onlisans;1;;88.863;88.863;"3249;1121;1122;1353;4399;8506;9473";3249 - Aşağıdaki önlisans programlarından birinden mezun olmak. | 1121 - Bilgisayar Programcılığı | 1122 - Bilgisayar Teknolojisi ve Programlama | 1353 - Bilgisayar Programcılığı (Internet) | 4399 - Web Teknolojileri ve Programlama | 8506 - Bilgisayar Programlama | 9473 - Bilgisayar Bilimleri;7c4e481e-0a81-ed11-8117-a0369f7d1486
2022;2;202010990;Devlet Hava Meydanları İşletmesi Genel Müdürlüğü;Tekniker;Yozgat;Onlisans;3;;88.861;91.93;"3290;1152;9213;7322";3290 - Aşağıdaki önlisans programlarından birinden mezun olmak. | 1152 - Elektrik | 9213 - Elektrik Teknolojisi | 7322 - (Bakınız Başvurma Özel Şartları Bölümü Devlet Hava Meydanları İşletmesi Genel Müdürlüğü).;ab50481e-0a81-ed11-8117-a0369f7d1486
2022;2;202013328;Ticaret Bakanlığı;Tüketici Hakem Heyeti Raportörü;Ankara;Onlisans;3;;88.814;91.936;"3003;1102;6352";3003 - Aşağıdaki önlisans programlarından birinden mezun olmak. | 1102 - Adalet | 6352 - Adalet Meslek Yüksekokulu;ae4c481e-0a81-ed11-8117-a0369f7d1486
2022;2;202013377;Ticaret Bakanlığı;Tüketici Hakem Heyeti Raportörü;Konya;Onlisans;1;;88.804;88.804;"3003;1102;6352";3003 - Aşağıdaki önlisans programlarından birinden mezun olmak. | 1102 - Adalet | 6352 - Adalet Meslek Yüksekokulu;3d4f481e-0a81-ed11-8117-a0369f7d1486
2022;2;202012586;İstanbul Medeniyet Üniversitesi;Memur;İstanbul;Onlisans;1;;88.698;88.698;"3002;9339;3003;1102;6352";3002 - Aşağıdaki önlisans programlarından birinden mezun olmak. | 9339 - Adalet Meslek Eğitimi | 3003 - Aşağıdaki önlisans programlarından birinden mezun olmak. | 1102 - Adalet | 6352 - Adalet Meslek Yüksekokulu;6f4e481e-0a81-ed11-8117-a0369f7d1486
2022;2;202010780;Devlet Hava Meydanları İşletmesi Genel Müdürlüğü;Tekniker;Gümüşhane;Onlisans;1;;88.602;88.602;"3366;1204;1232;1233;5312;8570;7322";3366 - Aşağıdaki önlisans programlarından birinden mezun olmak. | 1204 - İş Makineleri | 1232 - Makine | 1233 - Makine Yağları ve Yağlama Teknolojisi | 5312 - Bilgisayar Destekli Makine | 8570 - Termik Santral Makineleri | 7322 - (Bakınız Başvurma Özel Şartları Bölümü Devlet Hava Meydanları İşletmesi Genel Müdürlüğü).;fe4d481e-0a81-ed11-8117-a0369f7d1486
2022;2;202013342;Ticaret Bakanlığı;Tüketici Hakem Heyeti Raportörü;Bartın;Onlisans;1;;88.553;88.553;"3003;1102;6352";3003 - Aşağıdaki önlisans programlarından birinden mezun olmak. | 1102 - Adalet | 6352 - Adalet Meslek Yüksekokulu;3351481e-0a81-ed11-8117-a0369f7d1486
2022;2;202010619;Devlet Hava Meydanları İşletmesi Genel Müdürlüğü;Arff Memuru;Siirt;Onlisans;1;;88.552;88.552;"3331;1208;8537;9023;6510;7302;7307;7322";3331 - Aşağıdaki önlisans programlarından birinden mezun olmak. | 1208 - İtfaiyecilik ve Yangın Güvenliği | 8537 - İtfaiyecilik ve Sivil Savunma | 9023 - Sivil Savunma ve İtfaiyecilik | 6510 - C sınıfı sürücü belgesine sahip olmak | 7302 - Bakınız Başvurma Özel Şartları Bölümü Şoför | 7307 - (Bakınız Başvurma Özel Şartları Bölümü ARFF Memuru - İtfaiyeci). | 7322 - (Bakınız Başvurma Özel Şartları Bölümü Devlet Hava Meydanları İşletmesi Genel Müdürlüğü).;fc4f481e-0a81-ed11-8117-a0369f7d1486
2022;2;202010612;Devlet Hava Meydanları İşletmesi Genel Müdürlüğü;Arff Memuru;Muş;Onlisans;1;;88.501;88.501;"3331;1208;8537;9023;6510;7302;7307;7322";3331 - Aşağıdaki önlisans programlarından birinden mezun olmak. | 1208 - İtfaiyecilik ve Yangın Güvenliği | 8537 - İtfaiyecilik ve Sivil Savunma | 9023 - Sivil Savunma ve İtfaiyecilik | 6510 - C sınıfı sürücü belgesine sahip olmak | 7302 - Bakınız Başvurma Özel Şartları Bölümü Şoför | 7307 - (Bakınız Başvurma Özel Şartları Bölümü ARFF Memuru - İtfaiyeci). | 7322 - (Bakınız Başvurma Özel Şartları Bölümü Devlet Hava Meydanları İşletmesi Genel Müdürlüğü).;9e4f481e-0a81-ed11-8117-a0369f7d1486
2022;2;202013097;T.C.Devlet Demiryolları İşletmesi Genel Müdürlüğü;Memur;Elazığ;Onlisans;2;;88.493;88.739;"3205;1288;8514;8625;3207;8515;8627;9055;9244;3225;1201;8535;9052;3292;6238;9553;3318;1312;8567;3319;1187;1188;1189;8546;3358;1241;1242;1243;9092;3364;6217;8539;3485;1304;1328;1351;4400;5377;9491;3495;9211;7257;7300;7327";3205 - Aşağıdaki önlisans programlarından birinden mezun olmak. | 1288 - Raylı Sistemler Teknolojisi | 8514 - Demiryolu Araçları | 8625 - Raylı Sistemler Makine Teknolojisi | 3207 - Aşağıdaki önlisans programlarından birinden mezun olmak. | 8515 - Demiryolu İnşaatı ve İşletmeciliği | 8627 - Raylı Sistemler Yol | 9055 - Raylı Sistemler Yol Teknolojisi | 9244 - Raylı Sistemler | 3225 - Aşağıdaki önlisans programlarından birinden mezun olmak. | 1201 - İnşaat | 8535 - İnşaat Teknikerliği | 9052 - İnşaat Teknolojisi | 3292 - Aşağıdaki önlisans programlarından birinden mezun olmak. | 6238 - Mekatronik | 9553 - Mekatronik Teknlojisi | 3318 - Aşağıdaki önlisans programlarından birinden mezun olmak. | 1312 - Tapu Kadastro Meslek Yüksekokulu | 8567 - Tapu ve Kadastro / Tapu Kadastro | 3319 - Aşağıdaki önlisans programlarından birinden mezun olmak. | 1187 - Harita | 1188 - Harita Kadastro / Harita ve Kadastro | 1189 - Harita ve Maden Ölçme | 8546 - Harita Teknikerliği | 3358 - Aşağıdaki önlisans programlarından birinden mezun olmak. | 1241 - Metal İşleri | 1242 - Metalografi ve Malzeme Muayenesi | 1243 - Metalurji Malzeme | 9092 - Metalurji | 3364 - Aşağıdaki önlisans programlarından birinden mezun olmak. | 6217 - Kaynak Teknolojisi | 8539 - Kaynakçılık | 3485 - Aşağıdaki önlisans programlarından birinden mezun olmak. | 1304 - Sıhhi Tesisat | 1328 - Tesisat Teknolojisi | 1351 - Yapı Donatım Teknolojisi | 4400 - Yapı | 5377 - Yapı Tesisat Teknolojisi | 9491 - Yapı İnşaat | 3495 - Aşağıdaki önlisans programlarından birinden mezun olmak. | 9211 - Tahribatsız Muayene | 7257 - Seyahate ve Arazide Çalışmaya Elverişli olmak. | 7300 - Bu kadro/pozisyonda vardiya sistemi uygulanmaktadır. | 7327 - (Bakınız Başvurma Özel Şartları Bölümü TCDD Genel Müdürlüğü).;924d481e-0a81-ed11-8117-a0369f7d1486
2022;2;202010766;Devlet Hava Meydanları İşletmesi Genel Müdürlüğü;Tekniker;Gümüşhane;Onlisans;3;;88.396;88.726;"3290;1152;9213;7322";3290 - Aşağıdaki önlisans programlarından birinden mezun olmak. | 1152 - Elektrik | 9213 - Elektrik Teknolojisi | 7322 - (Bakınız Başvurma Özel Şartları Bölümü Devlet Hava Meydanları İşletmesi Genel Müdürlüğü).;fc4d481e-0a81-ed11-8117-a0369f7d1486
2022;2;202012880;Ordu Üniversitesi;Bilgisayar İşletmeni;Ordu;Onlisans;1;;88.339;88.339;"3001;6225";3001 - Herhangi bir önlisans programından mezun olmak. | 6225 - M.E.B.'Dan Onaylı Bilgisayar İşletmeni Sertifikası Sahibi olmak.;c44f481e-0a81-ed11-8117-a0369f7d1486
2022;2;202010864;Devlet Hava Meydanları İşletmesi Genel Müdürlüğü;Tekniker;Mardin;Onlisans;1;;88.312;88.312;"3292;6238;9553;7322";3292 - Aşağıdaki önlisans programlarından birinden mezun olmak. | 6238 - Mekatronik | 9553 - Mekatronik Teknlojisi | 7322 - (Bakınız Başvurma Özel Şartları Bölümü Devlet Hava Meydanları İşletmesi Genel Müdürlüğü).;894f481e-0a81-ed11-8117-a0369f7d1486
2022;2;202010808;Devlet Hava Meydanları İşletmesi Genel Müdürlüğü;Tekniker;Iğdır;Onlisans;2;;88.249;89.827;"3290;1152;9213;7322";3290 - Aşağıdaki önlisans programlarından birinden mezun olmak. | 1152 - Elektrik | 9213 - Elektrik Teknolojisi | 7322 - (Bakınız Başvurma Özel Şartları Bölümü Devlet Hava Meydanları İşletmesi Genel Müdürlüğü).;4c51481e-0a81-ed11-8117-a0369f7d1486
2022;2;202011214;Gelir İdaresi Başkanlığı;Hizmetli;Adıyaman;Onlisans;1;;88.228;88.228;3001;3001 - Herhangi bir önlisans programından mezun olmak.;f64b481e-0a81-ed11-8117-a0369f7d1486
2022;2;202013629;Toprak Mahsulleri Ofisi Genel Müdürlüğü;Muhasebeci;Sivas;Onlisans;1;;88.215;88.215;"3173;1117;1124;1249;9032;9331;3181;1235;7324";3173 - Aşağıdaki önlisans programlarından birinden mezun olmak. | 1117 - Bilgisayar Destekli Muhasebe | 1124 - Bilgisayarlı Muhasebe ve Vergi Uygulama | 1249 - Muhasebe | 9032 - Muhasebe ve Vergi Uygulamaları | 9331 - İşletme-Muhasebe | 3181 - Aşağıdaki önlisans programlarından birinden mezun olmak. | 1235 - Maliye | 7324 - (Bakınız Başvurma Özel Şartları Bölümü Toprak Mahsulleri Ofisi Genel Müdürlüğü).;2a50481e-0a81-ed11-8117-a0369f7d1486
2022;2;202012768;Konya Teknik Üniversitesi;Memur;Konya;Onlisans;1;;88.203;88.203;"3173;1117;1124;1249;9032;9331";3173 - Aşağıdaki önlisans programlarından birinden mezun olmak. | 1117 - Bilgisayar Destekli Muhasebe | 1124 - Bilgisayarlı Muhasebe ve Vergi Uygulama | 1249 - Muhasebe | 9032 - Muhasebe ve Vergi Uygulamaları | 9331 - İşletme-Muhasebe;374f481e-0a81-ed11-8117-a0369f7d1486
2022;2;202012544;Hatay Mustafa Kemal Üniversitesi;Memur;Hatay;Onlisans;1;;88.091;88.091;"3003;1102;6352";3003 - Aşağıdaki önlisans programlarından birinden mezun olmak. | 1102 - Adalet | 6352 - Adalet Meslek Yüksekokulu;1c4e481e-0a81-ed11-8117-a0369f7d1486
2022;2;202010920;Devlet Hava Meydanları İşletmesi Genel Müdürlüğü;Tekniker;Siirt;Onlisans;1;;88.045;88.045;"3366;1204;1232;1233;5312;8570;7322";3366 - Aşağıdaki önlisans programlarından birinden mezun olmak. | 1204 - İş Makineleri | 1232 - Makine | 1233 - Makine Yağları ve Yağlama Teknolojisi | 5312 - Bilgisayar Destekli Makine | 8570 - Termik Santral Makineleri | 7322 - (Bakınız Başvurma Özel Şartları Bölümü Devlet Hava Meydanları İşletmesi Genel Müdürlüğü).;ff4f481e-0a81-ed11-8117-a0369f7d1486
2022;2;202012957;Sakarya Üniversitesi;Memur;Sakarya;Onlisans;1;;87.984;87.984;"3248;1119;1123;4221;4223;4321;8507;9075;3249;1121;1122;1353;4399;8506;9473";3248 - Aşağıdaki önlisans programlarından birinden mezun olmak. | 1119 - Bilgisayar Donanımı | 1123 - Bilgisayar ve Enformasyon Sistemleri | 4221 - Bilgisayar Teknolojileri ve Bilişim Sistemleri | 4223 - Bilişim Sistemleri ve Teknolojileri | 4321 - Muhabere ve Elektronik Bilgi Sistemleri | 8507 - Bilgisayar Teknolojileri ve Yönetimi | 9075 - Bilgisayar Teknolojisi | 3249 - Aşağıdaki önlisans programlarından birinden mezun olmak. | 1121 - Bilgisayar Programcılığı | 1122 - Bilgisayar Teknolojisi ve Programlama | 1353 - Bilgisayar Programcılığı (Internet) | 4399 - Web Teknolojileri ve Programlama | 8506 - Bilgisayar Programlama | 9473 - Bilgisayar Bilimleri;e14f481e-0a81-ed11-8117-a0369f7d1486
2022;2;202011095;Erciyes Üniversitesi;Tekniker;Kayseri;Onlisans;1;;87.928;87.928;"3209;4378;4379;5371;5372;5373;5374;9146";3209 - Aşağıdaki önlisans programlarından birinden mezun olmak. | 4378 - Uçak Elektrik ve Elektroniği | 4379 - Uçak Gövde Bakım | 5371 - Uçak Elektriği | 5372 - Uçak Elektroniği | 5373 - Uçak Gövdesi | 5374 - Uçak Motoru | 9146 - Uçak Teknolojisi;f54e481e-0a81-ed11-8117-a0369f7d1486
2022;2;202010269;Bilecik Şeyh Edebali Üniversitesi;Bilgisayar İşletmeni;Bilecik;Onlisans;2;;87.917;89.042;"3249;1121;1122;1353;4399;8506;9473;6225";3249 - Aşağıdaki önlisans programlarından birinden mezun olmak. | 1121 - Bilgisayar Programcılığı | 1122 - Bilgisayar Teknolojisi ve Programlama | 1353 - Bilgisayar Programcılığı (Internet) | 4399 - Web Teknolojileri ve Programlama | 8506 - Bilgisayar Programlama | 9473 - Bilgisayar Bilimleri | 6225 - M.E.B.'Dan Onaylı Bilgisayar İşletmeni Sertifikası Sahibi olmak.;134d481e-0a81-ed11-8117-a0369f7d1486
2022;2;202010591;Devlet Hava Meydanları İşletmesi Genel Müdürlüğü;Arff Memuru;Iğdır;Onlisans;1;;87.912;87.912;"3331;1208;8537;9023;6510;7302;7307;7322";3331 - Aşağıdaki önlisans programlarından birinden mezun olmak. | 1208 - İtfaiyecilik ve Yangın Güvenliği | 8537 - İtfaiyecilik ve Sivil Savunma | 9023 - Sivil Savunma ve İtfaiyecilik | 6510 - C sınıfı sürücü belgesine sahip olmak | 7302 - Bakınız Başvurma Özel Şartları Bölümü Şoför | 7307 - (Bakınız Başvurma Özel Şartları Bölümü ARFF Memuru - İtfaiyeci). | 7322 - (Bakınız Başvurma Özel Şartları Bölümü Devlet Hava Meydanları İşletmesi Genel Müdürlüğü).;4d51481e-0a81-ed11-8117-a0369f7d1486
2022;2;202010913;Devlet Hava Meydanları İşletmesi Genel Müdürlüğü;Tekniker;Siirt;Onlisans;1;;87.853;87.853;"3292;6238;9553;7322";3292 - Aşağıdaki önlisans programlarından birinden mezun olmak. | 6238 - Mekatronik | 9553 - Mekatronik Teknlojisi | 7322 - (Bakınız Başvurma Özel Şartları Bölümü Devlet Hava Meydanları İşletmesi Genel Müdürlüğü).;fe4f481e-0a81-ed11-8117-a0369f7d1486
2022;2;202010997;Devlet Hava Meydanları İşletmesi Genel Müdürlüğü;Tekniker;Yozgat;Onlisans;1;;87.739;87.739;"3292;6238;9553;7322";3292 - Aşağıdaki önlisans programlarından birinden mezun olmak. | 6238 - Mekatronik | 9553 - Mekatronik Teknlojisi | 7322 - (Bakınız Başvurma Özel Şartları Bölümü Devlet Hava Meydanları İşletmesi Genel Müdürlüğü).;ac50481e-0a81-ed11-8117-a0369f7d1486
2022;2;202010829;Devlet Hava Meydanları İşletmesi Genel Müdürlüğü;Tekniker;Kahramanmaraş;Onlisans;1;;87.726;87.726;"3292;6238;9553;7322";3292 - Aşağıdaki önlisans programlarından birinden mezun olmak. | 6238 - Mekatronik | 9553 - Mekatronik Teknlojisi | 7322 - (Bakınız Başvurma Özel Şartları Bölümü Devlet Hava Meydanları İşletmesi Genel Müdürlüğü).;874f481e-0a81-ed11-8117-a0369f7d1486
2022;2;202010577;Devlet Hava Meydanları İşletmesi Genel Müdürlüğü;Arff Memuru;Gümüşhane;Onlisans;4;;87.7;90.497;"3331;1208;8537;9023;6510;7302;7307;7322";3331 - Aşağıdaki önlisans programlarından birinden mezun olmak. | 1208 - İtfaiyecilik ve Yangın Güvenliği | 8537 - İtfaiyecilik ve Sivil Savunma | 9023 - Sivil Savunma ve İtfaiyecilik | 6510 - C sınıfı sürücü belgesine sahip olmak | 7302 - Bakınız Başvurma Özel Şartları Bölümü Şoför | 7307 - (Bakınız Başvurma Özel Şartları Bölümü ARFF Memuru - İtfaiyeci). | 7322 - (Bakınız Başvurma Özel Şartları Bölümü Devlet Hava Meydanları İşletmesi Genel Müdürlüğü).;fa4d481e-0a81-ed11-8117-a0369f7d1486
2022;2;202010969;Devlet Hava Meydanları İşletmesi Genel Müdürlüğü;Tekniker;Şırnak;Onlisans;1;;87.615;87.615;"3373;1257;1258;1261;1262;1263;8545;8552;9043;9255;9566;7322";"3373 - Aşağıdaki önlisans programlarından birinden mezun olmak. | 1257 - Oto Elektrik-Elektronik | 1258 - Oto Motor Teknolojileri | 1261 - Otomotiv | 1262 - Otomotiv Satış Sonrası Hizmet | 1263 - Otomotiv Tasarım ve İmalat | 8545 - Motor | 8552 - Otomotiv Endüstrisi | 9043 - Otomotiv Teknolojisi | 9255 - Otomotiv Tamir ve Bakım | 9566 - MOTOR OTOMOTİV&#x0D; | 7322 - (Bakınız Başvurma Özel Şartları Bölümü Devlet Hava Meydanları İşletmesi Genel Müdürlüğü).";2051481e-0a81-ed11-8117-a0369f7d1486
2022;2;202013174;T.C.Devlet Demiryolları İşletmesi Genel Müdürlüğü;Memur;Kırıkkale;Onlisans;1;;87.594;87.594;"3206;8621;3287;4256;6197;8571;9063;3290;1152;9213;3293;1137;1153;1154;1159;8524;9068;9544;7257;7300;7327";3206 - Aşağıdaki önlisans programlarından birinden mezun olmak. | 8621 - Raylı Sistemler Elektrik-Elektronik Teknolojisi / Raylı Sistemler Elektrik ve Elektronik Teknolojisi | 3287 - Aşağıdaki önlisans programlarından birinden mezun olmak. | 4256 - Enerji | 6197 - Hidroelektrik Santralları / Hidroelektrik Santralleri | 8571 - Termik Santrallerde Enerji Üretimi | 9063 - Elektrik Enerjisi Üretim, İletim ve Dağıtımı | 3290 - Aşağıdaki önlisans programlarından birinden mezun olmak. | 1152 - Elektrik | 9213 - Elektrik Teknolojisi | 3293 - Aşağıdaki önlisans programlarından birinden mezun olmak. | 1137 - Deniz Elektroniği | 1153 - Elektrik-Elektronik | 1154 - Elektronik | 1159 - Endüstriyel Elektronik | 8524 - Elektrik-Elektronik Teknikerliği | 9068 - Elektronik Teknolojisi | 9544 - Elektrik ve Elektronik Teknolojisi | 7257 - Seyahate ve Arazide Çalışmaya Elverişli olmak. | 7300 - Bu kadro/pozisyonda vardiya sistemi uygulanmaktadır. | 7327 - (Bakınız Başvurma Özel Şartları Bölümü TCDD Genel Müdürlüğü).;0951481e-0a81-ed11-8117-a0369f7d1486
2022;2;202010906;Devlet Hava Meydanları İşletmesi Genel Müdürlüğü;Tekniker;Siirt;Onlisans;1;;87.55;87.55;"3290;1152;9213;7322";3290 - Aşağıdaki önlisans programlarından birinden mezun olmak. | 1152 - Elektrik | 9213 - Elektrik Teknolojisi | 7322 - (Bakınız Başvurma Özel Şartları Bölümü Devlet Hava Meydanları İşletmesi Genel Müdürlüğü).;fd4f481e-0a81-ed11-8117-a0369f7d1486
2022;2;202013776;Ulaştırma ve Altyapı Bakanlığı;Veri Hazırlama ve Kontrol İşletmeni;Balıkesir;Onlisans;1;;87.542;87.542;"3173;1117;1124;1249;9032;9331;6225";3173 - Aşağıdaki önlisans programlarından birinden mezun olmak. | 1117 - Bilgisayar Destekli Muhasebe | 1124 - Bilgisayarlı Muhasebe ve Vergi Uygulama | 1249 - Muhasebe | 9032 - Muhasebe ve Vergi Uygulamaları | 9331 - İşletme-Muhasebe | 6225 - M.E.B.'Dan Onaylı Bilgisayar İşletmeni Sertifikası Sahibi olmak.;054d481e-0a81-ed11-8117-a0369f7d1486
2022;2;202013797;Ulaştırma ve Altyapı Bakanlığı;Veri Hazırlama ve Kontrol İşletmeni;Çanakkale;Onlisans;1;;87.422;87.422;"3173;1117;1124;1249;9032;9331;6225";3173 - Aşağıdaki önlisans programlarından birinden mezun olmak. | 1117 - Bilgisayar Destekli Muhasebe | 1124 - Bilgisayarlı Muhasebe ve Vergi Uygulama | 1249 - Muhasebe | 9032 - Muhasebe ve Vergi Uygulamaları | 9331 - İşletme-Muhasebe | 6225 - M.E.B.'Dan Onaylı Bilgisayar İşletmeni Sertifikası Sahibi olmak.;4e4d481e-0a81-ed11-8117-a0369f7d1486
2022;2;202011144;Et ve Süt Kurumu Genel Müdürlüğü;Memur;Yozgat;Onlisans;1;;87.402;87.402;"3173;1117;1124;1249;9032;9331;3179;1129;1130;5351;8510;8560;9074";3173 - Aşağıdaki önlisans programlarından birinden mezun olmak. | 1117 - Bilgisayar Destekli Muhasebe | 1124 - Bilgisayarlı Muhasebe ve Vergi Uygulama | 1249 - Muhasebe | 9032 - Muhasebe ve Vergi Uygulamaları | 9331 - İşletme-Muhasebe | 3179 - Aşağıdaki önlisans programlarından birinden mezun olmak. | 1129 - Büro Yönetimi | 1130 - Büro Yönetimi ve Sekreterlik | 5351 - Ofis Teknolojileri ve Yönetimi | 8510 - Büro Yönetimi ve Yönetici Asistanlığı | 8560 - Sekreterlik | 9074 - Büro Hizmetleri ve Yönetici Asistanlığı;ae50481e-0a81-ed11-8117-a0369f7d1486
2022;2;202010199;Ankara Sosyal Bilimler Üniversitesi;Bilgisayar İşletmeni;Ankara;Onlisans;1;;87.373;87.373;"3248;1119;1123;4221;4223;4321;8507;9075;3249;1121;1122;1353;4399;8506;9473";3248 - Aşağıdaki önlisans programlarından birinden mezun olmak. | 1119 - Bilgisayar Donanımı | 1123 - Bilgisayar ve Enformasyon Sistemleri | 4221 - Bilgisayar Teknolojileri ve Bilişim Sistemleri | 4223 - Bilişim Sistemleri ve Teknolojileri | 4321 - Muhabere ve Elektronik Bilgi Sistemleri | 8507 - Bilgisayar Teknolojileri ve Yönetimi | 9075 - Bilgisayar Teknolojisi | 3249 - Aşağıdaki önlisans programlarından birinden mezun olmak. | 1121 - Bilgisayar Programcılığı | 1122 - Bilgisayar Teknolojisi ve Programlama | 1353 - Bilgisayar Programcılığı (Internet) | 4399 - Web Teknolojileri ve Programlama | 8506 - Bilgisayar Programlama | 9473 - Bilgisayar Bilimleri;af4c481e-0a81-ed11-8117-a0369f7d1486
2022;2;202010955;Devlet Hava Meydanları İşletmesi Genel Müdürlüğü;Tekniker;Şırnak;Onlisans;2;;87.355;87.988;"3290;1152;9213;7322";3290 - Aşağıdaki önlisans programlarından birinden mezun olmak. | 1152 - Elektrik | 9213 - Elektrik Teknolojisi | 7322 - (Bakınız Başvurma Özel Şartları Bölümü Devlet Hava Meydanları İşletmesi Genel Müdürlüğü).;1e51481e-0a81-ed11-8117-a0369f7d1486
2022;2;202011326;Gelir İdaresi Başkanlığı;Hizmetli;Bitlis;Onlisans;1;;87.293;87.293;3001;3001 - Herhangi bir önlisans programından mezun olmak.;2e4d481e-0a81-ed11-8117-a0369f7d1486
2022;2;202013720;Türkiye Taşkömürü Kurumu Genel Müdürlüğü;Memur;Zonguldak;Onlisans;2;;87.262;90.084;"3003;1102;6352";3003 - Aşağıdaki önlisans programlarından birinden mezun olmak. | 1102 - Adalet | 6352 - Adalet Meslek Yüksekokulu;de50481e-0a81-ed11-8117-a0369f7d1486
2022;2;202012789;Mardin Artuklu Üniversitesi;Memur;Mardin;Onlisans;2;;87.247;88.013;"3173;1117;1124;1249;9032;9331;3175;1114;1115;1303;5308;8549;3181;1235";3173 - Aşağıdaki önlisans programlarından birinden mezun olmak. | 1117 - Bilgisayar Destekli Muhasebe | 1124 - Bilgisayarlı Muhasebe ve Vergi Uygulama | 1249 - Muhasebe | 9032 - Muhasebe ve Vergi Uygulamaları | 9331 - İşletme-Muhasebe | 3175 - Aşağıdaki önlisans programlarından birinden mezun olmak. | 1114 - Bankacılık | 1115 - Bankacılık ve Sigortacılık | 1303 - Sigortacılık | 5308 - Banka ve Sigorta Yönetimi | 8549 - Orta Kademe Banka-Sigorta Yönetimi | 3181 - Aşağıdaki önlisans programlarından birinden mezun olmak. | 1235 - Maliye;8d4f481e-0a81-ed11-8117-a0369f7d1486
2022;2;202010885;Devlet Hava Meydanları İşletmesi Genel Müdürlüğü;Tekniker;Nevşehir;Onlisans;1;;87.2;87.2;"3292;6238;9553;7322";3292 - Aşağıdaki önlisans programlarından birinden mezun olmak. | 6238 - Mekatronik | 9553 - Mekatronik Teknlojisi | 7322 - (Bakınız Başvurma Özel Şartları Bölümü Devlet Hava Meydanları İşletmesi Genel Müdürlüğü).;b64f481e-0a81-ed11-8117-a0369f7d1486
2022;2;202013706;Türkiye Şeker Fabrikaları A.Ş. Genel Müdürlüğü;Bilgisayar İşletmeni;Ankara;Onlisans;1;;87.148;87.148;"3248;1119;1123;4221;4223;4321;8507;9075;3249;1121;1122;1353;4399;8506;9473;3253;1120;4218;8501;8504;7248";3248 - Aşağıdaki önlisans programlarından birinden mezun olmak. | 1119 - Bilgisayar Donanımı | 1123 - Bilgisayar ve Enformasyon Sistemleri | 4221 - Bilgisayar Teknolojileri ve Bilişim Sistemleri | 4223 - Bilişim Sistemleri ve Teknolojileri | 4321 - Muhabere ve Elektronik Bilgi Sistemleri | 8507 - Bilgisayar Teknolojileri ve Yönetimi | 9075 - Bilgisayar Teknolojisi | 3249 - Aşağıdaki önlisans programlarından birinden mezun olmak. | 1121 - Bilgisayar Programcılığı | 1122 - Bilgisayar Teknolojisi ve Programlama | 1353 - Bilgisayar Programcılığı (Internet) | 4399 - Web Teknolojileri ve Programlama | 8506 - Bilgisayar Programlama | 9473 - Bilgisayar Bilimleri | 3253 - Aşağıdaki önlisans programlarından birinden mezun olmak. | 1120 - Bilgisayar Operatörlüğü ve Teknikerliği | 4218 - Bilgisayar | 8501 - Bilgisayar Operatörlüğü | 8504 - Bilgi İşlem | 7248 - Vardiyalı Çalışmasına Engel Bir Durumu Bulunmamak;a84c481e-0a81-ed11-8117-a0369f7d1486
2022;2;202013811;Ulaştırma ve Altyapı Bakanlığı;Veri Hazırlama ve Kontrol İşletmeni;Erzurum;Onlisans;1;;87.127;87.127;"3173;1117;1124;1249;9032;9331;6225";3173 - Aşağıdaki önlisans programlarından birinden mezun olmak. | 1117 - Bilgisayar Destekli Muhasebe | 1124 - Bilgisayarlı Muhasebe ve Vergi Uygulama | 1249 - Muhasebe | 9032 - Muhasebe ve Vergi Uygulamaları | 9331 - İşletme-Muhasebe | 6225 - M.E.B.'Dan Onaylı Bilgisayar İşletmeni Sertifikası Sahibi olmak.;b84d481e-0a81-ed11-8117-a0369f7d1486
2022;2;202013181;T.C.Devlet Demiryolları İşletmesi Genel Müdürlüğü;Memur;Konya;Onlisans;1;;87.117;87.117;"3205;1288;8514;8625;3207;8515;8627;9055;9244;3225;1201;8535;9052;3292;6238;9553;3318;1312;8567;3319;1187;1188;1189;8546;3358;1241;1242;1243;9092;3364;6217;8539;3485;1304;1328;1351;4400;5377;9491;3495;9211;7257;7300;7327";3205 - Aşağıdaki önlisans programlarından birinden mezun olmak. | 1288 - Raylı Sistemler Teknolojisi | 8514 - Demiryolu Araçları | 8625 - Raylı Sistemler Makine Teknolojisi | 3207 - Aşağıdaki önlisans programlarından birinden mezun olmak. | 8515 - Demiryolu İnşaatı ve İşletmeciliği | 8627 - Raylı Sistemler Yol | 9055 - Raylı Sistemler Yol Teknolojisi | 9244 - Raylı Sistemler | 3225 - Aşağıdaki önlisans programlarından birinden mezun olmak. | 1201 - İnşaat | 8535 - İnşaat Teknikerliği | 9052 - İnşaat Teknolojisi | 3292 - Aşağıdaki önlisans programlarından birinden mezun olmak. | 6238 - Mekatronik | 9553 - Mekatronik Teknlojisi | 3318 - Aşağıdaki önlisans programlarından birinden mezun olmak. | 1312 - Tapu Kadastro Meslek Yüksekokulu | 8567 - Tapu ve Kadastro / Tapu Kadastro | 3319 - Aşağıdaki önlisans programlarından birinden mezun olmak. | 1187 - Harita | 1188 - Harita Kadastro / Harita ve Kadastro | 1189 - Harita ve Maden Ölçme | 8546 - Harita Teknikerliği | 3358 - Aşağıdaki önlisans programlarından birinden mezun olmak. | 1241 - Metal İşleri | 1242 - Metalografi ve Malzeme Muayenesi | 1243 - Metalurji Malzeme | 9092 - Metalurji | 3364 - Aşağıdaki önlisans programlarından birinden mezun olmak. | 6217 - Kaynak Teknolojisi | 8539 - Kaynakçılık | 3485 - Aşağıdaki önlisans programlarından birinden mezun olmak. | 1304 - Sıhhi Tesisat | 1328 - Tesisat Teknolojisi | 1351 - Yapı Donatım Teknolojisi | 4400 - Yapı | 5377 - Yapı Tesisat Teknolojisi | 9491 - Yapı İnşaat | 3495 - Aşağıdaki önlisans programlarından birinden mezun olmak. | 9211 - Tahribatsız Muayene | 7257 - Seyahate ve Arazide Çalışmaya Elverişli olmak. | 7300 - Bu kadro/pozisyonda vardiya sistemi uygulanmaktadır. | 7327 - (Bakınız Başvurma Özel Şartları Bölümü TCDD Genel Müdürlüğü).;3f4f481e-0a81-ed11-8117-a0369f7d1486
2022;2;202010689;Devlet Hava Meydanları İşletmesi Genel Müdürlüğü;İş Makinası Sürücüsü;Yozgat;Onlisans;1;;87.055;87.055;"3366;1204;1232;1233;5312;8570;3368;9227;6516;7302;7322";3366 - Aşağıdaki önlisans programlarından birinden mezun olmak. | 1204 - İş Makineleri | 1232 - Makine | 1233 - Makine Yağları ve Yağlama Teknolojisi | 5312 - Bilgisayar Destekli Makine | 8570 - Termik Santral Makineleri | 3368 - Aşağıdaki önlisans programlarından birinden mezun olmak. | 9227 - İş Makineleri Operatörlüğü | 6516 - G sınıfı sürücü belgesine sahip olmak | 7302 - Bakınız Başvurma Özel Şartları Bölümü Şoför | 7322 - (Bakınız Başvurma Özel Şartları Bölümü Devlet Hava Meydanları İşletmesi Genel Müdürlüğü).;a950481e-0a81-ed11-8117-a0369f7d1486
2022;2;202011396;Gelir İdaresi Başkanlığı;Hizmetli;Erzincan;Onlisans;1;;87.026;87.026;3001;3001 - Herhangi bir önlisans programından mezun olmak.;a64d481e-0a81-ed11-8117-a0369f7d1486
2022;2;202010724;Devlet Hava Meydanları İşletmesi Genel Müdürlüğü;Tekniker;Amasya;Onlisans;1;;86.988;86.988;"3292;6238;9553;7322";3292 - Aşağıdaki önlisans programlarından birinden mezun olmak. | 6238 - Mekatronik | 9553 - Mekatronik Teknlojisi | 7322 - (Bakınız Başvurma Özel Şartları Bölümü Devlet Hava Meydanları İşletmesi Genel Müdürlüğü).;2a4c481e-0a81-ed11-8117-a0369f7d1486
2022;2;202012901;Orta Doğu Teknik Üniversitesi;Memur;Ankara;Onlisans;1;;86.974;86.974;"3179;1129;1130;5351;8510;8560;9074";3179 - Aşağıdaki önlisans programlarından birinden mezun olmak. | 1129 - Büro Yönetimi | 1130 - Büro Yönetimi ve Sekreterlik | 5351 - Ofis Teknolojileri ve Yönetimi | 8510 - Büro Yönetimi ve Yönetici Asistanlığı | 8560 - Sekreterlik | 9074 - Büro Hizmetleri ve Yönetici Asistanlığı;ab4c481e-0a81-ed11-8117-a0369f7d1486
2022;2;202013825;Ulaştırma ve Altyapı Bakanlığı;Veri Hazırlama ve Kontrol İşletmeni;Kocaeli;Onlisans;1;;86.966;86.966;"3173;1117;1124;1249;9032;9331;6225";3173 - Aşağıdaki önlisans programlarından birinden mezun olmak. | 1117 - Bilgisayar Destekli Muhasebe | 1124 - Bilgisayarlı Muhasebe ve Vergi Uygulama | 1249 - Muhasebe | 9032 - Muhasebe ve Vergi Uygulamaları | 9331 - İşletme-Muhasebe | 6225 - M.E.B.'Dan Onaylı Bilgisayar İşletmeni Sertifikası Sahibi olmak.;114f481e-0a81-ed11-8117-a0369f7d1486
2022;2;202012936;Sakarya Uygulamalı Bilimler Üniversitesi;Bilgisayar İşletmeni;Sakarya;Onlisans;1;;86.961;86.961;"3249;1121;1122;1353;4399;8506;9473;6225";3249 - Aşağıdaki önlisans programlarından birinden mezun olmak. | 1121 - Bilgisayar Programcılığı | 1122 - Bilgisayar Teknolojisi ve Programlama | 1353 - Bilgisayar Programcılığı (Internet) | 4399 - Web Teknolojileri ve Programlama | 8506 - Bilgisayar Programlama | 9473 - Bilgisayar Bilimleri | 6225 - M.E.B.'Dan Onaylı Bilgisayar İşletmeni Sertifikası Sahibi olmak.;de4f481e-0a81-ed11-8117-a0369f7d1486
2022;2;202013916;Zonguldak Bülent Ecevit Üniversitesi;Tekniker;Zonguldak;Onlisans;1;;86.886;86.886;"3222;1110;1196;1250;8578;8599;9501";3222 - Aşağıdaki önlisans programlarından birinden mezun olmak. | 1110 - Aşçılık | 1196 - Hazır Yemek ve Aşçılık | 1250 - Mutfak Yönetimi | 8578 - Yemek Pişirme Teknikleri | 8599 - Gastronomi ve Mutfak Sanatları | 9501 - Gemi Aşçılığı;da50481e-0a81-ed11-8117-a0369f7d1486
2022;2;202012824;Mimar Sinan Güzel Sanatlar Üniversitesi;Tekniker;İstanbul;Onlisans;1;;86.86;86.86;"3249;1121;1122;1353;4399;8506;9473";3249 - Aşağıdaki önlisans programlarından birinden mezun olmak. | 1121 - Bilgisayar Programcılığı | 1122 - Bilgisayar Teknolojisi ve Programlama | 1353 - Bilgisayar Programcılığı (Internet) | 4399 - Web Teknolojileri ve Programlama | 8506 - Bilgisayar Programlama | 9473 - Bilgisayar Bilimleri;7d4e481e-0a81-ed11-8117-a0369f7d1486
2022;2;202010773;Devlet Hava Meydanları İşletmesi Genel Müdürlüğü;Tekniker;Gümüşhane;Onlisans;1;;86.827;86.827;"3292;6238;9553;7322";3292 - Aşağıdaki önlisans programlarından birinden mezun olmak. | 6238 - Mekatronik | 9553 - Mekatronik Teknlojisi | 7322 - (Bakınız Başvurma Özel Şartları Bölümü Devlet Hava Meydanları İşletmesi Genel Müdürlüğü).;fd4d481e-0a81-ed11-8117-a0369f7d1486
2022;2;202011403;Gelir İdaresi Başkanlığı;Hizmetli;Erzurum;Onlisans;1;;86.775;86.775;3001;3001 - Herhangi bir önlisans programından mezun olmak.;af4d481e-0a81-ed11-8117-a0369f7d1486
2022;2;202010556;Devlet Hava Meydanları İşletmesi Genel Müdürlüğü;Arff Memuru;Ağrı;Onlisans;3;;86.636;88.234;"3331;1208;8537;9023;6510;7302;7307;7322";3331 - Aşağıdaki önlisans programlarından birinden mezun olmak. | 1208 - İtfaiyecilik ve Yangın Güvenliği | 8537 - İtfaiyecilik ve Sivil Savunma | 9023 - Sivil Savunma ve İtfaiyecilik | 6510 - C sınıfı sürücü belgesine sahip olmak | 7302 - Bakınız Başvurma Özel Şartları Bölümü Şoför | 7307 - (Bakınız Başvurma Özel Şartları Bölümü ARFF Memuru - İtfaiyeci). | 7322 - (Bakınız Başvurma Özel Şartları Bölümü Devlet Hava Meydanları İşletmesi Genel Müdürlüğü).;234c481e-0a81-ed11-8117-a0369f7d1486
2022;2;202010297;Bingöl Üniversitesi;Tekniker;Bingöl;Onlisans;1;;86.581;86.581;"3319;1187;1188;1189;8546";3319 - Aşağıdaki önlisans programlarından birinden mezun olmak. | 1187 - Harita | 1188 - Harita Kadastro / Harita ve Kadastro | 1189 - Harita ve Maden Ölçme | 8546 - Harita Teknikerliği;284d481e-0a81-ed11-8117-a0369f7d1486
2022;2;202010731;Devlet Hava Meydanları İşletmesi Genel Müdürlüğü;Tekniker;Bingöl;Onlisans;1;;86.576;86.576;"3292;6238;9553;7322";3292 - Aşağıdaki önlisans programlarından birinden mezun olmak. | 6238 - Mekatronik | 9553 - Mekatronik Teknlojisi | 7322 - (Bakınız Başvurma Özel Şartları Bölümü Devlet Hava Meydanları İşletmesi Genel Müdürlüğü).;234d481e-0a81-ed11-8117-a0369f7d1486
2022;2;202011508;Gelir İdaresi Başkanlığı;Hizmetli;Kilis;Onlisans;1;;86.576;86.576;3001;3001 - Herhangi bir önlisans programından mezun olmak.;6851481e-0a81-ed11-8117-a0369f7d1486
2022;2;202010787;Devlet Hava Meydanları İşletmesi Genel Müdürlüğü;Tekniker;Hakkari;Onlisans;1;;86.55;86.55;"3290;1152;9213;7322";3290 - Aşağıdaki önlisans programlarından birinden mezun olmak. | 1152 - Elektrik | 9213 - Elektrik Teknolojisi | 7322 - (Bakınız Başvurma Özel Şartları Bölümü Devlet Hava Meydanları İşletmesi Genel Müdürlüğü).;154e481e-0a81-ed11-8117-a0369f7d1486
2022;2;202011193;Gazi Üniversitesi;Memur;Ankara;Onlisans;2;;86.55;86.856;"3173;1117;1124;1249;9032;9331";3173 - Aşağıdaki önlisans programlarından birinden mezun olmak. | 1117 - Bilgisayar Destekli Muhasebe | 1124 - Bilgisayarlı Muhasebe ve Vergi Uygulama | 1249 - Muhasebe | 9032 - Muhasebe ve Vergi Uygulamaları | 9331 - İşletme-Muhasebe;c94c481e-0a81-ed11-8117-a0369f7d1486
2022;2;202012992;Süleyman Demirel Üniversitesi;Laborant;Isparta;Onlisans;3;;86.545;87.498;"3023;1330;8557;9083";3023 - Aşağıdaki önlisans programlarından birinden mezun olmak. | 1330 - Tıbbi Laboratuvar | 8557 - Sağlık Laboratuvarı | 9083 - Tıbbi Laboratuar Teknikleri / Tıbbi Laboratuvar Teknikleri;2c4e481e-0a81-ed11-8117-a0369f7d1486
2022;2;202013363;Ticaret Bakanlığı;Tüketici Hakem Heyeti Raportörü;İstanbul;Onlisans;6;;86.511;90.009;"3003;1102;6352";3003 - Aşağıdaki önlisans programlarından birinden mezun olmak. | 1102 - Adalet | 6352 - Adalet Meslek Yüksekokulu;804e481e-0a81-ed11-8117-a0369f7d1486
2022;2;202012677;Kafkas Üniversitesi;Bilgisayar İşletmeni;Kars;Onlisans;1;;86.464;86.464;"3002;9339;3003;1102;6352;6225";3002 - Aşağıdaki önlisans programlarından birinden mezun olmak. | 9339 - Adalet Meslek Eğitimi | 3003 - Aşağıdaki önlisans programlarından birinden mezun olmak. | 1102 - Adalet | 6352 - Adalet Meslek Yüksekokulu | 6225 - M.E.B.'Dan Onaylı Bilgisayar İşletmeni Sertifikası Sahibi olmak.;cd4e481e-0a81-ed11-8117-a0369f7d1486
2022;2;202013013;T.C.Devlet Demiryolları İşletmesi Genel Müdürlüğü;Memur;Adana;Onlisans;1;;86.436;86.436;"3206;8621;3287;4256;6197;8571;9063;3290;1152;9213;3293;1137;1153;1154;1159;8524;9068;9544;7257;7300;7327";3206 - Aşağıdaki önlisans programlarından birinden mezun olmak. | 8621 - Raylı Sistemler Elektrik-Elektronik Teknolojisi / Raylı Sistemler Elektrik ve Elektronik Teknolojisi | 3287 - Aşağıdaki önlisans programlarından birinden mezun olmak. | 4256 - Enerji | 6197 - Hidroelektrik Santralları / Hidroelektrik Santralleri | 8571 - Termik Santrallerde Enerji Üretimi | 9063 - Elektrik Enerjisi Üretim, İletim ve Dağıtımı | 3290 - Aşağıdaki önlisans programlarından birinden mezun olmak. | 1152 - Elektrik | 9213 - Elektrik Teknolojisi | 3293 - Aşağıdaki önlisans programlarından birinden mezun olmak. | 1137 - Deniz Elektroniği | 1153 - Elektrik-Elektronik | 1154 - Elektronik | 1159 - Endüstriyel Elektronik | 8524 - Elektrik-Elektronik Teknikerliği | 9068 - Elektronik Teknolojisi | 9544 - Elektrik ve Elektronik Teknolojisi | 7257 - Seyahate ve Arazide Çalışmaya Elverişli olmak. | 7300 - Bu kadro/pozisyonda vardiya sistemi uygulanmaktadır. | 7327 - (Bakınız Başvurma Özel Şartları Bölümü TCDD Genel Müdürlüğü).;e64b481e-0a81-ed11-8117-a0369f7d1486
2022;2;202011452;Gelir İdaresi Başkanlığı;Hizmetli;Isparta;Onlisans;1;;86.42;86.42;3001;3001 - Herhangi bir önlisans programından mezun olmak.;2d4e481e-0a81-ed11-8117-a0369f7d1486
2022;2;202011641;Gelir İdaresi Başkanlığı;Hizmetli;Van;Onlisans;1;;86.42;86.42;3001;3001 - Herhangi bir önlisans programından mezun olmak.;9650481e-0a81-ed11-8117-a0369f7d1486
2022;2;202010941;Devlet Hava Meydanları İşletmesi Genel Müdürlüğü;Tekniker;Şanlıurfa;Onlisans;1;;86.407;86.407;"3292;6238;9553;7322";3292 - Aşağıdaki önlisans programlarından birinden mezun olmak. | 6238 - Mekatronik | 9553 - Mekatronik Teknlojisi | 7322 - (Bakınız Başvurma Özel Şartları Bölümü Devlet Hava Meydanları İşletmesi Genel Müdürlüğü).;7550481e-0a81-ed11-8117-a0369f7d1486
2022;2;202011109;Erzincan Binali Yıldırım Üniversitesi;Tekniker;Erzincan;Onlisans;1;;86.405;86.405;"3035;1127;9291";3035 - Aşağıdaki önlisans programlarından birinden mezun olmak. | 1127 - Biyomedikal Cihaz Teknolojisi | 9291 - Biyomedikal Bilimler;a54d481e-0a81-ed11-8117-a0369f7d1486
2022;2;202012803;Marmara Üniversitesi;Bilgisayar İşletmeni;İstanbul;Onlisans;1;;86.373;86.373;"3249;1121;1122;1353;4399;8506;9473;6225";3249 - Aşağıdaki önlisans programlarından birinden mezun olmak. | 1121 - Bilgisayar Programcılığı | 1122 - Bilgisayar Teknolojisi ve Programlama | 1353 - Bilgisayar Programcılığı (Internet) | 4399 - Web Teknolojileri ve Programlama | 8506 - Bilgisayar Programlama | 9473 - Bilgisayar Bilimleri | 6225 - M.E.B.'Dan Onaylı Bilgisayar İşletmeni Sertifikası Sahibi olmak.;7a4e481e-0a81-ed11-8117-a0369f7d1486
2022;2;202011088;Ege Üniversitesi;Memur;İzmir;Onlisans;1;;86.334;86.334;"3391;1185;1186;5337;8531";3391 - Aşağıdaki önlisans programlarından birinden mezun olmak. | 1185 - Halkla İlişkiler | 1186 - Halkla İlişkiler ve Reklamcılık | 5337 - İletişim ve Halkla İlişkiler | 8531 - Halkla İlişkiler ve Tanıtım;ad4e481e-0a81-ed11-8117-a0369f7d1486
2022;2;202010626;Devlet Hava Meydanları İşletmesi Genel Müdürlüğü;Arff Memuru;Şırnak;Onlisans;5;;86.327;88.751;"3331;1208;8537;9023;6510;7302;7307;7322";3331 - Aşağıdaki önlisans programlarından birinden mezun olmak. | 1208 - İtfaiyecilik ve Yangın Güvenliği | 8537 - İtfaiyecilik ve Sivil Savunma | 9023 - Sivil Savunma ve İtfaiyecilik | 6510 - C sınıfı sürücü belgesine sahip olmak | 7302 - Bakınız Başvurma Özel Şartları Bölümü Şoför | 7307 - (Bakınız Başvurma Özel Şartları Bölümü ARFF Memuru - İtfaiyeci). | 7322 - (Bakınız Başvurma Özel Şartları Bölümü Devlet Hava Meydanları İşletmesi Genel Müdürlüğü).;1b51481e-0a81-ed11-8117-a0369f7d1486
2022;2;202012509;Hakkari Üniversitesi;Aşçı;Hakkari;Onlisans;1;;86.303;86.303;"3001;6205;7353";3001 - Herhangi bir önlisans programından mezun olmak. | 6205 - M.E.B.'Dan Onaylı Aşçılık Sertifikası Sahibi olmak. | 7353 - (Bakınız Başvurma Özel Şartları Bölümü Aşçı).;114e481e-0a81-ed11-8117-a0369f7d1486
2022;2;202011613;Gelir İdaresi Başkanlığı;Hizmetli;Şırnak;Onlisans;1;;86.29;86.29;3001;3001 - Herhangi bir önlisans programından mezun olmak.;1d51481e-0a81-ed11-8117-a0369f7d1486
2022;2;202013314;Tekirdağ Namık Kemal Üniversitesi;Memur;Tekirdağ;Onlisans;1;;86.288;86.288;"3249;1121;1122;1353;4399;8506;9473;6225";3249 - Aşağıdaki önlisans programlarından birinden mezun olmak. | 1121 - Bilgisayar Programcılığı | 1122 - Bilgisayar Teknolojisi ve Programlama | 1353 - Bilgisayar Programcılığı (Internet) | 4399 - Web Teknolojileri ve Programlama | 8506 - Bilgisayar Programlama | 9473 - Bilgisayar Bilimleri | 6225 - M.E.B.'Dan Onaylı Bilgisayar İşletmeni Sertifikası Sahibi olmak.;3d50481e-0a81-ed11-8117-a0369f7d1486
2022;2;202010598;Devlet Hava Meydanları İşletmesi Genel Müdürlüğü;Arff Memuru;Kars;Onlisans;2;;86.268;86.324;"3331;1208;8537;9023;6510;7302;7307;7322";3331 - Aşağıdaki önlisans programlarından birinden mezun olmak. | 1208 - İtfaiyecilik ve Yangın Güvenliği | 8537 - İtfaiyecilik ve Sivil Savunma | 9023 - Sivil Savunma ve İtfaiyecilik | 6510 - C sınıfı sürücü belgesine sahip olmak | 7302 - Bakınız Başvurma Özel Şartları Bölümü Şoför | 7307 - (Bakınız Başvurma Özel Şartları Bölümü ARFF Memuru - İtfaiyeci). | 7322 - (Bakınız Başvurma Özel Şartları Bölümü Devlet Hava Meydanları İşletmesi Genel Müdürlüğü).;d64e481e-0a81-ed11-8117-a0369f7d1486
2022;2;202011025;Devlet Opera ve Balesi Genel Müdürlüğü;Şoför;İzmir;Onlisans;1;;86.221;86.221;"3001;6514;7302";3001 - Herhangi bir önlisans programından mezun olmak. | 6514 - D sınıfı sürücü belgesine sahip olmak | 7302 - Bakınız Başvurma Özel Şartları Bölümü Şoför;a84e481e-0a81-ed11-8117-a0369f7d1486
2022;2;202010836;Devlet Hava Meydanları İşletmesi Genel Müdürlüğü;Tekniker;Kars;Onlisans;2;;86.215;86.979;"3290;1152;9213;7322";3290 - Aşağıdaki önlisans programlarından birinden mezun olmak. | 1152 - Elektrik | 9213 - Elektrik Teknolojisi | 7322 - (Bakınız Başvurma Özel Şartları Bölümü Devlet Hava Meydanları İşletmesi Genel Müdürlüğü).;d34e481e-0a81-ed11-8117-a0369f7d1486
2022;2;202011305;Gelir İdaresi Başkanlığı;Hizmetli;Batman;Onlisans;1;;86.185;86.185;3001;3001 - Herhangi bir önlisans programından mezun olmak.;1751481e-0a81-ed11-8117-a0369f7d1486
2022;2;202010584;Devlet Hava Meydanları İşletmesi Genel Müdürlüğü;Arff Memuru;Hakkari;Onlisans;5;;86.182;88.255;"3331;1208;8537;9023;6510;7302;7307;7322";3331 - Aşağıdaki önlisans programlarından birinden mezun olmak. | 1208 - İtfaiyecilik ve Yangın Güvenliği | 8537 - İtfaiyecilik ve Sivil Savunma | 9023 - Sivil Savunma ve İtfaiyecilik | 6510 - C sınıfı sürücü belgesine sahip olmak | 7302 - Bakınız Başvurma Özel Şartları Bölümü Şoför | 7307 - (Bakınız Başvurma Özel Şartları Bölümü ARFF Memuru - İtfaiyeci). | 7322 - (Bakınız Başvurma Özel Şartları Bölümü Devlet Hava Meydanları İşletmesi Genel Müdürlüğü).;194e481e-0a81-ed11-8117-a0369f7d1486
2022;2;202013062;T.C.Devlet Demiryolları İşletmesi Genel Müdürlüğü;Memur;Balıkesir;Onlisans;2;;86.13;91.659;"3206;8621;3287;4256;6197;8571;9063;3290;1152;9213;3293;1137;1153;1154;1159;8524;9068;9544;7257;7300;7327";3206 - Aşağıdaki önlisans programlarından birinden mezun olmak. | 8621 - Raylı Sistemler Elektrik-Elektronik Teknolojisi / Raylı Sistemler Elektrik ve Elektronik Teknolojisi | 3287 - Aşağıdaki önlisans programlarından birinden mezun olmak. | 4256 - Enerji | 6197 - Hidroelektrik Santralları / Hidroelektrik Santralleri | 8571 - Termik Santrallerde Enerji Üretimi | 9063 - Elektrik Enerjisi Üretim, İletim ve Dağıtımı | 3290 - Aşağıdaki önlisans programlarından birinden mezun olmak. | 1152 - Elektrik | 9213 - Elektrik Teknolojisi | 3293 - Aşağıdaki önlisans programlarından birinden mezun olmak. | 1137 - Deniz Elektroniği | 1153 - Elektrik-Elektronik | 1154 - Elektronik | 1159 - Endüstriyel Elektronik | 8524 - Elektrik-Elektronik Teknikerliği | 9068 - Elektronik Teknolojisi | 9544 - Elektrik ve Elektronik Teknolojisi | 7257 - Seyahate ve Arazide Çalışmaya Elverişli olmak. | 7300 - Bu kadro/pozisyonda vardiya sistemi uygulanmaktadır. | 7327 - (Bakınız Başvurma Özel Şartları Bölümü TCDD Genel Müdürlüğü).;084d481e-0a81-ed11-8117-a0369f7d1486
2022;2;202011207;Gelir İdaresi Başkanlığı;Hizmetli;Adana;Onlisans;3;;86.049;86.304;3001;3001 - Herhangi bir önlisans programından mezun olmak.;e24b481e-0a81-ed11-8117-a0369f7d1486
2022;2;202010871;Devlet Hava Meydanları İşletmesi Genel Müdürlüğü;Tekniker;Muş;Onlisans;1;;86.037;86.037;"3292;6238;9553;7322";3292 - Aşağıdaki önlisans programlarından birinden mezun olmak. | 6238 - Mekatronik | 9553 - Mekatronik Teknlojisi | 7322 - (Bakınız Başvurma Özel Şartları Bölümü Devlet Hava Meydanları İşletmesi Genel Müdürlüğü).;9d4f481e-0a81-ed11-8117-a0369f7d1486
2022;2;202010241;Artvin Çoruh Üniversitesi;Bilgisayar İşletmeni;Artvin;Onlisans;3;;86.029;86.948;"3173;1117;1124;1249;9032;9331;3179;1129;1130;5351;8510;8560;9074;3181;1235;3249;1121;1122;1353;4399;8506;9473;6225";3173 - Aşağıdaki önlisans programlarından birinden mezun olmak. | 1117 - Bilgisayar Destekli Muhasebe | 1124 - Bilgisayarlı Muhasebe ve Vergi Uygulama | 1249 - Muhasebe | 9032 - Muhasebe ve Vergi Uygulamaları | 9331 - İşletme-Muhasebe | 3179 - Aşağıdaki önlisans programlarından birinden mezun olmak. | 1129 - Büro Yönetimi | 1130 - Büro Yönetimi ve Sekreterlik | 5351 - Ofis Teknolojileri ve Yönetimi | 8510 - Büro Yönetimi ve Yönetici Asistanlığı | 8560 - Sekreterlik | 9074 - Büro Hizmetleri ve Yönetici Asistanlığı | 3181 - Aşağıdaki önlisans programlarından birinden mezun olmak. | 1235 - Maliye | 3249 - Aşağıdaki önlisans programlarından birinden mezun olmak. | 1121 - Bilgisayar Programcılığı | 1122 - Bilgisayar Teknolojisi ve Programlama | 1353 - Bilgisayar Programcılığı (Internet) | 4399 - Web Teknolojileri ve Programlama | 8506 - Bilgisayar Programlama | 9473 - Bilgisayar Bilimleri | 6225 - M.E.B.'Dan Onaylı Bilgisayar İşletmeni Sertifikası Sahibi olmak.;f64c481e-0a81-ed11-8117-a0369f7d1486
2022;2;202012656;İzmir Bakırçay Üniversitesi;Memur;İzmir;Onlisans;1;;86.0;86.0;"3163;1163;1206;1207;1254;1333;4296;4351;4406;5339;5341;6176;8603";3163 - Aşağıdaki önlisans programlarından birinden mezun olmak. | 1163 - Endüstriyel Yönetim | 1206 - İşletme Organizasyonu ve Çiftlik Yönetimi | 1207 - İşletmecilik | 1254 - Orta Kademe Yöneticiliği / Orta Kademe Yöneticilik | 1333 - Ticaret ve Yönetim | 4296 - İşletme Yönetimi | 4351 - Sevk ve İdare | 4406 - Yönetim | 5339 - İş İdaresi | 5341 - İşletme | 6176 - Genel İşletme | 8603 - Girişimcilik ve Proje Yönetim Asistanlığı;b54e481e-0a81-ed11-8117-a0369f7d1486
2022;2;202011494;Gelir İdaresi Başkanlığı;Hizmetli;Kayseri;Onlisans;2;;85.996;86.998;3001;3001 - Herhangi bir önlisans programından mezun olmak.;f34e481e-0a81-ed11-8117-a0369f7d1486
2022;2;202011242;Gelir İdaresi Başkanlığı;Hizmetli;Amasya;Onlisans;2;;85.98;87.536;3001;3001 - Herhangi bir önlisans programından mezun olmak.;2c4c481e-0a81-ed11-8117-a0369f7d1486
2022;2;202012152;Gelir İdaresi Başkanlığı;Şoför;Denizli;Onlisans;2;;85.969;87.246;"3001;6512;7302";3001 - Herhangi bir önlisans programından mezun olmak. | 6512 - D1 sınıfı sürücü belgesine sahip olmak | 7302 - Bakınız Başvurma Özel Şartları Bölümü Şoför;754d481e-0a81-ed11-8117-a0369f7d1486
2022;2;202013734;Türkiye Taşkömürü Kurumu Genel Müdürlüğü;Memur;Zonguldak;Onlisans;5;;85.957;87.12;"3003;1102;6352";3003 - Aşağıdaki önlisans programlarından birinden mezun olmak. | 1102 - Adalet | 6352 - Adalet Meslek Yüksekokulu;e050481e-0a81-ed11-8117-a0369f7d1486
2022;2;202010164;Aksaray Üniversitesi;Bilgisayar İşletmeni;Aksaray;Onlisans;1;;85.925;85.925;"3046;9322;6225";3046 - Aşağıdaki önlisans programlarından birinden mezun olmak. | 9322 - Engelli Bakımı ve Rehabilitasyon | 6225 - M.E.B.'Dan Onaylı Bilgisayar İşletmeni Sertifikası Sahibi olmak.;f350481e-0a81-ed11-8117-a0369f7d1486
2022;2;202011032;Devlet Opera ve Balesi Genel Müdürlüğü;Şoför;Samsun;Onlisans;1;;85.897;85.897;"3001;6514;7302";3001 - Herhangi bir önlisans programından mezun olmak. | 6514 - D sınıfı sürücü belgesine sahip olmak | 7302 - Bakınız Başvurma Özel Şartları Bölümü Şoför;ec4f481e-0a81-ed11-8117-a0369f7d1486
2022;2;202011571;Gelir İdaresi Başkanlığı;Hizmetli;Nevşehir;Onlisans;1;;85.877;85.877;3001;3001 - Herhangi bir önlisans programından mezun olmak.;b74f481e-0a81-ed11-8117-a0369f7d1486
2022;2;202013265;T.C.Devlet Demiryolları İşletmesi Genel Müdürlüğü;Memur;Tekirdağ;Onlisans;1;;85.871;85.871;"3206;8621;3287;4256;6197;8571;9063;3290;1152;9213;3293;1137;1153;1154;1159;8524;9068;9544;7257;7300;7327";3206 - Aşağıdaki önlisans programlarından birinden mezun olmak. | 8621 - Raylı Sistemler Elektrik-Elektronik Teknolojisi / Raylı Sistemler Elektrik ve Elektronik Teknolojisi | 3287 - Aşağıdaki önlisans programlarından birinden mezun olmak. | 4256 - Enerji | 6197 - Hidroelektrik Santralları / Hidroelektrik Santralleri | 8571 - Termik Santrallerde Enerji Üretimi | 9063 - Elektrik Enerjisi Üretim, İletim ve Dağıtımı | 3290 - Aşağıdaki önlisans programlarından birinden mezun olmak. | 1152 - Elektrik | 9213 - Elektrik Teknolojisi | 3293 - Aşağıdaki önlisans programlarından birinden mezun olmak. | 1137 - Deniz Elektroniği | 1153 - Elektrik-Elektronik | 1154 - Elektronik | 1159 - Endüstriyel Elektronik | 8524 - Elektrik-Elektronik Teknikerliği | 9068 - Elektronik Teknolojisi | 9544 - Elektrik ve Elektronik Teknolojisi | 7257 - Seyahate ve Arazide Çalışmaya Elverişli olmak. | 7300 - Bu kadro/pozisyonda vardiya sistemi uygulanmaktadır. | 7327 - (Bakınız Başvurma Özel Şartları Bölümü TCDD Genel Müdürlüğü).;3b50481e-0a81-ed11-8117-a0369f7d1486
2022;2;202013027;T.C.Devlet Demiryolları İşletmesi Genel Müdürlüğü;Memur;Afyonkarahisar;Onlisans;1;;85.863;85.863;"3205;1288;8514;8625;3207;8515;8627;9055;9244;3225;1201;8535;9052;3292;6238;9553;3318;1312;8567;3319;1187;1188;1189;8546;3358;1241;1242;1243;9092;3364;6217;8539;3485;1304;1328;1351;4400;5377;9491;3495;9211;7257;7300;7327";3205 - Aşağıdaki önlisans programlarından birinden mezun olmak. | 1288 - Raylı Sistemler Teknolojisi | 8514 - Demiryolu Araçları | 8625 - Raylı Sistemler Makine Teknolojisi | 3207 - Aşağıdaki önlisans programlarından birinden mezun olmak. | 8515 - Demiryolu İnşaatı ve İşletmeciliği | 8627 - Raylı Sistemler Yol | 9055 - Raylı Sistemler Yol Teknolojisi | 9244 - Raylı Sistemler | 3225 - Aşağıdaki önlisans programlarından birinden mezun olmak. | 1201 - İnşaat | 8535 - İnşaat Teknikerliği | 9052 - İnşaat Teknolojisi | 3292 - Aşağıdaki önlisans programlarından birinden mezun olmak. | 6238 - Mekatronik | 9553 - Mekatronik Teknlojisi | 3318 - Aşağıdaki önlisans programlarından birinden mezun olmak. | 1312 - Tapu Kadastro Meslek Yüksekokulu | 8567 - Tapu ve Kadastro / Tapu Kadastro | 3319 - Aşağıdaki önlisans programlarından birinden mezun olmak. | 1187 - Harita | 1188 - Harita Kadastro / Harita ve Kadastro | 1189 - Harita ve Maden Ölçme | 8546 - Harita Teknikerliği | 3358 - Aşağıdaki önlisans programlarından birinden mezun olmak. | 1241 - Metal İşleri | 1242 - Metalografi ve Malzeme Muayenesi | 1243 - Metalurji Malzeme | 9092 - Metalurji | 3364 - Aşağıdaki önlisans programlarından birinden mezun olmak. | 6217 - Kaynak Teknolojisi | 8539 - Kaynakçılık | 3485 - Aşağıdaki önlisans programlarından birinden mezun olmak. | 1304 - Sıhhi Tesisat | 1328 - Tesisat Teknolojisi | 1351 - Yapı Donatım Teknolojisi | 4400 - Yapı | 5377 - Yapı Tesisat Teknolojisi | 9491 - Yapı İnşaat | 3495 - Aşağıdaki önlisans programlarından birinden mezun olmak. | 9211 - Tahribatsız Muayene | 7257 - Seyahate ve Arazide Çalışmaya Elverişli olmak. | 7300 - Bu kadro/pozisyonda vardiya sistemi uygulanmaktadır. | 7327 - (Bakınız Başvurma Özel Şartları Bölümü TCDD Genel Müdürlüğü).;044c481e-0a81-ed11-8117-a0369f7d1486
2022;2;202013286;T.C.Devlet Demiryolları İşletmesi Genel Müdürlüğü;Memur;Yozgat;Onlisans;1;;85.819;85.819;"3206;8621;3287;4256;6197;8571;9063;3290;1152;9213;3293;1137;1153;1154;1159;8524;9068;9544;7257;7300;7327";3206 - Aşağıdaki önlisans programlarından birinden mezun olmak. | 8621 - Raylı Sistemler Elektrik-Elektronik Teknolojisi / Raylı Sistemler Elektrik ve Elektronik Teknolojisi | 3287 - Aşağıdaki önlisans programlarından birinden mezun olmak. | 4256 - Enerji | 6197 - Hidroelektrik Santralları / Hidroelektrik Santralleri | 8571 - Termik Santrallerde Enerji Üretimi | 9063 - Elektrik Enerjisi Üretim, İletim ve Dağıtımı | 3290 - Aşağıdaki önlisans programlarından birinden mezun olmak. | 1152 - Elektrik | 9213 - Elektrik Teknolojisi | 3293 - Aşağıdaki önlisans programlarından birinden mezun olmak. | 1137 - Deniz Elektroniği | 1153 - Elektrik-Elektronik | 1154 - Elektronik | 1159 - Endüstriyel Elektronik | 8524 - Elektrik-Elektronik Teknikerliği | 9068 - Elektronik Teknolojisi | 9544 - Elektrik ve Elektronik Teknolojisi | 7257 - Seyahate ve Arazide Çalışmaya Elverişli olmak. | 7300 - Bu kadro/pozisyonda vardiya sistemi uygulanmaktadır. | 7327 - (Bakınız Başvurma Özel Şartları Bölümü TCDD Genel Müdürlüğü).;bb50481e-0a81-ed11-8117-a0369f7d1486
2022;2;202012159;Gelir İdaresi Başkanlığı;Şoför;Diyarbakır;Onlisans;1;;85.785;85.785;"3001;6512;7302";3001 - Herhangi bir önlisans programından mezun olmak. | 6512 - D1 sınıfı sürücü belgesine sahip olmak | 7302 - Bakınız Başvurma Özel Şartları Bölümü Şoför;7b4d481e-0a81-ed11-8117-a0369f7d1486
2022;2;202012579;Iğdır Üniversitesi;Tekniker;Iğdır;Onlisans;1;;85.78;85.78;"3373;1257;1258;1261;1262;1263;8545;8552;9043;9255;9566";"3373 - Aşağıdaki önlisans programlarından birinden mezun olmak. | 1257 - Oto Elektrik-Elektronik | 1258 - Oto Motor Teknolojileri | 1261 - Otomotiv | 1262 - Otomotiv Satış Sonrası Hizmet | 1263 - Otomotiv Tasarım ve İmalat | 8545 - Motor | 8552 - Otomotiv Endüstrisi | 9043 - Otomotiv Teknolojisi | 9255 - Otomotiv Tamir ve Bakım | 9566 - MOTOR OTOMOTİV&#x0D;";5351481e-0a81-ed11-8117-a0369f7d1486
2022;2;202013692;Türkiye Raylı Sistem Araçları Sanayii Anonim Şirketi;Memur;Eskişehir;Onlisans;2;;85.751;86.202;"3219;1342;4312;4392;5346;5375;8538";3219 - Aşağıdaki önlisans programlarından birinden mezun olmak. | 1342 - Uluslararası Taşımacılık Yönetimi | 4312 - Lojistik Yönetimi | 4392 - Uluslararası Taşımacılık ve Lojistik | 5346 - Lojistik | 5375 - Uluslararası Lojistik | 8538 - Kargo / Kargo Hizmetleri;d34d481e-0a81-ed11-8117-a0369f7d1486
2022;2;202010220;Ardahan Üniversitesi;Memur;Ardahan;Onlisans;2;;85.739;88.277;"3385;5323;9246";3385 - Aşağıdaki önlisans programlarından birinden mezun olmak. | 5323 - Çocuk Gelişimi | 9246 - Çocuk Gelişimi ve Eğitimi;3751481e-0a81-ed11-8117-a0369f7d1486
2022;2;202011137;Et ve Süt Kurumu Genel Müdürlüğü;Memur;Trabzon;Onlisans;2;;85.726;85.928;"3173;1117;1124;1249;9032;9331;3179;1129;1130;5351;8510;8560;9074";3173 - Aşağıdaki önlisans programlarından birinden mezun olmak. | 1117 - Bilgisayar Destekli Muhasebe | 1124 - Bilgisayarlı Muhasebe ve Vergi Uygulama | 1249 - Muhasebe | 9032 - Muhasebe ve Vergi Uygulamaları | 9331 - İşletme-Muhasebe | 3179 - Aşağıdaki önlisans programlarından birinden mezun olmak. | 1129 - Büro Yönetimi | 1130 - Büro Yönetimi ve Sekreterlik | 5351 - Ofis Teknolojileri ve Yönetimi | 8510 - Büro Yönetimi ve Yönetici Asistanlığı | 8560 - Sekreterlik | 9074 - Büro Hizmetleri ve Yönetici Asistanlığı;5c50481e-0a81-ed11-8117-a0369f7d1486
2022;2;202013531;Toprak Mahsulleri Ofisi Genel Müdürlüğü;Memur;Samsun;Onlisans;1;;85.705;85.705;"3290;1152;9213;7324";3290 - Aşağıdaki önlisans programlarından birinden mezun olmak. | 1152 - Elektrik | 9213 - Elektrik Teknolojisi | 7324 - (Bakınız Başvurma Özel Şartları Bölümü Toprak Mahsulleri Ofisi Genel Müdürlüğü).;e94f481e-0a81-ed11-8117-a0369f7d1486
2022;2;202013132;T.C.Devlet Demiryolları İşletmesi Genel Müdürlüğü;Memur;İzmir;Onlisans;4;;85.695;95.003;"3205;1288;8514;8625;3207;8515;8627;9055;9244;3225;1201;8535;9052;3292;6238;9553;3318;1312;8567;3319;1187;1188;1189;8546;3358;1241;1242;1243;9092;3364;6217;8539;3485;1304;1328;1351;4400;5377;9491;3495;9211;7257;7300;7327";3205 - Aşağıdaki önlisans programlarından birinden mezun olmak. | 1288 - Raylı Sistemler Teknolojisi | 8514 - Demiryolu Araçları | 8625 - Raylı Sistemler Makine Teknolojisi | 3207 - Aşağıdaki önlisans programlarından birinden mezun olmak. | 8515 - Demiryolu İnşaatı ve İşletmeciliği | 8627 - Raylı Sistemler Yol | 9055 - Raylı Sistemler Yol Teknolojisi | 9244 - Raylı Sistemler | 3225 - Aşağıdaki önlisans programlarından birinden mezun olmak. | 1201 - İnşaat | 8535 - İnşaat Teknikerliği | 9052 - İnşaat Teknolojisi | 3292 - Aşağıdaki önlisans programlarından birinden mezun olmak. | 6238 - Mekatronik | 9553 - Mekatronik Teknlojisi | 3318 - Aşağıdaki önlisans programlarından birinden mezun olmak. | 1312 - Tapu Kadastro Meslek Yüksekokulu | 8567 - Tapu ve Kadastro / Tapu Kadastro | 3319 - Aşağıdaki önlisans programlarından birinden mezun olmak. | 1187 - Harita | 1188 - Harita Kadastro / Harita ve Kadastro | 1189 - Harita ve Maden Ölçme | 8546 - Harita Teknikerliği | 3358 - Aşağıdaki önlisans programlarından birinden mezun olmak. | 1241 - Metal İşleri | 1242 - Metalografi ve Malzeme Muayenesi | 1243 - Metalurji Malzeme | 9092 - Metalurji | 3364 - Aşağıdaki önlisans programlarından birinden mezun olmak. | 6217 - Kaynak Teknolojisi | 8539 - Kaynakçılık | 3485 - Aşağıdaki önlisans programlarından birinden mezun olmak. | 1304 - Sıhhi Tesisat | 1328 - Tesisat Teknolojisi | 1351 - Yapı Donatım Teknolojisi | 4400 - Yapı | 5377 - Yapı Tesisat Teknolojisi | 9491 - Yapı İnşaat | 3495 - Aşağıdaki önlisans programlarından birinden mezun olmak. | 9211 - Tahribatsız Muayene | 7257 - Seyahate ve Arazide Çalışmaya Elverişli olmak. | 7300 - Bu kadro/pozisyonda vardiya sistemi uygulanmaktadır. | 7327 - (Bakınız Başvurma Özel Şartları Bölümü TCDD Genel Müdürlüğü).;af4e481e-0a81-ed11-8117-a0369f7d1486
2022;2;202010234;Artvin Çoruh Üniversitesi;Bilgisayar İşletmeni;Artvin;Onlisans;1;;85.672;85.672;"3023;1330;8557;9083;3075;1332;6225";3023 - Aşağıdaki önlisans programlarından birinden mezun olmak. | 1330 - Tıbbi Laboratuvar | 8557 - Sağlık Laboratuvarı | 9083 - Tıbbi Laboratuar Teknikleri / Tıbbi Laboratuvar Teknikleri | 3075 - Aşağıdaki önlisans programlarından birinden mezun olmak. | 1332 - Tıbbi ve Aromatik Bitkiler | 6225 - M.E.B.'Dan Onaylı Bilgisayar İşletmeni Sertifikası Sahibi olmak.;f54c481e-0a81-ed11-8117-a0369f7d1486
2022;2;202013790;Ulaştırma ve Altyapı Bakanlığı;Veri Hazırlama ve Kontrol İşletmeni;Çanakkale;Onlisans;1;;85.658;85.658;"3173;1117;1124;1249;9032;9331;6225";3173 - Aşağıdaki önlisans programlarından birinden mezun olmak. | 1117 - Bilgisayar Destekli Muhasebe | 1124 - Bilgisayarlı Muhasebe ve Vergi Uygulama | 1249 - Muhasebe | 9032 - Muhasebe ve Vergi Uygulamaları | 9331 - İşletme-Muhasebe | 6225 - M.E.B.'Dan Onaylı Bilgisayar İşletmeni Sertifikası Sahibi olmak.;4d4d481e-0a81-ed11-8117-a0369f7d1486
2022;2;202011221;Gelir İdaresi Başkanlığı;Hizmetli;Afyonkarahisar;Onlisans;1;;85.656;85.656;3001;3001 - Herhangi bir önlisans programından mezun olmak.;f74b481e-0a81-ed11-8117-a0369f7d1486
2022;2;202011235;Gelir İdaresi Başkanlığı;Hizmetli;Aksaray;Onlisans;1;;85.654;85.654;3001;3001 - Herhangi bir önlisans programından mezun olmak.;f750481e-0a81-ed11-8117-a0369f7d1486
2022;2;202013566;Toprak Mahsulleri Ofisi Genel Müdürlüğü;Muhasebeci;Ankara;Onlisans;1;;85.635;85.635;"3173;1117;1124;1249;9032;9331;3181;1235;7324";3173 - Aşağıdaki önlisans programlarından birinden mezun olmak. | 1117 - Bilgisayar Destekli Muhasebe | 1124 - Bilgisayarlı Muhasebe ve Vergi Uygulama | 1249 - Muhasebe | 9032 - Muhasebe ve Vergi Uygulamaları | 9331 - İşletme-Muhasebe | 3181 - Aşağıdaki önlisans programlarından birinden mezun olmak. | 1235 - Maliye | 7324 - (Bakınız Başvurma Özel Şartları Bölümü Toprak Mahsulleri Ofisi Genel Müdürlüğü).;a74c481e-0a81-ed11-8117-a0369f7d1486
2022;2;202013055;T.C.Devlet Demiryolları İşletmesi Genel Müdürlüğü;Memur;Balıkesir;Onlisans;1;;85.632;85.632;"3205;1288;8514;8625;3207;8515;8627;9055;9244;3225;1201;8535;9052;3292;6238;9553;3318;1312;8567;3319;1187;1188;1189;8546;3358;1241;1242;1243;9092;3364;6217;8539;3485;1304;1328;1351;4400;5377;9491;3495;9211;7257;7300;7327";3205 - Aşağıdaki önlisans programlarından birinden mezun olmak. | 1288 - Raylı Sistemler Teknolojisi | 8514 - Demiryolu Araçları | 8625 - Raylı Sistemler Makine Teknolojisi | 3207 - Aşağıdaki önlisans programlarından birinden mezun olmak. | 8515 - Demiryolu İnşaatı ve İşletmeciliği | 8627 - Raylı Sistemler Yol | 9055 - Raylı Sistemler Yol Teknolojisi | 9244 - Raylı Sistemler | 3225 - Aşağıdaki önlisans programlarından birinden mezun olmak. | 1201 - İnşaat | 8535 - İnşaat Teknikerliği | 9052 - İnşaat Teknolojisi | 3292 - Aşağıdaki önlisans programlarından birinden mezun olmak. | 6238 - Mekatronik | 9553 - Mekatronik Teknlojisi | 3318 - Aşağıdaki önlisans programlarından birinden mezun olmak. | 1312 - Tapu Kadastro Meslek Yüksekokulu | 8567 - Tapu ve Kadastro / Tapu Kadastro | 3319 - Aşağıdaki önlisans programlarından birinden mezun olmak. | 1187 - Harita | 1188 - Harita Kadastro / Harita ve Kadastro | 1189 - Harita ve Maden Ölçme | 8546 - Harita Teknikerliği | 3358 - Aşağıdaki önlisans programlarından birinden mezun olmak. | 1241 - Metal İşleri | 1242 - Metalografi ve Malzeme Muayenesi | 1243 - Metalurji Malzeme | 9092 - Metalurji | 3364 - Aşağıdaki önlisans programlarından birinden mezun olmak. | 6217 - Kaynak Teknolojisi | 8539 - Kaynakçılık | 3485 - Aşağıdaki önlisans programlarından birinden mezun olmak. | 1304 - Sıhhi Tesisat | 1328 - Tesisat Teknolojisi | 1351 - Yapı Donatım Teknolojisi | 4400 - Yapı | 5377 - Yapı Tesisat Teknolojisi | 9491 - Yapı İnşaat | 3495 - Aşağıdaki önlisans programlarından birinden mezun olmak. | 9211 - Tahribatsız Muayene | 7257 - Seyahate ve Arazide Çalışmaya Elverişli olmak. | 7300 - Bu kadro/pozisyonda vardiya sistemi uygulanmaktadır. | 7327 - (Bakınız Başvurma Özel Şartları Bölümü TCDD Genel Müdürlüğü).;074d481e-0a81-ed11-8117-a0369f7d1486
2022;2;202010108;Afet ve Acil Durum Yönetimi Başkanlığı;Tekniker;Gaziantep;Onlisans;1;;85.581;85.581;"3290;1152;9213";3290 - Aşağıdaki önlisans programlarından birinden mezun olmak. | 1152 - Elektrik | 9213 - Elektrik Teknolojisi;db4d481e-0a81-ed11-8117-a0369f7d1486
2022;2;202012236;Gelir İdaresi Başkanlığı;Şoför;Hatay;Onlisans;1;;85.511;85.511;"3001;6512;7302";3001 - Herhangi bir önlisans programından mezun olmak. | 6512 - D1 sınıfı sürücü belgesine sahip olmak | 7302 - Bakınız Başvurma Özel Şartları Bölümü Şoför;1e4e481e-0a81-ed11-8117-a0369f7d1486
2022;2;202011102;Erzincan Binali Yıldırım Üniversitesi;Bilgisayar İşletmeni;Erzincan;Onlisans;6;;85.495;86.922;"3248;1119;1123;4221;4223;4321;8507;9075;3249;1121;1122;1353;4399;8506;9473";3248 - Aşağıdaki önlisans programlarından birinden mezun olmak. | 1119 - Bilgisayar Donanımı | 1123 - Bilgisayar ve Enformasyon Sistemleri | 4221 - Bilgisayar Teknolojileri ve Bilişim Sistemleri | 4223 - Bilişim Sistemleri ve Teknolojileri | 4321 - Muhabere ve Elektronik Bilgi Sistemleri | 8507 - Bilgisayar Teknolojileri ve Yönetimi | 9075 - Bilgisayar Teknolojisi | 3249 - Aşağıdaki önlisans programlarından birinden mezun olmak. | 1121 - Bilgisayar Programcılığı | 1122 - Bilgisayar Teknolojisi ve Programlama | 1353 - Bilgisayar Programcılığı (Internet) | 4399 - Web Teknolojileri ve Programlama | 8506 - Bilgisayar Programlama | 9473 - Bilgisayar Bilimleri;a44d481e-0a81-ed11-8117-a0369f7d1486
2022;2;202011592;Gelir İdaresi Başkanlığı;Hizmetli;Samsun;Onlisans;2;;85.454;85.5;3001;3001 - Herhangi bir önlisans programından mezun olmak.;ea4f481e-0a81-ed11-8117-a0369f7d1486
2022;2;202012964;Sakarya Üniversitesi;Sağlık Teknikeri;Sakarya;Onlisans;1;;85.444;85.444;"3047;1329";3047 - Aşağıdaki önlisans programlarından birinden mezun olmak. | 1329 - Tıbbi Dokümantasyon ve Sekreterlik;e24f481e-0a81-ed11-8117-a0369f7d1486
2022;2;202011599;Gelir İdaresi Başkanlığı;Hizmetli;Sinop;Onlisans;1;;85.433;85.433;3001;3001 - Herhangi bir önlisans programından mezun olmak.;0650481e-0a81-ed11-8117-a0369f7d1486
2022;2;202013069;T.C.Devlet Demiryolları İşletmesi Genel Müdürlüğü;Memur;Bilecik;Onlisans;1;;85.425;85.425;"3206;8621;3287;4256;6197;8571;9063;3290;1152;9213;3293;1137;1153;1154;1159;8524;9068;9544;7257;7300;7327";3206 - Aşağıdaki önlisans programlarından birinden mezun olmak. | 8621 - Raylı Sistemler Elektrik-Elektronik Teknolojisi / Raylı Sistemler Elektrik ve Elektronik Teknolojisi | 3287 - Aşağıdaki önlisans programlarından birinden mezun olmak. | 4256 - Enerji | 6197 - Hidroelektrik Santralları / Hidroelektrik Santralleri | 8571 - Termik Santrallerde Enerji Üretimi | 9063 - Elektrik Enerjisi Üretim, İletim ve Dağıtımı | 3290 - Aşağıdaki önlisans programlarından birinden mezun olmak. | 1152 - Elektrik | 9213 - Elektrik Teknolojisi | 3293 - Aşağıdaki önlisans programlarından birinden mezun olmak. | 1137 - Deniz Elektroniği | 1153 - Elektrik-Elektronik | 1154 - Elektronik | 1159 - Endüstriyel Elektronik | 8524 - Elektrik-Elektronik Teknikerliği | 9068 - Elektronik Teknolojisi | 9544 - Elektrik ve Elektronik Teknolojisi | 7257 - Seyahate ve Arazide Çalışmaya Elverişli olmak. | 7300 - Bu kadro/pozisyonda vardiya sistemi uygulanmaktadır. | 7327 - (Bakınız Başvurma Özel Şartları Bölümü TCDD Genel Müdürlüğü).;174d481e-0a81-ed11-8117-a0369f7d1486
2022;2;202011543;Gelir İdaresi Başkanlığı;Hizmetli;Mardin;Onlisans;1;;85.403;85.403;3001;3001 - Herhangi bir önlisans programından mezun olmak.;8a4f481e-0a81-ed11-8117-a0369f7d1486
2022;2;202010542;Devlet Demiryolları Taşımacılık A.Ş Genel Müdürlüğü;Tekniker;Malatya;Onlisans;2;;85.4;86.697;"3205;1288;8514;8625;3206;8621;7300;7368";3205 - Aşağıdaki önlisans programlarından birinden mezun olmak. | 1288 - Raylı Sistemler Teknolojisi | 8514 - Demiryolu Araçları | 8625 - Raylı Sistemler Makine Teknolojisi | 3206 - Aşağıdaki önlisans programlarından birinden mezun olmak. | 8621 - Raylı Sistemler Elektrik-Elektronik Teknolojisi / Raylı Sistemler Elektrik ve Elektronik Teknolojisi | 7300 - Bu kadro/pozisyonda vardiya sistemi uygulanmaktadır. | 7368 - (Bakınız Başvurma Özel Şartları Bölümü T.C. Devlet Demiryolları Taşımacılık A.Ş. Genel Müdürlüğü);6d4f481e-0a81-ed11-8117-a0369f7d1486
2022;2;202013160;T.C.Devlet Demiryolları İşletmesi Genel Müdürlüğü;Memur;Kayseri;Onlisans;1;;85.391;85.391;"3206;8621;3287;4256;6197;8571;9063;3290;1152;9213;3293;1137;1153;1154;1159;8524;9068;9544;7257;7300;7327";3206 - Aşağıdaki önlisans programlarından birinden mezun olmak. | 8621 - Raylı Sistemler Elektrik-Elektronik Teknolojisi / Raylı Sistemler Elektrik ve Elektronik Teknolojisi | 3287 - Aşağıdaki önlisans programlarından birinden mezun olmak. | 4256 - Enerji | 6197 - Hidroelektrik Santralları / Hidroelektrik Santralleri | 8571 - Termik Santrallerde Enerji Üretimi | 9063 - Elektrik Enerjisi Üretim, İletim ve Dağıtımı | 3290 - Aşağıdaki önlisans programlarından birinden mezun olmak. | 1152 - Elektrik | 9213 - Elektrik Teknolojisi | 3293 - Aşağıdaki önlisans programlarından birinden mezun olmak. | 1137 - Deniz Elektroniği | 1153 - Elektrik-Elektronik | 1154 - Elektronik | 1159 - Endüstriyel Elektronik | 8524 - Elektrik-Elektronik Teknikerliği | 9068 - Elektronik Teknolojisi | 9544 - Elektrik ve Elektronik Teknolojisi | 7257 - Seyahate ve Arazide Çalışmaya Elverişli olmak. | 7300 - Bu kadro/pozisyonda vardiya sistemi uygulanmaktadır. | 7327 - (Bakınız Başvurma Özel Şartları Bölümü TCDD Genel Müdürlüğü).;ed4e481e-0a81-ed11-8117-a0369f7d1486
2022;2;202010843;Devlet Hava Meydanları İşletmesi Genel Müdürlüğü;Tekniker;Kars;Onlisans;1;;85.379;85.379;"3292;6238;9553;7322";3292 - Aşağıdaki önlisans programlarından birinden mezun olmak. | 6238 - Mekatronik | 9553 - Mekatronik Teknlojisi | 7322 - (Bakınız Başvurma Özel Şartları Bölümü Devlet Hava Meydanları İşletmesi Genel Müdürlüğü).;d44e481e-0a81-ed11-8117-a0369f7d1486
2022;2;202011347;Gelir İdaresi Başkanlığı;Hizmetli;Çanakkale;Onlisans;2;;85.347;87.234;3001;3001 - Herhangi bir önlisans programından mezun olmak.;484d481e-0a81-ed11-8117-a0369f7d1486
2022;2;202011445;Gelir İdaresi Başkanlığı;Hizmetli;Iğdır;Onlisans;1;;85.324;85.324;3001;3001 - Herhangi bir önlisans programından mezun olmak.;4b51481e-0a81-ed11-8117-a0369f7d1486
2022;2;202011389;Gelir İdaresi Başkanlığı;Hizmetli;Elazığ;Onlisans;3;;85.317;87.309;3001;3001 - Herhangi bir önlisans programından mezun olmak.;8e4d481e-0a81-ed11-8117-a0369f7d1486
2022;2;202011480;Gelir İdaresi Başkanlığı;Hizmetli;Karaman;Onlisans;1;;85.309;85.309;3001;3001 - Herhangi bir önlisans programından mezun olmak.;0651481e-0a81-ed11-8117-a0369f7d1486
2022;2;202011655;Gelir İdaresi Başkanlığı;Hizmetli;Yozgat;Onlisans;1;;85.298;85.298;3001;3001 - Herhangi bir önlisans programından mezun olmak.;b550481e-0a81-ed11-8117-a0369f7d1486
2022;2;202013083;T.C.Devlet Demiryolları İşletmesi Genel Müdürlüğü;Memur;Burdur;Onlisans;1;;85.296;85.296;"3205;1288;8514;8625;3207;8515;8627;9055;9244;3225;1201;8535;9052;3292;6238;9553;3318;1312;8567;3319;1187;1188;1189;8546;3358;1241;1242;1243;9092;3364;6217;8539;3485;1304;1328;1351;4400;5377;9491;3495;9211;7257;7300;7327";3205 - Aşağıdaki önlisans programlarından birinden mezun olmak. | 1288 - Raylı Sistemler Teknolojisi | 8514 - Demiryolu Araçları | 8625 - Raylı Sistemler Makine Teknolojisi | 3207 - Aşağıdaki önlisans programlarından birinden mezun olmak. | 8515 - Demiryolu İnşaatı ve İşletmeciliği | 8627 - Raylı Sistemler Yol | 9055 - Raylı Sistemler Yol Teknolojisi | 9244 - Raylı Sistemler | 3225 - Aşağıdaki önlisans programlarından birinden mezun olmak. | 1201 - İnşaat | 8535 - İnşaat Teknikerliği | 9052 - İnşaat Teknolojisi | 3292 - Aşağıdaki önlisans programlarından birinden mezun olmak. | 6238 - Mekatronik | 9553 - Mekatronik Teknlojisi | 3318 - Aşağıdaki önlisans programlarından birinden mezun olmak. | 1312 - Tapu Kadastro Meslek Yüksekokulu | 8567 - Tapu ve Kadastro / Tapu Kadastro | 3319 - Aşağıdaki önlisans programlarından birinden mezun olmak. | 1187 - Harita | 1188 - Harita Kadastro / Harita ve Kadastro | 1189 - Harita ve Maden Ölçme | 8546 - Harita Teknikerliği | 3358 - Aşağıdaki önlisans programlarından birinden mezun olmak. | 1241 - Metal İşleri | 1242 - Metalografi ve Malzeme Muayenesi | 1243 - Metalurji Malzeme | 9092 - Metalurji | 3364 - Aşağıdaki önlisans programlarından birinden mezun olmak. | 6217 - Kaynak Teknolojisi | 8539 - Kaynakçılık | 3485 - Aşağıdaki önlisans programlarından birinden mezun olmak. | 1304 - Sıhhi Tesisat | 1328 - Tesisat Teknolojisi | 1351 - Yapı Donatım Teknolojisi | 4400 - Yapı | 5377 - Yapı Tesisat Teknolojisi | 9491 - Yapı İnşaat | 3495 - Aşağıdaki önlisans programlarından birinden mezun olmak. | 9211 - Tahribatsız Muayene | 7257 - Seyahate ve Arazide Çalışmaya Elverişli olmak. | 7300 - Bu kadro/pozisyonda vardiya sistemi uygulanmaktadır. | 7327 - (Bakınız Başvurma Özel Şartları Bölümü TCDD Genel Müdürlüğü).;364d481e-0a81-ed11-8117-a0369f7d1486
2022;2;202012229;Gelir İdaresi Başkanlığı;Şoför;Hakkari;Onlisans;1;;85.291;85.291;"3001;6512;7302";3001 - Herhangi bir önlisans programından mezun olmak. | 6512 - D1 sınıfı sürücü belgesine sahip olmak | 7302 - Bakınız Başvurma Özel Şartları Bölümü Şoför;104e481e-0a81-ed11-8117-a0369f7d1486
2022;2;202012593;İstanbul Üniversitesi;Memur;İstanbul;Onlisans;2;;85.291;90.677;"3173;1117;1124;1249;9032;9331";3173 - Aşağıdaki önlisans programlarından birinden mezun olmak. | 1117 - Bilgisayar Destekli Muhasebe | 1124 - Bilgisayarlı Muhasebe ve Vergi Uygulama | 1249 - Muhasebe | 9032 - Muhasebe ve Vergi Uygulamaları | 9331 - İşletme-Muhasebe;704e481e-0a81-ed11-8117-a0369f7d1486
2022;2;202012537;Harran Üniversitesi;Bilgisayar İşletmeni;Şanlıurfa;Onlisans;5;;85.226;87.522;"3249;1121;1122;1353;4399;8506;9473";3249 - Aşağıdaki önlisans programlarından birinden mezun olmak. | 1121 - Bilgisayar Programcılığı | 1122 - Bilgisayar Teknolojisi ve Programlama | 1353 - Bilgisayar Programcılığı (Internet) | 4399 - Web Teknolojileri ve Programlama | 8506 - Bilgisayar Programlama | 9473 - Bilgisayar Bilimleri;6f50481e-0a81-ed11-8117-a0369f7d1486
2022;2;202013769;Ulaştırma ve Altyapı Bakanlığı;Veri Hazırlama ve Kontrol İşletmeni;Antalya;Onlisans;1;;85.197;85.197;"3173;1117;1124;1249;9032;9331;6225";3173 - Aşağıdaki önlisans programlarından birinden mezun olmak. | 1117 - Bilgisayar Destekli Muhasebe | 1124 - Bilgisayarlı Muhasebe ve Vergi Uygulama | 1249 - Muhasebe | 9032 - Muhasebe ve Vergi Uygulamaları | 9331 - İşletme-Muhasebe | 6225 - M.E.B.'Dan Onaylı Bilgisayar İşletmeni Sertifikası Sahibi olmak.;e54c481e-0a81-ed11-8117-a0369f7d1486
2022;2;202010717;Devlet Hava Meydanları İşletmesi Genel Müdürlüğü;Tekniker;Ağrı;Onlisans;2;;85.194;85.715;"3292;6238;9553;7322";3292 - Aşağıdaki önlisans programlarından birinden mezun olmak. | 6238 - Mekatronik | 9553 - Mekatronik Teknlojisi | 7322 - (Bakınız Başvurma Özel Şartları Bölümü Devlet Hava Meydanları İşletmesi Genel Müdürlüğü).;274c481e-0a81-ed11-8117-a0369f7d1486
2022;2;202012663;İzmir Bakırçay Üniversitesi;Memur;İzmir;Onlisans;1;;85.137;85.137;"3183;5338;6271;9073";3183 - Aşağıdaki önlisans programlarından birinden mezun olmak. | 5338 - İnsan Kaynakları | 6271 - Personel Yönetimi | 9073 - İnsan Kaynakları Yönetimi;b64e481e-0a81-ed11-8117-a0369f7d1486
2022;2;202011529;Gelir İdaresi Başkanlığı;Hizmetli;Malatya;Onlisans;2;;85.123;92.023;3001;3001 - Herhangi bir önlisans programından mezun olmak.;6e4f481e-0a81-ed11-8117-a0369f7d1486
2022;2;202011487;Gelir İdaresi Başkanlığı;Hizmetli;Kastamonu;Onlisans;1;;85.114;85.114;3001;3001 - Herhangi bir önlisans programından mezun olmak.;dc4e481e-0a81-ed11-8117-a0369f7d1486
2022;2;202011431;Gelir İdaresi Başkanlığı;Hizmetli;Hakkari;Onlisans;1;;85.075;85.075;3001;3001 - Herhangi bir önlisans programından mezun olmak.;184e481e-0a81-ed11-8117-a0369f7d1486
2022;2;202010304;Bitlis Eren Üniversitesi;Şoför;Bitlis;Onlisans;1;;85.052;85.052;"3001;6514;6519;7302";3001 - Herhangi bir önlisans programından mezun olmak. | 6514 - D sınıfı sürücü belgesine sahip olmak | 6519 - İstenilen Sınıftaki Sürücü Belgesine En Az (5) Yıldır Sahip olmak. | 7302 - Bakınız Başvurma Özel Şartları Bölümü Şoför;2d4d481e-0a81-ed11-8117-a0369f7d1486
2022;2;202013300;Tarım İşletmeleri Genel Müdürlüğü;Memur;Kırklareli;Onlisans;1;;85.048;85.048;"3163;1163;1206;1207;1254;1333;4296;4351;4406;5339;5341;6176;8603";3163 - Aşağıdaki önlisans programlarından birinden mezun olmak. | 1163 - Endüstriyel Yönetim | 1206 - İşletme Organizasyonu ve Çiftlik Yönetimi | 1207 - İşletmecilik | 1254 - Orta Kademe Yöneticiliği / Orta Kademe Yöneticilik | 1333 - Ticaret ve Yönetim | 4296 - İşletme Yönetimi | 4351 - Sevk ve İdare | 4406 - Yönetim | 5339 - İş İdaresi | 5341 - İşletme | 6176 - Genel İşletme | 8603 - Girişimcilik ve Proje Yönetim Asistanlığı;f94e481e-0a81-ed11-8117-a0369f7d1486
2022;2;202012201;Gelir İdaresi Başkanlığı;Şoför;Eskişehir;Onlisans;1;;85.045;85.045;"3001;6512;7302";3001 - Herhangi bir önlisans programından mezun olmak. | 6512 - D1 sınıfı sürücü belgesine sahip olmak | 7302 - Bakınız Başvurma Özel Şartları Bölümü Şoför;d54d481e-0a81-ed11-8117-a0369f7d1486
2022;2;202011557;Gelir İdaresi Başkanlığı;Hizmetli;Muğla;Onlisans;2;;85.03;85.614;3001;3001 - Herhangi bir önlisans programından mezun olmak.;974f481e-0a81-ed11-8117-a0369f7d1486
2022;2;202011627;Gelir İdaresi Başkanlığı;Hizmetli;Tokat;Onlisans;1;;85.021;85.021;3001;3001 - Herhangi bir önlisans programından mezun olmak.;5350481e-0a81-ed11-8117-a0369f7d1486
2022;2;202011438;Gelir İdaresi Başkanlığı;Hizmetli;Hatay;Onlisans;3;;85.018;85.912;3001;3001 - Herhangi bir önlisans programından mezun olmak.;1b4e481e-0a81-ed11-8117-a0369f7d1486
2022;2;202012754;Kocaeli Üniversitesi;Tekniker;Kocaeli;Onlisans;1;;85.011;85.011;"3035;1127;9291";3035 - Aşağıdaki önlisans programlarından birinden mezun olmak. | 1127 - Biyomedikal Cihaz Teknolojisi | 9291 - Biyomedikal Bilimler;144f481e-0a81-ed11-8117-a0369f7d1486
2022;2;202013167;T.C.Devlet Demiryolları İşletmesi Genel Müdürlüğü;Memur;Kırıkkale;Onlisans;2;;85.006;91.132;"3205;1288;8514;8625;3207;8515;8627;9055;9244;3225;1201;8535;9052;3292;6238;9553;3318;1312;8567;3319;1187;1188;1189;8546;3358;1241;1242;1243;9092;3364;6217;8539;3485;1304;1328;1351;4400;5377;9491;3495;9211;7257;7300;7327";3205 - Aşağıdaki önlisans programlarından birinden mezun olmak. | 1288 - Raylı Sistemler Teknolojisi | 8514 - Demiryolu Araçları | 8625 - Raylı Sistemler Makine Teknolojisi | 3207 - Aşağıdaki önlisans programlarından birinden mezun olmak. | 8515 - Demiryolu İnşaatı ve İşletmeciliği | 8627 - Raylı Sistemler Yol | 9055 - Raylı Sistemler Yol Teknolojisi | 9244 - Raylı Sistemler | 3225 - Aşağıdaki önlisans programlarından birinden mezun olmak. | 1201 - İnşaat | 8535 - İnşaat Teknikerliği | 9052 - İnşaat Teknolojisi | 3292 - Aşağıdaki önlisans programlarından birinden mezun olmak. | 6238 - Mekatronik | 9553 - Mekatronik Teknlojisi | 3318 - Aşağıdaki önlisans programlarından birinden mezun olmak. | 1312 - Tapu Kadastro Meslek Yüksekokulu | 8567 - Tapu ve Kadastro / Tapu Kadastro | 3319 - Aşağıdaki önlisans programlarından birinden mezun olmak. | 1187 - Harita | 1188 - Harita Kadastro / Harita ve Kadastro | 1189 - Harita ve Maden Ölçme | 8546 - Harita Teknikerliği | 3358 - Aşağıdaki önlisans programlarından birinden mezun olmak. | 1241 - Metal İşleri | 1242 - Metalografi ve Malzeme Muayenesi | 1243 - Metalurji Malzeme | 9092 - Metalurji | 3364 - Aşağıdaki önlisans programlarından birinden mezun olmak. | 6217 - Kaynak Teknolojisi | 8539 - Kaynakçılık | 3485 - Aşağıdaki önlisans programlarından birinden mezun olmak. | 1304 - Sıhhi Tesisat | 1328 - Tesisat Teknolojisi | 1351 - Yapı Donatım Teknolojisi | 4400 - Yapı | 5377 - Yapı Tesisat Teknolojisi | 9491 - Yapı İnşaat | 3495 - Aşağıdaki önlisans programlarından birinden mezun olmak. | 9211 - Tahribatsız Muayene | 7257 - Seyahate ve Arazide Çalışmaya Elverişli olmak. | 7300 - Bu kadro/pozisyonda vardiya sistemi uygulanmaktadır. | 7327 - (Bakınız Başvurma Özel Şartları Bölümü TCDD Genel Müdürlüğü).;0851481e-0a81-ed11-8117-a0369f7d1486
2022;2;202012999;Şehitkamil Belediye Başkanlığı;Tekniker;Gaziantep;Onlisans;6;;84.977;87.865;"3319;1187;1188;1189;8546;7257";3319 - Aşağıdaki önlisans programlarından birinden mezun olmak. | 1187 - Harita | 1188 - Harita Kadastro / Harita ve Kadastro | 1189 - Harita ve Maden Ölçme | 8546 - Harita Teknikerliği | 7257 - Seyahate ve Arazide Çalışmaya Elverişli olmak.;e14d481e-0a81-ed11-8117-a0369f7d1486
2022;2;202011550;Gelir İdaresi Başkanlığı;Hizmetli;Mersin;Onlisans;2;;84.957;85.451;3001;3001 - Herhangi bir önlisans programından mezun olmak.;334e481e-0a81-ed11-8117-a0369f7d1486
2022;2;202011263;Gelir İdaresi Başkanlığı;Hizmetli;Antalya;Onlisans;3;;84.956;85.348;3001;3001 - Herhangi bir önlisans programından mezun olmak.;e34c481e-0a81-ed11-8117-a0369f7d1486
2022;2;202011312;Gelir İdaresi Başkanlığı;Hizmetli;Bayburt;Onlisans;1;;84.913;84.913;3001;3001 - Herhangi bir önlisans programından mezun olmak.;fa50481e-0a81-ed11-8117-a0369f7d1486
2022;2;202011333;Gelir İdaresi Başkanlığı;Hizmetli;Bolu;Onlisans;1;;84.9;84.9;3001;3001 - Herhangi bir önlisans programından mezun olmak.;324d481e-0a81-ed11-8117-a0369f7d1486
2022;2;202012180;Gelir İdaresi Başkanlığı;Şoför;Elazığ;Onlisans;1;;84.894;84.894;"3001;6512;7302";3001 - Herhangi bir önlisans programından mezun olmak. | 6512 - D1 sınıfı sürücü belgesine sahip olmak | 7302 - Bakınız Başvurma Özel Şartları Bölümü Şoför;944d481e-0a81-ed11-8117-a0369f7d1486
2022;2;202010794;Devlet Hava Meydanları İşletmesi Genel Müdürlüğü;Tekniker;Hakkari;Onlisans;1;;84.869;84.869;"3292;6238;9553;7322";3292 - Aşağıdaki önlisans programlarından birinden mezun olmak. | 6238 - Mekatronik | 9553 - Mekatronik Teknlojisi | 7322 - (Bakınız Başvurma Özel Şartları Bölümü Devlet Hava Meydanları İşletmesi Genel Müdürlüğü).;164e481e-0a81-ed11-8117-a0369f7d1486
2022;2;202013006;T.C.Devlet Demiryolları İşletmesi Genel Müdürlüğü;Memur;Adana;Onlisans;2;;84.851;87.089;"3205;1288;8514;8625;3207;8515;8627;9055;9244;3225;1201;8535;9052;3292;6238;9553;3318;1312;8567;3319;1187;1188;1189;8546;3358;1241;1242;1243;9092;3364;6217;8539;3485;1304;1328;1351;4400;5377;9491;3495;9211;7257;7300;7327";3205 - Aşağıdaki önlisans programlarından birinden mezun olmak. | 1288 - Raylı Sistemler Teknolojisi | 8514 - Demiryolu Araçları | 8625 - Raylı Sistemler Makine Teknolojisi | 3207 - Aşağıdaki önlisans programlarından birinden mezun olmak. | 8515 - Demiryolu İnşaatı ve İşletmeciliği | 8627 - Raylı Sistemler Yol | 9055 - Raylı Sistemler Yol Teknolojisi | 9244 - Raylı Sistemler | 3225 - Aşağıdaki önlisans programlarından birinden mezun olmak. | 1201 - İnşaat | 8535 - İnşaat Teknikerliği | 9052 - İnşaat Teknolojisi | 3292 - Aşağıdaki önlisans programlarından birinden mezun olmak. | 6238 - Mekatronik | 9553 - Mekatronik Teknlojisi | 3318 - Aşağıdaki önlisans programlarından birinden mezun olmak. | 1312 - Tapu Kadastro Meslek Yüksekokulu | 8567 - Tapu ve Kadastro / Tapu Kadastro | 3319 - Aşağıdaki önlisans programlarından birinden mezun olmak. | 1187 - Harita | 1188 - Harita Kadastro / Harita ve Kadastro | 1189 - Harita ve Maden Ölçme | 8546 - Harita Teknikerliği | 3358 - Aşağıdaki önlisans programlarından birinden mezun olmak. | 1241 - Metal İşleri | 1242 - Metalografi ve Malzeme Muayenesi | 1243 - Metalurji Malzeme | 9092 - Metalurji | 3364 - Aşağıdaki önlisans programlarından birinden mezun olmak. | 6217 - Kaynak Teknolojisi | 8539 - Kaynakçılık | 3485 - Aşağıdaki önlisans programlarından birinden mezun olmak. | 1304 - Sıhhi Tesisat | 1328 - Tesisat Teknolojisi | 1351 - Yapı Donatım Teknolojisi | 4400 - Yapı | 5377 - Yapı Tesisat Teknolojisi | 9491 - Yapı İnşaat | 3495 - Aşağıdaki önlisans programlarından birinden mezun olmak. | 9211 - Tahribatsız Muayene | 7257 - Seyahate ve Arazide Çalışmaya Elverişli olmak. | 7300 - Bu kadro/pozisyonda vardiya sistemi uygulanmaktadır. | 7327 - (Bakınız Başvurma Özel Şartları Bölümü TCDD Genel Müdürlüğü).;e54b481e-0a81-ed11-8117-a0369f7d1486
2022;2;202012698;Kafkas Üniversitesi;Bilgisayar İşletmeni;Kars;Onlisans;2;;84.845;84.861;"3248;1119;1123;4221;4223;4321;8507;9075;3249;1121;1122;1353;4399;8506;9473;3253;1120;4218;8501;8504;6225";3248 - Aşağıdaki önlisans programlarından birinden mezun olmak. | 1119 - Bilgisayar Donanımı | 1123 - Bilgisayar ve Enformasyon Sistemleri | 4221 - Bilgisayar Teknolojileri ve Bilişim Sistemleri | 4223 - Bilişim Sistemleri ve Teknolojileri | 4321 - Muhabere ve Elektronik Bilgi Sistemleri | 8507 - Bilgisayar Teknolojileri ve Yönetimi | 9075 - Bilgisayar Teknolojisi | 3249 - Aşağıdaki önlisans programlarından birinden mezun olmak. | 1121 - Bilgisayar Programcılığı | 1122 - Bilgisayar Teknolojisi ve Programlama | 1353 - Bilgisayar Programcılığı (Internet) | 4399 - Web Teknolojileri ve Programlama | 8506 - Bilgisayar Programlama | 9473 - Bilgisayar Bilimleri | 3253 - Aşağıdaki önlisans programlarından birinden mezun olmak. | 1120 - Bilgisayar Operatörlüğü ve Teknikerliği | 4218 - Bilgisayar | 8501 - Bilgisayar Operatörlüğü | 8504 - Bilgi İşlem | 6225 - M.E.B.'Dan Onaylı Bilgisayar İşletmeni Sertifikası Sahibi olmak.;d04e481e-0a81-ed11-8117-a0369f7d1486
2022;2;202012110;Gelir İdaresi Başkanlığı;Şoför;Bilecik;Onlisans;1;;84.842;84.842;"3001;6512;7302";3001 - Herhangi bir önlisans programından mezun olmak. | 6512 - D1 sınıfı sürücü belgesine sahip olmak | 7302 - Bakınız Başvurma Özel Şartları Bölümü Şoför;164d481e-0a81-ed11-8117-a0369f7d1486
2022;2;202013272;T.C.Devlet Demiryolları İşletmesi Genel Müdürlüğü;Memur;Tekirdağ;Onlisans;2;;84.821;85.728;"3206;8621;3291;1160;1221;5330;8542;8551;9069;3292;6238;9553;3293;1137;1153;1154;1159;8524;9068;9544;3297;1180;1181;6155;6327;9067;3307;1165;5333;9065;7257;7300;7327";3206 - Aşağıdaki önlisans programlarından birinden mezun olmak. | 8621 - Raylı Sistemler Elektrik-Elektronik Teknolojisi / Raylı Sistemler Elektrik ve Elektronik Teknolojisi | 3291 - Aşağıdaki önlisans programlarından birinden mezun olmak. | 1160 - Endüstriyel Otomasyon Teknolojisi | 1221 - Kontrol Sistemleri Teknolojisi | 5330 - Endüstriyel Otomasyon | 8542 - Kontrol ve Ölçü Aletleri | 8551 - Otomasyon | 9069 - Kontrol ve Otomasyon Teknolojisi | 3292 - Aşağıdaki önlisans programlarından birinden mezun olmak. | 6238 - Mekatronik | 9553 - Mekatronik Teknlojisi | 3293 - Aşağıdaki önlisans programlarından birinden mezun olmak. | 1137 - Deniz Elektroniği | 1153 - Elektrik-Elektronik | 1154 - Elektronik | 1159 - Endüstriyel Elektronik | 8524 - Elektrik-Elektronik Teknikerliği | 9068 - Elektronik Teknolojisi | 9544 - Elektrik ve Elektronik Teknolojisi | 3297 - Aşağıdaki önlisans programlarından birinden mezun olmak. | 1180 - Haberleşme | 1181 - Haberleşme Teknolojisi | 6155 - Elektronik Haberleşme | 6327 - Telekomünikasyon | 9067 - Elektronik Haberleşme Teknolojisi | 3307 - Aşağıdaki önlisans programlarından birinden mezun olmak. | 1165 - Ev Cihazları Teknolojisi | 5333 - Ev Gereçleri | 9065 - Elektrikli Cihaz Teknolojisi | 7257 - Seyahate ve Arazide Çalışmaya Elverişli olmak. | 7300 - Bu kadro/pozisyonda vardiya sistemi uygulanmaktadır. | 7327 - (Bakınız Başvurma Özel Şartları Bölümü TCDD Genel Müdürlüğü).;3c50481e-0a81-ed11-8117-a0369f7d1486
2022;2;202011039;Dokuz Eylül Üniversitesi;Sağlık Teknikeri;İzmir;Onlisans;1;;84.788;84.788;"3011;1103;1104;1144;8518;3013;1143;8519;9081";3011 - Aşağıdaki önlisans programlarından birinden mezun olmak. | 1103 - Ağız Diş Sağlığı | 1104 - Ağız ve Diş Sağlığı | 1144 - Diş Teknik Sekreterliği | 8518 - Diş Hekimliği-Hijyen | 3013 - Aşağıdaki önlisans programlarından birinden mezun olmak. | 1143 - Diş Protez | 8519 - Diş Protez Teknikerliği | 9081 - Diş Protez Teknolojisi;a94e481e-0a81-ed11-8117-a0369f7d1486
2022;2;202013447;Toprak Mahsulleri Ofisi Genel Müdürlüğü;İtfaiyeci;Afyonkarahisar;Onlisans;2;;84.765;85.198;"3331;1208;8537;9023;7300;7324";3331 - Aşağıdaki önlisans programlarından birinden mezun olmak. | 1208 - İtfaiyecilik ve Yangın Güvenliği | 8537 - İtfaiyecilik ve Sivil Savunma | 9023 - Sivil Savunma ve İtfaiyecilik | 7300 - Bu kadro/pozisyonda vardiya sistemi uygulanmaktadır. | 7324 - (Bakınız Başvurma Özel Şartları Bölümü Toprak Mahsulleri Ofisi Genel Müdürlüğü).;024c481e-0a81-ed11-8117-a0369f7d1486
2022;2;202013258;T.C.Devlet Demiryolları İşletmesi Genel Müdürlüğü;Memur;Tekirdağ;Onlisans;1;;84.762;84.762;"3205;1288;8514;8625;3207;8515;8627;9055;9244;3225;1201;8535;9052;3292;6238;9553;3318;1312;8567;3319;1187;1188;1189;8546;3358;1241;1242;1243;9092;3364;6217;8539;3485;1304;1328;1351;4400;5377;9491;3495;9211;7257;7300;7327";3205 - Aşağıdaki önlisans programlarından birinden mezun olmak. | 1288 - Raylı Sistemler Teknolojisi | 8514 - Demiryolu Araçları | 8625 - Raylı Sistemler Makine Teknolojisi | 3207 - Aşağıdaki önlisans programlarından birinden mezun olmak. | 8515 - Demiryolu İnşaatı ve İşletmeciliği | 8627 - Raylı Sistemler Yol | 9055 - Raylı Sistemler Yol Teknolojisi | 9244 - Raylı Sistemler | 3225 - Aşağıdaki önlisans programlarından birinden mezun olmak. | 1201 - İnşaat | 8535 - İnşaat Teknikerliği | 9052 - İnşaat Teknolojisi | 3292 - Aşağıdaki önlisans programlarından birinden mezun olmak. | 6238 - Mekatronik | 9553 - Mekatronik Teknlojisi | 3318 - Aşağıdaki önlisans programlarından birinden mezun olmak. | 1312 - Tapu Kadastro Meslek Yüksekokulu | 8567 - Tapu ve Kadastro / Tapu Kadastro | 3319 - Aşağıdaki önlisans programlarından birinden mezun olmak. | 1187 - Harita | 1188 - Harita Kadastro / Harita ve Kadastro | 1189 - Harita ve Maden Ölçme | 8546 - Harita Teknikerliği | 3358 - Aşağıdaki önlisans programlarından birinden mezun olmak. | 1241 - Metal İşleri | 1242 - Metalografi ve Malzeme Muayenesi | 1243 - Metalurji Malzeme | 9092 - Metalurji | 3364 - Aşağıdaki önlisans programlarından birinden mezun olmak. | 6217 - Kaynak Teknolojisi | 8539 - Kaynakçılık | 3485 - Aşağıdaki önlisans programlarından birinden mezun olmak. | 1304 - Sıhhi Tesisat | 1328 - Tesisat Teknolojisi | 1351 - Yapı Donatım Teknolojisi | 4400 - Yapı | 5377 - Yapı Tesisat Teknolojisi | 9491 - Yapı İnşaat | 3495 - Aşağıdaki önlisans programlarından birinden mezun olmak. | 9211 - Tahribatsız Muayene | 7257 - Seyahate ve Arazide Çalışmaya Elverişli olmak. | 7300 - Bu kadro/pozisyonda vardiya sistemi uygulanmaktadır. | 7327 - (Bakınız Başvurma Özel Şartları Bölümü TCDD Genel Müdürlüğü).;3a50481e-0a81-ed11-8117-a0369f7d1486
2022;2;202011424;Gelir İdaresi Başkanlığı;Hizmetli;Giresun;Onlisans;1;;84.757;84.757;3001;3001 - Herhangi bir önlisans programından mezun olmak.;f74d481e-0a81-ed11-8117-a0369f7d1486
2022;2;202011228;Gelir İdaresi Başkanlığı;Hizmetli;Ağrı;Onlisans;2;;84.744;85.026;3001;3001 - Herhangi bir önlisans programından mezun olmak.;264c481e-0a81-ed11-8117-a0369f7d1486
2022;2;202013146;T.C.Devlet Demiryolları İşletmesi Genel Müdürlüğü;Memur;İzmir;Onlisans;1;;84.744;84.744;"3206;8621;3291;1160;1221;5330;8542;8551;9069;3292;6238;9553;3293;1137;1153;1154;1159;8524;9068;9544;3297;1180;1181;6155;6327;9067;3307;1165;5333;9065;7257;7300;7327";3206 - Aşağıdaki önlisans programlarından birinden mezun olmak. | 8621 - Raylı Sistemler Elektrik-Elektronik Teknolojisi / Raylı Sistemler Elektrik ve Elektronik Teknolojisi | 3291 - Aşağıdaki önlisans programlarından birinden mezun olmak. | 1160 - Endüstriyel Otomasyon Teknolojisi | 1221 - Kontrol Sistemleri Teknolojisi | 5330 - Endüstriyel Otomasyon | 8542 - Kontrol ve Ölçü Aletleri | 8551 - Otomasyon | 9069 - Kontrol ve Otomasyon Teknolojisi | 3292 - Aşağıdaki önlisans programlarından birinden mezun olmak. | 6238 - Mekatronik | 9553 - Mekatronik Teknlojisi | 3293 - Aşağıdaki önlisans programlarından birinden mezun olmak. | 1137 - Deniz Elektroniği | 1153 - Elektrik-Elektronik | 1154 - Elektronik | 1159 - Endüstriyel Elektronik | 8524 - Elektrik-Elektronik Teknikerliği | 9068 - Elektronik Teknolojisi | 9544 - Elektrik ve Elektronik Teknolojisi | 3297 - Aşağıdaki önlisans programlarından birinden mezun olmak. | 1180 - Haberleşme | 1181 - Haberleşme Teknolojisi | 6155 - Elektronik Haberleşme | 6327 - Telekomünikasyon | 9067 - Elektronik Haberleşme Teknolojisi | 3307 - Aşağıdaki önlisans programlarından birinden mezun olmak. | 1165 - Ev Cihazları Teknolojisi | 5333 - Ev Gereçleri | 9065 - Elektrikli Cihaz Teknolojisi | 7257 - Seyahate ve Arazide Çalışmaya Elverişli olmak. | 7300 - Bu kadro/pozisyonda vardiya sistemi uygulanmaktadır. | 7327 - (Bakınız Başvurma Özel Şartları Bölümü TCDD Genel Müdürlüğü).;b14e481e-0a81-ed11-8117-a0369f7d1486
2022;2;202013139;T.C.Devlet Demiryolları İşletmesi Genel Müdürlüğü;Memur;İzmir;Onlisans;3;;84.736;86.715;"3206;8621;3287;4256;6197;8571;9063;3290;1152;9213;3293;1137;1153;1154;1159;8524;9068;9544;7257;7300;7327";3206 - Aşağıdaki önlisans programlarından birinden mezun olmak. | 8621 - Raylı Sistemler Elektrik-Elektronik Teknolojisi / Raylı Sistemler Elektrik ve Elektronik Teknolojisi | 3287 - Aşağıdaki önlisans programlarından birinden mezun olmak. | 4256 - Enerji | 6197 - Hidroelektrik Santralları / Hidroelektrik Santralleri | 8571 - Termik Santrallerde Enerji Üretimi | 9063 - Elektrik Enerjisi Üretim, İletim ve Dağıtımı | 3290 - Aşağıdaki önlisans programlarından birinden mezun olmak. | 1152 - Elektrik | 9213 - Elektrik Teknolojisi | 3293 - Aşağıdaki önlisans programlarından birinden mezun olmak. | 1137 - Deniz Elektroniği | 1153 - Elektrik-Elektronik | 1154 - Elektronik | 1159 - Endüstriyel Elektronik | 8524 - Elektrik-Elektronik Teknikerliği | 9068 - Elektronik Teknolojisi | 9544 - Elektrik ve Elektronik Teknolojisi | 7257 - Seyahate ve Arazide Çalışmaya Elverişli olmak. | 7300 - Bu kadro/pozisyonda vardiya sistemi uygulanmaktadır. | 7327 - (Bakınız Başvurma Özel Şartları Bölümü TCDD Genel Müdürlüğü).;b04e481e-0a81-ed11-8117-a0369f7d1486
2022;2;202011417;Gelir İdaresi Başkanlığı;Hizmetli;Gaziantep;Onlisans;2;;84.734;84.83;3001;3001 - Herhangi bir önlisans programından mezun olmak.;dd4d481e-0a81-ed11-8117-a0369f7d1486
2022;2;202011501;Gelir İdaresi Başkanlığı;Hizmetli;Kırşehir;Onlisans;1;;84.721;84.721;3001;3001 - Herhangi bir önlisans programından mezun olmak.;0b4f481e-0a81-ed11-8117-a0369f7d1486
2022;2;202012026;Gelir İdaresi Başkanlığı;Şoför;Adana;Onlisans;2;;84.7;86.425;"3001;6512;7302";3001 - Herhangi bir önlisans programından mezun olmak. | 6512 - D1 sınıfı sürücü belgesine sahip olmak | 7302 - Bakınız Başvurma Özel Şartları Bölümü Şoför;e44b481e-0a81-ed11-8117-a0369f7d1486
2022;2;202011564;Gelir İdaresi Başkanlığı;Hizmetli;Muş;Onlisans;1;;84.697;84.697;3001;3001 - Herhangi bir önlisans programından mezun olmak.;9c4f481e-0a81-ed11-8117-a0369f7d1486
2022;2;202013209;T.C.Devlet Demiryolları İşletmesi Genel Müdürlüğü;Memur;Niğde;Onlisans;1;;84.689;84.689;"3205;1288;8514;8625;3207;8515;8627;9055;9244;3225;1201;8535;9052;3292;6238;9553;3318;1312;8567;3319;1187;1188;1189;8546;3358;1241;1242;1243;9092;3364;6217;8539;3485;1304;1328;1351;4400;5377;9491;3495;9211;7257;7300;7327";3205 - Aşağıdaki önlisans programlarından birinden mezun olmak. | 1288 - Raylı Sistemler Teknolojisi | 8514 - Demiryolu Araçları | 8625 - Raylı Sistemler Makine Teknolojisi | 3207 - Aşağıdaki önlisans programlarından birinden mezun olmak. | 8515 - Demiryolu İnşaatı ve İşletmeciliği | 8627 - Raylı Sistemler Yol | 9055 - Raylı Sistemler Yol Teknolojisi | 9244 - Raylı Sistemler | 3225 - Aşağıdaki önlisans programlarından birinden mezun olmak. | 1201 - İnşaat | 8535 - İnşaat Teknikerliği | 9052 - İnşaat Teknolojisi | 3292 - Aşağıdaki önlisans programlarından birinden mezun olmak. | 6238 - Mekatronik | 9553 - Mekatronik Teknlojisi | 3318 - Aşağıdaki önlisans programlarından birinden mezun olmak. | 1312 - Tapu Kadastro Meslek Yüksekokulu | 8567 - Tapu ve Kadastro / Tapu Kadastro | 3319 - Aşağıdaki önlisans programlarından birinden mezun olmak. | 1187 - Harita | 1188 - Harita Kadastro / Harita ve Kadastro | 1189 - Harita ve Maden Ölçme | 8546 - Harita Teknikerliği | 3358 - Aşağıdaki önlisans programlarından birinden mezun olmak. | 1241 - Metal İşleri | 1242 - Metalografi ve Malzeme Muayenesi | 1243 - Metalurji Malzeme | 9092 - Metalurji | 3364 - Aşağıdaki önlisans programlarından birinden mezun olmak. | 6217 - Kaynak Teknolojisi | 8539 - Kaynakçılık | 3485 - Aşağıdaki önlisans programlarından birinden mezun olmak. | 1304 - Sıhhi Tesisat | 1328 - Tesisat Teknolojisi | 1351 - Yapı Donatım Teknolojisi | 4400 - Yapı | 5377 - Yapı Tesisat Teknolojisi | 9491 - Yapı İnşaat | 3495 - Aşağıdaki önlisans programlarından birinden mezun olmak. | 9211 - Tahribatsız Muayene | 7257 - Seyahate ve Arazide Çalışmaya Elverişli olmak. | 7300 - Bu kadro/pozisyonda vardiya sistemi uygulanmaktadır. | 7327 - (Bakınız Başvurma Özel Şartları Bölümü TCDD Genel Müdürlüğü).;b84f481e-0a81-ed11-8117-a0369f7d1486
2022;2;202011298;Gelir İdaresi Başkanlığı;Hizmetli;Bartın;Onlisans;1;;84.651;84.651;3001;3001 - Herhangi bir önlisans programından mezun olmak.;3051481e-0a81-ed11-8117-a0369f7d1486
2022;2;202011249;Gelir İdaresi Başkanlığı;Hizmetli;Ankara;Onlisans;8;;84.646;90.578;3001;3001 - Herhangi bir önlisans programından mezun olmak.;c34c481e-0a81-ed11-8117-a0369f7d1486
2022;2;202011081;Ege Üniversitesi;Memur;İzmir;Onlisans;2;;84.627;86.148;"3179;1129;1130;5351;8510;8560;9074";3179 - Aşağıdaki önlisans programlarından birinden mezun olmak. | 1129 - Büro Yönetimi | 1130 - Büro Yönetimi ve Sekreterlik | 5351 - Ofis Teknolojileri ve Yönetimi | 8510 - Büro Yönetimi ve Yönetici Asistanlığı | 8560 - Sekreterlik | 9074 - Büro Hizmetleri ve Yönetici Asistanlığı;ac4e481e-0a81-ed11-8117-a0369f7d1486
2022;2;202013874;Yükseköğretim Kurulu Başkanlığı;Aşçı;Ankara;Onlisans;1;;84.601;84.601;"3222;1110;1196;1250;8578;8599;9501";3222 - Aşağıdaki önlisans programlarından birinden mezun olmak. | 1110 - Aşçılık | 1196 - Hazır Yemek ve Aşçılık | 1250 - Mutfak Yönetimi | 8578 - Yemek Pişirme Teknikleri | 8599 - Gastronomi ve Mutfak Sanatları | 9501 - Gemi Aşçılığı;a24c481e-0a81-ed11-8117-a0369f7d1486
2022;2;202011473;Gelir İdaresi Başkanlığı;Hizmetli;Kahramanmaraş;Onlisans;2;;84.579;84.933;3001;3001 - Herhangi bir önlisans programından mezun olmak.;864f481e-0a81-ed11-8117-a0369f7d1486
2022;2;202011606;Gelir İdaresi Başkanlığı;Hizmetli;Şanlıurfa;Onlisans;5;;84.571;85.283;3001;3001 - Herhangi bir önlisans programından mezun olmak.;7750481e-0a81-ed11-8117-a0369f7d1486
2022;2;202011522;Gelir İdaresi Başkanlığı;Hizmetli;Konya;Onlisans;2;;84.561;84.61;3001;3001 - Herhangi bir önlisans programından mezun olmak.;424f481e-0a81-ed11-8117-a0369f7d1486
2022;2;202010374;Darphane ve Damga Matbaası Genel Müdürlüğü;Memur;İstanbul;Onlisans;1;;84.549;84.549;"3179;1129;1130;5351;8510;8560;9074";3179 - Aşağıdaki önlisans programlarından birinden mezun olmak. | 1129 - Büro Yönetimi | 1130 - Büro Yönetimi ve Sekreterlik | 5351 - Ofis Teknolojileri ve Yönetimi | 8510 - Büro Yönetimi ve Yönetici Asistanlığı | 8560 - Sekreterlik | 9074 - Büro Hizmetleri ve Yönetici Asistanlığı;8c4e481e-0a81-ed11-8117-a0369f7d1486
2022;2;202011361;Gelir İdaresi Başkanlığı;Hizmetli;Denizli;Onlisans;2;;84.547;85.786;3001;3001 - Herhangi bir önlisans programından mezun olmak.;764d481e-0a81-ed11-8117-a0369f7d1486
2022;2;202010962;Devlet Hava Meydanları İşletmesi Genel Müdürlüğü;Tekniker;Şırnak;Onlisans;1;;84.544;84.544;"3292;6238;9553;7322";3292 - Aşağıdaki önlisans programlarından birinden mezun olmak. | 6238 - Mekatronik | 9553 - Mekatronik Teknlojisi | 7322 - (Bakınız Başvurma Özel Şartları Bölümü Devlet Hava Meydanları İşletmesi Genel Müdürlüğü).;1f51481e-0a81-ed11-8117-a0369f7d1486
2022;2;202011466;Gelir İdaresi Başkanlığı;Hizmetli;İzmir;Onlisans;7;;84.517;88.719;3001;3001 - Herhangi bir önlisans programından mezun olmak.;ae4e481e-0a81-ed11-8117-a0369f7d1486
2022;2;202011277;Gelir İdaresi Başkanlığı;Hizmetli;Artvin;Onlisans;1;;84.516;84.516;3001;3001 - Herhangi bir önlisans programından mezun olmak.;f44c481e-0a81-ed11-8117-a0369f7d1486
2022;2;202013510;Toprak Mahsulleri Ofisi Genel Müdürlüğü;Memur;Kırşehir;Onlisans;1;;84.513;84.513;"3290;1152;9213;7324";3290 - Aşağıdaki önlisans programlarından birinden mezun olmak. | 1152 - Elektrik | 9213 - Elektrik Teknolojisi | 7324 - (Bakınız Başvurma Özel Şartları Bölümü Toprak Mahsulleri Ofisi Genel Müdürlüğü).;094f481e-0a81-ed11-8117-a0369f7d1486
2022;2;202011410;Gelir İdaresi Başkanlığı;Hizmetli;Eskişehir;Onlisans;2;;84.488;85.775;3001;3001 - Herhangi bir önlisans programından mezun olmak.;d74d481e-0a81-ed11-8117-a0369f7d1486
2022;2;202011634;Gelir İdaresi Başkanlığı;Hizmetli;Trabzon;Onlisans;1;;84.475;84.475;3001;3001 - Herhangi bir önlisans programından mezun olmak.;5a50481e-0a81-ed11-8117-a0369f7d1486
2022;2;202013111;T.C.Devlet Demiryolları İşletmesi Genel Müdürlüğü;Memur;Gaziantep;Onlisans;3;;84.472;87.619;"3205;1288;8514;8625;3207;8515;8627;9055;9244;3225;1201;8535;9052;3292;6238;9553;3318;1312;8567;3319;1187;1188;1189;8546;3358;1241;1242;1243;9092;3364;6217;8539;3485;1304;1328;1351;4400;5377;9491;3495;9211;7257;7300;7327";3205 - Aşağıdaki önlisans programlarından birinden mezun olmak. | 1288 - Raylı Sistemler Teknolojisi | 8514 - Demiryolu Araçları | 8625 - Raylı Sistemler Makine Teknolojisi | 3207 - Aşağıdaki önlisans programlarından birinden mezun olmak. | 8515 - Demiryolu İnşaatı ve İşletmeciliği | 8627 - Raylı Sistemler Yol | 9055 - Raylı Sistemler Yol Teknolojisi | 9244 - Raylı Sistemler | 3225 - Aşağıdaki önlisans programlarından birinden mezun olmak. | 1201 - İnşaat | 8535 - İnşaat Teknikerliği | 9052 - İnşaat Teknolojisi | 3292 - Aşağıdaki önlisans programlarından birinden mezun olmak. | 6238 - Mekatronik | 9553 - Mekatronik Teknlojisi | 3318 - Aşağıdaki önlisans programlarından birinden mezun olmak. | 1312 - Tapu Kadastro Meslek Yüksekokulu | 8567 - Tapu ve Kadastro / Tapu Kadastro | 3319 - Aşağıdaki önlisans programlarından birinden mezun olmak. | 1187 - Harita | 1188 - Harita Kadastro / Harita ve Kadastro | 1189 - Harita ve Maden Ölçme | 8546 - Harita Teknikerliği | 3358 - Aşağıdaki önlisans programlarından birinden mezun olmak. | 1241 - Metal İşleri | 1242 - Metalografi ve Malzeme Muayenesi | 1243 - Metalurji Malzeme | 9092 - Metalurji | 3364 - Aşağıdaki önlisans programlarından birinden mezun olmak. | 6217 - Kaynak Teknolojisi | 8539 - Kaynakçılık | 3485 - Aşağıdaki önlisans programlarından birinden mezun olmak. | 1304 - Sıhhi Tesisat | 1328 - Tesisat Teknolojisi | 1351 - Yapı Donatım Teknolojisi | 4400 - Yapı | 5377 - Yapı Tesisat Teknolojisi | 9491 - Yapı İnşaat | 3495 - Aşağıdaki önlisans programlarından birinden mezun olmak. | 9211 - Tahribatsız Muayene | 7257 - Seyahate ve Arazide Çalışmaya Elverişli olmak. | 7300 - Bu kadro/pozisyonda vardiya sistemi uygulanmaktadır. | 7327 - (Bakınız Başvurma Özel Şartları Bölümü TCDD Genel Müdürlüğü).;e24d481e-0a81-ed11-8117-a0369f7d1486
2022;2;202010367;Çukurova Üniversitesi;Tekniker;Adana;Onlisans;1;;84.441;84.441;"3347;1218;1247";3347 - Aşağıdaki önlisans programlarından birinden mezun olmak. | 1218 - Kimya | 1247 - Kimya Teknolojisi;df4b481e-0a81-ed11-8117-a0369f7d1486
2022;2;202013230;T.C.Devlet Demiryolları İşletmesi Genel Müdürlüğü;Memur;Osmaniye;Onlisans;1;;84.431;84.431;"3205;1288;8514;8625;3207;8515;8627;9055;9244;3225;1201;8535;9052;3292;6238;9553;3318;1312;8567;3319;1187;1188;1189;8546;3358;1241;1242;1243;9092;3364;6217;8539;3485;1304;1328;1351;4400;5377;9491;3495;9211;7257;7300;7327";3205 - Aşağıdaki önlisans programlarından birinden mezun olmak. | 1288 - Raylı Sistemler Teknolojisi | 8514 - Demiryolu Araçları | 8625 - Raylı Sistemler Makine Teknolojisi | 3207 - Aşağıdaki önlisans programlarından birinden mezun olmak. | 8515 - Demiryolu İnşaatı ve İşletmeciliği | 8627 - Raylı Sistemler Yol | 9055 - Raylı Sistemler Yol Teknolojisi | 9244 - Raylı Sistemler | 3225 - Aşağıdaki önlisans programlarından birinden mezun olmak. | 1201 - İnşaat | 8535 - İnşaat Teknikerliği | 9052 - İnşaat Teknolojisi | 3292 - Aşağıdaki önlisans programlarından birinden mezun olmak. | 6238 - Mekatronik | 9553 - Mekatronik Teknlojisi | 3318 - Aşağıdaki önlisans programlarından birinden mezun olmak. | 1312 - Tapu Kadastro Meslek Yüksekokulu | 8567 - Tapu ve Kadastro / Tapu Kadastro | 3319 - Aşağıdaki önlisans programlarından birinden mezun olmak. | 1187 - Harita | 1188 - Harita Kadastro / Harita ve Kadastro | 1189 - Harita ve Maden Ölçme | 8546 - Harita Teknikerliği | 3358 - Aşağıdaki önlisans programlarından birinden mezun olmak. | 1241 - Metal İşleri | 1242 - Metalografi ve Malzeme Muayenesi | 1243 - Metalurji Malzeme | 9092 - Metalurji | 3364 - Aşağıdaki önlisans programlarından birinden mezun olmak. | 6217 - Kaynak Teknolojisi | 8539 - Kaynakçılık | 3485 - Aşağıdaki önlisans programlarından birinden mezun olmak. | 1304 - Sıhhi Tesisat | 1328 - Tesisat Teknolojisi | 1351 - Yapı Donatım Teknolojisi | 4400 - Yapı | 5377 - Yapı Tesisat Teknolojisi | 9491 - Yapı İnşaat | 3495 - Aşağıdaki önlisans programlarından birinden mezun olmak. | 9211 - Tahribatsız Muayene | 7257 - Seyahate ve Arazide Çalışmaya Elverişli olmak. | 7300 - Bu kadro/pozisyonda vardiya sistemi uygulanmaktadır. | 7327 - (Bakınız Başvurma Özel Şartları Bölümü TCDD Genel Müdürlüğü).;6b51481e-0a81-ed11-8117-a0369f7d1486
2022;2;202011536;Gelir İdaresi Başkanlığı;Hizmetli;Manisa;Onlisans;2;;84.428;85.257;3001;3001 - Herhangi bir önlisans programından mezun olmak.;724f481e-0a81-ed11-8117-a0369f7d1486
2022;2;202011284;Gelir İdaresi Başkanlığı;Hizmetli;Aydın;Onlisans;2;;84.407;85.9;3001;3001 - Herhangi bir önlisans programından mezun olmak.;f74c481e-0a81-ed11-8117-a0369f7d1486
2022;2;202013699;Türkiye Raylı Sistem Araçları Sanayii Anonim Şirketi;Tekniker;Sivas;Onlisans;1;;84.395;84.395;"3331;1208;8537;9023";3331 - Aşağıdaki önlisans programlarından birinden mezun olmak. | 1208 - İtfaiyecilik ve Yangın Güvenliği | 8537 - İtfaiyecilik ve Sivil Savunma | 9023 - Sivil Savunma ve İtfaiyecilik;2950481e-0a81-ed11-8117-a0369f7d1486
2022;2;202013545;Toprak Mahsulleri Ofisi Genel Müdürlüğü;Memur;Şanlıurfa;Onlisans;1;;84.382;84.382;"3290;1152;9213;7324";3290 - Aşağıdaki önlisans programlarından birinden mezun olmak. | 1152 - Elektrik | 9213 - Elektrik Teknolojisi | 7324 - (Bakınız Başvurma Özel Şartları Bölümü Toprak Mahsulleri Ofisi Genel Müdürlüğü).;7350481e-0a81-ed11-8117-a0369f7d1486
2022;2;202013188;T.C.Devlet Demiryolları İşletmesi Genel Müdürlüğü;Memur;Kütahya;Onlisans;1;;84.376;84.376;"3206;8621;3287;4256;6197;8571;9063;3290;1152;9213;3293;1137;1153;1154;1159;8524;9068;9544;7257;7300;7327";3206 - Aşağıdaki önlisans programlarından birinden mezun olmak. | 8621 - Raylı Sistemler Elektrik-Elektronik Teknolojisi / Raylı Sistemler Elektrik ve Elektronik Teknolojisi | 3287 - Aşağıdaki önlisans programlarından birinden mezun olmak. | 4256 - Enerji | 6197 - Hidroelektrik Santralları / Hidroelektrik Santralleri | 8571 - Termik Santrallerde Enerji Üretimi | 9063 - Elektrik Enerjisi Üretim, İletim ve Dağıtımı | 3290 - Aşağıdaki önlisans programlarından birinden mezun olmak. | 1152 - Elektrik | 9213 - Elektrik Teknolojisi | 3293 - Aşağıdaki önlisans programlarından birinden mezun olmak. | 1137 - Deniz Elektroniği | 1153 - Elektrik-Elektronik | 1154 - Elektronik | 1159 - Endüstriyel Elektronik | 8524 - Elektrik-Elektronik Teknikerliği | 9068 - Elektronik Teknolojisi | 9544 - Elektrik ve Elektronik Teknolojisi | 7257 - Seyahate ve Arazide Çalışmaya Elverişli olmak. | 7300 - Bu kadro/pozisyonda vardiya sistemi uygulanmaktadır. | 7327 - (Bakınız Başvurma Özel Şartları Bölümü TCDD Genel Müdürlüğü).;444f481e-0a81-ed11-8117-a0369f7d1486
2022;2;202013783;Ulaştırma ve Altyapı Bakanlığı;Veri Hazırlama ve Kontrol İşletmeni;Balıkesir;Onlisans;1;;84.352;84.352;"3173;1117;1124;1249;9032;9331;6225";3173 - Aşağıdaki önlisans programlarından birinden mezun olmak. | 1117 - Bilgisayar Destekli Muhasebe | 1124 - Bilgisayarlı Muhasebe ve Vergi Uygulama | 1249 - Muhasebe | 9032 - Muhasebe ve Vergi Uygulamaları | 9331 - İşletme-Muhasebe | 6225 - M.E.B.'Dan Onaylı Bilgisayar İşletmeni Sertifikası Sahibi olmak.;064d481e-0a81-ed11-8117-a0369f7d1486
2022;2;202011291;Gelir İdaresi Başkanlığı;Hizmetli;Balıkesir;Onlisans;2;;84.348;84.827;3001;3001 - Herhangi bir önlisans programından mezun olmak.;0b4d481e-0a81-ed11-8117-a0369f7d1486
2022;2;202013881;Yükseköğretim Kurulu Başkanlığı;Sekreter;Ankara;Onlisans;3;;84.337;92.413;"3179;1129;1130;5351;8510;8560;9074";3179 - Aşağıdaki önlisans programlarından birinden mezun olmak. | 1129 - Büro Yönetimi | 1130 - Büro Yönetimi ve Sekreterlik | 5351 - Ofis Teknolojileri ve Yönetimi | 8510 - Büro Yönetimi ve Yönetici Asistanlığı | 8560 - Sekreterlik | 9074 - Büro Hizmetleri ve Yönetici Asistanlığı;a34c481e-0a81-ed11-8117-a0369f7d1486
2022;2;202011354;Gelir İdaresi Başkanlığı;Hizmetli;Çankırı;Onlisans;1;;84.317;84.317;3001;3001 - Herhangi bir önlisans programından mezun olmak.;654d481e-0a81-ed11-8117-a0369f7d1486
2022;2;202011270;Gelir İdaresi Başkanlığı;Hizmetli;Ardahan;Onlisans;1;;84.286;84.286;3001;3001 - Herhangi bir önlisans programından mezun olmak.;3951481e-0a81-ed11-8117-a0369f7d1486
2022;2;202011662;Gelir İdaresi Başkanlığı;Hizmetli;Zonguldak;Onlisans;1;;84.281;84.281;3001;3001 - Herhangi bir önlisans programından mezun olmak.;e550481e-0a81-ed11-8117-a0369f7d1486
2022;2;202013020;T.C.Devlet Demiryolları İşletmesi Genel Müdürlüğü;Memur;Adana;Onlisans;2;;84.28;85.92;"3206;8621;3291;1160;1221;5330;8542;8551;9069;3292;6238;9553;3293;1137;1153;1154;1159;8524;9068;9544;3297;1180;1181;6155;6327;9067;3307;1165;5333;9065;7257;7300;7327";3206 - Aşağıdaki önlisans programlarından birinden mezun olmak. | 8621 - Raylı Sistemler Elektrik-Elektronik Teknolojisi / Raylı Sistemler Elektrik ve Elektronik Teknolojisi | 3291 - Aşağıdaki önlisans programlarından birinden mezun olmak. | 1160 - Endüstriyel Otomasyon Teknolojisi | 1221 - Kontrol Sistemleri Teknolojisi | 5330 - Endüstriyel Otomasyon | 8542 - Kontrol ve Ölçü Aletleri | 8551 - Otomasyon | 9069 - Kontrol ve Otomasyon Teknolojisi | 3292 - Aşağıdaki önlisans programlarından birinden mezun olmak. | 6238 - Mekatronik | 9553 - Mekatronik Teknlojisi | 3293 - Aşağıdaki önlisans programlarından birinden mezun olmak. | 1137 - Deniz Elektroniği | 1153 - Elektrik-Elektronik | 1154 - Elektronik | 1159 - Endüstriyel Elektronik | 8524 - Elektrik-Elektronik Teknikerliği | 9068 - Elektronik Teknolojisi | 9544 - Elektrik ve Elektronik Teknolojisi | 3297 - Aşağıdaki önlisans programlarından birinden mezun olmak. | 1180 - Haberleşme | 1181 - Haberleşme Teknolojisi | 6155 - Elektronik Haberleşme | 6327 - Telekomünikasyon | 9067 - Elektronik Haberleşme Teknolojisi | 3307 - Aşağıdaki önlisans programlarından birinden mezun olmak. | 1165 - Ev Cihazları Teknolojisi | 5333 - Ev Gereçleri | 9065 - Elektrikli Cihaz Teknolojisi | 7257 - Seyahate ve Arazide Çalışmaya Elverişli olmak. | 7300 - Bu kadro/pozisyonda vardiya sistemi uygulanmaktadır. | 7327 - (Bakınız Başvurma Özel Şartları Bölümü TCDD Genel Müdürlüğü).;e74b481e-0a81-ed11-8117-a0369f7d1486
2022;2;202011648;Gelir İdaresi Başkanlığı;Hizmetli;Yalova;Onlisans;1;;84.267;84.267;3001;3001 - Herhangi bir önlisans programından mezun olmak.;5651481e-0a81-ed11-8117-a0369f7d1486
2022;2;202013118;T.C.Devlet Demiryolları İşletmesi Genel Müdürlüğü;Memur;Gaziantep;Onlisans;1;;84.259;84.259;"3206;8621;3287;4256;6197;8571;9063;3290;1152;9213;3293;1137;1153;1154;1159;8524;9068;9544;7257;7300;7327";3206 - Aşağıdaki önlisans programlarından birinden mezun olmak. | 8621 - Raylı Sistemler Elektrik-Elektronik Teknolojisi / Raylı Sistemler Elektrik ve Elektronik Teknolojisi | 3287 - Aşağıdaki önlisans programlarından birinden mezun olmak. | 4256 - Enerji | 6197 - Hidroelektrik Santralları / Hidroelektrik Santralleri | 8571 - Termik Santrallerde Enerji Üretimi | 9063 - Elektrik Enerjisi Üretim, İletim ve Dağıtımı | 3290 - Aşağıdaki önlisans programlarından birinden mezun olmak. | 1152 - Elektrik | 9213 - Elektrik Teknolojisi | 3293 - Aşağıdaki önlisans programlarından birinden mezun olmak. | 1137 - Deniz Elektroniği | 1153 - Elektrik-Elektronik | 1154 - Elektronik | 1159 - Endüstriyel Elektronik | 8524 - Elektrik-Elektronik Teknikerliği | 9068 - Elektronik Teknolojisi | 9544 - Elektrik ve Elektronik Teknolojisi | 7257 - Seyahate ve Arazide Çalışmaya Elverişli olmak. | 7300 - Bu kadro/pozisyonda vardiya sistemi uygulanmaktadır. | 7327 - (Bakınız Başvurma Özel Şartları Bölümü TCDD Genel Müdürlüğü).;e34d481e-0a81-ed11-8117-a0369f7d1486
2022;2;202013202;T.C.Devlet Demiryolları İşletmesi Genel Müdürlüğü;Memur;Manisa;Onlisans;1;;84.259;84.259;"3205;1288;8514;8625;3207;8515;8627;9055;9244;3225;1201;8535;9052;3292;6238;9553;3318;1312;8567;3319;1187;1188;1189;8546;3358;1241;1242;1243;9092;3364;6217;8539;3485;1304;1328;1351;4400;5377;9491;3495;9211;7257;7300;7327";3205 - Aşağıdaki önlisans programlarından birinden mezun olmak. | 1288 - Raylı Sistemler Teknolojisi | 8514 - Demiryolu Araçları | 8625 - Raylı Sistemler Makine Teknolojisi | 3207 - Aşağıdaki önlisans programlarından birinden mezun olmak. | 8515 - Demiryolu İnşaatı ve İşletmeciliği | 8627 - Raylı Sistemler Yol | 9055 - Raylı Sistemler Yol Teknolojisi | 9244 - Raylı Sistemler | 3225 - Aşağıdaki önlisans programlarından birinden mezun olmak. | 1201 - İnşaat | 8535 - İnşaat Teknikerliği | 9052 - İnşaat Teknolojisi | 3292 - Aşağıdaki önlisans programlarından birinden mezun olmak. | 6238 - Mekatronik | 9553 - Mekatronik Teknlojisi | 3318 - Aşağıdaki önlisans programlarından birinden mezun olmak. | 1312 - Tapu Kadastro Meslek Yüksekokulu | 8567 - Tapu ve Kadastro / Tapu Kadastro | 3319 - Aşağıdaki önlisans programlarından birinden mezun olmak. | 1187 - Harita | 1188 - Harita Kadastro / Harita ve Kadastro | 1189 - Harita ve Maden Ölçme | 8546 - Harita Teknikerliği | 3358 - Aşağıdaki önlisans programlarından birinden mezun olmak. | 1241 - Metal İşleri | 1242 - Metalografi ve Malzeme Muayenesi | 1243 - Metalurji Malzeme | 9092 - Metalurji | 3364 - Aşağıdaki önlisans programlarından birinden mezun olmak. | 6217 - Kaynak Teknolojisi | 8539 - Kaynakçılık | 3485 - Aşağıdaki önlisans programlarından birinden mezun olmak. | 1304 - Sıhhi Tesisat | 1328 - Tesisat Teknolojisi | 1351 - Yapı Donatım Teknolojisi | 4400 - Yapı | 5377 - Yapı Tesisat Teknolojisi | 9491 - Yapı İnşaat | 3495 - Aşağıdaki önlisans programlarından birinden mezun olmak. | 9211 - Tahribatsız Muayene | 7257 - Seyahate ve Arazide Çalışmaya Elverişli olmak. | 7300 - Bu kadro/pozisyonda vardiya sistemi uygulanmaktadır. | 7327 - (Bakınız Başvurma Özel Şartları Bölümü TCDD Genel Müdürlüğü).;754f481e-0a81-ed11-8117-a0369f7d1486
2022;2;202013650;Toprak Mahsulleri Ofisi Genel Müdürlüğü;Muhasebeci;Trabzon;Onlisans;1;;84.259;84.259;"3173;1117;1124;1249;9032;9331;3181;1235;7324";3173 - Aşağıdaki önlisans programlarından birinden mezun olmak. | 1117 - Bilgisayar Destekli Muhasebe | 1124 - Bilgisayarlı Muhasebe ve Vergi Uygulama | 1249 - Muhasebe | 9032 - Muhasebe ve Vergi Uygulamaları | 9331 - İşletme-Muhasebe | 3181 - Aşağıdaki önlisans programlarından birinden mezun olmak. | 1235 - Maliye | 7324 - (Bakınız Başvurma Özel Şartları Bölümü Toprak Mahsulleri Ofisi Genel Müdürlüğü).;5750481e-0a81-ed11-8117-a0369f7d1486
2022;2;202013279;T.C.Devlet Demiryolları İşletmesi Genel Müdürlüğü;Memur;Uşak;Onlisans;2;;84.244;85.877;"3205;1288;8514;8625;3207;8515;8627;9055;9244;3225;1201;8535;9052;3292;6238;9553;3318;1312;8567;3319;1187;1188;1189;8546;3358;1241;1242;1243;9092;3364;6217;8539;3485;1304;1328;1351;4400;5377;9491;3495;9211;7257;7300;7327";3205 - Aşağıdaki önlisans programlarından birinden mezun olmak. | 1288 - Raylı Sistemler Teknolojisi | 8514 - Demiryolu Araçları | 8625 - Raylı Sistemler Makine Teknolojisi | 3207 - Aşağıdaki önlisans programlarından birinden mezun olmak. | 8515 - Demiryolu İnşaatı ve İşletmeciliği | 8627 - Raylı Sistemler Yol | 9055 - Raylı Sistemler Yol Teknolojisi | 9244 - Raylı Sistemler | 3225 - Aşağıdaki önlisans programlarından birinden mezun olmak. | 1201 - İnşaat | 8535 - İnşaat Teknikerliği | 9052 - İnşaat Teknolojisi | 3292 - Aşağıdaki önlisans programlarından birinden mezun olmak. | 6238 - Mekatronik | 9553 - Mekatronik Teknlojisi | 3318 - Aşağıdaki önlisans programlarından birinden mezun olmak. | 1312 - Tapu Kadastro Meslek Yüksekokulu | 8567 - Tapu ve Kadastro / Tapu Kadastro | 3319 - Aşağıdaki önlisans programlarından birinden mezun olmak. | 1187 - Harita | 1188 - Harita Kadastro / Harita ve Kadastro | 1189 - Harita ve Maden Ölçme | 8546 - Harita Teknikerliği | 3358 - Aşağıdaki önlisans programlarından birinden mezun olmak. | 1241 - Metal İşleri | 1242 - Metalografi ve Malzeme Muayenesi | 1243 - Metalurji Malzeme | 9092 - Metalurji | 3364 - Aşağıdaki önlisans programlarından birinden mezun olmak. | 6217 - Kaynak Teknolojisi | 8539 - Kaynakçılık | 3485 - Aşağıdaki önlisans programlarından birinden mezun olmak. | 1304 - Sıhhi Tesisat | 1328 - Tesisat Teknolojisi | 1351 - Yapı Donatım Teknolojisi | 4400 - Yapı | 5377 - Yapı Tesisat Teknolojisi | 9491 - Yapı İnşaat | 3495 - Aşağıdaki önlisans programlarından birinden mezun olmak. | 9211 - Tahribatsız Muayene | 7257 - Seyahate ve Arazide Çalışmaya Elverişli olmak. | 7300 - Bu kadro/pozisyonda vardiya sistemi uygulanmaktadır. | 7327 - (Bakınız Başvurma Özel Şartları Bölümü TCDD Genel Müdürlüğü).;8650481e-0a81-ed11-8117-a0369f7d1486
2022;2;202013034;T.C.Devlet Demiryolları İşletmesi Genel Müdürlüğü;Memur;Afyonkarahisar;Onlisans;1;;84.241;84.241;"3206;8621;3287;4256;6197;8571;9063;3290;1152;9213;3293;1137;1153;1154;1159;8524;9068;9544;7257;7300;7327";3206 - Aşağıdaki önlisans programlarından birinden mezun olmak. | 8621 - Raylı Sistemler Elektrik-Elektronik Teknolojisi / Raylı Sistemler Elektrik ve Elektronik Teknolojisi | 3287 - Aşağıdaki önlisans programlarından birinden mezun olmak. | 4256 - Enerji | 6197 - Hidroelektrik Santralları / Hidroelektrik Santralleri | 8571 - Termik Santrallerde Enerji Üretimi | 9063 - Elektrik Enerjisi Üretim, İletim ve Dağıtımı | 3290 - Aşağıdaki önlisans programlarından birinden mezun olmak. | 1152 - Elektrik | 9213 - Elektrik Teknolojisi | 3293 - Aşağıdaki önlisans programlarından birinden mezun olmak. | 1137 - Deniz Elektroniği | 1153 - Elektrik-Elektronik | 1154 - Elektronik | 1159 - Endüstriyel Elektronik | 8524 - Elektrik-Elektronik Teknikerliği | 9068 - Elektronik Teknolojisi | 9544 - Elektrik ve Elektronik Teknolojisi | 7257 - Seyahate ve Arazide Çalışmaya Elverişli olmak. | 7300 - Bu kadro/pozisyonda vardiya sistemi uygulanmaktadır. | 7327 - (Bakınız Başvurma Özel Şartları Bölümü TCDD Genel Müdürlüğü).;054c481e-0a81-ed11-8117-a0369f7d1486
2022;2;202013076;T.C.Devlet Demiryolları İşletmesi Genel Müdürlüğü;Memur;Bilecik;Onlisans;1;;84.233;84.233;"3206;8621;3291;1160;1221;5330;8542;8551;9069;3292;6238;9553;3293;1137;1153;1154;1159;8524;9068;9544;3297;1180;1181;6155;6327;9067;3307;1165;5333;9065;7257;7300;7327";3206 - Aşağıdaki önlisans programlarından birinden mezun olmak. | 8621 - Raylı Sistemler Elektrik-Elektronik Teknolojisi / Raylı Sistemler Elektrik ve Elektronik Teknolojisi | 3291 - Aşağıdaki önlisans programlarından birinden mezun olmak. | 1160 - Endüstriyel Otomasyon Teknolojisi | 1221 - Kontrol Sistemleri Teknolojisi | 5330 - Endüstriyel Otomasyon | 8542 - Kontrol ve Ölçü Aletleri | 8551 - Otomasyon | 9069 - Kontrol ve Otomasyon Teknolojisi | 3292 - Aşağıdaki önlisans programlarından birinden mezun olmak. | 6238 - Mekatronik | 9553 - Mekatronik Teknlojisi | 3293 - Aşağıdaki önlisans programlarından birinden mezun olmak. | 1137 - Deniz Elektroniği | 1153 - Elektrik-Elektronik | 1154 - Elektronik | 1159 - Endüstriyel Elektronik | 8524 - Elektrik-Elektronik Teknikerliği | 9068 - Elektronik Teknolojisi | 9544 - Elektrik ve Elektronik Teknolojisi | 3297 - Aşağıdaki önlisans programlarından birinden mezun olmak. | 1180 - Haberleşme | 1181 - Haberleşme Teknolojisi | 6155 - Elektronik Haberleşme | 6327 - Telekomünikasyon | 9067 - Elektronik Haberleşme Teknolojisi | 3307 - Aşağıdaki önlisans programlarından birinden mezun olmak. | 1165 - Ev Cihazları Teknolojisi | 5333 - Ev Gereçleri | 9065 - Elektrikli Cihaz Teknolojisi | 7257 - Seyahate ve Arazide Çalışmaya Elverişli olmak. | 7300 - Bu kadro/pozisyonda vardiya sistemi uygulanmaktadır. | 7327 - (Bakınız Başvurma Özel Şartları Bölümü TCDD Genel Müdürlüğü).;184d481e-0a81-ed11-8117-a0369f7d1486
2022;2;202011319;Gelir İdaresi Başkanlığı;Hizmetli;Bilecik;Onlisans;1;;84.224;84.224;3001;3001 - Herhangi bir önlisans programından mezun olmak.;144d481e-0a81-ed11-8117-a0369f7d1486
2022;2;202011578;Gelir İdaresi Başkanlığı;Hizmetli;Rize;Onlisans;1;;84.21;84.21;3001;3001 - Herhangi bir önlisans programından mezun olmak.;c94f481e-0a81-ed11-8117-a0369f7d1486
2022;2;202010521;Devlet Demiryolları Taşımacılık A.Ş Genel Müdürlüğü;Tekniker;Ankara;Onlisans;4;;84.195;88.312;"3205;1288;8514;8625;3206;8621;7300;7368";3205 - Aşağıdaki önlisans programlarından birinden mezun olmak. | 1288 - Raylı Sistemler Teknolojisi | 8514 - Demiryolu Araçları | 8625 - Raylı Sistemler Makine Teknolojisi | 3206 - Aşağıdaki önlisans programlarından birinden mezun olmak. | 8621 - Raylı Sistemler Elektrik-Elektronik Teknolojisi / Raylı Sistemler Elektrik ve Elektronik Teknolojisi | 7300 - Bu kadro/pozisyonda vardiya sistemi uygulanmaktadır. | 7368 - (Bakınız Başvurma Özel Şartları Bölümü T.C. Devlet Demiryolları Taşımacılık A.Ş. Genel Müdürlüğü);b34c481e-0a81-ed11-8117-a0369f7d1486
2022;2;202011340;Gelir İdaresi Başkanlığı;Hizmetli;Bursa;Onlisans;5;;84.174;85.573;3001;3001 - Herhangi bir önlisans programından mezun olmak.;454d481e-0a81-ed11-8117-a0369f7d1486
2022;2;202013902;Zonguldak Bülent Ecevit Üniversitesi;Bilgisayar İşletmeni;Zonguldak;Onlisans;1;;84.088;84.088;"3223;1255;1336;1338;4374;5368;8574;8575;9077;6225";3223 - Aşağıdaki önlisans programlarından birinden mezun olmak. | 1255 - Otel Yöneticiliği | 1336 - Turizm İşletmeciliği ve Otelcilik | 1338 - Turizm ve Otelcilik / Turizm-Otelcilik | 4374 - Turizm ve Konaklama İşletmeciliği | 5368 - Turizm ve Otel İşletmeciliği | 8574 - Turizm Otel Yöneticiliği / Turizm ve Otel Yöneticiliği | 8575 - Turizm, Konaklama ve Otel İşletmeciliği | 9077 - Ağırlama Hizmetleri | 6225 - M.E.B.'Dan Onaylı Bilgisayar İşletmeni Sertifikası Sahibi olmak.;d850481e-0a81-ed11-8117-a0369f7d1486
2022;2;202013839;Van Yüzüncü Yıl Üniversitesi;Memur;Van;Onlisans;2;;84.081;84.625;"3173;1117;1124;1249;9032;9331";3173 - Aşağıdaki önlisans programlarından birinden mezun olmak. | 1117 - Bilgisayar Destekli Muhasebe | 1124 - Bilgisayarlı Muhasebe ve Vergi Uygulama | 1249 - Muhasebe | 9032 - Muhasebe ve Vergi Uygulamaları | 9331 - İşletme-Muhasebe;9250481e-0a81-ed11-8117-a0369f7d1486
2022;2;202012215;Gelir İdaresi Başkanlığı;Şoför;Giresun;Onlisans;1;;84.034;84.034;"3001;6512;7302";3001 - Herhangi bir önlisans programından mezun olmak. | 6512 - D1 sınıfı sürücü belgesine sahip olmak | 7302 - Bakınız Başvurma Özel Şartları Bölümü Şoför;f54d481e-0a81-ed11-8117-a0369f7d1486
2022;2;202012775;Konya Teknik Üniversitesi;Memur;Konya;Onlisans;1;;84.03;84.03;"3179;1129;1130;5351;8510;8560;9074";3179 - Aşağıdaki önlisans programlarından birinden mezun olmak. | 1129 - Büro Yönetimi | 1130 - Büro Yönetimi ve Sekreterlik | 5351 - Ofis Teknolojileri ve Yönetimi | 8510 - Büro Yönetimi ve Yönetici Asistanlığı | 8560 - Sekreterlik | 9074 - Büro Hizmetleri ve Yönetici Asistanlığı;384f481e-0a81-ed11-8117-a0369f7d1486
2022;2;202011515;Gelir İdaresi Başkanlığı;Hizmetli;Kocaeli;Onlisans;4;;84.029;84.588;3001;3001 - Herhangi bir önlisans programından mezun olmak.;0c4f481e-0a81-ed11-8117-a0369f7d1486
2022;2;202011459;Gelir İdaresi Başkanlığı;Hizmetli;İstanbul;Onlisans;20;;83.987;87.526;3001;3001 - Herhangi bir önlisans programından mezun olmak.;834e481e-0a81-ed11-8117-a0369f7d1486
2022;2;202011375;Gelir İdaresi Başkanlığı;Hizmetli;Düzce;Onlisans;2;;83.959;84.452;3001;3001 - Herhangi bir önlisans programından mezun olmak.;7051481e-0a81-ed11-8117-a0369f7d1486
2022;2;202011256;Gelir İdaresi Başkanlığı;Hizmetli;Ankara;Onlisans;15;;83.946;85.397;3001;3001 - Herhangi bir önlisans programından mezun olmak.;c44c481e-0a81-ed11-8117-a0369f7d1486
2022;2;202013104;T.C.Devlet Demiryolları İşletmesi Genel Müdürlüğü;Memur;Erzurum;Onlisans;1;;83.946;83.946;"3205;1288;8514;8625;3207;8515;8627;9055;9244;3225;1201;8535;9052;3292;6238;9553;3318;1312;8567;3319;1187;1188;1189;8546;3358;1241;1242;1243;9092;3364;6217;8539;3485;1304;1328;1351;4400;5377;9491;3495;9211;7257;7300;7327";3205 - Aşağıdaki önlisans programlarından birinden mezun olmak. | 1288 - Raylı Sistemler Teknolojisi | 8514 - Demiryolu Araçları | 8625 - Raylı Sistemler Makine Teknolojisi | 3207 - Aşağıdaki önlisans programlarından birinden mezun olmak. | 8515 - Demiryolu İnşaatı ve İşletmeciliği | 8627 - Raylı Sistemler Yol | 9055 - Raylı Sistemler Yol Teknolojisi | 9244 - Raylı Sistemler | 3225 - Aşağıdaki önlisans programlarından birinden mezun olmak. | 1201 - İnşaat | 8535 - İnşaat Teknikerliği | 9052 - İnşaat Teknolojisi | 3292 - Aşağıdaki önlisans programlarından birinden mezun olmak. | 6238 - Mekatronik | 9553 - Mekatronik Teknlojisi | 3318 - Aşağıdaki önlisans programlarından birinden mezun olmak. | 1312 - Tapu Kadastro Meslek Yüksekokulu | 8567 - Tapu ve Kadastro / Tapu Kadastro | 3319 - Aşağıdaki önlisans programlarından birinden mezun olmak. | 1187 - Harita | 1188 - Harita Kadastro / Harita ve Kadastro | 1189 - Harita ve Maden Ölçme | 8546 - Harita Teknikerliği | 3358 - Aşağıdaki önlisans programlarından birinden mezun olmak. | 1241 - Metal İşleri | 1242 - Metalografi ve Malzeme Muayenesi | 1243 - Metalurji Malzeme | 9092 - Metalurji | 3364 - Aşağıdaki önlisans programlarından birinden mezun olmak. | 6217 - Kaynak Teknolojisi | 8539 - Kaynakçılık | 3485 - Aşağıdaki önlisans programlarından birinden mezun olmak. | 1304 - Sıhhi Tesisat | 1328 - Tesisat Teknolojisi | 1351 - Yapı Donatım Teknolojisi | 4400 - Yapı | 5377 - Yapı Tesisat Teknolojisi | 9491 - Yapı İnşaat | 3495 - Aşağıdaki önlisans programlarından birinden mezun olmak. | 9211 - Tahribatsız Muayene | 7257 - Seyahate ve Arazide Çalışmaya Elverişli olmak. | 7300 - Bu kadro/pozisyonda vardiya sistemi uygulanmaktadır. | 7327 - (Bakınız Başvurma Özel Şartları Bölümü TCDD Genel Müdürlüğü).;b34d481e-0a81-ed11-8117-a0369f7d1486
2022;2;202013391;Tokat Gaziosmanpaşa Üniversitesi;Aşçı;Tokat;Onlisans;1;;83.946;83.946;"3222;1110;1196;1250;8578;8599;9501";3222 - Aşağıdaki önlisans programlarından birinden mezun olmak. | 1110 - Aşçılık | 1196 - Hazır Yemek ve Aşçılık | 1250 - Mutfak Yönetimi | 8578 - Yemek Pişirme Teknikleri | 8599 - Gastronomi ve Mutfak Sanatları | 9501 - Gemi Aşçılığı;5550481e-0a81-ed11-8117-a0369f7d1486
2022;2;202011585;Gelir İdaresi Başkanlığı;Hizmetli;Sakarya;Onlisans;2;;83.925;83.949;3001;3001 - Herhangi bir önlisans programından mezun olmak.;da4f481e-0a81-ed11-8117-a0369f7d1486
2022;2;202013090;T.C.Devlet Demiryolları İşletmesi Genel Müdürlüğü;Memur;Çankırı;Onlisans;2;;83.923;83.926;"3205;1288;8514;8625;3207;8515;8627;9055;9244;3225;1201;8535;9052;3292;6238;9553;3318;1312;8567;3319;1187;1188;1189;8546;3358;1241;1242;1243;9092;3364;6217;8539;3485;1304;1328;1351;4400;5377;9491;3495;9211;7257;7300;7327";3205 - Aşağıdaki önlisans programlarından birinden mezun olmak. | 1288 - Raylı Sistemler Teknolojisi | 8514 - Demiryolu Araçları | 8625 - Raylı Sistemler Makine Teknolojisi | 3207 - Aşağıdaki önlisans programlarından birinden mezun olmak. | 8515 - Demiryolu İnşaatı ve İşletmeciliği | 8627 - Raylı Sistemler Yol | 9055 - Raylı Sistemler Yol Teknolojisi | 9244 - Raylı Sistemler | 3225 - Aşağıdaki önlisans programlarından birinden mezun olmak. | 1201 - İnşaat | 8535 - İnşaat Teknikerliği | 9052 - İnşaat Teknolojisi | 3292 - Aşağıdaki önlisans programlarından birinden mezun olmak. | 6238 - Mekatronik | 9553 - Mekatronik Teknlojisi | 3318 - Aşağıdaki önlisans programlarından birinden mezun olmak. | 1312 - Tapu Kadastro Meslek Yüksekokulu | 8567 - Tapu ve Kadastro / Tapu Kadastro | 3319 - Aşağıdaki önlisans programlarından birinden mezun olmak. | 1187 - Harita | 1188 - Harita Kadastro / Harita ve Kadastro | 1189 - Harita ve Maden Ölçme | 8546 - Harita Teknikerliği | 3358 - Aşağıdaki önlisans programlarından birinden mezun olmak. | 1241 - Metal İşleri | 1242 - Metalografi ve Malzeme Muayenesi | 1243 - Metalurji Malzeme | 9092 - Metalurji | 3364 - Aşağıdaki önlisans programlarından birinden mezun olmak. | 6217 - Kaynak Teknolojisi | 8539 - Kaynakçılık | 3485 - Aşağıdaki önlisans programlarından birinden mezun olmak. | 1304 - Sıhhi Tesisat | 1328 - Tesisat Teknolojisi | 1351 - Yapı Donatım Teknolojisi | 4400 - Yapı | 5377 - Yapı Tesisat Teknolojisi | 9491 - Yapı İnşaat | 3495 - Aşağıdaki önlisans programlarından birinden mezun olmak. | 9211 - Tahribatsız Muayene | 7257 - Seyahate ve Arazide Çalışmaya Elverişli olmak. | 7300 - Bu kadro/pozisyonda vardiya sistemi uygulanmaktadır. | 7327 - (Bakınız Başvurma Özel Şartları Bölümü TCDD Genel Müdürlüğü).;624d481e-0a81-ed11-8117-a0369f7d1486
2022;2;202013237;T.C.Devlet Demiryolları İşletmesi Genel Müdürlüğü;Memur;Sivas;Onlisans;4;;83.899;84.716;"3205;1288;8514;8625;3207;8515;8627;9055;9244;3225;1201;8535;9052;3292;6238;9553;3318;1312;8567;3319;1187;1188;1189;8546;3358;1241;1242;1243;9092;3364;6217;8539;3485;1304;1328;1351;4400;5377;9491;3495;9211;7257;7300;7327";3205 - Aşağıdaki önlisans programlarından birinden mezun olmak. | 1288 - Raylı Sistemler Teknolojisi | 8514 - Demiryolu Araçları | 8625 - Raylı Sistemler Makine Teknolojisi | 3207 - Aşağıdaki önlisans programlarından birinden mezun olmak. | 8515 - Demiryolu İnşaatı ve İşletmeciliği | 8627 - Raylı Sistemler Yol | 9055 - Raylı Sistemler Yol Teknolojisi | 9244 - Raylı Sistemler | 3225 - Aşağıdaki önlisans programlarından birinden mezun olmak. | 1201 - İnşaat | 8535 - İnşaat Teknikerliği | 9052 - İnşaat Teknolojisi | 3292 - Aşağıdaki önlisans programlarından birinden mezun olmak. | 6238 - Mekatronik | 9553 - Mekatronik Teknlojisi | 3318 - Aşağıdaki önlisans programlarından birinden mezun olmak. | 1312 - Tapu Kadastro Meslek Yüksekokulu | 8567 - Tapu ve Kadastro / Tapu Kadastro | 3319 - Aşağıdaki önlisans programlarından birinden mezun olmak. | 1187 - Harita | 1188 - Harita Kadastro / Harita ve Kadastro | 1189 - Harita ve Maden Ölçme | 8546 - Harita Teknikerliği | 3358 - Aşağıdaki önlisans programlarından birinden mezun olmak. | 1241 - Metal İşleri | 1242 - Metalografi ve Malzeme Muayenesi | 1243 - Metalurji Malzeme | 9092 - Metalurji | 3364 - Aşağıdaki önlisans programlarından birinden mezun olmak. | 6217 - Kaynak Teknolojisi | 8539 - Kaynakçılık | 3485 - Aşağıdaki önlisans programlarından birinden mezun olmak. | 1304 - Sıhhi Tesisat | 1328 - Tesisat Teknolojisi | 1351 - Yapı Donatım Teknolojisi | 4400 - Yapı | 5377 - Yapı Tesisat Teknolojisi | 9491 - Yapı İnşaat | 3495 - Aşağıdaki önlisans programlarından birinden mezun olmak. | 9211 - Tahribatsız Muayene | 7257 - Seyahate ve Arazide Çalışmaya Elverişli olmak. | 7300 - Bu kadro/pozisyonda vardiya sistemi uygulanmaktadır. | 7327 - (Bakınız Başvurma Özel Şartları Bölümü TCDD Genel Müdürlüğü).;2c50481e-0a81-ed11-8117-a0369f7d1486
2022;2;202011382;Gelir İdaresi Başkanlığı;Hizmetli;Edirne;Onlisans;2;;83.882;84.413;3001;3001 - Herhangi bir önlisans programından mezun olmak.;854d481e-0a81-ed11-8117-a0369f7d1486
2022;2;202011620;Gelir İdaresi Başkanlığı;Hizmetli;Tekirdağ;Onlisans;1;;83.882;83.882;3001;3001 - Herhangi bir önlisans programından mezun olmak.;4350481e-0a81-ed11-8117-a0369f7d1486
2022;2;202013293;T.C.Devlet Demiryolları İşletmesi Genel Müdürlüğü;Memur;Yozgat;Onlisans;1;;83.876;83.876;"3206;8621;3291;1160;1221;5330;8542;8551;9069;3292;6238;9553;3293;1137;1153;1154;1159;8524;9068;9544;3297;1180;1181;6155;6327;9067;3307;1165;5333;9065;7257;7300;7327";3206 - Aşağıdaki önlisans programlarından birinden mezun olmak. | 8621 - Raylı Sistemler Elektrik-Elektronik Teknolojisi / Raylı Sistemler Elektrik ve Elektronik Teknolojisi | 3291 - Aşağıdaki önlisans programlarından birinden mezun olmak. | 1160 - Endüstriyel Otomasyon Teknolojisi | 1221 - Kontrol Sistemleri Teknolojisi | 5330 - Endüstriyel Otomasyon | 8542 - Kontrol ve Ölçü Aletleri | 8551 - Otomasyon | 9069 - Kontrol ve Otomasyon Teknolojisi | 3292 - Aşağıdaki önlisans programlarından birinden mezun olmak. | 6238 - Mekatronik | 9553 - Mekatronik Teknlojisi | 3293 - Aşağıdaki önlisans programlarından birinden mezun olmak. | 1137 - Deniz Elektroniği | 1153 - Elektrik-Elektronik | 1154 - Elektronik | 1159 - Endüstriyel Elektronik | 8524 - Elektrik-Elektronik Teknikerliği | 9068 - Elektronik Teknolojisi | 9544 - Elektrik ve Elektronik Teknolojisi | 3297 - Aşağıdaki önlisans programlarından birinden mezun olmak. | 1180 - Haberleşme | 1181 - Haberleşme Teknolojisi | 6155 - Elektronik Haberleşme | 6327 - Telekomünikasyon | 9067 - Elektronik Haberleşme Teknolojisi | 3307 - Aşağıdaki önlisans programlarından birinden mezun olmak. | 1165 - Ev Cihazları Teknolojisi | 5333 - Ev Gereçleri | 9065 - Elektrikli Cihaz Teknolojisi | 7257 - Seyahate ve Arazide Çalışmaya Elverişli olmak. | 7300 - Bu kadro/pozisyonda vardiya sistemi uygulanmaktadır. | 7327 - (Bakınız Başvurma Özel Şartları Bölümü TCDD Genel Müdürlüğü).;bc50481e-0a81-ed11-8117-a0369f7d1486
2022;2;202012467;Gelir İdaresi Başkanlığı;Şoför;Van;Onlisans;1;;83.869;83.869;"3001;6512;7302";3001 - Herhangi bir önlisans programından mezun olmak. | 6512 - D1 sınıfı sürücü belgesine sahip olmak | 7302 - Bakınız Başvurma Özel Şartları Bölümü Şoför;9450481e-0a81-ed11-8117-a0369f7d1486
2022;2;202013125;T.C.Devlet Demiryolları İşletmesi Genel Müdürlüğü;Memur;İstanbul;Onlisans;3;;83.868;84.565;"3205;1288;8514;8625;3207;8515;8627;9055;9244;3225;1201;8535;9052;3292;6238;9553;3318;1312;8567;3319;1187;1188;1189;8546;3358;1241;1242;1243;9092;3364;6217;8539;3485;1304;1328;1351;4400;5377;9491;3495;9211;7257;7300;7327";3205 - Aşağıdaki önlisans programlarından birinden mezun olmak. | 1288 - Raylı Sistemler Teknolojisi | 8514 - Demiryolu Araçları | 8625 - Raylı Sistemler Makine Teknolojisi | 3207 - Aşağıdaki önlisans programlarından birinden mezun olmak. | 8515 - Demiryolu İnşaatı ve İşletmeciliği | 8627 - Raylı Sistemler Yol | 9055 - Raylı Sistemler Yol Teknolojisi | 9244 - Raylı Sistemler | 3225 - Aşağıdaki önlisans programlarından birinden mezun olmak. | 1201 - İnşaat | 8535 - İnşaat Teknikerliği | 9052 - İnşaat Teknolojisi | 3292 - Aşağıdaki önlisans programlarından birinden mezun olmak. | 6238 - Mekatronik | 9553 - Mekatronik Teknlojisi | 3318 - Aşağıdaki önlisans programlarından birinden mezun olmak. | 1312 - Tapu Kadastro Meslek Yüksekokulu | 8567 - Tapu ve Kadastro / Tapu Kadastro | 3319 - Aşağıdaki önlisans programlarından birinden mezun olmak. | 1187 - Harita | 1188 - Harita Kadastro / Harita ve Kadastro | 1189 - Harita ve Maden Ölçme | 8546 - Harita Teknikerliği | 3358 - Aşağıdaki önlisans programlarından birinden mezun olmak. | 1241 - Metal İşleri | 1242 - Metalografi ve Malzeme Muayenesi | 1243 - Metalurji Malzeme | 9092 - Metalurji | 3364 - Aşağıdaki önlisans programlarından birinden mezun olmak. | 6217 - Kaynak Teknolojisi | 8539 - Kaynakçılık | 3485 - Aşağıdaki önlisans programlarından birinden mezun olmak. | 1304 - Sıhhi Tesisat | 1328 - Tesisat Teknolojisi | 1351 - Yapı Donatım Teknolojisi | 4400 - Yapı | 5377 - Yapı Tesisat Teknolojisi | 9491 - Yapı İnşaat | 3495 - Aşağıdaki önlisans programlarından birinden mezun olmak. | 9211 - Tahribatsız Muayene | 7257 - Seyahate ve Arazide Çalışmaya Elverişli olmak. | 7300 - Bu kadro/pozisyonda vardiya sistemi uygulanmaktadır. | 7327 - (Bakınız Başvurma Özel Şartları Bölümü TCDD Genel Müdürlüğü).;814e481e-0a81-ed11-8117-a0369f7d1486
2022;2;202010507;Devlet Demiryolları Taşımacılık A.Ş Genel Müdürlüğü;Memur;Sivas;Onlisans;1;;83.806;83.806;"3224;8623;7300;7368";3224 - Aşağıdaki önlisans programlarından birinden mezun olmak. | 8623 - Raylı Sistemler İşletmeciliği | 7300 - Bu kadro/pozisyonda vardiya sistemi uygulanmaktadır. | 7368 - (Bakınız Başvurma Özel Şartları Bölümü T.C. Devlet Demiryolları Taşımacılık A.Ş. Genel Müdürlüğü);2750481e-0a81-ed11-8117-a0369f7d1486
2022;2;202013538;Toprak Mahsulleri Ofisi Genel Müdürlüğü;Memur;Sivas;Onlisans;2;;83.781;84.578;"3290;1152;9213;7324";3290 - Aşağıdaki önlisans programlarından birinden mezun olmak. | 1152 - Elektrik | 9213 - Elektrik Teknolojisi | 7324 - (Bakınız Başvurma Özel Şartları Bölümü Toprak Mahsulleri Ofisi Genel Müdürlüğü).;2f50481e-0a81-ed11-8117-a0369f7d1486
2022;2;202010682;Devlet Hava Meydanları İşletmesi Genel Müdürlüğü;İş Makinası Sürücüsü;Van;Onlisans;1;;83.765;83.765;"3366;1204;1232;1233;5312;8570;3368;9227;6516;7302;7322";3366 - Aşağıdaki önlisans programlarından birinden mezun olmak. | 1204 - İş Makineleri | 1232 - Makine | 1233 - Makine Yağları ve Yağlama Teknolojisi | 5312 - Bilgisayar Destekli Makine | 8570 - Termik Santral Makineleri | 3368 - Aşağıdaki önlisans programlarından birinden mezun olmak. | 9227 - İş Makineleri Operatörlüğü | 6516 - G sınıfı sürücü belgesine sahip olmak | 7302 - Bakınız Başvurma Özel Şartları Bölümü Şoför | 7322 - (Bakınız Başvurma Özel Şartları Bölümü Devlet Hava Meydanları İşletmesi Genel Müdürlüğü).;9550481e-0a81-ed11-8117-a0369f7d1486
2022;2;202013216;T.C.Devlet Demiryolları İşletmesi Genel Müdürlüğü;Memur;Niğde;Onlisans;1;;83.747;83.747;"3206;8621;3287;4256;6197;8571;9063;3290;1152;9213;3293;1137;1153;1154;1159;8524;9068;9544;7257;7300;7327";3206 - Aşağıdaki önlisans programlarından birinden mezun olmak. | 8621 - Raylı Sistemler Elektrik-Elektronik Teknolojisi / Raylı Sistemler Elektrik ve Elektronik Teknolojisi | 3287 - Aşağıdaki önlisans programlarından birinden mezun olmak. | 4256 - Enerji | 6197 - Hidroelektrik Santralları / Hidroelektrik Santralleri | 8571 - Termik Santrallerde Enerji Üretimi | 9063 - Elektrik Enerjisi Üretim, İletim ve Dağıtımı | 3290 - Aşağıdaki önlisans programlarından birinden mezun olmak. | 1152 - Elektrik | 9213 - Elektrik Teknolojisi | 3293 - Aşağıdaki önlisans programlarından birinden mezun olmak. | 1137 - Deniz Elektroniği | 1153 - Elektrik-Elektronik | 1154 - Elektronik | 1159 - Endüstriyel Elektronik | 8524 - Elektrik-Elektronik Teknikerliği | 9068 - Elektronik Teknolojisi | 9544 - Elektrik ve Elektronik Teknolojisi | 7257 - Seyahate ve Arazide Çalışmaya Elverişli olmak. | 7300 - Bu kadro/pozisyonda vardiya sistemi uygulanmaktadır. | 7327 - (Bakınız Başvurma Özel Şartları Bölümü TCDD Genel Müdürlüğü).;b94f481e-0a81-ed11-8117-a0369f7d1486
2022;2;202010654;Devlet Hava Meydanları İşletmesi Genel Müdürlüğü;İş Makinası Sürücüsü;Gümüşhane;Onlisans;1;;83.726;83.726;"3366;1204;1232;1233;5312;8570;3368;9227;6516;7302;7322";3366 - Aşağıdaki önlisans programlarından birinden mezun olmak. | 1204 - İş Makineleri | 1232 - Makine | 1233 - Makine Yağları ve Yağlama Teknolojisi | 5312 - Bilgisayar Destekli Makine | 8570 - Termik Santral Makineleri | 3368 - Aşağıdaki önlisans programlarından birinden mezun olmak. | 9227 - İş Makineleri Operatörlüğü | 6516 - G sınıfı sürücü belgesine sahip olmak | 7302 - Bakınız Başvurma Özel Şartları Bölümü Şoför | 7322 - (Bakınız Başvurma Özel Şartları Bölümü Devlet Hava Meydanları İşletmesi Genel Müdürlüğü).;fb4d481e-0a81-ed11-8117-a0369f7d1486
2022;2;202011200;Gazi Üniversitesi;Sekreter;Ankara;Onlisans;1;;83.682;83.682;"3179;1129;1130;5351;8510;8560;9074";3179 - Aşağıdaki önlisans programlarından birinden mezun olmak. | 1129 - Büro Yönetimi | 1130 - Büro Yönetimi ve Sekreterlik | 5351 - Ofis Teknolojileri ve Yönetimi | 8510 - Büro Yönetimi ve Yönetici Asistanlığı | 8560 - Sekreterlik | 9074 - Büro Hizmetleri ve Yönetici Asistanlığı;ca4c481e-0a81-ed11-8117-a0369f7d1486
2022;2;202010703;Devlet Hava Meydanları İşletmesi Genel Müdürlüğü;Köprü Operatörü;Kayseri;Onlisans;1;;83.641;83.641;"3366;1204;1232;1233;5312;8570;6516;7302;7322";3366 - Aşağıdaki önlisans programlarından birinden mezun olmak. | 1204 - İş Makineleri | 1232 - Makine | 1233 - Makine Yağları ve Yağlama Teknolojisi | 5312 - Bilgisayar Destekli Makine | 8570 - Termik Santral Makineleri | 6516 - G sınıfı sürücü belgesine sahip olmak | 7302 - Bakınız Başvurma Özel Şartları Bölümü Şoför | 7322 - (Bakınız Başvurma Özel Şartları Bölümü Devlet Hava Meydanları İşletmesi Genel Müdürlüğü).;f44e481e-0a81-ed11-8117-a0369f7d1486
2022;2;202013818;Ulaştırma ve Altyapı Bakanlığı;Veri Hazırlama ve Kontrol İşletmeni;Kırklareli;Onlisans;1;;83.628;83.628;"3173;1117;1124;1249;9032;9331;6225";3173 - Aşağıdaki önlisans programlarından birinden mezun olmak. | 1117 - Bilgisayar Destekli Muhasebe | 1124 - Bilgisayarlı Muhasebe ve Vergi Uygulama | 1249 - Muhasebe | 9032 - Muhasebe ve Vergi Uygulamaları | 9331 - İşletme-Muhasebe | 6225 - M.E.B.'Dan Onaylı Bilgisayar İşletmeni Sertifikası Sahibi olmak.;fa4e481e-0a81-ed11-8117-a0369f7d1486
2022;2;202012915;Sakarya Uygulamalı Bilimler Üniversitesi;Bilgisayar İşletmeni;Sakarya;Onlisans;1;;83.588;83.588;"3173;1117;1124;1249;9032;9331;3179;1129;1130;5351;8510;8560;9074;6225";3173 - Aşağıdaki önlisans programlarından birinden mezun olmak. | 1117 - Bilgisayar Destekli Muhasebe | 1124 - Bilgisayarlı Muhasebe ve Vergi Uygulama | 1249 - Muhasebe | 9032 - Muhasebe ve Vergi Uygulamaları | 9331 - İşletme-Muhasebe | 3179 - Aşağıdaki önlisans programlarından birinden mezun olmak. | 1129 - Büro Yönetimi | 1130 - Büro Yönetimi ve Sekreterlik | 5351 - Ofis Teknolojileri ve Yönetimi | 8510 - Büro Yönetimi ve Yönetici Asistanlığı | 8560 - Sekreterlik | 9074 - Büro Hizmetleri ve Yönetici Asistanlığı | 6225 - M.E.B.'Dan Onaylı Bilgisayar İşletmeni Sertifikası Sahibi olmak.;db4f481e-0a81-ed11-8117-a0369f7d1486
2022;2;202012033;Gelir İdaresi Başkanlığı;Şoför;Adıyaman;Onlisans;1;;83.586;83.586;"3001;6512;7302";3001 - Herhangi bir önlisans programından mezun olmak. | 6512 - D1 sınıfı sürücü belgesine sahip olmak | 7302 - Bakınız Başvurma Özel Şartları Bölümü Şoför;f54b481e-0a81-ed11-8117-a0369f7d1486
2022;2;202013405;Toprak Mahsulleri Ofisi Genel Müdürlüğü;Anbar Memuru;Ankara;Onlisans;1;;83.581;83.581;"3290;1152;9213;7324";3290 - Aşağıdaki önlisans programlarından birinden mezun olmak. | 1152 - Elektrik | 9213 - Elektrik Teknolojisi | 7324 - (Bakınız Başvurma Özel Şartları Bölümü Toprak Mahsulleri Ofisi Genel Müdürlüğü).;a64c481e-0a81-ed11-8117-a0369f7d1486
2022;2;202012411;Gelir İdaresi Başkanlığı;Şoför;Siirt;Onlisans;1;;83.498;83.498;"3001;6512;7302";3001 - Herhangi bir önlisans programından mezun olmak. | 6512 - D1 sınıfı sürücü belgesine sahip olmak | 7302 - Bakınız Başvurma Özel Şartları Bölümü Şoför;0050481e-0a81-ed11-8117-a0369f7d1486
2022;2;202013244;T.C.Devlet Demiryolları İşletmesi Genel Müdürlüğü;Memur;Sivas;Onlisans;3;;83.469;85.081;"3206;8621;3287;4256;6197;8571;9063;3290;1152;9213;3293;1137;1153;1154;1159;8524;9068;9544;7257;7300;7327";3206 - Aşağıdaki önlisans programlarından birinden mezun olmak. | 8621 - Raylı Sistemler Elektrik-Elektronik Teknolojisi / Raylı Sistemler Elektrik ve Elektronik Teknolojisi | 3287 - Aşağıdaki önlisans programlarından birinden mezun olmak. | 4256 - Enerji | 6197 - Hidroelektrik Santralları / Hidroelektrik Santralleri | 8571 - Termik Santrallerde Enerji Üretimi | 9063 - Elektrik Enerjisi Üretim, İletim ve Dağıtımı | 3290 - Aşağıdaki önlisans programlarından birinden mezun olmak. | 1152 - Elektrik | 9213 - Elektrik Teknolojisi | 3293 - Aşağıdaki önlisans programlarından birinden mezun olmak. | 1137 - Deniz Elektroniği | 1153 - Elektrik-Elektronik | 1154 - Elektronik | 1159 - Endüstriyel Elektronik | 8524 - Elektrik-Elektronik Teknikerliği | 9068 - Elektronik Teknolojisi | 9544 - Elektrik ve Elektronik Teknolojisi | 7257 - Seyahate ve Arazide Çalışmaya Elverişli olmak. | 7300 - Bu kadro/pozisyonda vardiya sistemi uygulanmaktadır. | 7327 - (Bakınız Başvurma Özel Şartları Bölümü TCDD Genel Müdürlüğü).;2d50481e-0a81-ed11-8117-a0369f7d1486
2022;2;202012103;Gelir İdaresi Başkanlığı;Şoför;Bayburt;Onlisans;1;;83.448;83.448;"3001;6512;7302";3001 - Herhangi bir önlisans programından mezun olmak. | 6512 - D1 sınıfı sürücü belgesine sahip olmak | 7302 - Bakınız Başvurma Özel Şartları Bölümü Şoför;f950481e-0a81-ed11-8117-a0369f7d1486
2022;2;202013846;Van Yüzüncü Yıl Üniversitesi;Memur;Van;Onlisans;3;;83.438;86.146;"3179;1129;1130;5351;8510;8560;9074";3179 - Aşağıdaki önlisans programlarından birinden mezun olmak. | 1129 - Büro Yönetimi | 1130 - Büro Yönetimi ve Sekreterlik | 5351 - Ofis Teknolojileri ve Yönetimi | 8510 - Büro Yönetimi ve Yönetici Asistanlığı | 8560 - Sekreterlik | 9074 - Büro Hizmetleri ve Yönetici Asistanlığı;9350481e-0a81-ed11-8117-a0369f7d1486
2022;2;202013468;Toprak Mahsulleri Ofisi Genel Müdürlüğü;Memur;Ankara;Onlisans;1;;83.436;83.436;"3290;1152;9213;7324";3290 - Aşağıdaki önlisans programlarından birinden mezun olmak. | 1152 - Elektrik | 9213 - Elektrik Teknolojisi | 7324 - (Bakınız Başvurma Özel Şartları Bölümü Toprak Mahsulleri Ofisi Genel Müdürlüğü).;ad4c481e-0a81-ed11-8117-a0369f7d1486
2022;2;202011053;Düzce Üniversitesi;Tekniker;Düzce;Onlisans;1;;83.376;83.376;"3239;4273;8502;8587;9179;9180;3393;1280;1282;1284;5334;6286;8641;8643";3239 - Aşağıdaki önlisans programlarından birinden mezun olmak. | 4273 - Grafik ve Reklamcılık | 8502 - Grafik-Grafik Tasarımı | 8587 - Açıkhava Reklam Ürünleri ve Serigrafi | 9179 - Grafik | 9180 - Grafik Tasarımı | 3393 - Aşağıdaki önlisans programlarından birinden mezun olmak. | 1280 - Radyo ve Tv Yayımcılığı | 1282 - Radyo ve Televizyon Programcılığı / Radyo-Televizyon Programcılığı | 1284 - Radyo ve Televizyon Yayımcılığı / Radyo-Televizyon Yayımcılığı | 5334 - Film Yapım Teknikleri | 6286 - Radyo Tv Yayımcılığı / Radyo-Tv Yayımcılığı | 8641 - Televizyon ve Radyo Programcılığı | 8643 - Televizyon Yapım ve Yönetimi;7351481e-0a81-ed11-8117-a0369f7d1486
2022;2;202012117;Gelir İdaresi Başkanlığı;Şoför;Bitlis;Onlisans;1;;83.321;83.321;"3001;6512;7302";3001 - Herhangi bir önlisans programından mezun olmak. | 6512 - D1 sınıfı sürücü belgesine sahip olmak | 7302 - Bakınız Başvurma Özel Şartları Bölümü Şoför;2f4d481e-0a81-ed11-8117-a0369f7d1486
2022;2;202012348;Gelir İdaresi Başkanlığı;Şoför;Mardin;Onlisans;1;;83.311;83.311;"3001;6512;7302";3001 - Herhangi bir önlisans programından mezun olmak. | 6512 - D1 sınıfı sürücü belgesine sahip olmak | 7302 - Bakınız Başvurma Özel Şartları Bölümü Şoför;8c4f481e-0a81-ed11-8117-a0369f7d1486
2022;2;202013041;T.C.Devlet Demiryolları İşletmesi Genel Müdürlüğü;Memur;Afyonkarahisar;Onlisans;2;;83.275;84.037;"3206;8621;3291;1160;1221;5330;8542;8551;9069;3292;6238;9553;3293;1137;1153;1154;1159;8524;9068;9544;3297;1180;1181;6155;6327;9067;3307;1165;5333;9065;7257;7300;7327";3206 - Aşağıdaki önlisans programlarından birinden mezun olmak. | 8621 - Raylı Sistemler Elektrik-Elektronik Teknolojisi / Raylı Sistemler Elektrik ve Elektronik Teknolojisi | 3291 - Aşağıdaki önlisans programlarından birinden mezun olmak. | 1160 - Endüstriyel Otomasyon Teknolojisi | 1221 - Kontrol Sistemleri Teknolojisi | 5330 - Endüstriyel Otomasyon | 8542 - Kontrol ve Ölçü Aletleri | 8551 - Otomasyon | 9069 - Kontrol ve Otomasyon Teknolojisi | 3292 - Aşağıdaki önlisans programlarından birinden mezun olmak. | 6238 - Mekatronik | 9553 - Mekatronik Teknlojisi | 3293 - Aşağıdaki önlisans programlarından birinden mezun olmak. | 1137 - Deniz Elektroniği | 1153 - Elektrik-Elektronik | 1154 - Elektronik | 1159 - Endüstriyel Elektronik | 8524 - Elektrik-Elektronik Teknikerliği | 9068 - Elektronik Teknolojisi | 9544 - Elektrik ve Elektronik Teknolojisi | 3297 - Aşağıdaki önlisans programlarından birinden mezun olmak. | 1180 - Haberleşme | 1181 - Haberleşme Teknolojisi | 6155 - Elektronik Haberleşme | 6327 - Telekomünikasyon | 9067 - Elektronik Haberleşme Teknolojisi | 3307 - Aşağıdaki önlisans programlarından birinden mezun olmak. | 1165 - Ev Cihazları Teknolojisi | 5333 - Ev Gereçleri | 9065 - Elektrikli Cihaz Teknolojisi | 7257 - Seyahate ve Arazide Çalışmaya Elverişli olmak. | 7300 - Bu kadro/pozisyonda vardiya sistemi uygulanmaktadır. | 7327 - (Bakınız Başvurma Özel Şartları Bölümü TCDD Genel Müdürlüğü).;064c481e-0a81-ed11-8117-a0369f7d1486
2022;2;202012327;Gelir İdaresi Başkanlığı;Şoför;Kütahya;Onlisans;1;;83.247;83.247;"3001;6512;7302";3001 - Herhangi bir önlisans programından mezun olmak. | 6512 - D1 sınıfı sürücü belgesine sahip olmak | 7302 - Bakınız Başvurma Özel Şartları Bölümü Şoför;454f481e-0a81-ed11-8117-a0369f7d1486
2022;2;202013636;Toprak Mahsulleri Ofisi Genel Müdürlüğü;Muhasebeci;Tekirdağ;Onlisans;1;;83.202;83.202;"3173;1117;1124;1249;9032;9331;3181;1235;7324";3173 - Aşağıdaki önlisans programlarından birinden mezun olmak. | 1117 - Bilgisayar Destekli Muhasebe | 1124 - Bilgisayarlı Muhasebe ve Vergi Uygulama | 1249 - Muhasebe | 9032 - Muhasebe ve Vergi Uygulamaları | 9331 - İşletme-Muhasebe | 3181 - Aşağıdaki önlisans programlarından birinden mezun olmak. | 1235 - Maliye | 7324 - (Bakınız Başvurma Özel Şartları Bölümü Toprak Mahsulleri Ofisi Genel Müdürlüğü).;3f50481e-0a81-ed11-8117-a0369f7d1486
2022;2;202012978;Selçuk Üniversitesi;Koruma ve Güvenlik Görevlisi;Konya;Onlisans;3;;83.176;85.268;"3001;6551;7303";3001 - Herhangi bir önlisans programından mezun olmak. | 6551 - Özel Güvenlik Görevlisi Kimlik Kartına Sahip olmak. | 7303 - (Bakınız Başvurma Özel Şartları Bölümü Koruma ve Güvenlik Görevlisi).;3e4f481e-0a81-ed11-8117-a0369f7d1486
2022;2;202010549;Devlet Demiryolları Taşımacılık A.Ş Genel Müdürlüğü;Tekniker;Mersin;Onlisans;1;;83.174;83.174;"3205;1288;8514;8625;3206;8621;7300;7368";3205 - Aşağıdaki önlisans programlarından birinden mezun olmak. | 1288 - Raylı Sistemler Teknolojisi | 8514 - Demiryolu Araçları | 8625 - Raylı Sistemler Makine Teknolojisi | 3206 - Aşağıdaki önlisans programlarından birinden mezun olmak. | 8621 - Raylı Sistemler Elektrik-Elektronik Teknolojisi / Raylı Sistemler Elektrik ve Elektronik Teknolojisi | 7300 - Bu kadro/pozisyonda vardiya sistemi uygulanmaktadır. | 7368 - (Bakınız Başvurma Özel Şartları Bölümü T.C. Devlet Demiryolları Taşımacılık A.Ş. Genel Müdürlüğü);324e481e-0a81-ed11-8117-a0369f7d1486
2022;2;202010493;Devlet Demiryolları Taşımacılık A.Ş Genel Müdürlüğü;Memur;Malatya;Onlisans;2;;83.114;93.226;"3224;8623;7300;7368";3224 - Aşağıdaki önlisans programlarından birinden mezun olmak. | 8623 - Raylı Sistemler İşletmeciliği | 7300 - Bu kadro/pozisyonda vardiya sistemi uygulanmaktadır. | 7368 - (Bakınız Başvurma Özel Şartları Bölümü T.C. Devlet Demiryolları Taşımacılık A.Ş. Genel Müdürlüğü);6b4f481e-0a81-ed11-8117-a0369f7d1486
2022;2;202010528;Devlet Demiryolları Taşımacılık A.Ş Genel Müdürlüğü;Tekniker;Gaziantep;Onlisans;2;;83.052;85.33;"3205;1288;8514;8625;3206;8621;7300;7368";3205 - Aşağıdaki önlisans programlarından birinden mezun olmak. | 1288 - Raylı Sistemler Teknolojisi | 8514 - Demiryolu Araçları | 8625 - Raylı Sistemler Makine Teknolojisi | 3206 - Aşağıdaki önlisans programlarından birinden mezun olmak. | 8621 - Raylı Sistemler Elektrik-Elektronik Teknolojisi / Raylı Sistemler Elektrik ve Elektronik Teknolojisi | 7300 - Bu kadro/pozisyonda vardiya sistemi uygulanmaktadır. | 7368 - (Bakınız Başvurma Özel Şartları Bölümü T.C. Devlet Demiryolları Taşımacılık A.Ş. Genel Müdürlüğü);dc4d481e-0a81-ed11-8117-a0369f7d1486
2022;2;202012096;Gelir İdaresi Başkanlığı;Şoför;Batman;Onlisans;1;;83.018;83.018;"3001;6512;7302";3001 - Herhangi bir önlisans programından mezun olmak. | 6512 - D1 sınıfı sürücü belgesine sahip olmak | 7302 - Bakınız Başvurma Özel Şartları Bölümü Şoför;1851481e-0a81-ed11-8117-a0369f7d1486
2022;2;202012355;Gelir İdaresi Başkanlığı;Şoför;Mersin;Onlisans;3;;83.003;84.265;"3001;6512;7302";3001 - Herhangi bir önlisans programından mezun olmak. | 6512 - D1 sınıfı sürücü belgesine sahip olmak | 7302 - Bakınız Başvurma Özel Şartları Bölümü Şoför;354e481e-0a81-ed11-8117-a0369f7d1486
2022;2;202013517;Toprak Mahsulleri Ofisi Genel Müdürlüğü;Memur;Ordu;Onlisans;1;;82.978;82.978;"3290;1152;9213;7324";3290 - Aşağıdaki önlisans programlarından birinden mezun olmak. | 1152 - Elektrik | 9213 - Elektrik Teknolojisi | 7324 - (Bakınız Başvurma Özel Şartları Bölümü Toprak Mahsulleri Ofisi Genel Müdürlüğü).;c04f481e-0a81-ed11-8117-a0369f7d1486
2022;2;202012376;Gelir İdaresi Başkanlığı;Şoför;Ordu;Onlisans;1;;82.962;82.962;"3001;6512;7302";3001 - Herhangi bir önlisans programından mezun olmak. | 6512 - D1 sınıfı sürücü belgesine sahip olmak | 7302 - Bakınız Başvurma Özel Şartları Bölümü Şoför;c34f481e-0a81-ed11-8117-a0369f7d1486
2022;2;202013195;T.C.Devlet Demiryolları İşletmesi Genel Müdürlüğü;Memur;Malatya;Onlisans;2;;82.947;83.254;"3206;8621;3287;4256;6197;8571;9063;3290;1152;9213;3293;1137;1153;1154;1159;8524;9068;9544;7257;7300;7327";3206 - Aşağıdaki önlisans programlarından birinden mezun olmak. | 8621 - Raylı Sistemler Elektrik-Elektronik Teknolojisi / Raylı Sistemler Elektrik ve Elektronik Teknolojisi | 3287 - Aşağıdaki önlisans programlarından birinden mezun olmak. | 4256 - Enerji | 6197 - Hidroelektrik Santralları / Hidroelektrik Santralleri | 8571 - Termik Santrallerde Enerji Üretimi | 9063 - Elektrik Enerjisi Üretim, İletim ve Dağıtımı | 3290 - Aşağıdaki önlisans programlarından birinden mezun olmak. | 1152 - Elektrik | 9213 - Elektrik Teknolojisi | 3293 - Aşağıdaki önlisans programlarından birinden mezun olmak. | 1137 - Deniz Elektroniği | 1153 - Elektrik-Elektronik | 1154 - Elektronik | 1159 - Endüstriyel Elektronik | 8524 - Elektrik-Elektronik Teknikerliği | 9068 - Elektronik Teknolojisi | 9544 - Elektrik ve Elektronik Teknolojisi | 7257 - Seyahate ve Arazide Çalışmaya Elverişli olmak. | 7300 - Bu kadro/pozisyonda vardiya sistemi uygulanmaktadır. | 7327 - (Bakınız Başvurma Özel Şartları Bölümü TCDD Genel Müdürlüğü).;684f481e-0a81-ed11-8117-a0369f7d1486
2022;2;202012439;Gelir İdaresi Başkanlığı;Şoför;Şırnak;Onlisans;1;;82.9;82.9;"3001;6512;7302";3001 - Herhangi bir önlisans programından mezun olmak. | 6512 - D1 sınıfı sürücü belgesine sahip olmak | 7302 - Bakınız Başvurma Özel Şartları Bölümü Şoför;1951481e-0a81-ed11-8117-a0369f7d1486
2022;2;202010514;Devlet Demiryolları Taşımacılık A.Ş Genel Müdürlüğü;Tekniker;Afyonkarahisar;Onlisans;3;;82.887;89.518;"3205;1288;8514;8625;3206;8621;7300;7368";3205 - Aşağıdaki önlisans programlarından birinden mezun olmak. | 1288 - Raylı Sistemler Teknolojisi | 8514 - Demiryolu Araçları | 8625 - Raylı Sistemler Makine Teknolojisi | 3206 - Aşağıdaki önlisans programlarından birinden mezun olmak. | 8621 - Raylı Sistemler Elektrik-Elektronik Teknolojisi / Raylı Sistemler Elektrik ve Elektronik Teknolojisi | 7300 - Bu kadro/pozisyonda vardiya sistemi uygulanmaktadır. | 7368 - (Bakınız Başvurma Özel Şartları Bölümü T.C. Devlet Demiryolları Taşımacılık A.Ş. Genel Müdürlüğü);fa4b481e-0a81-ed11-8117-a0369f7d1486
2022;2;202012292;Gelir İdaresi Başkanlığı;Şoför;Kastamonu;Onlisans;1;;82.887;82.887;"3001;6512;7302";3001 - Herhangi bir önlisans programından mezun olmak. | 6512 - D1 sınıfı sürücü belgesine sahip olmak | 7302 - Bakınız Başvurma Özel Şartları Bölümü Şoför;dd4e481e-0a81-ed11-8117-a0369f7d1486
2022;2;202011011;Devlet Opera ve Balesi Genel Müdürlüğü;Şoför;Ankara;Onlisans;1;;82.866;82.866;"3001;6514;7302";3001 - Herhangi bir önlisans programından mezun olmak. | 6514 - D sınıfı sürücü belgesine sahip olmak | 7302 - Bakınız Başvurma Özel Şartları Bölümü Şoför;cb4c481e-0a81-ed11-8117-a0369f7d1486
2022;2;202013482;Toprak Mahsulleri Ofisi Genel Müdürlüğü;Memur;Denizli;Onlisans;1;;82.809;82.809;"3290;1152;9213;7324";3290 - Aşağıdaki önlisans programlarından birinden mezun olmak. | 1152 - Elektrik | 9213 - Elektrik Teknolojisi | 7324 - (Bakınız Başvurma Özel Şartları Bölümü Toprak Mahsulleri Ofisi Genel Müdürlüğü).;744d481e-0a81-ed11-8117-a0369f7d1486
2022;2;202010192;Amasya Üniversitesi;Bilgisayar İşletmeni;Amasya;Onlisans;1;;82.788;82.788;"3179;1129;1130;5351;8510;8560;9074;6225";3179 - Aşağıdaki önlisans programlarından birinden mezun olmak. | 1129 - Büro Yönetimi | 1130 - Büro Yönetimi ve Sekreterlik | 5351 - Ofis Teknolojileri ve Yönetimi | 8510 - Büro Yönetimi ve Yönetici Asistanlığı | 8560 - Sekreterlik | 9074 - Büro Hizmetleri ve Yönetici Asistanlığı | 6225 - M.E.B.'Dan Onaylı Bilgisayar İşletmeni Sertifikası Sahibi olmak.;2d4c481e-0a81-ed11-8117-a0369f7d1486
2022;2;202012124;Gelir İdaresi Başkanlığı;Şoför;Bolu;Onlisans;1;;82.768;82.768;"3001;6512;7302";3001 - Herhangi bir önlisans programından mezun olmak. | 6512 - D1 sınıfı sürücü belgesine sahip olmak | 7302 - Bakınız Başvurma Özel Şartları Bölümü Şoför;314d481e-0a81-ed11-8117-a0369f7d1486
2022;2;202013223;T.C.Devlet Demiryolları İşletmesi Genel Müdürlüğü;Memur;Niğde;Onlisans;2;;82.736;82.918;"3206;8621;3291;1160;1221;5330;8542;8551;9069;3292;6238;9553;3293;1137;1153;1154;1159;8524;9068;9544;3297;1180;1181;6155;6327;9067;3307;1165;5333;9065;7257;7300;7327";3206 - Aşağıdaki önlisans programlarından birinden mezun olmak. | 8621 - Raylı Sistemler Elektrik-Elektronik Teknolojisi / Raylı Sistemler Elektrik ve Elektronik Teknolojisi | 3291 - Aşağıdaki önlisans programlarından birinden mezun olmak. | 1160 - Endüstriyel Otomasyon Teknolojisi | 1221 - Kontrol Sistemleri Teknolojisi | 5330 - Endüstriyel Otomasyon | 8542 - Kontrol ve Ölçü Aletleri | 8551 - Otomasyon | 9069 - Kontrol ve Otomasyon Teknolojisi | 3292 - Aşağıdaki önlisans programlarından birinden mezun olmak. | 6238 - Mekatronik | 9553 - Mekatronik Teknlojisi | 3293 - Aşağıdaki önlisans programlarından birinden mezun olmak. | 1137 - Deniz Elektroniği | 1153 - Elektrik-Elektronik | 1154 - Elektronik | 1159 - Endüstriyel Elektronik | 8524 - Elektrik-Elektronik Teknikerliği | 9068 - Elektronik Teknolojisi | 9544 - Elektrik ve Elektronik Teknolojisi | 3297 - Aşağıdaki önlisans programlarından birinden mezun olmak. | 1180 - Haberleşme | 1181 - Haberleşme Teknolojisi | 6155 - Elektronik Haberleşme | 6327 - Telekomünikasyon | 9067 - Elektronik Haberleşme Teknolojisi | 3307 - Aşağıdaki önlisans programlarından birinden mezun olmak. | 1165 - Ev Cihazları Teknolojisi | 5333 - Ev Gereçleri | 9065 - Elektrikli Cihaz Teknolojisi | 7257 - Seyahate ve Arazide Çalışmaya Elverişli olmak. | 7300 - Bu kadro/pozisyonda vardiya sistemi uygulanmaktadır. | 7327 - (Bakınız Başvurma Özel Şartları Bölümü TCDD Genel Müdürlüğü).;ba4f481e-0a81-ed11-8117-a0369f7d1486
2022;2;202010353;Çukurova Üniversitesi;Memur;Adana;Onlisans;1;;82.685;82.685;"3179;1129;1130;5351;8510;8560;9074";3179 - Aşağıdaki önlisans programlarından birinden mezun olmak. | 1129 - Büro Yönetimi | 1130 - Büro Yönetimi ve Sekreterlik | 5351 - Ofis Teknolojileri ve Yönetimi | 8510 - Büro Yönetimi ve Yönetici Asistanlığı | 8560 - Sekreterlik | 9074 - Büro Hizmetleri ve Yönetici Asistanlığı;dd4b481e-0a81-ed11-8117-a0369f7d1486
2022;2;202012047;Gelir İdaresi Başkanlığı;Şoför;Amasya;Onlisans;1;;82.656;82.656;"3001;6512;7302";3001 - Herhangi bir önlisans programından mezun olmak. | 6512 - D1 sınıfı sürücü belgesine sahip olmak | 7302 - Bakınız Başvurma Özel Şartları Bölümü Şoför;2f4c481e-0a81-ed11-8117-a0369f7d1486
2022;2;202012670;İzmir Yüksek Teknoloji Enstitüsü;Tekniker;İzmir;Onlisans;1;;82.62;82.62;"3239;4273;8502;8587;9179;9180";3239 - Aşağıdaki önlisans programlarından birinden mezun olmak. | 4273 - Grafik ve Reklamcılık | 8502 - Grafik-Grafik Tasarımı | 8587 - Açıkhava Reklam Ürünleri ve Serigrafi | 9179 - Grafik | 9180 - Grafik Tasarımı;b74e481e-0a81-ed11-8117-a0369f7d1486
2022;2;202013251;T.C.Devlet Demiryolları İşletmesi Genel Müdürlüğü;Memur;Sivas;Onlisans;2;;82.565;82.917;"3206;8621;3291;1160;1221;5330;8542;8551;9069;3292;6238;9553;3293;1137;1153;1154;1159;8524;9068;9544;3297;1180;1181;6155;6327;9067;3307;1165;5333;9065;7257;7300;7327";3206 - Aşağıdaki önlisans programlarından birinden mezun olmak. | 8621 - Raylı Sistemler Elektrik-Elektronik Teknolojisi / Raylı Sistemler Elektrik ve Elektronik Teknolojisi | 3291 - Aşağıdaki önlisans programlarından birinden mezun olmak. | 1160 - Endüstriyel Otomasyon Teknolojisi | 1221 - Kontrol Sistemleri Teknolojisi | 5330 - Endüstriyel Otomasyon | 8542 - Kontrol ve Ölçü Aletleri | 8551 - Otomasyon | 9069 - Kontrol ve Otomasyon Teknolojisi | 3292 - Aşağıdaki önlisans programlarından birinden mezun olmak. | 6238 - Mekatronik | 9553 - Mekatronik Teknlojisi | 3293 - Aşağıdaki önlisans programlarından birinden mezun olmak. | 1137 - Deniz Elektroniği | 1153 - Elektrik-Elektronik | 1154 - Elektronik | 1159 - Endüstriyel Elektronik | 8524 - Elektrik-Elektronik Teknikerliği | 9068 - Elektronik Teknolojisi | 9544 - Elektrik ve Elektronik Teknolojisi | 3297 - Aşağıdaki önlisans programlarından birinden mezun olmak. | 1180 - Haberleşme | 1181 - Haberleşme Teknolojisi | 6155 - Elektronik Haberleşme | 6327 - Telekomünikasyon | 9067 - Elektronik Haberleşme Teknolojisi | 3307 - Aşağıdaki önlisans programlarından birinden mezun olmak. | 1165 - Ev Cihazları Teknolojisi | 5333 - Ev Gereçleri | 9065 - Elektrikli Cihaz Teknolojisi | 7257 - Seyahate ve Arazide Çalışmaya Elverişli olmak. | 7300 - Bu kadro/pozisyonda vardiya sistemi uygulanmaktadır. | 7327 - (Bakınız Başvurma Özel Şartları Bölümü TCDD Genel Müdürlüğü).;2e50481e-0a81-ed11-8117-a0369f7d1486
2022;2;202013762;Türkiye Taşkömürü Kurumu Genel Müdürlüğü;Tekniker;Zonguldak;Onlisans;4;;82.514;83.071;"3319;1187;1188;1189;8546;7300";3319 - Aşağıdaki önlisans programlarından birinden mezun olmak. | 1187 - Harita | 1188 - Harita Kadastro / Harita ve Kadastro | 1189 - Harita ve Maden Ölçme | 8546 - Harita Teknikerliği | 7300 - Bu kadro/pozisyonda vardiya sistemi uygulanmaktadır.;e450481e-0a81-ed11-8117-a0369f7d1486
2022;2;202012894;Orta Doğu Teknik Üniversitesi;Aşçı;Ankara;Onlisans;1;;82.511;82.511;"3222;1110;1196;1250;8578;8599;9501";3222 - Aşağıdaki önlisans programlarından birinden mezun olmak. | 1110 - Aşçılık | 1196 - Hazır Yemek ve Aşçılık | 1250 - Mutfak Yönetimi | 8578 - Yemek Pişirme Teknikleri | 8599 - Gastronomi ve Mutfak Sanatları | 9501 - Gemi Aşçılığı;aa4c481e-0a81-ed11-8117-a0369f7d1486
2022;2;202013412;Toprak Mahsulleri Ofisi Genel Müdürlüğü;Anbar Memuru;Erzurum;Onlisans;1;;82.5;82.5;"3290;1152;9213;7324";3290 - Aşağıdaki önlisans programlarından birinden mezun olmak. | 1152 - Elektrik | 9213 - Elektrik Teknolojisi | 7324 - (Bakınız Başvurma Özel Şartları Bölümü Toprak Mahsulleri Ofisi Genel Müdürlüğü).;b64d481e-0a81-ed11-8117-a0369f7d1486
2022;2;202012922;Sakarya Uygulamalı Bilimler Üniversitesi;Bilgisayar İşletmeni;Sakarya;Onlisans;1;;82.498;82.498;"3179;1129;1130;5351;8510;8560;9074;6225";3179 - Aşağıdaki önlisans programlarından birinden mezun olmak. | 1129 - Büro Yönetimi | 1130 - Büro Yönetimi ve Sekreterlik | 5351 - Ofis Teknolojileri ve Yönetimi | 8510 - Büro Yönetimi ve Yönetici Asistanlığı | 8560 - Sekreterlik | 9074 - Büro Hizmetleri ve Yönetici Asistanlığı | 6225 - M.E.B.'Dan Onaylı Bilgisayar İşletmeni Sertifikası Sahibi olmak.;dc4f481e-0a81-ed11-8117-a0369f7d1486
2022;2;202013433;Toprak Mahsulleri Ofisi Genel Müdürlüğü;Anbar Memuru;Manisa;Onlisans;1;;82.49;82.49;"3290;1152;9213;7324";3290 - Aşağıdaki önlisans programlarından birinden mezun olmak. | 1152 - Elektrik | 9213 - Elektrik Teknolojisi | 7324 - (Bakınız Başvurma Özel Şartları Bölümü Toprak Mahsulleri Ofisi Genel Müdürlüğü).;744f481e-0a81-ed11-8117-a0369f7d1486
2022;2;202013853;Yıldız Teknik Üniversitesi;Tekniker;İstanbul;Onlisans;1;;82.49;82.49;"3248;1119;1123;4221;4223;4321;8507;9075";3248 - Aşağıdaki önlisans programlarından birinden mezun olmak. | 1119 - Bilgisayar Donanımı | 1123 - Bilgisayar ve Enformasyon Sistemleri | 4221 - Bilgisayar Teknolojileri ve Bilişim Sistemleri | 4223 - Bilişim Sistemleri ve Teknolojileri | 4321 - Muhabere ve Elektronik Bilgi Sistemleri | 8507 - Bilgisayar Teknolojileri ve Yönetimi | 9075 - Bilgisayar Teknolojisi;824e481e-0a81-ed11-8117-a0369f7d1486
2022;2;202012369;Gelir İdaresi Başkanlığı;Şoför;Nevşehir;Onlisans;1;;82.473;82.473;"3001;6512;7302";3001 - Herhangi bir önlisans programından mezun olmak. | 6512 - D1 sınıfı sürücü belgesine sahip olmak | 7302 - Bakınız Başvurma Özel Şartları Bölümü Şoför;b14f481e-0a81-ed11-8117-a0369f7d1486
2022;2;202013601;Toprak Mahsulleri Ofisi Genel Müdürlüğü;Muhasebeci;Konya;Onlisans;1;;82.472;82.472;"3173;1117;1124;1249;9032;9331;3181;1235;7324";3173 - Aşağıdaki önlisans programlarından birinden mezun olmak. | 1117 - Bilgisayar Destekli Muhasebe | 1124 - Bilgisayarlı Muhasebe ve Vergi Uygulama | 1249 - Muhasebe | 9032 - Muhasebe ve Vergi Uygulamaları | 9331 - İşletme-Muhasebe | 3181 - Aşağıdaki önlisans programlarından birinden mezun olmak. | 1235 - Maliye | 7324 - (Bakınız Başvurma Özel Şartları Bölümü Toprak Mahsulleri Ofisi Genel Müdürlüğü).;3b4f481e-0a81-ed11-8117-a0369f7d1486
2022;2;202010311;Burdur Mehmet Akif Ersoy Üniversitesi;Bilgisayar İşletmeni;Burdur;Onlisans;5;;82.444;83.444;"3163;1163;1206;1207;1254;1333;4296;4351;4406;5339;5341;6176;8603;3173;1117;1124;1249;9032;9331;3179;1129;1130;5351;8510;8560;9074;3181;1235;6225";3163 - Aşağıdaki önlisans programlarından birinden mezun olmak. | 1163 - Endüstriyel Yönetim | 1206 - İşletme Organizasyonu ve Çiftlik Yönetimi | 1207 - İşletmecilik | 1254 - Orta Kademe Yöneticiliği / Orta Kademe Yöneticilik | 1333 - Ticaret ve Yönetim | 4296 - İşletme Yönetimi | 4351 - Sevk ve İdare | 4406 - Yönetim | 5339 - İş İdaresi | 5341 - İşletme | 6176 - Genel İşletme | 8603 - Girişimcilik ve Proje Yönetim Asistanlığı | 3173 - Aşağıdaki önlisans programlarından birinden mezun olmak. | 1117 - Bilgisayar Destekli Muhasebe | 1124 - Bilgisayarlı Muhasebe ve Vergi Uygulama | 1249 - Muhasebe | 9032 - Muhasebe ve Vergi Uygulamaları | 9331 - İşletme-Muhasebe | 3179 - Aşağıdaki önlisans programlarından birinden mezun olmak. | 1129 - Büro Yönetimi | 1130 - Büro Yönetimi ve Sekreterlik | 5351 - Ofis Teknolojileri ve Yönetimi | 8510 - Büro Yönetimi ve Yönetici Asistanlığı | 8560 - Sekreterlik | 9074 - Büro Hizmetleri ve Yönetici Asistanlığı | 3181 - Aşağıdaki önlisans programlarından birinden mezun olmak. | 1235 - Maliye | 6225 - M.E.B.'Dan Onaylı Bilgisayar İşletmeni Sertifikası Sahibi olmak.;334d481e-0a81-ed11-8117-a0369f7d1486
2022;2;202011046;Düzce Üniversitesi;Memur;Düzce;Onlisans;4;;82.42;87.128;"3163;1163;1206;1207;1254;1333;4296;4351;4406;5339;5341;6176;8603;3173;1117;1124;1249;9032;9331;3179;1129;1130;5351;8510;8560;9074;3183;5338;6271;9073;3391;1185;1186;5337;8531";3163 - Aşağıdaki önlisans programlarından birinden mezun olmak. | 1163 - Endüstriyel Yönetim | 1206 - İşletme Organizasyonu ve Çiftlik Yönetimi | 1207 - İşletmecilik | 1254 - Orta Kademe Yöneticiliği / Orta Kademe Yöneticilik | 1333 - Ticaret ve Yönetim | 4296 - İşletme Yönetimi | 4351 - Sevk ve İdare | 4406 - Yönetim | 5339 - İş İdaresi | 5341 - İşletme | 6176 - Genel İşletme | 8603 - Girişimcilik ve Proje Yönetim Asistanlığı | 3173 - Aşağıdaki önlisans programlarından birinden mezun olmak. | 1117 - Bilgisayar Destekli Muhasebe | 1124 - Bilgisayarlı Muhasebe ve Vergi Uygulama | 1249 - Muhasebe | 9032 - Muhasebe ve Vergi Uygulamaları | 9331 - İşletme-Muhasebe | 3179 - Aşağıdaki önlisans programlarından birinden mezun olmak. | 1129 - Büro Yönetimi | 1130 - Büro Yönetimi ve Sekreterlik | 5351 - Ofis Teknolojileri ve Yönetimi | 8510 - Büro Yönetimi ve Yönetici Asistanlığı | 8560 - Sekreterlik | 9074 - Büro Hizmetleri ve Yönetici Asistanlığı | 3183 - Aşağıdaki önlisans programlarından birinden mezun olmak. | 5338 - İnsan Kaynakları | 6271 - Personel Yönetimi | 9073 - İnsan Kaynakları Yönetimi | 3391 - Aşağıdaki önlisans programlarından birinden mezun olmak. | 1185 - Halkla İlişkiler | 1186 - Halkla İlişkiler ve Reklamcılık | 5337 - İletişim ve Halkla İlişkiler | 8531 - Halkla İlişkiler ve Tanıtım;7251481e-0a81-ed11-8117-a0369f7d1486
2022;2;202010696;Devlet Hava Meydanları İşletmesi Genel Müdürlüğü;Köprü Operatörü;Gaziantep;Onlisans;1;;82.418;82.418;"3366;1204;1232;1233;5312;8570;6516;7302;7322";3366 - Aşağıdaki önlisans programlarından birinden mezun olmak. | 1204 - İş Makineleri | 1232 - Makine | 1233 - Makine Yağları ve Yağlama Teknolojisi | 5312 - Bilgisayar Destekli Makine | 8570 - Termik Santral Makineleri | 6516 - G sınıfı sürücü belgesine sahip olmak | 7302 - Bakınız Başvurma Özel Şartları Bölümü Şoför | 7322 - (Bakınız Başvurma Özel Şartları Bölümü Devlet Hava Meydanları İşletmesi Genel Müdürlüğü).;de4d481e-0a81-ed11-8117-a0369f7d1486
2022;2;202010185;Aksaray Üniversitesi;Sekreter;Aksaray;Onlisans;2;;82.408;82.71;"3179;1129;1130;5351;8510;8560;9074";3179 - Aşağıdaki önlisans programlarından birinden mezun olmak. | 1129 - Büro Yönetimi | 1130 - Büro Yönetimi ve Sekreterlik | 5351 - Ofis Teknolojileri ve Yönetimi | 8510 - Büro Yönetimi ve Yönetici Asistanlığı | 8560 - Sekreterlik | 9074 - Büro Hizmetleri ve Yönetici Asistanlığı;f650481e-0a81-ed11-8117-a0369f7d1486
2022;2;202013615;Toprak Mahsulleri Ofisi Genel Müdürlüğü;Muhasebeci;Nevşehir;Onlisans;1;;82.399;82.399;"3173;1117;1124;1249;9032;9331;3181;1235;7324";3173 - Aşağıdaki önlisans programlarından birinden mezun olmak. | 1117 - Bilgisayar Destekli Muhasebe | 1124 - Bilgisayarlı Muhasebe ve Vergi Uygulama | 1249 - Muhasebe | 9032 - Muhasebe ve Vergi Uygulamaları | 9331 - İşletme-Muhasebe | 3181 - Aşağıdaki önlisans programlarından birinden mezun olmak. | 1235 - Maliye | 7324 - (Bakınız Başvurma Özel Şartları Bölümü Toprak Mahsulleri Ofisi Genel Müdürlüğü).;b34f481e-0a81-ed11-8117-a0369f7d1486
2022;2;202013622;Toprak Mahsulleri Ofisi Genel Müdürlüğü;Muhasebeci;Ordu;Onlisans;1;;82.369;82.369;"3173;1117;1124;1249;9032;9331;3181;1235;7324";3173 - Aşağıdaki önlisans programlarından birinden mezun olmak. | 1117 - Bilgisayar Destekli Muhasebe | 1124 - Bilgisayarlı Muhasebe ve Vergi Uygulama | 1249 - Muhasebe | 9032 - Muhasebe ve Vergi Uygulamaları | 9331 - İşletme-Muhasebe | 3181 - Aşağıdaki önlisans programlarından birinden mezun olmak. | 1235 - Maliye | 7324 - (Bakınız Başvurma Özel Şartları Bölümü Toprak Mahsulleri Ofisi Genel Müdürlüğü).;c14f481e-0a81-ed11-8117-a0369f7d1486
2022;2;202013888;Zonguldak Bülent Ecevit Üniversitesi;Bilgisayar İşletmeni;Zonguldak;Onlisans;2;;82.359;83.148;"3163;1163;1206;1207;1254;1333;4296;4351;4406;5339;5341;6176;8603;6225";3163 - Aşağıdaki önlisans programlarından birinden mezun olmak. | 1163 - Endüstriyel Yönetim | 1206 - İşletme Organizasyonu ve Çiftlik Yönetimi | 1207 - İşletmecilik | 1254 - Orta Kademe Yöneticiliği / Orta Kademe Yöneticilik | 1333 - Ticaret ve Yönetim | 4296 - İşletme Yönetimi | 4351 - Sevk ve İdare | 4406 - Yönetim | 5339 - İş İdaresi | 5341 - İşletme | 6176 - Genel İşletme | 8603 - Girişimcilik ve Proje Yönetim Asistanlığı | 6225 - M.E.B.'Dan Onaylı Bilgisayar İşletmeni Sertifikası Sahibi olmak.;d650481e-0a81-ed11-8117-a0369f7d1486
2022;2;202010640;Devlet Hava Meydanları İşletmesi Genel Müdürlüğü;İş Makinası Sürücüsü;Bingöl;Onlisans;1;;82.316;82.316;"3366;1204;1232;1233;5312;8570;3368;9227;6516;7302;7322";3366 - Aşağıdaki önlisans programlarından birinden mezun olmak. | 1204 - İş Makineleri | 1232 - Makine | 1233 - Makine Yağları ve Yağlama Teknolojisi | 5312 - Bilgisayar Destekli Makine | 8570 - Termik Santral Makineleri | 3368 - Aşağıdaki önlisans programlarından birinden mezun olmak. | 9227 - İş Makineleri Operatörlüğü | 6516 - G sınıfı sürücü belgesine sahip olmak | 7302 - Bakınız Başvurma Özel Şartları Bölümü Şoför | 7322 - (Bakınız Başvurma Özel Şartları Bölümü Devlet Hava Meydanları İşletmesi Genel Müdürlüğü).;294d481e-0a81-ed11-8117-a0369f7d1486
2022;2;202012390;Gelir İdaresi Başkanlığı;Şoför;Rize;Onlisans;1;;82.311;82.311;"3001;6512;7302";3001 - Herhangi bir önlisans programından mezun olmak. | 6512 - D1 sınıfı sürücü belgesine sahip olmak | 7302 - Bakınız Başvurma Özel Şartları Bölümü Şoför;c64f481e-0a81-ed11-8117-a0369f7d1486
2022;2;202012040;Gelir İdaresi Başkanlığı;Şoför;Afyonkarahisar;Onlisans;1;;82.288;82.288;"3001;6512;7302";3001 - Herhangi bir önlisans programından mezun olmak. | 6512 - D1 sınıfı sürücü belgesine sahip olmak | 7302 - Bakınız Başvurma Özel Şartları Bölümü Şoför;014c481e-0a81-ed11-8117-a0369f7d1486
2022;2;202013419;Toprak Mahsulleri Ofisi Genel Müdürlüğü;Anbar Memuru;Kayseri;Onlisans;1;;82.286;82.286;"3290;1152;9213;7324";3290 - Aşağıdaki önlisans programlarından birinden mezun olmak. | 1152 - Elektrik | 9213 - Elektrik Teknolojisi | 7324 - (Bakınız Başvurma Özel Şartları Bölümü Toprak Mahsulleri Ofisi Genel Müdürlüğü).;f24e481e-0a81-ed11-8117-a0369f7d1486
2022;2;202013608;Toprak Mahsulleri Ofisi Genel Müdürlüğü;Muhasebeci;Konya;Onlisans;1;;82.273;82.273;"3173;1117;1124;1249;9032;9331;3181;1235;7324";3173 - Aşağıdaki önlisans programlarından birinden mezun olmak. | 1117 - Bilgisayar Destekli Muhasebe | 1124 - Bilgisayarlı Muhasebe ve Vergi Uygulama | 1249 - Muhasebe | 9032 - Muhasebe ve Vergi Uygulamaları | 9331 - İşletme-Muhasebe | 3181 - Aşağıdaki önlisans programlarından birinden mezun olmak. | 1235 - Maliye | 7324 - (Bakınız Başvurma Özel Şartları Bölümü Toprak Mahsulleri Ofisi Genel Müdürlüğü).;3c4f481e-0a81-ed11-8117-a0369f7d1486
2022;2;202012264;Gelir İdaresi Başkanlığı;Şoför;İzmir;Onlisans;5;;82.205;83.276;"3001;6512;7302";3001 - Herhangi bir önlisans programından mezun olmak. | 6512 - D1 sınıfı sürücü belgesine sahip olmak | 7302 - Bakınız Başvurma Özel Şartları Bölümü Şoför;b34e481e-0a81-ed11-8117-a0369f7d1486
2022;2;202013524;Toprak Mahsulleri Ofisi Genel Müdürlüğü;Memur;Samsun;Onlisans;1;;82.176;82.176;"3290;1152;9213;7324";3290 - Aşağıdaki önlisans programlarından birinden mezun olmak. | 1152 - Elektrik | 9213 - Elektrik Teknolojisi | 7324 - (Bakınız Başvurma Özel Şartları Bölümü Toprak Mahsulleri Ofisi Genel Müdürlüğü).;e84f481e-0a81-ed11-8117-a0369f7d1486
2022;2;202010248;Bartın Üniversitesi;Bilgisayar İşletmeni;Bartın;Onlisans;1;;82.158;82.158;"3179;1129;1130;5351;8510;8560;9074;6225";3179 - Aşağıdaki önlisans programlarından birinden mezun olmak. | 1129 - Büro Yönetimi | 1130 - Büro Yönetimi ve Sekreterlik | 5351 - Ofis Teknolojileri ve Yönetimi | 8510 - Büro Yönetimi ve Yönetici Asistanlığı | 8560 - Sekreterlik | 9074 - Büro Hizmetleri ve Yönetici Asistanlığı | 6225 - M.E.B.'Dan Onaylı Bilgisayar İşletmeni Sertifikası Sahibi olmak.;3151481e-0a81-ed11-8117-a0369f7d1486
2022;2;202012341;Gelir İdaresi Başkanlığı;Şoför;Manisa;Onlisans;2;;82.119;84.426;"3001;6512;7302";3001 - Herhangi bir önlisans programından mezun olmak. | 6512 - D1 sınıfı sürücü belgesine sahip olmak | 7302 - Bakınız Başvurma Özel Şartları Bölümü Şoför;764f481e-0a81-ed11-8117-a0369f7d1486
2022;2;202013153;T.C.Devlet Demiryolları İşletmesi Genel Müdürlüğü;Memur;Kars;Onlisans;1;;82.081;82.081;"3206;8621;3291;1160;1221;5330;8542;8551;9069;3292;6238;9553;3293;1137;1153;1154;1159;8524;9068;9544;3297;1180;1181;6155;6327;9067;3307;1165;5333;9065;7257;7300;7327";3206 - Aşağıdaki önlisans programlarından birinden mezun olmak. | 8621 - Raylı Sistemler Elektrik-Elektronik Teknolojisi / Raylı Sistemler Elektrik ve Elektronik Teknolojisi | 3291 - Aşağıdaki önlisans programlarından birinden mezun olmak. | 1160 - Endüstriyel Otomasyon Teknolojisi | 1221 - Kontrol Sistemleri Teknolojisi | 5330 - Endüstriyel Otomasyon | 8542 - Kontrol ve Ölçü Aletleri | 8551 - Otomasyon | 9069 - Kontrol ve Otomasyon Teknolojisi | 3292 - Aşağıdaki önlisans programlarından birinden mezun olmak. | 6238 - Mekatronik | 9553 - Mekatronik Teknlojisi | 3293 - Aşağıdaki önlisans programlarından birinden mezun olmak. | 1137 - Deniz Elektroniği | 1153 - Elektrik-Elektronik | 1154 - Elektronik | 1159 - Endüstriyel Elektronik | 8524 - Elektrik-Elektronik Teknikerliği | 9068 - Elektronik Teknolojisi | 9544 - Elektrik ve Elektronik Teknolojisi | 3297 - Aşağıdaki önlisans programlarından birinden mezun olmak. | 1180 - Haberleşme | 1181 - Haberleşme Teknolojisi | 6155 - Elektronik Haberleşme | 6327 - Telekomünikasyon | 9067 - Elektronik Haberleşme Teknolojisi | 3307 - Aşağıdaki önlisans programlarından birinden mezun olmak. | 1165 - Ev Cihazları Teknolojisi | 5333 - Ev Gereçleri | 9065 - Elektrikli Cihaz Teknolojisi | 7257 - Seyahate ve Arazide Çalışmaya Elverişli olmak. | 7300 - Bu kadro/pozisyonda vardiya sistemi uygulanmaktadır. | 7327 - (Bakınız Başvurma Özel Şartları Bölümü TCDD Genel Müdürlüğü).;d24e481e-0a81-ed11-8117-a0369f7d1486
2022;2;202012453;Gelir İdaresi Başkanlığı;Şoför;Trabzon;Onlisans;2;;82.078;82.452;"3001;6512;7302";3001 - Herhangi bir önlisans programından mezun olmak. | 6512 - D1 sınıfı sürücü belgesine sahip olmak | 7302 - Bakınız Başvurma Özel Şartları Bölümü Şoför;5950481e-0a81-ed11-8117-a0369f7d1486
2022;2;202013461;Toprak Mahsulleri Ofisi Genel Müdürlüğü;Memur;Ankara;Onlisans;1;;82.071;82.071;"3290;1152;9213;7324";3290 - Aşağıdaki önlisans programlarından birinden mezun olmak. | 1152 - Elektrik | 9213 - Elektrik Teknolojisi | 7324 - (Bakınız Başvurma Özel Şartları Bölümü Toprak Mahsulleri Ofisi Genel Müdürlüğü).;ac4c481e-0a81-ed11-8117-a0369f7d1486
2022;2;202013559;Toprak Mahsulleri Ofisi Genel Müdürlüğü;Memur;Yozgat;Onlisans;1;;82.055;82.055;"3290;1152;9213;7324";3290 - Aşağıdaki önlisans programlarından birinden mezun olmak. | 1152 - Elektrik | 9213 - Elektrik Teknolojisi | 7324 - (Bakınız Başvurma Özel Şartları Bölümü Toprak Mahsulleri Ofisi Genel Müdürlüğü).;b850481e-0a81-ed11-8117-a0369f7d1486
2022;2;202011018;Devlet Opera ve Balesi Genel Müdürlüğü;Şoför;İstanbul;Onlisans;1;;82.026;82.026;"3001;6514;7302";3001 - Herhangi bir önlisans programından mezun olmak. | 6514 - D sınıfı sürücü belgesine sahip olmak | 7302 - Bakınız Başvurma Özel Şartları Bölümü Şoför;884e481e-0a81-ed11-8117-a0369f7d1486
2022;2;202012383;Gelir İdaresi Başkanlığı;Şoför;Osmaniye;Onlisans;1;;82.022;82.022;"3001;6512;7302";3001 - Herhangi bir önlisans programından mezun olmak. | 6512 - D1 sınıfı sürücü belgesine sahip olmak | 7302 - Bakınız Başvurma Özel Şartları Bölümü Şoför;6951481e-0a81-ed11-8117-a0369f7d1486
2022;2;202011060;Düzce Üniversitesi;Tekniker;Düzce;Onlisans;1;;82.009;82.009;"3248;1119;1123;4221;4223;4321;8507;9075";3248 - Aşağıdaki önlisans programlarından birinden mezun olmak. | 1119 - Bilgisayar Donanımı | 1123 - Bilgisayar ve Enformasyon Sistemleri | 4221 - Bilgisayar Teknolojileri ve Bilişim Sistemleri | 4223 - Bilişim Sistemleri ve Teknolojileri | 4321 - Muhabere ve Elektronik Bilgi Sistemleri | 8507 - Bilgisayar Teknolojileri ve Yönetimi | 9075 - Bilgisayar Teknolojisi;7451481e-0a81-ed11-8117-a0369f7d1486
2022;2;202013440;Toprak Mahsulleri Ofisi Genel Müdürlüğü;Anbar Memuru;Sivas;Onlisans;1;;82.003;82.003;"3290;1152;9213;7324";3290 - Aşağıdaki önlisans programlarından birinden mezun olmak. | 1152 - Elektrik | 9213 - Elektrik Teknolojisi | 7324 - (Bakınız Başvurma Özel Şartları Bölümü Toprak Mahsulleri Ofisi Genel Müdürlüğü).;2b50481e-0a81-ed11-8117-a0369f7d1486
2022;2;202013678;Türkiye İlaç ve Tıbbi Cihaz Kurumu;Sağlık Teknikeri;Ankara;Onlisans;1;;81.936;81.936;"3033;1279;9085";3033 - Aşağıdaki önlisans programlarından birinden mezun olmak. | 1279 - Protez ve Ortez | 9085 - Ortopedik Protez ve Ortez;a44c481e-0a81-ed11-8117-a0369f7d1486
2022;2;202012173;Gelir İdaresi Başkanlığı;Şoför;Edirne;Onlisans;2;;81.931;83.573;"3001;6512;7302";3001 - Herhangi bir önlisans programından mezun olmak. | 6512 - D1 sınıfı sürücü belgesine sahip olmak | 7302 - Bakınız Başvurma Özel Şartları Bölümü Şoför;824d481e-0a81-ed11-8117-a0369f7d1486
2022;2;202013496;Toprak Mahsulleri Ofisi Genel Müdürlüğü;Memur;Giresun;Onlisans;2;;81.881;82.491;"3290;1152;9213;7324";3290 - Aşağıdaki önlisans programlarından birinden mezun olmak. | 1152 - Elektrik | 9213 - Elektrik Teknolojisi | 7324 - (Bakınız Başvurma Özel Şartları Bölümü Toprak Mahsulleri Ofisi Genel Müdürlüğü).;f34d481e-0a81-ed11-8117-a0369f7d1486
2022;2;202012740;Kilis 7 Aralık Üniversitesi;Memur;Kilis;Onlisans;2;;81.869;82.511;"3179;1129;1130;5351;8510;8560;9074";3179 - Aşağıdaki önlisans programlarından birinden mezun olmak. | 1129 - Büro Yönetimi | 1130 - Büro Yönetimi ve Sekreterlik | 5351 - Ofis Teknolojileri ve Yönetimi | 8510 - Büro Yönetimi ve Yönetici Asistanlığı | 8560 - Sekreterlik | 9074 - Büro Hizmetleri ve Yönetici Asistanlığı;6651481e-0a81-ed11-8117-a0369f7d1486
2022;2;202010325;Çanakkale Onsekiz Mart Üniversitesi;Memur;Çanakkale;Onlisans;4;;81.869;88.148;"3179;1129;1130;5351;8510;8560;9074";3179 - Aşağıdaki önlisans programlarından birinden mezun olmak. | 1129 - Büro Yönetimi | 1130 - Büro Yönetimi ve Sekreterlik | 5351 - Ofis Teknolojileri ve Yönetimi | 8510 - Büro Yönetimi ve Yönetici Asistanlığı | 8560 - Sekreterlik | 9074 - Büro Hizmetleri ve Yönetici Asistanlığı;4b4d481e-0a81-ed11-8117-a0369f7d1486
2022;2;202012334;Gelir İdaresi Başkanlığı;Şoför;Malatya;Onlisans;2;;81.856;82.877;"3001;6512;7302";3001 - Herhangi bir önlisans programından mezun olmak. | 6512 - D1 sınıfı sürücü belgesine sahip olmak | 7302 - Bakınız Başvurma Özel Şartları Bölümü Şoför;674f481e-0a81-ed11-8117-a0369f7d1486
2022;2;202013454;Toprak Mahsulleri Ofisi Genel Müdürlüğü;Memur;Afyonkarahisar;Onlisans;1;;81.812;81.812;"3290;1152;9213;7324";3290 - Aşağıdaki önlisans programlarından birinden mezun olmak. | 1152 - Elektrik | 9213 - Elektrik Teknolojisi | 7324 - (Bakınız Başvurma Özel Şartları Bölümü Toprak Mahsulleri Ofisi Genel Müdürlüğü).;034c481e-0a81-ed11-8117-a0369f7d1486
2022;2;202012425;Gelir İdaresi Başkanlığı;Şoför;Sivas;Onlisans;1;;81.799;81.799;"3001;6512;7302";3001 - Herhangi bir önlisans programından mezun olmak. | 6512 - D1 sınıfı sürücü belgesine sahip olmak | 7302 - Bakınız Başvurma Özel Şartları Bölümü Şoför;3150481e-0a81-ed11-8117-a0369f7d1486
2022;2;202013489;Toprak Mahsulleri Ofisi Genel Müdürlüğü;Memur;Edirne;Onlisans;1;;81.796;81.796;"3290;1152;9213;7324";3290 - Aşağıdaki önlisans programlarından birinden mezun olmak. | 1152 - Elektrik | 9213 - Elektrik Teknolojisi | 7324 - (Bakınız Başvurma Özel Şartları Bölümü Toprak Mahsulleri Ofisi Genel Müdürlüğü).;844d481e-0a81-ed11-8117-a0369f7d1486
2022;2;202010535;Devlet Demiryolları Taşımacılık A.Ş Genel Müdürlüğü;Tekniker;İstanbul;Onlisans;9;;81.775;84.004;"3205;1288;8514;8625;3206;8621;7300;7368";3205 - Aşağıdaki önlisans programlarından birinden mezun olmak. | 1288 - Raylı Sistemler Teknolojisi | 8514 - Demiryolu Araçları | 8625 - Raylı Sistemler Makine Teknolojisi | 3206 - Aşağıdaki önlisans programlarından birinden mezun olmak. | 8621 - Raylı Sistemler Elektrik-Elektronik Teknolojisi / Raylı Sistemler Elektrik ve Elektronik Teknolojisi | 7300 - Bu kadro/pozisyonda vardiya sistemi uygulanmaktadır. | 7368 - (Bakınız Başvurma Özel Şartları Bölümü T.C. Devlet Demiryolları Taşımacılık A.Ş. Genel Müdürlüğü);894e481e-0a81-ed11-8117-a0369f7d1486
2022;2;202013587;Toprak Mahsulleri Ofisi Genel Müdürlüğü;Muhasebeci;Erzurum;Onlisans;2;;81.729;83.431;"3173;1117;1124;1249;9032;9331;3181;1235;7324";3173 - Aşağıdaki önlisans programlarından birinden mezun olmak. | 1117 - Bilgisayar Destekli Muhasebe | 1124 - Bilgisayarlı Muhasebe ve Vergi Uygulama | 1249 - Muhasebe | 9032 - Muhasebe ve Vergi Uygulamaları | 9331 - İşletme-Muhasebe | 3181 - Aşağıdaki önlisans programlarından birinden mezun olmak. | 1235 - Maliye | 7324 - (Bakınız Başvurma Özel Şartları Bölümü Toprak Mahsulleri Ofisi Genel Müdürlüğü).;b54d481e-0a81-ed11-8117-a0369f7d1486
2022;2;202012068;Gelir İdaresi Başkanlığı;Şoför;Antalya;Onlisans;3;;81.695;84.786;"3001;6512;7302";3001 - Herhangi bir önlisans programından mezun olmak. | 6512 - D1 sınıfı sürücü belgesine sahip olmak | 7302 - Bakınız Başvurma Özel Şartları Bölümü Şoför;e64c481e-0a81-ed11-8117-a0369f7d1486
2022;2;202012614;İstanbul Üniversitesi;Memur;İstanbul;Onlisans;2;;81.695;82.115;"3181;1235";3181 - Aşağıdaki önlisans programlarından birinden mezun olmak. | 1235 - Maliye;734e481e-0a81-ed11-8117-a0369f7d1486
2022;2;202011172;Galatasaray Üniversitesi;Veri Hazırlama ve Kontrol İşletmeni;İstanbul;Onlisans;2;;81.664;82.255;"3179;1129;1130;5351;8510;8560;9074;6225";3179 - Aşağıdaki önlisans programlarından birinden mezun olmak. | 1129 - Büro Yönetimi | 1130 - Büro Yönetimi ve Sekreterlik | 5351 - Ofis Teknolojileri ve Yönetimi | 8510 - Büro Yönetimi ve Yönetici Asistanlığı | 8560 - Sekreterlik | 9074 - Büro Hizmetleri ve Yönetici Asistanlığı | 6225 - M.E.B.'Dan Onaylı Bilgisayar İşletmeni Sertifikası Sahibi olmak.;864e481e-0a81-ed11-8117-a0369f7d1486
2022;2;202010332;Çankırı Karatekin Üniversitesi;Sağlık Teknikeri;Çankırı;Onlisans;1;;81.633;81.633;"3013;1143;8519;9081";3013 - Aşağıdaki önlisans programlarından birinden mezun olmak. | 1143 - Diş Protez | 8519 - Diş Protez Teknikerliği | 9081 - Diş Protez Teknolojisi;634d481e-0a81-ed11-8117-a0369f7d1486
2022;2;202012950;Sakarya Üniversitesi;Memur;Sakarya;Onlisans;1;;81.546;81.546;"3179;1129;1130;5351;8510;8560;9074";3179 - Aşağıdaki önlisans programlarından birinden mezun olmak. | 1129 - Büro Yönetimi | 1130 - Büro Yönetimi ve Sekreterlik | 5351 - Ofis Teknolojileri ve Yönetimi | 8510 - Büro Yönetimi ve Yönetici Asistanlığı | 8560 - Sekreterlik | 9074 - Büro Hizmetleri ve Yönetici Asistanlığı;e04f481e-0a81-ed11-8117-a0369f7d1486
2022;2;202012908;Recep Tayyip Erdoğan Üniversitesi;Tekniker;Rize;Onlisans;1;;81.534;81.534;"3248;1119;1123;4221;4223;4321;8507;9075";3248 - Aşağıdaki önlisans programlarından birinden mezun olmak. | 1119 - Bilgisayar Donanımı | 1123 - Bilgisayar ve Enformasyon Sistemleri | 4221 - Bilgisayar Teknolojileri ve Bilişim Sistemleri | 4223 - Bilişim Sistemleri ve Teknolojileri | 4321 - Muhabere ve Elektronik Bilgi Sistemleri | 8507 - Bilgisayar Teknolojileri ve Yönetimi | 9075 - Bilgisayar Teknolojisi;c84f481e-0a81-ed11-8117-a0369f7d1486
2022;2;202012460;Gelir İdaresi Başkanlığı;Şoför;Tunceli;Onlisans;1;;81.488;81.488;"3001;6512;7302";3001 - Herhangi bir önlisans programından mezun olmak. | 6512 - D1 sınıfı sürücü belgesine sahip olmak | 7302 - Bakınız Başvurma Özel Şartları Bölümü Şoför;6b50481e-0a81-ed11-8117-a0369f7d1486
2022;2;202010479;Devlet Demiryolları Taşımacılık A.Ş Genel Müdürlüğü;Memur;Kayseri;Onlisans;1;;81.48;81.48;"3224;8623;7300;7368";3224 - Aşağıdaki önlisans programlarından birinden mezun olmak. | 8623 - Raylı Sistemler İşletmeciliği | 7300 - Bu kadro/pozisyonda vardiya sistemi uygulanmaktadır. | 7368 - (Bakınız Başvurma Özel Şartları Bölümü T.C. Devlet Demiryolları Taşımacılık A.Ş. Genel Müdürlüğü);f84e481e-0a81-ed11-8117-a0369f7d1486
2022;2;202011130;Eskişehir Teknik Üniversitesi;Aşçı;Eskişehir;Onlisans;1;;81.472;81.472;"3222;1110;1196;1250;8578;8599;9501";3222 - Aşağıdaki önlisans programlarından birinden mezun olmak. | 1110 - Aşçılık | 1196 - Hazır Yemek ve Aşçılık | 1250 - Mutfak Yönetimi | 8578 - Yemek Pişirme Teknikleri | 8599 - Gastronomi ve Mutfak Sanatları | 9501 - Gemi Aşçılığı;d64d481e-0a81-ed11-8117-a0369f7d1486
2022;2;202010668;Devlet Hava Meydanları İşletmesi Genel Müdürlüğü;İş Makinası Sürücüsü;Muş;Onlisans;1;;81.469;81.469;"3366;1204;1232;1233;5312;8570;3368;9227;6516;7302;7322";3366 - Aşağıdaki önlisans programlarından birinden mezun olmak. | 1204 - İş Makineleri | 1232 - Makine | 1233 - Makine Yağları ve Yağlama Teknolojisi | 5312 - Bilgisayar Destekli Makine | 8570 - Termik Santral Makineleri | 3368 - Aşağıdaki önlisans programlarından birinden mezun olmak. | 9227 - İş Makineleri Operatörlüğü | 6516 - G sınıfı sürücü belgesine sahip olmak | 7302 - Bakınız Başvurma Özel Şartları Bölümü Şoför | 7322 - (Bakınız Başvurma Özel Şartları Bölümü Devlet Hava Meydanları İşletmesi Genel Müdürlüğü).;9f4f481e-0a81-ed11-8117-a0369f7d1486
2022;2;202010143;Ağrı İbrahim Çeçen Üniversitesi;Memur;Ağrı;Onlisans;3;;81.446;83.223;"3179;1129;1130;5351;8510;8560;9074";3179 - Aşağıdaki önlisans programlarından birinden mezun olmak. | 1129 - Büro Yönetimi | 1130 - Büro Yönetimi ve Sekreterlik | 5351 - Ofis Teknolojileri ve Yönetimi | 8510 - Büro Yönetimi ve Yönetici Asistanlığı | 8560 - Sekreterlik | 9074 - Büro Hizmetleri ve Yönetici Asistanlığı;204c481e-0a81-ed11-8117-a0369f7d1486
2022;2;202013923;Zonguldak Bülent Ecevit Üniversitesi;Tekniker;Zonguldak;Onlisans;1;;81.438;81.438;"3393;1280;1282;1284;5334;6286;8641;8643";3393 - Aşağıdaki önlisans programlarından birinden mezun olmak. | 1280 - Radyo ve Tv Yayımcılığı | 1282 - Radyo ve Televizyon Programcılığı / Radyo-Televizyon Programcılığı | 1284 - Radyo ve Televizyon Yayımcılığı / Radyo-Televizyon Yayımcılığı | 5334 - Film Yapım Teknikleri | 6286 - Radyo Tv Yayımcılığı / Radyo-Tv Yayımcılığı | 8641 - Televizyon ve Radyo Programcılığı | 8643 - Televizyon Yapım ve Yönetimi;db50481e-0a81-ed11-8117-a0369f7d1486
2022;2;202013503;Toprak Mahsulleri Ofisi Genel Müdürlüğü;Memur;Kayseri;Onlisans;1;;81.43;81.43;"3290;1152;9213;7324";3290 - Aşağıdaki önlisans programlarından birinden mezun olmak. | 1152 - Elektrik | 9213 - Elektrik Teknolojisi | 7324 - (Bakınız Başvurma Özel Şartları Bölümü Toprak Mahsulleri Ofisi Genel Müdürlüğü).;ee4e481e-0a81-ed11-8117-a0369f7d1486
2022;2;202013909;Zonguldak Bülent Ecevit Üniversitesi;Sekreter;Zonguldak;Onlisans;2;;81.41;81.462;"3179;1129;1130;5351;8510;8560;9074";3179 - Aşağıdaki önlisans programlarından birinden mezun olmak. | 1129 - Büro Yönetimi | 1130 - Büro Yönetimi ve Sekreterlik | 5351 - Ofis Teknolojileri ve Yönetimi | 8510 - Büro Yönetimi ve Yönetici Asistanlığı | 8560 - Sekreterlik | 9074 - Büro Hizmetleri ve Yönetici Asistanlığı;d950481e-0a81-ed11-8117-a0369f7d1486
2022;2;202013552;Toprak Mahsulleri Ofisi Genel Müdürlüğü;Memur;Tekirdağ;Onlisans;1;;81.397;81.397;"3290;1152;9213;7324";3290 - Aşağıdaki önlisans programlarından birinden mezun olmak. | 1152 - Elektrik | 9213 - Elektrik Teknolojisi | 7324 - (Bakınız Başvurma Özel Şartları Bölümü Toprak Mahsulleri Ofisi Genel Müdürlüğü).;3e50481e-0a81-ed11-8117-a0369f7d1486
2022;2;202013643;Toprak Mahsulleri Ofisi Genel Müdürlüğü;Muhasebeci;Tekirdağ;Onlisans;1;;81.368;81.368;"3173;1117;1124;1249;9032;9331;3181;1235;7324";3173 - Aşağıdaki önlisans programlarından birinden mezun olmak. | 1117 - Bilgisayar Destekli Muhasebe | 1124 - Bilgisayarlı Muhasebe ve Vergi Uygulama | 1249 - Muhasebe | 9032 - Muhasebe ve Vergi Uygulamaları | 9331 - İşletme-Muhasebe | 3181 - Aşağıdaki önlisans programlarından birinden mezun olmak. | 1235 - Maliye | 7324 - (Bakınız Başvurma Özel Şartları Bölümü Toprak Mahsulleri Ofisi Genel Müdürlüğü).;4050481e-0a81-ed11-8117-a0369f7d1486
2022;2;202012278;Gelir İdaresi Başkanlığı;Şoför;Karabük;Onlisans;1;;81.366;81.366;"3001;6512;7302";3001 - Herhangi bir önlisans programından mezun olmak. | 6512 - D1 sınıfı sürücü belgesine sahip olmak | 7302 - Bakınız Başvurma Özel Şartları Bölümü Şoför;5b51481e-0a81-ed11-8117-a0369f7d1486
2022;2;202012320;Gelir İdaresi Başkanlığı;Şoför;Konya;Onlisans;4;;81.338;86.705;"3001;6512;7302";3001 - Herhangi bir önlisans programından mezun olmak. | 6512 - D1 sınıfı sürücü belgesine sahip olmak | 7302 - Bakınız Başvurma Özel Şartları Bölümü Şoför;3a4f481e-0a81-ed11-8117-a0369f7d1486
2022;2;202012838;Munzur Üniversitesi;Sekreter;Tunceli;Onlisans;1;;81.335;81.335;"3179;1129;1130;5351;8510;8560;9074";3179 - Aşağıdaki önlisans programlarından birinden mezun olmak. | 1129 - Büro Yönetimi | 1130 - Büro Yönetimi ve Sekreterlik | 5351 - Ofis Teknolojileri ve Yönetimi | 8510 - Büro Yönetimi ve Yönetici Asistanlığı | 8560 - Sekreterlik | 9074 - Büro Hizmetleri ve Yönetici Asistanlığı;6d50481e-0a81-ed11-8117-a0369f7d1486
2022;2;202012194;Gelir İdaresi Başkanlığı;Şoför;Erzurum;Onlisans;3;;81.299;86.089;"3001;6512;7302";3001 - Herhangi bir önlisans programından mezun olmak. | 6512 - D1 sınıfı sürücü belgesine sahip olmak | 7302 - Bakınız Başvurma Özel Şartları Bölümü Şoför;b14d481e-0a81-ed11-8117-a0369f7d1486
2022;2;202012607;İstanbul Üniversitesi;Memur;İstanbul;Onlisans;3;;81.294;82.786;"3179;1129;1130;5351;8510;8560;9074";3179 - Aşağıdaki önlisans programlarından birinden mezun olmak. | 1129 - Büro Yönetimi | 1130 - Büro Yönetimi ve Sekreterlik | 5351 - Ofis Teknolojileri ve Yönetimi | 8510 - Büro Yönetimi ve Yönetici Asistanlığı | 8560 - Sekreterlik | 9074 - Büro Hizmetleri ve Yönetici Asistanlığı;724e481e-0a81-ed11-8117-a0369f7d1486
2022;2;202013475;Toprak Mahsulleri Ofisi Genel Müdürlüğü;Memur;Çorum;Onlisans;1;;81.273;81.273;"3290;1152;9213;7324";3290 - Aşağıdaki önlisans programlarından birinden mezun olmak. | 1152 - Elektrik | 9213 - Elektrik Teknolojisi | 7324 - (Bakınız Başvurma Özel Şartları Bölümü Toprak Mahsulleri Ofisi Genel Müdürlüğü).;664d481e-0a81-ed11-8117-a0369f7d1486
2022;2;202012495;Giresun Üniversitesi;Bilgisayar İşletmeni;Giresun;Onlisans;1;;81.237;81.237;"3163;1163;1206;1207;1254;1333;4296;4351;4406;5339;5341;6176;8603;3173;1117;1124;1249;9032;9331;3179;1129;1130;5351;8510;8560;9074;3181;1235;3183;5338;6271;9073;6225";3163 - Aşağıdaki önlisans programlarından birinden mezun olmak. | 1163 - Endüstriyel Yönetim | 1206 - İşletme Organizasyonu ve Çiftlik Yönetimi | 1207 - İşletmecilik | 1254 - Orta Kademe Yöneticiliği / Orta Kademe Yöneticilik | 1333 - Ticaret ve Yönetim | 4296 - İşletme Yönetimi | 4351 - Sevk ve İdare | 4406 - Yönetim | 5339 - İş İdaresi | 5341 - İşletme | 6176 - Genel İşletme | 8603 - Girişimcilik ve Proje Yönetim Asistanlığı | 3173 - Aşağıdaki önlisans programlarından birinden mezun olmak. | 1117 - Bilgisayar Destekli Muhasebe | 1124 - Bilgisayarlı Muhasebe ve Vergi Uygulama | 1249 - Muhasebe | 9032 - Muhasebe ve Vergi Uygulamaları | 9331 - İşletme-Muhasebe | 3179 - Aşağıdaki önlisans programlarından birinden mezun olmak. | 1129 - Büro Yönetimi | 1130 - Büro Yönetimi ve Sekreterlik | 5351 - Ofis Teknolojileri ve Yönetimi | 8510 - Büro Yönetimi ve Yönetici Asistanlığı | 8560 - Sekreterlik | 9074 - Büro Hizmetleri ve Yönetici Asistanlığı | 3181 - Aşağıdaki önlisans programlarından birinden mezun olmak. | 1235 - Maliye | 3183 - Aşağıdaki önlisans programlarından birinden mezun olmak. | 5338 - İnsan Kaynakları | 6271 - Personel Yönetimi | 9073 - İnsan Kaynakları Yönetimi | 6225 - M.E.B.'Dan Onaylı Bilgisayar İşletmeni Sertifikası Sahibi olmak.;f64d481e-0a81-ed11-8117-a0369f7d1486
2022;2;202012971;Sakarya Üniversitesi;Veznedar;Sakarya;Onlisans;1;;81.213;81.213;"3173;1117;1124;1249;9032;9331";3173 - Aşağıdaki önlisans programlarından birinden mezun olmak. | 1117 - Bilgisayar Destekli Muhasebe | 1124 - Bilgisayarlı Muhasebe ve Vergi Uygulama | 1249 - Muhasebe | 9032 - Muhasebe ve Vergi Uygulamaları | 9331 - İşletme-Muhasebe;e34f481e-0a81-ed11-8117-a0369f7d1486
2022;2;202012271;Gelir İdaresi Başkanlığı;Şoför;Kahramanmaraş;Onlisans;2;;81.19;81.663;"3001;6512;7302";3001 - Herhangi bir önlisans programından mezun olmak. | 6512 - D1 sınıfı sürücü belgesine sahip olmak | 7302 - Bakınız Başvurma Özel Şartları Bölümü Şoför;844f481e-0a81-ed11-8117-a0369f7d1486
2022;2;202012166;Gelir İdaresi Başkanlığı;Şoför;Düzce;Onlisans;2;;81.163;82.359;"3001;6512;7302";3001 - Herhangi bir önlisans programından mezun olmak. | 6512 - D1 sınıfı sürücü belgesine sahip olmak | 7302 - Bakınız Başvurma Özel Şartları Bölümü Şoför;6f51481e-0a81-ed11-8117-a0369f7d1486
2022;2;202012243;Gelir İdaresi Başkanlığı;Şoför;Iğdır;Onlisans;1;;81.125;81.125;"3001;6512;7302";3001 - Herhangi bir önlisans programından mezun olmak. | 6512 - D1 sınıfı sürücü belgesine sahip olmak | 7302 - Bakınız Başvurma Özel Şartları Bölümü Şoför;4f51481e-0a81-ed11-8117-a0369f7d1486
2022;2;202013867;Yozgat Bozok Üniversitesi;Veznedar;Yozgat;Onlisans;1;;81.125;81.125;"3173;1117;1124;1249;9032;9331";3173 - Aşağıdaki önlisans programlarından birinden mezun olmak. | 1117 - Bilgisayar Destekli Muhasebe | 1124 - Bilgisayarlı Muhasebe ve Vergi Uygulama | 1249 - Muhasebe | 9032 - Muhasebe ve Vergi Uygulamaları | 9331 - İşletme-Muhasebe;ba50481e-0a81-ed11-8117-a0369f7d1486
2022;2;202012873;Nevşehir Hacı Bektaş Veli Üniversitesi;Bilgisayar İşletmeni;Nevşehir;Onlisans;2;;81.052;82.729;"3181;1235;6225";3181 - Aşağıdaki önlisans programlarından birinden mezun olmak. | 1235 - Maliye | 6225 - M.E.B.'Dan Onaylı Bilgisayar İşletmeni Sertifikası Sahibi olmak.;b04f481e-0a81-ed11-8117-a0369f7d1486
2022;2;202012187;Gelir İdaresi Başkanlığı;Şoför;Erzincan;Onlisans;1;;81.047;81.047;"3001;6512;7302";3001 - Herhangi bir önlisans programından mezun olmak. | 6512 - D1 sınıfı sürücü belgesine sahip olmak | 7302 - Bakınız Başvurma Özel Şartları Bölümü Şoför;a34d481e-0a81-ed11-8117-a0369f7d1486
2022;2;202013657;Toprak Mahsulleri Ofisi Genel Müdürlüğü;Muhasebeci;Yozgat;Onlisans;1;;80.995;80.995;"3173;1117;1124;1249;9032;9331;3181;1235;7324";3173 - Aşağıdaki önlisans programlarından birinden mezun olmak. | 1117 - Bilgisayar Destekli Muhasebe | 1124 - Bilgisayarlı Muhasebe ve Vergi Uygulama | 1249 - Muhasebe | 9032 - Muhasebe ve Vergi Uygulamaları | 9331 - İşletme-Muhasebe | 3181 - Aşağıdaki önlisans programlarından birinden mezun olmak. | 1235 - Maliye | 7324 - (Bakınız Başvurma Özel Şartları Bölümü Toprak Mahsulleri Ofisi Genel Müdürlüğü).;b650481e-0a81-ed11-8117-a0369f7d1486
2022;2;202012222;Gelir İdaresi Başkanlığı;Şoför;Gümüşhane;Onlisans;1;;80.99;80.99;"3001;6512;7302";3001 - Herhangi bir önlisans programından mezun olmak. | 6512 - D1 sınıfı sürücü belgesine sahip olmak | 7302 - Bakınız Başvurma Özel Şartları Bölümü Şoför;004e481e-0a81-ed11-8117-a0369f7d1486
2022;2;202010136;Ağrı İbrahim Çeçen Üniversitesi;Memur;Ağrı;Onlisans;2;;80.959;83.842;"3173;1117;1124;1249;9032;9331";3173 - Aşağıdaki önlisans programlarından birinden mezun olmak. | 1117 - Bilgisayar Destekli Muhasebe | 1124 - Bilgisayarlı Muhasebe ve Vergi Uygulama | 1249 - Muhasebe | 9032 - Muhasebe ve Vergi Uygulamaları | 9331 - İşletme-Muhasebe;1f4c481e-0a81-ed11-8117-a0369f7d1486
2022;2;202013685;Türkiye İlaç ve Tıbbi Cihaz Kurumu;Veri Hazırlama ve Kontrol İşletmeni;Ankara;Onlisans;5;;80.917;85.366;"3047;1329";3047 - Aşağıdaki önlisans programlarından birinden mezun olmak. | 1329 - Tıbbi Dokümantasyon ve Sekreterlik;a54c481e-0a81-ed11-8117-a0369f7d1486
2022;2;202013573;Toprak Mahsulleri Ofisi Genel Müdürlüğü;Muhasebeci;Çorum;Onlisans;1;;80.915;80.915;"3173;1117;1124;1249;9032;9331;3181;1235;7324";3173 - Aşağıdaki önlisans programlarından birinden mezun olmak. | 1117 - Bilgisayar Destekli Muhasebe | 1124 - Bilgisayarlı Muhasebe ve Vergi Uygulama | 1249 - Muhasebe | 9032 - Muhasebe ve Vergi Uygulamaları | 9331 - İşletme-Muhasebe | 3181 - Aşağıdaki önlisans programlarından birinden mezun olmak. | 1235 - Maliye | 7324 - (Bakınız Başvurma Özel Şartları Bölümü Toprak Mahsulleri Ofisi Genel Müdürlüğü).;674d481e-0a81-ed11-8117-a0369f7d1486
2022;2;202012523;Hakkari Üniversitesi;Memur;Hakkari;Onlisans;2;;80.912;82.329;"3163;1163;1206;1207;1254;1333;4296;4351;4406;5339;5341;6176;8603;3173;1117;1124;1249;9032;9331;3179;1129;1130;5351;8510;8560;9074";3163 - Aşağıdaki önlisans programlarından birinden mezun olmak. | 1163 - Endüstriyel Yönetim | 1206 - İşletme Organizasyonu ve Çiftlik Yönetimi | 1207 - İşletmecilik | 1254 - Orta Kademe Yöneticiliği / Orta Kademe Yöneticilik | 1333 - Ticaret ve Yönetim | 4296 - İşletme Yönetimi | 4351 - Sevk ve İdare | 4406 - Yönetim | 5339 - İş İdaresi | 5341 - İşletme | 6176 - Genel İşletme | 8603 - Girişimcilik ve Proje Yönetim Asistanlığı | 3173 - Aşağıdaki önlisans programlarından birinden mezun olmak. | 1117 - Bilgisayar Destekli Muhasebe | 1124 - Bilgisayarlı Muhasebe ve Vergi Uygulama | 1249 - Muhasebe | 9032 - Muhasebe ve Vergi Uygulamaları | 9331 - İşletme-Muhasebe | 3179 - Aşağıdaki önlisans programlarından birinden mezun olmak. | 1129 - Büro Yönetimi | 1130 - Büro Yönetimi ve Sekreterlik | 5351 - Ofis Teknolojileri ve Yönetimi | 8510 - Büro Yönetimi ve Yönetici Asistanlığı | 8560 - Sekreterlik | 9074 - Büro Hizmetleri ve Yönetici Asistanlığı;134e481e-0a81-ed11-8117-a0369f7d1486
2022;2;202012600;İstanbul Üniversitesi;Memur;İstanbul;Onlisans;2;;80.889;81.632;"3173;1117;1124;1249;9032;9331;3179;1129;1130;5351;8510;8560;9074;3183;5338;6271;9073";3173 - Aşağıdaki önlisans programlarından birinden mezun olmak. | 1117 - Bilgisayar Destekli Muhasebe | 1124 - Bilgisayarlı Muhasebe ve Vergi Uygulama | 1249 - Muhasebe | 9032 - Muhasebe ve Vergi Uygulamaları | 9331 - İşletme-Muhasebe | 3179 - Aşağıdaki önlisans programlarından birinden mezun olmak. | 1129 - Büro Yönetimi | 1130 - Büro Yönetimi ve Sekreterlik | 5351 - Ofis Teknolojileri ve Yönetimi | 8510 - Büro Yönetimi ve Yönetici Asistanlığı | 8560 - Sekreterlik | 9074 - Büro Hizmetleri ve Yönetici Asistanlığı | 3183 - Aşağıdaki önlisans programlarından birinden mezun olmak. | 5338 - İnsan Kaynakları | 6271 - Personel Yönetimi | 9073 - İnsan Kaynakları Yönetimi;714e481e-0a81-ed11-8117-a0369f7d1486
2022;2;202012250;Gelir İdaresi Başkanlığı;Şoför;Isparta;Onlisans;1;;80.887;80.887;"3001;6512;7302";3001 - Herhangi bir önlisans programından mezun olmak. | 6512 - D1 sınıfı sürücü belgesine sahip olmak | 7302 - Bakınız Başvurma Özel Şartları Bölümü Şoför;2b4e481e-0a81-ed11-8117-a0369f7d1486
2022;2;202012432;Gelir İdaresi Başkanlığı;Şoför;Şanlıurfa;Onlisans;5;;80.884;82.412;"3001;6512;7302";3001 - Herhangi bir önlisans programından mezun olmak. | 6512 - D1 sınıfı sürücü belgesine sahip olmak | 7302 - Bakınız Başvurma Özel Şartları Bölümü Şoför;7050481e-0a81-ed11-8117-a0369f7d1486
2022;2;202013664;Toprak Mahsulleri Ofisi Genel Müdürlüğü;Muhasebeci;Yozgat;Onlisans;1;;80.84;80.84;"3173;1117;1124;1249;9032;9331;3181;1235;7324";3173 - Aşağıdaki önlisans programlarından birinden mezun olmak. | 1117 - Bilgisayar Destekli Muhasebe | 1124 - Bilgisayarlı Muhasebe ve Vergi Uygulama | 1249 - Muhasebe | 9032 - Muhasebe ve Vergi Uygulamaları | 9331 - İşletme-Muhasebe | 3181 - Aşağıdaki önlisans programlarından birinden mezun olmak. | 1235 - Maliye | 7324 - (Bakınız Başvurma Özel Şartları Bölümü Toprak Mahsulleri Ofisi Genel Müdürlüğü).;b750481e-0a81-ed11-8117-a0369f7d1486
2022;2;202010486;Devlet Demiryolları Taşımacılık A.Ş Genel Müdürlüğü;Memur;Kocaeli;Onlisans;1;;80.785;80.785;"3224;8623;7300;7368";3224 - Aşağıdaki önlisans programlarından birinden mezun olmak. | 8623 - Raylı Sistemler İşletmeciliği | 7300 - Bu kadro/pozisyonda vardiya sistemi uygulanmaktadır. | 7368 - (Bakınız Başvurma Özel Şartları Bölümü T.C. Devlet Demiryolları Taşımacılık A.Ş. Genel Müdürlüğü);104f481e-0a81-ed11-8117-a0369f7d1486
2022;2;202010647;Devlet Hava Meydanları İşletmesi Genel Müdürlüğü;İş Makinası Sürücüsü;Erzurum;Onlisans;2;;80.78;81.446;"3366;1204;1232;1233;5312;8570;3368;9227;6516;7302;7322";3366 - Aşağıdaki önlisans programlarından birinden mezun olmak. | 1204 - İş Makineleri | 1232 - Makine | 1233 - Makine Yağları ve Yağlama Teknolojisi | 5312 - Bilgisayar Destekli Makine | 8570 - Termik Santral Makineleri | 3368 - Aşağıdaki önlisans programlarından birinden mezun olmak. | 9227 - İş Makineleri Operatörlüğü | 6516 - G sınıfı sürücü belgesine sahip olmak | 7302 - Bakınız Başvurma Özel Şartları Bölümü Şoför | 7322 - (Bakınız Başvurma Özel Şartları Bölümü Devlet Hava Meydanları İşletmesi Genel Müdürlüğü).;a94d481e-0a81-ed11-8117-a0369f7d1486
2022;2;202012208;Gelir İdaresi Başkanlığı;Şoför;Gaziantep;Onlisans;3;;80.734;83.035;"3001;6512;7302";3001 - Herhangi bir önlisans programından mezun olmak. | 6512 - D1 sınıfı sürücü belgesine sahip olmak | 7302 - Bakınız Başvurma Özel Şartları Bölümü Şoför;df4d481e-0a81-ed11-8117-a0369f7d1486
2022;2;202013426;Toprak Mahsulleri Ofisi Genel Müdürlüğü;Anbar Memuru;Kırşehir;Onlisans;1;;80.721;80.721;"3290;1152;9213;7324";3290 - Aşağıdaki önlisans programlarından birinden mezun olmak. | 1152 - Elektrik | 9213 - Elektrik Teknolojisi | 7324 - (Bakınız Başvurma Özel Şartları Bölümü Toprak Mahsulleri Ofisi Genel Müdürlüğü).;084f481e-0a81-ed11-8117-a0369f7d1486
2022;2;202013580;Toprak Mahsulleri Ofisi Genel Müdürlüğü;Muhasebeci;Çorum;Onlisans;1;;80.674;80.674;"3173;1117;1124;1249;9032;9331;3181;1235;7324";3173 - Aşağıdaki önlisans programlarından birinden mezun olmak. | 1117 - Bilgisayar Destekli Muhasebe | 1124 - Bilgisayarlı Muhasebe ve Vergi Uygulama | 1249 - Muhasebe | 9032 - Muhasebe ve Vergi Uygulamaları | 9331 - İşletme-Muhasebe | 3181 - Aşağıdaki önlisans programlarından birinden mezun olmak. | 1235 - Maliye | 7324 - (Bakınız Başvurma Özel Şartları Bölümü Toprak Mahsulleri Ofisi Genel Müdürlüğü).;684d481e-0a81-ed11-8117-a0369f7d1486
2022;2;202012733;Kırklareli Üniversitesi;Bilgisayar İşletmeni;Kırklareli;Onlisans;3;;80.654;81.764;"3183;5338;6271;9073;6225";3183 - Aşağıdaki önlisans programlarından birinden mezun olmak. | 5338 - İnsan Kaynakları | 6271 - Personel Yönetimi | 9073 - İnsan Kaynakları Yönetimi | 6225 - M.E.B.'Dan Onaylı Bilgisayar İşletmeni Sertifikası Sahibi olmak.;ff4e481e-0a81-ed11-8117-a0369f7d1486
2022;2;202012131;Gelir İdaresi Başkanlığı;Şoför;Burdur;Onlisans;1;;80.653;80.653;"3001;6512;7302";3001 - Herhangi bir önlisans programından mezun olmak. | 6512 - D1 sınıfı sürücü belgesine sahip olmak | 7302 - Bakınız Başvurma Özel Şartları Bölümü Şoför;354d481e-0a81-ed11-8117-a0369f7d1486
2022;2;202010255;Bartın Üniversitesi;Tekniker;Bartın;Onlisans;1;;80.646;80.646;"3268;1378;4343;4344;9015";3268 - Aşağıdaki önlisans programlarından birinden mezun olmak. | 1378 - Sahne Işık Ve Ses Teknolojileri | 4343 - Sahne ve Gösteri Sanatları Işık Teknolojisi | 4344 - Sahne ve Gösteri Sanatları Ses Teknolojisi | 9015 - Sahne ve Gösteri Sanatları Teknolojisi;3251481e-0a81-ed11-8117-a0369f7d1486
2022;2;202010129;Ağrı İbrahim Çeçen Üniversitesi;Memur;Ağrı;Onlisans;1;;80.627;80.627;"3163;1163;1206;1207;1254;1333;4296;4351;4406;5339;5341;6176;8603";3163 - Aşağıdaki önlisans programlarından birinden mezun olmak. | 1163 - Endüstriyel Yönetim | 1206 - İşletme Organizasyonu ve Çiftlik Yönetimi | 1207 - İşletmecilik | 1254 - Orta Kademe Yöneticiliği / Orta Kademe Yöneticilik | 1333 - Ticaret ve Yönetim | 4296 - İşletme Yönetimi | 4351 - Sevk ve İdare | 4406 - Yönetim | 5339 - İş İdaresi | 5341 - İşletme | 6176 - Genel İşletme | 8603 - Girişimcilik ve Proje Yönetim Asistanlığı;1e4c481e-0a81-ed11-8117-a0369f7d1486
2022;2;202012138;Gelir İdaresi Başkanlığı;Şoför;Bursa;Onlisans;5;;80.579;81.749;"3001;6512;7302";3001 - Herhangi bir önlisans programından mezun olmak. | 6512 - D1 sınıfı sürücü belgesine sahip olmak | 7302 - Bakınız Başvurma Özel Şartları Bölümü Şoför;444d481e-0a81-ed11-8117-a0369f7d1486
2022;2;202012285;Gelir İdaresi Başkanlığı;Şoför;Kars;Onlisans;1;;80.531;80.531;"3001;6512;7302";3001 - Herhangi bir önlisans programından mezun olmak. | 6512 - D1 sınıfı sürücü belgesine sahip olmak | 7302 - Bakınız Başvurma Özel Şartları Bölümü Şoför;d14e481e-0a81-ed11-8117-a0369f7d1486
2022;2;202012075;Gelir İdaresi Başkanlığı;Şoför;Ardahan;Onlisans;1;;80.521;80.521;"3001;6512;7302";3001 - Herhangi bir önlisans programından mezun olmak. | 6512 - D1 sınıfı sürücü belgesine sahip olmak | 7302 - Bakınız Başvurma Özel Şartları Bölümü Şoför;3551481e-0a81-ed11-8117-a0369f7d1486
2022;2;202010661;Devlet Hava Meydanları İşletmesi Genel Müdürlüğü;İş Makinası Sürücüsü;Kars;Onlisans;2;;80.444;80.606;"3366;1204;1232;1233;5312;8570;3368;9227;6516;7302;7322";3366 - Aşağıdaki önlisans programlarından birinden mezun olmak. | 1204 - İş Makineleri | 1232 - Makine | 1233 - Makine Yağları ve Yağlama Teknolojisi | 5312 - Bilgisayar Destekli Makine | 8570 - Termik Santral Makineleri | 3368 - Aşağıdaki önlisans programlarından birinden mezun olmak. | 9227 - İş Makineleri Operatörlüğü | 6516 - G sınıfı sürücü belgesine sahip olmak | 7302 - Bakınız Başvurma Özel Şartları Bölümü Şoför | 7322 - (Bakınız Başvurma Özel Şartları Bölümü Devlet Hava Meydanları İşletmesi Genel Müdürlüğü).;d54e481e-0a81-ed11-8117-a0369f7d1486
2022;2;202012082;Gelir İdaresi Başkanlığı;Şoför;Aydın;Onlisans;1;;80.418;80.418;"3001;6512;7302";3001 - Herhangi bir önlisans programından mezun olmak. | 6512 - D1 sınıfı sürücü belgesine sahip olmak | 7302 - Bakınız Başvurma Özel Şartları Bölümü Şoför;f94c481e-0a81-ed11-8117-a0369f7d1486
2022;2;202012418;Gelir İdaresi Başkanlığı;Şoför;Sinop;Onlisans;1;;80.397;80.397;"3001;6512;7302";3001 - Herhangi bir önlisans programından mezun olmak. | 6512 - D1 sınıfı sürücü belgesine sahip olmak | 7302 - Bakınız Başvurma Özel Şartları Bölümü Şoför;0150481e-0a81-ed11-8117-a0369f7d1486
2022;2;202012929;Sakarya Uygulamalı Bilimler Üniversitesi;Bilgisayar İşletmeni;Sakarya;Onlisans;1;;80.397;80.397;"3179;1129;1130;5351;8510;8560;9074;6225";3179 - Aşağıdaki önlisans programlarından birinden mezun olmak. | 1129 - Büro Yönetimi | 1130 - Büro Yönetimi ve Sekreterlik | 5351 - Ofis Teknolojileri ve Yönetimi | 8510 - Büro Yönetimi ve Yönetici Asistanlığı | 8560 - Sekreterlik | 9074 - Büro Hizmetleri ve Yönetici Asistanlığı | 6225 - M.E.B.'Dan Onaylı Bilgisayar İşletmeni Sertifikası Sahibi olmak.;dd4f481e-0a81-ed11-8117-a0369f7d1486
2022;2;202012719;Kırklareli Üniversitesi;Bilgisayar İşletmeni;Kırklareli;Onlisans;3;;80.377;81.05;"3179;1129;1130;5351;8510;8560;9074;6225";3179 - Aşağıdaki önlisans programlarından birinden mezun olmak. | 1129 - Büro Yönetimi | 1130 - Büro Yönetimi ve Sekreterlik | 5351 - Ofis Teknolojileri ve Yönetimi | 8510 - Büro Yönetimi ve Yönetici Asistanlığı | 8560 - Sekreterlik | 9074 - Büro Hizmetleri ve Yönetici Asistanlığı | 6225 - M.E.B.'Dan Onaylı Bilgisayar İşletmeni Sertifikası Sahibi olmak.;fd4e481e-0a81-ed11-8117-a0369f7d1486
2022;2;202012089;Gelir İdaresi Başkanlığı;Şoför;Balıkesir;Onlisans;2;;80.372;81.759;"3001;6512;7302";3001 - Herhangi bir önlisans programından mezun olmak. | 6512 - D1 sınıfı sürücü belgesine sahip olmak | 7302 - Bakınız Başvurma Özel Şartları Bölümü Şoför;094d481e-0a81-ed11-8117-a0369f7d1486
2022;2;202010675;Devlet Hava Meydanları İşletmesi Genel Müdürlüğü;İş Makinası Sürücüsü;Şırnak;Onlisans;2;;80.29;82.567;"3366;1204;1232;1233;5312;8570;3368;9227;6516;7302;7322";3366 - Aşağıdaki önlisans programlarından birinden mezun olmak. | 1204 - İş Makineleri | 1232 - Makine | 1233 - Makine Yağları ve Yağlama Teknolojisi | 5312 - Bilgisayar Destekli Makine | 8570 - Termik Santral Makineleri | 3368 - Aşağıdaki önlisans programlarından birinden mezun olmak. | 9227 - İş Makineleri Operatörlüğü | 6516 - G sınıfı sürücü belgesine sahip olmak | 7302 - Bakınız Başvurma Özel Şartları Bölümü Şoför | 7322 - (Bakınız Başvurma Özel Şartları Bölümü Devlet Hava Meydanları İşletmesi Genel Müdürlüğü).;1c51481e-0a81-ed11-8117-a0369f7d1486
2022;2;202012054;Gelir İdaresi Başkanlığı;Şoför;Ankara;Onlisans;12;;80.268;83.258;"3001;6512;7302";3001 - Herhangi bir önlisans programından mezun olmak. | 6512 - D1 sınıfı sürücü belgesine sahip olmak | 7302 - Bakınız Başvurma Özel Şartları Bölümü Şoför;944c481e-0a81-ed11-8117-a0369f7d1486
2022;2;202010178;Aksaray Üniversitesi;Bilgisayar İşletmeni;Aksaray;Onlisans;1;;80.236;80.236;"3178;9395;6225";3178 - Aşağıdaki önlisans programlarından birinden mezun olmak. | 9395 - Hukuk Büro Yönetimi ve Sekreterliği | 6225 - M.E.B.'Dan Onaylı Bilgisayar İşletmeni Sertifikası Sahibi olmak.;f550481e-0a81-ed11-8117-a0369f7d1486
2022;2;202010444;Devlet Demiryolları Taşımacılık A.Ş Genel Müdürlüğü;Memur;Ankara;Onlisans;3;;80.187;81.314;"3224;8623;7368";3224 - Aşağıdaki önlisans programlarından birinden mezun olmak. | 8623 - Raylı Sistemler İşletmeciliği | 7368 - (Bakınız Başvurma Özel Şartları Bölümü T.C. Devlet Demiryolları Taşımacılık A.Ş. Genel Müdürlüğü);b14c481e-0a81-ed11-8117-a0369f7d1486
2022;2;202012299;Gelir İdaresi Başkanlığı;Şoför;Kayseri;Onlisans;3;;80.148;82.052;"3001;6512;7302";3001 - Herhangi bir önlisans programından mezun olmak. | 6512 - D1 sınıfı sürücü belgesine sahip olmak | 7302 - Bakınız Başvurma Özel Şartları Bölümü Şoför;ec4e481e-0a81-ed11-8117-a0369f7d1486
2022;2;202012985;Sinop Üniversitesi;Tekniker;Sinop;Onlisans;1;;80.14;80.14;"3087;1112;1125;9056;3097;1273;1274;1275;1297;1375;4339;8566;9315";3087 - Aşağıdaki önlisans programlarından birinden mezun olmak. | 1112 - Bahçe Ziraatı | 1125 - Bitkisel Üretim | 9056 - Bahçe Tarımı | 3097 - Aşağıdaki önlisans programlarından birinden mezun olmak. | 1273 - Peyzaj | 1274 - Peyzaj Uygulama ve Süs Bitkileri | 1275 - Peyzaj ve Süs Bitkileri | 1297 - Seracılık ve Süs Bitkileri Yetiştiriciliği | 1375 - Peyzaj Ve Süs Bitkileri Yetiştiriciliği | 4339 - Peyzaj ve Çevre Tasarımı | 8566 - Süs Bitkileri Yetiştiriciliği | 9315 - Kesme Çiçek Yetiştiriciliği;0350481e-0a81-ed11-8117-a0369f7d1486
2022;2;202013713;Türkiye Taşkömürü Kurumu Genel Müdürlüğü;Anbar Memuru;Zonguldak;Onlisans;9;;80.13;84.469;"3163;1163;1206;1207;1254;1333;4296;4351;4406;5339;5341;6176;8603;3179;1129;1130;5351;8510;8560;9074;3183;5338;6271;9073;3254;1352;5310;8508";3163 - Aşağıdaki önlisans programlarından birinden mezun olmak. | 1163 - Endüstriyel Yönetim | 1206 - İşletme Organizasyonu ve Çiftlik Yönetimi | 1207 - İşletmecilik | 1254 - Orta Kademe Yöneticiliği / Orta Kademe Yöneticilik | 1333 - Ticaret ve Yönetim | 4296 - İşletme Yönetimi | 4351 - Sevk ve İdare | 4406 - Yönetim | 5339 - İş İdaresi | 5341 - İşletme | 6176 - Genel İşletme | 8603 - Girişimcilik ve Proje Yönetim Asistanlığı | 3179 - Aşağıdaki önlisans programlarından birinden mezun olmak. | 1129 - Büro Yönetimi | 1130 - Büro Yönetimi ve Sekreterlik | 5351 - Ofis Teknolojileri ve Yönetimi | 8510 - Büro Yönetimi ve Yönetici Asistanlığı | 8560 - Sekreterlik | 9074 - Büro Hizmetleri ve Yönetici Asistanlığı | 3183 - Aşağıdaki önlisans programlarından birinden mezun olmak. | 5338 - İnsan Kaynakları | 6271 - Personel Yönetimi | 9073 - İnsan Kaynakları Yönetimi | 3254 - Aşağıdaki önlisans programlarından birinden mezun olmak. | 1352 - Bilgi Yönetimi (Internet) | 5310 - Bilgi Yönetimi | 8508 - Bilişim-Yönetim;dd50481e-0a81-ed11-8117-a0369f7d1486
2022;2;202011158;Fırat Üniversitesi;Memur;Elazığ;Onlisans;2;;80.099;80.167;"3181;1235";3181 - Aşağıdaki önlisans programlarından birinden mezun olmak. | 1235 - Maliye;914d481e-0a81-ed11-8117-a0369f7d1486
2022;2;202012530;Hakkari Üniversitesi;Memur;Hakkari;Onlisans;2;;80.084;80.302;"3173;1117;1124;1249;9032;9331;3181;1235";3173 - Aşağıdaki önlisans programlarından birinden mezun olmak. | 1117 - Bilgisayar Destekli Muhasebe | 1124 - Bilgisayarlı Muhasebe ve Vergi Uygulama | 1249 - Muhasebe | 9032 - Muhasebe ve Vergi Uygulamaları | 9331 - İşletme-Muhasebe | 3181 - Aşağıdaki önlisans programlarından birinden mezun olmak. | 1235 - Maliye;144e481e-0a81-ed11-8117-a0369f7d1486
2022;2;202012481;Gelir İdaresi Başkanlığı;Şoför;Yozgat;Onlisans;1;;80.071;80.071;"3001;6512;7302";3001 - Herhangi bir önlisans programından mezun olmak. | 6512 - D1 sınıfı sürücü belgesine sahip olmak | 7302 - Bakınız Başvurma Özel Şartları Bölümü Şoför;b450481e-0a81-ed11-8117-a0369f7d1486
2022;2;202011165;Galatasaray Üniversitesi;Bilgisayar İşletmeni;İstanbul;Onlisans;1;;80.063;80.063;"3248;1119;1123;4221;4223;4321;8507;9075;6225";3248 - Aşağıdaki önlisans programlarından birinden mezun olmak. | 1119 - Bilgisayar Donanımı | 1123 - Bilgisayar ve Enformasyon Sistemleri | 4221 - Bilgisayar Teknolojileri ve Bilişim Sistemleri | 4223 - Bilişim Sistemleri ve Teknolojileri | 4321 - Muhabere ve Elektronik Bilgi Sistemleri | 8507 - Bilgisayar Teknolojileri ve Yönetimi | 9075 - Bilgisayar Teknolojisi | 6225 - M.E.B.'Dan Onaylı Bilgisayar İşletmeni Sertifikası Sahibi olmak.;854e481e-0a81-ed11-8117-a0369f7d1486
2022;2;202012628;İstanbul Üniversitesi;Tekniker;İstanbul;Onlisans;2;;80.052;83.423;"3399;1170;1171;8527";3399 - Aşağıdaki önlisans programlarından birinden mezun olmak. | 1170 - Fotoğrafçılık | 1171 - Fotoğrafçılık ve Kameramanlık | 8527 - Fotoğraf;754e481e-0a81-ed11-8117-a0369f7d1486
2022;2;202013671;Trakya Üniversitesi;Bilgisayar İşletmeni;Edirne;Onlisans;3;;80.021;85.659;"3179;1129;1130;5351;8510;8560;9074;6225";3179 - Aşağıdaki önlisans programlarından birinden mezun olmak. | 1129 - Büro Yönetimi | 1130 - Büro Yönetimi ve Sekreterlik | 5351 - Ofis Teknolojileri ve Yönetimi | 8510 - Büro Yönetimi ve Yönetici Asistanlığı | 8560 - Sekreterlik | 9074 - Büro Hizmetleri ve Yönetici Asistanlığı | 6225 - M.E.B.'Dan Onaylı Bilgisayar İşletmeni Sertifikası Sahibi olmak.;804d481e-0a81-ed11-8117-a0369f7d1486
2022;2;202012810;Milli Saraylar İdaresi Başkanlığı;İtfaiyeci;İstanbul;Onlisans;24;;79.961;83.86;"3331;1208;8537;9023;7300";3331 - Aşağıdaki önlisans programlarından birinden mezun olmak. | 1208 - İtfaiyecilik ve Yangın Güvenliği | 8537 - İtfaiyecilik ve Sivil Savunma | 9023 - Sivil Savunma ve İtfaiyecilik | 7300 - Bu kadro/pozisyonda vardiya sistemi uygulanmaktadır.;7b4e481e-0a81-ed11-8117-a0369f7d1486
2022;2;202012061;Gelir İdaresi Başkanlığı;Şoför;Ankara;Onlisans;12;;79.925;84.33;"3001;6512;7302";3001 - Herhangi bir önlisans programından mezun olmak. | 6512 - D1 sınıfı sürücü belgesine sahip olmak | 7302 - Bakınız Başvurma Özel Şartları Bölümü Şoför;954c481e-0a81-ed11-8117-a0369f7d1486
2022;2;202012404;Gelir İdaresi Başkanlığı;Şoför;Samsun;Onlisans;2;;79.899;82.433;"3001;6512;7302";3001 - Herhangi bir önlisans programından mezun olmak. | 6512 - D1 sınıfı sürücü belgesine sahip olmak | 7302 - Bakınız Başvurma Özel Şartları Bölümü Şoför;e64f481e-0a81-ed11-8117-a0369f7d1486
2022;2;202010346;Çay İşletmeleri Genel Müdürlüğü;Anbar Memuru;Rize;Onlisans;4;;79.894;80.581;"3173;1117;1124;1249;9032;9331";3173 - Aşağıdaki önlisans programlarından birinden mezun olmak. | 1117 - Bilgisayar Destekli Muhasebe | 1124 - Bilgisayarlı Muhasebe ve Vergi Uygulama | 1249 - Muhasebe | 9032 - Muhasebe ve Vergi Uygulamaları | 9331 - İşletme-Muhasebe;cc4f481e-0a81-ed11-8117-a0369f7d1486
2022;2;202013895;Zonguldak Bülent Ecevit Üniversitesi;Bilgisayar İşletmeni;Zonguldak;Onlisans;3;;79.89;80.868;"3173;1117;1124;1249;9032;9331;6225";3173 - Aşağıdaki önlisans programlarından birinden mezun olmak. | 1117 - Bilgisayar Destekli Muhasebe | 1124 - Bilgisayarlı Muhasebe ve Vergi Uygulama | 1249 - Muhasebe | 9032 - Muhasebe ve Vergi Uygulamaları | 9331 - İşletme-Muhasebe | 6225 - M.E.B.'Dan Onaylı Bilgisayar İşletmeni Sertifikası Sahibi olmak.;d750481e-0a81-ed11-8117-a0369f7d1486
2022;2;202012684;Kafkas Üniversitesi;Bilgisayar İşletmeni;Kars;Onlisans;2;;79.871;81.244;"3179;1129;1130;5351;8510;8560;9074;6225";3179 - Aşağıdaki önlisans programlarından birinden mezun olmak. | 1129 - Büro Yönetimi | 1130 - Büro Yönetimi ve Sekreterlik | 5351 - Ofis Teknolojileri ve Yönetimi | 8510 - Büro Yönetimi ve Yönetici Asistanlığı | 8560 - Sekreterlik | 9074 - Büro Hizmetleri ve Yönetici Asistanlığı | 6225 - M.E.B.'Dan Onaylı Bilgisayar İşletmeni Sertifikası Sahibi olmak.;ce4e481e-0a81-ed11-8117-a0369f7d1486
2022;2;202012712;Kırklareli Üniversitesi;Bilgisayar İşletmeni;Kırklareli;Onlisans;2;;79.824;80.021;"3173;1117;1124;1249;9032;9331;6225";3173 - Aşağıdaki önlisans programlarından birinden mezun olmak. | 1117 - Bilgisayar Destekli Muhasebe | 1124 - Bilgisayarlı Muhasebe ve Vergi Uygulama | 1249 - Muhasebe | 9032 - Muhasebe ve Vergi Uygulamaları | 9331 - İşletme-Muhasebe | 6225 - M.E.B.'Dan Onaylı Bilgisayar İşletmeni Sertifikası Sahibi olmak.;fc4e481e-0a81-ed11-8117-a0369f7d1486
2022;2;202012145;Gelir İdaresi Başkanlığı;Şoför;Çanakkale;Onlisans;2;;79.807;80.345;"3001;6512;7302";3001 - Herhangi bir önlisans programından mezun olmak. | 6512 - D1 sınıfı sürücü belgesine sahip olmak | 7302 - Bakınız Başvurma Özel Şartları Bölümü Şoför;4c4d481e-0a81-ed11-8117-a0369f7d1486
2022;2;202013727;Türkiye Taşkömürü Kurumu Genel Müdürlüğü;Memur;Zonguldak;Onlisans;18;;79.798;88.43;"3163;1163;1206;1207;1254;1333;4296;4351;4406;5339;5341;6176;8603;3173;1117;1124;1249;9032;9331;3179;1129;1130;5351;8510;8560;9074;3181;1235;3183;5338;6271;9073";3163 - Aşağıdaki önlisans programlarından birinden mezun olmak. | 1163 - Endüstriyel Yönetim | 1206 - İşletme Organizasyonu ve Çiftlik Yönetimi | 1207 - İşletmecilik | 1254 - Orta Kademe Yöneticiliği / Orta Kademe Yöneticilik | 1333 - Ticaret ve Yönetim | 4296 - İşletme Yönetimi | 4351 - Sevk ve İdare | 4406 - Yönetim | 5339 - İş İdaresi | 5341 - İşletme | 6176 - Genel İşletme | 8603 - Girişimcilik ve Proje Yönetim Asistanlığı | 3173 - Aşağıdaki önlisans programlarından birinden mezun olmak. | 1117 - Bilgisayar Destekli Muhasebe | 1124 - Bilgisayarlı Muhasebe ve Vergi Uygulama | 1249 - Muhasebe | 9032 - Muhasebe ve Vergi Uygulamaları | 9331 - İşletme-Muhasebe | 3179 - Aşağıdaki önlisans programlarından birinden mezun olmak. | 1129 - Büro Yönetimi | 1130 - Büro Yönetimi ve Sekreterlik | 5351 - Ofis Teknolojileri ve Yönetimi | 8510 - Büro Yönetimi ve Yönetici Asistanlığı | 8560 - Sekreterlik | 9074 - Büro Hizmetleri ve Yönetici Asistanlığı | 3181 - Aşağıdaki önlisans programlarından birinden mezun olmak. | 1235 - Maliye | 3183 - Aşağıdaki önlisans programlarından birinden mezun olmak. | 5338 - İnsan Kaynakları | 6271 - Personel Yönetimi | 9073 - İnsan Kaynakları Yönetimi;df50481e-0a81-ed11-8117-a0369f7d1486
2022;2;202012362;Gelir İdaresi Başkanlığı;Şoför;Muğla;Onlisans;3;;79.78;85.544;"3001;6512;7302";3001 - Herhangi bir önlisans programından mezun olmak. | 6512 - D1 sınıfı sürücü belgesine sahip olmak | 7302 - Bakınız Başvurma Özel Şartları Bölümü Şoför;954f481e-0a81-ed11-8117-a0369f7d1486
2022;2;202012474;Gelir İdaresi Başkanlığı;Şoför;Yalova;Onlisans;1;;79.776;79.776;"3001;6512;7302";3001 - Herhangi bir önlisans programından mezun olmak. | 6512 - D1 sınıfı sürücü belgesine sahip olmak | 7302 - Bakınız Başvurma Özel Şartları Bölümü Şoför;5451481e-0a81-ed11-8117-a0369f7d1486
2022;2;202012313;Gelir İdaresi Başkanlığı;Şoför;Kocaeli;Onlisans;3;;79.762;80.537;"3001;6512;7302";3001 - Herhangi bir önlisans programından mezun olmak. | 6512 - D1 sınıfı sürücü belgesine sahip olmak | 7302 - Bakınız Başvurma Özel Şartları Bölümü Şoför;124f481e-0a81-ed11-8117-a0369f7d1486
2022;2;202012306;Gelir İdaresi Başkanlığı;Şoför;Kırşehir;Onlisans;1;;79.754;79.754;"3001;6512;7302";3001 - Herhangi bir önlisans programından mezun olmak. | 6512 - D1 sınıfı sürücü belgesine sahip olmak | 7302 - Bakınız Başvurma Özel Şartları Bölümü Şoför;074f481e-0a81-ed11-8117-a0369f7d1486
2022;2;202012621;İstanbul Üniversitesi;Memur;İstanbul;Onlisans;2;;79.742;79.825;"3499;9229";3499 - Aşağıdaki önlisans programlarından birinden mezun olmak. | 9229 - Çağrı Merkezi Hizmetleri;744e481e-0a81-ed11-8117-a0369f7d1486
2022;2;202011683;Gelir İdaresi Başkanlığı;Koruma ve Güvenlik Görevlisi;Ağrı;Onlisans;1;;79.658;79.658;"1101;3389;4275;4292;5353;5359;9181;9182;6551;7303";1101 - Cinsiyeti Erkek olmak. | 3389 - Aşağıdaki önlisans programlarından birinden mezun olmak. | 4275 - Güvenlik | 4292 - İstihbarat | 5353 - Özel Güvenlik ve Koruma | 5359 - Savunma ve Güvenlik | 9181 - Güvenli ve Koruma | 9182 - Kamu Güvenlik ve Asayişin Sağlanması | 6551 - Özel Güvenlik Görevlisi Kimlik Kartına Sahip olmak. | 7303 - (Bakınız Başvurma Özel Şartları Bölümü Koruma ve Güvenlik Görevlisi).;244c481e-0a81-ed11-8117-a0369f7d1486
2022;2;202012446;Gelir İdaresi Başkanlığı;Şoför;Tekirdağ;Onlisans;2;;79.643;81.071;"3001;6512;7302";3001 - Herhangi bir önlisans programından mezun olmak. | 6512 - D1 sınıfı sürücü belgesine sahip olmak | 7302 - Bakınız Başvurma Özel Şartları Bölümü Şoför;3850481e-0a81-ed11-8117-a0369f7d1486
2022;2;202012397;Gelir İdaresi Başkanlığı;Şoför;Sakarya;Onlisans;2;;79.612;81.408;"3001;6512;7302";3001 - Herhangi bir önlisans programından mezun olmak. | 6512 - D1 sınıfı sürücü belgesine sahip olmak | 7302 - Bakınız Başvurma Özel Şartları Bölümü Şoför;e54f481e-0a81-ed11-8117-a0369f7d1486
2022;2;202012565;Iğdır Üniversitesi;Tekniker;Iğdır;Onlisans;1;;79.545;79.545;"3085;1109";3085 - Aşağıdaki önlisans programlarından birinden mezun olmak. | 1109 - Arıcılık;5151481e-0a81-ed11-8117-a0369f7d1486
2022;2;202011942;Gelir İdaresi Başkanlığı;Koruma ve Güvenlik Görevlisi;Osmaniye;Onlisans;1;;79.48;79.48;"1101;3389;4275;4292;5353;5359;9181;9182;6551;7303";1101 - Cinsiyeti Erkek olmak. | 3389 - Aşağıdaki önlisans programlarından birinden mezun olmak. | 4275 - Güvenlik | 4292 - İstihbarat | 5353 - Özel Güvenlik ve Koruma | 5359 - Savunma ve Güvenlik | 9181 - Güvenli ve Koruma | 9182 - Kamu Güvenlik ve Asayişin Sağlanması | 6551 - Özel Güvenlik Görevlisi Kimlik Kartına Sahip olmak. | 7303 - (Bakınız Başvurma Özel Şartları Bölümü Koruma ve Güvenlik Görevlisi).;6a51481e-0a81-ed11-8117-a0369f7d1486
2022;2;202010318;Burdur Mehmet Akif Ersoy Üniversitesi;Bilgisayar İşletmeni;Burdur;Onlisans;1;;79.48;79.48;"3399;1170;1171;8527;6225";3399 - Aşağıdaki önlisans programlarından birinden mezun olmak. | 1170 - Fotoğrafçılık | 1171 - Fotoğrafçılık ve Kameramanlık | 8527 - Fotoğraf | 6225 - M.E.B.'Dan Onaylı Bilgisayar İşletmeni Sertifikası Sahibi olmak.;344d481e-0a81-ed11-8117-a0369f7d1486
2022;2;202012257;Gelir İdaresi Başkanlığı;Şoför;İstanbul;Onlisans;14;;79.43;86.075;"3001;6512;7302";3001 - Herhangi bir önlisans programından mezun olmak. | 6512 - D1 sınıfı sürücü belgesine sahip olmak | 7302 - Bakınız Başvurma Özel Şartları Bölümü Şoför;7f4e481e-0a81-ed11-8117-a0369f7d1486
2022;2;202010290;Bingöl Üniversitesi;Şoför;Bingöl;Onlisans;1;;79.408;79.408;"3188;1260;9012;6514;7302";3188 - Aşağıdaki önlisans programlarından birinden mezun olmak. | 1260 - Otobüs Şoförlüğü (Kaptanlık) / Otobüs Şoförlüğü | 9012 - Otobüs Kaptanlığı | 6514 - D sınıfı sürücü belgesine sahip olmak | 7302 - Bakınız Başvurma Özel Şartları Bölümü Şoför;274d481e-0a81-ed11-8117-a0369f7d1486
2022;2;202012488;Gelir İdaresi Başkanlığı;Şoför;Zonguldak;Onlisans;2;;79.387;83.65;"3001;6512;7302";3001 - Herhangi bir önlisans programından mezun olmak. | 6512 - D1 sınıfı sürücü belgesine sahip olmak | 7302 - Bakınız Başvurma Özel Şartları Bölümü Şoför;e650481e-0a81-ed11-8117-a0369f7d1486
2022;2;202011858;Gelir İdaresi Başkanlığı;Koruma ve Güvenlik Görevlisi;Kahramanmaraş;Onlisans;1;;79.386;79.386;"1101;3389;4275;4292;5353;5359;9181;9182;6551;7303";1101 - Cinsiyeti Erkek olmak. | 3389 - Aşağıdaki önlisans programlarından birinden mezun olmak. | 4275 - Güvenlik | 4292 - İstihbarat | 5353 - Özel Güvenlik ve Koruma | 5359 - Savunma ve Güvenlik | 9181 - Güvenli ve Koruma | 9182 - Kamu Güvenlik ve Asayişin Sağlanması | 6551 - Özel Güvenlik Görevlisi Kimlik Kartına Sahip olmak. | 7303 - (Bakınız Başvurma Özel Şartları Bölümü Koruma ve Güvenlik Görevlisi).;834f481e-0a81-ed11-8117-a0369f7d1486
2022;2;202012796;Marmara Üniversitesi;Bilgisayar İşletmeni;İstanbul;Onlisans;3;;79.272;83.417;"3004;9098;6225";3004 - Aşağıdaki önlisans programlarından birinden mezun olmak. | 9098 - Sosyal Güvenlik | 6225 - M.E.B.'Dan Onaylı Bilgisayar İşletmeni Sertifikası Sahibi olmak.;794e481e-0a81-ed11-8117-a0369f7d1486
2022;2;202012852;Muş Alparslan Üniversitesi;Aşçı;Muş;Onlisans;1;;79.143;79.143;"3222;1110;1196;1250;8578;8599;9501";3222 - Aşağıdaki önlisans programlarından birinden mezun olmak. | 1110 - Aşçılık | 1196 - Hazır Yemek ve Aşçılık | 1250 - Mutfak Yönetimi | 8578 - Yemek Pişirme Teknikleri | 8599 - Gastronomi ve Mutfak Sanatları | 9501 - Gemi Aşçılığı;a04f481e-0a81-ed11-8117-a0369f7d1486
2022;2;202011151;Fırat Üniversitesi;Aşçı;Elazığ;Onlisans;3;;79.063;81.306;"3222;1110;1196;1250;8578;8599;9501";3222 - Aşağıdaki önlisans programlarından birinden mezun olmak. | 1110 - Aşçılık | 1196 - Hazır Yemek ve Aşçılık | 1250 - Mutfak Yönetimi | 8578 - Yemek Pişirme Teknikleri | 8599 - Gastronomi ve Mutfak Sanatları | 9501 - Gemi Aşçılığı;904d481e-0a81-ed11-8117-a0369f7d1486
2022;2;202010150;Ağrı İbrahim Çeçen Üniversitesi;Memur;Ağrı;Onlisans;1;;78.991;78.991;"3181;1235";3181 - Aşağıdaki önlisans programlarından birinden mezun olmak. | 1235 - Maliye;214c481e-0a81-ed11-8117-a0369f7d1486
2022;2;202012726;Kırklareli Üniversitesi;Bilgisayar İşletmeni;Kırklareli;Onlisans;2;;78.957;80.627;"3181;1235;6225";3181 - Aşağıdaki önlisans programlarından birinden mezun olmak. | 1235 - Maliye | 6225 - M.E.B.'Dan Onaylı Bilgisayar İşletmeni Sertifikası Sahibi olmak.;fe4e481e-0a81-ed11-8117-a0369f7d1486
2022;2;202013741;Türkiye Taşkömürü Kurumu Genel Müdürlüğü;Memur;Zonguldak;Onlisans;45;;78.949;83.177;"3163;1163;1206;1207;1254;1333;4296;4351;4406;5339;5341;6176;8603;3173;1117;1124;1249;9032;9331;3179;1129;1130;5351;8510;8560;9074;3181;1235;3183;5338;6271;9073";3163 - Aşağıdaki önlisans programlarından birinden mezun olmak. | 1163 - Endüstriyel Yönetim | 1206 - İşletme Organizasyonu ve Çiftlik Yönetimi | 1207 - İşletmecilik | 1254 - Orta Kademe Yöneticiliği / Orta Kademe Yöneticilik | 1333 - Ticaret ve Yönetim | 4296 - İşletme Yönetimi | 4351 - Sevk ve İdare | 4406 - Yönetim | 5339 - İş İdaresi | 5341 - İşletme | 6176 - Genel İşletme | 8603 - Girişimcilik ve Proje Yönetim Asistanlığı | 3173 - Aşağıdaki önlisans programlarından birinden mezun olmak. | 1117 - Bilgisayar Destekli Muhasebe | 1124 - Bilgisayarlı Muhasebe ve Vergi Uygulama | 1249 - Muhasebe | 9032 - Muhasebe ve Vergi Uygulamaları | 9331 - İşletme-Muhasebe | 3179 - Aşağıdaki önlisans programlarından birinden mezun olmak. | 1129 - Büro Yönetimi | 1130 - Büro Yönetimi ve Sekreterlik | 5351 - Ofis Teknolojileri ve Yönetimi | 8510 - Büro Yönetimi ve Yönetici Asistanlığı | 8560 - Sekreterlik | 9074 - Büro Hizmetleri ve Yönetici Asistanlığı | 3181 - Aşağıdaki önlisans programlarından birinden mezun olmak. | 1235 - Maliye | 3183 - Aşağıdaki önlisans programlarından birinden mezun olmak. | 5338 - İnsan Kaynakları | 6271 - Personel Yönetimi | 9073 - İnsan Kaynakları Yönetimi;e150481e-0a81-ed11-8117-a0369f7d1486
2022;2;202011123;Esenler Belediye Başkanlığı;Memur;İstanbul;Onlisans;11;;78.938;84.757;"3185;1230;1231;8580";3185 - Aşağıdaki önlisans programlarından birinden mezun olmak. | 1230 - Mahalli İdareler | 1231 - Mahalli İdareler (Zabıta) | 8580 - Yerel Yönetimler;844e481e-0a81-ed11-8117-a0369f7d1486
2022;2;202010360;Çukurova Üniversitesi;Tekniker;Adana;Onlisans;1;;78.907;78.907;"3097;1273;1274;1275;1297;1375;4339;8566;9315";3097 - Aşağıdaki önlisans programlarından birinden mezun olmak. | 1273 - Peyzaj | 1274 - Peyzaj Uygulama ve Süs Bitkileri | 1275 - Peyzaj ve Süs Bitkileri | 1297 - Seracılık ve Süs Bitkileri Yetiştiriciliği | 1375 - Peyzaj Ve Süs Bitkileri Yetiştiriciliği | 4339 - Peyzaj ve Çevre Tasarımı | 8566 - Süs Bitkileri Yetiştiriciliği | 9315 - Kesme Çiçek Yetiştiriciliği;de4b481e-0a81-ed11-8117-a0369f7d1486
2022;2;202010416;Devlet Demiryolları Taşımacılık A.Ş Genel Müdürlüğü;Kondoktör;Malatya;Onlisans;4;;78.67;84.322;"1101;3224;8623;7300;7368";1101 - Cinsiyeti Erkek olmak. | 3224 - Aşağıdaki önlisans programlarından birinden mezun olmak. | 8623 - Raylı Sistemler İşletmeciliği | 7300 - Bu kadro/pozisyonda vardiya sistemi uygulanmaktadır. | 7368 - (Bakınız Başvurma Özel Şartları Bölümü T.C. Devlet Demiryolları Taşımacılık A.Ş. Genel Müdürlüğü);6c4f481e-0a81-ed11-8117-a0369f7d1486
2022;2;202011179;Galatasaray Üniversitesi;Veri Hazırlama ve Kontrol İşletmeni;İstanbul;Onlisans;1;;78.519;78.519;"3183;5338;6271;9073;6225";3183 - Aşağıdaki önlisans programlarından birinden mezun olmak. | 5338 - İnsan Kaynakları | 6271 - Personel Yönetimi | 9073 - İnsan Kaynakları Yönetimi | 6225 - M.E.B.'Dan Onaylı Bilgisayar İşletmeni Sertifikası Sahibi olmak.;874e481e-0a81-ed11-8117-a0369f7d1486
2022;2;202013307;Tarım İşletmeleri Genel Müdürlüğü;Memur;Malatya;Onlisans;1;;78.143;78.143;"3183;5338;6271;9073";3183 - Aşağıdaki önlisans programlarından birinden mezun olmak. | 5338 - İnsan Kaynakları | 6271 - Personel Yönetimi | 9073 - İnsan Kaynakları Yönetimi;6a4f481e-0a81-ed11-8117-a0369f7d1486
2022;2;202012516;Hakkari Üniversitesi;Aşçı;Hakkari;Onlisans;1;;77.988;77.988;"3222;1110;1196;1250;8578;8599;9501";3222 - Aşağıdaki önlisans programlarından birinden mezun olmak. | 1110 - Aşçılık | 1196 - Hazır Yemek ve Aşçılık | 1250 - Mutfak Yönetimi | 8578 - Yemek Pişirme Teknikleri | 8599 - Gastronomi ve Mutfak Sanatları | 9501 - Gemi Aşçılığı;124e481e-0a81-ed11-8117-a0369f7d1486
2022;2;202010213;Ardahan Üniversitesi;Aşçı;Ardahan;Onlisans;2;;77.929;78.814;"3222;1110;1196;1250;8578;8599;9501";3222 - Aşağıdaki önlisans programlarından birinden mezun olmak. | 1110 - Aşçılık | 1196 - Hazır Yemek ve Aşçılık | 1250 - Mutfak Yönetimi | 8578 - Yemek Pişirme Teknikleri | 8599 - Gastronomi ve Mutfak Sanatları | 9501 - Gemi Aşçılığı;3651481e-0a81-ed11-8117-a0369f7d1486
2022;2;202011774;Gelir İdaresi Başkanlığı;Koruma ve Güvenlik Görevlisi;Diyarbakır;Onlisans;1;;77.897;77.897;"1103;3389;4275;4292;5353;5359;9181;9182;6551;7303";1103 - Cinsiyeti Kadın olmak. | 3389 - Aşağıdaki önlisans programlarından birinden mezun olmak. | 4275 - Güvenlik | 4292 - İstihbarat | 5353 - Özel Güvenlik ve Koruma | 5359 - Savunma ve Güvenlik | 9181 - Güvenli ve Koruma | 9182 - Kamu Güvenlik ve Asayişin Sağlanması | 6551 - Özel Güvenlik Görevlisi Kimlik Kartına Sahip olmak. | 7303 - (Bakınız Başvurma Özel Şartları Bölümü Koruma ve Güvenlik Görevlisi).;794d481e-0a81-ed11-8117-a0369f7d1486
2022;2;202011970;Gelir İdaresi Başkanlığı;Koruma ve Güvenlik Görevlisi;Sinop;Onlisans;1;;77.877;77.877;"1101;3389;4275;4292;5353;5359;9181;9182;6551;7303";1101 - Cinsiyeti Erkek olmak. | 3389 - Aşağıdaki önlisans programlarından birinden mezun olmak. | 4275 - Güvenlik | 4292 - İstihbarat | 5353 - Özel Güvenlik ve Koruma | 5359 - Savunma ve Güvenlik | 9181 - Güvenli ve Koruma | 9182 - Kamu Güvenlik ve Asayişin Sağlanması | 6551 - Özel Güvenlik Görevlisi Kimlik Kartına Sahip olmak. | 7303 - (Bakınız Başvurma Özel Şartları Bölümü Koruma ve Güvenlik Görevlisi).;0250481e-0a81-ed11-8117-a0369f7d1486
2022;2;202012551;Hatay Mustafa Kemal Üniversitesi;Tekniker;Hatay;Onlisans;1;;77.695;77.695;"3101;5315";3101 - Aşağıdaki önlisans programlarından birinden mezun olmak. | 5315 - Bitki Koruma;1d4e481e-0a81-ed11-8117-a0369f7d1486
2022;2;202010430;Devlet Demiryolları Taşımacılık A.Ş Genel Müdürlüğü;Memur;Adana;Onlisans;2;;77.53;77.646;"3224;8623;7300;7368";3224 - Aşağıdaki önlisans programlarından birinden mezun olmak. | 8623 - Raylı Sistemler İşletmeciliği | 7300 - Bu kadro/pozisyonda vardiya sistemi uygulanmaktadır. | 7368 - (Bakınız Başvurma Özel Şartları Bölümü T.C. Devlet Demiryolları Taşımacılık A.Ş. Genel Müdürlüğü);e04b481e-0a81-ed11-8117-a0369f7d1486
2022;2;202010157;Ağrı İbrahim Çeçen Üniversitesi;Memur;Ağrı;Onlisans;4;;77.24;80.273;"3183;5338;6271;9073";3183 - Aşağıdaki önlisans programlarından birinden mezun olmak. | 5338 - İnsan Kaynakları | 6271 - Personel Yönetimi | 9073 - İnsan Kaynakları Yönetimi;224c481e-0a81-ed11-8117-a0369f7d1486
2022;2;202011837;Gelir İdaresi Başkanlığı;Koruma ve Güvenlik Görevlisi;Hatay;Onlisans;2;;77.169;78.638;"1101;3389;4275;4292;5353;5359;9181;9182;6551;7303";1101 - Cinsiyeti Erkek olmak. | 3389 - Aşağıdaki önlisans programlarından birinden mezun olmak. | 4275 - Güvenlik | 4292 - İstihbarat | 5353 - Özel Güvenlik ve Koruma | 5359 - Savunma ve Güvenlik | 9181 - Güvenli ve Koruma | 9182 - Kamu Güvenlik ve Asayişin Sağlanması | 6551 - Özel Güvenlik Görevlisi Kimlik Kartına Sahip olmak. | 7303 - (Bakınız Başvurma Özel Şartları Bölümü Koruma ve Güvenlik Görevlisi).;1f4e481e-0a81-ed11-8117-a0369f7d1486
2022;2;202010500;Devlet Demiryolları Taşımacılık A.Ş Genel Müdürlüğü;Memur;Manisa;Onlisans;1;;77.11;77.11;"3224;8623;7300;7368";3224 - Aşağıdaki önlisans programlarından birinden mezun olmak. | 8623 - Raylı Sistemler İşletmeciliği | 7300 - Bu kadro/pozisyonda vardiya sistemi uygulanmaktadır. | 7368 - (Bakınız Başvurma Özel Şartları Bölümü T.C. Devlet Demiryolları Taşımacılık A.Ş. Genel Müdürlüğü);734f481e-0a81-ed11-8117-a0369f7d1486
2022;2;202011795;Gelir İdaresi Başkanlığı;Koruma ve Güvenlik Görevlisi;Elazığ;Onlisans;2;;77.016;80.682;"1101;3389;4275;4292;5353;5359;9181;9182;6551;7303";1101 - Cinsiyeti Erkek olmak. | 3389 - Aşağıdaki önlisans programlarından birinden mezun olmak. | 4275 - Güvenlik | 4292 - İstihbarat | 5353 - Özel Güvenlik ve Koruma | 5359 - Savunma ve Güvenlik | 9181 - Güvenli ve Koruma | 9182 - Kamu Güvenlik ve Asayişin Sağlanması | 6551 - Özel Güvenlik Görevlisi Kimlik Kartına Sahip olmak. | 7303 - (Bakınız Başvurma Özel Şartları Bölümü Koruma ve Güvenlik Görevlisi).;934d481e-0a81-ed11-8117-a0369f7d1486
2022;2;202010451;Devlet Demiryolları Taşımacılık A.Ş Genel Müdürlüğü;Memur;Ankara;Onlisans;5;;77.008;79.846;"3224;8623;7300;7368";3224 - Aşağıdaki önlisans programlarından birinden mezun olmak. | 8623 - Raylı Sistemler İşletmeciliği | 7300 - Bu kadro/pozisyonda vardiya sistemi uygulanmaktadır. | 7368 - (Bakınız Başvurma Özel Şartları Bölümü T.C. Devlet Demiryolları Taşımacılık A.Ş. Genel Müdürlüğü);b24c481e-0a81-ed11-8117-a0369f7d1486
2022;2;202010472;Devlet Demiryolları Taşımacılık A.Ş Genel Müdürlüğü;Memur;İzmir;Onlisans;3;;76.907;77.98;"3224;8623;7300;7368";3224 - Aşağıdaki önlisans programlarından birinden mezun olmak. | 8623 - Raylı Sistemler İşletmeciliği | 7300 - Bu kadro/pozisyonda vardiya sistemi uygulanmaktadır. | 7368 - (Bakınız Başvurma Özel Şartları Bölümü T.C. Devlet Demiryolları Taşımacılık A.Ş. Genel Müdürlüğü);a64e481e-0a81-ed11-8117-a0369f7d1486
2022;2;202012691;Kafkas Üniversitesi;Bilgisayar İşletmeni;Kars;Onlisans;2;;76.788;76.895;"3183;5338;6271;9073;6225";3183 - Aşağıdaki önlisans programlarından birinden mezun olmak. | 5338 - İnsan Kaynakları | 6271 - Personel Yönetimi | 9073 - İnsan Kaynakları Yönetimi | 6225 - M.E.B.'Dan Onaylı Bilgisayar İşletmeni Sertifikası Sahibi olmak.;cf4e481e-0a81-ed11-8117-a0369f7d1486
2022;2;202011914;Gelir İdaresi Başkanlığı;Koruma ve Güvenlik Görevlisi;Mersin;Onlisans;2;;76.785;81.123;"1101;3389;4275;4292;5353;5359;9181;9182;6551;7303";1101 - Cinsiyeti Erkek olmak. | 3389 - Aşağıdaki önlisans programlarından birinden mezun olmak. | 4275 - Güvenlik | 4292 - İstihbarat | 5353 - Özel Güvenlik ve Koruma | 5359 - Savunma ve Güvenlik | 9181 - Güvenli ve Koruma | 9182 - Kamu Güvenlik ve Asayişin Sağlanması | 6551 - Özel Güvenlik Görevlisi Kimlik Kartına Sahip olmak. | 7303 - (Bakınız Başvurma Özel Şartları Bölümü Koruma ve Güvenlik Görevlisi).;344e481e-0a81-ed11-8117-a0369f7d1486
2022;2;202010381;Devlet Demiryolları Taşımacılık A.Ş Genel Müdürlüğü;Kondoktör;Adana;Onlisans;4;;76.641;81.804;"1101;3224;8623;7300;7368";1101 - Cinsiyeti Erkek olmak. | 3224 - Aşağıdaki önlisans programlarından birinden mezun olmak. | 8623 - Raylı Sistemler İşletmeciliği | 7300 - Bu kadro/pozisyonda vardiya sistemi uygulanmaktadır. | 7368 - (Bakınız Başvurma Özel Şartları Bölümü T.C. Devlet Demiryolları Taşımacılık A.Ş. Genel Müdürlüğü);e14b481e-0a81-ed11-8117-a0369f7d1486
2022;2;202010437;Devlet Demiryolları Taşımacılık A.Ş Genel Müdürlüğü;Memur;Afyonkarahisar;Onlisans;1;;76.526;76.526;"3224;8623;7300;7368";3224 - Aşağıdaki önlisans programlarından birinden mezun olmak. | 8623 - Raylı Sistemler İşletmeciliği | 7300 - Bu kadro/pozisyonda vardiya sistemi uygulanmaktadır. | 7368 - (Bakınız Başvurma Özel Şartları Bölümü T.C. Devlet Demiryolları Taşımacılık A.Ş. Genel Müdürlüğü);fb4b481e-0a81-ed11-8117-a0369f7d1486
2022;2;202010388;Devlet Demiryolları Taşımacılık A.Ş Genel Müdürlüğü;Kondoktör;Afyonkarahisar;Onlisans;2;;76.454;79.537;"1101;3224;8623;7300;7368";1101 - Cinsiyeti Erkek olmak. | 3224 - Aşağıdaki önlisans programlarından birinden mezun olmak. | 8623 - Raylı Sistemler İşletmeciliği | 7300 - Bu kadro/pozisyonda vardiya sistemi uygulanmaktadır. | 7368 - (Bakınız Başvurma Özel Şartları Bölümü T.C. Devlet Demiryolları Taşımacılık A.Ş. Genel Müdürlüğü);f94b481e-0a81-ed11-8117-a0369f7d1486
2022;2;202010458;Devlet Demiryolları Taşımacılık A.Ş Genel Müdürlüğü;Memur;Denizli;Onlisans;1;;76.408;76.408;"3224;8623;7300;7368";3224 - Aşağıdaki önlisans programlarından birinden mezun olmak. | 8623 - Raylı Sistemler İşletmeciliği | 7300 - Bu kadro/pozisyonda vardiya sistemi uygulanmaktadır. | 7368 - (Bakınız Başvurma Özel Şartları Bölümü T.C. Devlet Demiryolları Taşımacılık A.Ş. Genel Müdürlüğü);784d481e-0a81-ed11-8117-a0369f7d1486
2022;2;202011984;Gelir İdaresi Başkanlığı;Koruma ve Güvenlik Görevlisi;Şanlıurfa;Onlisans;1;;76.304;76.304;"1101;3389;4275;4292;5353;5359;9181;9182;6551;7303";1101 - Cinsiyeti Erkek olmak. | 3389 - Aşağıdaki önlisans programlarından birinden mezun olmak. | 4275 - Güvenlik | 4292 - İstihbarat | 5353 - Özel Güvenlik ve Koruma | 5359 - Savunma ve Güvenlik | 9181 - Güvenli ve Koruma | 9182 - Kamu Güvenlik ve Asayişin Sağlanması | 6551 - Özel Güvenlik Görevlisi Kimlik Kartına Sahip olmak. | 7303 - (Bakınız Başvurma Özel Şartları Bölümü Koruma ve Güvenlik Görevlisi).;7150481e-0a81-ed11-8117-a0369f7d1486
2022;2;202013748;Türkiye Taşkömürü Kurumu Genel Müdürlüğü;Tekniker;Zonguldak;Onlisans;2;;76.115;76.214;"3261;1228;1373;5320;5321;5347;9030";3261 - Aşağıdaki önlisans programlarından birinden mezun olmak. | 1228 - Maden | 1373 - Madencilik Teknolojisi | 5320 - Cevher Hazırlama | 5321 - Cevher Hazırlama ve Madencilik | 5347 - Maden ve Cevher Hazırlama | 9030 - Maden Teknolojisi;e250481e-0a81-ed11-8117-a0369f7d1486
2022;2;202010423;Devlet Demiryolları Taşımacılık A.Ş Genel Müdürlüğü;Kondoktör;Sivas;Onlisans;4;;76.055;79.685;"1101;3224;8623;7300;7368";1101 - Cinsiyeti Erkek olmak. | 3224 - Aşağıdaki önlisans programlarından birinden mezun olmak. | 8623 - Raylı Sistemler İşletmeciliği | 7300 - Bu kadro/pozisyonda vardiya sistemi uygulanmaktadır. | 7368 - (Bakınız Başvurma Özel Şartları Bölümü T.C. Devlet Demiryolları Taşımacılık A.Ş. Genel Müdürlüğü);2850481e-0a81-ed11-8117-a0369f7d1486
2022;2;202011963;Gelir İdaresi Başkanlığı;Koruma ve Güvenlik Görevlisi;Samsun;Onlisans;2;;76.017;79.275;"1101;3389;4275;4292;5353;5359;9181;9182;6551;7303";1101 - Cinsiyeti Erkek olmak. | 3389 - Aşağıdaki önlisans programlarından birinden mezun olmak. | 4275 - Güvenlik | 4292 - İstihbarat | 5353 - Özel Güvenlik ve Koruma | 5359 - Savunma ve Güvenlik | 9181 - Güvenli ve Koruma | 9182 - Kamu Güvenlik ve Asayişin Sağlanması | 6551 - Özel Güvenlik Görevlisi Kimlik Kartına Sahip olmak. | 7303 - (Bakınız Başvurma Özel Şartları Bölümü Koruma ve Güvenlik Görevlisi).;e74f481e-0a81-ed11-8117-a0369f7d1486
2022;2;202010465;Devlet Demiryolları Taşımacılık A.Ş Genel Müdürlüğü;Memur;İstanbul;Onlisans;6;;75.959;76.39;"3224;8623;7300;7368";3224 - Aşağıdaki önlisans programlarından birinden mezun olmak. | 8623 - Raylı Sistemler İşletmeciliği | 7300 - Bu kadro/pozisyonda vardiya sistemi uygulanmaktadır. | 7368 - (Bakınız Başvurma Özel Şartları Bölümü T.C. Devlet Demiryolları Taşımacılık A.Ş. Genel Müdürlüğü);8b4e481e-0a81-ed11-8117-a0369f7d1486
2022;2;202011690;Gelir İdaresi Başkanlığı;Koruma ve Güvenlik Görevlisi;Ağrı;Onlisans;1;;75.669;75.669;"1101;3389;4275;4292;5353;5359;9181;9182;6551;7303";1101 - Cinsiyeti Erkek olmak. | 3389 - Aşağıdaki önlisans programlarından birinden mezun olmak. | 4275 - Güvenlik | 4292 - İstihbarat | 5353 - Özel Güvenlik ve Koruma | 5359 - Savunma ve Güvenlik | 9181 - Güvenli ve Koruma | 9182 - Kamu Güvenlik ve Asayişin Sağlanması | 6551 - Özel Güvenlik Görevlisi Kimlik Kartına Sahip olmak. | 7303 - (Bakınız Başvurma Özel Şartları Bölümü Koruma ve Güvenlik Görevlisi).;254c481e-0a81-ed11-8117-a0369f7d1486
2022;2;202010395;Devlet Demiryolları Taşımacılık A.Ş Genel Müdürlüğü;Kondoktör;Ankara;Onlisans;4;;75.662;77.775;"1101;3224;8623;7300;7368";1101 - Cinsiyeti Erkek olmak. | 3224 - Aşağıdaki önlisans programlarından birinden mezun olmak. | 8623 - Raylı Sistemler İşletmeciliği | 7300 - Bu kadro/pozisyonda vardiya sistemi uygulanmaktadır. | 7368 - (Bakınız Başvurma Özel Şartları Bölümü T.C. Devlet Demiryolları Taşımacılık A.Ş. Genel Müdürlüğü);b44c481e-0a81-ed11-8117-a0369f7d1486
2022;2;202011816;Gelir İdaresi Başkanlığı;Koruma ve Güvenlik Görevlisi;Gaziantep;Onlisans;4;;75.457;77.56;"1101;3389;4275;4292;5353;5359;9181;9182;6551;7303";1101 - Cinsiyeti Erkek olmak. | 3389 - Aşağıdaki önlisans programlarından birinden mezun olmak. | 4275 - Güvenlik | 4292 - İstihbarat | 5353 - Özel Güvenlik ve Koruma | 5359 - Savunma ve Güvenlik | 9181 - Güvenli ve Koruma | 9182 - Kamu Güvenlik ve Asayişin Sağlanması | 6551 - Özel Güvenlik Görevlisi Kimlik Kartına Sahip olmak. | 7303 - (Bakınız Başvurma Özel Şartları Bölümü Koruma ve Güvenlik Görevlisi).;e04d481e-0a81-ed11-8117-a0369f7d1486
2022;2;202011746;Gelir İdaresi Başkanlığı;Koruma ve Güvenlik Görevlisi;Bilecik;Onlisans;1;;75.446;75.446;"1101;3389;4275;4292;5353;5359;9181;9182;6551;7303";1101 - Cinsiyeti Erkek olmak. | 3389 - Aşağıdaki önlisans programlarından birinden mezun olmak. | 4275 - Güvenlik | 4292 - İstihbarat | 5353 - Özel Güvenlik ve Koruma | 5359 - Savunma ve Güvenlik | 9181 - Güvenli ve Koruma | 9182 - Kamu Güvenlik ve Asayişin Sağlanması | 6551 - Özel Güvenlik Görevlisi Kimlik Kartına Sahip olmak. | 7303 - (Bakınız Başvurma Özel Şartları Bölümü Koruma ve Güvenlik Görevlisi).;154d481e-0a81-ed11-8117-a0369f7d1486
2022;2;202011928;Gelir İdaresi Başkanlığı;Koruma ve Güvenlik Görevlisi;Nevşehir;Onlisans;1;;75.236;75.236;"1101;3389;4275;4292;5353;5359;9181;9182;6551;7303";1101 - Cinsiyeti Erkek olmak. | 3389 - Aşağıdaki önlisans programlarından birinden mezun olmak. | 4275 - Güvenlik | 4292 - İstihbarat | 5353 - Özel Güvenlik ve Koruma | 5359 - Savunma ve Güvenlik | 9181 - Güvenli ve Koruma | 9182 - Kamu Güvenlik ve Asayişin Sağlanması | 6551 - Özel Güvenlik Görevlisi Kimlik Kartına Sahip olmak. | 7303 - (Bakınız Başvurma Özel Şartları Bölümü Koruma ve Güvenlik Görevlisi).;b24f481e-0a81-ed11-8117-a0369f7d1486
2022;2;202012572;Iğdır Üniversitesi;Tekniker;Iğdır;Onlisans;1;;75.226;75.226;"3364;6217;8539";3364 - Aşağıdaki önlisans programlarından birinden mezun olmak. | 6217 - Kaynak Teknolojisi | 8539 - Kaynakçılık;5251481e-0a81-ed11-8117-a0369f7d1486
2022;2;202011907;Gelir İdaresi Başkanlığı;Koruma ve Güvenlik Görevlisi;Manisa;Onlisans;3;;75.198;76.737;"1101;3389;4275;4292;5353;5359;9181;9182;6551;7303";1101 - Cinsiyeti Erkek olmak. | 3389 - Aşağıdaki önlisans programlarından birinden mezun olmak. | 4275 - Güvenlik | 4292 - İstihbarat | 5353 - Özel Güvenlik ve Koruma | 5359 - Savunma ve Güvenlik | 9181 - Güvenli ve Koruma | 9182 - Kamu Güvenlik ve Asayişin Sağlanması | 6551 - Özel Güvenlik Görevlisi Kimlik Kartına Sahip olmak. | 7303 - (Bakınız Başvurma Özel Şartları Bölümü Koruma ve Güvenlik Görevlisi).;774f481e-0a81-ed11-8117-a0369f7d1486
2022;2;202011669;Gelir İdaresi Başkanlığı;Koruma ve Güvenlik Görevlisi;Adana;Onlisans;2;;75.027;75.229;"1101;3389;4275;4292;5353;5359;9181;9182;6551;7303";1101 - Cinsiyeti Erkek olmak. | 3389 - Aşağıdaki önlisans programlarından birinden mezun olmak. | 4275 - Güvenlik | 4292 - İstihbarat | 5353 - Özel Güvenlik ve Koruma | 5359 - Savunma ve Güvenlik | 9181 - Güvenli ve Koruma | 9182 - Kamu Güvenlik ve Asayişin Sağlanması | 6551 - Özel Güvenlik Görevlisi Kimlik Kartına Sahip olmak. | 7303 - (Bakınız Başvurma Özel Şartları Bölümü Koruma ve Güvenlik Görevlisi).;e34b481e-0a81-ed11-8117-a0369f7d1486
2022;2;202011851;Gelir İdaresi Başkanlığı;Koruma ve Güvenlik Görevlisi;İzmir;Onlisans;5;;74.998;76.726;"1101;3389;4275;4292;5353;5359;9181;9182;6551;7303";1101 - Cinsiyeti Erkek olmak. | 3389 - Aşağıdaki önlisans programlarından birinden mezun olmak. | 4275 - Güvenlik | 4292 - İstihbarat | 5353 - Özel Güvenlik ve Koruma | 5359 - Savunma ve Güvenlik | 9181 - Güvenli ve Koruma | 9182 - Kamu Güvenlik ve Asayişin Sağlanması | 6551 - Özel Güvenlik Görevlisi Kimlik Kartına Sahip olmak. | 7303 - (Bakınız Başvurma Özel Şartları Bölümü Koruma ve Güvenlik Görevlisi).;b44e481e-0a81-ed11-8117-a0369f7d1486
2022;2;202011697;Gelir İdaresi Başkanlığı;Koruma ve Güvenlik Görevlisi;Amasya;Onlisans;1;;74.913;74.913;"1101;3389;4275;4292;5353;5359;9181;9182;6551;7303";1101 - Cinsiyeti Erkek olmak. | 3389 - Aşağıdaki önlisans programlarından birinden mezun olmak. | 4275 - Güvenlik | 4292 - İstihbarat | 5353 - Özel Güvenlik ve Koruma | 5359 - Savunma ve Güvenlik | 9181 - Güvenli ve Koruma | 9182 - Kamu Güvenlik ve Asayişin Sağlanması | 6551 - Özel Güvenlik Görevlisi Kimlik Kartına Sahip olmak. | 7303 - (Bakınız Başvurma Özel Şartları Bölümü Koruma ve Güvenlik Görevlisi).;2b4c481e-0a81-ed11-8117-a0369f7d1486
2022;2;202012845;Munzur Üniversitesi;Şoför;Tunceli;Onlisans;1;;74.897;74.897;"3188;1260;9012;6514;7302";3188 - Aşağıdaki önlisans programlarından birinden mezun olmak. | 1260 - Otobüs Şoförlüğü (Kaptanlık) / Otobüs Şoförlüğü | 9012 - Otobüs Kaptanlığı | 6514 - D sınıfı sürücü belgesine sahip olmak | 7302 - Bakınız Başvurma Özel Şartları Bölümü Şoför;6e50481e-0a81-ed11-8117-a0369f7d1486
2022;2;202011977;Gelir İdaresi Başkanlığı;Koruma ve Güvenlik Görevlisi;Sivas;Onlisans;1;;74.879;74.879;"1101;3389;4275;4292;5353;5359;9181;9182;6551;7303";1101 - Cinsiyeti Erkek olmak. | 3389 - Aşağıdaki önlisans programlarından birinden mezun olmak. | 4275 - Güvenlik | 4292 - İstihbarat | 5353 - Özel Güvenlik ve Koruma | 5359 - Savunma ve Güvenlik | 9181 - Güvenli ve Koruma | 9182 - Kamu Güvenlik ve Asayişin Sağlanması | 6551 - Özel Güvenlik Görevlisi Kimlik Kartına Sahip olmak. | 7303 - (Bakınız Başvurma Özel Şartları Bölümü Koruma ve Güvenlik Görevlisi).;3050481e-0a81-ed11-8117-a0369f7d1486
2022;2;202010122;Afyon Kocatepe Üniversitesi;Tekniker;Afyonkarahisar;Onlisans;1;;74.506;74.506;"3268;1378;4343;4344;9015";3268 - Aşağıdaki önlisans programlarından birinden mezun olmak. | 1378 - Sahne Işık Ve Ses Teknolojileri | 4343 - Sahne ve Gösteri Sanatları Işık Teknolojisi | 4344 - Sahne ve Gösteri Sanatları Ses Teknolojisi | 9015 - Sahne ve Gösteri Sanatları Teknolojisi;fd4b481e-0a81-ed11-8117-a0369f7d1486
2022;2;202011991;Gelir İdaresi Başkanlığı;Koruma ve Güvenlik Görevlisi;Şanlıurfa;Onlisans;5;;74.139;76.96;"1101;3389;4275;4292;5353;5359;9181;9182;6551;7303";1101 - Cinsiyeti Erkek olmak. | 3389 - Aşağıdaki önlisans programlarından birinden mezun olmak. | 4275 - Güvenlik | 4292 - İstihbarat | 5353 - Özel Güvenlik ve Koruma | 5359 - Savunma ve Güvenlik | 9181 - Güvenli ve Koruma | 9182 - Kamu Güvenlik ve Asayişin Sağlanması | 6551 - Özel Güvenlik Görevlisi Kimlik Kartına Sahip olmak. | 7303 - (Bakınız Başvurma Özel Şartları Bölümü Koruma ve Güvenlik Görevlisi).;7250481e-0a81-ed11-8117-a0369f7d1486
2022;2;202012558;Iğdır Üniversitesi;Tekniker;Iğdır;Onlisans;1;;74.084;74.084;"3076;1296;8561";3076 - Aşağıdaki önlisans programlarından birinden mezun olmak. | 1296 - Seracılık | 8561 - Seracılık-Budama ve Aşılama;5051481e-0a81-ed11-8117-a0369f7d1486
2022;2;202010409;Devlet Demiryolları Taşımacılık A.Ş Genel Müdürlüğü;Kondoktör;İzmir;Onlisans;20;;74.006;76.778;"1101;3224;8623;7300;7368";1101 - Cinsiyeti Erkek olmak. | 3224 - Aşağıdaki önlisans programlarından birinden mezun olmak. | 8623 - Raylı Sistemler İşletmeciliği | 7300 - Bu kadro/pozisyonda vardiya sistemi uygulanmaktadır. | 7368 - (Bakınız Başvurma Özel Şartları Bölümü T.C. Devlet Demiryolları Taşımacılık A.Ş. Genel Müdürlüğü);a74e481e-0a81-ed11-8117-a0369f7d1486
2022;2;202010402;Devlet Demiryolları Taşımacılık A.Ş Genel Müdürlüğü;Kondoktör;İstanbul;Onlisans;4;;73.983;76.514;"1101;3224;8623;7300;7368";1101 - Cinsiyeti Erkek olmak. | 3224 - Aşağıdaki önlisans programlarından birinden mezun olmak. | 8623 - Raylı Sistemler İşletmeciliği | 7300 - Bu kadro/pozisyonda vardiya sistemi uygulanmaktadır. | 7368 - (Bakınız Başvurma Özel Şartları Bölümü T.C. Devlet Demiryolları Taşımacılık A.Ş. Genel Müdürlüğü);8a4e481e-0a81-ed11-8117-a0369f7d1486
2022;2;202011872;Gelir İdaresi Başkanlığı;Koruma ve Güvenlik Görevlisi;Kayseri;Onlisans;3;;73.809;76.109;"1101;3389;4275;4292;5353;5359;9181;9182;6551;7303";1101 - Cinsiyeti Erkek olmak. | 3389 - Aşağıdaki önlisans programlarından birinden mezun olmak. | 4275 - Güvenlik | 4292 - İstihbarat | 5353 - Özel Güvenlik ve Koruma | 5359 - Savunma ve Güvenlik | 9181 - Güvenli ve Koruma | 9182 - Kamu Güvenlik ve Asayişin Sağlanması | 6551 - Özel Güvenlik Görevlisi Kimlik Kartına Sahip olmak. | 7303 - (Bakınız Başvurma Özel Şartları Bölümü Koruma ve Güvenlik Görevlisi).;eb4e481e-0a81-ed11-8117-a0369f7d1486
2022;2;202011718;Gelir İdaresi Başkanlığı;Koruma ve Güvenlik Görevlisi;Antalya;Onlisans;3;;73.742;74.333;"1101;3389;4275;4292;5353;5359;9181;9182;6551;7303";1101 - Cinsiyeti Erkek olmak. | 3389 - Aşağıdaki önlisans programlarından birinden mezun olmak. | 4275 - Güvenlik | 4292 - İstihbarat | 5353 - Özel Güvenlik ve Koruma | 5359 - Savunma ve Güvenlik | 9181 - Güvenli ve Koruma | 9182 - Kamu Güvenlik ve Asayişin Sağlanması | 6551 - Özel Güvenlik Görevlisi Kimlik Kartına Sahip olmak. | 7303 - (Bakınız Başvurma Özel Şartları Bölümü Koruma ve Güvenlik Görevlisi).;e24c481e-0a81-ed11-8117-a0369f7d1486
2022;2;202011760;Gelir İdaresi Başkanlığı;Koruma ve Güvenlik Görevlisi;Çanakkale;Onlisans;1;;73.706;73.706;"1101;3389;4275;4292;5353;5359;9181;9182;6551;7303";1101 - Cinsiyeti Erkek olmak. | 3389 - Aşağıdaki önlisans programlarından birinden mezun olmak. | 4275 - Güvenlik | 4292 - İstihbarat | 5353 - Özel Güvenlik ve Koruma | 5359 - Savunma ve Güvenlik | 9181 - Güvenli ve Koruma | 9182 - Kamu Güvenlik ve Asayişin Sağlanması | 6551 - Özel Güvenlik Görevlisi Kimlik Kartına Sahip olmak. | 7303 - (Bakınız Başvurma Özel Şartları Bölümü Koruma ve Güvenlik Görevlisi).;474d481e-0a81-ed11-8117-a0369f7d1486
2022;2;202012747;Kilis 7 Aralık Üniversitesi;Tekniker;Kilis;Onlisans;1;;73.551;73.551;"3268;1378;4343;4344;9015";3268 - Aşağıdaki önlisans programlarından birinden mezun olmak. | 1378 - Sahne Işık Ve Ses Teknolojileri | 4343 - Sahne ve Gösteri Sanatları Işık Teknolojisi | 4344 - Sahne ve Gösteri Sanatları Ses Teknolojisi | 9015 - Sahne ve Gösteri Sanatları Teknolojisi;6751481e-0a81-ed11-8117-a0369f7d1486
2022;2;202011935;Gelir İdaresi Başkanlığı;Koruma ve Güvenlik Görevlisi;Ordu;Onlisans;1;;73.521;73.521;"1101;3389;4275;4292;5353;5359;9181;9182;6551;7303";1101 - Cinsiyeti Erkek olmak. | 3389 - Aşağıdaki önlisans programlarından birinden mezun olmak. | 4275 - Güvenlik | 4292 - İstihbarat | 5353 - Özel Güvenlik ve Koruma | 5359 - Savunma ve Güvenlik | 9181 - Güvenli ve Koruma | 9182 - Kamu Güvenlik ve Asayişin Sağlanması | 6551 - Özel Güvenlik Görevlisi Kimlik Kartına Sahip olmak. | 7303 - (Bakınız Başvurma Özel Şartları Bölümü Koruma ve Güvenlik Görevlisi).;c24f481e-0a81-ed11-8117-a0369f7d1486
2022;2;202012502;Gümüşhane Üniversitesi;Şoför;Gümüşhane;Onlisans;1;;73.494;73.494;"3188;1260;9012;6514;7302";3188 - Aşağıdaki önlisans programlarından birinden mezun olmak. | 1260 - Otobüs Şoförlüğü (Kaptanlık) / Otobüs Şoförlüğü | 9012 - Otobüs Kaptanlığı | 6514 - D sınıfı sürücü belgesine sahip olmak | 7302 - Bakınız Başvurma Özel Şartları Bölümü Şoför;ff4d481e-0a81-ed11-8117-a0369f7d1486
2022;2;202010339;Çankırı Karatekin Üniversitesi;Şoför;Çankırı;Onlisans;1;;73.447;73.447;"3188;1260;9012;6514;7302";3188 - Aşağıdaki önlisans programlarından birinden mezun olmak. | 1260 - Otobüs Şoförlüğü (Kaptanlık) / Otobüs Şoförlüğü | 9012 - Otobüs Kaptanlığı | 6514 - D sınıfı sürücü belgesine sahip olmak | 7302 - Bakınız Başvurma Özel Şartları Bölümü Şoför;644d481e-0a81-ed11-8117-a0369f7d1486
2022;2;202011732;Gelir İdaresi Başkanlığı;Koruma ve Güvenlik Görevlisi;Aydın;Onlisans;2;;73.444;80.755;"1101;3389;4275;4292;5353;5359;9181;9182;6551;7303";1101 - Cinsiyeti Erkek olmak. | 3389 - Aşağıdaki önlisans programlarından birinden mezun olmak. | 4275 - Güvenlik | 4292 - İstihbarat | 5353 - Özel Güvenlik ve Koruma | 5359 - Savunma ve Güvenlik | 9181 - Güvenli ve Koruma | 9182 - Kamu Güvenlik ve Asayişin Sağlanması | 6551 - Özel Güvenlik Görevlisi Kimlik Kartına Sahip olmak. | 7303 - (Bakınız Başvurma Özel Şartları Bölümü Koruma ve Güvenlik Görevlisi).;f84c481e-0a81-ed11-8117-a0369f7d1486
2022;2;202010227;Ardahan Üniversitesi;Şoför;Ardahan;Onlisans;1;;73.397;73.397;"3188;1260;9012;6514;6519;7300;7302";3188 - Aşağıdaki önlisans programlarından birinden mezun olmak. | 1260 - Otobüs Şoförlüğü (Kaptanlık) / Otobüs Şoförlüğü | 9012 - Otobüs Kaptanlığı | 6514 - D sınıfı sürücü belgesine sahip olmak | 6519 - İstenilen Sınıftaki Sürücü Belgesine En Az (5) Yıldır Sahip olmak. | 7300 - Bu kadro/pozisyonda vardiya sistemi uygulanmaktadır. | 7302 - Bakınız Başvurma Özel Şartları Bölümü Şoför;3851481e-0a81-ed11-8117-a0369f7d1486
2022;2;202011886;Gelir İdaresi Başkanlığı;Koruma ve Güvenlik Görevlisi;Kocaeli;Onlisans;3;;73.166;78.022;"1101;3389;4275;4292;5353;5359;9181;9182;6551;7303";1101 - Cinsiyeti Erkek olmak. | 3389 - Aşağıdaki önlisans programlarından birinden mezun olmak. | 4275 - Güvenlik | 4292 - İstihbarat | 5353 - Özel Güvenlik ve Koruma | 5359 - Savunma ve Güvenlik | 9181 - Güvenli ve Koruma | 9182 - Kamu Güvenlik ve Asayişin Sağlanması | 6551 - Özel Güvenlik Görevlisi Kimlik Kartına Sahip olmak. | 7303 - (Bakınız Başvurma Özel Şartları Bölümü Koruma ve Güvenlik Görevlisi).;134f481e-0a81-ed11-8117-a0369f7d1486
2022;2;202011676;Gelir İdaresi Başkanlığı;Koruma ve Güvenlik Görevlisi;Afyonkarahisar;Onlisans;2;;73.117;73.941;"1101;3389;4275;4292;5353;5359;9181;9182;6551;7303";1101 - Cinsiyeti Erkek olmak. | 3389 - Aşağıdaki önlisans programlarından birinden mezun olmak. | 4275 - Güvenlik | 4292 - İstihbarat | 5353 - Özel Güvenlik ve Koruma | 5359 - Savunma ve Güvenlik | 9181 - Güvenli ve Koruma | 9182 - Kamu Güvenlik ve Asayişin Sağlanması | 6551 - Özel Güvenlik Görevlisi Kimlik Kartına Sahip olmak. | 7303 - (Bakınız Başvurma Özel Şartları Bölümü Koruma ve Güvenlik Görevlisi).;f84b481e-0a81-ed11-8117-a0369f7d1486
2022;2;202012887;Ordu Üniversitesi;Şoför;Ordu;Onlisans;2;;73.099;74.167;"3188;1260;9012;6514;7302";3188 - Aşağıdaki önlisans programlarından birinden mezun olmak. | 1260 - Otobüs Şoförlüğü (Kaptanlık) / Otobüs Şoförlüğü | 9012 - Otobüs Kaptanlığı | 6514 - D sınıfı sürücü belgesine sahip olmak | 7302 - Bakınız Başvurma Özel Şartları Bölümü Şoför;c54f481e-0a81-ed11-8117-a0369f7d1486
2022;2;202012012;Gelir İdaresi Başkanlığı;Koruma ve Güvenlik Görevlisi;Yalova;Onlisans;1;;72.98;72.98;"1101;3389;4275;4292;5353;5359;9181;9182;6551;7303";1101 - Cinsiyeti Erkek olmak. | 3389 - Aşağıdaki önlisans programlarından birinden mezun olmak. | 4275 - Güvenlik | 4292 - İstihbarat | 5353 - Özel Güvenlik ve Koruma | 5359 - Savunma ve Güvenlik | 9181 - Güvenli ve Koruma | 9182 - Kamu Güvenlik ve Asayişin Sağlanması | 6551 - Özel Güvenlik Görevlisi Kimlik Kartına Sahip olmak. | 7303 - (Bakınız Başvurma Özel Şartları Bölümü Koruma ve Güvenlik Görevlisi).;5551481e-0a81-ed11-8117-a0369f7d1486
2022;2;202011893;Gelir İdaresi Başkanlığı;Koruma ve Güvenlik Görevlisi;Konya;Onlisans;3;;72.866;73.954;"1101;3389;4275;4292;5353;5359;9181;9182;6551;7303";1101 - Cinsiyeti Erkek olmak. | 3389 - Aşağıdaki önlisans programlarından birinden mezun olmak. | 4275 - Güvenlik | 4292 - İstihbarat | 5353 - Özel Güvenlik ve Koruma | 5359 - Savunma ve Güvenlik | 9181 - Güvenli ve Koruma | 9182 - Kamu Güvenlik ve Asayişin Sağlanması | 6551 - Özel Güvenlik Görevlisi Kimlik Kartına Sahip olmak. | 7303 - (Bakınız Başvurma Özel Şartları Bölümü Koruma ve Güvenlik Görevlisi).;394f481e-0a81-ed11-8117-a0369f7d1486
2022;2;202011956;Gelir İdaresi Başkanlığı;Koruma ve Güvenlik Görevlisi;Sakarya;Onlisans;3;;72.814;74.555;"1101;3389;4275;4292;5353;5359;9181;9182;6551;7303";1101 - Cinsiyeti Erkek olmak. | 3389 - Aşağıdaki önlisans programlarından birinden mezun olmak. | 4275 - Güvenlik | 4292 - İstihbarat | 5353 - Özel Güvenlik ve Koruma | 5359 - Savunma ve Güvenlik | 9181 - Güvenli ve Koruma | 9182 - Kamu Güvenlik ve Asayişin Sağlanması | 6551 - Özel Güvenlik Görevlisi Kimlik Kartına Sahip olmak. | 7303 - (Bakınız Başvurma Özel Şartları Bölümü Koruma ve Güvenlik Görevlisi).;e44f481e-0a81-ed11-8117-a0369f7d1486
2022;2;202011739;Gelir İdaresi Başkanlığı;Koruma ve Güvenlik Görevlisi;Balıkesir;Onlisans;2;;72.739;73.164;"1101;3389;4275;4292;5353;5359;9181;9182;6551;7303";1101 - Cinsiyeti Erkek olmak. | 3389 - Aşağıdaki önlisans programlarından birinden mezun olmak. | 4275 - Güvenlik | 4292 - İstihbarat | 5353 - Özel Güvenlik ve Koruma | 5359 - Savunma ve Güvenlik | 9181 - Güvenli ve Koruma | 9182 - Kamu Güvenlik ve Asayişin Sağlanması | 6551 - Özel Güvenlik Görevlisi Kimlik Kartına Sahip olmak. | 7303 - (Bakınız Başvurma Özel Şartları Bölümü Koruma ve Güvenlik Görevlisi).;0a4d481e-0a81-ed11-8117-a0369f7d1486
2022;2;202011725;Gelir İdaresi Başkanlığı;Koruma ve Güvenlik Görevlisi;Ardahan;Onlisans;1;;72.579;72.579;"1101;3389;4275;4292;5353;5359;9181;9182;6551;7303";1101 - Cinsiyeti Erkek olmak. | 3389 - Aşağıdaki önlisans programlarından birinden mezun olmak. | 4275 - Güvenlik | 4292 - İstihbarat | 5353 - Özel Güvenlik ve Koruma | 5359 - Savunma ve Güvenlik | 9181 - Güvenli ve Koruma | 9182 - Kamu Güvenlik ve Asayişin Sağlanması | 6551 - Özel Güvenlik Görevlisi Kimlik Kartına Sahip olmak. | 7303 - (Bakınız Başvurma Özel Şartları Bölümü Koruma ve Güvenlik Görevlisi).;3a51481e-0a81-ed11-8117-a0369f7d1486
2022;2;202011704;Gelir İdaresi Başkanlığı;Koruma ve Güvenlik Görevlisi;Ankara;Onlisans;10;;72.566;78.659;"1101;3389;4275;4292;5353;5359;9181;9182;6551;7303";1101 - Cinsiyeti Erkek olmak. | 3389 - Aşağıdaki önlisans programlarından birinden mezun olmak. | 4275 - Güvenlik | 4292 - İstihbarat | 5353 - Özel Güvenlik ve Koruma | 5359 - Savunma ve Güvenlik | 9181 - Güvenli ve Koruma | 9182 - Kamu Güvenlik ve Asayişin Sağlanması | 6551 - Özel Güvenlik Görevlisi Kimlik Kartına Sahip olmak. | 7303 - (Bakınız Başvurma Özel Şartları Bölümü Koruma ve Güvenlik Görevlisi).;c54c481e-0a81-ed11-8117-a0369f7d1486
2022;2;202011767;Gelir İdaresi Başkanlığı;Koruma ve Güvenlik Görevlisi;Denizli;Onlisans;2;;72.558;72.915;"1101;3389;4275;4292;5353;5359;9181;9182;6551;7303";1101 - Cinsiyeti Erkek olmak. | 3389 - Aşağıdaki önlisans programlarından birinden mezun olmak. | 4275 - Güvenlik | 4292 - İstihbarat | 5353 - Özel Güvenlik ve Koruma | 5359 - Savunma ve Güvenlik | 9181 - Güvenli ve Koruma | 9182 - Kamu Güvenlik ve Asayişin Sağlanması | 6551 - Özel Güvenlik Görevlisi Kimlik Kartına Sahip olmak. | 7303 - (Bakınız Başvurma Özel Şartları Bölümü Koruma ve Güvenlik Görevlisi).;774d481e-0a81-ed11-8117-a0369f7d1486
2022;2;202011809;Gelir İdaresi Başkanlığı;Koruma ve Güvenlik Görevlisi;Eskişehir;Onlisans;3;;72.525;79.167;"1101;3389;4275;4292;5353;5359;9181;9182;6551;7303";1101 - Cinsiyeti Erkek olmak. | 3389 - Aşağıdaki önlisans programlarından birinden mezun olmak. | 4275 - Güvenlik | 4292 - İstihbarat | 5353 - Özel Güvenlik ve Koruma | 5359 - Savunma ve Güvenlik | 9181 - Güvenli ve Koruma | 9182 - Kamu Güvenlik ve Asayişin Sağlanması | 6551 - Özel Güvenlik Görevlisi Kimlik Kartına Sahip olmak. | 7303 - (Bakınız Başvurma Özel Şartları Bölümü Koruma ve Güvenlik Görevlisi).;d44d481e-0a81-ed11-8117-a0369f7d1486
2022;2;202011900;Gelir İdaresi Başkanlığı;Koruma ve Güvenlik Görevlisi;Kütahya;Onlisans;1;;72.157;72.157;"1101;3389;4275;4292;5353;5359;9181;9182;6551;7303";1101 - Cinsiyeti Erkek olmak. | 3389 - Aşağıdaki önlisans programlarından birinden mezun olmak. | 4275 - Güvenlik | 4292 - İstihbarat | 5353 - Özel Güvenlik ve Koruma | 5359 - Savunma ve Güvenlik | 9181 - Güvenli ve Koruma | 9182 - Kamu Güvenlik ve Asayişin Sağlanması | 6551 - Özel Güvenlik Görevlisi Kimlik Kartına Sahip olmak. | 7303 - (Bakınız Başvurma Özel Şartları Bölümü Koruma ve Güvenlik Görevlisi).;464f481e-0a81-ed11-8117-a0369f7d1486
2022;2;202011753;Gelir İdaresi Başkanlığı;Koruma ve Güvenlik Görevlisi;Bursa;Onlisans;6;;72.121;74.882;"1101;3389;4275;4292;5353;5359;9181;9182;6551;7303";1101 - Cinsiyeti Erkek olmak. | 3389 - Aşağıdaki önlisans programlarından birinden mezun olmak. | 4275 - Güvenlik | 4292 - İstihbarat | 5353 - Özel Güvenlik ve Koruma | 5359 - Savunma ve Güvenlik | 9181 - Güvenli ve Koruma | 9182 - Kamu Güvenlik ve Asayişin Sağlanması | 6551 - Özel Güvenlik Görevlisi Kimlik Kartına Sahip olmak. | 7303 - (Bakınız Başvurma Özel Şartları Bölümü Koruma ve Güvenlik Görevlisi).;464d481e-0a81-ed11-8117-a0369f7d1486
2022;2;202012019;Gelir İdaresi Başkanlığı;Koruma ve Güvenlik Görevlisi;Zonguldak;Onlisans;2;;72.058;75.745;"1101;3389;4275;4292;5353;5359;9181;9182;6551;7303";1101 - Cinsiyeti Erkek olmak. | 3389 - Aşağıdaki önlisans programlarından birinden mezun olmak. | 4275 - Güvenlik | 4292 - İstihbarat | 5353 - Özel Güvenlik ve Koruma | 5359 - Savunma ve Güvenlik | 9181 - Güvenli ve Koruma | 9182 - Kamu Güvenlik ve Asayişin Sağlanması | 6551 - Özel Güvenlik Görevlisi Kimlik Kartına Sahip olmak. | 7303 - (Bakınız Başvurma Özel Şartları Bölümü Koruma ve Güvenlik Görevlisi).;e750481e-0a81-ed11-8117-a0369f7d1486
2022;2;202011711;Gelir İdaresi Başkanlığı;Koruma ve Güvenlik Görevlisi;Ankara;Onlisans;17;;71.854;73.969;"1101;3389;4275;4292;5353;5359;9181;9182;6551;7303";1101 - Cinsiyeti Erkek olmak. | 3389 - Aşağıdaki önlisans programlarından birinden mezun olmak. | 4275 - Güvenlik | 4292 - İstihbarat | 5353 - Özel Güvenlik ve Koruma | 5359 - Savunma ve Güvenlik | 9181 - Güvenli ve Koruma | 9182 - Kamu Güvenlik ve Asayişin Sağlanması | 6551 - Özel Güvenlik Görevlisi Kimlik Kartına Sahip olmak. | 7303 - (Bakınız Başvurma Özel Şartları Bölümü Koruma ve Güvenlik Görevlisi).;c64c481e-0a81-ed11-8117-a0369f7d1486
2022;2;202011802;Gelir İdaresi Başkanlığı;Koruma ve Güvenlik Görevlisi;Erzurum;Onlisans;2;;71.85;73.571;"1101;3389;4275;4292;5353;5359;9181;9182;6551;7303";1101 - Cinsiyeti Erkek olmak. | 3389 - Aşağıdaki önlisans programlarından birinden mezun olmak. | 4275 - Güvenlik | 4292 - İstihbarat | 5353 - Özel Güvenlik ve Koruma | 5359 - Savunma ve Güvenlik | 9181 - Güvenli ve Koruma | 9182 - Kamu Güvenlik ve Asayişin Sağlanması | 6551 - Özel Güvenlik Görevlisi Kimlik Kartına Sahip olmak. | 7303 - (Bakınız Başvurma Özel Şartları Bölümü Koruma ve Güvenlik Görevlisi).;b24d481e-0a81-ed11-8117-a0369f7d1486
2022;2;202011921;Gelir İdaresi Başkanlığı;Koruma ve Güvenlik Görevlisi;Muğla;Onlisans;2;;71.791;72.04;"1101;3389;4275;4292;5353;5359;9181;9182;6551;7303";1101 - Cinsiyeti Erkek olmak. | 3389 - Aşağıdaki önlisans programlarından birinden mezun olmak. | 4275 - Güvenlik | 4292 - İstihbarat | 5353 - Özel Güvenlik ve Koruma | 5359 - Savunma ve Güvenlik | 9181 - Güvenli ve Koruma | 9182 - Kamu Güvenlik ve Asayişin Sağlanması | 6551 - Özel Güvenlik Görevlisi Kimlik Kartına Sahip olmak. | 7303 - (Bakınız Başvurma Özel Şartları Bölümü Koruma ve Güvenlik Görevlisi).;964f481e-0a81-ed11-8117-a0369f7d1486
2022;2;202011844;Gelir İdaresi Başkanlığı;Koruma ve Güvenlik Görevlisi;İstanbul;Onlisans;22;;71.716;80.985;"1101;3389;4275;4292;5353;5359;9181;9182;6551;7303";1101 - Cinsiyeti Erkek olmak. | 3389 - Aşağıdaki önlisans programlarından birinden mezun olmak. | 4275 - Güvenlik | 4292 - İstihbarat | 5353 - Özel Güvenlik ve Koruma | 5359 - Savunma ve Güvenlik | 9181 - Güvenli ve Koruma | 9182 - Kamu Güvenlik ve Asayişin Sağlanması | 6551 - Özel Güvenlik Görevlisi Kimlik Kartına Sahip olmak. | 7303 - (Bakınız Başvurma Özel Şartları Bölümü Koruma ve Güvenlik Görevlisi).;7e4e481e-0a81-ed11-8117-a0369f7d1486
2022;2;202011788;Gelir İdaresi Başkanlığı;Koruma ve Güvenlik Görevlisi;Edirne;Onlisans;2;;71.682;75.641;"1101;3389;4275;4292;5353;5359;9181;9182;6551;7303";1101 - Cinsiyeti Erkek olmak. | 3389 - Aşağıdaki önlisans programlarından birinden mezun olmak. | 4275 - Güvenlik | 4292 - İstihbarat | 5353 - Özel Güvenlik ve Koruma | 5359 - Savunma ve Güvenlik | 9181 - Güvenli ve Koruma | 9182 - Kamu Güvenlik ve Asayişin Sağlanması | 6551 - Özel Güvenlik Görevlisi Kimlik Kartına Sahip olmak. | 7303 - (Bakınız Başvurma Özel Şartları Bölümü Koruma ve Güvenlik Görevlisi).;834d481e-0a81-ed11-8117-a0369f7d1486
2022;2;202011879;Gelir İdaresi Başkanlığı;Koruma ve Güvenlik Görevlisi;Kırklareli;Onlisans;1;;71.625;71.625;"1101;3389;4275;4292;5353;5359;9181;9182;6551;7303";1101 - Cinsiyeti Erkek olmak. | 3389 - Aşağıdaki önlisans programlarından birinden mezun olmak. | 4275 - Güvenlik | 4292 - İstihbarat | 5353 - Özel Güvenlik ve Koruma | 5359 - Savunma ve Güvenlik | 9181 - Güvenli ve Koruma | 9182 - Kamu Güvenlik ve Asayişin Sağlanması | 6551 - Özel Güvenlik Görevlisi Kimlik Kartına Sahip olmak. | 7303 - (Bakınız Başvurma Özel Şartları Bölümü Koruma ve Güvenlik Görevlisi).;fb4e481e-0a81-ed11-8117-a0369f7d1486
2022;2;202011998;Gelir İdaresi Başkanlığı;Koruma ve Güvenlik Görevlisi;Tekirdağ;Onlisans;2;;71.568;74.172;"1101;3389;4275;4292;5353;5359;9181;9182;6551;7303";1101 - Cinsiyeti Erkek olmak. | 3389 - Aşağıdaki önlisans programlarından birinden mezun olmak. | 4275 - Güvenlik | 4292 - İstihbarat | 5353 - Özel Güvenlik ve Koruma | 5359 - Savunma ve Güvenlik | 9181 - Güvenli ve Koruma | 9182 - Kamu Güvenlik ve Asayişin Sağlanması | 6551 - Özel Güvenlik Görevlisi Kimlik Kartına Sahip olmak. | 7303 - (Bakınız Başvurma Özel Şartları Bölümü Koruma ve Güvenlik Görevlisi).;3950481e-0a81-ed11-8117-a0369f7d1486
2022;2;202012005;Gelir İdaresi Başkanlığı;Koruma ve Güvenlik Görevlisi;Trabzon;Onlisans;3;;71.564;78.123;"1101;3389;4275;4292;5353;5359;9181;9182;6551;7303";1101 - Cinsiyeti Erkek olmak. | 3389 - Aşağıdaki önlisans programlarından birinden mezun olmak. | 4275 - Güvenlik | 4292 - İstihbarat | 5353 - Özel Güvenlik ve Koruma | 5359 - Savunma ve Güvenlik | 9181 - Güvenli ve Koruma | 9182 - Kamu Güvenlik ve Asayişin Sağlanması | 6551 - Özel Güvenlik Görevlisi Kimlik Kartına Sahip olmak. | 7303 - (Bakınız Başvurma Özel Şartları Bölümü Koruma ve Güvenlik Görevlisi).;5850481e-0a81-ed11-8117-a0369f7d1486
2022;2;202011823;Gelir İdaresi Başkanlığı;Koruma ve Güvenlik Görevlisi;Giresun;Onlisans;2;;71.551;71.879;"1101;3389;4275;4292;5353;5359;9181;9182;6551;7303";1101 - Cinsiyeti Erkek olmak. | 3389 - Aşağıdaki önlisans programlarından birinden mezun olmak. | 4275 - Güvenlik | 4292 - İstihbarat | 5353 - Özel Güvenlik ve Koruma | 5359 - Savunma ve Güvenlik | 9181 - Güvenli ve Koruma | 9182 - Kamu Güvenlik ve Asayişin Sağlanması | 6551 - Özel Güvenlik Görevlisi Kimlik Kartına Sahip olmak. | 7303 - (Bakınız Başvurma Özel Şartları Bölümü Koruma ve Güvenlik Görevlisi).;f44d481e-0a81-ed11-8117-a0369f7d1486
2022;2;202011865;Gelir İdaresi Başkanlığı;Koruma ve Güvenlik Görevlisi;Kastamonu;Onlisans;1;;71.543;71.543;"1101;3389;4275;4292;5353;5359;9181;9182;6551;7303";1101 - Cinsiyeti Erkek olmak. | 3389 - Aşağıdaki önlisans programlarından birinden mezun olmak. | 4275 - Güvenlik | 4292 - İstihbarat | 5353 - Özel Güvenlik ve Koruma | 5359 - Savunma ve Güvenlik | 9181 - Güvenli ve Koruma | 9182 - Kamu Güvenlik ve Asayişin Sağlanması | 6551 - Özel Güvenlik Görevlisi Kimlik Kartına Sahip olmak. | 7303 - (Bakınız Başvurma Özel Şartları Bölümü Koruma ve Güvenlik Görevlisi).;de4e481e-0a81-ed11-8117-a0369f7d1486
2022;2;202011830;Gelir İdaresi Başkanlığı;Koruma ve Güvenlik Görevlisi;Gümüşhane;Onlisans;1;;71.532;71.532;"1101;3389;4275;4292;5353;5359;9181;9182;6551;7303";1101 - Cinsiyeti Erkek olmak. | 3389 - Aşağıdaki önlisans programlarından birinden mezun olmak. | 4275 - Güvenlik | 4292 - İstihbarat | 5353 - Özel Güvenlik ve Koruma | 5359 - Savunma ve Güvenlik | 9181 - Güvenli ve Koruma | 9182 - Kamu Güvenlik ve Asayişin Sağlanması | 6551 - Özel Güvenlik Görevlisi Kimlik Kartına Sahip olmak. | 7303 - (Bakınız Başvurma Özel Şartları Bölümü Koruma ve Güvenlik Görevlisi).;014e481e-0a81-ed11-8117-a0369f7d1486
2022;2;202011781;Gelir İdaresi Başkanlığı;Koruma ve Güvenlik Görevlisi;Düzce;Onlisans;1;;71.532;71.532;"1101;3389;4275;4292;5353;5359;9181;9182;6551;7303";1101 - Cinsiyeti Erkek olmak. | 3389 - Aşağıdaki önlisans programlarından birinden mezun olmak. | 4275 - Güvenlik | 4292 - İstihbarat | 5353 - Özel Güvenlik ve Koruma | 5359 - Savunma ve Güvenlik | 9181 - Güvenli ve Koruma | 9182 - Kamu Güvenlik ve Asayişin Sağlanması | 6551 - Özel Güvenlik Görevlisi Kimlik Kartına Sahip olmak. | 7303 - (Bakınız Başvurma Özel Şartları Bölümü Koruma ve Güvenlik Görevlisi).;7151481e-0a81-ed11-8117-a0369f7d1486
2022;2;202011949;Gelir İdaresi Başkanlığı;Koruma ve Güvenlik Görevlisi;Rize;Onlisans;2;;71.467;71.47;"1101;3389;4275;4292;5353;5359;9181;9182;6551;7303";1101 - Cinsiyeti Erkek olmak. | 3389 - Aşağıdaki önlisans programlarından birinden mezun olmak. | 4275 - Güvenlik | 4292 - İstihbarat | 5353 - Özel Güvenlik ve Koruma | 5359 - Savunma ve Güvenlik | 9181 - Güvenli ve Koruma | 9182 - Kamu Güvenlik ve Asayişin Sağlanması | 6551 - Özel Güvenlik Görevlisi Kimlik Kartına Sahip olmak. | 7303 - (Bakınız Başvurma Özel Şartları Bölümü Koruma ve Güvenlik Görevlisi).;c74f481e-0a81-ed11-8117-a0369f7d1486
2022;2;202013755;Türkiye Taşkömürü Kurumu Genel Müdürlüğü;Tekniker;Zonguldak;Onlisans;20;;71.063;80.513;"3261;1228;1373;5320;5321;5347;9030;7300";3261 - Aşağıdaki önlisans programlarından birinden mezun olmak. | 1228 - Maden | 1373 - Madencilik Teknolojisi | 5320 - Cevher Hazırlama | 5321 - Cevher Hazırlama ve Madencilik | 5347 - Maden ve Cevher Hazırlama | 9030 - Maden Teknolojisi | 7300 - Bu kadro/pozisyonda vardiya sistemi uygulanmaktadır.;e350481e-0a81-ed11-8117-a0369f7d1486
2022;2;202013860;Yozgat Bozok Üniversitesi;Memur;Yozgat;Onlisans;1;;69.972;69.972;"3268;1378;4343;4344;9015";3268 - Aşağıdaki önlisans programlarından birinden mezun olmak. | 1378 - Sahne Işık Ve Ses Teknolojileri | 4343 - Sahne ve Gösteri Sanatları Işık Teknolojisi | 4344 - Sahne ve Gösteri Sanatları Ses Teknolojisi | 9015 - Sahne ve Gösteri Sanatları Teknolojisi;b950481e-0a81-ed11-8117-a0369f7d1486
2022;2;302011718;Devlet Hava Meydanları İşletmesi Genel Müdürlüğü;Stajyer Havacılık Bilgi Yönetimi Uzmanı;Ordu;Lisans;1;;99.793;99.793;"4001;7111;7322";4001 - Herhangi bir lisans programından mezun olmak. | 7111 - Son 5 Yıl İçerisinde KPDS/YDS En Az C Seviyesinde İngilizce Bilmek. | 7322 - (Bakınız Başvurma Özel Şartları Bölümü Devlet Hava Meydanları İşletmesi Genel Müdürlüğü).;bf4f481e-0a81-ed11-8117-a0369f7d1486
2022;2;302011690;Devlet Hava Meydanları İşletmesi Genel Müdürlüğü;Stajyer Havacılık Bilgi Yönetimi Uzmanı;Konya;Lisans;1;;99.023;99.023;"4001;7111;7322";4001 - Herhangi bir lisans programından mezun olmak. | 7111 - Son 5 Yıl İçerisinde KPDS/YDS En Az C Seviyesinde İngilizce Bilmek. | 7322 - (Bakınız Başvurma Özel Şartları Bölümü Devlet Hava Meydanları İşletmesi Genel Müdürlüğü).;264f481e-0a81-ed11-8117-a0369f7d1486
2022;2;302010332;Afet ve Acil Durum Yönetimi Başkanlığı;Mühendis;Eskişehir;Lisans;1;;98.045;98.045;"4669;3221";4669 - Aşağıdaki lisans programlarından birinden mezun olmak. | 3221 - İnşaat Mühendisliği;ce4d481e-0a81-ed11-8117-a0369f7d1486
2022;2;302011627;Devlet Hava Meydanları İşletmesi Genel Müdürlüğü;Mühendis;İstanbul;Lisans;1;;97.904;97.904;"4619;3162;3163;3166;3331;5139;8323;7322";4619 - Aşağıdaki lisans programlarından birinden mezun olmak. | 3162 - Elektrik ve Elektronik Mühendisliği / Elektrik-Elektronik Mühendisliği | 3163 - Elektronik Mühendisliği | 3166 - Elektronik ve Haberleşme Mühendisliği | 3331 - Telekomünikasyon Mühendisliği | 5139 - Mikroelektronik Mühendisliği | 8323 - Haberleşme Mühendisliği | 7322 - (Bakınız Başvurma Özel Şartları Bölümü Devlet Hava Meydanları İşletmesi Genel Müdürlüğü).;404e481e-0a81-ed11-8117-a0369f7d1486
2022;2;302011949;Elektrik Üretim A.Ş. Genel Müdürlüğü;Mühendis;Ankara;Lisans;1;;97.904;97.904;"4611;3160;3162";4611 - Aşağıdaki lisans programlarından birinden mezun olmak. | 3160 - Elektrik Mühendisliği | 3162 - Elektrik ve Elektronik Mühendisliği / Elektrik-Elektronik Mühendisliği;8e4c481e-0a81-ed11-8117-a0369f7d1486
2022;2;302011676;Devlet Hava Meydanları İşletmesi Genel Müdürlüğü;Stajyer Havacılık Bilgi Yönetimi Uzmanı;Hatay;Lisans;1;;97.451;97.451;"4001;7111;7322";4001 - Herhangi bir lisans programından mezun olmak. | 7111 - Son 5 Yıl İçerisinde KPDS/YDS En Az C Seviyesinde İngilizce Bilmek. | 7322 - (Bakınız Başvurma Özel Şartları Bölümü Devlet Hava Meydanları İşletmesi Genel Müdürlüğü).;234e481e-0a81-ed11-8117-a0369f7d1486
2022;2;302011620;Devlet Hava Meydanları İşletmesi Genel Müdürlüğü;Mühendis;Gaziantep;Lisans;1;;97.428;97.428;"4619;3162;3163;3166;3331;5139;8323;7322";4619 - Aşağıdaki lisans programlarından birinden mezun olmak. | 3162 - Elektrik ve Elektronik Mühendisliği / Elektrik-Elektronik Mühendisliği | 3163 - Elektronik Mühendisliği | 3166 - Elektronik ve Haberleşme Mühendisliği | 3331 - Telekomünikasyon Mühendisliği | 5139 - Mikroelektronik Mühendisliği | 8323 - Haberleşme Mühendisliği | 7322 - (Bakınız Başvurma Özel Şartları Bölümü Devlet Hava Meydanları İşletmesi Genel Müdürlüğü).;e54d481e-0a81-ed11-8117-a0369f7d1486
2022;2;302011711;Devlet Hava Meydanları İşletmesi Genel Müdürlüğü;Stajyer Havacılık Bilgi Yönetimi Uzmanı;Nevşehir;Lisans;1;;97.1;97.1;"4001;7111;7322";4001 - Herhangi bir lisans programından mezun olmak. | 7111 - Son 5 Yıl İçerisinde KPDS/YDS En Az C Seviyesinde İngilizce Bilmek. | 7322 - (Bakınız Başvurma Özel Şartları Bölümü Devlet Hava Meydanları İşletmesi Genel Müdürlüğü).;ad4f481e-0a81-ed11-8117-a0369f7d1486
2022;2;302011431;Devlet Demiryolları Taşımacılık A.Ş Genel Müdürlüğü;Mühendis;İstanbul;Lisans;1;;96.828;96.828;"4639;3252;4314;4315;9441;7300;7368";4639 - Aşağıdaki lisans programlarından birinden mezun olmak. | 3252 - Makine Mühendisliği | 4314 - Makine ve İmalat Mühendisliği | 4315 - Makine ve Üretim Mühendisliği | 9441 - Makine ve Malzeme Mühendisliği | 7300 - Bu kadro/pozisyonda vardiya sistemi uygulanmaktadır. | 7368 - (Bakınız Başvurma Özel Şartları Bölümü T.C. Devlet Demiryolları Taşımacılık A.Ş. Genel Müdürlüğü);424e481e-0a81-ed11-8117-a0369f7d1486
2022;2;302011655;Devlet Hava Meydanları İşletmesi Genel Müdürlüğü;Stajyer Havacılık Bilgi Yönetimi Uzmanı;Elazığ;Lisans;1;;96.735;96.735;"4001;7111;7322";4001 - Herhangi bir lisans programından mezun olmak. | 7111 - Son 5 Yıl İçerisinde KPDS/YDS En Az C Seviyesinde İngilizce Bilmek. | 7322 - (Bakınız Başvurma Özel Şartları Bölümü Devlet Hava Meydanları İşletmesi Genel Müdürlüğü).;9a4d481e-0a81-ed11-8117-a0369f7d1486
2022;2;302011739;Devlet Hava Meydanları İşletmesi Genel Müdürlüğü;Stajyer Havacılık Bilgi Yönetimi Uzmanı;Sinop;Lisans;1;;96.695;96.695;"4001;7111;7322";4001 - Herhangi bir lisans programından mezun olmak. | 7111 - Son 5 Yıl İçerisinde KPDS/YDS En Az C Seviyesinde İngilizce Bilmek. | 7322 - (Bakınız Başvurma Özel Şartları Bölümü Devlet Hava Meydanları İşletmesi Genel Müdürlüğü).;0c50481e-0a81-ed11-8117-a0369f7d1486
2022;2;302010129;Afet ve Acil Durum Yönetimi Başkanlığı;Mimar;Aydın;Lisans;1;;96.491;96.491;"4747;3263";4747 - Aşağıdaki lisans programlarından birinden mezun olmak. | 3263 - Mimarlık;fa4c481e-0a81-ed11-8117-a0369f7d1486
2022;2;302010150;Afet ve Acil Durum Yönetimi Başkanlığı;Mimar;Sinop;Lisans;1;;96.451;96.451;"4747;3263";4747 - Aşağıdaki lisans programlarından birinden mezun olmak. | 3263 - Mimarlık;0450481e-0a81-ed11-8117-a0369f7d1486
2022;2;302011641;Devlet Hava Meydanları İşletmesi Genel Müdürlüğü;Stajyer Havacılık Bilgi Yönetimi Uzmanı;Amasya;Lisans;1;;96.403;96.403;"4001;7111;7322";4001 - Herhangi bir lisans programından mezun olmak. | 7111 - Son 5 Yıl İçerisinde KPDS/YDS En Az C Seviyesinde İngilizce Bilmek. | 7322 - (Bakınız Başvurma Özel Şartları Bölümü Devlet Hava Meydanları İşletmesi Genel Müdürlüğü).;304c481e-0a81-ed11-8117-a0369f7d1486
2022;2;302014567;Türkiye İlaç ve Tıbbi Cihaz Kurumu;Odyolog;Ankara;Lisans;1;;96.403;96.403;"4602;9267;7333";4602 - Aşağıdaki lisans programlarından birinden mezun olmak. | 9267 - Odyoloji | 7333 - (Bakınız Başvurma Özel Şartları Bölümü Odyolog);484c481e-0a81-ed11-8117-a0369f7d1486
2022;2;302011753;Devlet Hava Meydanları İşletmesi Genel Müdürlüğü;Stajyer Havacılık Bilgi Yönetimi Uzmanı;Tokat;Lisans;1;;96.366;96.366;"4001;7111;7322";4001 - Herhangi bir lisans programından mezun olmak. | 7111 - Son 5 Yıl İçerisinde KPDS/YDS En Az C Seviyesinde İngilizce Bilmek. | 7322 - (Bakınız Başvurma Özel Şartları Bölümü Devlet Hava Meydanları İşletmesi Genel Müdürlüğü).;4d50481e-0a81-ed11-8117-a0369f7d1486
2022;2;302011725;Devlet Hava Meydanları İşletmesi Genel Müdürlüğü;Stajyer Havacılık Bilgi Yönetimi Uzmanı;Rize;Lisans;2;;96.332;96.578;"4001;7111;7322";4001 - Herhangi bir lisans programından mezun olmak. | 7111 - Son 5 Yıl İçerisinde KPDS/YDS En Az C Seviyesinde İngilizce Bilmek. | 7322 - (Bakınız Başvurma Özel Şartları Bölümü Devlet Hava Meydanları İşletmesi Genel Müdürlüğü).;cd4f481e-0a81-ed11-8117-a0369f7d1486
2022;2;302010171;Afet ve Acil Durum Yönetimi Başkanlığı;Mimar;Zonguldak;Lisans;1;;96.296;96.296;"4747;3263";4747 - Aşağıdaki lisans programlarından birinden mezun olmak. | 3263 - Mimarlık;dc50481e-0a81-ed11-8117-a0369f7d1486
2022;2;302011669;Devlet Hava Meydanları İşletmesi Genel Müdürlüğü;Stajyer Havacılık Bilgi Yönetimi Uzmanı;Erzurum;Lisans;1;;96.203;96.203;"4001;7111;7322";4001 - Herhangi bir lisans programından mezun olmak. | 7111 - Son 5 Yıl İçerisinde KPDS/YDS En Az C Seviyesinde İngilizce Bilmek. | 7322 - (Bakınız Başvurma Özel Şartları Bölümü Devlet Hava Meydanları İşletmesi Genel Müdürlüğü).;bb4d481e-0a81-ed11-8117-a0369f7d1486
2022;2;302011760;Devlet Hava Meydanları İşletmesi Genel Müdürlüğü;Stajyer Havacılık Bilgi Yönetimi Uzmanı;Van;Lisans;1;;96.123;96.123;"4001;7111;7322";4001 - Herhangi bir lisans programından mezun olmak. | 7111 - Son 5 Yıl İçerisinde KPDS/YDS En Az C Seviyesinde İngilizce Bilmek. | 7322 - (Bakınız Başvurma Özel Şartları Bölümü Devlet Hava Meydanları İşletmesi Genel Müdürlüğü).;9b50481e-0a81-ed11-8117-a0369f7d1486
2022;2;302011697;Devlet Hava Meydanları İşletmesi Genel Müdürlüğü;Stajyer Havacılık Bilgi Yönetimi Uzmanı;Mardin;Lisans;2;;96.12;96.219;"4001;7111;7322";4001 - Herhangi bir lisans programından mezun olmak. | 7111 - Son 5 Yıl İçerisinde KPDS/YDS En Az C Seviyesinde İngilizce Bilmek. | 7322 - (Bakınız Başvurma Özel Şartları Bölümü Devlet Hava Meydanları İşletmesi Genel Müdürlüğü).;8f4f481e-0a81-ed11-8117-a0369f7d1486
2022;2;302011844;Doğu Anadolu Projesi Bölge Kalkınma İdaresi Başkanlığı;Mühendis;Erzurum;Lisans;1;;96.066;96.066;"4669;3221;7257";4669 - Aşağıdaki lisans programlarından birinden mezun olmak. | 3221 - İnşaat Mühendisliği | 7257 - Seyahate ve Arazide Çalışmaya Elverişli olmak.;bd4d481e-0a81-ed11-8117-a0369f7d1486
2022;2;302014525;Türkiye İlaç ve Tıbbi Cihaz Kurumu;Avukat;Ankara;Lisans;1;;95.947;95.947;"4419;3209;7205;7361";4419 - Aşağıdaki lisans programlarından birinden mezun olmak. | 3209 - Hukuk | 7205 - Avukatlık Ruhsatı Sahibi olmak. | 7361 - (Bakınız Başvurma Özel Şartları Bölümü Avukat).;424c481e-0a81-ed11-8117-a0369f7d1486
2022;2;302011634;Devlet Hava Meydanları İşletmesi Genel Müdürlüğü;Stajyer Havacılık Bilgi Yönetimi Uzmanı;Adıyaman;Lisans;1;;95.738;95.738;"4001;7111;7322";4001 - Herhangi bir lisans programından mezun olmak. | 7111 - Son 5 Yıl İçerisinde KPDS/YDS En Az C Seviyesinde İngilizce Bilmek. | 7322 - (Bakınız Başvurma Özel Şartları Bölümü Devlet Hava Meydanları İşletmesi Genel Müdürlüğü).;f44b481e-0a81-ed11-8117-a0369f7d1486
2022;2;302011746;Devlet Hava Meydanları İşletmesi Genel Müdürlüğü;Stajyer Havacılık Bilgi Yönetimi Uzmanı;Şanlıurfa;Lisans;1;;95.738;95.738;"4001;7111;7322";4001 - Herhangi bir lisans programından mezun olmak. | 7111 - Son 5 Yıl İçerisinde KPDS/YDS En Az C Seviyesinde İngilizce Bilmek. | 7322 - (Bakınız Başvurma Özel Şartları Bölümü Devlet Hava Meydanları İşletmesi Genel Müdürlüğü).;8150481e-0a81-ed11-8117-a0369f7d1486
2022;2;302011130;Darphane ve Damga Matbaası Genel Müdürlüğü;Mühendis;İstanbul;Lisans;1;;95.695;95.695;"4639;3252;4314;4315;9441";4639 - Aşağıdaki lisans programlarından birinden mezun olmak. | 3252 - Makine Mühendisliği | 4314 - Makine ve İmalat Mühendisliği | 4315 - Makine ve Üretim Mühendisliği | 9441 - Makine ve Malzeme Mühendisliği;564e481e-0a81-ed11-8117-a0369f7d1486
2022;2;302012278;Gelir İdaresi Başkanlığı;Avukat;Tekirdağ;Lisans;1;;95.667;95.667;"4419;3209;7205;7361";4419 - Aşağıdaki lisans programlarından birinden mezun olmak. | 3209 - Hukuk | 7205 - Avukatlık Ruhsatı Sahibi olmak. | 7361 - (Bakınız Başvurma Özel Şartları Bölümü Avukat).;4c50481e-0a81-ed11-8117-a0369f7d1486
2022;2;302012201;Gelir İdaresi Başkanlığı;Avukat;Denizli;Lisans;2;;95.599;96.868;"4419;3209;7205;7361";4419 - Aşağıdaki lisans programlarından birinden mezun olmak. | 3209 - Hukuk | 7205 - Avukatlık Ruhsatı Sahibi olmak. | 7361 - (Bakınız Başvurma Özel Şartları Bölümü Avukat).;734d481e-0a81-ed11-8117-a0369f7d1486
2022;2;302012488;İstanbul Teknik Üniversitesi;Mühendis;İstanbul;Lisans;1;;95.579;95.579;"4669;3221";4669 - Aşağıdaki lisans programlarından birinden mezun olmak. | 3221 - İnşaat Mühendisliği;4d4e481e-0a81-ed11-8117-a0369f7d1486
2022;2;302012474;İstanbul Teknik Üniversitesi;Mimar;İstanbul;Lisans;1;;95.486;95.486;"4747;3263";4747 - Aşağıdaki lisans programlarından birinden mezun olmak. | 3263 - Mimarlık;4b4e481e-0a81-ed11-8117-a0369f7d1486
2022;2;302014819;Türkiye Raylı Sistem Araçları Sanayii Anonim Şirketi;Mühendis;Ankara;Lisans;3;;95.457;96.723;"4611;3160;3162";4611 - Aşağıdaki lisans programlarından birinden mezun olmak. | 3160 - Elektrik Mühendisliği | 3162 - Elektrik ve Elektronik Mühendisliği / Elektrik-Elektronik Mühendisliği;d14c481e-0a81-ed11-8117-a0369f7d1486
2022;2;302012432;İklim Değişikliği Başkanlığı;Mühendis;Ankara;Lisans;1;;95.423;95.423;"4531;3124;5103;5137;8141;8156";4531 - Aşağıdaki lisans programlarından birinden mezun olmak. | 3124 - Bilgisayar Mühendisliği | 5103 - Bilişim Sistemleri Mühendisliği | 5137 - Bilgisayar Bilimi ve Mühendisliği / Bilgisayar Bilimleri Mühendisliği | 8141 - Kontrol ve Bilgisayar Mühendisliği | 8156 - Bilgisayar ve Enformatik Mühendisliği;924c481e-0a81-ed11-8117-a0369f7d1486
2022;2;302011046;Çevre, Şehircilik ve İklim Değişikliği Bakanlığı;Mühendis;Bayburt;Lisans;1;;95.403;95.403;"4669;3221";4669 - Aşağıdaki lisans programlarından birinden mezun olmak. | 3221 - İnşaat Mühendisliği;0151481e-0a81-ed11-8117-a0369f7d1486
2022;2;302011662;Devlet Hava Meydanları İşletmesi Genel Müdürlüğü;Stajyer Havacılık Bilgi Yönetimi Uzmanı;Erzincan;Lisans;2;;95.367;95.389;"4001;7111;7322";4001 - Herhangi bir lisans programından mezun olmak. | 7111 - Son 5 Yıl İçerisinde KPDS/YDS En Az C Seviyesinde İngilizce Bilmek. | 7322 - (Bakınız Başvurma Özel Şartları Bölümü Devlet Hava Meydanları İşletmesi Genel Müdürlüğü).;9e4d481e-0a81-ed11-8117-a0369f7d1486
2022;2;302011704;Devlet Hava Meydanları İşletmesi Genel Müdürlüğü;Stajyer Havacılık Bilgi Yönetimi Uzmanı;Muş;Lisans;1;;95.359;95.359;"4001;7111;7322";4001 - Herhangi bir lisans programından mezun olmak. | 7111 - Son 5 Yıl İçerisinde KPDS/YDS En Az C Seviyesinde İngilizce Bilmek. | 7322 - (Bakınız Başvurma Özel Şartları Bölümü Devlet Hava Meydanları İşletmesi Genel Müdürlüğü).;a14f481e-0a81-ed11-8117-a0369f7d1486
2022;2;302011795;Devlet Malzeme Ofisi Genel Müdürlüğü;Mühendis;Ankara;Lisans;1;;95.353;95.353;"4639;3252;4314;4315;9441;7364";4639 - Aşağıdaki lisans programlarından birinden mezun olmak. | 3252 - Makine Mühendisliği | 4314 - Makine ve İmalat Mühendisliği | 4315 - Makine ve Üretim Mühendisliği | 9441 - Makine ve Malzeme Mühendisliği | 7364 - (Bakınız Başvurma Özel Şartları Bölümü Devlet Malzeme Ofisi Genel Müdürlüğü);854c481e-0a81-ed11-8117-a0369f7d1486
2022;2;302013447;T.C.Devlet Demiryolları İşletmesi Genel Müdürlüğü;Avukat;Adana;Lisans;1;;95.33;95.33;"4419;3209;7205;7257;7327;7361";4419 - Aşağıdaki lisans programlarından birinden mezun olmak. | 3209 - Hukuk | 7205 - Avukatlık Ruhsatı Sahibi olmak. | 7257 - Seyahate ve Arazide Çalışmaya Elverişli olmak. | 7327 - (Bakınız Başvurma Özel Şartları Bölümü TCDD Genel Müdürlüğü). | 7361 - (Bakınız Başvurma Özel Şartları Bölümü Avukat).;ef4b481e-0a81-ed11-8117-a0369f7d1486
2022;2;302013461;T.C.Devlet Demiryolları İşletmesi Genel Müdürlüğü;Avukat;İzmir;Lisans;2;;95.284;96.717;"4419;3209;7205;7257;7327;7361";4419 - Aşağıdaki lisans programlarından birinden mezun olmak. | 3209 - Hukuk | 7205 - Avukatlık Ruhsatı Sahibi olmak. | 7257 - Seyahate ve Arazide Çalışmaya Elverişli olmak. | 7327 - (Bakınız Başvurma Özel Şartları Bölümü TCDD Genel Müdürlüğü). | 7361 - (Bakınız Başvurma Özel Şartları Bölümü Avukat).;b84e481e-0a81-ed11-8117-a0369f7d1486
2022;2;302015246;Türkiye Uzay Ajansı;Mühendis;Ankara;Lisans;1;;95.284;95.284;"4611;3160;3162;4619;3162;3163;3166;3331;5139;8323";4611 - Aşağıdaki lisans programlarından birinden mezun olmak. | 3160 - Elektrik Mühendisliği | 3162 - Elektrik ve Elektronik Mühendisliği / Elektrik-Elektronik Mühendisliği | 4619 - Aşağıdaki lisans programlarından birinden mezun olmak. | 3162 - Elektrik ve Elektronik Mühendisliği / Elektrik-Elektronik Mühendisliği | 3163 - Elektronik Mühendisliği | 3166 - Elektronik ve Haberleşme Mühendisliği | 3331 - Telekomünikasyon Mühendisliği | 5139 - Mikroelektronik Mühendisliği | 8323 - Haberleşme Mühendisliği;dd4c481e-0a81-ed11-8117-a0369f7d1486
2022;2;302011648;Devlet Hava Meydanları İşletmesi Genel Müdürlüğü;Stajyer Havacılık Bilgi Yönetimi Uzmanı;Bingöl;Lisans;1;;95.191;95.191;"4001;7111;7322";4001 - Herhangi bir lisans programından mezun olmak. | 7111 - Son 5 Yıl İçerisinde KPDS/YDS En Az C Seviyesinde İngilizce Bilmek. | 7322 - (Bakınız Başvurma Özel Şartları Bölümü Devlet Hava Meydanları İşletmesi Genel Müdürlüğü).;224d481e-0a81-ed11-8117-a0369f7d1486
2022;2;302010255;Afet ve Acil Durum Yönetimi Başkanlığı;Mühendis;Ankara;Lisans;1;;95.179;95.179;"4703;3168;3311;5114;5132;5140;8318;9321";4703 - Aşağıdaki lisans programlarından birinden mezun olmak. | 3168 - Endüstri Mühendisliği | 3311 - Sistem Mühendisliği | 5114 - İmalat Mühendisliği | 5132 - Üretim Mühendisliği | 5140 - Üretim Sistemleri Mühendisliği | 8318 - Endüstri Sistemleri Mühendisliği | 9321 - Endüstri ve Sistem Mühendisliği;9e4c481e-0a81-ed11-8117-a0369f7d1486
2022;2;302015316;Türkiye Yazma Eserler Kurumu Başkanlığı;Memur;İstanbul;Lisans;1;;95.072;95.072;4001;4001 - Herhangi bir lisans programından mezun olmak.;994e481e-0a81-ed11-8117-a0369f7d1486
2022;2;302011732;Devlet Hava Meydanları İşletmesi Genel Müdürlüğü;Stajyer Havacılık Bilgi Yönetimi Uzmanı;Siirt;Lisans;1;;94.948;94.948;"4001;7111;7322";4001 - Herhangi bir lisans programından mezun olmak. | 7111 - Son 5 Yıl İçerisinde KPDS/YDS En Az C Seviyesinde İngilizce Bilmek. | 7322 - (Bakınız Başvurma Özel Şartları Bölümü Devlet Hava Meydanları İşletmesi Genel Müdürlüğü).;f54f481e-0a81-ed11-8117-a0369f7d1486
2022;2;302011683;Devlet Hava Meydanları İşletmesi Genel Müdürlüğü;Stajyer Havacılık Bilgi Yönetimi Uzmanı;Iğdır;Lisans;1;;94.913;94.913;"4001;7111;7322";4001 - Herhangi bir lisans programından mezun olmak. | 7111 - Son 5 Yıl İçerisinde KPDS/YDS En Az C Seviyesinde İngilizce Bilmek. | 7322 - (Bakınız Başvurma Özel Şartları Bölümü Devlet Hava Meydanları İşletmesi Genel Müdürlüğü).;4451481e-0a81-ed11-8117-a0369f7d1486
2022;2;302010136;Afet ve Acil Durum Yönetimi Başkanlığı;Mimar;Çorum;Lisans;1;;94.893;94.893;"4747;3263";4747 - Aşağıdaki lisans programlarından birinden mezun olmak. | 3263 - Mimarlık;694d481e-0a81-ed11-8117-a0369f7d1486
2022;2;302013104;Orman Genel Müdürlüğü;Avukat;Ankara;Lisans;1;;94.809;94.809;"4419;3209;7205;7207";4419 - Aşağıdaki lisans programlarından birinden mezun olmak. | 3209 - Hukuk | 7205 - Avukatlık Ruhsatı Sahibi olmak. | 7207 - Avukatlık Ruhsatı Aldıktan Sonra Serbest Olarak En Az İki Yıl Mesleği İle İlgili Çalışmış olmak.;544c481e-0a81-ed11-8117-a0369f7d1486
2022;2;302010297;Afet ve Acil Durum Yönetimi Başkanlığı;Mühendis;Bursa;Lisans;2;;94.806;95.177;"4669;3221";4669 - Aşağıdaki lisans programlarından birinden mezun olmak. | 3221 - İnşaat Mühendisliği;424d481e-0a81-ed11-8117-a0369f7d1486
2022;2;302011606;Devlet Hava Meydanları İşletmesi Genel Müdürlüğü;Mühendis;Ankara;Lisans;1;;94.794;94.794;"4531;3124;5103;5137;8141;8156;4533;5134;9343;7279;7322";4531 - Aşağıdaki lisans programlarından birinden mezun olmak. | 3124 - Bilgisayar Mühendisliği | 5103 - Bilişim Sistemleri Mühendisliği | 5137 - Bilgisayar Bilimi ve Mühendisliği / Bilgisayar Bilimleri Mühendisliği | 8141 - Kontrol ve Bilgisayar Mühendisliği | 8156 - Bilgisayar ve Enformatik Mühendisliği | 4533 - Aşağıdaki lisans programlarından birinden mezun olmak. | 5134 - Yazılım Mühendisliği | 9343 - Bilgisayar ve Yazılım Mühendisliği | 7279 - Cisco Ağ sistemlerini bildiğini belgelendirmek. | 7322 - (Bakınız Başvurma Özel Şartları Bölümü Devlet Hava Meydanları İşletmesi Genel Müdürlüğü).;7a4c481e-0a81-ed11-8117-a0369f7d1486
2022;2;302012271;Gelir İdaresi Başkanlığı;Avukat;Samsun;Lisans;2;;94.69;95.669;"4419;3209;7205;7361";4419 - Aşağıdaki lisans programlarından birinden mezun olmak. | 3209 - Hukuk | 7205 - Avukatlık Ruhsatı Sahibi olmak. | 7361 - (Bakınız Başvurma Özel Şartları Bölümü Avukat).;f34f481e-0a81-ed11-8117-a0369f7d1486
2022;2;302010143;Afet ve Acil Durum Yönetimi Başkanlığı;Mimar;Kahramanmaraş;Lisans;1;;94.667;94.667;"4747;3263";4747 - Aşağıdaki lisans programlarından birinden mezun olmak. | 3263 - Mimarlık;854f481e-0a81-ed11-8117-a0369f7d1486
2022;2;302011571;Devlet Hava Meydanları İşletmesi Genel Müdürlüğü;Memur;Ankara;Lisans;1;;94.583;94.583;"4421;3159;3213;4386;5106;8208;9113;9221;4423;9596;4425;1425;9458;4426;5105;6229;4427;3158;9359;4429;3141;8312;4431;3226;3227;3381;5123;5143;8207;8208;8296;8334;9552;9584;4459;3254;4322;8225;4503;3237;3313;3314;4507;3115;3313;3315;3352;3353;4389;5116;5142;9506;9791;7322";4421 - Aşağıdaki lisans programlarından birinden mezun olmak. | 3159 - Ekonomi | 3213 - İktisat | 4386 - Uluslararası Ekonomi | 5106 - Ekonomi-Yönetim Bilimleri Programları | 8208 - İş İdaresi ve İktisat | 9113 - Ekonomi Politik ve Toplum Felsefesi | 9221 - Ekonomi ve İdari Bilimler / Ekonomi ve İdari Bilimler Programları | 4423 - Aşağıdaki lisans programlarından birinden mezun olmak. | 9596 - Politika ve Ekonomi | 4425 - Aşağıdaki lisans programlarından birinden mezun olmak. | 1425 - İslam İktisadı ve Finans | 9458 - İslam Ekonomisi ve Finans | 4426 - Aşağıdaki lisans programlarından birinden mezun olmak. | 5105 - Ekonomi ve Finans | 6229 - İşletme-Ekonomi / İşletme-İktisat | 4427 - Aşağıdaki lisans programlarından birinden mezun olmak. | 3158 - Ekonometri | 9359 - Finansal Ekonometri | 4429 - Aşağıdaki lisans programlarından birinden mezun olmak. | 3141 - Çalışma Ekonomisi ve Endüstri İlişkileri | 8312 - Çalışma Ekonomisi | 4431 - Aşağıdaki lisans programlarından birinden mezun olmak. | 3226 - İşletme / İşletmecilik | 3227 - İşletme Bilgi Yönetimi | 3381 - Muhasebe ve Finansman | 5123 - Muhasebe ve Finansal Yönetim / Muhasebe ve Finans Yönetimi | 5143 - Yönetim Bilimleri / Yönetim Bilimleri Programları | 8207 - İş İdaresi | 8208 - İş İdaresi ve İktisat | 8296 - Yönetim ve Organizasyon | 8334 - Pazarlama | 9552 - İşletme-Maliye | 9584 - Yönetim Bilimleri ve Liderlik | 4459 - Aşağıdaki lisans programlarından birinden mezun olmak. | 3254 - Maliye | 4322 - Muhasebe ve Maliye | 8225 - Maliye-Muhasebe | 4503 - Aşağıdaki lisans programlarından birinden mezun olmak. | 3237 - Kamu Yönetimi | 3313 - Siyaset Bilimi | 3314 - Siyaset Bilimi ve Kamu Yönetimi | 4507 - Aşağıdaki lisans programlarından birinden mezun olmak. | 3115 - Avrupa Birliği İlişkileri | 3313 - Siyaset Bilimi | 3315 - Siyaset Bilimi ve Uluslararası İlişkiler | 3352 - Uluslararası İlişkiler | 3353 - Uluslararası İlişkiler ve Avrupa Birliği | 4389 - Uluslararası İlişkiler ve Avrupa Çalışmaları | 5116 - Küresel ve Uluslararası İlişkiler / Küresel Siyaset ve Uluslararası İlişkiler | 5142 - Toplumsal ve Siyasal Bilimler | 9506 - Uluslararası İlişkiler ve Deniz Güvenliği | 9791 - Uluslararası Çalışmalar | 7322 - (Bakınız Başvurma Özel Şartları Bölümü Devlet Hava Meydanları İşletmesi Genel Müdürlüğü).;784c481e-0a81-ed11-8117-a0369f7d1486
2022;2;302011410;Devlet Demiryolları Taşımacılık A.Ş Genel Müdürlüğü;Mühendis;Ankara;Lisans;1;;94.568;94.568;"4703;3168;3311;5114;5132;5140;8318;9321;7368";4703 - Aşağıdaki lisans programlarından birinden mezun olmak. | 3168 - Endüstri Mühendisliği | 3311 - Sistem Mühendisliği | 5114 - İmalat Mühendisliği | 5132 - Üretim Mühendisliği | 5140 - Üretim Sistemleri Mühendisliği | 8318 - Endüstri Sistemleri Mühendisliği | 9321 - Endüstri ve Sistem Mühendisliği | 7368 - (Bakınız Başvurma Özel Şartları Bölümü T.C. Devlet Demiryolları Taşımacılık A.Ş. Genel Müdürlüğü);7f4c481e-0a81-ed11-8117-a0369f7d1486
2022;2;302013244;Sinop Üniversitesi;Mühendis;Sinop;Lisans;1;;94.528;94.528;"4669;3221";4669 - Aşağıdaki lisans programlarından birinden mezun olmak. | 3221 - İnşaat Mühendisliği;0a50481e-0a81-ed11-8117-a0369f7d1486
2022;2;302012194;Gelir İdaresi Başkanlığı;Avukat;Bursa;Lisans;3;;94.517;94.933;"4419;3209;7205;7361";4419 - Aşağıdaki lisans programlarından birinden mezun olmak. | 3209 - Hukuk | 7205 - Avukatlık Ruhsatı Sahibi olmak. | 7361 - (Bakınız Başvurma Özel Şartları Bölümü Avukat).;3f4d481e-0a81-ed11-8117-a0369f7d1486
2022;2;302011585;Devlet Hava Meydanları İşletmesi Genel Müdürlüğü;Memur;Muş;Lisans;1;;94.498;94.498;"4421;3159;3213;4386;5106;8208;9113;9221;4423;9596;4425;1425;9458;4426;5105;6229;4427;3158;9359;4429;3141;8312;4431;3226;3227;3381;5123;5143;8207;8208;8296;8334;9552;9584;4459;3254;4322;8225;4493;3312;8325;9345;9370;9428;9534;4503;3237;3313;3314;4507;3115;3313;3315;3352;3353;4389;5116;5142;9506;9791;7322";4421 - Aşağıdaki lisans programlarından birinden mezun olmak. | 3159 - Ekonomi | 3213 - İktisat | 4386 - Uluslararası Ekonomi | 5106 - Ekonomi-Yönetim Bilimleri Programları | 8208 - İş İdaresi ve İktisat | 9113 - Ekonomi Politik ve Toplum Felsefesi | 9221 - Ekonomi ve İdari Bilimler / Ekonomi ve İdari Bilimler Programları | 4423 - Aşağıdaki lisans programlarından birinden mezun olmak. | 9596 - Politika ve Ekonomi | 4425 - Aşağıdaki lisans programlarından birinden mezun olmak. | 1425 - İslam İktisadı ve Finans | 9458 - İslam Ekonomisi ve Finans | 4426 - Aşağıdaki lisans programlarından birinden mezun olmak. | 5105 - Ekonomi ve Finans | 6229 - İşletme-Ekonomi / İşletme-İktisat | 4427 - Aşağıdaki lisans programlarından birinden mezun olmak. | 3158 - Ekonometri | 9359 - Finansal Ekonometri | 4429 - Aşağıdaki lisans programlarından birinden mezun olmak. | 3141 - Çalışma Ekonomisi ve Endüstri İlişkileri | 8312 - Çalışma Ekonomisi | 4431 - Aşağıdaki lisans programlarından birinden mezun olmak. | 3226 - İşletme / İşletmecilik | 3227 - İşletme Bilgi Yönetimi | 3381 - Muhasebe ve Finansman | 5123 - Muhasebe ve Finansal Yönetim / Muhasebe ve Finans Yönetimi | 5143 - Yönetim Bilimleri / Yönetim Bilimleri Programları | 8207 - İş İdaresi | 8208 - İş İdaresi ve İktisat | 8296 - Yönetim ve Organizasyon | 8334 - Pazarlama | 9552 - İşletme-Maliye | 9584 - Yönetim Bilimleri ve Liderlik | 4459 - Aşağıdaki lisans programlarından birinden mezun olmak. | 3254 - Maliye | 4322 - Muhasebe ve Maliye | 8225 - Maliye-Muhasebe | 4493 - Aşağıdaki lisans programlarından birinden mezun olmak. | 3312 - Sivil Hava Ulaştırma İşletmeciliği | 8325 - Havacılık | 9345 - Havacılık İşletmeciliği | 9370 - Sivil Hava İşletmeciliği | 9428 - Havacılık Yönetimi | 9534 - Sivil Havacılık İşletmeciliği | 4503 - Aşağıdaki lisans programlarından birinden mezun olmak. | 3237 - Kamu Yönetimi | 3313 - Siyaset Bilimi | 3314 - Siyaset Bilimi ve Kamu Yönetimi | 4507 - Aşağıdaki lisans programlarından birinden mezun olmak. | 3115 - Avrupa Birliği İlişkileri | 3313 - Siyaset Bilimi | 3315 - Siyaset Bilimi ve Uluslararası İlişkiler | 3352 - Uluslararası İlişkiler | 3353 - Uluslararası İlişkiler ve Avrupa Birliği | 4389 - Uluslararası İlişkiler ve Avrupa Çalışmaları | 5116 - Küresel ve Uluslararası İlişkiler / Küresel Siyaset ve Uluslararası İlişkiler | 5142 - Toplumsal ve Siyasal Bilimler | 9506 - Uluslararası İlişkiler ve Deniz Güvenliği | 9791 - Uluslararası Çalışmalar | 7322 - (Bakınız Başvurma Özel Şartları Bölümü Devlet Hava Meydanları İşletmesi Genel Müdürlüğü).;a24f481e-0a81-ed11-8117-a0369f7d1486
2022;2;302014840;Türkiye Raylı Sistem Araçları Sanayii Anonim Şirketi;Mühendis;Eskişehir;Lisans;3;;94.46;95.701;"4611;3160;3162";4611 - Aşağıdaki lisans programlarından birinden mezun olmak. | 3160 - Elektrik Mühendisliği | 3162 - Elektrik ve Elektronik Mühendisliği / Elektrik-Elektronik Mühendisliği;c44d481e-0a81-ed11-8117-a0369f7d1486
2022;2;302011053;Çevre, Şehircilik ve İklim Değişikliği Bakanlığı;Mühendis;Zonguldak;Lisans;1;;94.389;94.389;"4669;3221";4669 - Aşağıdaki lisans programlarından birinden mezun olmak. | 3221 - İnşaat Mühendisliği;ee50481e-0a81-ed11-8117-a0369f7d1486
2022;2;302011011;Çevre, Şehircilik ve İklim Değişikliği Bakanlığı;Mimar;Zonguldak;Lisans;1;;94.387;94.387;"4747;3263";4747 - Aşağıdaki lisans programlarından birinden mezun olmak. | 3263 - Mimarlık;ed50481e-0a81-ed11-8117-a0369f7d1486
2022;2;302012824;Malatya Büyükşehir Belediye Başkanlığı;Mimar;Malatya;Lisans;2;;94.367;95.284;"4747;3263;7257";4747 - Aşağıdaki lisans programlarından birinden mezun olmak. | 3263 - Mimarlık | 7257 - Seyahate ve Arazide Çalışmaya Elverişli olmak.;5f4f481e-0a81-ed11-8117-a0369f7d1486
2022;2;302015022;Türkiye Şeker Fabrikaları A.Ş. Genel Müdürlüğü;Mühendis;Burdur;Lisans;1;;94.355;94.355;"4669;3221;7247;7248";4669 - Aşağıdaki lisans programlarından birinden mezun olmak. | 3221 - İnşaat Mühendisliği | 7247 - Tehlikeli Ve Çok Tehlikeli İşlerde Çalışmasına Engel Bir Durumu Bulunmamak | 7248 - Vardiyalı Çalışmasına Engel Bir Durumu Bulunmamak;394d481e-0a81-ed11-8117-a0369f7d1486
2022;2;302013454;T.C.Devlet Demiryolları İşletmesi Genel Müdürlüğü;Avukat;İstanbul;Lisans;1;;94.353;94.353;"4419;3209;7205;7257;7327;7361";4419 - Aşağıdaki lisans programlarından birinden mezun olmak. | 3209 - Hukuk | 7205 - Avukatlık Ruhsatı Sahibi olmak. | 7257 - Seyahate ve Arazide Çalışmaya Elverişli olmak. | 7327 - (Bakınız Başvurma Özel Şartları Bölümü TCDD Genel Müdürlüğü). | 7361 - (Bakınız Başvurma Özel Şartları Bölümü Avukat).;6d4e481e-0a81-ed11-8117-a0369f7d1486
2022;2;302010234;Afet ve Acil Durum Yönetimi Başkanlığı;Mühendis;Ankara;Lisans;10;;94.236;96.296;"4669;3221";4669 - Aşağıdaki lisans programlarından birinden mezun olmak. | 3221 - İnşaat Mühendisliği;9b4c481e-0a81-ed11-8117-a0369f7d1486
2022;2;302011018;Çevre, Şehircilik ve İklim Değişikliği Bakanlığı;Mühendis;Ağrı;Lisans;1;;94.2;94.2;"4669;3221";4669 - Aşağıdaki lisans programlarından birinden mezun olmak. | 3221 - İnşaat Mühendisliği;1a4c481e-0a81-ed11-8117-a0369f7d1486
2022;2;302011592;Devlet Hava Meydanları İşletmesi Genel Müdürlüğü;Memur;Yozgat;Lisans;1;;94.166;94.166;"4421;3159;3213;4386;5106;8208;9113;9221;4423;9596;4425;1425;9458;4426;5105;6229;4427;3158;9359;4429;3141;8312;4431;3226;3227;3381;5123;5143;8207;8208;8296;8334;9552;9584;4459;3254;4322;8225;4493;3312;8325;9345;9370;9428;9534;4503;3237;3313;3314;4507;3115;3313;3315;3352;3353;4389;5116;5142;9506;9791;7322";4421 - Aşağıdaki lisans programlarından birinden mezun olmak. | 3159 - Ekonomi | 3213 - İktisat | 4386 - Uluslararası Ekonomi | 5106 - Ekonomi-Yönetim Bilimleri Programları | 8208 - İş İdaresi ve İktisat | 9113 - Ekonomi Politik ve Toplum Felsefesi | 9221 - Ekonomi ve İdari Bilimler / Ekonomi ve İdari Bilimler Programları | 4423 - Aşağıdaki lisans programlarından birinden mezun olmak. | 9596 - Politika ve Ekonomi | 4425 - Aşağıdaki lisans programlarından birinden mezun olmak. | 1425 - İslam İktisadı ve Finans | 9458 - İslam Ekonomisi ve Finans | 4426 - Aşağıdaki lisans programlarından birinden mezun olmak. | 5105 - Ekonomi ve Finans | 6229 - İşletme-Ekonomi / İşletme-İktisat | 4427 - Aşağıdaki lisans programlarından birinden mezun olmak. | 3158 - Ekonometri | 9359 - Finansal Ekonometri | 4429 - Aşağıdaki lisans programlarından birinden mezun olmak. | 3141 - Çalışma Ekonomisi ve Endüstri İlişkileri | 8312 - Çalışma Ekonomisi | 4431 - Aşağıdaki lisans programlarından birinden mezun olmak. | 3226 - İşletme / İşletmecilik | 3227 - İşletme Bilgi Yönetimi | 3381 - Muhasebe ve Finansman | 5123 - Muhasebe ve Finansal Yönetim / Muhasebe ve Finans Yönetimi | 5143 - Yönetim Bilimleri / Yönetim Bilimleri Programları | 8207 - İş İdaresi | 8208 - İş İdaresi ve İktisat | 8296 - Yönetim ve Organizasyon | 8334 - Pazarlama | 9552 - İşletme-Maliye | 9584 - Yönetim Bilimleri ve Liderlik | 4459 - Aşağıdaki lisans programlarından birinden mezun olmak. | 3254 - Maliye | 4322 - Muhasebe ve Maliye | 8225 - Maliye-Muhasebe | 4493 - Aşağıdaki lisans programlarından birinden mezun olmak. | 3312 - Sivil Hava Ulaştırma İşletmeciliği | 8325 - Havacılık | 9345 - Havacılık İşletmeciliği | 9370 - Sivil Hava İşletmeciliği | 9428 - Havacılık Yönetimi | 9534 - Sivil Havacılık İşletmeciliği | 4503 - Aşağıdaki lisans programlarından birinden mezun olmak. | 3237 - Kamu Yönetimi | 3313 - Siyaset Bilimi | 3314 - Siyaset Bilimi ve Kamu Yönetimi | 4507 - Aşağıdaki lisans programlarından birinden mezun olmak. | 3115 - Avrupa Birliği İlişkileri | 3313 - Siyaset Bilimi | 3315 - Siyaset Bilimi ve Uluslararası İlişkiler | 3352 - Uluslararası İlişkiler | 3353 - Uluslararası İlişkiler ve Avrupa Birliği | 4389 - Uluslararası İlişkiler ve Avrupa Çalışmaları | 5116 - Küresel ve Uluslararası İlişkiler / Küresel Siyaset ve Uluslararası İlişkiler | 5142 - Toplumsal ve Siyasal Bilimler | 9506 - Uluslararası İlişkiler ve Deniz Güvenliği | 9791 - Uluslararası Çalışmalar | 7322 - (Bakınız Başvurma Özel Şartları Bölümü Devlet Hava Meydanları İşletmesi Genel Müdürlüğü).;a350481e-0a81-ed11-8117-a0369f7d1486
2022;2;302010157;Afet ve Acil Durum Yönetimi Başkanlığı;Mimar;Tekirdağ;Lisans;1;;94.155;94.155;"4747;3263";4747 - Aşağıdaki lisans programlarından birinden mezun olmak. | 3263 - Mimarlık;4150481e-0a81-ed11-8117-a0369f7d1486
2022;2;302013629;T.C.Devlet Demiryolları İşletmesi Genel Müdürlüğü;Mühendis;Ankara;Lisans;2;;94.143;95.234;"4611;3160;3162;7300;7327";4611 - Aşağıdaki lisans programlarından birinden mezun olmak. | 3160 - Elektrik Mühendisliği | 3162 - Elektrik ve Elektronik Mühendisliği / Elektrik-Elektronik Mühendisliği | 7300 - Bu kadro/pozisyonda vardiya sistemi uygulanmaktadır. | 7327 - (Bakınız Başvurma Özel Şartları Bölümü TCDD Genel Müdürlüğü).;3e4c481e-0a81-ed11-8117-a0369f7d1486
2022;2;302011578;Devlet Hava Meydanları İşletmesi Genel Müdürlüğü;Memur;Gümüşhane;Lisans;1;;94.135;94.135;"4421;3159;3213;4386;5106;8208;9113;9221;4423;9596;4425;1425;9458;4426;5105;6229;4427;3158;9359;4429;3141;8312;4431;3226;3227;3381;5123;5143;8207;8208;8296;8334;9552;9584;4459;3254;4322;8225;4493;3312;8325;9345;9370;9428;9534;4503;3237;3313;3314;4507;3115;3313;3315;3352;3353;4389;5116;5142;9506;9791;7322";4421 - Aşağıdaki lisans programlarından birinden mezun olmak. | 3159 - Ekonomi | 3213 - İktisat | 4386 - Uluslararası Ekonomi | 5106 - Ekonomi-Yönetim Bilimleri Programları | 8208 - İş İdaresi ve İktisat | 9113 - Ekonomi Politik ve Toplum Felsefesi | 9221 - Ekonomi ve İdari Bilimler / Ekonomi ve İdari Bilimler Programları | 4423 - Aşağıdaki lisans programlarından birinden mezun olmak. | 9596 - Politika ve Ekonomi | 4425 - Aşağıdaki lisans programlarından birinden mezun olmak. | 1425 - İslam İktisadı ve Finans | 9458 - İslam Ekonomisi ve Finans | 4426 - Aşağıdaki lisans programlarından birinden mezun olmak. | 5105 - Ekonomi ve Finans | 6229 - İşletme-Ekonomi / İşletme-İktisat | 4427 - Aşağıdaki lisans programlarından birinden mezun olmak. | 3158 - Ekonometri | 9359 - Finansal Ekonometri | 4429 - Aşağıdaki lisans programlarından birinden mezun olmak. | 3141 - Çalışma Ekonomisi ve Endüstri İlişkileri | 8312 - Çalışma Ekonomisi | 4431 - Aşağıdaki lisans programlarından birinden mezun olmak. | 3226 - İşletme / İşletmecilik | 3227 - İşletme Bilgi Yönetimi | 3381 - Muhasebe ve Finansman | 5123 - Muhasebe ve Finansal Yönetim / Muhasebe ve Finans Yönetimi | 5143 - Yönetim Bilimleri / Yönetim Bilimleri Programları | 8207 - İş İdaresi | 8208 - İş İdaresi ve İktisat | 8296 - Yönetim ve Organizasyon | 8334 - Pazarlama | 9552 - İşletme-Maliye | 9584 - Yönetim Bilimleri ve Liderlik | 4459 - Aşağıdaki lisans programlarından birinden mezun olmak. | 3254 - Maliye | 4322 - Muhasebe ve Maliye | 8225 - Maliye-Muhasebe | 4493 - Aşağıdaki lisans programlarından birinden mezun olmak. | 3312 - Sivil Hava Ulaştırma İşletmeciliği | 8325 - Havacılık | 9345 - Havacılık İşletmeciliği | 9370 - Sivil Hava İşletmeciliği | 9428 - Havacılık Yönetimi | 9534 - Sivil Havacılık İşletmeciliği | 4503 - Aşağıdaki lisans programlarından birinden mezun olmak. | 3237 - Kamu Yönetimi | 3313 - Siyaset Bilimi | 3314 - Siyaset Bilimi ve Kamu Yönetimi | 4507 - Aşağıdaki lisans programlarından birinden mezun olmak. | 3115 - Avrupa Birliği İlişkileri | 3313 - Siyaset Bilimi | 3315 - Siyaset Bilimi ve Uluslararası İlişkiler | 3352 - Uluslararası İlişkiler | 3353 - Uluslararası İlişkiler ve Avrupa Birliği | 4389 - Uluslararası İlişkiler ve Avrupa Çalışmaları | 5116 - Küresel ve Uluslararası İlişkiler / Küresel Siyaset ve Uluslararası İlişkiler | 5142 - Toplumsal ve Siyasal Bilimler | 9506 - Uluslararası İlişkiler ve Deniz Güvenliği | 9791 - Uluslararası Çalışmalar | 7322 - (Bakınız Başvurma Özel Şartları Bölümü Devlet Hava Meydanları İşletmesi Genel Müdürlüğü).;034e481e-0a81-ed11-8117-a0369f7d1486
2022;2;302010192;Afet ve Acil Durum Yönetimi Başkanlığı;Mühendis;Aksaray;Lisans;1;;94.107;94.107;"4669;3221";4669 - Aşağıdaki lisans programlarından birinden mezun olmak. | 3221 - İnşaat Mühendisliği;f150481e-0a81-ed11-8117-a0369f7d1486
2022;2;302013363;Şehitkamil Belediye Başkanlığı;Mimar;Gaziantep;Lisans;2;;94.095;94.928;"4747;3263;7257";4747 - Aşağıdaki lisans programlarından birinden mezun olmak. | 3263 - Mimarlık | 7257 - Seyahate ve Arazide Çalışmaya Elverişli olmak.;e84d481e-0a81-ed11-8117-a0369f7d1486
2022;2;302012096;Eti Maden İşletmeleri Genel Müdürlüğü;Mühendis;Balıkesir;Lisans;1;;94.073;94.073;"4611;3160;3162";4611 - Aşağıdaki lisans programlarından birinden mezun olmak. | 3160 - Elektrik Mühendisliği | 3162 - Elektrik ve Elektronik Mühendisliği / Elektrik-Elektronik Mühendisliği;044d481e-0a81-ed11-8117-a0369f7d1486
2022;2;302010584;Akdeniz Üniversitesi;Avukat;Antalya;Lisans;1;;93.962;93.962;"4419;3209;7205;7361";4419 - Aşağıdaki lisans programlarından birinden mezun olmak. | 3209 - Hukuk | 7205 - Avukatlık Ruhsatı Sahibi olmak. | 7361 - (Bakınız Başvurma Özel Şartları Bölümü Avukat).;e94c481e-0a81-ed11-8117-a0369f7d1486
2022;2;302010262;Afet ve Acil Durum Yönetimi Başkanlığı;Mühendis;Ankara;Lisans;1;;93.956;93.956;"4669;3221";4669 - Aşağıdaki lisans programlarından birinden mezun olmak. | 3221 - İnşaat Mühendisliği;9f4c481e-0a81-ed11-8117-a0369f7d1486
2022;2;302011984;Erciyes Üniversitesi;Avukat;Kayseri;Lisans;1;;93.954;93.954;"4419;3209;7205;7361";4419 - Aşağıdaki lisans programlarından birinden mezun olmak. | 3209 - Hukuk | 7205 - Avukatlık Ruhsatı Sahibi olmak. | 7361 - (Bakınız Başvurma Özel Şartları Bölümü Avukat).;e54e481e-0a81-ed11-8117-a0369f7d1486
2022;2;302011837;Doğu Anadolu Projesi Bölge Kalkınma İdaresi Başkanlığı;Mimar;Erzurum;Lisans;1;;93.936;93.936;"4747;3263;7257";4747 - Aşağıdaki lisans programlarından birinden mezun olmak. | 3263 - Mimarlık | 7257 - Seyahate ve Arazide Çalışmaya Elverişli olmak.;bc4d481e-0a81-ed11-8117-a0369f7d1486
2022;2;302010892;Bilecik Şeyh Edebali Üniversitesi;Mimar;Bilecik;Lisans;1;;93.934;93.934;"4747;3263";4747 - Aşağıdaki lisans programlarından birinden mezun olmak. | 3263 - Mimarlık;1b4d481e-0a81-ed11-8117-a0369f7d1486
2022;2;302012838;Malatya Büyükşehir Belediye Başkanlığı;Mühendis;Malatya;Lisans;2;;93.934;95.647;"4611;3160;3162;7257";4611 - Aşağıdaki lisans programlarından birinden mezun olmak. | 3160 - Elektrik Mühendisliği | 3162 - Elektrik ve Elektronik Mühendisliği / Elektrik-Elektronik Mühendisliği | 7257 - Seyahate ve Arazide Çalışmaya Elverişli olmak.;614f481e-0a81-ed11-8117-a0369f7d1486
2022;2;302012257;Gelir İdaresi Başkanlığı;Avukat;Mersin;Lisans;2;;93.926;96.191;"4419;3209;7205;7361";4419 - Aşağıdaki lisans programlarından birinden mezun olmak. | 3209 - Hukuk | 7205 - Avukatlık Ruhsatı Sahibi olmak. | 7361 - (Bakınız Başvurma Özel Şartları Bölümü Avukat).;3c4e481e-0a81-ed11-8117-a0369f7d1486
2022;2;302012523;İstanbul Üniversitesi- Cerrahpaşa;Mühendis;İstanbul;Lisans;1;;93.926;93.926;"4611;3160;3162;4669;3221;4799;3191;9310";4611 - Aşağıdaki lisans programlarından birinden mezun olmak. | 3160 - Elektrik Mühendisliği | 3162 - Elektrik ve Elektronik Mühendisliği / Elektrik-Elektronik Mühendisliği | 4669 - Aşağıdaki lisans programlarından birinden mezun olmak. | 3221 - İnşaat Mühendisliği | 4799 - Aşağıdaki lisans programlarından birinden mezun olmak. | 3191 - Gıda Mühendisliği | 9310 - Gıda İşleme Mühendisliği;524e481e-0a81-ed11-8117-a0369f7d1486
2022;2;302011403;Devlet Demiryolları Taşımacılık A.Ş Genel Müdürlüğü;Mühendis;Ankara;Lisans;1;;93.914;93.914;"4531;3124;5103;5137;8141;8156;4533;5134;9343;7368";4531 - Aşağıdaki lisans programlarından birinden mezun olmak. | 3124 - Bilgisayar Mühendisliği | 5103 - Bilişim Sistemleri Mühendisliği | 5137 - Bilgisayar Bilimi ve Mühendisliği / Bilgisayar Bilimleri Mühendisliği | 8141 - Kontrol ve Bilgisayar Mühendisliği | 8156 - Bilgisayar ve Enformatik Mühendisliği | 4533 - Aşağıdaki lisans programlarından birinden mezun olmak. | 5134 - Yazılım Mühendisliği | 9343 - Bilgisayar ve Yazılım Mühendisliği | 7368 - (Bakınız Başvurma Özel Şartları Bölümü T.C. Devlet Demiryolları Taşımacılık A.Ş. Genel Müdürlüğü);7e4c481e-0a81-ed11-8117-a0369f7d1486
2022;2;302010164;Afet ve Acil Durum Yönetimi Başkanlığı;Mimar;Tokat;Lisans;1;;93.886;93.886;"4747;3263";4747 - Aşağıdaki lisans programlarından birinden mezun olmak. | 3263 - Mimarlık;5450481e-0a81-ed11-8117-a0369f7d1486
2022;2;302012691;Kırşehir Ahi Evran Üniversitesi;Mühendis;Kırşehir;Lisans;1;;93.886;93.886;"4669;3221";4669 - Aşağıdaki lisans programlarından birinden mezun olmak. | 3221 - İnşaat Mühendisliği;064f481e-0a81-ed11-8117-a0369f7d1486
2022;2;302011088;Çevre, Şehircilik ve İklim Değişikliği Bakanlığı;Şehir Plancısı;Isparta;Lisans;1;;93.857;93.857;"4757;3322";4757 - Aşağıdaki lisans programlarından birinden mezun olmak. | 3322 - Şehir ve Bölge Planlama;284e481e-0a81-ed11-8117-a0369f7d1486
2022;2;302012852;Malatya Büyükşehir Belediye Başkanlığı;Mühendis;Malatya;Lisans;6;;93.857;95.072;"4669;3221;7257";4669 - Aşağıdaki lisans programlarından birinden mezun olmak. | 3221 - İnşaat Mühendisliği | 7257 - Seyahate ve Arazide Çalışmaya Elverişli olmak.;634f481e-0a81-ed11-8117-a0369f7d1486
2022;2;302014560;Türkiye İlaç ve Tıbbi Cihaz Kurumu;Mühendis;Ankara;Lisans;1;;93.849;93.849;"4703;3168;3311;5114;5132;5140;8318;9321";4703 - Aşağıdaki lisans programlarından birinden mezun olmak. | 3168 - Endüstri Mühendisliği | 3311 - Sistem Mühendisliği | 5114 - İmalat Mühendisliği | 5132 - Üretim Mühendisliği | 5140 - Üretim Sistemleri Mühendisliği | 8318 - Endüstri Sistemleri Mühendisliği | 9321 - Endüstri ve Sistem Mühendisliği;474c481e-0a81-ed11-8117-a0369f7d1486
2022;2;302012173;Gelir İdaresi Başkanlığı;Avukat;Ankara;Lisans;6;;93.835;96.578;"4419;3209;7205;7361";4419 - Aşağıdaki lisans programlarından birinden mezun olmak. | 3209 - Hukuk | 7205 - Avukatlık Ruhsatı Sahibi olmak. | 7361 - (Bakınız Başvurma Özel Şartları Bölümü Avukat).;894c481e-0a81-ed11-8117-a0369f7d1486
2022;2;302014483;Türk Tarih Kurumu Başkanlığı;Memur;Ankara;Lisans;1;;93.817;93.817;4001;4001 - Herhangi bir lisans programından mezun olmak.;414c481e-0a81-ed11-8117-a0369f7d1486
2022;2;302012166;Gelir İdaresi Başkanlığı;Avukat;Adana;Lisans;4;;93.716;95.568;"4419;3209;7205;7361";4419 - Aşağıdaki lisans programlarından birinden mezun olmak. | 3209 - Hukuk | 7205 - Avukatlık Ruhsatı Sahibi olmak. | 7361 - (Bakınız Başvurma Özel Şartları Bölümü Avukat).;ed4b481e-0a81-ed11-8117-a0369f7d1486
2022;2;302011613;Devlet Hava Meydanları İşletmesi Genel Müdürlüğü;Mühendis;Ankara;Lisans;1;;93.712;93.712;"4531;3124;5103;5137;8141;8156;4533;5134;9343;7293;7322";4531 - Aşağıdaki lisans programlarından birinden mezun olmak. | 3124 - Bilgisayar Mühendisliği | 5103 - Bilişim Sistemleri Mühendisliği | 5137 - Bilgisayar Bilimi ve Mühendisliği / Bilgisayar Bilimleri Mühendisliği | 8141 - Kontrol ve Bilgisayar Mühendisliği | 8156 - Bilgisayar ve Enformatik Mühendisliği | 4533 - Aşağıdaki lisans programlarından birinden mezun olmak. | 5134 - Yazılım Mühendisliği | 9343 - Bilgisayar ve Yazılım Mühendisliği | 7293 - Ağ güvenliği (Intrusion Prevention System(IPS) veya Firewall, UTM veya URL filtering) konusunda en az 2 (iki) yıl çalışmış | 7322 - (Bakınız Başvurma Özel Şartları Bölümü Devlet Hava Meydanları İşletmesi Genel Müdürlüğü).;7b4c481e-0a81-ed11-8117-a0369f7d1486
2022;2;302011802;Devlet Opera ve Balesi Genel Müdürlüğü;Avukat;Mersin;Lisans;1;;93.71;93.71;"4419;3209;7205;7361";4419 - Aşağıdaki lisans programlarından birinden mezun olmak. | 3209 - Hukuk | 7205 - Avukatlık Ruhsatı Sahibi olmak. | 7361 - (Bakınız Başvurma Özel Şartları Bölümü Avukat).;3e4e481e-0a81-ed11-8117-a0369f7d1486
2022;2;302012243;Gelir İdaresi Başkanlığı;Avukat;Kocaeli;Lisans;2;;93.611;93.71;"4419;3209;7205;7361";4419 - Aşağıdaki lisans programlarından birinden mezun olmak. | 3209 - Hukuk | 7205 - Avukatlık Ruhsatı Sahibi olmak. | 7361 - (Bakınız Başvurma Özel Şartları Bölümü Avukat).;184f481e-0a81-ed11-8117-a0369f7d1486
2022;2;302011977;Elektrik Üretim A.Ş. Genel Müdürlüğü;Mühendis;Sivas;Lisans;1;;93.603;93.603;"4611;3160;3162";4611 - Aşağıdaki lisans programlarından birinden mezun olmak. | 3160 - Elektrik Mühendisliği | 3162 - Elektrik ve Elektronik Mühendisliği / Elektrik-Elektronik Mühendisliği;0f50481e-0a81-ed11-8117-a0369f7d1486
2022;2;302012887;Manisa Celal Bayar Üniversitesi;Veteriner Hekim;Manisa;Lisans;1;;93.521;93.521;"4607;6373";4607 - Aşağıdaki lisans programlarından birinden mezun olmak. | 6373 - Veteriner;794f481e-0a81-ed11-8117-a0369f7d1486
2022;2;302012467;İstanbul Medeniyet Üniversitesi;Mimar;İstanbul;Lisans;1;;93.503;93.503;"4747;3263";4747 - Aşağıdaki lisans programlarından birinden mezun olmak. | 3263 - Mimarlık;4a4e481e-0a81-ed11-8117-a0369f7d1486
2022;2;302015036;Türkiye Şeker Fabrikaları A.Ş. Genel Müdürlüğü;Mühendis;Elazığ;Lisans;1;;93.501;93.501;"4669;3221;7247;7248";4669 - Aşağıdaki lisans programlarından birinden mezun olmak. | 3221 - İnşaat Mühendisliği | 7247 - Tehlikeli Ve Çok Tehlikeli İşlerde Çalışmasına Engel Bir Durumu Bulunmamak | 7248 - Vardiyalı Çalışmasına Engel Bir Durumu Bulunmamak;8c4d481e-0a81-ed11-8117-a0369f7d1486
2022;2;302012005;Erzincan Binali Yıldırım Üniversitesi;Mimar;Erzincan;Lisans;1;;93.476;93.476;"4747;3263";4747 - Aşağıdaki lisans programlarından birinden mezun olmak. | 3263 - Mimarlık;a04d481e-0a81-ed11-8117-a0369f7d1486
2022;2;302013902;Tarım İşletmeleri Genel Müdürlüğü;Avukat;Ankara;Lisans;2;;93.446;93.761;"4419;3209;7205;7361";4419 - Aşağıdaki lisans programlarından birinden mezun olmak. | 3209 - Hukuk | 7205 - Avukatlık Ruhsatı Sahibi olmak. | 7361 - (Bakınız Başvurma Özel Şartları Bölümü Avukat).;364c481e-0a81-ed11-8117-a0369f7d1486
2022;2;302012481;İstanbul Teknik Üniversitesi;Mühendis;İstanbul;Lisans;2;;93.402;93.422;"4611;3160;3162";4611 - Aşağıdaki lisans programlarından birinden mezun olmak. | 3160 - Elektrik Mühendisliği | 3162 - Elektrik ve Elektronik Mühendisliği / Elektrik-Elektronik Mühendisliği;4c4e481e-0a81-ed11-8117-a0369f7d1486
2022;2;302011004;Çevre, Şehircilik ve İklim Değişikliği Bakanlığı;Mimar;Şırnak;Lisans;1;;93.388;93.388;"4747;3263";4747 - Aşağıdaki lisans programlarından birinden mezun olmak. | 3263 - Mimarlık;2351481e-0a81-ed11-8117-a0369f7d1486
2022;2;302012285;Gelir İdaresi Başkanlığı;Avukat;Trabzon;Lisans;1;;93.327;93.327;"4419;3209;7205;7361";4419 - Aşağıdaki lisans programlarından birinden mezun olmak. | 3209 - Hukuk | 7205 - Avukatlık Ruhsatı Sahibi olmak. | 7361 - (Bakınız Başvurma Özel Şartları Bölümü Avukat).;6650481e-0a81-ed11-8117-a0369f7d1486
2022;2;302013370;Şehitkamil Belediye Başkanlığı;Mühendis;Gaziantep;Lisans;2;;93.309;94.758;"4669;3221;7257";4669 - Aşağıdaki lisans programlarından birinden mezun olmak. | 3221 - İnşaat Mühendisliği | 7257 - Seyahate ve Arazide Çalışmaya Elverişli olmak.;e94d481e-0a81-ed11-8117-a0369f7d1486
2022;2;302010367;Afet ve Acil Durum Yönetimi Başkanlığı;Mühendis;İstanbul;Lisans;2;;93.297;94.26;"4669;3221";4669 - Aşağıdaki lisans programlarından birinden mezun olmak. | 3221 - İnşaat Mühendisliği;544e481e-0a81-ed11-8117-a0369f7d1486
2022;2;302012992;Mimar Sinan Güzel Sanatlar Üniversitesi;Mimar;İstanbul;Lisans;1;;93.293;93.293;"4747;3263";4747 - Aşağıdaki lisans programlarından birinden mezun olmak. | 3263 - Mimarlık;634e481e-0a81-ed11-8117-a0369f7d1486
2022;2;302013958;Tarım İşletmeleri Genel Müdürlüğü;Mühendis;Bursa;Lisans;1;;93.234;93.234;"4669;3221";4669 - Aşağıdaki lisans programlarından birinden mezun olmak. | 3221 - İnşaat Mühendisliği;3d4d481e-0a81-ed11-8117-a0369f7d1486
2022;2;302010178;Afet ve Acil Durum Yönetimi Başkanlığı;Mühendis;Afyonkarahisar;Lisans;1;;93.229;93.229;"4703;3168;3311;5114;5132;5140;8318;9321";4703 - Aşağıdaki lisans programlarından birinden mezun olmak. | 3168 - Endüstri Mühendisliği | 3311 - Sistem Mühendisliği | 5114 - İmalat Mühendisliği | 5132 - Üretim Mühendisliği | 5140 - Üretim Sistemleri Mühendisliği | 8318 - Endüstri Sistemleri Mühendisliği | 9321 - Endüstri ve Sistem Mühendisliği;094c481e-0a81-ed11-8117-a0369f7d1486
2022;2;302010997;Çevre, Şehircilik ve İklim Değişikliği Bakanlığı;Mimar;Hakkari;Lisans;1;;93.22;93.22;"4747;3263";4747 - Aşağıdaki lisans programlarından birinden mezun olmak. | 3263 - Mimarlık;0d4e481e-0a81-ed11-8117-a0369f7d1486
2022;2;302012418;İklim Değişikliği Başkanlığı;Avukat;Ankara;Lisans;2;;93.192;93.206;"4419;3209;7205;7361";4419 - Aşağıdaki lisans programlarından birinden mezun olmak. | 3209 - Hukuk | 7205 - Avukatlık Ruhsatı Sahibi olmak. | 7361 - (Bakınız Başvurma Özel Şartları Bölümü Avukat).;904c481e-0a81-ed11-8117-a0369f7d1486
2022;2;302010248;Afet ve Acil Durum Yönetimi Başkanlığı;Mühendis;Ankara;Lisans;2;;93.118;94.492;"4689;3233;8324;9034;9572";4689 - Aşağıdaki lisans programlarından birinden mezun olmak. | 3233 - Jeodezi ve Fotogrametri Mühendisliği | 8324 - Harita Mühendisliği | 9034 - Geomatik Mühendisliği | 9572 - Jeodezi ve Haritacılık Mühendisliği;9d4c481e-0a81-ed11-8117-a0369f7d1486
2022;2;302015176;Türkiye Taşkömürü Kurumu Genel Müdürlüğü;Mühendis;Zonguldak;Lisans;1;;93.11;93.11;"4669;3221";4669 - Aşağıdaki lisans programlarından birinden mezun olmak. | 3221 - İnşaat Mühendisliği;cf50481e-0a81-ed11-8117-a0369f7d1486
2022;2;302012607;Karayolları Genel Müdürlüğü;Avukat;Van;Lisans;1;;93.095;93.095;"4419;3209;7205;7257;7361";4419 - Aşağıdaki lisans programlarından birinden mezun olmak. | 3209 - Hukuk | 7205 - Avukatlık Ruhsatı Sahibi olmak. | 7257 - Seyahate ve Arazide Çalışmaya Elverişli olmak. | 7361 - (Bakınız Başvurma Özel Şartları Bölümü Avukat).;9850481e-0a81-ed11-8117-a0369f7d1486
2022;2;302012894;Marmara Üniversitesi;Avukat;İstanbul;Lisans;2;;93.075;93.331;"4419;3209;7205;7361";4419 - Aşağıdaki lisans programlarından birinden mezun olmak. | 3209 - Hukuk | 7205 - Avukatlık Ruhsatı Sahibi olmak. | 7361 - (Bakınız Başvurma Özel Şartları Bölümü Avukat).;664e481e-0a81-ed11-8117-a0369f7d1486
2022;2;302010213;Afet ve Acil Durum Yönetimi Başkanlığı;Mühendis;Ankara;Lisans;5;;93.059;93.982;"4611;3160;3162";4611 - Aşağıdaki lisans programlarından birinden mezun olmak. | 3160 - Elektrik Mühendisliği | 3162 - Elektrik ve Elektronik Mühendisliği / Elektrik-Elektronik Mühendisliği;984c481e-0a81-ed11-8117-a0369f7d1486
2022;2;302014147;Ticaret Bakanlığı;Tüketici Hakem Heyeti Raportörü;Burdur;Lisans;1;;93.047;93.047;"4419;3209";4419 - Aşağıdaki lisans programlarından birinden mezun olmak. | 3209 - Hukuk;374d481e-0a81-ed11-8117-a0369f7d1486
2022;2;302014826;Türkiye Raylı Sistem Araçları Sanayii Anonim Şirketi;Mühendis;Ankara;Lisans;2;;93.039;94.455;"4639;3252;4314;4315;9441";4639 - Aşağıdaki lisans programlarından birinden mezun olmak. | 3252 - Makine Mühendisliği | 4314 - Makine ve İmalat Mühendisliği | 4315 - Makine ve Üretim Mühendisliği | 9441 - Makine ve Malzeme Mühendisliği;d24c481e-0a81-ed11-8117-a0369f7d1486
2022;2;302013356;Şehitkamil Belediye Başkanlığı;Avukat;Gaziantep;Lisans;1;;93.011;93.011;"4419;3209;7205;7207";4419 - Aşağıdaki lisans programlarından birinden mezun olmak. | 3209 - Hukuk | 7205 - Avukatlık Ruhsatı Sahibi olmak. | 7207 - Avukatlık Ruhsatı Aldıktan Sonra Serbest Olarak En Az İki Yıl Mesleği İle İlgili Çalışmış olmak.;e74d481e-0a81-ed11-8117-a0369f7d1486
2022;2;302010269;Afet ve Acil Durum Yönetimi Başkanlığı;Mühendis;Ankara;Lisans;1;;93.005;93.005;"4689;3233;8324;9034;9572";4689 - Aşağıdaki lisans programlarından birinden mezun olmak. | 3233 - Jeodezi ve Fotogrametri Mühendisliği | 8324 - Harita Mühendisliği | 9034 - Geomatik Mühendisliği | 9572 - Jeodezi ve Haritacılık Mühendisliği;a04c481e-0a81-ed11-8117-a0369f7d1486
2022;2;302015253;Türkiye Uzay Ajansı;Mühendis;Ankara;Lisans;1;;92.982;92.982;"4639;3252;4314;4315;9441";4639 - Aşağıdaki lisans programlarından birinden mezun olmak. | 3252 - Makine Mühendisliği | 4314 - Makine ve İmalat Mühendisliği | 4315 - Makine ve Üretim Mühendisliği | 9441 - Makine ve Malzeme Mühendisliği;de4c481e-0a81-ed11-8117-a0369f7d1486
2022;2;302010283;Afet ve Acil Durum Yönetimi Başkanlığı;Mühendis;Artvin;Lisans;1;;92.954;92.954;"4669;3221";4669 - Aşağıdaki lisans programlarından birinden mezun olmak. | 3221 - İnşaat Mühendisliği;f14c481e-0a81-ed11-8117-a0369f7d1486
2022;2;302010220;Afet ve Acil Durum Yönetimi Başkanlığı;Mühendis;Ankara;Lisans;4;;92.948;93.829;"4619;3162;3163;3166;3331;5139;8323";4619 - Aşağıdaki lisans programlarından birinden mezun olmak. | 3162 - Elektrik ve Elektronik Mühendisliği / Elektrik-Elektronik Mühendisliği | 3163 - Elektronik Mühendisliği | 3166 - Elektronik ve Haberleşme Mühendisliği | 3331 - Telekomünikasyon Mühendisliği | 5139 - Mikroelektronik Mühendisliği | 8323 - Haberleşme Mühendisliği;994c481e-0a81-ed11-8117-a0369f7d1486
2022;2;302012187;Gelir İdaresi Başkanlığı;Avukat;Balıkesir;Lisans;4;;92.94;95.95;"4419;3209;7205;7361";4419 - Aşağıdaki lisans programlarından birinden mezun olmak. | 3209 - Hukuk | 7205 - Avukatlık Ruhsatı Sahibi olmak. | 7361 - (Bakınız Başvurma Özel Şartları Bölümü Avukat).;034d481e-0a81-ed11-8117-a0369f7d1486
2022;2;302011039;Çevre, Şehircilik ve İklim Değişikliği Bakanlığı;Mühendis;Ardahan;Lisans;1;;92.92;92.92;"4669;3221";4669 - Aşağıdaki lisans programlarından birinden mezun olmak. | 3221 - İnşaat Mühendisliği;4051481e-0a81-ed11-8117-a0369f7d1486
2022;2;302012873;Malatya Büyükşehir Belediye Başkanlığı;Peyzaj Mimarı;Malatya;Lisans;1;;92.92;92.92;"4759;3282;3283;6283;9368";4759 - Aşağıdaki lisans programlarından birinden mezun olmak. | 3282 - Peyzaj Mimarisi ve Kentsel Tasarım | 3283 - Kentsel Tasarım ve Peyzaj Mimarisi / Kentsel Tasarım ve Peyzaj Mimarlığı | 6283 - Peyzaj Mimarlığı | 9368 - Peyzaj Mimarlığı ve Kentsel Tasarım;664f481e-0a81-ed11-8117-a0369f7d1486
2022;2;302011900;Elektrik Üretim A.Ş. Genel Müdürlüğü;Memur;Ankara;Lisans;1;;92.869;92.869;"4421;3159;3213;4386;5106;8208;9113;9221;4427;3158;9359;4429;3141;8312;4431;3226;3227;3381;5123;5143;8207;8208;8296;8334;9552;9584;4459;3254;4322;8225;4503;3237;3313;3314;4507;3115;3313;3315;3352;3353;4389;5116;5142;9506;9791";4421 - Aşağıdaki lisans programlarından birinden mezun olmak. | 3159 - Ekonomi | 3213 - İktisat | 4386 - Uluslararası Ekonomi | 5106 - Ekonomi-Yönetim Bilimleri Programları | 8208 - İş İdaresi ve İktisat | 9113 - Ekonomi Politik ve Toplum Felsefesi | 9221 - Ekonomi ve İdari Bilimler / Ekonomi ve İdari Bilimler Programları | 4427 - Aşağıdaki lisans programlarından birinden mezun olmak. | 3158 - Ekonometri | 9359 - Finansal Ekonometri | 4429 - Aşağıdaki lisans programlarından birinden mezun olmak. | 3141 - Çalışma Ekonomisi ve Endüstri İlişkileri | 8312 - Çalışma Ekonomisi | 4431 - Aşağıdaki lisans programlarından birinden mezun olmak. | 3226 - İşletme / İşletmecilik | 3227 - İşletme Bilgi Yönetimi | 3381 - Muhasebe ve Finansman | 5123 - Muhasebe ve Finansal Yönetim / Muhasebe ve Finans Yönetimi | 5143 - Yönetim Bilimleri / Yönetim Bilimleri Programları | 8207 - İş İdaresi | 8208 - İş İdaresi ve İktisat | 8296 - Yönetim ve Organizasyon | 8334 - Pazarlama | 9552 - İşletme-Maliye | 9584 - Yönetim Bilimleri ve Liderlik | 4459 - Aşağıdaki lisans programlarından birinden mezun olmak. | 3254 - Maliye | 4322 - Muhasebe ve Maliye | 8225 - Maliye-Muhasebe | 4503 - Aşağıdaki lisans programlarından birinden mezun olmak. | 3237 - Kamu Yönetimi | 3313 - Siyaset Bilimi | 3314 - Siyaset Bilimi ve Kamu Yönetimi | 4507 - Aşağıdaki lisans programlarından birinden mezun olmak. | 3115 - Avrupa Birliği İlişkileri | 3313 - Siyaset Bilimi | 3315 - Siyaset Bilimi ve Uluslararası İlişkiler | 3352 - Uluslararası İlişkiler | 3353 - Uluslararası İlişkiler ve Avrupa Birliği | 4389 - Uluslararası İlişkiler ve Avrupa Çalışmaları | 5116 - Küresel ve Uluslararası İlişkiler / Küresel Siyaset ve Uluslararası İlişkiler | 5142 - Toplumsal ve Siyasal Bilimler | 9506 - Uluslararası İlişkiler ve Deniz Güvenliği | 9791 - Uluslararası Çalışmalar;884c481e-0a81-ed11-8117-a0369f7d1486
2022;2;302011424;Devlet Demiryolları Taşımacılık A.Ş Genel Müdürlüğü;Mühendis;İstanbul;Lisans;1;;92.866;92.866;"4611;3160;3162;7300;7368";4611 - Aşağıdaki lisans programlarından birinden mezun olmak. | 3160 - Elektrik Mühendisliği | 3162 - Elektrik ve Elektronik Mühendisliği / Elektrik-Elektronik Mühendisliği | 7300 - Bu kadro/pozisyonda vardiya sistemi uygulanmaktadır. | 7368 - (Bakınız Başvurma Özel Şartları Bölümü T.C. Devlet Demiryolları Taşımacılık A.Ş. Genel Müdürlüğü);414e481e-0a81-ed11-8117-a0369f7d1486
2022;2;302012229;Gelir İdaresi Başkanlığı;Avukat;İzmir;Lisans;15;;92.855;95.296;"4419;3209;7205;7361";4419 - Aşağıdaki lisans programlarından birinden mezun olmak. | 3209 - Hukuk | 7205 - Avukatlık Ruhsatı Sahibi olmak. | 7361 - (Bakınız Başvurma Özel Şartları Bölümü Avukat).;c24e481e-0a81-ed11-8117-a0369f7d1486
2022;2;302013986;Tarım İşletmeleri Genel Müdürlüğü;Mühendis;Kırşehir;Lisans;1;;92.852;92.852;"4611;3160;3162";4611 - Aşağıdaki lisans programlarından birinden mezun olmak. | 3160 - Elektrik Mühendisliği | 3162 - Elektrik ve Elektronik Mühendisliği / Elektrik-Elektronik Mühendisliği;044f481e-0a81-ed11-8117-a0369f7d1486
2022;2;302014021;Tarım İşletmeleri Genel Müdürlüğü;Mühendis;Konya;Lisans;2;;92.849;92.9;"4669;3221";4669 - Aşağıdaki lisans programlarından birinden mezun olmak. | 3221 - İnşaat Mühendisliği;2f4f481e-0a81-ed11-8117-a0369f7d1486
2022;2;302010122;Afet ve Acil Durum Yönetimi Başkanlığı;Avukat;Ankara;Lisans;6;;92.843;94.962;"4419;3209;7205;7361";4419 - Aşağıdaki lisans programlarından birinden mezun olmak. | 3209 - Hukuk | 7205 - Avukatlık Ruhsatı Sahibi olmak. | 7361 - (Bakınız Başvurma Özel Şartları Bölümü Avukat).;a14c481e-0a81-ed11-8117-a0369f7d1486
2022;2;302013937;Tarım İşletmeleri Genel Müdürlüğü;Mühendis;Ankara;Lisans;1;;92.835;92.835;"4611;3160;3162";4611 - Aşağıdaki lisans programlarından birinden mezun olmak. | 3160 - Elektrik Mühendisliği | 3162 - Elektrik ve Elektronik Mühendisliği / Elektrik-Elektronik Mühendisliği;3b4c481e-0a81-ed11-8117-a0369f7d1486
2022;2;302012250;Gelir İdaresi Başkanlığı;Avukat;Konya;Lisans;5;;92.821;94.95;"4419;3209;7205;7361";4419 - Aşağıdaki lisans programlarından birinden mezun olmak. | 3209 - Hukuk | 7205 - Avukatlık Ruhsatı Sahibi olmak. | 7361 - (Bakınız Başvurma Özel Şartları Bölümü Avukat).;314f481e-0a81-ed11-8117-a0369f7d1486
2022;2;302015610;Van Yüzüncü Yıl Üniversitesi;Mühendis;Van;Lisans;1;;92.815;92.815;"4611;3160;3162";4611 - Aşağıdaki lisans programlarından birinden mezun olmak. | 3160 - Elektrik Mühendisliği | 3162 - Elektrik ve Elektronik Mühendisliği / Elektrik-Elektronik Mühendisliği;8e50481e-0a81-ed11-8117-a0369f7d1486
2022;2;302013475;T.C.Devlet Demiryolları İşletmesi Genel Müdürlüğü;Avukat;Sivas;Lisans;1;;92.765;92.765;"4419;3209;7205;7257;7327;7361";4419 - Aşağıdaki lisans programlarından birinden mezun olmak. | 3209 - Hukuk | 7205 - Avukatlık Ruhsatı Sahibi olmak. | 7257 - Seyahate ve Arazide Çalışmaya Elverişli olmak. | 7327 - (Bakınız Başvurma Özel Şartları Bölümü TCDD Genel Müdürlüğü). | 7361 - (Bakınız Başvurma Özel Şartları Bölümü Avukat).;1f50481e-0a81-ed11-8117-a0369f7d1486
2022;2;302014714;Türkiye Kömür İşletmeleri Kurumu Genel Müdürlüğü;Mühendis;Kütahya;Lisans;1;;92.753;92.753;"4669;3221;7247;7248;7257;7370";4669 - Aşağıdaki lisans programlarından birinden mezun olmak. | 3221 - İnşaat Mühendisliği | 7247 - Tehlikeli Ve Çok Tehlikeli İşlerde Çalışmasına Engel Bir Durumu Bulunmamak | 7248 - Vardiyalı Çalışmasına Engel Bir Durumu Bulunmamak | 7257 - Seyahate ve Arazide Çalışmaya Elverişli olmak. | 7370 - Bakınız: Başvurma Özel Şartları - Palandöken Belediye Başkanlığ;514f481e-0a81-ed11-8117-a0369f7d1486
2022;2;302012446;İskenderun Teknik Üniversitesi;Mühendis;Hatay;Lisans;1;;92.733;92.733;"4611;3160;3162";4611 - Aşağıdaki lisans programlarından birinden mezun olmak. | 3160 - Elektrik Mühendisliği | 3162 - Elektrik ve Elektronik Mühendisliği / Elektrik-Elektronik Mühendisliği;254e481e-0a81-ed11-8117-a0369f7d1486
2022;2;302015015;Türkiye Şeker Fabrikaları A.Ş. Genel Müdürlüğü;Mühendis;Burdur;Lisans;1;;92.713;92.713;"4611;3160;3162;7247;7248";4611 - Aşağıdaki lisans programlarından birinden mezun olmak. | 3160 - Elektrik Mühendisliği | 3162 - Elektrik ve Elektronik Mühendisliği / Elektrik-Elektronik Mühendisliği | 7247 - Tehlikeli Ve Çok Tehlikeli İşlerde Çalışmasına Engel Bir Durumu Bulunmamak | 7248 - Vardiyalı Çalışmasına Engel Bir Durumu Bulunmamak;384d481e-0a81-ed11-8117-a0369f7d1486
2022;2;302013076;Necmettin Erbakan Üniversitesi;Diyetisyen;Konya;Lisans;1;;92.71;92.71;"4797;3122";4797 - Aşağıdaki lisans programlarından birinden mezun olmak. | 3122 - Beslenme ve Diyetetik;344f481e-0a81-ed11-8117-a0369f7d1486
2022;2;302013468;T.C.Devlet Demiryolları İşletmesi Genel Müdürlüğü;Avukat;Malatya;Lisans;1;;92.708;92.708;"4419;3209;7205;7257;7327;7361";4419 - Aşağıdaki lisans programlarından birinden mezun olmak. | 3209 - Hukuk | 7205 - Avukatlık Ruhsatı Sahibi olmak. | 7257 - Seyahate ve Arazide Çalışmaya Elverişli olmak. | 7327 - (Bakınız Başvurma Özel Şartları Bölümü TCDD Genel Müdürlüğü). | 7361 - (Bakınız Başvurma Özel Şartları Bölümü Avukat).;5b4f481e-0a81-ed11-8117-a0369f7d1486
2022;2;302015071;Türkiye Şeker Fabrikaları A.Ş. Genel Müdürlüğü;Mühendis;Konya;Lisans;2;;92.682;93.551;"4611;3160;3162;7247;7248";4611 - Aşağıdaki lisans programlarından birinden mezun olmak. | 3160 - Elektrik Mühendisliği | 3162 - Elektrik ve Elektronik Mühendisliği / Elektrik-Elektronik Mühendisliği | 7247 - Tehlikeli Ve Çok Tehlikeli İşlerde Çalışmasına Engel Bir Durumu Bulunmamak | 7248 - Vardiyalı Çalışmasına Engel Bir Durumu Bulunmamak;214f481e-0a81-ed11-8117-a0369f7d1486
2022;2;302010360;Afet ve Acil Durum Yönetimi Başkanlığı;Mühendis;Hatay;Lisans;1;;92.674;92.674;"4689;3233;8324;9034;9572";4689 - Aşağıdaki lisans programlarından birinden mezun olmak. | 3233 - Jeodezi ve Fotogrametri Mühendisliği | 8324 - Harita Mühendisliği | 9034 - Geomatik Mühendisliği | 9572 - Jeodezi ve Haritacılık Mühendisliği;224e481e-0a81-ed11-8117-a0369f7d1486
2022;2;302011599;Devlet Hava Meydanları İşletmesi Genel Müdürlüğü;Mühendis;Ankara;Lisans;1;;92.628;92.628;"4531;3124;5103;5137;8141;8156;4533;5134;9343;7271;7273;7285;7322";4531 - Aşağıdaki lisans programlarından birinden mezun olmak. | 3124 - Bilgisayar Mühendisliği | 5103 - Bilişim Sistemleri Mühendisliği | 5137 - Bilgisayar Bilimi ve Mühendisliği / Bilgisayar Bilimleri Mühendisliği | 8141 - Kontrol ve Bilgisayar Mühendisliği | 8156 - Bilgisayar ve Enformatik Mühendisliği | 4533 - Aşağıdaki lisans programlarından birinden mezun olmak. | 5134 - Yazılım Mühendisliği | 9343 - Bilgisayar ve Yazılım Mühendisliği | 7271 - Java ve J2EE bildiğini belgelemek. | 7273 - SQL veya PL/SQL bildiğini belgelemek. | 7285 - MS Visual Studio.NET (ASP.NET, C#) platformunda WEB TABANLI yazılım geliştirmede en az iki yıl çalışmış olduğunu belgelemek. | 7322 - (Bakınız Başvurma Özel Şartları Bölümü Devlet Hava Meydanları İşletmesi Genel Müdürlüğü).;794c481e-0a81-ed11-8117-a0369f7d1486
2022;2;302014182;Ticaret Bakanlığı;Tüketici Hakem Heyeti Raportörü;Kayseri;Lisans;1;;92.628;92.628;"4421;3159;3213;4386;5106;8208;9113;9221;4427;3158;9359;4429;3141;8312;4431;3226;3227;3381;5123;5143;8207;8208;8296;8334;9552;9584;4459;3254;4322;8225";4421 - Aşağıdaki lisans programlarından birinden mezun olmak. | 3159 - Ekonomi | 3213 - İktisat | 4386 - Uluslararası Ekonomi | 5106 - Ekonomi-Yönetim Bilimleri Programları | 8208 - İş İdaresi ve İktisat | 9113 - Ekonomi Politik ve Toplum Felsefesi | 9221 - Ekonomi ve İdari Bilimler / Ekonomi ve İdari Bilimler Programları | 4427 - Aşağıdaki lisans programlarından birinden mezun olmak. | 3158 - Ekonometri | 9359 - Finansal Ekonometri | 4429 - Aşağıdaki lisans programlarından birinden mezun olmak. | 3141 - Çalışma Ekonomisi ve Endüstri İlişkileri | 8312 - Çalışma Ekonomisi | 4431 - Aşağıdaki lisans programlarından birinden mezun olmak. | 3226 - İşletme / İşletmecilik | 3227 - İşletme Bilgi Yönetimi | 3381 - Muhasebe ve Finansman | 5123 - Muhasebe ve Finansal Yönetim / Muhasebe ve Finans Yönetimi | 5143 - Yönetim Bilimleri / Yönetim Bilimleri Programları | 8207 - İş İdaresi | 8208 - İş İdaresi ve İktisat | 8296 - Yönetim ve Organizasyon | 8334 - Pazarlama | 9552 - İşletme-Maliye | 9584 - Yönetim Bilimleri ve Liderlik | 4459 - Aşağıdaki lisans programlarından birinden mezun olmak. | 3254 - Maliye | 4322 - Muhasebe ve Maliye | 8225 - Maliye-Muhasebe;e74e481e-0a81-ed11-8117-a0369f7d1486
2022;2;302015099;Türkiye Şeker Fabrikaları A.Ş. Genel Müdürlüğü;Mühendis;Uşak;Lisans;1;;92.6;92.6;"4611;3160;3162;7247;7248";4611 - Aşağıdaki lisans programlarından birinden mezun olmak. | 3160 - Elektrik Mühendisliği | 3162 - Elektrik ve Elektronik Mühendisliği / Elektrik-Elektronik Mühendisliği | 7247 - Tehlikeli Ve Çok Tehlikeli İşlerde Çalışmasına Engel Bir Durumu Bulunmamak | 7248 - Vardiyalı Çalışmasına Engel Bir Durumu Bulunmamak;8850481e-0a81-ed11-8117-a0369f7d1486
2022;2;302015155;Türkiye Taşkömürü Kurumu Genel Müdürlüğü;Mühendis;Zonguldak;Lisans;1;;92.555;92.555;"4561;4306;6241;9192;9226";4561 - Aşağıdaki lisans programlarından birinden mezun olmak. | 4306 - Kimya ve Proses Mühendisliği | 6241 - Kimya Mühendisliği | 9192 - Kimya ve Süreç Mühendisliği | 9226 - Kimya Mühendisliği ve Uygulamalı Kimya;cc50481e-0a81-ed11-8117-a0369f7d1486
2022;2;302014049;Tarım İşletmeleri Genel Müdürlüğü;Mühendis;Şanlıurfa;Lisans;3;;92.549;92.648;"4669;3221";4669 - Aşağıdaki lisans programlarından birinden mezun olmak. | 3221 - İnşaat Mühendisliği;7d50481e-0a81-ed11-8117-a0369f7d1486
2022;2;302012425;İklim Değişikliği Başkanlığı;Memur;Ankara;Lisans;1;;92.523;92.523;"4001;6225";4001 - Herhangi bir lisans programından mezun olmak. | 6225 - M.E.B.'Dan Onaylı Bilgisayar İşletmeni Sertifikası Sahibi olmak.;914c481e-0a81-ed11-8117-a0369f7d1486
2022;2;302013090;Niğde Ömer Halisdemir Üniversitesi;Mühendis;Niğde;Lisans;1;;92.481;92.481;"4619;3162;3163;3166;3331;5139;8323";4619 - Aşağıdaki lisans programlarından birinden mezun olmak. | 3162 - Elektrik ve Elektronik Mühendisliği / Elektrik-Elektronik Mühendisliği | 3163 - Elektronik Mühendisliği | 3166 - Elektronik ve Haberleşme Mühendisliği | 3331 - Telekomünikasyon Mühendisliği | 5139 - Mikroelektronik Mühendisliği | 8323 - Haberleşme Mühendisliği;bb4f481e-0a81-ed11-8117-a0369f7d1486
2022;2;302012180;Gelir İdaresi Başkanlığı;Avukat;Antalya;Lisans;6;;92.464;94.67;"4419;3209;7205;7361";4419 - Aşağıdaki lisans programlarından birinden mezun olmak. | 3209 - Hukuk | 7205 - Avukatlık Ruhsatı Sahibi olmak. | 7361 - (Bakınız Başvurma Özel Şartları Bölümü Avukat).;e74c481e-0a81-ed11-8117-a0369f7d1486
2022;2;302012600;Karayolları Genel Müdürlüğü;Avukat;Trabzon;Lisans;1;;92.45;92.45;"4419;3209;7205;7257;7361";4419 - Aşağıdaki lisans programlarından birinden mezun olmak. | 3209 - Hukuk | 7205 - Avukatlık Ruhsatı Sahibi olmak. | 7257 - Seyahate ve Arazide Çalışmaya Elverişli olmak. | 7361 - (Bakınız Başvurma Özel Şartları Bölümü Avukat).;6350481e-0a81-ed11-8117-a0369f7d1486
2022;2;302014007;Tarım İşletmeleri Genel Müdürlüğü;Mühendis;Konya;Lisans;1;;92.45;92.45;"4611;3160;3162";4611 - Aşağıdaki lisans programlarından birinden mezun olmak. | 3160 - Elektrik Mühendisliği | 3162 - Elektrik ve Elektronik Mühendisliği / Elektrik-Elektronik Mühendisliği;2d4f481e-0a81-ed11-8117-a0369f7d1486
2022;2;302012264;Gelir İdaresi Başkanlığı;Avukat;Muğla;Lisans;2;;92.436;92.747;"4419;3209;7205;7361";4419 - Aşağıdaki lisans programlarından birinden mezun olmak. | 3209 - Hukuk | 7205 - Avukatlık Ruhsatı Sahibi olmak. | 7361 - (Bakınız Başvurma Özel Şartları Bölümü Avukat).;944f481e-0a81-ed11-8117-a0369f7d1486
2022;2;302014574;Türkiye İnsan Hakları ve Eşitlik Kurumu;Memur;Ankara;Lisans;1;;92.422;92.422;"4001;6225";4001 - Herhangi bir lisans programından mezun olmak. | 6225 - M.E.B.'Dan Onaylı Bilgisayar İşletmeni Sertifikası Sahibi olmak.;494c481e-0a81-ed11-8117-a0369f7d1486
2022;2;302012593;Karayolları Genel Müdürlüğü;Avukat;İstanbul;Lisans;2;;92.382;95.024;"4419;3209;7205;7257;7361";4419 - Aşağıdaki lisans programlarından birinden mezun olmak. | 3209 - Hukuk | 7205 - Avukatlık Ruhsatı Sahibi olmak. | 7257 - Seyahate ve Arazide Çalışmaya Elverişli olmak. | 7361 - (Bakınız Başvurma Özel Şartları Bölümü Avukat).;604e481e-0a81-ed11-8117-a0369f7d1486
2022;2;302012831;Malatya Büyükşehir Belediye Başkanlığı;Mühendis;Malatya;Lisans;2;;92.38;92.934;"4531;3124;5103;5137;8141;8156";4531 - Aşağıdaki lisans programlarından birinden mezun olmak. | 3124 - Bilgisayar Mühendisliği | 5103 - Bilişim Sistemleri Mühendisliği | 5137 - Bilgisayar Bilimi ve Mühendisliği / Bilgisayar Bilimleri Mühendisliği | 8141 - Kontrol ve Bilgisayar Mühendisliği | 8156 - Bilgisayar ve Enformatik Mühendisliği;604f481e-0a81-ed11-8117-a0369f7d1486
2022;2;302012082;Eti Maden İşletmeleri Genel Müdürlüğü;Mühendis;Ankara;Lisans;2;;92.35;94.268;"4531;3124;5103;5137;8141;8156";4531 - Aşağıdaki lisans programlarından birinden mezun olmak. | 3124 - Bilgisayar Mühendisliği | 5103 - Bilişim Sistemleri Mühendisliği | 5137 - Bilgisayar Bilimi ve Mühendisliği / Bilgisayar Bilimleri Mühendisliği | 8141 - Kontrol ve Bilgisayar Mühendisliği | 8156 - Bilgisayar ve Enformatik Mühendisliği;8a4c481e-0a81-ed11-8117-a0369f7d1486
2022;2;302011032;Çevre, Şehircilik ve İklim Değişikliği Bakanlığı;Mühendis;Ardahan;Lisans;1;;92.345;92.345;"4611;3160;3162";4611 - Aşağıdaki lisans programlarından birinden mezun olmak. | 3160 - Elektrik Mühendisliği | 3162 - Elektrik ve Elektronik Mühendisliği / Elektrik-Elektronik Mühendisliği;3f51481e-0a81-ed11-8117-a0369f7d1486
2022;2;302012236;Gelir İdaresi Başkanlığı;Avukat;Kahramanmaraş;Lisans;2;;92.334;93.079;"4419;3209;7205;7361";4419 - Aşağıdaki lisans programlarından birinden mezun olmak. | 3209 - Hukuk | 7205 - Avukatlık Ruhsatı Sahibi olmak. | 7361 - (Bakınız Başvurma Özel Şartları Bölümü Avukat).;7e4f481e-0a81-ed11-8117-a0369f7d1486
2022;2;302012740;Kilis 7 Aralık Üniversitesi;Mühendis;Kilis;Lisans;1;;92.311;92.311;"4669;3221";4669 - Aşağıdaki lisans programlarından birinden mezun olmak. | 3221 - İnşaat Mühendisliği;6551481e-0a81-ed11-8117-a0369f7d1486
2022;2;302013993;Tarım İşletmeleri Genel Müdürlüğü;Mühendis;Konya;Lisans;2;;92.311;92.749;"4611;3160;3162";4611 - Aşağıdaki lisans programlarından birinden mezun olmak. | 3160 - Elektrik Mühendisliği | 3162 - Elektrik ve Elektronik Mühendisliği / Elektrik-Elektronik Mühendisliği;2b4f481e-0a81-ed11-8117-a0369f7d1486
2022;2;302011473;Devlet Hava Meydanları İşletmesi Genel Müdürlüğü;Apron Memuru;Çanakkale;Lisans;1;;92.289;92.289;"4493;3312;8325;9345;9370;9428;9534;6506;7302;7321;7322";4493 - Aşağıdaki lisans programlarından birinden mezun olmak. | 3312 - Sivil Hava Ulaştırma İşletmeciliği | 8325 - Havacılık | 9345 - Havacılık İşletmeciliği | 9370 - Sivil Hava İşletmeciliği | 9428 - Havacılık Yönetimi | 9534 - Sivil Havacılık İşletmeciliği | 6506 - B sınıfı sürücü belgesine sahip olmak | 7302 - Bakınız Başvurma Özel Şartları Bölümü Şoför | 7321 - (Bakınız Başvurma Özel Şartları Bölümü Zabıt Katibi). | 7322 - (Bakınız Başvurma Özel Şartları Bölümü Devlet Hava Meydanları İşletmesi Genel Müdürlüğü).;524d481e-0a81-ed11-8117-a0369f7d1486
2022;2;302014518;Türkiye Elektrik Dağıtım A.Ş. Genel Müdürlüğü;Avukat;Van;Lisans;1;;92.263;92.263;"4419;3209;7205;7257;7361";4419 - Aşağıdaki lisans programlarından birinden mezun olmak. | 3209 - Hukuk | 7205 - Avukatlık Ruhsatı Sahibi olmak. | 7257 - Seyahate ve Arazide Çalışmaya Elverişli olmak. | 7361 - (Bakınız Başvurma Özel Şartları Bölümü Avukat).;9050481e-0a81-ed11-8117-a0369f7d1486
2022;2;302010780;Aydın Adnan Menderes Üniversitesi;Mühendis;Aydın;Lisans;1;;92.19;92.19;"4639;3252;4314;4315;9441";4639 - Aşağıdaki lisans programlarından birinden mezun olmak. | 3252 - Makine Mühendisliği | 4314 - Makine ve İmalat Mühendisliği | 4315 - Makine ve Üretim Mühendisliği | 9441 - Makine ve Malzeme Mühendisliği;fe4c481e-0a81-ed11-8117-a0369f7d1486
2022;2;302015127;Türkiye Taşkömürü Kurumu Genel Müdürlüğü;Avukat;Zonguldak;Lisans;3;;92.178;94.633;"4419;3209;7205;7361";4419 - Aşağıdaki lisans programlarından birinden mezun olmak. | 3209 - Hukuk | 7205 - Avukatlık Ruhsatı Sahibi olmak. | 7361 - (Bakınız Başvurma Özel Şartları Bölümü Avukat).;c850481e-0a81-ed11-8117-a0369f7d1486
2022;2;302010913;Bursa Teknik Üniversitesi;Psikolog;Bursa;Lisans;1;;92.175;92.175;"4131;3286";4131 - Aşağıdaki lisans programlarından birinden mezun olmak. | 3286 - Psikoloji;414d481e-0a81-ed11-8117-a0369f7d1486
2022;2;302013944;Tarım İşletmeleri Genel Müdürlüğü;Mühendis;Ankara;Lisans;1;;92.17;92.17;"4799;3191;9310";4799 - Aşağıdaki lisans programlarından birinden mezun olmak. | 3191 - Gıda Mühendisliği | 9310 - Gıda İşleme Mühendisliği;3c4c481e-0a81-ed11-8117-a0369f7d1486
2022;2;302014511;Türkiye Elektrik Dağıtım A.Ş. Genel Müdürlüğü;Avukat;Kahramanmaraş;Lisans;1;;92.142;92.142;"4419;3209;7205;7257;7361";4419 - Aşağıdaki lisans programlarından birinden mezun olmak. | 3209 - Hukuk | 7205 - Avukatlık Ruhsatı Sahibi olmak. | 7257 - Seyahate ve Arazide Çalışmaya Elverişli olmak. | 7361 - (Bakınız Başvurma Özel Şartları Bölümü Avukat).;884f481e-0a81-ed11-8117-a0369f7d1486
2022;2;302010507;Afet ve Acil Durum Yönetimi Başkanlığı;Veri Hazırlama ve Kontrol İşletmeni;Ankara;Lisans;6;;92.124;94.786;4001;4001 - Herhangi bir lisans programından mezun olmak.;604c481e-0a81-ed11-8117-a0369f7d1486
2022;2;302012215;Gelir İdaresi Başkanlığı;Avukat;Gaziantep;Lisans;6;;92.122;95.738;"4419;3209;7205;7361";4419 - Aşağıdaki lisans programlarından birinden mezun olmak. | 3209 - Hukuk | 7205 - Avukatlık Ruhsatı Sahibi olmak. | 7361 - (Bakınız Başvurma Özel Şartları Bölümü Avukat).;e44d481e-0a81-ed11-8117-a0369f7d1486
2022;2;302012208;Gelir İdaresi Başkanlığı;Avukat;Erzurum;Lisans;2;;92.102;93.333;"4419;3209;7205;7361";4419 - Aşağıdaki lisans programlarından birinden mezun olmak. | 3209 - Hukuk | 7205 - Avukatlık Ruhsatı Sahibi olmak. | 7361 - (Bakınız Başvurma Özel Şartları Bölümü Avukat).;ba4d481e-0a81-ed11-8117-a0369f7d1486
2022;2;302010458;Afet ve Acil Durum Yönetimi Başkanlığı;Şehir Plancısı;Çanakkale;Lisans;1;;92.082;92.082;"4757;3322";4757 - Aşağıdaki lisans programlarından birinden mezun olmak. | 3322 - Şehir ve Bölge Planlama;4f4d481e-0a81-ed11-8117-a0369f7d1486
2022;2;302013132;Pamukkale Üniversitesi;Avukat;Denizli;Lisans;1;;92.042;92.042;"4419;3209;7205;7207";4419 - Aşağıdaki lisans programlarından birinden mezun olmak. | 3209 - Hukuk | 7205 - Avukatlık Ruhsatı Sahibi olmak. | 7207 - Avukatlık Ruhsatı Aldıktan Sonra Serbest Olarak En Az İki Yıl Mesleği İle İlgili Çalışmış olmak.;6f4d481e-0a81-ed11-8117-a0369f7d1486
2022;2;302014028;Tarım İşletmeleri Genel Müdürlüğü;Mühendis;Sivas;Lisans;1;;92.015;92.015;"4611;3160;3162";4611 - Aşağıdaki lisans programlarından birinden mezun olmak. | 3160 - Elektrik Mühendisliği | 3162 - Elektrik ve Elektronik Mühendisliği / Elektrik-Elektronik Mühendisliği;2450481e-0a81-ed11-8117-a0369f7d1486
2022;2;302014847;Türkiye Raylı Sistem Araçları Sanayii Anonim Şirketi;Mühendis;Eskişehir;Lisans;10;;92.005;95.981;"4639;3252;4314;4315;9441";4639 - Aşağıdaki lisans programlarından birinden mezun olmak. | 3252 - Makine Mühendisliği | 4314 - Makine ve İmalat Mühendisliği | 4315 - Makine ve Üretim Mühendisliği | 9441 - Makine ve Malzeme Mühendisliği;c54d481e-0a81-ed11-8117-a0369f7d1486
2022;2;302010227;Afet ve Acil Durum Yönetimi Başkanlığı;Mühendis;Ankara;Lisans;5;;91.955;92.662;"4639;3252;4314;4315;9441";4639 - Aşağıdaki lisans programlarından birinden mezun olmak. | 3252 - Makine Mühendisliği | 4314 - Makine ve İmalat Mühendisliği | 4315 - Makine ve Üretim Mühendisliği | 9441 - Makine ve Malzeme Mühendisliği;9a4c481e-0a81-ed11-8117-a0369f7d1486
2022;2;302012124;Fırat Üniversitesi;Avukat;Elazığ;Lisans;1;;91.935;91.935;"4419;3209;7205;7361";4419 - Aşağıdaki lisans programlarından birinden mezun olmak. | 3209 - Hukuk | 7205 - Avukatlık Ruhsatı Sahibi olmak. | 7361 - (Bakınız Başvurma Özel Şartları Bölümü Avukat).;964d481e-0a81-ed11-8117-a0369f7d1486
2022;2;302012348;Harran Üniversitesi;Mühendis;Şanlıurfa;Lisans;1;;91.935;91.935;"4611;3160;3162";4611 - Aşağıdaki lisans programlarından birinden mezun olmak. | 3160 - Elektrik Mühendisliği | 3162 - Elektrik ve Elektronik Mühendisliği / Elektrik-Elektronik Mühendisliği;7f50481e-0a81-ed11-8117-a0369f7d1486
2022;2;302011081;Çevre, Şehircilik ve İklim Değişikliği Bakanlığı;Şehir Plancısı;Erzincan;Lisans;1;;91.884;91.884;"4757;3322";4757 - Aşağıdaki lisans programlarından birinden mezun olmak. | 3322 - Şehir ve Bölge Planlama;a24d481e-0a81-ed11-8117-a0369f7d1486
2022;2;302014504;Türkiye Elektrik Dağıtım A.Ş. Genel Müdürlüğü;Avukat;Erzurum;Lisans;1;;91.858;91.858;"4419;3209;7205;7257;7361";4419 - Aşağıdaki lisans programlarından birinden mezun olmak. | 3209 - Hukuk | 7205 - Avukatlık Ruhsatı Sahibi olmak. | 7257 - Seyahate ve Arazide Çalışmaya Elverişli olmak. | 7361 - (Bakınız Başvurma Özel Şartları Bölümü Avukat).;c04d481e-0a81-ed11-8117-a0369f7d1486
2022;2;302011522;Devlet Hava Meydanları İşletmesi Genel Müdürlüğü;Apron Memuru;Sinop;Lisans;2;;91.847;91.864;"4493;3312;8325;9345;9370;9428;9534;6506;7302;7321;7322";4493 - Aşağıdaki lisans programlarından birinden mezun olmak. | 3312 - Sivil Hava Ulaştırma İşletmeciliği | 8325 - Havacılık | 9345 - Havacılık İşletmeciliği | 9370 - Sivil Hava İşletmeciliği | 9428 - Havacılık Yönetimi | 9534 - Sivil Havacılık İşletmeciliği | 6506 - B sınıfı sürücü belgesine sahip olmak | 7302 - Bakınız Başvurma Özel Şartları Bölümü Şoför | 7321 - (Bakınız Başvurma Özel Şartları Bölümü Zabıt Katibi). | 7322 - (Bakınız Başvurma Özel Şartları Bölümü Devlet Hava Meydanları İşletmesi Genel Müdürlüğü).;0d50481e-0a81-ed11-8117-a0369f7d1486
2022;2;302014686;Türkiye Kömür İşletmeleri Kurumu Genel Müdürlüğü;Mühendis;Kütahya;Lisans;1;;91.824;91.824;"4611;3160;3162;7247;7248;7257";4611 - Aşağıdaki lisans programlarından birinden mezun olmak. | 3160 - Elektrik Mühendisliği | 3162 - Elektrik ve Elektronik Mühendisliği / Elektrik-Elektronik Mühendisliği | 7247 - Tehlikeli Ve Çok Tehlikeli İşlerde Çalışmasına Engel Bir Durumu Bulunmamak | 7248 - Vardiyalı Çalışmasına Engel Bir Durumu Bulunmamak | 7257 - Seyahate ve Arazide Çalışmaya Elverişli olmak.;4d4f481e-0a81-ed11-8117-a0369f7d1486
2022;2;302014833;Türkiye Raylı Sistem Araçları Sanayii Anonim Şirketi;Mühendis;Ankara;Lisans;4;;91.773;95.774;"4703;3168;3311;5114;5132;5140;8318;9321";4703 - Aşağıdaki lisans programlarından birinden mezun olmak. | 3168 - Endüstri Mühendisliği | 3311 - Sistem Mühendisliği | 5114 - İmalat Mühendisliği | 5132 - Üretim Mühendisliği | 5140 - Üretim Sistemleri Mühendisliği | 8318 - Endüstri Sistemleri Mühendisliği | 9321 - Endüstri ve Sistem Mühendisliği;d34c481e-0a81-ed11-8117-a0369f7d1486
2022;2;302015239;Türkiye Uzay Ajansı;Matematikçi;Ankara;Lisans;2;;91.771;93.118;"4517;4395;5107;6256;4527;3256;3258;8228;8230;8277";4517 - Aşağıdaki lisans programlarından birinden mezun olmak. | 4395 - Uygulamalı Matematik | 5107 - Finans Matematiği | 6256 - Matematik | 4527 - Aşağıdaki lisans programlarından birinden mezun olmak. | 3256 - Matematik ve Bilgisayar Bilimleri | 3258 - Matematik ve Bilgisayar / Matematik-Bilgisayar | 8228 - Matematik ve İnformatik / Matematik-İnformatik | 8230 - Matematik-Bilgisayar Programcılığı | 8277 - Uygulamalı Matematik ve Bilgisayar;dc4c481e-0a81-ed11-8117-a0369f7d1486
2022;2;302013972;Tarım İşletmeleri Genel Müdürlüğü;Mühendis;Iğdır;Lisans;1;;91.751;91.751;"4611;3160;3162";4611 - Aşağıdaki lisans programlarından birinden mezun olmak. | 3160 - Elektrik Mühendisliği | 3162 - Elektrik ve Elektronik Mühendisliği / Elektrik-Elektronik Mühendisliği;4251481e-0a81-ed11-8117-a0369f7d1486
2022;2;302011865;Dokuz Eylül Üniversitesi;Avukat;İzmir;Lisans;1;;91.745;91.745;"4419;3209;7205;7207";4419 - Aşağıdaki lisans programlarından birinden mezun olmak. | 3209 - Hukuk | 7205 - Avukatlık Ruhsatı Sahibi olmak. | 7207 - Avukatlık Ruhsatı Aldıktan Sonra Serbest Olarak En Az İki Yıl Mesleği İle İlgili Çalışmış olmak.;c44e481e-0a81-ed11-8117-a0369f7d1486
2022;2;302015078;Türkiye Şeker Fabrikaları A.Ş. Genel Müdürlüğü;Mühendis;Konya;Lisans;1;;91.743;91.743;"4611;3160;3162;7247;7248";4611 - Aşağıdaki lisans programlarından birinden mezun olmak. | 3160 - Elektrik Mühendisliği | 3162 - Elektrik ve Elektronik Mühendisliği / Elektrik-Elektronik Mühendisliği | 7247 - Tehlikeli Ve Çok Tehlikeli İşlerde Çalışmasına Engel Bir Durumu Bulunmamak | 7248 - Vardiyalı Çalışmasına Engel Bir Durumu Bulunmamak;224f481e-0a81-ed11-8117-a0369f7d1486
2022;2;302013335;Sivas İl Özel İdaresi;Veri Hazırlama ve Kontrol İşletmeni;Sivas;Lisans;1;;91.717;91.717;"4001;6225";4001 - Herhangi bir lisans programından mezun olmak. | 6225 - M.E.B.'Dan Onaylı Bilgisayar İşletmeni Sertifikası Sahibi olmak.;1d50481e-0a81-ed11-8117-a0369f7d1486
2022;2;302010682;Ankara Yıldırım Beyazıt Üniversitesi;Memur;Ankara;Lisans;5;;91.677;92.634;4001;4001 - Herhangi bir lisans programından mezun olmak.;6c4c481e-0a81-ed11-8117-a0369f7d1486
2022;2;302014966;Türkiye Şeker Fabrikaları A.Ş. Genel Müdürlüğü;Mühendis;Ağrı;Lisans;1;;91.677;91.677;"4611;3160;3162;7247;7248";4611 - Aşağıdaki lisans programlarından birinden mezun olmak. | 3160 - Elektrik Mühendisliği | 3162 - Elektrik ve Elektronik Mühendisliği / Elektrik-Elektronik Mühendisliği | 7247 - Tehlikeli Ve Çok Tehlikeli İşlerde Çalışmasına Engel Bir Durumu Bulunmamak | 7248 - Vardiyalı Çalışmasına Engel Bir Durumu Bulunmamak;284c481e-0a81-ed11-8117-a0369f7d1486
2022;2;302013258;Sivas Bilim ve Teknoloji Üniversitesi;Mühendis;Sivas;Lisans;1;;91.626;91.626;"4639;3252;4314;4315;9441";4639 - Aşağıdaki lisans programlarından birinden mezun olmak. | 3252 - Makine Mühendisliği | 4314 - Makine ve İmalat Mühendisliği | 4315 - Makine ve Üretim Mühendisliği | 9441 - Makine ve Malzeme Mühendisliği;1250481e-0a81-ed11-8117-a0369f7d1486
2022;2;302014609;Türkiye Kömür İşletmeleri Kurumu Genel Müdürlüğü;Avukat;Kütahya;Lisans;1;;91.614;91.614;"4419;3209;7205;7361;7370";4419 - Aşağıdaki lisans programlarından birinden mezun olmak. | 3209 - Hukuk | 7205 - Avukatlık Ruhsatı Sahibi olmak. | 7361 - (Bakınız Başvurma Özel Şartları Bölümü Avukat). | 7370 - Bakınız: Başvurma Özel Şartları - Palandöken Belediye Başkanlığ;4c4f481e-0a81-ed11-8117-a0369f7d1486
2022;2;302013286;Sivas İl Özel İdaresi;Veri Hazırlama ve Kontrol İşletmeni;Sivas;Lisans;1;;91.581;91.581;"4001;6225";4001 - Herhangi bir lisans programından mezun olmak. | 6225 - M.E.B.'Dan Onaylı Bilgisayar İşletmeni Sertifikası Sahibi olmak.;1650481e-0a81-ed11-8117-a0369f7d1486
2022;2;302012292;Gümüşhane Üniversitesi;Avukat;Gümüşhane;Lisans;1;;91.572;91.572;"4419;3209;7205;7361";4419 - Aşağıdaki lisans programlarından birinden mezun olmak. | 3209 - Hukuk | 7205 - Avukatlık Ruhsatı Sahibi olmak. | 7361 - (Bakınız Başvurma Özel Şartları Bölümü Avukat).;054e481e-0a81-ed11-8117-a0369f7d1486
2022;2;302014931;Türkiye Şeker Fabrikaları A.Ş. Genel Müdürlüğü;Memur;Konya;Lisans;1;;91.57;91.57;"4421;3159;3213;4386;5106;8208;9113;9221;4431;3226;3227;3381;5123;5143;8207;8208;8296;8334;9552;9584;4441;4367;4453;3268;3269;3381;4322;5123;9115;9262;9308;4459;3254;4322;8225;4465;3117;3118;4294;6119;9371;9463;9988;4503;3237;3313;3314;7248";4421 - Aşağıdaki lisans programlarından birinden mezun olmak. | 3159 - Ekonomi | 3213 - İktisat | 4386 - Uluslararası Ekonomi | 5106 - Ekonomi-Yönetim Bilimleri Programları | 8208 - İş İdaresi ve İktisat | 9113 - Ekonomi Politik ve Toplum Felsefesi | 9221 - Ekonomi ve İdari Bilimler / Ekonomi ve İdari Bilimler Programları | 4431 - Aşağıdaki lisans programlarından birinden mezun olmak. | 3226 - İşletme / İşletmecilik | 3227 - İşletme Bilgi Yönetimi | 3381 - Muhasebe ve Finansman | 5123 - Muhasebe ve Finansal Yönetim / Muhasebe ve Finans Yönetimi | 5143 - Yönetim Bilimleri / Yönetim Bilimleri Programları | 8207 - İş İdaresi | 8208 - İş İdaresi ve İktisat | 8296 - Yönetim ve Organizasyon | 8334 - Pazarlama | 9552 - İşletme-Maliye | 9584 - Yönetim Bilimleri ve Liderlik | 4441 - Aşağıdaki lisans programlarından birinden mezun olmak. | 4367 - Ticaret Ekonomisi | 4453 - Aşağıdaki lisans programlarından birinden mezun olmak. | 3268 - Muhasebe | 3269 - Muhasebe Bilgi Sistemleri | 3381 - Muhasebe ve Finansman | 4322 - Muhasebe ve Maliye | 5123 - Muhasebe ve Finansal Yönetim / Muhasebe ve Finans Yönetimi | 9115 - Muhasebe ve Denetim | 9262 - Finans ve Muhasebe | 9308 - İşletme-Muhasebe ve Denetim | 4459 - Aşağıdaki lisans programlarından birinden mezun olmak. | 3254 - Maliye | 4322 - Muhasebe ve Maliye | 8225 - Maliye-Muhasebe | 4465 - Aşağıdaki lisans programlarından birinden mezun olmak. | 3117 - Bankacılık | 3118 - Bankacılık Finans | 4294 - İşletme Ekonomisi | 6119 - Bankacılık ve Finans / Bankacılık ve Finansman | 9371 - Finans ve Bankacılık | 9463 - İşletme Ekonomisi ve Finans | 9988 - Bankacılık ve Finans | 4503 - Aşağıdaki lisans programlarından birinden mezun olmak. | 3237 - Kamu Yönetimi | 3313 - Siyaset Bilimi | 3314 - Siyaset Bilimi ve Kamu Yönetimi | 7248 - Vardiyalı Çalışmasına Engel Bir Durumu Bulunmamak;244f481e-0a81-ed11-8117-a0369f7d1486
2022;2;302011438;Devlet Demiryolları Taşımacılık A.Ş Genel Müdürlüğü;Mühendis;İstanbul;Lisans;1;;91.558;91.558;"4703;3168;3311;5114;5132;5140;8318;9321;7300;7368";4703 - Aşağıdaki lisans programlarından birinden mezun olmak. | 3168 - Endüstri Mühendisliği | 3311 - Sistem Mühendisliği | 5114 - İmalat Mühendisliği | 5132 - Üretim Mühendisliği | 5140 - Üretim Sistemleri Mühendisliği | 8318 - Endüstri Sistemleri Mühendisliği | 9321 - Endüstri ve Sistem Mühendisliği | 7300 - Bu kadro/pozisyonda vardiya sistemi uygulanmaktadır. | 7368 - (Bakınız Başvurma Özel Şartları Bölümü T.C. Devlet Demiryolları Taşımacılık A.Ş. Genel Müdürlüğü);434e481e-0a81-ed11-8117-a0369f7d1486
2022;2;302013034;Muş Alparslan Üniversitesi;Avukat;Muş;Lisans;1;;91.55;91.55;"4419;3209;7205;7361";4419 - Aşağıdaki lisans programlarından birinden mezun olmak. | 3209 - Hukuk | 7205 - Avukatlık Ruhsatı Sahibi olmak. | 7361 - (Bakınız Başvurma Özel Şartları Bölümü Avukat).;a54f481e-0a81-ed11-8117-a0369f7d1486
2022;2;302012495;İstanbul Teknik Üniversitesi;Mühendis;İstanbul;Lisans;1;;91.544;91.544;"4689;3233;8324;9034;9572";4689 - Aşağıdaki lisans programlarından birinden mezun olmak. | 3233 - Jeodezi ve Fotogrametri Mühendisliği | 8324 - Harita Mühendisliği | 9034 - Geomatik Mühendisliği | 9572 - Jeodezi ve Haritacılık Mühendisliği;4e4e481e-0a81-ed11-8117-a0369f7d1486
2022;2;302011417;Devlet Demiryolları Taşımacılık A.Ş Genel Müdürlüğü;Mühendis;Ankara;Lisans;1;;91.473;91.473;"4703;3168;3311;5114;5132;5140;8318;9321;7300;7368";4703 - Aşağıdaki lisans programlarından birinden mezun olmak. | 3168 - Endüstri Mühendisliği | 3311 - Sistem Mühendisliği | 5114 - İmalat Mühendisliği | 5132 - Üretim Mühendisliği | 5140 - Üretim Sistemleri Mühendisliği | 8318 - Endüstri Sistemleri Mühendisliği | 9321 - Endüstri ve Sistem Mühendisliği | 7300 - Bu kadro/pozisyonda vardiya sistemi uygulanmaktadır. | 7368 - (Bakınız Başvurma Özel Şartları Bölümü T.C. Devlet Demiryolları Taşımacılık A.Ş. Genel Müdürlüğü);804c481e-0a81-ed11-8117-a0369f7d1486
2022;2;302010486;Afet ve Acil Durum Yönetimi Başkanlığı;Şehir Plancısı;Mersin;Lisans;1;;91.451;91.451;"4757;3322";4757 - Aşağıdaki lisans programlarından birinden mezun olmak. | 3322 - Şehir ve Bölge Planlama;3b4e481e-0a81-ed11-8117-a0369f7d1486
2022;2;302010311;Afet ve Acil Durum Yönetimi Başkanlığı;Mühendis;Çankırı;Lisans;1;;91.445;91.445;"4689;3233;8324;9034;9572";4689 - Aşağıdaki lisans programlarından birinden mezun olmak. | 3233 - Jeodezi ve Fotogrametri Mühendisliği | 8324 - Harita Mühendisliği | 9034 - Geomatik Mühendisliği | 9572 - Jeodezi ve Haritacılık Mühendisliği;614d481e-0a81-ed11-8117-a0369f7d1486
2022;2;302012684;Kırklareli Üniversitesi;Diyetisyen;Kırklareli;Lisans;1;;91.445;91.445;"4797;3122";4797 - Aşağıdaki lisans programlarından birinden mezun olmak. | 3122 - Beslenme ve Diyetetik;004f481e-0a81-ed11-8117-a0369f7d1486
2022;2;302012509;İstanbul Üniversitesi- Cerrahpaşa;Bilgisayar İşletmeni;İstanbul;Lisans;1;;91.431;91.431;"4001;6225";4001 - Herhangi bir lisans programından mezun olmak. | 6225 - M.E.B.'Dan Onaylı Bilgisayar İşletmeni Sertifikası Sahibi olmak.;504e481e-0a81-ed11-8117-a0369f7d1486
2022;2;302014784;Türkiye Raylı Sistem Araçları Sanayii Anonim Şirketi;Memur;Eskişehir;Lisans;4;;91.431;93.337;"4421;3159;3213;4386;5106;8208;9113;9221;4431;3226;3227;3381;5123;5143;8207;8208;8296;8334;9552;9584;4503;3237;3313;3314";4421 - Aşağıdaki lisans programlarından birinden mezun olmak. | 3159 - Ekonomi | 3213 - İktisat | 4386 - Uluslararası Ekonomi | 5106 - Ekonomi-Yönetim Bilimleri Programları | 8208 - İş İdaresi ve İktisat | 9113 - Ekonomi Politik ve Toplum Felsefesi | 9221 - Ekonomi ve İdari Bilimler / Ekonomi ve İdari Bilimler Programları | 4431 - Aşağıdaki lisans programlarından birinden mezun olmak. | 3226 - İşletme / İşletmecilik | 3227 - İşletme Bilgi Yönetimi | 3381 - Muhasebe ve Finansman | 5123 - Muhasebe ve Finansal Yönetim / Muhasebe ve Finans Yönetimi | 5143 - Yönetim Bilimleri / Yönetim Bilimleri Programları | 8207 - İş İdaresi | 8208 - İş İdaresi ve İktisat | 8296 - Yönetim ve Organizasyon | 8334 - Pazarlama | 9552 - İşletme-Maliye | 9584 - Yönetim Bilimleri ve Liderlik | 4503 - Aşağıdaki lisans programlarından birinden mezun olmak. | 3237 - Kamu Yönetimi | 3313 - Siyaset Bilimi | 3314 - Siyaset Bilimi ve Kamu Yönetimi;c74d481e-0a81-ed11-8117-a0369f7d1486
2022;2;302014581;Türkiye İnsan Hakları ve Eşitlik Kurumu;Mütercim;Ankara;Lisans;1;;91.425;91.425;"4083;1400;1402;1420;3272;8202;8242;8290;9236;9511;9585;7107";4083 - Aşağıdaki lisans programlarından birinden mezun olmak. | 1400 - İngilizce Mütercim ve Tercümanlık | 1402 - İngilizce, Fransızca Mütercim ve Tercümanlık | 1420 - Çeviribilimi (İngilizce) | 3272 - Mütercim Tercümanlık / Mütercim-Tercümanlık | 8202 - Çeviribilim (İngilizce) / Çeviribilim | 8242 - Mütercim-Tercümanlık (İng-Fra-Türkçe) | 8290 - Mütercim-Tercümanlık (İngilizce) | 9236 - Mütercim-Tercümanlık (Türkçe-Almanca-İngilizce) | 9511 - Mütercim Tercümanlık (İngilizce/Fransızca) | 9585 - Mütercim-Tercümanlık (Türkiye Türkçesi-İngilizce) | 7107 - Son 5 Yıl İçerisinde KPDS/YDS A Seviyesinde İngilizce Bilmek.;4a4c481e-0a81-ed11-8117-a0369f7d1486
2022;2;302015001;Türkiye Şeker Fabrikaları A.Ş. Genel Müdürlüğü;Mühendis;Ankara;Lisans;3;;91.314;91.668;"4639;3252;4314;4315;9441;7247;7248";4639 - Aşağıdaki lisans programlarından birinden mezun olmak. | 3252 - Makine Mühendisliği | 4314 - Makine ve İmalat Mühendisliği | 4315 - Makine ve Üretim Mühendisliği | 9441 - Makine ve Malzeme Mühendisliği | 7247 - Tehlikeli Ve Çok Tehlikeli İşlerde Çalışmasına Engel Bir Durumu Bulunmamak | 7248 - Vardiyalı Çalışmasına Engel Bir Durumu Bulunmamak;cf4c481e-0a81-ed11-8117-a0369f7d1486
2022;2;302012068;Et ve Süt Kurumu Genel Müdürlüğü;Mühendis;Ankara;Lisans;1;;91.312;91.312;"4531;3124;5103;5137;8141;8156";4531 - Aşağıdaki lisans programlarından birinden mezun olmak. | 3124 - Bilgisayar Mühendisliği | 5103 - Bilişim Sistemleri Mühendisliği | 5137 - Bilgisayar Bilimi ve Mühendisliği / Bilgisayar Bilimleri Mühendisliği | 8141 - Kontrol ve Bilgisayar Mühendisliği | 8156 - Bilgisayar ve Enformatik Mühendisliği;8f4c481e-0a81-ed11-8117-a0369f7d1486
2022;2;302013951;Tarım İşletmeleri Genel Müdürlüğü;Mühendis;Bursa;Lisans;1;;91.269;91.269;"4639;3252;4314;4315;9441";4639 - Aşağıdaki lisans programlarından birinden mezun olmak. | 3252 - Makine Mühendisliği | 4314 - Makine ve İmalat Mühendisliği | 4315 - Makine ve Üretim Mühendisliği | 9441 - Makine ve Malzeme Mühendisliği;3c4d481e-0a81-ed11-8117-a0369f7d1486
2022;2;302015281;Türkiye Yazma Eserler Kurumu Başkanlığı;Bilgisayar İşletmeni;Erzurum;Lisans;1;;91.267;91.267;"4001;6225";4001 - Herhangi bir lisans programından mezun olmak. | 6225 - M.E.B.'Dan Onaylı Bilgisayar İşletmeni Sertifikası Sahibi olmak.;c14d481e-0a81-ed11-8117-a0369f7d1486
2022;2;302011515;Devlet Hava Meydanları İşletmesi Genel Müdürlüğü;Apron Memuru;Nevşehir;Lisans;1;;91.257;91.257;"4493;3312;8325;9345;9370;9428;9534;6506;7302;7321;7322";4493 - Aşağıdaki lisans programlarından birinden mezun olmak. | 3312 - Sivil Hava Ulaştırma İşletmeciliği | 8325 - Havacılık | 9345 - Havacılık İşletmeciliği | 9370 - Sivil Hava İşletmeciliği | 9428 - Havacılık Yönetimi | 9534 - Sivil Havacılık İşletmeciliği | 6506 - B sınıfı sürücü belgesine sahip olmak | 7302 - Bakınız Başvurma Özel Şartları Bölümü Şoför | 7321 - (Bakınız Başvurma Özel Şartları Bölümü Zabıt Katibi). | 7322 - (Bakınız Başvurma Özel Şartları Bölümü Devlet Hava Meydanları İşletmesi Genel Müdürlüğü).;ac4f481e-0a81-ed11-8117-a0369f7d1486
2022;2;302011144;Darülaceze Başkanlığı;Diyetisyen;İstanbul;Lisans;1;;91.249;91.249;"4797;3122";4797 - Aşağıdaki lisans programlarından birinden mezun olmak. | 3122 - Beslenme ve Diyetetik;584e481e-0a81-ed11-8117-a0369f7d1486
2022;2;302015274;Türkiye Yazma Eserler Kurumu Başkanlığı;Bilgisayar İşletmeni;Çorum;Lisans;1;;91.221;91.221;"4001;6225";4001 - Herhangi bir lisans programından mezun olmak. | 6225 - M.E.B.'Dan Onaylı Bilgisayar İşletmeni Sertifikası Sahibi olmak.;6d4d481e-0a81-ed11-8117-a0369f7d1486
2022;2;302015162;Türkiye Taşkömürü Kurumu Genel Müdürlüğü;Mühendis;Zonguldak;Lisans;2;;91.179;91.255;"4611;3160;3162";4611 - Aşağıdaki lisans programlarından birinden mezun olmak. | 3160 - Elektrik Mühendisliği | 3162 - Elektrik ve Elektronik Mühendisliği / Elektrik-Elektronik Mühendisliği;cd50481e-0a81-ed11-8117-a0369f7d1486
2022;2;302014189;Ticaret Bakanlığı;Tüketici Hakem Heyeti Raportörü;Kocaeli;Lisans;1;;91.167;91.167;"4419;3209";4419 - Aşağıdaki lisans programlarından birinden mezun olmak. | 3209 - Hukuk;1a4f481e-0a81-ed11-8117-a0369f7d1486
2022;2;302013188;Sayıştay Başkanlığı;Veri Hazırlama ve Kontrol İşletmeni;Ankara;Lisans;4;;91.15;91.781;"4001;6225";4001 - Herhangi bir lisans programından mezun olmak. | 6225 - M.E.B.'Dan Onaylı Bilgisayar İşletmeni Sertifikası Sahibi olmak.;594c481e-0a81-ed11-8117-a0369f7d1486
2022;2;302014035;Tarım İşletmeleri Genel Müdürlüğü;Mühendis;Şanlıurfa;Lisans;6;;91.134;92.589;"4611;3160;3162";4611 - Aşağıdaki lisans programlarından birinden mezun olmak. | 3160 - Elektrik Mühendisliği | 3162 - Elektrik ve Elektronik Mühendisliği / Elektrik-Elektronik Mühendisliği;7b50481e-0a81-ed11-8117-a0369f7d1486
2022;2;302011060;Çevre, Şehircilik ve İklim Değişikliği Bakanlığı;Mühendis;Zonguldak;Lisans;1;;91.122;91.122;"4677;3142";4677 - Aşağıdaki lisans programlarından birinden mezun olmak. | 3142 - Çevre Mühendisliği;ef50481e-0a81-ed11-8117-a0369f7d1486
2022;2;302014595;Türkiye İnsan Hakları ve Eşitlik Kurumu;Sosyal Hizmet Uzmanı;Ankara;Lisans;1;;91.068;91.068;"4177;6318;9403;7257";4177 - Aşağıdaki lisans programlarından birinden mezun olmak. | 6318 - Sosyal Hizmetler / Sosyal Hizmet | 9403 - Sosyal Çalışmalar | 7257 - Seyahate ve Arazide Çalışmaya Elverişli olmak.;4c4c481e-0a81-ed11-8117-a0369f7d1486
2022;2;302014077;Tekirdağ Namık Kemal Üniversitesi;Diyetisyen;Tekirdağ;Lisans;1;;91.057;91.057;"4797;3122";4797 - Aşağıdaki lisans programlarından birinden mezun olmak. | 3122 - Beslenme ve Diyetetik;4550481e-0a81-ed11-8117-a0369f7d1486
2022;2;302010388;Afet ve Acil Durum Yönetimi Başkanlığı;Mühendis;Kırşehir;Lisans;1;;91.009;91.009;"4703;3168;3311;5114;5132;5140;8318;9321";4703 - Aşağıdaki lisans programlarından birinden mezun olmak. | 3168 - Endüstri Mühendisliği | 3311 - Sistem Mühendisliği | 5114 - İmalat Mühendisliği | 5132 - Üretim Mühendisliği | 5140 - Üretim Sistemleri Mühendisliği | 8318 - Endüstri Sistemleri Mühendisliği | 9321 - Endüstri ve Sistem Mühendisliği;034f481e-0a81-ed11-8117-a0369f7d1486
2022;2;302014070;Tekirdağ Namık Kemal Üniversitesi;Avukat;Tekirdağ;Lisans;1;;90.969;90.969;"4419;3209;7205;7207;7257";4419 - Aşağıdaki lisans programlarından birinden mezun olmak. | 3209 - Hukuk | 7205 - Avukatlık Ruhsatı Sahibi olmak. | 7207 - Avukatlık Ruhsatı Aldıktan Sonra Serbest Olarak En Az İki Yıl Mesleği İle İlgili Çalışmış olmak. | 7257 - Seyahate ve Arazide Çalışmaya Elverişli olmak.;4450481e-0a81-ed11-8117-a0369f7d1486
2022;2;302010647;Ankara Üniversitesi;Çözümleyici;Ankara;Lisans;1;;90.963;90.963;"4517;4395;5107;6256;4531;3124;5103;5137;8141;8156;4547;3182;4611;3160;3162;7113;7263";4517 - Aşağıdaki lisans programlarından birinden mezun olmak. | 4395 - Uygulamalı Matematik | 5107 - Finans Matematiği | 6256 - Matematik | 4531 - Aşağıdaki lisans programlarından birinden mezun olmak. | 3124 - Bilgisayar Mühendisliği | 5103 - Bilişim Sistemleri Mühendisliği | 5137 - Bilgisayar Bilimi ve Mühendisliği / Bilgisayar Bilimleri Mühendisliği | 8141 - Kontrol ve Bilgisayar Mühendisliği | 8156 - Bilgisayar ve Enformatik Mühendisliği | 4547 - Aşağıdaki lisans programlarından birinden mezun olmak. | 3182 - Fizik | 4611 - Aşağıdaki lisans programlarından birinden mezun olmak. | 3160 - Elektrik Mühendisliği | 3162 - Elektrik ve Elektronik Mühendisliği / Elektrik-Elektronik Mühendisliği | 7113 - Son 5 Yıl İçerisinde KPDS/YDS En Az D Seviyesinde İngilizce Bilmek. | 7263 - En Az İki Yüksek Düzeyli Programlama Dilini Bildiğini Belgelemek.;674c481e-0a81-ed11-8117-a0369f7d1486
2022;2;302012775;M.S.B Akaryakıt İkmal ve Nato Pol Tesisleri İşletme Başkanlığı;Memur;Malatya;Lisans;1;;90.892;90.892;"4421;3159;3213;4386;5106;8208;9113;9221;4429;3141;8312;4431;3226;3227;3381;5123;5143;8207;8208;8296;8334;9552;9584;4459;3254;4322;8225;4503;3237;3313;3314";4421 - Aşağıdaki lisans programlarından birinden mezun olmak. | 3159 - Ekonomi | 3213 - İktisat | 4386 - Uluslararası Ekonomi | 5106 - Ekonomi-Yönetim Bilimleri Programları | 8208 - İş İdaresi ve İktisat | 9113 - Ekonomi Politik ve Toplum Felsefesi | 9221 - Ekonomi ve İdari Bilimler / Ekonomi ve İdari Bilimler Programları | 4429 - Aşağıdaki lisans programlarından birinden mezun olmak. | 3141 - Çalışma Ekonomisi ve Endüstri İlişkileri | 8312 - Çalışma Ekonomisi | 4431 - Aşağıdaki lisans programlarından birinden mezun olmak. | 3226 - İşletme / İşletmecilik | 3227 - İşletme Bilgi Yönetimi | 3381 - Muhasebe ve Finansman | 5123 - Muhasebe ve Finansal Yönetim / Muhasebe ve Finans Yönetimi | 5143 - Yönetim Bilimleri / Yönetim Bilimleri Programları | 8207 - İş İdaresi | 8208 - İş İdaresi ve İktisat | 8296 - Yönetim ve Organizasyon | 8334 - Pazarlama | 9552 - İşletme-Maliye | 9584 - Yönetim Bilimleri ve Liderlik | 4459 - Aşağıdaki lisans programlarından birinden mezun olmak. | 3254 - Maliye | 4322 - Muhasebe ve Maliye | 8225 - Maliye-Muhasebe | 4503 - Aşağıdaki lisans programlarından birinden mezun olmak. | 3237 - Kamu Yönetimi | 3313 - Siyaset Bilimi | 3314 - Siyaset Bilimi ve Kamu Yönetimi;5c4f481e-0a81-ed11-8117-a0369f7d1486
2022;2;302012033;Esenler Belediye Başkanlığı;Mühendis;İstanbul;Lisans;1;;90.848;90.848;"4703;3168;3311;5114;5132;5140;8318;9321";4703 - Aşağıdaki lisans programlarından birinden mezun olmak. | 3168 - Endüstri Mühendisliği | 3311 - Sistem Mühendisliği | 5114 - İmalat Mühendisliği | 5132 - Üretim Mühendisliği | 5140 - Üretim Sistemleri Mühendisliği | 8318 - Endüstri Sistemleri Mühendisliği | 9321 - Endüstri ve Sistem Mühendisliği;454e481e-0a81-ed11-8117-a0369f7d1486
2022;2;302013230;Sinop Üniversitesi;Bilgisayar İşletmeni;Sinop;Lisans;1;;90.842;90.842;"4001;6225";4001 - Herhangi bir lisans programından mezun olmak. | 6225 - M.E.B.'Dan Onaylı Bilgisayar İşletmeni Sertifikası Sahibi olmak.;0850481e-0a81-ed11-8117-a0369f7d1486
2022;2;302015050;Türkiye Şeker Fabrikaları A.Ş. Genel Müdürlüğü;Mühendis;Kastamonu;Lisans;1;;90.842;90.842;"4561;4306;6241;9192;9226;7247;7248";4561 - Aşağıdaki lisans programlarından birinden mezun olmak. | 4306 - Kimya ve Proses Mühendisliği | 6241 - Kimya Mühendisliği | 9192 - Kimya ve Süreç Mühendisliği | 9226 - Kimya Mühendisliği ve Uygulamalı Kimya | 7247 - Tehlikeli Ve Çok Tehlikeli İşlerde Çalışmasına Engel Bir Durumu Bulunmamak | 7248 - Vardiyalı Çalışmasına Engel Bir Durumu Bulunmamak;e14e481e-0a81-ed11-8117-a0369f7d1486
2022;2;302013321;Sivas İl Özel İdaresi;Veri Hazırlama ve Kontrol İşletmeni;Sivas;Lisans;6;;90.838;92.138;"4001;6225";4001 - Herhangi bir lisans programından mezun olmak. | 6225 - M.E.B.'Dan Onaylı Bilgisayar İşletmeni Sertifikası Sahibi olmak.;1b50481e-0a81-ed11-8117-a0369f7d1486
2022;2;302014175;Ticaret Bakanlığı;Tüketici Hakem Heyeti Raportörü;İzmir;Lisans;1;;90.814;90.814;"4419;3209";4419 - Aşağıdaki lisans programlarından birinden mezun olmak. | 3209 - Hukuk;ba4e481e-0a81-ed11-8117-a0369f7d1486
2022;2;302011137;Darphane ve Damga Matbaası Genel Müdürlüğü;Mühendis;İstanbul;Lisans;1;;90.81;90.81;"4703;3168;3311;5114;5132;5140;8318;9321";4703 - Aşağıdaki lisans programlarından birinden mezun olmak. | 3168 - Endüstri Mühendisliği | 3311 - Sistem Mühendisliği | 5114 - İmalat Mühendisliği | 5132 - Üretim Mühendisliği | 5140 - Üretim Sistemleri Mühendisliği | 8318 - Endüstri Sistemleri Mühendisliği | 9321 - Endüstri ve Sistem Mühendisliği;574e481e-0a81-ed11-8117-a0369f7d1486
2022;2;302013342;Sivas İl Özel İdaresi;Veri Hazırlama ve Kontrol İşletmeni;Sivas;Lisans;1;;90.771;90.771;"4001;6225";4001 - Herhangi bir lisans programından mezun olmak. | 6225 - M.E.B.'Dan Onaylı Bilgisayar İşletmeni Sertifikası Sahibi olmak.;1e50481e-0a81-ed11-8117-a0369f7d1486
2022;2;302013202;Selçuk Üniversitesi;Veri Hazırlama ve Kontrol İşletmeni;Konya;Lisans;7;;90.754;91.804;"4001;6225";4001 - Herhangi bir lisans programından mezun olmak. | 6225 - M.E.B.'Dan Onaylı Bilgisayar İşletmeni Sertifikası Sahibi olmak.;354f481e-0a81-ed11-8117-a0369f7d1486
2022;2;302011970;Elektrik Üretim A.Ş. Genel Müdürlüğü;Mühendis;Mersin;Lisans;1;;90.721;90.721;"4639;3252;4314;4315;9441";4639 - Aşağıdaki lisans programlarından birinden mezun olmak. | 3252 - Makine Mühendisliği | 4314 - Makine ve İmalat Mühendisliği | 4315 - Makine ve Üretim Mühendisliği | 9441 - Makine ve Malzeme Mühendisliği;3d4e481e-0a81-ed11-8117-a0369f7d1486
2022;2;302013307;Sivas İl Özel İdaresi;Veri Hazırlama ve Kontrol İşletmeni;Sivas;Lisans;1;;90.717;90.717;"4001;6225";4001 - Herhangi bir lisans programından mezun olmak. | 6225 - M.E.B.'Dan Onaylı Bilgisayar İşletmeni Sertifikası Sahibi olmak.;1950481e-0a81-ed11-8117-a0369f7d1486
2022;2;302014917;Türkiye Şeker Fabrikaları A.Ş. Genel Müdürlüğü;Memur;Eskişehir;Lisans;2;;90.709;91.338;"4426;5105;6229;4429;3141;8312;4431;3226;3227;3381;5123;5143;8207;8208;8296;8334;9552;9584;4502;8328;9318;4503;3237;3313;3314;7248";4426 - Aşağıdaki lisans programlarından birinden mezun olmak. | 5105 - Ekonomi ve Finans | 6229 - İşletme-Ekonomi / İşletme-İktisat | 4429 - Aşağıdaki lisans programlarından birinden mezun olmak. | 3141 - Çalışma Ekonomisi ve Endüstri İlişkileri | 8312 - Çalışma Ekonomisi | 4431 - Aşağıdaki lisans programlarından birinden mezun olmak. | 3226 - İşletme / İşletmecilik | 3227 - İşletme Bilgi Yönetimi | 3381 - Muhasebe ve Finansman | 5123 - Muhasebe ve Finansal Yönetim / Muhasebe ve Finans Yönetimi | 5143 - Yönetim Bilimleri / Yönetim Bilimleri Programları | 8207 - İş İdaresi | 8208 - İş İdaresi ve İktisat | 8296 - Yönetim ve Organizasyon | 8334 - Pazarlama | 9552 - İşletme-Maliye | 9584 - Yönetim Bilimleri ve Liderlik | 4502 - Aşağıdaki lisans programlarından birinden mezun olmak. | 8328 - İnsan Kaynakları Yönetimi | 9318 - İnsan Kaynakları | 4503 - Aşağıdaki lisans programlarından birinden mezun olmak. | 3237 - Kamu Yönetimi | 3313 - Siyaset Bilimi | 3314 - Siyaset Bilimi ve Kamu Yönetimi | 7248 - Vardiyalı Çalışmasına Engel Bir Durumu Bulunmamak;c34d481e-0a81-ed11-8117-a0369f7d1486
2022;2;302010325;Afet ve Acil Durum Yönetimi Başkanlığı;Mühendis;Elazığ;Lisans;1;;90.697;90.697;"4689;3233;8324;9034;9572";4689 - Aşağıdaki lisans programlarından birinden mezun olmak. | 3233 - Jeodezi ve Fotogrametri Mühendisliği | 8324 - Harita Mühendisliği | 9034 - Geomatik Mühendisliği | 9572 - Jeodezi ve Haritacılık Mühendisliği;954d481e-0a81-ed11-8117-a0369f7d1486
2022;2;302012761;Kocaeli Üniversitesi;Psikolog;Kocaeli;Lisans;1;;90.671;90.671;"4131;3286";4131 - Aşağıdaki lisans programlarından birinden mezun olmak. | 3286 - Psikoloji;174f481e-0a81-ed11-8117-a0369f7d1486
2022;2;302010185;Afet ve Acil Durum Yönetimi Başkanlığı;Mühendis;Ağrı;Lisans;1;;90.666;90.666;"4689;3233;8324;9034;9572";4689 - Aşağıdaki lisans programlarından birinden mezun olmak. | 3233 - Jeodezi ve Fotogrametri Mühendisliği | 8324 - Harita Mühendisliği | 9034 - Geomatik Mühendisliği | 9572 - Jeodezi ve Haritacılık Mühendisliği;194c481e-0a81-ed11-8117-a0369f7d1486
2022;2;302013965;Tarım İşletmeleri Genel Müdürlüğü;Mühendis;Bursa;Lisans;1;;90.661;90.661;"4799;3191;9310";4799 - Aşağıdaki lisans programlarından birinden mezun olmak. | 3191 - Gıda Mühendisliği | 9310 - Gıda İşleme Mühendisliği;3e4d481e-0a81-ed11-8117-a0369f7d1486
2022;2;302015197;Türkiye Taşkömürü Kurumu Genel Müdürlüğü;Mühendis;Zonguldak;Lisans;6;;90.661;91.026;"4611;3160;3162;7300";4611 - Aşağıdaki lisans programlarından birinden mezun olmak. | 3160 - Elektrik Mühendisliği | 3162 - Elektrik ve Elektronik Mühendisliği / Elektrik-Elektronik Mühendisliği | 7300 - Bu kadro/pozisyonda vardiya sistemi uygulanmaktadır.;d250481e-0a81-ed11-8117-a0369f7d1486
2022;2;302014455;Trabzon Üniversitesi;Memur;Trabzon;Lisans;1;;90.646;90.646;"4431;3226;3227;3381;5123;5143;8207;8208;8296;8334;9552;9584";4431 - Aşağıdaki lisans programlarından birinden mezun olmak. | 3226 - İşletme / İşletmecilik | 3227 - İşletme Bilgi Yönetimi | 3381 - Muhasebe ve Finansman | 5123 - Muhasebe ve Finansal Yönetim / Muhasebe ve Finans Yönetimi | 5143 - Yönetim Bilimleri / Yönetim Bilimleri Programları | 8207 - İş İdaresi | 8208 - İş İdaresi ve İktisat | 8296 - Yönetim ve Organizasyon | 8334 - Pazarlama | 9552 - İşletme-Maliye | 9584 - Yönetim Bilimleri ve Liderlik;6050481e-0a81-ed11-8117-a0369f7d1486
2022;2;302013293;Sivas İl Özel İdaresi;Veri Hazırlama ve Kontrol İşletmeni;Sivas;Lisans;1;;90.624;90.624;"4001;6225";4001 - Herhangi bir lisans programından mezun olmak. | 6225 - M.E.B.'Dan Onaylı Bilgisayar İşletmeni Sertifikası Sahibi olmak.;1750481e-0a81-ed11-8117-a0369f7d1486
2022;2;302011095;Çevre, Şehircilik ve İklim Değişikliği Bakanlığı;Şehir Plancısı;Karabük;Lisans;1;;90.612;90.612;"4757;3322";4757 - Aşağıdaki lisans programlarından birinden mezun olmak. | 3322 - Şehir ve Bölge Planlama;5d51481e-0a81-ed11-8117-a0369f7d1486
2022;2;302013083;Nevşehir Hacı Bektaş Veli Üniversitesi;Bilgisayar İşletmeni;Nevşehir;Lisans;7;;90.604;94.913;"4001;6225";4001 - Herhangi bir lisans programından mezun olmak. | 6225 - M.E.B.'Dan Onaylı Bilgisayar İşletmeni Sertifikası Sahibi olmak.;ab4f481e-0a81-ed11-8117-a0369f7d1486
2022;2;302014693;Türkiye Kömür İşletmeleri Kurumu Genel Müdürlüğü;Mühendis;Kütahya;Lisans;3;;90.564;90.739;"4611;3160;3162;7247;7248;7257;7370";4611 - Aşağıdaki lisans programlarından birinden mezun olmak. | 3160 - Elektrik Mühendisliği | 3162 - Elektrik ve Elektronik Mühendisliği / Elektrik-Elektronik Mühendisliği | 7247 - Tehlikeli Ve Çok Tehlikeli İşlerde Çalışmasına Engel Bir Durumu Bulunmamak | 7248 - Vardiyalı Çalışmasına Engel Bir Durumu Bulunmamak | 7257 - Seyahate ve Arazide Çalışmaya Elverişli olmak. | 7370 - Bakınız: Başvurma Özel Şartları - Palandöken Belediye Başkanlığ;4e4f481e-0a81-ed11-8117-a0369f7d1486
2022;2;302013237;Sinop Üniversitesi;Bilgisayar İşletmeni;Sinop;Lisans;1;;90.544;90.544;"4001;6225";4001 - Herhangi bir lisans programından mezun olmak. | 6225 - M.E.B.'Dan Onaylı Bilgisayar İşletmeni Sertifikası Sahibi olmak.;0950481e-0a81-ed11-8117-a0369f7d1486
2022;2;302012768;Konya Teknik Üniversitesi;Avukat;Konya;Lisans;1;;90.499;90.499;"4419;3209;7205;7207";4419 - Aşağıdaki lisans programlarından birinden mezun olmak. | 3209 - Hukuk | 7205 - Avukatlık Ruhsatı Sahibi olmak. | 7207 - Avukatlık Ruhsatı Aldıktan Sonra Serbest Olarak En Az İki Yıl Mesleği İle İlgili Çalışmış olmak.;324f481e-0a81-ed11-8117-a0369f7d1486
2022;2;302013398;Şehitkamil Belediye Başkanlığı;Şehir Plancısı;Gaziantep;Lisans;1;;90.465;90.465;"4757;3322;7257";4757 - Aşağıdaki lisans programlarından birinden mezun olmak. | 3322 - Şehir ve Bölge Planlama | 7257 - Seyahate ve Arazide Çalışmaya Elverişli olmak.;ed4d481e-0a81-ed11-8117-a0369f7d1486
2022;2;302010465;Afet ve Acil Durum Yönetimi Başkanlığı;Şehir Plancısı;Çorum;Lisans;1;;90.457;90.457;"4757;3322";4757 - Aşağıdaki lisans programlarından birinden mezun olmak. | 3322 - Şehir ve Bölge Planlama;6a4d481e-0a81-ed11-8117-a0369f7d1486
2022;2;302013412;Şırnak Üniversitesi;Bilgisayar İşletmeni;Şırnak;Lisans;3;;90.433;92.62;"4001;6225";4001 - Herhangi bir lisans programından mezun olmak. | 6225 - M.E.B.'Dan Onaylı Bilgisayar İşletmeni Sertifikası Sahibi olmak.;2451481e-0a81-ed11-8117-a0369f7d1486
2022;2;302012383;Iğdır Üniversitesi;Diyetisyen;Iğdır;Lisans;1;;90.403;90.403;"4797;3122";4797 - Aşağıdaki lisans programlarından birinden mezun olmak. | 3122 - Beslenme ve Diyetetik;4751481e-0a81-ed11-8117-a0369f7d1486
2022;2;302014812;Türkiye Raylı Sistem Araçları Sanayii Anonim Şirketi;Mühendis;Ankara;Lisans;2;;90.394;90.933;"4531;3124;5103;5137;8141;8156";4531 - Aşağıdaki lisans programlarından birinden mezun olmak. | 3124 - Bilgisayar Mühendisliği | 5103 - Bilişim Sistemleri Mühendisliği | 5137 - Bilgisayar Bilimi ve Mühendisliği / Bilgisayar Bilimleri Mühendisliği | 8141 - Kontrol ve Bilgisayar Mühendisliği | 8156 - Bilgisayar ve Enformatik Mühendisliği;d04c481e-0a81-ed11-8117-a0369f7d1486
2022;2;302012866;Malatya Büyükşehir Belediye Başkanlığı;Mühendis;Malatya;Lisans;2;;90.38;90.838;"4689;3233;8324;9034;9572;7257";4689 - Aşağıdaki lisans programlarından birinden mezun olmak. | 3233 - Jeodezi ve Fotogrametri Mühendisliği | 8324 - Harita Mühendisliği | 9034 - Geomatik Mühendisliği | 9572 - Jeodezi ve Haritacılık Mühendisliği | 7257 - Seyahate ve Arazide Çalışmaya Elverişli olmak.;654f481e-0a81-ed11-8117-a0369f7d1486
2022;2;302014749;Türkiye Kömür İşletmeleri Kurumu Genel Müdürlüğü;Mühendis;Kütahya;Lisans;1;;90.369;90.369;"4689;3233;8324;9034;9572;7247;7248;7257;7370";4689 - Aşağıdaki lisans programlarından birinden mezun olmak. | 3233 - Jeodezi ve Fotogrametri Mühendisliği | 8324 - Harita Mühendisliği | 9034 - Geomatik Mühendisliği | 9572 - Jeodezi ve Haritacılık Mühendisliği | 7247 - Tehlikeli Ve Çok Tehlikeli İşlerde Çalışmasına Engel Bir Durumu Bulunmamak | 7248 - Vardiyalı Çalışmasına Engel Bir Durumu Bulunmamak | 7257 - Seyahate ve Arazide Çalışmaya Elverişli olmak. | 7370 - Bakınız: Başvurma Özel Şartları - Palandöken Belediye Başkanlığ;564f481e-0a81-ed11-8117-a0369f7d1486
2022;2;302014014;Tarım İşletmeleri Genel Müdürlüğü;Mühendis;Konya;Lisans;2;;90.348;93.373;"4639;3252;4314;4315;9441";4639 - Aşağıdaki lisans programlarından birinden mezun olmak. | 3252 - Makine Mühendisliği | 4314 - Makine ve İmalat Mühendisliği | 4315 - Makine ve Üretim Mühendisliği | 9441 - Makine ve Malzeme Mühendisliği;2e4f481e-0a81-ed11-8117-a0369f7d1486
2022;2;302012222;Gelir İdaresi Başkanlığı;Avukat;İstanbul;Lisans;95;;90.346;95.129;"4419;3209;7205;7361";4419 - Aşağıdaki lisans programlarından birinden mezun olmak. | 3209 - Hukuk | 7205 - Avukatlık Ruhsatı Sahibi olmak. | 7361 - (Bakınız Başvurma Özel Şartları Bölümü Avukat).;474e481e-0a81-ed11-8117-a0369f7d1486
2022;2;302013377;Şehitkamil Belediye Başkanlığı;Mühendis;Gaziantep;Lisans;1;;90.34;90.34;"4689;3233;8324;9034;9572;7257";4689 - Aşağıdaki lisans programlarından birinden mezun olmak. | 3233 - Jeodezi ve Fotogrametri Mühendisliği | 8324 - Harita Mühendisliği | 9034 - Geomatik Mühendisliği | 9572 - Jeodezi ve Haritacılık Mühendisliği | 7257 - Seyahate ve Arazide Çalışmaya Elverişli olmak.;ea4d481e-0a81-ed11-8117-a0369f7d1486
2022;2;302013300;Sivas İl Özel İdaresi;Veri Hazırlama ve Kontrol İşletmeni;Sivas;Lisans;1;;90.338;90.338;"4001;6225";4001 - Herhangi bir lisans programından mezun olmak. | 6225 - M.E.B.'Dan Onaylı Bilgisayar İşletmeni Sertifikası Sahibi olmak.;1850481e-0a81-ed11-8117-a0369f7d1486
2022;2;302015407;Ulaştırma ve Altyapı Bakanlığı;Denizcilik Sörvey Mühendisi;İstanbul;Lisans;1;;90.324;90.324;"4736;3189;8322;7111;7337";4736 - Aşağıdaki lisans programlarından birinden mezun olmak. | 3189 - Gemi İnşaatı Mühendisliği | 8322 - Gemi İnşaat ve Gemi Makineleri Mühendisliği / Gemi İnşaatı ve Gemi Makineleri Mühendisliği | 7111 - Son 5 Yıl İçerisinde KPDS/YDS En Az C Seviyesinde İngilizce Bilmek. | 7337 - (Bakınız Başvurma Özel Şartları Bölümü Gemi Sörvey Kurulu Uzmanı).;934e481e-0a81-ed11-8117-a0369f7d1486
2022;2;302014994;Türkiye Şeker Fabrikaları A.Ş. Genel Müdürlüğü;Mühendis;Ankara;Lisans;1;;90.29;90.29;"4639;3252;4314;4315;9441;7163;7247;7248";4639 - Aşağıdaki lisans programlarından birinden mezun olmak. | 3252 - Makine Mühendisliği | 4314 - Makine ve İmalat Mühendisliği | 4315 - Makine ve Üretim Mühendisliği | 9441 - Makine ve Malzeme Mühendisliği | 7163 - C Sınıfı İş Güvenliği Uzmanı belgesine sahip olmak. | 7247 - Tehlikeli Ve Çok Tehlikeli İşlerde Çalışmasına Engel Bir Durumu Bulunmamak | 7248 - Vardiyalı Çalışmasına Engel Bir Durumu Bulunmamak;ce4c481e-0a81-ed11-8117-a0369f7d1486
2022;2;302013314;Sivas İl Özel İdaresi;Veri Hazırlama ve Kontrol İşletmeni;Sivas;Lisans;1;;90.276;90.276;"4001;6225";4001 - Herhangi bir lisans programından mezun olmak. | 6225 - M.E.B.'Dan Onaylı Bilgisayar İşletmeni Sertifikası Sahibi olmak.;1a50481e-0a81-ed11-8117-a0369f7d1486
2022;2;302012439;İklim Değişikliği Başkanlığı;Mühendis;Ankara;Lisans;1;;90.261;90.261;"4531;3124;5103;5137;8141;8156;4533;5134;9343";4531 - Aşağıdaki lisans programlarından birinden mezun olmak. | 3124 - Bilgisayar Mühendisliği | 5103 - Bilişim Sistemleri Mühendisliği | 5137 - Bilgisayar Bilimi ve Mühendisliği / Bilgisayar Bilimleri Mühendisliği | 8141 - Kontrol ve Bilgisayar Mühendisliği | 8156 - Bilgisayar ve Enformatik Mühendisliği | 4533 - Aşağıdaki lisans programlarından birinden mezun olmak. | 5134 - Yazılım Mühendisliği | 9343 - Bilgisayar ve Yazılım Mühendisliği;934c481e-0a81-ed11-8117-a0369f7d1486
2022;2;302015218;Türkiye Taşkömürü Kurumu Genel Müdürlüğü;Mühendis;Zonguldak;Lisans;1;;90.244;90.244;"4689;3233;8324;9034;9572;7300";4689 - Aşağıdaki lisans programlarından birinden mezun olmak. | 3233 - Jeodezi ve Fotogrametri Mühendisliği | 8324 - Harita Mühendisliği | 9034 - Geomatik Mühendisliği | 9572 - Jeodezi ve Haritacılık Mühendisliği | 7300 - Bu kadro/pozisyonda vardiya sistemi uygulanmaktadır.;d550481e-0a81-ed11-8117-a0369f7d1486
2022;2;302014854;Türkiye Raylı Sistem Araçları Sanayii Anonim Şirketi;Mühendis;Sivas;Lisans;7;;90.235;93.289;"4639;3252;4314;4315;9441";4639 - Aşağıdaki lisans programlarından birinden mezun olmak. | 3252 - Makine Mühendisliği | 4314 - Makine ve İmalat Mühendisliği | 4315 - Makine ve Üretim Mühendisliği | 9441 - Makine ve Malzeme Mühendisliği;3350481e-0a81-ed11-8117-a0369f7d1486
2022;2;302014105;Ticaret Bakanlığı;Tüketici Hakem Heyeti Raportörü;Adıyaman;Lisans;1;;90.227;90.227;"4419;3209";4419 - Aşağıdaki lisans programlarından birinden mezun olmak. | 3209 - Hukuk;f24b481e-0a81-ed11-8117-a0369f7d1486
2022;2;302010374;Afet ve Acil Durum Yönetimi Başkanlığı;Mühendis;Kırıkkale;Lisans;1;;90.215;90.215;"4703;3168;3311;5114;5132;5140;8318;9321";4703 - Aşağıdaki lisans programlarından birinden mezun olmak. | 3168 - Endüstri Mühendisliği | 3311 - Sistem Mühendisliği | 5114 - İmalat Mühendisliği | 5132 - Üretim Mühendisliği | 5140 - Üretim Sistemleri Mühendisliği | 8318 - Endüstri Sistemleri Mühendisliği | 9321 - Endüstri ve Sistem Mühendisliği;0a51481e-0a81-ed11-8117-a0369f7d1486
2022;2;302015582;Uşak Üniversitesi;Avukat;Uşak;Lisans;1;;90.207;90.207;"4419;3209;7205;7207";4419 - Aşağıdaki lisans programlarından birinden mezun olmak. | 3209 - Hukuk | 7205 - Avukatlık Ruhsatı Sahibi olmak. | 7207 - Avukatlık Ruhsatı Aldıktan Sonra Serbest Olarak En Az İki Yıl Mesleği İle İlgili Çalışmış olmak.;8a50481e-0a81-ed11-8117-a0369f7d1486
2022;2;302015617;Yalova Üniversitesi;Avukat;Yalova;Lisans;1;;90.201;90.201;"4419;3209;7205;7207";4419 - Aşağıdaki lisans programlarından birinden mezun olmak. | 3209 - Hukuk | 7205 - Avukatlık Ruhsatı Sahibi olmak. | 7207 - Avukatlık Ruhsatı Aldıktan Sonra Serbest Olarak En Az İki Yıl Mesleği İle İlgili Çalışmış olmak.;5951481e-0a81-ed11-8117-a0369f7d1486
2022;2;302015701;Yükseköğretim Kalite Kurulu;Mühendis;Ankara;Lisans;1;;90.165;90.165;"4531;3124;5103;5137;8141;8156;4533;5134;9343";4531 - Aşağıdaki lisans programlarından birinden mezun olmak. | 3124 - Bilgisayar Mühendisliği | 5103 - Bilişim Sistemleri Mühendisliği | 5137 - Bilgisayar Bilimi ve Mühendisliği / Bilgisayar Bilimleri Mühendisliği | 8141 - Kontrol ve Bilgisayar Mühendisliği | 8156 - Bilgisayar ve Enformatik Mühendisliği | 4533 - Aşağıdaki lisans programlarından birinden mezun olmak. | 5134 - Yazılım Mühendisliği | 9343 - Bilgisayar ve Yazılım Mühendisliği;e14c481e-0a81-ed11-8117-a0369f7d1486
2022;2;302013349;Süleyman Demirel Üniversitesi;Fizyoterapist;Isparta;Lisans;2;;90.151;90.175;"4587;3185;8344";4587 - Aşağıdaki lisans programlarından birinden mezun olmak. | 3185 - Fizik Tedavi ve Rehabilitasyon | 8344 - Fizyoterapi ve Rehabilitasyon;2a4e481e-0a81-ed11-8117-a0369f7d1486
2022;2;302012677;Kırıkkale Üniversitesi;Veteriner Hekim;Kırıkkale;Lisans;1;;90.147;90.147;"4607;6373";4607 - Aşağıdaki lisans programlarından birinden mezun olmak. | 6373 - Veteriner;1151481e-0a81-ed11-8117-a0369f7d1486
2022;2;302014126;Ticaret Bakanlığı;Tüketici Hakem Heyeti Raportörü;Antalya;Lisans;1;;90.128;90.128;"4419;3209";4419 - Aşağıdaki lisans programlarından birinden mezun olmak. | 3209 - Hukuk;eb4c481e-0a81-ed11-8117-a0369f7d1486
2022;2;302013279;Sivas İl Özel İdaresi;Veri Hazırlama ve Kontrol İşletmeni;Sivas;Lisans;1;;90.122;90.122;"4001;6225";4001 - Herhangi bir lisans programından mezun olmak. | 6225 - M.E.B.'Dan Onaylı Bilgisayar İşletmeni Sertifikası Sahibi olmak.;1550481e-0a81-ed11-8117-a0369f7d1486
2022;2;302012369;Iğdır Üniversitesi;Avukat;Iğdır;Lisans;1;;90.068;90.068;"4419;3209;7205;7207";4419 - Aşağıdaki lisans programlarından birinden mezun olmak. | 3209 - Hukuk | 7205 - Avukatlık Ruhsatı Sahibi olmak. | 7207 - Avukatlık Ruhsatı Aldıktan Sonra Serbest Olarak En Az İki Yıl Mesleği İle İlgili Çalışmış olmak.;4551481e-0a81-ed11-8117-a0369f7d1486
2022;2;302010689;Ardahan Üniversitesi;Memur;Ardahan;Lisans;1;;90.052;90.052;"4148;3145;4235;9381";4148 - Aşağıdaki lisans programlarından birinden mezun olmak. | 3145 - Çocuk Gelişimi ve Eğitimi | 4235 - Çocuk Gelişimi | 9381 - Çocuk Sağlığı ve Gelişimi;3b51481e-0a81-ed11-8117-a0369f7d1486
2022;2;302013013;Muğla Sıtkı Koçman Üniversitesi;Bilgisayar İşletmeni;Muğla;Lisans;2;;90.02;90.941;"4003;3342;4117;4270;6324;9513;9520;9539;4121;3180;4129;3319;9189;6225";4003 - Aşağıdaki lisans programlarından birinden mezun olmak. | 3342 - Türk Dili ve Edebiyatı | 4117 - Aşağıdaki lisans programlarından birinden mezun olmak. | 4270 - Genel Tarih | 6324 - Tarih | 9513 - Yakın Çağ Tarihi | 9520 - Ortaçağ Tarihi | 9539 - Dünya Tarihi | 4121 - Aşağıdaki lisans programlarından birinden mezun olmak. | 3180 - Felsefe | 4129 - Aşağıdaki lisans programlarından birinden mezun olmak. | 3319 - Sosyoloji | 9189 - İnsan ve Toplum Bilimleri | 6225 - M.E.B.'Dan Onaylı Bilgisayar İşletmeni Sertifikası Sahibi olmak.;914f481e-0a81-ed11-8117-a0369f7d1486
2022;2;302014133;Ticaret Bakanlığı;Tüketici Hakem Heyeti Raportörü;Artvin;Lisans;1;;90.018;90.018;"4419;3209";4419 - Aşağıdaki lisans programlarından birinden mezun olmak. | 3209 - Hukuk;ec4c481e-0a81-ed11-8117-a0369f7d1486
2022;2;302010479;Afet ve Acil Durum Yönetimi Başkanlığı;Şehir Plancısı;Kastamonu;Lisans;1;;90.012;90.012;"4757;3322";4757 - Aşağıdaki lisans programlarından birinden mezun olmak. | 3322 - Şehir ve Bölge Planlama;e04e481e-0a81-ed11-8117-a0369f7d1486
2022;2;302010451;Afet ve Acil Durum Yönetimi Başkanlığı;Şehir Plancısı;Artvin;Lisans;1;;89.984;89.984;"4757;3322";4757 - Aşağıdaki lisans programlarından birinden mezun olmak. | 3322 - Şehir ve Bölge Planlama;f24c481e-0a81-ed11-8117-a0369f7d1486
2022;2;302014119;Ticaret Bakanlığı;Tüketici Hakem Heyeti Raportörü;Ankara;Lisans;1;;89.953;89.953;"4421;3159;3213;4386;5106;8208;9113;9221;4427;3158;9359;4429;3141;8312;4431;3226;3227;3381;5123;5143;8207;8208;8296;8334;9552;9584;4459;3254;4322;8225";4421 - Aşağıdaki lisans programlarından birinden mezun olmak. | 3159 - Ekonomi | 3213 - İktisat | 4386 - Uluslararası Ekonomi | 5106 - Ekonomi-Yönetim Bilimleri Programları | 8208 - İş İdaresi ve İktisat | 9113 - Ekonomi Politik ve Toplum Felsefesi | 9221 - Ekonomi ve İdari Bilimler / Ekonomi ve İdari Bilimler Programları | 4427 - Aşağıdaki lisans programlarından birinden mezun olmak. | 3158 - Ekonometri | 9359 - Finansal Ekonometri | 4429 - Aşağıdaki lisans programlarından birinden mezun olmak. | 3141 - Çalışma Ekonomisi ve Endüstri İlişkileri | 8312 - Çalışma Ekonomisi | 4431 - Aşağıdaki lisans programlarından birinden mezun olmak. | 3226 - İşletme / İşletmecilik | 3227 - İşletme Bilgi Yönetimi | 3381 - Muhasebe ve Finansman | 5123 - Muhasebe ve Finansal Yönetim / Muhasebe ve Finans Yönetimi | 5143 - Yönetim Bilimleri / Yönetim Bilimleri Programları | 8207 - İş İdaresi | 8208 - İş İdaresi ve İktisat | 8296 - Yönetim ve Organizasyon | 8334 - Pazarlama | 9552 - İşletme-Maliye | 9584 - Yönetim Bilimleri ve Liderlik | 4459 - Aşağıdaki lisans programlarından birinden mezun olmak. | 3254 - Maliye | 4322 - Muhasebe ve Maliye | 8225 - Maliye-Muhasebe;354c481e-0a81-ed11-8117-a0369f7d1486
2022;2;302012159;Gebze Teknik Üniversitesi;Mühendis;Kocaeli;Lisans;2;;89.947;93.577;"4703;3168;3311;5114;5132;5140;8318;9321";4703 - Aşağıdaki lisans programlarından birinden mezun olmak. | 3168 - Endüstri Mühendisliği | 3311 - Sistem Mühendisliği | 5114 - İmalat Mühendisliği | 5132 - Üretim Mühendisliği | 5140 - Üretim Sistemleri Mühendisliği | 8318 - Endüstri Sistemleri Mühendisliği | 9321 - Endüstri ve Sistem Mühendisliği;1d4f481e-0a81-ed11-8117-a0369f7d1486
2022;2;302011333;Devlet Demiryolları Taşımacılık A.Ş Genel Müdürlüğü;Memur;Kocaeli;Lisans;1;;89.859;89.859;"4478;3355;3356;5131;9108;9218;9282;4484;4393;9009;9378;4485;3354;5130;8222;9110;9376;9387;9415;7300;7368";4478 - Aşağıdaki lisans programlarından birinden mezun olmak. | 3355 - Uluslararası Ticaret | 3356 - Uluslararası Ticaret ve İşletmecilik | 5131 - Uluslararası Ticaret ve Finansman | 9108 - Uluslararası İşletmecilik ve Ticaret | 9218 - Uluslararası Ticaret ve Pazarlama | 9282 - Uluslararası Ticaret ve Finans | 4484 - Aşağıdaki lisans programlarından birinden mezun olmak. | 4393 - Uluslararası Ticaret ve Lojistik Yönetimi | 9009 - Uluslararası Ticaret ve Lojistik | 9378 - Uluslararası Ticaret, Lojistik ve İşletmecilik | 4485 - Aşağıdaki lisans programlarından birinden mezun olmak. | 3354 - Uluslararası Lojistik ve Taşımacılık / Uluslararası Lojistik | 5130 - Ulaştırma ve Lojistik | 8222 - Lojistik Yönetimi | 9110 - Uluslararası Lojistik Yönetimi | 9376 - Lojistik | 9387 - Lojistik ve Taşımacılık | 9415 - Ulaştırma ve Lojistik Yönetimi | 7300 - Bu kadro/pozisyonda vardiya sistemi uygulanmaktadır. | 7368 - (Bakınız Başvurma Özel Şartları Bölümü T.C. Devlet Demiryolları Taşımacılık A.Ş. Genel Müdürlüğü);1b4f481e-0a81-ed11-8117-a0369f7d1486
2022;2;302014987;Türkiye Şeker Fabrikaları A.Ş. Genel Müdürlüğü;Mühendis;Ankara;Lisans;2;;89.83;91.269;"4531;3124;5103;5137;8141;8156;7247;7248";4531 - Aşağıdaki lisans programlarından birinden mezun olmak. | 3124 - Bilgisayar Mühendisliği | 5103 - Bilişim Sistemleri Mühendisliği | 5137 - Bilgisayar Bilimi ve Mühendisliği / Bilgisayar Bilimleri Mühendisliği | 8141 - Kontrol ve Bilgisayar Mühendisliği | 8156 - Bilgisayar ve Enformatik Mühendisliği | 7247 - Tehlikeli Ve Çok Tehlikeli İşlerde Çalışmasına Engel Bir Durumu Bulunmamak | 7248 - Vardiyalı Çalışmasına Engel Bir Durumu Bulunmamak;cd4c481e-0a81-ed11-8117-a0369f7d1486
2022;2;302014140;Ticaret Bakanlığı;Tüketici Hakem Heyeti Raportörü;Bingöl;Lisans;1;;89.828;89.828;"4419;3209";4419 - Aşağıdaki lisans programlarından birinden mezun olmak. | 3209 - Hukuk;204d481e-0a81-ed11-8117-a0369f7d1486
2022;2;302014154;Ticaret Bakanlığı;Tüketici Hakem Heyeti Raportörü;Hakkari;Lisans;1;;89.814;89.814;"4419;3209";4419 - Aşağıdaki lisans programlarından birinden mezun olmak. | 3209 - Hukuk;0e4e481e-0a81-ed11-8117-a0369f7d1486
2022;2;302012733;Kilis 7 Aralık Üniversitesi;Mühendis;Kilis;Lisans;1;;89.8;89.8;"4639;3252;4314;4315;9441";4639 - Aşağıdaki lisans programlarından birinden mezun olmak. | 3252 - Makine Mühendisliği | 4314 - Makine ve İmalat Mühendisliği | 4315 - Makine ve Üretim Mühendisliği | 9441 - Makine ve Malzeme Mühendisliği;6451481e-0a81-ed11-8117-a0369f7d1486
2022;2;302014679;Türkiye Kömür İşletmeleri Kurumu Genel Müdürlüğü;Mühendis;Çanakkale;Lisans;1;;89.76;89.76;"4689;3233;8324;9034;9572;7247;7248;7257";4689 - Aşağıdaki lisans programlarından birinden mezun olmak. | 3233 - Jeodezi ve Fotogrametri Mühendisliği | 8324 - Harita Mühendisliği | 9034 - Geomatik Mühendisliği | 9572 - Jeodezi ve Haritacılık Mühendisliği | 7247 - Tehlikeli Ve Çok Tehlikeli İşlerde Çalışmasına Engel Bir Durumu Bulunmamak | 7248 - Vardiyalı Çalışmasına Engel Bir Durumu Bulunmamak | 7257 - Seyahate ve Arazide Çalışmaya Elverişli olmak.;584d481e-0a81-ed11-8117-a0369f7d1486
2022;2;302014203;Ticaret Bakanlığı;Tüketici Hakem Heyeti Raportörü;Mersin;Lisans;1;;89.741;89.741;"4419;3209";4419 - Aşağıdaki lisans programlarından birinden mezun olmak. | 3209 - Hukuk;394e481e-0a81-ed11-8117-a0369f7d1486
2022;2;302010437;Afet ve Acil Durum Yönetimi Başkanlığı;Mühendis;Yozgat;Lisans;1;;89.671;89.671;"4703;3168;3311;5114;5132;5140;8318;9321";4703 - Aşağıdaki lisans programlarından birinden mezun olmak. | 3168 - Endüstri Mühendisliği | 3311 - Sistem Mühendisliği | 5114 - İmalat Mühendisliği | 5132 - Üretim Mühendisliği | 5140 - Üretim Sistemleri Mühendisliği | 8318 - Endüstri Sistemleri Mühendisliği | 9321 - Endüstri ve Sistem Mühendisliği;a050481e-0a81-ed11-8117-a0369f7d1486
2022;2;302014861;Türkiye Raylı Sistem Araçları Sanayii Anonim Şirketi;Mühendis;Sivas;Lisans;1;;89.641;89.641;"4677;3142";4677 - Aşağıdaki lisans programlarından birinden mezun olmak. | 3142 - Çevre Mühendisliği;3450481e-0a81-ed11-8117-a0369f7d1486
2022;2;302015057;Türkiye Şeker Fabrikaları A.Ş. Genel Müdürlüğü;Mühendis;Kastamonu;Lisans;1;;89.627;89.627;"4639;3252;4314;4315;9441;7247;7248";4639 - Aşağıdaki lisans programlarından birinden mezun olmak. | 3252 - Makine Mühendisliği | 4314 - Makine ve İmalat Mühendisliği | 4315 - Makine ve Üretim Mühendisliği | 9441 - Makine ve Malzeme Mühendisliği | 7247 - Tehlikeli Ve Çok Tehlikeli İşlerde Çalışmasına Engel Bir Durumu Bulunmamak | 7248 - Vardiyalı Çalışmasına Engel Bir Durumu Bulunmamak;e24e481e-0a81-ed11-8117-a0369f7d1486
2022;2;302014700;Türkiye Kömür İşletmeleri Kurumu Genel Müdürlüğü;Mühendis;Kütahya;Lisans;2;;89.564;89.873;"4639;3252;4314;4315;9441;7247;7248;7257";4639 - Aşağıdaki lisans programlarından birinden mezun olmak. | 3252 - Makine Mühendisliği | 4314 - Makine ve İmalat Mühendisliği | 4315 - Makine ve Üretim Mühendisliği | 9441 - Makine ve Malzeme Mühendisliği | 7247 - Tehlikeli Ve Çok Tehlikeli İşlerde Çalışmasına Engel Bir Durumu Bulunmamak | 7248 - Vardiyalı Çalışmasına Engel Bir Durumu Bulunmamak | 7257 - Seyahate ve Arazide Çalışmaya Elverişli olmak.;4f4f481e-0a81-ed11-8117-a0369f7d1486
2022;2;302013251;Sinop Üniversitesi;Mühendis;Sinop;Lisans;1;;89.488;89.488;"4799;3191;9310";4799 - Aşağıdaki lisans programlarından birinden mezun olmak. | 3191 - Gıda Mühendisliği | 9310 - Gıda İşleme Mühendisliği;0b50481e-0a81-ed11-8117-a0369f7d1486
2022;2;302015666;Yıldız Teknik Üniversitesi;Memur;İstanbul;Lisans;1;;89.486;89.486;"4507;3115;3313;3315;3352;3353;4389;5116;5142;9506;9791";4507 - Aşağıdaki lisans programlarından birinden mezun olmak. | 3115 - Avrupa Birliği İlişkileri | 3313 - Siyaset Bilimi | 3315 - Siyaset Bilimi ve Uluslararası İlişkiler | 3352 - Uluslararası İlişkiler | 3353 - Uluslararası İlişkiler ve Avrupa Birliği | 4389 - Uluslararası İlişkiler ve Avrupa Çalışmaları | 5116 - Küresel ve Uluslararası İlişkiler / Küresel Siyaset ve Uluslararası İlişkiler | 5142 - Toplumsal ve Siyasal Bilimler | 9506 - Uluslararası İlişkiler ve Deniz Güvenliği | 9791 - Uluslararası Çalışmalar;a04e481e-0a81-ed11-8117-a0369f7d1486
2022;2;302014210;Ticaret Bakanlığı;Tüketici Hakem Heyeti Raportörü;Muğla;Lisans;1;;89.483;89.483;"4419;3209";4419 - Aşağıdaki lisans programlarından birinden mezun olmak. | 3209 - Hukuk;934f481e-0a81-ed11-8117-a0369f7d1486
2022;2;302014658;Türkiye Kömür İşletmeleri Kurumu Genel Müdürlüğü;Mühendis;Çanakkale;Lisans;1;;89.451;89.451;"4639;3252;4314;4315;9441;7247;7248;7257";4639 - Aşağıdaki lisans programlarından birinden mezun olmak. | 3252 - Makine Mühendisliği | 4314 - Makine ve İmalat Mühendisliği | 4315 - Makine ve Üretim Mühendisliği | 9441 - Makine ve Malzeme Mühendisliği | 7247 - Tehlikeli Ve Çok Tehlikeli İşlerde Çalışmasına Engel Bir Durumu Bulunmamak | 7248 - Vardiyalı Çalışmasına Engel Bir Durumu Bulunmamak | 7257 - Seyahate ve Arazide Çalışmaya Elverişli olmak.;554d481e-0a81-ed11-8117-a0369f7d1486
2022;2;302015190;Türkiye Taşkömürü Kurumu Genel Müdürlüğü;Mühendis;Zonguldak;Lisans;3;;89.449;91.201;"4703;3168;3311;5114;5132;5140;8318;9321";4703 - Aşağıdaki lisans programlarından birinden mezun olmak. | 3168 - Endüstri Mühendisliği | 3311 - Sistem Mühendisliği | 5114 - İmalat Mühendisliği | 5132 - Üretim Mühendisliği | 5140 - Üretim Sistemleri Mühendisliği | 8318 - Endüstri Sistemleri Mühendisliği | 9321 - Endüstri ve Sistem Mühendisliği;d150481e-0a81-ed11-8117-a0369f7d1486
2022;2;302011858;Doğu Karadeniz Projesi Bölge Kalkınma İdaresi Başkanlığı;Veteriner Hekim;Giresun;Lisans;1;;89.431;89.431;"4607;6373";4607 - Aşağıdaki lisans programlarından birinden mezun olmak. | 6373 - Veteriner;f04d481e-0a81-ed11-8117-a0369f7d1486
2022;2;302011963;Elektrik Üretim A.Ş. Genel Müdürlüğü;Mühendis;Kahramanmaraş;Lisans;1;;89.431;89.431;"4639;3252;4314;4315;9441";4639 - Aşağıdaki lisans programlarından birinden mezun olmak. | 3252 - Makine Mühendisliği | 4314 - Makine ve İmalat Mühendisliği | 4315 - Makine ve Üretim Mühendisliği | 9441 - Makine ve Malzeme Mühendisliği;7f4f481e-0a81-ed11-8117-a0369f7d1486
2022;2;302014161;Ticaret Bakanlığı;Tüketici Hakem Heyeti Raportörü;İstanbul;Lisans;5;;89.409;90.463;"4419;3209";4419 - Aşağıdaki lisans programlarından birinden mezun olmak. | 3209 - Hukuk;5e4e481e-0a81-ed11-8117-a0369f7d1486
2022;2;302015008;Türkiye Şeker Fabrikaları A.Ş. Genel Müdürlüğü;Mühendis;Balıkesir;Lisans;1;;89.369;89.369;"4639;3252;4314;4315;9441;7163;7247;7248";4639 - Aşağıdaki lisans programlarından birinden mezun olmak. | 3252 - Makine Mühendisliği | 4314 - Makine ve İmalat Mühendisliği | 4315 - Makine ve Üretim Mühendisliği | 9441 - Makine ve Malzeme Mühendisliği | 7163 - C Sınıfı İş Güvenliği Uzmanı belgesine sahip olmak. | 7247 - Tehlikeli Ve Çok Tehlikeli İşlerde Çalışmasına Engel Bir Durumu Bulunmamak | 7248 - Vardiyalı Çalışmasına Engel Bir Durumu Bulunmamak;0e4d481e-0a81-ed11-8117-a0369f7d1486
2022;2;302011067;Çevre, Şehircilik ve İklim Değişikliği Bakanlığı;Şehir Plancısı;Ağrı;Lisans;1;;89.327;89.327;"4757;3322";4757 - Aşağıdaki lisans programlarından birinden mezun olmak. | 3322 - Şehir ve Bölge Planlama;1c4c481e-0a81-ed11-8117-a0369f7d1486
2022;2;302014000;Tarım İşletmeleri Genel Müdürlüğü;Mühendis;Konya;Lisans;1;;89.31;89.31;"4639;3252;4314;4315;9441";4639 - Aşağıdaki lisans programlarından birinden mezun olmak. | 3252 - Makine Mühendisliği | 4314 - Makine ve İmalat Mühendisliği | 4315 - Makine ve Üretim Mühendisliği | 9441 - Makine ve Malzeme Mühendisliği;2c4f481e-0a81-ed11-8117-a0369f7d1486
2022;2;302014707;Türkiye Kömür İşletmeleri Kurumu Genel Müdürlüğü;Mühendis;Kütahya;Lisans;1;;89.309;89.309;"4639;3252;4314;4315;9441;7247;7248;7257;7370";4639 - Aşağıdaki lisans programlarından birinden mezun olmak. | 3252 - Makine Mühendisliği | 4314 - Makine ve İmalat Mühendisliği | 4315 - Makine ve Üretim Mühendisliği | 9441 - Makine ve Malzeme Mühendisliği | 7247 - Tehlikeli Ve Çok Tehlikeli İşlerde Çalışmasına Engel Bir Durumu Bulunmamak | 7248 - Vardiyalı Çalışmasına Engel Bir Durumu Bulunmamak | 7257 - Seyahate ve Arazide Çalışmaya Elverişli olmak. | 7370 - Bakınız: Başvurma Özel Şartları - Palandöken Belediye Başkanlığ;504f481e-0a81-ed11-8117-a0369f7d1486
2022;2;302013391;Şehitkamil Belediye Başkanlığı;Peyzaj Mimarı;Gaziantep;Lisans;2;;89.306;89.562;"4759;3282;3283;6283;9368";4759 - Aşağıdaki lisans programlarından birinden mezun olmak. | 3282 - Peyzaj Mimarisi ve Kentsel Tasarım | 3283 - Kentsel Tasarım ve Peyzaj Mimarisi / Kentsel Tasarım ve Peyzaj Mimarlığı | 6283 - Peyzaj Mimarlığı | 9368 - Peyzaj Mimarlığı ve Kentsel Tasarım;ec4d481e-0a81-ed11-8117-a0369f7d1486
2022;2;302011564;Devlet Hava Meydanları İşletmesi Genel Müdürlüğü;Arff Memuru;Gümüşhane;Lisans;1;;89.274;89.274;"4700;8342;6510;7302;7307;7322";4700 - Aşağıdaki lisans programlarından birinden mezun olmak. | 8342 - Acil Yardım ve Afet Yönetimi | 6510 - C sınıfı sürücü belgesine sahip olmak | 7302 - Bakınız Başvurma Özel Şartları Bölümü Şoför | 7307 - (Bakınız Başvurma Özel Şartları Bölümü ARFF Memuru - İtfaiyeci). | 7322 - (Bakınız Başvurma Özel Şartları Bölümü Devlet Hava Meydanları İşletmesi Genel Müdürlüğü).;024e481e-0a81-ed11-8117-a0369f7d1486
2022;2;302011200;Devlet Demiryolları Taşımacılık A.Ş Genel Müdürlüğü;Memur;Ankara;Lisans;1;;89.248;89.248;"4429;3141;8312;7368";4429 - Aşağıdaki lisans programlarından birinden mezun olmak. | 3141 - Çalışma Ekonomisi ve Endüstri İlişkileri | 8312 - Çalışma Ekonomisi | 7368 - (Bakınız Başvurma Özel Şartları Bölümü T.C. Devlet Demiryolları Taşımacılık A.Ş. Genel Müdürlüğü);6e4c481e-0a81-ed11-8117-a0369f7d1486
2022;2;302011228;Devlet Demiryolları Taşımacılık A.Ş Genel Müdürlüğü;Memur;Ankara;Lisans;1;;89.202;89.202;"4517;4395;5107;6256;4525;3223;8229;7368";4517 - Aşağıdaki lisans programlarından birinden mezun olmak. | 4395 - Uygulamalı Matematik | 5107 - Finans Matematiği | 6256 - Matematik | 4525 - Aşağıdaki lisans programlarından birinden mezun olmak. | 3223 - İstatistik | 8229 - Matematik ve İstatistik | 7368 - (Bakınız Başvurma Özel Şartları Bölümü T.C. Devlet Demiryolları Taşımacılık A.Ş. Genel Müdürlüğü);724c481e-0a81-ed11-8117-a0369f7d1486
2022;2;302011452;Devlet Demiryolları Taşımacılık A.Ş Genel Müdürlüğü;Psikolog;Ankara;Lisans;1;;89.193;89.193;"4131;3286;7368";4131 - Aşağıdaki lisans programlarından birinden mezun olmak. | 3286 - Psikoloji | 7368 - (Bakınız Başvurma Özel Şartları Bölümü T.C. Devlet Demiryolları Taşımacılık A.Ş. Genel Müdürlüğü);7d4c481e-0a81-ed11-8117-a0369f7d1486
2022;2;302011319;Devlet Demiryolları Taşımacılık A.Ş Genel Müdürlüğü;Memur;İzmir;Lisans;1;;89.191;89.191;"4503;3237;3313;3314;7368";4503 - Aşağıdaki lisans programlarından birinden mezun olmak. | 3237 - Kamu Yönetimi | 3313 - Siyaset Bilimi | 3314 - Siyaset Bilimi ve Kamu Yönetimi | 7368 - (Bakınız Başvurma Özel Şartları Bölümü T.C. Devlet Demiryolları Taşımacılık A.Ş. Genel Müdürlüğü);bf4e481e-0a81-ed11-8117-a0369f7d1486
2022;2;302011956;Elektrik Üretim A.Ş. Genel Müdürlüğü;Mühendis;Elazığ;Lisans;1;;89.177;89.177;"4639;3252;4314;4315;9441";4639 - Aşağıdaki lisans programlarından birinden mezun olmak. | 3252 - Makine Mühendisliği | 4314 - Makine ve İmalat Mühendisliği | 4315 - Makine ve Üretim Mühendisliği | 9441 - Makine ve Malzeme Mühendisliği;994d481e-0a81-ed11-8117-a0369f7d1486
2022;2;302010766;Aydın Adnan Menderes Üniversitesi;Bilgisayar İşletmeni;Aydın;Lisans;1;;89.151;89.151;"4459;3254;4322;8225;6225";4459 - Aşağıdaki lisans programlarından birinden mezun olmak. | 3254 - Maliye | 4322 - Muhasebe ve Maliye | 8225 - Maliye-Muhasebe | 6225 - M.E.B.'Dan Onaylı Bilgisayar İşletmeni Sertifikası Sahibi olmak.;fc4c481e-0a81-ed11-8117-a0369f7d1486
2022;2;302011074;Çevre, Şehircilik ve İklim Değişikliği Bakanlığı;Şehir Plancısı;Ardahan;Lisans;1;;89.046;89.046;"4757;3322";4757 - Aşağıdaki lisans programlarından birinden mezun olmak. | 3322 - Şehir ve Bölge Planlama;3e51481e-0a81-ed11-8117-a0369f7d1486
2022;2;302011788;Devlet Malzeme Ofisi Genel Müdürlüğü;Mühendis;Ankara;Lisans;7;;89.018;94.387;"4577;3134;9369;7364";4577 - Aşağıdaki lisans programlarından birinden mezun olmak. | 3134 - Biyomedikal Mühendisliği | 9369 - Tıp Mühendisliği | 7364 - (Bakınız Başvurma Özel Şartları Bölümü Devlet Malzeme Ofisi Genel Müdürlüğü);844c481e-0a81-ed11-8117-a0369f7d1486
2022;2;302013923;Tarım İşletmeleri Genel Müdürlüğü;İstatistikçi;Ankara;Lisans;1;;89.002;89.002;"4524;3224;4525;3223;8229";4524 - Aşağıdaki lisans programlarından birinden mezun olmak. | 3224 - İstatistik ve Bilgisayar Bilimleri | 4525 - Aşağıdaki lisans programlarından birinden mezun olmak. | 3223 - İstatistik | 8229 - Matematik ve İstatistik;394c481e-0a81-ed11-8117-a0369f7d1486
2022;2;302012845;Malatya Büyükşehir Belediye Başkanlığı;Mühendis;Malatya;Lisans;4;;88.973;91.799;"4639;3252;4314;4315;9441;7257";4639 - Aşağıdaki lisans programlarından birinden mezun olmak. | 3252 - Makine Mühendisliği | 4314 - Makine ve İmalat Mühendisliği | 4315 - Makine ve Üretim Mühendisliği | 9441 - Makine ve Malzeme Mühendisliği | 7257 - Seyahate ve Arazide Çalışmaya Elverişli olmak.;624f481e-0a81-ed11-8117-a0369f7d1486
2022;2;302014042;Tarım İşletmeleri Genel Müdürlüğü;Mühendis;Şanlıurfa;Lisans;5;;88.863;89.338;"4639;3252;4314;4315;9441";4639 - Aşağıdaki lisans programlarından birinden mezun olmak. | 3252 - Makine Mühendisliği | 4314 - Makine ve İmalat Mühendisliği | 4315 - Makine ve Üretim Mühendisliği | 9441 - Makine ve Malzeme Mühendisliği;7c50481e-0a81-ed11-8117-a0369f7d1486
2022;2;302014651;Türkiye Kömür İşletmeleri Kurumu Genel Müdürlüğü;Mühendis;Çanakkale;Lisans;1;;88.847;88.847;"4531;3124;5103;5137;8141;8156;4533;5134;9343;7248;7257";4531 - Aşağıdaki lisans programlarından birinden mezun olmak. | 3124 - Bilgisayar Mühendisliği | 5103 - Bilişim Sistemleri Mühendisliği | 5137 - Bilgisayar Bilimi ve Mühendisliği / Bilgisayar Bilimleri Mühendisliği | 8141 - Kontrol ve Bilgisayar Mühendisliği | 8156 - Bilgisayar ve Enformatik Mühendisliği | 4533 - Aşağıdaki lisans programlarından birinden mezun olmak. | 5134 - Yazılım Mühendisliği | 9343 - Bilgisayar ve Yazılım Mühendisliği | 7248 - Vardiyalı Çalışmasına Engel Bir Durumu Bulunmamak | 7257 - Seyahate ve Arazide Çalışmaya Elverişli olmak.;544d481e-0a81-ed11-8117-a0369f7d1486
2022;2;302014973;Türkiye Şeker Fabrikaları A.Ş. Genel Müdürlüğü;Mühendis;Ağrı;Lisans;1;;88.843;88.843;"4639;3252;4314;4315;9441;7163;7247;7248";4639 - Aşağıdaki lisans programlarından birinden mezun olmak. | 3252 - Makine Mühendisliği | 4314 - Makine ve İmalat Mühendisliği | 4315 - Makine ve Üretim Mühendisliği | 9441 - Makine ve Malzeme Mühendisliği | 7163 - C Sınıfı İş Güvenliği Uzmanı belgesine sahip olmak. | 7247 - Tehlikeli Ve Çok Tehlikeli İşlerde Çalışmasına Engel Bir Durumu Bulunmamak | 7248 - Vardiyalı Çalışmasına Engel Bir Durumu Bulunmamak;294c481e-0a81-ed11-8117-a0369f7d1486
2022;2;302011102;Çevre, Şehircilik ve İklim Değişikliği Bakanlığı;Şehir Plancısı;Kars;Lisans;1;;88.794;88.794;"4757;3322";4757 - Aşağıdaki lisans programlarından birinden mezun olmak. | 3322 - Şehir ve Bölge Planlama;c94e481e-0a81-ed11-8117-a0369f7d1486
2022;2;302011991;Erciyes Üniversitesi;Psikolog;Kayseri;Lisans;1;;88.78;88.78;"4131;3286";4131 - Aşağıdaki lisans programlarından birinden mezun olmak. | 3286 - Psikoloji;e64e481e-0a81-ed11-8117-a0369f7d1486
2022;2;302013979;Tarım İşletmeleri Genel Müdürlüğü;Mühendis;Iğdır;Lisans;1;;88.766;88.766;"4639;3252;4314;4315;9441";4639 - Aşağıdaki lisans programlarından birinden mezun olmak. | 3252 - Makine Mühendisliği | 4314 - Makine ve İmalat Mühendisliği | 4315 - Makine ve Üretim Mühendisliği | 9441 - Makine ve Malzeme Mühendisliği;4351481e-0a81-ed11-8117-a0369f7d1486
2022;2;302011494;Devlet Hava Meydanları İşletmesi Genel Müdürlüğü;Apron Memuru;Kahramanmaraş;Lisans;1;;88.752;88.752;"4493;3312;8325;9345;9370;9428;9534;6506;7302;7321;7322";4493 - Aşağıdaki lisans programlarından birinden mezun olmak. | 3312 - Sivil Hava Ulaştırma İşletmeciliği | 8325 - Havacılık | 9345 - Havacılık İşletmeciliği | 9370 - Sivil Hava İşletmeciliği | 9428 - Havacılık Yönetimi | 9534 - Sivil Havacılık İşletmeciliği | 6506 - B sınıfı sürücü belgesine sahip olmak | 7302 - Bakınız Başvurma Özel Şartları Bölümü Şoför | 7321 - (Bakınız Başvurma Özel Şartları Bölümü Zabıt Katibi). | 7322 - (Bakınız Başvurma Özel Şartları Bölümü Devlet Hava Meydanları İşletmesi Genel Müdürlüğü).;824f481e-0a81-ed11-8117-a0369f7d1486
2022;2;302013069;Muş Alparslan Üniversitesi;Mühendis;Muş;Lisans;1;;88.744;88.744;"4639;3252;4314;4315;9441";4639 - Aşağıdaki lisans programlarından birinden mezun olmak. | 3252 - Makine Mühendisliği | 4314 - Makine ve İmalat Mühendisliği | 4315 - Makine ve Üretim Mühendisliği | 9441 - Makine ve Malzeme Mühendisliği;aa4f481e-0a81-ed11-8117-a0369f7d1486
2022;2;302013181;Sakarya Üniversitesi;Memur;Sakarya;Lisans;1;;88.715;88.715;"4291;3197;3198;3292;5111;4431;3226;3227;3381;5123;5143;8207;8208;8296;8334;9552;9584";4291 - Aşağıdaki lisans programlarından birinden mezun olmak. | 3197 - Halkla İlişkiler | 3198 - Halkla İlişkiler ve Tanıtım | 3292 - Reklamcılık ve Halkla İlişkiler | 5111 - Halkla İlişkiler ve Reklamcılık | 4431 - Aşağıdaki lisans programlarından birinden mezun olmak. | 3226 - İşletme / İşletmecilik | 3227 - İşletme Bilgi Yönetimi | 3381 - Muhasebe ve Finansman | 5123 - Muhasebe ve Finansal Yönetim / Muhasebe ve Finans Yönetimi | 5143 - Yönetim Bilimleri / Yönetim Bilimleri Programları | 8207 - İş İdaresi | 8208 - İş İdaresi ve İktisat | 8296 - Yönetim ve Organizasyon | 8334 - Pazarlama | 9552 - İşletme-Maliye | 9584 - Yönetim Bilimleri ve Liderlik;d44f481e-0a81-ed11-8117-a0369f7d1486
2022;2;302011767;Devlet Malzeme Ofisi Genel Müdürlüğü;Merkezi Satınalma Uzm. Yrd.;Ankara;Lisans;10;;88.701;91.606;"4421;3159;3213;4386;5106;8208;9113;9221;4426;5105;6229;4429;3141;8312;4431;3226;3227;3381;5123;5143;8207;8208;8296;8334;9552;9584;4453;3268;3269;3381;4322;5123;9115;9262;9308;4459;3254;4322;8225;4482;8150;4503;3237;3313;3314;4507;3115;3313;3315;3352;3353;4389;5116;5142;9506;9791;7115;7364";4421 - Aşağıdaki lisans programlarından birinden mezun olmak. | 3159 - Ekonomi | 3213 - İktisat | 4386 - Uluslararası Ekonomi | 5106 - Ekonomi-Yönetim Bilimleri Programları | 8208 - İş İdaresi ve İktisat | 9113 - Ekonomi Politik ve Toplum Felsefesi | 9221 - Ekonomi ve İdari Bilimler / Ekonomi ve İdari Bilimler Programları | 4426 - Aşağıdaki lisans programlarından birinden mezun olmak. | 5105 - Ekonomi ve Finans | 6229 - İşletme-Ekonomi / İşletme-İktisat | 4429 - Aşağıdaki lisans programlarından birinden mezun olmak. | 3141 - Çalışma Ekonomisi ve Endüstri İlişkileri | 8312 - Çalışma Ekonomisi | 4431 - Aşağıdaki lisans programlarından birinden mezun olmak. | 3226 - İşletme / İşletmecilik | 3227 - İşletme Bilgi Yönetimi | 3381 - Muhasebe ve Finansman | 5123 - Muhasebe ve Finansal Yönetim / Muhasebe ve Finans Yönetimi | 5143 - Yönetim Bilimleri / Yönetim Bilimleri Programları | 8207 - İş İdaresi | 8208 - İş İdaresi ve İktisat | 8296 - Yönetim ve Organizasyon | 8334 - Pazarlama | 9552 - İşletme-Maliye | 9584 - Yönetim Bilimleri ve Liderlik | 4453 - Aşağıdaki lisans programlarından birinden mezun olmak. | 3268 - Muhasebe | 3269 - Muhasebe Bilgi Sistemleri | 3381 - Muhasebe ve Finansman | 4322 - Muhasebe ve Maliye | 5123 - Muhasebe ve Finansal Yönetim / Muhasebe ve Finans Yönetimi | 9115 - Muhasebe ve Denetim | 9262 - Finans ve Muhasebe | 9308 - İşletme-Muhasebe ve Denetim | 4459 - Aşağıdaki lisans programlarından birinden mezun olmak. | 3254 - Maliye | 4322 - Muhasebe ve Maliye | 8225 - Maliye-Muhasebe | 4482 - Aşağıdaki lisans programlarından birinden mezun olmak. | 8150 - Batı Avrupa İş İdaresi ve İktisat | 4503 - Aşağıdaki lisans programlarından birinden mezun olmak. | 3237 - Kamu Yönetimi | 3313 - Siyaset Bilimi | 3314 - Siyaset Bilimi ve Kamu Yönetimi | 4507 - Aşağıdaki lisans programlarından birinden mezun olmak. | 3115 - Avrupa Birliği İlişkileri | 3313 - Siyaset Bilimi | 3315 - Siyaset Bilimi ve Uluslararası İlişkiler | 3352 - Uluslararası İlişkiler | 3353 - Uluslararası İlişkiler ve Avrupa Birliği | 4389 - Uluslararası İlişkiler ve Avrupa Çalışmaları | 5116 - Küresel ve Uluslararası İlişkiler / Küresel Siyaset ve Uluslararası İlişkiler | 5142 - Toplumsal ve Siyasal Bilimler | 9506 - Uluslararası İlişkiler ve Deniz Güvenliği | 9791 - Uluslararası Çalışmalar | 7115 - Son 5 Yıl İçerisinde KPDS/YDS En Az E Seviyesinde İngilizce Bilmek. | 7364 - (Bakınız Başvurma Özel Şartları Bölümü Devlet Malzeme Ofisi Genel Müdürlüğü);814c481e-0a81-ed11-8117-a0369f7d1486
2022;2;302010619;Amasya Üniversitesi;Mühendis;Amasya;Lisans;1;;88.684;88.684;"4799;3191;9310";4799 - Aşağıdaki lisans programlarından birinden mezun olmak. | 3191 - Gıda Mühendisliği | 9310 - Gıda İşleme Mühendisliği;334c481e-0a81-ed11-8117-a0369f7d1486
2022;2;302010472;Afet ve Acil Durum Yönetimi Başkanlığı;Şehir Plancısı;Kars;Lisans;1;;88.655;88.655;"4757;3322";4757 - Aşağıdaki lisans programlarından birinden mezun olmak. | 3322 - Şehir ve Bölge Planlama;ca4e481e-0a81-ed11-8117-a0369f7d1486
2022;2;302015169;Türkiye Taşkömürü Kurumu Genel Müdürlüğü;Mühendis;Zonguldak;Lisans;2;;88.655;88.885;"4639;3252;4314;4315;9441";4639 - Aşağıdaki lisans programlarından birinden mezun olmak. | 3252 - Makine Mühendisliği | 4314 - Makine ve İmalat Mühendisliği | 4315 - Makine ve Üretim Mühendisliği | 9441 - Makine ve Malzeme Mühendisliği;ce50481e-0a81-ed11-8117-a0369f7d1486
2022;2;302011529;Devlet Hava Meydanları İşletmesi Genel Müdürlüğü;Apron Memuru;Sivas;Lisans;1;;88.645;88.645;"4493;3312;8325;9345;9370;9428;9534;6506;7302;7321;7322";4493 - Aşağıdaki lisans programlarından birinden mezun olmak. | 3312 - Sivil Hava Ulaştırma İşletmeciliği | 8325 - Havacılık | 9345 - Havacılık İşletmeciliği | 9370 - Sivil Hava İşletmeciliği | 9428 - Havacılık Yönetimi | 9534 - Sivil Havacılık İşletmeciliği | 6506 - B sınıfı sürücü belgesine sahip olmak | 7302 - Bakınız Başvurma Özel Şartları Bölümü Şoför | 7321 - (Bakınız Başvurma Özel Şartları Bölümü Zabıt Katibi). | 7322 - (Bakınız Başvurma Özel Şartları Bölümü Devlet Hava Meydanları İşletmesi Genel Müdürlüğü).;0e50481e-0a81-ed11-8117-a0369f7d1486
2022;2;302010983;Çay İşletmeleri Genel Müdürlüğü;Mühendis;Rize;Lisans;4;;88.633;89.624;"4639;3252;4314;4315;9441";4639 - Aşağıdaki lisans programlarından birinden mezun olmak. | 3252 - Makine Mühendisliği | 4314 - Makine ve İmalat Mühendisliği | 4315 - Makine ve Üretim Mühendisliği | 9441 - Makine ve Malzeme Mühendisliği;cf4f481e-0a81-ed11-8117-a0369f7d1486
2022;2;302012565;Kahramanmaraş İstiklal Üniversitesi;Mühendis;Kahramanmaraş;Lisans;1;;88.625;88.625;"4799;3191;9310";4799 - Aşağıdaki lisans programlarından birinden mezun olmak. | 3191 - Gıda Mühendisliği | 9310 - Gıda İşleme Mühendisliği;814f481e-0a81-ed11-8117-a0369f7d1486
2022;2;302013643;T.C.Devlet Demiryolları İşletmesi Genel Müdürlüğü;Sürveyan;Afyonkarahisar;Lisans;1;;88.625;88.625;"4517;4395;5107;6256;4631;5120;4665;3359;3360;8284;8285;9488;9545;4687;4297;4298;9515;4694;9468;4699;3154;8172;7257;7300;7327";4517 - Aşağıdaki lisans programlarından birinden mezun olmak. | 4395 - Uygulamalı Matematik | 5107 - Finans Matematiği | 6256 - Matematik | 4631 - Aşağıdaki lisans programlarından birinden mezun olmak. | 5120 - Mekatronik Öğretmenliği | 4665 - Aşağıdaki lisans programlarından birinden mezun olmak. | 3359 - Yapı Öğretmenliği | 3360 - Yapı Ressamlığı Öğretmenliği | 8284 - Yapı İşleri Öğretmenliği | 8285 - Yapı Tasarımı Öğretmenliği | 9488 - Altyapu | 9545 - ALT YAPI EĞİTİMİ | 4687 - Aşağıdaki lisans programlarından birinden mezun olmak. | 4297 - Jeodezi | 4298 - Jeodezi ve Haritacılık | 9515 - Jeodezi ve Fotogrametri | 4694 - Aşağıdaki lisans programlarından birinden mezun olmak. | 9468 - Malzeme Bilimi ve Teknolojileri | 4699 - Aşağıdaki lisans programlarından birinden mezun olmak. | 3154 - Döküm Öğretmenliği | 8172 - Döküm İşleri Öğretmenliği | 7257 - Seyahate ve Arazide Çalışmaya Elverişli olmak. | 7300 - Bu kadro/pozisyonda vardiya sistemi uygulanmaktadır. | 7327 - (Bakınız Başvurma Özel Şartları Bölümü TCDD Genel Müdürlüğü).;134c481e-0a81-ed11-8117-a0369f7d1486
2022;2;302011557;Devlet Hava Meydanları İşletmesi Genel Müdürlüğü;Apron Memuru;Yozgat;Lisans;2;;88.621;90.739;"4493;3312;8325;9345;9370;9428;9534;6506;7302;7321;7322";4493 - Aşağıdaki lisans programlarından birinden mezun olmak. | 3312 - Sivil Hava Ulaştırma İşletmeciliği | 8325 - Havacılık | 9345 - Havacılık İşletmeciliği | 9370 - Sivil Hava İşletmeciliği | 9428 - Havacılık Yönetimi | 9534 - Sivil Havacılık İşletmeciliği | 6506 - B sınıfı sürücü belgesine sahip olmak | 7302 - Bakınız Başvurma Özel Şartları Bölümü Şoför | 7321 - (Bakınız Başvurma Özel Şartları Bölümü Zabıt Katibi). | 7322 - (Bakınız Başvurma Özel Şartları Bölümü Devlet Hava Meydanları İşletmesi Genel Müdürlüğü).;a250481e-0a81-ed11-8117-a0369f7d1486
2022;2;302014056;Tarsus Üniversitesi;Memur;Mersin;Lisans;1;;88.601;88.601;"4421;3159;3213;4386;5106;8208;9113;9221;4426;5105;6229;4427;3158;9359;4429;3141;8312;4431;3226;3227;3381;5123;5143;8207;8208;8296;8334;9552;9584;4437;3227;3361;4216;8210;9286;9427";4421 - Aşağıdaki lisans programlarından birinden mezun olmak. | 3159 - Ekonomi | 3213 - İktisat | 4386 - Uluslararası Ekonomi | 5106 - Ekonomi-Yönetim Bilimleri Programları | 8208 - İş İdaresi ve İktisat | 9113 - Ekonomi Politik ve Toplum Felsefesi | 9221 - Ekonomi ve İdari Bilimler / Ekonomi ve İdari Bilimler Programları | 4426 - Aşağıdaki lisans programlarından birinden mezun olmak. | 5105 - Ekonomi ve Finans | 6229 - İşletme-Ekonomi / İşletme-İktisat | 4427 - Aşağıdaki lisans programlarından birinden mezun olmak. | 3158 - Ekonometri | 9359 - Finansal Ekonometri | 4429 - Aşağıdaki lisans programlarından birinden mezun olmak. | 3141 - Çalışma Ekonomisi ve Endüstri İlişkileri | 8312 - Çalışma Ekonomisi | 4431 - Aşağıdaki lisans programlarından birinden mezun olmak. | 3226 - İşletme / İşletmecilik | 3227 - İşletme Bilgi Yönetimi | 3381 - Muhasebe ve Finansman | 5123 - Muhasebe ve Finansal Yönetim / Muhasebe ve Finans Yönetimi | 5143 - Yönetim Bilimleri / Yönetim Bilimleri Programları | 8207 - İş İdaresi | 8208 - İş İdaresi ve İktisat | 8296 - Yönetim ve Organizasyon | 8334 - Pazarlama | 9552 - İşletme-Maliye | 9584 - Yönetim Bilimleri ve Liderlik | 4437 - Aşağıdaki lisans programlarından birinden mezun olmak. | 3227 - İşletme Bilgi Yönetimi | 3361 - Yönetim Bilişim Sistemleri | 4216 - Bilgi İşlemi | 8210 - İşletme Enformatiği | 9286 - Teknoloji ve Bilgi Yönetimi | 9427 - Yönetim Bilimi ve Bilişim Sistemleri;364e481e-0a81-ed11-8117-a0369f7d1486
2022;2;302010500;Afet ve Acil Durum Yönetimi Başkanlığı;Şehir Plancısı;Van;Lisans;1;;88.585;88.585;"4757;3322";4757 - Aşağıdaki lisans programlarından birinden mezun olmak. | 3322 - Şehir ve Bölge Planlama;9e50481e-0a81-ed11-8117-a0369f7d1486
2022;2;302014777;Türkiye Raylı Sistem Araçları Sanayii Anonim Şirketi;Memur;Ankara;Lisans;4;;88.489;90.1;"4503;3237;3313;3314";4503 - Aşağıdaki lisans programlarından birinden mezun olmak. | 3237 - Kamu Yönetimi | 3313 - Siyaset Bilimi | 3314 - Siyaset Bilimi ve Kamu Yönetimi;514c481e-0a81-ed11-8117-a0369f7d1486
2022;2;302011536;Devlet Hava Meydanları İşletmesi Genel Müdürlüğü;Apron Memuru;Şanlıurfa;Lisans;2;;88.475;91.757;"4493;3312;8325;9345;9370;9428;9534;6506;7302;7321;7322";4493 - Aşağıdaki lisans programlarından birinden mezun olmak. | 3312 - Sivil Hava Ulaştırma İşletmeciliği | 8325 - Havacılık | 9345 - Havacılık İşletmeciliği | 9370 - Sivil Hava İşletmeciliği | 9428 - Havacılık Yönetimi | 9534 - Sivil Havacılık İşletmeciliği | 6506 - B sınıfı sürücü belgesine sahip olmak | 7302 - Bakınız Başvurma Özel Şartları Bölümü Şoför | 7321 - (Bakınız Başvurma Özel Şartları Bölümü Zabıt Katibi). | 7322 - (Bakınız Başvurma Özel Şartları Bölümü Devlet Hava Meydanları İşletmesi Genel Müdürlüğü).;8250481e-0a81-ed11-8117-a0369f7d1486
2022;2;302011550;Devlet Hava Meydanları İşletmesi Genel Müdürlüğü;Apron Memuru;Van;Lisans;1;;88.397;88.397;"4493;3312;8325;9345;9370;9428;9534;6506;7302;7321;7322";4493 - Aşağıdaki lisans programlarından birinden mezun olmak. | 3312 - Sivil Hava Ulaştırma İşletmeciliği | 8325 - Havacılık | 9345 - Havacılık İşletmeciliği | 9370 - Sivil Hava İşletmeciliği | 9428 - Havacılık Yönetimi | 9534 - Sivil Havacılık İşletmeciliği | 6506 - B sınıfı sürücü belgesine sahip olmak | 7302 - Bakınız Başvurma Özel Şartları Bölümü Şoför | 7321 - (Bakınız Başvurma Özel Şartları Bölümü Zabıt Katibi). | 7322 - (Bakınız Başvurma Özel Şartları Bölümü Devlet Hava Meydanları İşletmesi Genel Müdürlüğü).;9c50481e-0a81-ed11-8117-a0369f7d1486
2022;2;302014588;Türkiye İnsan Hakları ve Eşitlik Kurumu;Psikolog;Ankara;Lisans;1;;88.387;88.387;"4131;3286;7257";4131 - Aşağıdaki lisans programlarından birinden mezun olmak. | 3286 - Psikoloji | 7257 - Seyahate ve Arazide Çalışmaya Elverişli olmak.;4b4c481e-0a81-ed11-8117-a0369f7d1486
2022;2;302011214;Devlet Demiryolları Taşımacılık A.Ş Genel Müdürlüğü;Memur;Ankara;Lisans;4;;88.383;91.63;"4453;3268;3269;3381;4322;5123;9115;9262;9308;4459;3254;4322;8225;7368";4453 - Aşağıdaki lisans programlarından birinden mezun olmak. | 3268 - Muhasebe | 3269 - Muhasebe Bilgi Sistemleri | 3381 - Muhasebe ve Finansman | 4322 - Muhasebe ve Maliye | 5123 - Muhasebe ve Finansal Yönetim / Muhasebe ve Finans Yönetimi | 9115 - Muhasebe ve Denetim | 9262 - Finans ve Muhasebe | 9308 - İşletme-Muhasebe ve Denetim | 4459 - Aşağıdaki lisans programlarından birinden mezun olmak. | 3254 - Maliye | 4322 - Muhasebe ve Maliye | 8225 - Maliye-Muhasebe | 7368 - (Bakınız Başvurma Özel Şartları Bölümü T.C. Devlet Demiryolları Taşımacılık A.Ş. Genel Müdürlüğü);704c481e-0a81-ed11-8117-a0369f7d1486
2022;2;302012313;Gümüşhane Üniversitesi;Programcı;Gümüşhane;Lisans;1;;88.369;88.369;"4531;3124;5103;5137;8141;8156;4533;5134;9343;4541;1128";4531 - Aşağıdaki lisans programlarından birinden mezun olmak. | 3124 - Bilgisayar Mühendisliği | 5103 - Bilişim Sistemleri Mühendisliği | 5137 - Bilgisayar Bilimi ve Mühendisliği / Bilgisayar Bilimleri Mühendisliği | 8141 - Kontrol ve Bilgisayar Mühendisliği | 8156 - Bilgisayar ve Enformatik Mühendisliği | 4533 - Aşağıdaki lisans programlarından birinden mezun olmak. | 5134 - Yazılım Mühendisliği | 9343 - Bilgisayar ve Yazılım Mühendisliği | 4541 - Aşağıdaki lisans programlarından birinden mezun olmak. | 1128 - Yazılım Geliştirme;084e481e-0a81-ed11-8117-a0369f7d1486
2022;2;302011487;Devlet Hava Meydanları İşletmesi Genel Müdürlüğü;Apron Memuru;Hakkari;Lisans;1;;88.359;88.359;"4493;3312;8325;9345;9370;9428;9534;6506;7302;7321;7322";4493 - Aşağıdaki lisans programlarından birinden mezun olmak. | 3312 - Sivil Hava Ulaştırma İşletmeciliği | 8325 - Havacılık | 9345 - Havacılık İşletmeciliği | 9370 - Sivil Hava İşletmeciliği | 9428 - Havacılık Yönetimi | 9534 - Sivil Havacılık İşletmeciliği | 6506 - B sınıfı sürücü belgesine sahip olmak | 7302 - Bakınız Başvurma Özel Şartları Bölümü Şoför | 7321 - (Bakınız Başvurma Özel Şartları Bölümü Zabıt Katibi). | 7322 - (Bakınız Başvurma Özel Şartları Bölümü Devlet Hava Meydanları İşletmesi Genel Müdürlüğü).;0c4e481e-0a81-ed11-8117-a0369f7d1486
2022;2;302011480;Devlet Hava Meydanları İşletmesi Genel Müdürlüğü;Apron Memuru;Gümüşhane;Lisans;2;;88.333;90.117;"4493;3312;8325;9345;9370;9428;9534;6506;7302;7321;7322";4493 - Aşağıdaki lisans programlarından birinden mezun olmak. | 3312 - Sivil Hava Ulaştırma İşletmeciliği | 8325 - Havacılık | 9345 - Havacılık İşletmeciliği | 9370 - Sivil Hava İşletmeciliği | 9428 - Havacılık Yönetimi | 9534 - Sivil Havacılık İşletmeciliği | 6506 - B sınıfı sürücü belgesine sahip olmak | 7302 - Bakınız Başvurma Özel Şartları Bölümü Şoför | 7321 - (Bakınız Başvurma Özel Şartları Bölümü Zabıt Katibi). | 7322 - (Bakınız Başvurma Özel Şartları Bölümü Devlet Hava Meydanları İşletmesi Genel Müdürlüğü).;044e481e-0a81-ed11-8117-a0369f7d1486
2022;2;302011305;Devlet Demiryolları Taşımacılık A.Ş Genel Müdürlüğü;Memur;İzmir;Lisans;1;;88.294;88.294;"4429;3141;8312;7368";4429 - Aşağıdaki lisans programlarından birinden mezun olmak. | 3141 - Çalışma Ekonomisi ve Endüstri İlişkileri | 8312 - Çalışma Ekonomisi | 7368 - (Bakınız Başvurma Özel Şartları Bölümü T.C. Devlet Demiryolları Taşımacılık A.Ş. Genel Müdürlüğü);bd4e481e-0a81-ed11-8117-a0369f7d1486
2022;2;302014546;Türkiye İlaç ve Tıbbi Cihaz Kurumu;Memur;Ankara;Lisans;1;;88.288;88.288;"4459;3254;4322;8225";4459 - Aşağıdaki lisans programlarından birinden mezun olmak. | 3254 - Maliye | 4322 - Muhasebe ve Maliye | 8225 - Maliye-Muhasebe;454c481e-0a81-ed11-8117-a0369f7d1486
2022;2;302011221;Devlet Demiryolları Taşımacılık A.Ş Genel Müdürlüğü;Memur;Ankara;Lisans;2;;88.202;88.22;"4503;3237;3313;3314;7368";4503 - Aşağıdaki lisans programlarından birinden mezun olmak. | 3237 - Kamu Yönetimi | 3313 - Siyaset Bilimi | 3314 - Siyaset Bilimi ve Kamu Yönetimi | 7368 - (Bakınız Başvurma Özel Şartları Bölümü T.C. Devlet Demiryolları Taşımacılık A.Ş. Genel Müdürlüğü);714c481e-0a81-ed11-8117-a0369f7d1486
2022;2;302013566;T.C.Devlet Demiryolları İşletmesi Genel Müdürlüğü;Hareket Memuru;Manisa;Lisans;1;;88.202;88.202;"4441;4367;4443;3270;8134;8209;8211;8234;8267;4480;9118;9425;4484;4393;9009;9378;4485;3354;5130;8222;9110;9376;9387;9415;4491;1286;4517;4395;5107;6256;4524;3224;4525;3223;8229;4527;3256;3258;8228;8230;8277;4535;3128;3129;8152;8310;8347;9150;7257;7300;7327";4441 - Aşağıdaki lisans programlarından birinden mezun olmak. | 4367 - Ticaret Ekonomisi | 4443 - Aşağıdaki lisans programlarından birinden mezun olmak. | 3270 - Muhasebe ve Finansman Öğretmenliği | 8134 - İşletme Öğretmenliği | 8209 - İş Yönetimi ve Ticaret Eğitimi Öğretmenliği / İş Yönetimi ve Ticaret Öğretmenliği | 8211 - İşletme, Muhasebe ve Ticaret Öğretmenliği | 8234 - Muhasebe-İşletme Öğretmenliği | 8267 - Ticaret - İş Eğitimi Öğretmenliği | 4480 - Aşağıdaki lisans programlarından birinden mezun olmak. | 9118 - Gümrük İşletme | 9425 - Gümrük İşletmeciliği | 4484 - Aşağıdaki lisans programlarından birinden mezun olmak. | 4393 - Uluslararası Ticaret ve Lojistik Yönetimi | 9009 - Uluslararası Ticaret ve Lojistik | 9378 - Uluslararası Ticaret, Lojistik ve İşletmecilik | 4485 - Aşağıdaki lisans programlarından birinden mezun olmak. | 3354 - Uluslararası Lojistik ve Taşımacılık / Uluslararası Lojistik | 5130 - Ulaştırma ve Lojistik | 8222 - Lojistik Yönetimi | 9110 - Uluslararası Lojistik Yönetimi | 9376 - Lojistik | 9387 - Lojistik ve Taşımacılık | 9415 - Ulaştırma ve Lojistik Yönetimi | 4491 - Aşağıdaki lisans programlarından birinden mezun olmak. | 1286 - ULUSLARARASI ULAŞTIRMA SİSTEMLERİ | 4517 - Aşağıdaki lisans programlarından birinden mezun olmak. | 4395 - Uygulamalı Matematik | 5107 - Finans Matematiği | 6256 - Matematik | 4524 - Aşağıdaki lisans programlarından birinden mezun olmak. | 3224 - İstatistik ve Bilgisayar Bilimleri | 4525 - Aşağıdaki lisans programlarından birinden mezun olmak. | 3223 - İstatistik | 8229 - Matematik ve İstatistik | 4527 - Aşağıdaki lisans programlarından birinden mezun olmak. | 3256 - Matematik ve Bilgisayar Bilimleri | 3258 - Matematik ve Bilgisayar / Matematik-Bilgisayar | 8228 - Matematik ve İnformatik / Matematik-İnformatik | 8230 - Matematik-Bilgisayar Programcılığı | 8277 - Uygulamalı Matematik ve Bilgisayar | 4535 - Aşağıdaki lisans programlarından birinden mezun olmak. | 3128 - Bilgisayar ve Kontrol Öğretmenliği | 3129 - Bilgisayar ve Öğretim Teknolojileri Öğretmenliği | 8152 - Bilgisayar Teknolojisi Öğretmenliği | 8310 - Bilgisayar ve Öğretim Teknolojileri Öğretimi | 8347 - Kontrol Öğretmenliği | 9150 - Bilgisayar ve Öğretim Teknolojileri Eğitimi | 7257 - Seyahate ve Arazide Çalışmaya Elverişli olmak. | 7300 - Bu kadro/pozisyonda vardiya sistemi uygulanmaktadır. | 7327 - (Bakınız Başvurma Özel Şartları Bölümü TCDD Genel Müdürlüğü).;7a4f481e-0a81-ed11-8117-a0369f7d1486
2022;2;302011921;Elektrik Üretim A.Ş. Genel Müdürlüğü;Memur;Eskişehir;Lisans;1;;88.171;88.171;"4421;3159;3213;4386;5106;8208;9113;9221;4427;3158;9359;4429;3141;8312;4431;3226;3227;3381;5123;5143;8207;8208;8296;8334;9552;9584;4459;3254;4322;8225;4503;3237;3313;3314;4507;3115;3313;3315;3352;3353;4389;5116;5142;9506;9791";4421 - Aşağıdaki lisans programlarından birinden mezun olmak. | 3159 - Ekonomi | 3213 - İktisat | 4386 - Uluslararası Ekonomi | 5106 - Ekonomi-Yönetim Bilimleri Programları | 8208 - İş İdaresi ve İktisat | 9113 - Ekonomi Politik ve Toplum Felsefesi | 9221 - Ekonomi ve İdari Bilimler / Ekonomi ve İdari Bilimler Programları | 4427 - Aşağıdaki lisans programlarından birinden mezun olmak. | 3158 - Ekonometri | 9359 - Finansal Ekonometri | 4429 - Aşağıdaki lisans programlarından birinden mezun olmak. | 3141 - Çalışma Ekonomisi ve Endüstri İlişkileri | 8312 - Çalışma Ekonomisi | 4431 - Aşağıdaki lisans programlarından birinden mezun olmak. | 3226 - İşletme / İşletmecilik | 3227 - İşletme Bilgi Yönetimi | 3381 - Muhasebe ve Finansman | 5123 - Muhasebe ve Finansal Yönetim / Muhasebe ve Finans Yönetimi | 5143 - Yönetim Bilimleri / Yönetim Bilimleri Programları | 8207 - İş İdaresi | 8208 - İş İdaresi ve İktisat | 8296 - Yönetim ve Organizasyon | 8334 - Pazarlama | 9552 - İşletme-Maliye | 9584 - Yönetim Bilimleri ve Liderlik | 4459 - Aşağıdaki lisans programlarından birinden mezun olmak. | 3254 - Maliye | 4322 - Muhasebe ve Maliye | 8225 - Maliye-Muhasebe | 4503 - Aşağıdaki lisans programlarından birinden mezun olmak. | 3237 - Kamu Yönetimi | 3313 - Siyaset Bilimi | 3314 - Siyaset Bilimi ve Kamu Yönetimi | 4507 - Aşağıdaki lisans programlarından birinden mezun olmak. | 3115 - Avrupa Birliği İlişkileri | 3313 - Siyaset Bilimi | 3315 - Siyaset Bilimi ve Uluslararası İlişkiler | 3352 - Uluslararası İlişkiler | 3353 - Uluslararası İlişkiler ve Avrupa Birliği | 4389 - Uluslararası İlişkiler ve Avrupa Çalışmaları | 5116 - Küresel ve Uluslararası İlişkiler / Küresel Siyaset ve Uluslararası İlişkiler | 5142 - Toplumsal ve Siyasal Bilimler | 9506 - Uluslararası İlişkiler ve Deniz Güvenliği | 9791 - Uluslararası Çalışmalar;c94d481e-0a81-ed11-8117-a0369f7d1486
2022;2;302015120;Türkiye Şeker Fabrikaları A.Ş. Genel Müdürlüğü;Mühendis;Yozgat;Lisans;1;;88.171;88.171;"4561;4306;6241;9192;9226;7247;7248";4561 - Aşağıdaki lisans programlarından birinden mezun olmak. | 4306 - Kimya ve Proses Mühendisliği | 6241 - Kimya Mühendisliği | 9192 - Kimya ve Süreç Mühendisliği | 9226 - Kimya Mühendisliği ve Uygulamalı Kimya | 7247 - Tehlikeli Ve Çok Tehlikeli İşlerde Çalışmasına Engel Bir Durumu Bulunmamak | 7248 - Vardiyalı Çalışmasına Engel Bir Durumu Bulunmamak;bd50481e-0a81-ed11-8117-a0369f7d1486
2022;2;302015204;Türkiye Taşkömürü Kurumu Genel Müdürlüğü;Mühendis;Zonguldak;Lisans;6;;88.149;88.644;"4639;3252;4314;4315;9441;7300";4639 - Aşağıdaki lisans programlarından birinden mezun olmak. | 3252 - Makine Mühendisliği | 4314 - Makine ve İmalat Mühendisliği | 4315 - Makine ve Üretim Mühendisliği | 9441 - Makine ve Malzeme Mühendisliği | 7300 - Bu kadro/pozisyonda vardiya sistemi uygulanmaktadır.;d350481e-0a81-ed11-8117-a0369f7d1486
2022;2;302011193;Devlet Demiryolları Taşımacılık A.Ş Genel Müdürlüğü;Memur;Ankara;Lisans;1;;88.129;88.129;"4099;3113;3153;3248;4309;8144;7368";4099 - Aşağıdaki lisans programlarından birinden mezun olmak. | 3113 - Arşivcilik | 3153 - Dokümantasyon ve Enformasyon | 3248 - Kütüphanecilik | 4309 - Kütüphanecilik ve Bilgi Çalışmaları | 8144 - Bilgi ve Belge Yönetimi | 7368 - (Bakınız Başvurma Özel Şartları Bölümü T.C. Devlet Demiryolları Taşımacılık A.Ş. Genel Müdürlüğü);6d4c481e-0a81-ed11-8117-a0369f7d1486
2022;2;302015260;Türkiye Uzay Ajansı;Mühendis;Ankara;Lisans;1;;88.035;88.035;"4691;3261;3301;5118;8227;8232;9304;9305;9389;4692;1407;9120;9431";4691 - Aşağıdaki lisans programlarından birinden mezun olmak. | 3261 - Metalurji ve Malzeme Mühendisliği | 3301 - Seramik Mühendisliği | 5118 - Malzeme Bilimi ve Mühendisliği | 8227 - Malzeme Mühendisliği | 8232 - Metalurji Mühendisliği | 9304 - Malzeme ve Seramil Mühendisliği | 9305 - Malzeme Bilimi ve Nanoteknoloki Mühendisliği / Malzeme Bilimi ve Nano Mühendisliği | 9389 - Nanoteknoloki Mühendisliği | 4692 - Aşağıdaki lisans programlarından birinden mezun olmak. | 1407 - Polimer Malzeme Mühendisliği | 9120 - Polimer Mühendisliği | 9431 - Lif ve Polimer Mühendisliği;df4c481e-0a81-ed11-8117-a0369f7d1486
2022;2;302015183;Türkiye Taşkömürü Kurumu Genel Müdürlüğü;Mühendis;Zonguldak;Lisans;2;;88.01;91.755;"4691;3261;3301;5118;8227;8232;9304;9305;9389";4691 - Aşağıdaki lisans programlarından birinden mezun olmak. | 3261 - Metalurji ve Malzeme Mühendisliği | 3301 - Seramik Mühendisliği | 5118 - Malzeme Bilimi ve Mühendisliği | 8227 - Malzeme Mühendisliği | 8232 - Metalurji Mühendisliği | 9304 - Malzeme ve Seramil Mühendisliği | 9305 - Malzeme Bilimi ve Nanoteknoloki Mühendisliği / Malzeme Bilimi ve Nano Mühendisliği | 9389 - Nanoteknoloki Mühendisliği;d050481e-0a81-ed11-8117-a0369f7d1486
2022;2;302014644;Türkiye Kömür İşletmeleri Kurumu Genel Müdürlüğü;Memur;Manisa;Lisans;3;;87.968;89.197;"4421;3159;3213;4386;5106;8208;9113;9221;4429;3141;8312;4431;3226;3227;3381;5123;5143;8207;8208;8296;8334;9552;9584;4459;3254;4322;8225;4503;3237;3313;3314;4507;3115;3313;3315;3352;3353;4389;5116;5142;9506;9791";4421 - Aşağıdaki lisans programlarından birinden mezun olmak. | 3159 - Ekonomi | 3213 - İktisat | 4386 - Uluslararası Ekonomi | 5106 - Ekonomi-Yönetim Bilimleri Programları | 8208 - İş İdaresi ve İktisat | 9113 - Ekonomi Politik ve Toplum Felsefesi | 9221 - Ekonomi ve İdari Bilimler / Ekonomi ve İdari Bilimler Programları | 4429 - Aşağıdaki lisans programlarından birinden mezun olmak. | 3141 - Çalışma Ekonomisi ve Endüstri İlişkileri | 8312 - Çalışma Ekonomisi | 4431 - Aşağıdaki lisans programlarından birinden mezun olmak. | 3226 - İşletme / İşletmecilik | 3227 - İşletme Bilgi Yönetimi | 3381 - Muhasebe ve Finansman | 5123 - Muhasebe ve Finansal Yönetim / Muhasebe ve Finans Yönetimi | 5143 - Yönetim Bilimleri / Yönetim Bilimleri Programları | 8207 - İş İdaresi | 8208 - İş İdaresi ve İktisat | 8296 - Yönetim ve Organizasyon | 8334 - Pazarlama | 9552 - İşletme-Maliye | 9584 - Yönetim Bilimleri ve Liderlik | 4459 - Aşağıdaki lisans programlarından birinden mezun olmak. | 3254 - Maliye | 4322 - Muhasebe ve Maliye | 8225 - Maliye-Muhasebe | 4503 - Aşağıdaki lisans programlarından birinden mezun olmak. | 3237 - Kamu Yönetimi | 3313 - Siyaset Bilimi | 3314 - Siyaset Bilimi ve Kamu Yönetimi | 4507 - Aşağıdaki lisans programlarından birinden mezun olmak. | 3115 - Avrupa Birliği İlişkileri | 3313 - Siyaset Bilimi | 3315 - Siyaset Bilimi ve Uluslararası İlişkiler | 3352 - Uluslararası İlişkiler | 3353 - Uluslararası İlişkiler ve Avrupa Birliği | 4389 - Uluslararası İlişkiler ve Avrupa Çalışmaları | 5116 - Küresel ve Uluslararası İlişkiler / Küresel Siyaset ve Uluslararası İlişkiler | 5142 - Toplumsal ve Siyasal Bilimler | 9506 - Uluslararası İlişkiler ve Deniz Güvenliği | 9791 - Uluslararası Çalışmalar;7c4f481e-0a81-ed11-8117-a0369f7d1486
2022;2;302011914;Elektrik Üretim A.Ş. Genel Müdürlüğü;Memur;Çorum;Lisans;2;;87.94;91.122;"4421;3159;3213;4386;5106;8208;9113;9221;4427;3158;9359;4429;3141;8312;4431;3226;3227;3381;5123;5143;8207;8208;8296;8334;9552;9584;4459;3254;4322;8225;4503;3237;3313;3314;4507;3115;3313;3315;3352;3353;4389;5116;5142;9506;9791";4421 - Aşağıdaki lisans programlarından birinden mezun olmak. | 3159 - Ekonomi | 3213 - İktisat | 4386 - Uluslararası Ekonomi | 5106 - Ekonomi-Yönetim Bilimleri Programları | 8208 - İş İdaresi ve İktisat | 9113 - Ekonomi Politik ve Toplum Felsefesi | 9221 - Ekonomi ve İdari Bilimler / Ekonomi ve İdari Bilimler Programları | 4427 - Aşağıdaki lisans programlarından birinden mezun olmak. | 3158 - Ekonometri | 9359 - Finansal Ekonometri | 4429 - Aşağıdaki lisans programlarından birinden mezun olmak. | 3141 - Çalışma Ekonomisi ve Endüstri İlişkileri | 8312 - Çalışma Ekonomisi | 4431 - Aşağıdaki lisans programlarından birinden mezun olmak. | 3226 - İşletme / İşletmecilik | 3227 - İşletme Bilgi Yönetimi | 3381 - Muhasebe ve Finansman | 5123 - Muhasebe ve Finansal Yönetim / Muhasebe ve Finans Yönetimi | 5143 - Yönetim Bilimleri / Yönetim Bilimleri Programları | 8207 - İş İdaresi | 8208 - İş İdaresi ve İktisat | 8296 - Yönetim ve Organizasyon | 8334 - Pazarlama | 9552 - İşletme-Maliye | 9584 - Yönetim Bilimleri ve Liderlik | 4459 - Aşağıdaki lisans programlarından birinden mezun olmak. | 3254 - Maliye | 4322 - Muhasebe ve Maliye | 8225 - Maliye-Muhasebe | 4503 - Aşağıdaki lisans programlarından birinden mezun olmak. | 3237 - Kamu Yönetimi | 3313 - Siyaset Bilimi | 3314 - Siyaset Bilimi ve Kamu Yönetimi | 4507 - Aşağıdaki lisans programlarından birinden mezun olmak. | 3115 - Avrupa Birliği İlişkileri | 3313 - Siyaset Bilimi | 3315 - Siyaset Bilimi ve Uluslararası İlişkiler | 3352 - Uluslararası İlişkiler | 3353 - Uluslararası İlişkiler ve Avrupa Birliği | 4389 - Uluslararası İlişkiler ve Avrupa Çalışmaları | 5116 - Küresel ve Uluslararası İlişkiler / Küresel Siyaset ve Uluslararası İlişkiler | 5142 - Toplumsal ve Siyasal Bilimler | 9506 - Uluslararası İlişkiler ve Deniz Güvenliği | 9791 - Uluslararası Çalışmalar;6b4d481e-0a81-ed11-8117-a0369f7d1486
2022;2;302010101;Abdullah Gül Üniversitesi;Bilgisayar İşletmeni;Kayseri;Lisans;1;;87.937;87.937;"4421;3159;3213;4386;5106;8208;9113;9221;4431;3226;3227;3381;5123;5143;8207;8208;8296;8334;9552;9584;4459;3254;4322;8225;4503;3237;3313;3314;6225";4421 - Aşağıdaki lisans programlarından birinden mezun olmak. | 3159 - Ekonomi | 3213 - İktisat | 4386 - Uluslararası Ekonomi | 5106 - Ekonomi-Yönetim Bilimleri Programları | 8208 - İş İdaresi ve İktisat | 9113 - Ekonomi Politik ve Toplum Felsefesi | 9221 - Ekonomi ve İdari Bilimler / Ekonomi ve İdari Bilimler Programları | 4431 - Aşağıdaki lisans programlarından birinden mezun olmak. | 3226 - İşletme / İşletmecilik | 3227 - İşletme Bilgi Yönetimi | 3381 - Muhasebe ve Finansman | 5123 - Muhasebe ve Finansal Yönetim / Muhasebe ve Finans Yönetimi | 5143 - Yönetim Bilimleri / Yönetim Bilimleri Programları | 8207 - İş İdaresi | 8208 - İş İdaresi ve İktisat | 8296 - Yönetim ve Organizasyon | 8334 - Pazarlama | 9552 - İşletme-Maliye | 9584 - Yönetim Bilimleri ve Liderlik | 4459 - Aşağıdaki lisans programlarından birinden mezun olmak. | 3254 - Maliye | 4322 - Muhasebe ve Maliye | 8225 - Maliye-Muhasebe | 4503 - Aşağıdaki lisans programlarından birinden mezun olmak. | 3237 - Kamu Yönetimi | 3313 - Siyaset Bilimi | 3314 - Siyaset Bilimi ve Kamu Yönetimi | 6225 - M.E.B.'Dan Onaylı Bilgisayar İşletmeni Sertifikası Sahibi olmak.;ef4e481e-0a81-ed11-8117-a0369f7d1486
2022;2;302012670;Kırıkkale Üniversitesi;Mühendis;Kırıkkale;Lisans;1;;87.928;87.928;"4531;3124;5103;5137;8141;8156";4531 - Aşağıdaki lisans programlarından birinden mezun olmak. | 3124 - Bilgisayar Mühendisliği | 5103 - Bilişim Sistemleri Mühendisliği | 5137 - Bilgisayar Bilimi ve Mühendisliği / Bilgisayar Bilimleri Mühendisliği | 8141 - Kontrol ve Bilgisayar Mühendisliği | 8156 - Bilgisayar ve Enformatik Mühendisliği;1051481e-0a81-ed11-8117-a0369f7d1486
2022;2;302015029;Türkiye Şeker Fabrikaları A.Ş. Genel Müdürlüğü;Mühendis;Elazığ;Lisans;1;;87.879;87.879;"4639;3252;4314;4315;9441;7163;7247;7248";4639 - Aşağıdaki lisans programlarından birinden mezun olmak. | 3252 - Makine Mühendisliği | 4314 - Makine ve İmalat Mühendisliği | 4315 - Makine ve Üretim Mühendisliği | 9441 - Makine ve Malzeme Mühendisliği | 7163 - C Sınıfı İş Güvenliği Uzmanı belgesine sahip olmak. | 7247 - Tehlikeli Ve Çok Tehlikeli İşlerde Çalışmasına Engel Bir Durumu Bulunmamak | 7248 - Vardiyalı Çalışmasına Engel Bir Durumu Bulunmamak;8b4d481e-0a81-ed11-8117-a0369f7d1486
2022;2;302010493;Afet ve Acil Durum Yönetimi Başkanlığı;Şehir Plancısı;Şırnak;Lisans;1;;87.837;87.837;"4757;3322";4757 - Aşağıdaki lisans programlarından birinden mezun olmak. | 3322 - Şehir ve Bölge Planlama;2251481e-0a81-ed11-8117-a0369f7d1486
2022;2;302012138;Fırat Üniversitesi;Veteriner Hekim;Elazığ;Lisans;1;;87.789;87.789;"4607;6373";4607 - Aşağıdaki lisans programlarından birinden mezun olmak. | 6373 - Veteriner;984d481e-0a81-ed11-8117-a0369f7d1486
2022;2;302011172;Devlet Demiryolları Taşımacılık A.Ş Genel Müdürlüğü;Memur;Afyonkarahisar;Lisans;1;;87.758;87.758;"4429;3141;8312;4502;8328;9318;4503;3237;3313;3314;7368";4429 - Aşağıdaki lisans programlarından birinden mezun olmak. | 3141 - Çalışma Ekonomisi ve Endüstri İlişkileri | 8312 - Çalışma Ekonomisi | 4502 - Aşağıdaki lisans programlarından birinden mezun olmak. | 8328 - İnsan Kaynakları Yönetimi | 9318 - İnsan Kaynakları | 4503 - Aşağıdaki lisans programlarından birinden mezun olmak. | 3237 - Kamu Yönetimi | 3313 - Siyaset Bilimi | 3314 - Siyaset Bilimi ve Kamu Yönetimi | 7368 - (Bakınız Başvurma Özel Şartları Bölümü T.C. Devlet Demiryolları Taşımacılık A.Ş. Genel Müdürlüğü);074c481e-0a81-ed11-8117-a0369f7d1486
2022;2;302012803;Maden ve Petrol İşleri Genel Müdürlüğü;İstatistikçi;Ankara;Lisans;1;;87.758;87.758;"4524;3224;4525;3223;8229";4524 - Aşağıdaki lisans programlarından birinden mezun olmak. | 3224 - İstatistik ve Bilgisayar Bilimleri | 4525 - Aşağıdaki lisans programlarından birinden mezun olmak. | 3223 - İstatistik | 8229 - Matematik ve İstatistik;5f4c481e-0a81-ed11-8117-a0369f7d1486
2022;2;302011501;Devlet Hava Meydanları İşletmesi Genel Müdürlüğü;Apron Memuru;Kars;Lisans;1;;87.755;87.755;"4493;3312;8325;9345;9370;9428;9534;6506;7302;7321;7322";4493 - Aşağıdaki lisans programlarından birinden mezun olmak. | 3312 - Sivil Hava Ulaştırma İşletmeciliği | 8325 - Havacılık | 9345 - Havacılık İşletmeciliği | 9370 - Sivil Hava İşletmeciliği | 9428 - Havacılık Yönetimi | 9534 - Sivil Havacılık İşletmeciliği | 6506 - B sınıfı sürücü belgesine sahip olmak | 7302 - Bakınız Başvurma Özel Şartları Bölümü Şoför | 7321 - (Bakınız Başvurma Özel Şartları Bölümü Zabıt Katibi). | 7322 - (Bakınız Başvurma Özel Şartları Bölümü Devlet Hava Meydanları İşletmesi Genel Müdürlüğü).;c74e481e-0a81-ed11-8117-a0369f7d1486
2022;2;302015085;Türkiye Şeker Fabrikaları A.Ş. Genel Müdürlüğü;Mühendis;Konya;Lisans;1;;87.704;87.704;"4639;3252;4314;4315;9441;7163;7247;7248";4639 - Aşağıdaki lisans programlarından birinden mezun olmak. | 3252 - Makine Mühendisliği | 4314 - Makine ve İmalat Mühendisliği | 4315 - Makine ve Üretim Mühendisliği | 9441 - Makine ve Malzeme Mühendisliği | 7163 - C Sınıfı İş Güvenliği Uzmanı belgesine sahip olmak. | 7247 - Tehlikeli Ve Çok Tehlikeli İşlerde Çalışmasına Engel Bir Durumu Bulunmamak | 7248 - Vardiyalı Çalışmasına Engel Bir Durumu Bulunmamak;234f481e-0a81-ed11-8117-a0369f7d1486
2022;2;302011543;Devlet Hava Meydanları İşletmesi Genel Müdürlüğü;Apron Memuru;Şırnak;Lisans;1;;87.633;87.633;"4493;3312;8325;9345;9370;9428;9534;6506;7302;7321;7322";4493 - Aşağıdaki lisans programlarından birinden mezun olmak. | 3312 - Sivil Hava Ulaştırma İşletmeciliği | 8325 - Havacılık | 9345 - Havacılık İşletmeciliği | 9370 - Sivil Hava İşletmeciliği | 9428 - Havacılık Yönetimi | 9534 - Sivil Havacılık İşletmeciliği | 6506 - B sınıfı sürücü belgesine sahip olmak | 7302 - Bakınız Başvurma Özel Şartları Bölümü Şoför | 7321 - (Bakınız Başvurma Özel Şartları Bölümü Zabıt Katibi). | 7322 - (Bakınız Başvurma Özel Şartları Bölümü Devlet Hava Meydanları İşletmesi Genel Müdürlüğü).;2151481e-0a81-ed11-8117-a0369f7d1486
2022;2;302014196;Ticaret Bakanlığı;Tüketici Hakem Heyeti Raportörü;Konya;Lisans;1;;87.619;87.619;"4421;3159;3213;4386;5106;8208;9113;9221;4427;3158;9359;4429;3141;8312;4431;3226;3227;3381;5123;5143;8207;8208;8296;8334;9552;9584;4459;3254;4322;8225";4421 - Aşağıdaki lisans programlarından birinden mezun olmak. | 3159 - Ekonomi | 3213 - İktisat | 4386 - Uluslararası Ekonomi | 5106 - Ekonomi-Yönetim Bilimleri Programları | 8208 - İş İdaresi ve İktisat | 9113 - Ekonomi Politik ve Toplum Felsefesi | 9221 - Ekonomi ve İdari Bilimler / Ekonomi ve İdari Bilimler Programları | 4427 - Aşağıdaki lisans programlarından birinden mezun olmak. | 3158 - Ekonometri | 9359 - Finansal Ekonometri | 4429 - Aşağıdaki lisans programlarından birinden mezun olmak. | 3141 - Çalışma Ekonomisi ve Endüstri İlişkileri | 8312 - Çalışma Ekonomisi | 4431 - Aşağıdaki lisans programlarından birinden mezun olmak. | 3226 - İşletme / İşletmecilik | 3227 - İşletme Bilgi Yönetimi | 3381 - Muhasebe ve Finansman | 5123 - Muhasebe ve Finansal Yönetim / Muhasebe ve Finans Yönetimi | 5143 - Yönetim Bilimleri / Yönetim Bilimleri Programları | 8207 - İş İdaresi | 8208 - İş İdaresi ve İktisat | 8296 - Yönetim ve Organizasyon | 8334 - Pazarlama | 9552 - İşletme-Maliye | 9584 - Yönetim Bilimleri ve Liderlik | 4459 - Aşağıdaki lisans programlarından birinden mezun olmak. | 3254 - Maliye | 4322 - Muhasebe ve Maliye | 8225 - Maliye-Muhasebe;2a4f481e-0a81-ed11-8117-a0369f7d1486
2022;2;302013930;Tarım İşletmeleri Genel Müdürlüğü;Mühendis;Ankara;Lisans;2;;87.503;88.329;"4531;3124;5103;5137;8141;8156;4533;5134;9343;7257;7273;7283;7284;7290";4531 - Aşağıdaki lisans programlarından birinden mezun olmak. | 3124 - Bilgisayar Mühendisliği | 5103 - Bilişim Sistemleri Mühendisliği | 5137 - Bilgisayar Bilimi ve Mühendisliği / Bilgisayar Bilimleri Mühendisliği | 8141 - Kontrol ve Bilgisayar Mühendisliği | 8156 - Bilgisayar ve Enformatik Mühendisliği | 4533 - Aşağıdaki lisans programlarından birinden mezun olmak. | 5134 - Yazılım Mühendisliği | 9343 - Bilgisayar ve Yazılım Mühendisliği | 7257 - Seyahate ve Arazide Çalışmaya Elverişli olmak. | 7273 - SQL veya PL/SQL bildiğini belgelemek. | 7283 - Web tasarımı konusunda belge sahibi olmak. | 7284 - MS Visual Studio.Net(ASP.NET,C#) Platformunda WEB TABANLI YAZILIM Geliştirme Konusunda Bilgi Sahibi Olduğunu veya Bu Konuda Çalışma Yaptığını Belgelemek. | 7290 - C# Programlama Dili Bildiğini veya C# Kullanarak Çalışma Yaptığını Belgelemek.;3a4c481e-0a81-ed11-8117-a0369f7d1486
2022;2;302014630;Türkiye Kömür İşletmeleri Kurumu Genel Müdürlüğü;Memur;Kütahya;Lisans;2;;87.498;88.121;"4421;3159;3213;4386;5106;8208;9113;9221;4429;3141;8312;4431;3226;3227;3381;5123;5143;8207;8208;8296;8334;9552;9584;4459;3254;4322;8225;4503;3237;3313;3314;4507;3115;3313;3315;3352;3353;4389;5116;5142;9506;9791";4421 - Aşağıdaki lisans programlarından birinden mezun olmak. | 3159 - Ekonomi | 3213 - İktisat | 4386 - Uluslararası Ekonomi | 5106 - Ekonomi-Yönetim Bilimleri Programları | 8208 - İş İdaresi ve İktisat | 9113 - Ekonomi Politik ve Toplum Felsefesi | 9221 - Ekonomi ve İdari Bilimler / Ekonomi ve İdari Bilimler Programları | 4429 - Aşağıdaki lisans programlarından birinden mezun olmak. | 3141 - Çalışma Ekonomisi ve Endüstri İlişkileri | 8312 - Çalışma Ekonomisi | 4431 - Aşağıdaki lisans programlarından birinden mezun olmak. | 3226 - İşletme / İşletmecilik | 3227 - İşletme Bilgi Yönetimi | 3381 - Muhasebe ve Finansman | 5123 - Muhasebe ve Finansal Yönetim / Muhasebe ve Finans Yönetimi | 5143 - Yönetim Bilimleri / Yönetim Bilimleri Programları | 8207 - İş İdaresi | 8208 - İş İdaresi ve İktisat | 8296 - Yönetim ve Organizasyon | 8334 - Pazarlama | 9552 - İşletme-Maliye | 9584 - Yönetim Bilimleri ve Liderlik | 4459 - Aşağıdaki lisans programlarından birinden mezun olmak. | 3254 - Maliye | 4322 - Muhasebe ve Maliye | 8225 - Maliye-Muhasebe | 4503 - Aşağıdaki lisans programlarından birinden mezun olmak. | 3237 - Kamu Yönetimi | 3313 - Siyaset Bilimi | 3314 - Siyaset Bilimi ve Kamu Yönetimi | 4507 - Aşağıdaki lisans programlarından birinden mezun olmak. | 3115 - Avrupa Birliği İlişkileri | 3313 - Siyaset Bilimi | 3315 - Siyaset Bilimi ve Uluslararası İlişkiler | 3352 - Uluslararası İlişkiler | 3353 - Uluslararası İlişkiler ve Avrupa Birliği | 4389 - Uluslararası İlişkiler ve Avrupa Çalışmaları | 5116 - Küresel ve Uluslararası İlişkiler / Küresel Siyaset ve Uluslararası İlişkiler | 5142 - Toplumsal ve Siyasal Bilimler | 9506 - Uluslararası İlişkiler ve Deniz Güvenliği | 9791 - Uluslararası Çalışmalar;4a4f481e-0a81-ed11-8117-a0369f7d1486
2022;2;302010591;Akdeniz Üniversitesi;Psikolog;Antalya;Lisans;1;;87.44;87.44;"4131;3286";4131 - Aşağıdaki lisans programlarından birinden mezun olmak. | 3286 - Psikoloji;ea4c481e-0a81-ed11-8117-a0369f7d1486
2022;2;302014112;Ticaret Bakanlığı;Tüketici Hakem Heyeti Raportörü;Amasya;Lisans;1;;87.432;87.432;"4421;3159;3213;4386;5106;8208;9113;9221;4427;3158;9359;4429;3141;8312;4431;3226;3227;3381;5123;5143;8207;8208;8296;8334;9552;9584;4459;3254;4322;8225";4421 - Aşağıdaki lisans programlarından birinden mezun olmak. | 3159 - Ekonomi | 3213 - İktisat | 4386 - Uluslararası Ekonomi | 5106 - Ekonomi-Yönetim Bilimleri Programları | 8208 - İş İdaresi ve İktisat | 9113 - Ekonomi Politik ve Toplum Felsefesi | 9221 - Ekonomi ve İdari Bilimler / Ekonomi ve İdari Bilimler Programları | 4427 - Aşağıdaki lisans programlarından birinden mezun olmak. | 3158 - Ekonometri | 9359 - Finansal Ekonometri | 4429 - Aşağıdaki lisans programlarından birinden mezun olmak. | 3141 - Çalışma Ekonomisi ve Endüstri İlişkileri | 8312 - Çalışma Ekonomisi | 4431 - Aşağıdaki lisans programlarından birinden mezun olmak. | 3226 - İşletme / İşletmecilik | 3227 - İşletme Bilgi Yönetimi | 3381 - Muhasebe ve Finansman | 5123 - Muhasebe ve Finansal Yönetim / Muhasebe ve Finans Yönetimi | 5143 - Yönetim Bilimleri / Yönetim Bilimleri Programları | 8207 - İş İdaresi | 8208 - İş İdaresi ve İktisat | 8296 - Yönetim ve Organizasyon | 8334 - Pazarlama | 9552 - İşletme-Maliye | 9584 - Yönetim Bilimleri ve Liderlik | 4459 - Aşağıdaki lisans programlarından birinden mezun olmak. | 3254 - Maliye | 4322 - Muhasebe ve Maliye | 8225 - Maliye-Muhasebe;344c481e-0a81-ed11-8117-a0369f7d1486
2022;2;302014616;Türkiye Kömür İşletmeleri Kurumu Genel Müdürlüğü;Memur;Ankara;Lisans;8;;87.396;89.46;"4421;3159;3213;4386;5106;8208;9113;9221;4429;3141;8312;4431;3226;3227;3381;5123;5143;8207;8208;8296;8334;9552;9584;4459;3254;4322;8225;4503;3237;3313;3314;4507;3115;3313;3315;3352;3353;4389;5116;5142;9506;9791";4421 - Aşağıdaki lisans programlarından birinden mezun olmak. | 3159 - Ekonomi | 3213 - İktisat | 4386 - Uluslararası Ekonomi | 5106 - Ekonomi-Yönetim Bilimleri Programları | 8208 - İş İdaresi ve İktisat | 9113 - Ekonomi Politik ve Toplum Felsefesi | 9221 - Ekonomi ve İdari Bilimler / Ekonomi ve İdari Bilimler Programları | 4429 - Aşağıdaki lisans programlarından birinden mezun olmak. | 3141 - Çalışma Ekonomisi ve Endüstri İlişkileri | 8312 - Çalışma Ekonomisi | 4431 - Aşağıdaki lisans programlarından birinden mezun olmak. | 3226 - İşletme / İşletmecilik | 3227 - İşletme Bilgi Yönetimi | 3381 - Muhasebe ve Finansman | 5123 - Muhasebe ve Finansal Yönetim / Muhasebe ve Finans Yönetimi | 5143 - Yönetim Bilimleri / Yönetim Bilimleri Programları | 8207 - İş İdaresi | 8208 - İş İdaresi ve İktisat | 8296 - Yönetim ve Organizasyon | 8334 - Pazarlama | 9552 - İşletme-Maliye | 9584 - Yönetim Bilimleri ve Liderlik | 4459 - Aşağıdaki lisans programlarından birinden mezun olmak. | 3254 - Maliye | 4322 - Muhasebe ve Maliye | 8225 - Maliye-Muhasebe | 4503 - Aşağıdaki lisans programlarından birinden mezun olmak. | 3237 - Kamu Yönetimi | 3313 - Siyaset Bilimi | 3314 - Siyaset Bilimi ve Kamu Yönetimi | 4507 - Aşağıdaki lisans programlarından birinden mezun olmak. | 3115 - Avrupa Birliği İlişkileri | 3313 - Siyaset Bilimi | 3315 - Siyaset Bilimi ve Uluslararası İlişkiler | 3352 - Uluslararası İlişkiler | 3353 - Uluslararası İlişkiler ve Avrupa Birliği | 4389 - Uluslararası İlişkiler ve Avrupa Çalışmaları | 5116 - Küresel ve Uluslararası İlişkiler / Küresel Siyaset ve Uluslararası İlişkiler | 5142 - Toplumsal ve Siyasal Bilimler | 9506 - Uluslararası İlişkiler ve Deniz Güvenliği | 9791 - Uluslararası Çalışmalar;4e4c481e-0a81-ed11-8117-a0369f7d1486
2022;2;302011207;Devlet Demiryolları Taşımacılık A.Ş Genel Müdürlüğü;Memur;Ankara;Lisans;2;;87.387;91.955;"4431;3226;3227;3381;5123;5143;8207;8208;8296;8334;9552;9584;7368";4431 - Aşağıdaki lisans programlarından birinden mezun olmak. | 3226 - İşletme / İşletmecilik | 3227 - İşletme Bilgi Yönetimi | 3381 - Muhasebe ve Finansman | 5123 - Muhasebe ve Finansal Yönetim / Muhasebe ve Finans Yönetimi | 5143 - Yönetim Bilimleri / Yönetim Bilimleri Programları | 8207 - İş İdaresi | 8208 - İş İdaresi ve İktisat | 8296 - Yönetim ve Organizasyon | 8334 - Pazarlama | 9552 - İşletme-Maliye | 9584 - Yönetim Bilimleri ve Liderlik | 7368 - (Bakınız Başvurma Özel Şartları Bölümü T.C. Devlet Demiryolları Taşımacılık A.Ş. Genel Müdürlüğü);6f4c481e-0a81-ed11-8117-a0369f7d1486
2022;2;302014252;Tokat Gaziosmanpaşa Üniversitesi;Memur;Tokat;Lisans;1;;87.373;87.373;"4243;7158;7211;8345;4285;3287;3288;3289;3307;3308;5126;8246;8247;8292;9309";4243 - Aşağıdaki lisans programlarından birinden mezun olmak. | 7158 - Fotoğraf | 7211 - Fotoğraf ve Video | 8345 - Fotoğraf ve Grafik Sanatlar | 4285 - Aşağıdaki lisans programlarından birinden mezun olmak. | 3287 - Radyo, Sinema ve Televizyon / Radyo, Televizyon ve Sinema / Radyo-Televizyon, Sinema | 3288 - Radyo, Tv ve Sinema | 3289 - Radyo-Tv-Sinema | 3307 - Sinema ve Televizyon | 3308 - Sinema-Tv | 5126 - Radyo-Tv-Sinema ve Görsel Sanatlar | 8246 - Sinema-Tv Fotoğraf / Sinema-Tv-Fotoğraf | 8247 - Radyo ve Televizyon / Radyo-Tv | 8292 - Sinema | 9309 - Sinema ve Dijital Medya;5150481e-0a81-ed11-8117-a0369f7d1486
2022;2;302011508;Devlet Hava Meydanları İşletmesi Genel Müdürlüğü;Apron Memuru;Mardin;Lisans;1;;87.331;87.331;"4493;3312;8325;9345;9370;9428;9534;6506;7302;7321;7322";4493 - Aşağıdaki lisans programlarından birinden mezun olmak. | 3312 - Sivil Hava Ulaştırma İşletmeciliği | 8325 - Havacılık | 9345 - Havacılık İşletmeciliği | 9370 - Sivil Hava İşletmeciliği | 9428 - Havacılık Yönetimi | 9534 - Sivil Havacılık İşletmeciliği | 6506 - B sınıfı sürücü belgesine sahip olmak | 7302 - Bakınız Başvurma Özel Şartları Bölümü Şoför | 7321 - (Bakınız Başvurma Özel Şartları Bölümü Zabıt Katibi). | 7322 - (Bakınız Başvurma Özel Şartları Bölümü Devlet Hava Meydanları İşletmesi Genel Müdürlüğü).;8e4f481e-0a81-ed11-8117-a0369f7d1486
2022;2;302010528;Afyon Kocatepe Üniversitesi;Memur;Afyonkarahisar;Lisans;1;;87.325;87.325;"4275;3121;6188;8122;8148;8191;9408";4275 - Aşağıdaki lisans programlarından birinden mezun olmak. | 3121 - Basın ve Yayın / Basın-Yayın | 6188 - Gazetecilik | 8122 - Basım ve Yayımcılık | 8148 - Basın ve Yayımcılık | 8191 - Gazetecilik ve Halkla İlişkiler | 9408 - Gazetecilik ve Kiitle İletişimi;0b4c481e-0a81-ed11-8117-a0369f7d1486
2022;2;302014910;Türkiye Şeker Fabrikaları A.Ş. Genel Müdürlüğü;Memur;Eskişehir;Lisans;3;;87.325;89.306;"4421;3159;3213;4386;5106;8208;9113;9221;4431;3226;3227;3381;5123;5143;8207;8208;8296;8334;9552;9584;4441;4367;4453;3268;3269;3381;4322;5123;9115;9262;9308;4459;3254;4322;8225;4465;3117;3118;4294;6119;9371;9463;9988;4503;3237;3313;3314;7248";4421 - Aşağıdaki lisans programlarından birinden mezun olmak. | 3159 - Ekonomi | 3213 - İktisat | 4386 - Uluslararası Ekonomi | 5106 - Ekonomi-Yönetim Bilimleri Programları | 8208 - İş İdaresi ve İktisat | 9113 - Ekonomi Politik ve Toplum Felsefesi | 9221 - Ekonomi ve İdari Bilimler / Ekonomi ve İdari Bilimler Programları | 4431 - Aşağıdaki lisans programlarından birinden mezun olmak. | 3226 - İşletme / İşletmecilik | 3227 - İşletme Bilgi Yönetimi | 3381 - Muhasebe ve Finansman | 5123 - Muhasebe ve Finansal Yönetim / Muhasebe ve Finans Yönetimi | 5143 - Yönetim Bilimleri / Yönetim Bilimleri Programları | 8207 - İş İdaresi | 8208 - İş İdaresi ve İktisat | 8296 - Yönetim ve Organizasyon | 8334 - Pazarlama | 9552 - İşletme-Maliye | 9584 - Yönetim Bilimleri ve Liderlik | 4441 - Aşağıdaki lisans programlarından birinden mezun olmak. | 4367 - Ticaret Ekonomisi | 4453 - Aşağıdaki lisans programlarından birinden mezun olmak. | 3268 - Muhasebe | 3269 - Muhasebe Bilgi Sistemleri | 3381 - Muhasebe ve Finansman | 4322 - Muhasebe ve Maliye | 5123 - Muhasebe ve Finansal Yönetim / Muhasebe ve Finans Yönetimi | 9115 - Muhasebe ve Denetim | 9262 - Finans ve Muhasebe | 9308 - İşletme-Muhasebe ve Denetim | 4459 - Aşağıdaki lisans programlarından birinden mezun olmak. | 3254 - Maliye | 4322 - Muhasebe ve Maliye | 8225 - Maliye-Muhasebe | 4465 - Aşağıdaki lisans programlarından birinden mezun olmak. | 3117 - Bankacılık | 3118 - Bankacılık Finans | 4294 - İşletme Ekonomisi | 6119 - Bankacılık ve Finans / Bankacılık ve Finansman | 9371 - Finans ve Bankacılık | 9463 - İşletme Ekonomisi ve Finans | 9988 - Bankacılık ve Finans | 4503 - Aşağıdaki lisans programlarından birinden mezun olmak. | 3237 - Kamu Yönetimi | 3313 - Siyaset Bilimi | 3314 - Siyaset Bilimi ve Kamu Yönetimi | 7248 - Vardiyalı Çalışmasına Engel Bir Durumu Bulunmamak;c24d481e-0a81-ed11-8117-a0369f7d1486
2022;2;302011459;Devlet Hava Meydanları İşletmesi Genel Müdürlüğü;Apron Memuru;Ağrı;Lisans;1;;87.297;87.297;"4493;3312;8325;9345;9370;9428;9534;6506;7302;7321;7322";4493 - Aşağıdaki lisans programlarından birinden mezun olmak. | 3312 - Sivil Hava Ulaştırma İşletmeciliği | 8325 - Havacılık | 9345 - Havacılık İşletmeciliği | 9370 - Sivil Hava İşletmeciliği | 9428 - Havacılık Yönetimi | 9534 - Sivil Havacılık İşletmeciliği | 6506 - B sınıfı sürücü belgesine sahip olmak | 7302 - Bakınız Başvurma Özel Şartları Bölümü Şoför | 7321 - (Bakınız Başvurma Özel Şartları Bölümü Zabıt Katibi). | 7322 - (Bakınız Başvurma Özel Şartları Bölümü Devlet Hava Meydanları İşletmesi Genel Müdürlüğü).;1d4c481e-0a81-ed11-8117-a0369f7d1486
2022;2;302012572;Karabük Üniversitesi;Psikolog;Karabük;Lisans;1;;87.297;87.297;"4131;3286";4131 - Aşağıdaki lisans programlarından birinden mezun olmak. | 3286 - Psikoloji;5c51481e-0a81-ed11-8117-a0369f7d1486
2022;2;302014462;Trabzon Üniversitesi;Memur;Trabzon;Lisans;1;;87.297;87.297;"4503;3237;3313;3314";4503 - Aşağıdaki lisans programlarından birinden mezun olmak. | 3237 - Kamu Yönetimi | 3313 - Siyaset Bilimi | 3314 - Siyaset Bilimi ve Kamu Yönetimi;6150481e-0a81-ed11-8117-a0369f7d1486
2022;2;302014903;Türkiye Şeker Fabrikaları A.Ş. Genel Müdürlüğü;Memur;Ankara;Lisans;1;;87.285;87.285;"4426;5105;6229;4429;3141;8312;4431;3226;3227;3381;5123;5143;8207;8208;8296;8334;9552;9584;4502;8328;9318;4503;3237;3313;3314;7248";4426 - Aşağıdaki lisans programlarından birinden mezun olmak. | 5105 - Ekonomi ve Finans | 6229 - İşletme-Ekonomi / İşletme-İktisat | 4429 - Aşağıdaki lisans programlarından birinden mezun olmak. | 3141 - Çalışma Ekonomisi ve Endüstri İlişkileri | 8312 - Çalışma Ekonomisi | 4431 - Aşağıdaki lisans programlarından birinden mezun olmak. | 3226 - İşletme / İşletmecilik | 3227 - İşletme Bilgi Yönetimi | 3381 - Muhasebe ve Finansman | 5123 - Muhasebe ve Finansal Yönetim / Muhasebe ve Finans Yönetimi | 5143 - Yönetim Bilimleri / Yönetim Bilimleri Programları | 8207 - İş İdaresi | 8208 - İş İdaresi ve İktisat | 8296 - Yönetim ve Organizasyon | 8334 - Pazarlama | 9552 - İşletme-Maliye | 9584 - Yönetim Bilimleri ve Liderlik | 4502 - Aşağıdaki lisans programlarından birinden mezun olmak. | 8328 - İnsan Kaynakları Yönetimi | 9318 - İnsan Kaynakları | 4503 - Aşağıdaki lisans programlarından birinden mezun olmak. | 3237 - Kamu Yönetimi | 3313 - Siyaset Bilimi | 3314 - Siyaset Bilimi ve Kamu Yönetimi | 7248 - Vardiyalı Çalışmasına Engel Bir Durumu Bulunmamak;d94c481e-0a81-ed11-8117-a0369f7d1486
2022;2;302014469;Trabzon Üniversitesi;Memur;Trabzon;Lisans;1;;87.277;87.277;"4503;3237;3313;3314";4503 - Aşağıdaki lisans programlarından birinden mezun olmak. | 3237 - Kamu Yönetimi | 3313 - Siyaset Bilimi | 3314 - Siyaset Bilimi ve Kamu Yönetimi;6250481e-0a81-ed11-8117-a0369f7d1486
2022;2;302014924;Türkiye Şeker Fabrikaları A.Ş. Genel Müdürlüğü;Memur;Kastamonu;Lisans;1;;87.277;87.277;"4421;3159;3213;4386;5106;8208;9113;9221;4431;3226;3227;3381;5123;5143;8207;8208;8296;8334;9552;9584;4441;4367;4453;3268;3269;3381;4322;5123;9115;9262;9308;4459;3254;4322;8225;4465;3117;3118;4294;6119;9371;9463;9988;4503;3237;3313;3314;7248";4421 - Aşağıdaki lisans programlarından birinden mezun olmak. | 3159 - Ekonomi | 3213 - İktisat | 4386 - Uluslararası Ekonomi | 5106 - Ekonomi-Yönetim Bilimleri Programları | 8208 - İş İdaresi ve İktisat | 9113 - Ekonomi Politik ve Toplum Felsefesi | 9221 - Ekonomi ve İdari Bilimler / Ekonomi ve İdari Bilimler Programları | 4431 - Aşağıdaki lisans programlarından birinden mezun olmak. | 3226 - İşletme / İşletmecilik | 3227 - İşletme Bilgi Yönetimi | 3381 - Muhasebe ve Finansman | 5123 - Muhasebe ve Finansal Yönetim / Muhasebe ve Finans Yönetimi | 5143 - Yönetim Bilimleri / Yönetim Bilimleri Programları | 8207 - İş İdaresi | 8208 - İş İdaresi ve İktisat | 8296 - Yönetim ve Organizasyon | 8334 - Pazarlama | 9552 - İşletme-Maliye | 9584 - Yönetim Bilimleri ve Liderlik | 4441 - Aşağıdaki lisans programlarından birinden mezun olmak. | 4367 - Ticaret Ekonomisi | 4453 - Aşağıdaki lisans programlarından birinden mezun olmak. | 3268 - Muhasebe | 3269 - Muhasebe Bilgi Sistemleri | 3381 - Muhasebe ve Finansman | 4322 - Muhasebe ve Maliye | 5123 - Muhasebe ve Finansal Yönetim / Muhasebe ve Finans Yönetimi | 9115 - Muhasebe ve Denetim | 9262 - Finans ve Muhasebe | 9308 - İşletme-Muhasebe ve Denetim | 4459 - Aşağıdaki lisans programlarından birinden mezun olmak. | 3254 - Maliye | 4322 - Muhasebe ve Maliye | 8225 - Maliye-Muhasebe | 4465 - Aşağıdaki lisans programlarından birinden mezun olmak. | 3117 - Bankacılık | 3118 - Bankacılık Finans | 4294 - İşletme Ekonomisi | 6119 - Bankacılık ve Finans / Bankacılık ve Finansman | 9371 - Finans ve Bankacılık | 9463 - İşletme Ekonomisi ve Finans | 9988 - Bankacılık ve Finans | 4503 - Aşağıdaki lisans programlarından birinden mezun olmak. | 3237 - Kamu Yönetimi | 3313 - Siyaset Bilimi | 3314 - Siyaset Bilimi ve Kamu Yönetimi | 7248 - Vardiyalı Çalışmasına Engel Bir Durumu Bulunmamak;e44e481e-0a81-ed11-8117-a0369f7d1486
2022;2;302014476;Trakya Üniversitesi;Bilgisayar İşletmeni;Edirne;Lisans;3;;87.263;88.069;"4421;3159;3213;4386;5106;8208;9113;9221;4427;3158;9359;4431;3226;3227;3381;5123;5143;8207;8208;8296;8334;9552;9584;4459;3254;4322;8225;4517;4395;5107;6256;4525;3223;8229;6225";4421 - Aşağıdaki lisans programlarından birinden mezun olmak. | 3159 - Ekonomi | 3213 - İktisat | 4386 - Uluslararası Ekonomi | 5106 - Ekonomi-Yönetim Bilimleri Programları | 8208 - İş İdaresi ve İktisat | 9113 - Ekonomi Politik ve Toplum Felsefesi | 9221 - Ekonomi ve İdari Bilimler / Ekonomi ve İdari Bilimler Programları | 4427 - Aşağıdaki lisans programlarından birinden mezun olmak. | 3158 - Ekonometri | 9359 - Finansal Ekonometri | 4431 - Aşağıdaki lisans programlarından birinden mezun olmak. | 3226 - İşletme / İşletmecilik | 3227 - İşletme Bilgi Yönetimi | 3381 - Muhasebe ve Finansman | 5123 - Muhasebe ve Finansal Yönetim / Muhasebe ve Finans Yönetimi | 5143 - Yönetim Bilimleri / Yönetim Bilimleri Programları | 8207 - İş İdaresi | 8208 - İş İdaresi ve İktisat | 8296 - Yönetim ve Organizasyon | 8334 - Pazarlama | 9552 - İşletme-Maliye | 9584 - Yönetim Bilimleri ve Liderlik | 4459 - Aşağıdaki lisans programlarından birinden mezun olmak. | 3254 - Maliye | 4322 - Muhasebe ve Maliye | 8225 - Maliye-Muhasebe | 4517 - Aşağıdaki lisans programlarından birinden mezun olmak. | 4395 - Uygulamalı Matematik | 5107 - Finans Matematiği | 6256 - Matematik | 4525 - Aşağıdaki lisans programlarından birinden mezun olmak. | 3223 - İstatistik | 8229 - Matematik ve İstatistik | 6225 - M.E.B.'Dan Onaylı Bilgisayar İşletmeni Sertifikası Sahibi olmak.;8a4d481e-0a81-ed11-8117-a0369f7d1486
2022;2;302015295;Türkiye Yazma Eserler Kurumu Başkanlığı;Kimyager;İstanbul;Lisans;2;;87.251;90.221;"4559;3240;4569;3132";4559 - Aşağıdaki lisans programlarından birinden mezun olmak. | 3240 - Kimya | 4569 - Aşağıdaki lisans programlarından birinden mezun olmak. | 3132 - Biyokimya;974e481e-0a81-ed11-8117-a0369f7d1486
2022;2;302011872;Dokuz Eylül Üniversitesi;Memur;İzmir;Lisans;2;;87.239;88.407;"4421;3159;3213;4386;5106;8208;9113;9221;4429;3141;8312;4431;3226;3227;3381;5123;5143;8207;8208;8296;8334;9552;9584;4453;3268;3269;3381;4322;5123;9115;9262;9308;4459;3254;4322;8225;4478;3355;3356;5131;9108;9218;9282;4481;4295;4390;4391;8275;4502;8328;9318;4503;3237;3313;3314;4507;3115;3313;3315;3352;3353;4389;5116;5142;9506;9791";4421 - Aşağıdaki lisans programlarından birinden mezun olmak. | 3159 - Ekonomi | 3213 - İktisat | 4386 - Uluslararası Ekonomi | 5106 - Ekonomi-Yönetim Bilimleri Programları | 8208 - İş İdaresi ve İktisat | 9113 - Ekonomi Politik ve Toplum Felsefesi | 9221 - Ekonomi ve İdari Bilimler / Ekonomi ve İdari Bilimler Programları | 4429 - Aşağıdaki lisans programlarından birinden mezun olmak. | 3141 - Çalışma Ekonomisi ve Endüstri İlişkileri | 8312 - Çalışma Ekonomisi | 4431 - Aşağıdaki lisans programlarından birinden mezun olmak. | 3226 - İşletme / İşletmecilik | 3227 - İşletme Bilgi Yönetimi | 3381 - Muhasebe ve Finansman | 5123 - Muhasebe ve Finansal Yönetim / Muhasebe ve Finans Yönetimi | 5143 - Yönetim Bilimleri / Yönetim Bilimleri Programları | 8207 - İş İdaresi | 8208 - İş İdaresi ve İktisat | 8296 - Yönetim ve Organizasyon | 8334 - Pazarlama | 9552 - İşletme-Maliye | 9584 - Yönetim Bilimleri ve Liderlik | 4453 - Aşağıdaki lisans programlarından birinden mezun olmak. | 3268 - Muhasebe | 3269 - Muhasebe Bilgi Sistemleri | 3381 - Muhasebe ve Finansman | 4322 - Muhasebe ve Maliye | 5123 - Muhasebe ve Finansal Yönetim / Muhasebe ve Finans Yönetimi | 9115 - Muhasebe ve Denetim | 9262 - Finans ve Muhasebe | 9308 - İşletme-Muhasebe ve Denetim | 4459 - Aşağıdaki lisans programlarından birinden mezun olmak. | 3254 - Maliye | 4322 - Muhasebe ve Maliye | 8225 - Maliye-Muhasebe | 4478 - Aşağıdaki lisans programlarından birinden mezun olmak. | 3355 - Uluslararası Ticaret | 3356 - Uluslararası Ticaret ve İşletmecilik | 5131 - Uluslararası Ticaret ve Finansman | 9108 - Uluslararası İşletmecilik ve Ticaret | 9218 - Uluslararası Ticaret ve Pazarlama | 9282 - Uluslararası Ticaret ve Finans | 4481 - Aşağıdaki lisans programlarından birinden mezun olmak. | 4295 - İşletme Yönetimi | 4390 - Uluslararası İşletme | 4391 - Uluslararası İşletme Yönetimi | 8275 - Uluslararası İşletmecilik | 4502 - Aşağıdaki lisans programlarından birinden mezun olmak. | 8328 - İnsan Kaynakları Yönetimi | 9318 - İnsan Kaynakları | 4503 - Aşağıdaki lisans programlarından birinden mezun olmak. | 3237 - Kamu Yönetimi | 3313 - Siyaset Bilimi | 3314 - Siyaset Bilimi ve Kamu Yönetimi | 4507 - Aşağıdaki lisans programlarından birinden mezun olmak. | 3115 - Avrupa Birliği İlişkileri | 3313 - Siyaset Bilimi | 3315 - Siyaset Bilimi ve Uluslararası İlişkiler | 3352 - Uluslararası İlişkiler | 3353 - Uluslararası İlişkiler ve Avrupa Birliği | 4389 - Uluslararası İlişkiler ve Avrupa Çalışmaları | 5116 - Küresel ve Uluslararası İlişkiler / Küresel Siyaset ve Uluslararası İlişkiler | 5142 - Toplumsal ve Siyasal Bilimler | 9506 - Uluslararası İlişkiler ve Deniz Güvenliği | 9791 - Uluslararası Çalışmalar;c54e481e-0a81-ed11-8117-a0369f7d1486
2022;2;302011249;Devlet Demiryolları Taşımacılık A.Ş Genel Müdürlüğü;Memur;Ankara;Lisans;3;;87.226;88.01;"4429;3141;8312;4502;8328;9318;4503;3237;3313;3314;7368";4429 - Aşağıdaki lisans programlarından birinden mezun olmak. | 3141 - Çalışma Ekonomisi ve Endüstri İlişkileri | 8312 - Çalışma Ekonomisi | 4502 - Aşağıdaki lisans programlarından birinden mezun olmak. | 8328 - İnsan Kaynakları Yönetimi | 9318 - İnsan Kaynakları | 4503 - Aşağıdaki lisans programlarından birinden mezun olmak. | 3237 - Kamu Yönetimi | 3313 - Siyaset Bilimi | 3314 - Siyaset Bilimi ve Kamu Yönetimi | 7368 - (Bakınız Başvurma Özel Şartları Bölümü T.C. Devlet Demiryolları Taşımacılık A.Ş. Genel Müdürlüğü);754c481e-0a81-ed11-8117-a0369f7d1486
2022;2;302015715;Zonguldak Bülent Ecevit Üniversitesi;Psikolog;Zonguldak;Lisans;1;;87.211;87.211;"4131;3286";4131 - Aşağıdaki lisans programlarından birinden mezun olmak. | 3286 - Psikoloji;c350481e-0a81-ed11-8117-a0369f7d1486
2022;2;302011158;Devlet Demiryolları Taşımacılık A.Ş Genel Müdürlüğü;Memur;Adana;Lisans;1;;87.184;87.184;"4453;3268;3269;3381;4322;5123;9115;9262;9308;4459;3254;4322;8225;7368";4453 - Aşağıdaki lisans programlarından birinden mezun olmak. | 3268 - Muhasebe | 3269 - Muhasebe Bilgi Sistemleri | 3381 - Muhasebe ve Finansman | 4322 - Muhasebe ve Maliye | 5123 - Muhasebe ve Finansal Yönetim / Muhasebe ve Finans Yönetimi | 9115 - Muhasebe ve Denetim | 9262 - Finans ve Muhasebe | 9308 - İşletme-Muhasebe ve Denetim | 4459 - Aşağıdaki lisans programlarından birinden mezun olmak. | 3254 - Maliye | 4322 - Muhasebe ve Maliye | 8225 - Maliye-Muhasebe | 7368 - (Bakınız Başvurma Özel Şartları Bölümü T.C. Devlet Demiryolları Taşımacılık A.Ş. Genel Müdürlüğü);e94b481e-0a81-ed11-8117-a0369f7d1486
2022;2;302011466;Devlet Hava Meydanları İşletmesi Genel Müdürlüğü;Apron Memuru;Batman;Lisans;1;;87.172;87.172;"4493;3312;8325;9345;9370;9428;9534;6506;7302;7321;7322";4493 - Aşağıdaki lisans programlarından birinden mezun olmak. | 3312 - Sivil Hava Ulaştırma İşletmeciliği | 8325 - Havacılık | 9345 - Havacılık İşletmeciliği | 9370 - Sivil Hava İşletmeciliği | 9428 - Havacılık Yönetimi | 9534 - Sivil Havacılık İşletmeciliği | 6506 - B sınıfı sürücü belgesine sahip olmak | 7302 - Bakınız Başvurma Özel Şartları Bölümü Şoför | 7321 - (Bakınız Başvurma Özel Şartları Bölümü Zabıt Katibi). | 7322 - (Bakınız Başvurma Özel Şartları Bölümü Devlet Hava Meydanları İşletmesi Genel Müdürlüğü).;1651481e-0a81-ed11-8117-a0369f7d1486
2022;2;302012621;Kayseri Üniversitesi;Memur;Kayseri;Lisans;1;;87.172;87.172;"4431;3226;3227;3381;5123;5143;8207;8208;8296;8334;9552;9584";4431 - Aşağıdaki lisans programlarından birinden mezun olmak. | 3226 - İşletme / İşletmecilik | 3227 - İşletme Bilgi Yönetimi | 3381 - Muhasebe ve Finansman | 5123 - Muhasebe ve Finansal Yönetim / Muhasebe ve Finans Yönetimi | 5143 - Yönetim Bilimleri / Yönetim Bilimleri Programları | 8207 - İş İdaresi | 8208 - İş İdaresi ve İktisat | 8296 - Yönetim ve Organizasyon | 8334 - Pazarlama | 9552 - İşletme-Maliye | 9584 - Yönetim Bilimleri ve Liderlik;e84e481e-0a81-ed11-8117-a0369f7d1486
2022;2;302014763;Türkiye Raylı Sistem Araçları Sanayii Anonim Şirketi;Memur;Ankara;Lisans;7;;87.172;90.088;"4421;3159;3213;4386;5106;8208;9113;9221";4421 - Aşağıdaki lisans programlarından birinden mezun olmak. | 3159 - Ekonomi | 3213 - İktisat | 4386 - Uluslararası Ekonomi | 5106 - Ekonomi-Yönetim Bilimleri Programları | 8208 - İş İdaresi ve İktisat | 9113 - Ekonomi Politik ve Toplum Felsefesi | 9221 - Ekonomi ve İdari Bilimler / Ekonomi ve İdari Bilimler Programları;4f4c481e-0a81-ed11-8117-a0369f7d1486
2022;2;302011830;Dışişleri Bakanlığı;Bilgisayar İşletmeni;Ankara;Lisans;20;;87.136;91.144;"4421;3159;3213;4386;5106;8208;9113;9221;4426;5105;6229;4429;3141;8312;4431;3226;3227;3381;5123;5143;8207;8208;8296;8334;9552;9584;4459;3254;4322;8225;4503;3237;3313;3314;4507;3115;3313;3315;3352;3353;4389;5116;5142;9506;9791;6225";4421 - Aşağıdaki lisans programlarından birinden mezun olmak. | 3159 - Ekonomi | 3213 - İktisat | 4386 - Uluslararası Ekonomi | 5106 - Ekonomi-Yönetim Bilimleri Programları | 8208 - İş İdaresi ve İktisat | 9113 - Ekonomi Politik ve Toplum Felsefesi | 9221 - Ekonomi ve İdari Bilimler / Ekonomi ve İdari Bilimler Programları | 4426 - Aşağıdaki lisans programlarından birinden mezun olmak. | 5105 - Ekonomi ve Finans | 6229 - İşletme-Ekonomi / İşletme-İktisat | 4429 - Aşağıdaki lisans programlarından birinden mezun olmak. | 3141 - Çalışma Ekonomisi ve Endüstri İlişkileri | 8312 - Çalışma Ekonomisi | 4431 - Aşağıdaki lisans programlarından birinden mezun olmak. | 3226 - İşletme / İşletmecilik | 3227 - İşletme Bilgi Yönetimi | 3381 - Muhasebe ve Finansman | 5123 - Muhasebe ve Finansal Yönetim / Muhasebe ve Finans Yönetimi | 5143 - Yönetim Bilimleri / Yönetim Bilimleri Programları | 8207 - İş İdaresi | 8208 - İş İdaresi ve İktisat | 8296 - Yönetim ve Organizasyon | 8334 - Pazarlama | 9552 - İşletme-Maliye | 9584 - Yönetim Bilimleri ve Liderlik | 4459 - Aşağıdaki lisans programlarından birinden mezun olmak. | 3254 - Maliye | 4322 - Muhasebe ve Maliye | 8225 - Maliye-Muhasebe | 4503 - Aşağıdaki lisans programlarından birinden mezun olmak. | 3237 - Kamu Yönetimi | 3313 - Siyaset Bilimi | 3314 - Siyaset Bilimi ve Kamu Yönetimi | 4507 - Aşağıdaki lisans programlarından birinden mezun olmak. | 3115 - Avrupa Birliği İlişkileri | 3313 - Siyaset Bilimi | 3315 - Siyaset Bilimi ve Uluslararası İlişkiler | 3352 - Uluslararası İlişkiler | 3353 - Uluslararası İlişkiler ve Avrupa Birliği | 4389 - Uluslararası İlişkiler ve Avrupa Çalışmaları | 5116 - Küresel ve Uluslararası İlişkiler / Küresel Siyaset ve Uluslararası İlişkiler | 5142 - Toplumsal ve Siyasal Bilimler | 9506 - Uluslararası İlişkiler ve Deniz Güvenliği | 9791 - Uluslararası Çalışmalar | 6225 - M.E.B.'Dan Onaylı Bilgisayar İşletmeni Sertifikası Sahibi olmak.;864c481e-0a81-ed11-8117-a0369f7d1486
2022;2;302010738;Atatürk Araştırma Merkezi Başkanlığı;Bilgisayar İşletmeni;Ankara;Lisans;1;;87.113;87.113;"4291;3197;3198;3292;5111;6225";4291 - Aşağıdaki lisans programlarından birinden mezun olmak. | 3197 - Halkla İlişkiler | 3198 - Halkla İlişkiler ve Tanıtım | 3292 - Reklamcılık ve Halkla İlişkiler | 5111 - Halkla İlişkiler ve Reklamcılık | 6225 - M.E.B.'Dan Onaylı Bilgisayar İşletmeni Sertifikası Sahibi olmak.;624c481e-0a81-ed11-8117-a0369f7d1486
2022;2;302010969;Çankırı Karatekin Üniversitesi;Psikolog;Çankırı;Lisans;1;;87.059;87.059;"4131;3286";4131 - Aşağıdaki lisans programlarından birinden mezun olmak. | 3286 - Psikoloji;5e4d481e-0a81-ed11-8117-a0369f7d1486
2022;2;302015225;Türkiye Uzay Ajansı;Bilgisayar İşletmeni;Ankara;Lisans;4;;87.047;88.887;"4421;3159;3213;4386;5106;8208;9113;9221;4429;3141;8312;4431;3226;3227;3381;5123;5143;8207;8208;8296;8334;9552;9584;4502;8328;9318;4503;3237;3313;3314;6225";4421 - Aşağıdaki lisans programlarından birinden mezun olmak. | 3159 - Ekonomi | 3213 - İktisat | 4386 - Uluslararası Ekonomi | 5106 - Ekonomi-Yönetim Bilimleri Programları | 8208 - İş İdaresi ve İktisat | 9113 - Ekonomi Politik ve Toplum Felsefesi | 9221 - Ekonomi ve İdari Bilimler / Ekonomi ve İdari Bilimler Programları | 4429 - Aşağıdaki lisans programlarından birinden mezun olmak. | 3141 - Çalışma Ekonomisi ve Endüstri İlişkileri | 8312 - Çalışma Ekonomisi | 4431 - Aşağıdaki lisans programlarından birinden mezun olmak. | 3226 - İşletme / İşletmecilik | 3227 - İşletme Bilgi Yönetimi | 3381 - Muhasebe ve Finansman | 5123 - Muhasebe ve Finansal Yönetim / Muhasebe ve Finans Yönetimi | 5143 - Yönetim Bilimleri / Yönetim Bilimleri Programları | 8207 - İş İdaresi | 8208 - İş İdaresi ve İktisat | 8296 - Yönetim ve Organizasyon | 8334 - Pazarlama | 9552 - İşletme-Maliye | 9584 - Yönetim Bilimleri ve Liderlik | 4502 - Aşağıdaki lisans programlarından birinden mezun olmak. | 8328 - İnsan Kaynakları Yönetimi | 9318 - İnsan Kaynakları | 4503 - Aşağıdaki lisans programlarından birinden mezun olmak. | 3237 - Kamu Yönetimi | 3313 - Siyaset Bilimi | 3314 - Siyaset Bilimi ve Kamu Yönetimi | 6225 - M.E.B.'Dan Onaylı Bilgisayar İşletmeni Sertifikası Sahibi olmak.;da4c481e-0a81-ed11-8117-a0369f7d1486
2022;2;302015043;Türkiye Şeker Fabrikaları A.Ş. Genel Müdürlüğü;Mühendis;Elazığ;Lisans;1;;87.045;87.045;"4677;3142;7247;7248";4677 - Aşağıdaki lisans programlarından birinden mezun olmak. | 3142 - Çevre Mühendisliği | 7247 - Tehlikeli Ve Çok Tehlikeli İşlerde Çalışmasına Engel Bir Durumu Bulunmamak | 7248 - Vardiyalı Çalışmasına Engel Bir Durumu Bulunmamak;8d4d481e-0a81-ed11-8117-a0369f7d1486
2022;2;302013909;Tarım İşletmeleri Genel Müdürlüğü;Bilgisayar İşletmeni;Ankara;Lisans;1;;87.039;87.039;"4431;3226;3227;3381;5123;5143;8207;8208;8296;8334;9552;9584;6225";4431 - Aşağıdaki lisans programlarından birinden mezun olmak. | 3226 - İşletme / İşletmecilik | 3227 - İşletme Bilgi Yönetimi | 3381 - Muhasebe ve Finansman | 5123 - Muhasebe ve Finansal Yönetim / Muhasebe ve Finans Yönetimi | 5143 - Yönetim Bilimleri / Yönetim Bilimleri Programları | 8207 - İş İdaresi | 8208 - İş İdaresi ve İktisat | 8296 - Yönetim ve Organizasyon | 8334 - Pazarlama | 9552 - İşletme-Maliye | 9584 - Yönetim Bilimleri ve Liderlik | 6225 - M.E.B.'Dan Onaylı Bilgisayar İşletmeni Sertifikası Sahibi olmak.;374c481e-0a81-ed11-8117-a0369f7d1486
2022;2;302014889;Türkiye Şeker Fabrikaları A.Ş. Genel Müdürlüğü;Memur;Ankara;Lisans;3;;87.021;89.185;"4517;4395;5107;6256;7248";4517 - Aşağıdaki lisans programlarından birinden mezun olmak. | 4395 - Uygulamalı Matematik | 5107 - Finans Matematiği | 6256 - Matematik | 7248 - Vardiyalı Çalışmasına Engel Bir Durumu Bulunmamak;d74c481e-0a81-ed11-8117-a0369f7d1486
2022;2;302014623;Türkiye Kömür İşletmeleri Kurumu Genel Müdürlüğü;Memur;Çanakkale;Lisans;4;;86.968;87.685;"4421;3159;3213;4386;5106;8208;9113;9221;4429;3141;8312;4431;3226;3227;3381;5123;5143;8207;8208;8296;8334;9552;9584;4459;3254;4322;8225;4503;3237;3313;3314;4507;3115;3313;3315;3352;3353;4389;5116;5142;9506;9791";4421 - Aşağıdaki lisans programlarından birinden mezun olmak. | 3159 - Ekonomi | 3213 - İktisat | 4386 - Uluslararası Ekonomi | 5106 - Ekonomi-Yönetim Bilimleri Programları | 8208 - İş İdaresi ve İktisat | 9113 - Ekonomi Politik ve Toplum Felsefesi | 9221 - Ekonomi ve İdari Bilimler / Ekonomi ve İdari Bilimler Programları | 4429 - Aşağıdaki lisans programlarından birinden mezun olmak. | 3141 - Çalışma Ekonomisi ve Endüstri İlişkileri | 8312 - Çalışma Ekonomisi | 4431 - Aşağıdaki lisans programlarından birinden mezun olmak. | 3226 - İşletme / İşletmecilik | 3227 - İşletme Bilgi Yönetimi | 3381 - Muhasebe ve Finansman | 5123 - Muhasebe ve Finansal Yönetim / Muhasebe ve Finans Yönetimi | 5143 - Yönetim Bilimleri / Yönetim Bilimleri Programları | 8207 - İş İdaresi | 8208 - İş İdaresi ve İktisat | 8296 - Yönetim ve Organizasyon | 8334 - Pazarlama | 9552 - İşletme-Maliye | 9584 - Yönetim Bilimleri ve Liderlik | 4459 - Aşağıdaki lisans programlarından birinden mezun olmak. | 3254 - Maliye | 4322 - Muhasebe ve Maliye | 8225 - Maliye-Muhasebe | 4503 - Aşağıdaki lisans programlarından birinden mezun olmak. | 3237 - Kamu Yönetimi | 3313 - Siyaset Bilimi | 3314 - Siyaset Bilimi ve Kamu Yönetimi | 4507 - Aşağıdaki lisans programlarından birinden mezun olmak. | 3115 - Avrupa Birliği İlişkileri | 3313 - Siyaset Bilimi | 3315 - Siyaset Bilimi ve Uluslararası İlişkiler | 3352 - Uluslararası İlişkiler | 3353 - Uluslararası İlişkiler ve Avrupa Birliği | 4389 - Uluslararası İlişkiler ve Avrupa Çalışmaları | 5116 - Küresel ve Uluslararası İlişkiler / Küresel Siyaset ve Uluslararası İlişkiler | 5142 - Toplumsal ve Siyasal Bilimler | 9506 - Uluslararası İlişkiler ve Deniz Güvenliği | 9791 - Uluslararası Çalışmalar;534d481e-0a81-ed11-8117-a0369f7d1486
2022;2;302012075;Eti Maden İşletmeleri Genel Müdürlüğü;Memur;Eskişehir;Lisans;1;;86.9;86.9;"4429;3141;8312";4429 - Aşağıdaki lisans programlarından birinden mezun olmak. | 3141 - Çalışma Ekonomisi ve Endüstri İlişkileri | 8312 - Çalışma Ekonomisi;cc4d481e-0a81-ed11-8117-a0369f7d1486
2022;2;302010752;Atatürk Kültür, Dil ve Tarih Yüksek Kurumu Başkanlığı;Bilgisayar İşletmeni;Ankara;Lisans;1;;86.874;86.874;"4426;5105;6229;4502;8328;9318;4503;3237;3313;3314;6225";4426 - Aşağıdaki lisans programlarından birinden mezun olmak. | 5105 - Ekonomi ve Finans | 6229 - İşletme-Ekonomi / İşletme-İktisat | 4502 - Aşağıdaki lisans programlarından birinden mezun olmak. | 8328 - İnsan Kaynakları Yönetimi | 9318 - İnsan Kaynakları | 4503 - Aşağıdaki lisans programlarından birinden mezun olmak. | 3237 - Kamu Yönetimi | 3313 - Siyaset Bilimi | 3314 - Siyaset Bilimi ve Kamu Yönetimi | 6225 - M.E.B.'Dan Onaylı Bilgisayar İşletmeni Sertifikası Sahibi olmak.;644c481e-0a81-ed11-8117-a0369f7d1486
2022;2;302011935;Elektrik Üretim A.Ş. Genel Müdürlüğü;Memur;Mardin;Lisans;1;;86.872;86.872;"4421;3159;3213;4386;5106;8208;9113;9221;4427;3158;9359;4429;3141;8312;4431;3226;3227;3381;5123;5143;8207;8208;8296;8334;9552;9584;4459;3254;4322;8225;4503;3237;3313;3314;4507;3115;3313;3315;3352;3353;4389;5116;5142;9506;9791";4421 - Aşağıdaki lisans programlarından birinden mezun olmak. | 3159 - Ekonomi | 3213 - İktisat | 4386 - Uluslararası Ekonomi | 5106 - Ekonomi-Yönetim Bilimleri Programları | 8208 - İş İdaresi ve İktisat | 9113 - Ekonomi Politik ve Toplum Felsefesi | 9221 - Ekonomi ve İdari Bilimler / Ekonomi ve İdari Bilimler Programları | 4427 - Aşağıdaki lisans programlarından birinden mezun olmak. | 3158 - Ekonometri | 9359 - Finansal Ekonometri | 4429 - Aşağıdaki lisans programlarından birinden mezun olmak. | 3141 - Çalışma Ekonomisi ve Endüstri İlişkileri | 8312 - Çalışma Ekonomisi | 4431 - Aşağıdaki lisans programlarından birinden mezun olmak. | 3226 - İşletme / İşletmecilik | 3227 - İşletme Bilgi Yönetimi | 3381 - Muhasebe ve Finansman | 5123 - Muhasebe ve Finansal Yönetim / Muhasebe ve Finans Yönetimi | 5143 - Yönetim Bilimleri / Yönetim Bilimleri Programları | 8207 - İş İdaresi | 8208 - İş İdaresi ve İktisat | 8296 - Yönetim ve Organizasyon | 8334 - Pazarlama | 9552 - İşletme-Maliye | 9584 - Yönetim Bilimleri ve Liderlik | 4459 - Aşağıdaki lisans programlarından birinden mezun olmak. | 3254 - Maliye | 4322 - Muhasebe ve Maliye | 8225 - Maliye-Muhasebe | 4503 - Aşağıdaki lisans programlarından birinden mezun olmak. | 3237 - Kamu Yönetimi | 3313 - Siyaset Bilimi | 3314 - Siyaset Bilimi ve Kamu Yönetimi | 4507 - Aşağıdaki lisans programlarından birinden mezun olmak. | 3115 - Avrupa Birliği İlişkileri | 3313 - Siyaset Bilimi | 3315 - Siyaset Bilimi ve Uluslararası İlişkiler | 3352 - Uluslararası İlişkiler | 3353 - Uluslararası İlişkiler ve Avrupa Birliği | 4389 - Uluslararası İlişkiler ve Avrupa Çalışmaları | 5116 - Küresel ve Uluslararası İlişkiler / Küresel Siyaset ve Uluslararası İlişkiler | 5142 - Toplumsal ve Siyasal Bilimler | 9506 - Uluslararası İlişkiler ve Deniz Güvenliği | 9791 - Uluslararası Çalışmalar;904f481e-0a81-ed11-8117-a0369f7d1486
2022;2;302011907;Elektrik Üretim A.Ş. Genel Müdürlüğü;Memur;Artvin;Lisans;1;;86.835;86.835;"4421;3159;3213;4386;5106;8208;9113;9221;4427;3158;9359;4429;3141;8312;4431;3226;3227;3381;5123;5143;8207;8208;8296;8334;9552;9584;4459;3254;4322;8225;4503;3237;3313;3314;4507;3115;3313;3315;3352;3353;4389;5116;5142;9506;9791";4421 - Aşağıdaki lisans programlarından birinden mezun olmak. | 3159 - Ekonomi | 3213 - İktisat | 4386 - Uluslararası Ekonomi | 5106 - Ekonomi-Yönetim Bilimleri Programları | 8208 - İş İdaresi ve İktisat | 9113 - Ekonomi Politik ve Toplum Felsefesi | 9221 - Ekonomi ve İdari Bilimler / Ekonomi ve İdari Bilimler Programları | 4427 - Aşağıdaki lisans programlarından birinden mezun olmak. | 3158 - Ekonometri | 9359 - Finansal Ekonometri | 4429 - Aşağıdaki lisans programlarından birinden mezun olmak. | 3141 - Çalışma Ekonomisi ve Endüstri İlişkileri | 8312 - Çalışma Ekonomisi | 4431 - Aşağıdaki lisans programlarından birinden mezun olmak. | 3226 - İşletme / İşletmecilik | 3227 - İşletme Bilgi Yönetimi | 3381 - Muhasebe ve Finansman | 5123 - Muhasebe ve Finansal Yönetim / Muhasebe ve Finans Yönetimi | 5143 - Yönetim Bilimleri / Yönetim Bilimleri Programları | 8207 - İş İdaresi | 8208 - İş İdaresi ve İktisat | 8296 - Yönetim ve Organizasyon | 8334 - Pazarlama | 9552 - İşletme-Maliye | 9584 - Yönetim Bilimleri ve Liderlik | 4459 - Aşağıdaki lisans programlarından birinden mezun olmak. | 3254 - Maliye | 4322 - Muhasebe ve Maliye | 8225 - Maliye-Muhasebe | 4503 - Aşağıdaki lisans programlarından birinden mezun olmak. | 3237 - Kamu Yönetimi | 3313 - Siyaset Bilimi | 3314 - Siyaset Bilimi ve Kamu Yönetimi | 4507 - Aşağıdaki lisans programlarından birinden mezun olmak. | 3115 - Avrupa Birliği İlişkileri | 3313 - Siyaset Bilimi | 3315 - Siyaset Bilimi ve Uluslararası İlişkiler | 3352 - Uluslararası İlişkiler | 3353 - Uluslararası İlişkiler ve Avrupa Birliği | 4389 - Uluslararası İlişkiler ve Avrupa Çalışmaları | 5116 - Küresel ve Uluslararası İlişkiler / Küresel Siyaset ve Uluslararası İlişkiler | 5142 - Toplumsal ve Siyasal Bilimler | 9506 - Uluslararası İlişkiler ve Deniz Güvenliği | 9791 - Uluslararası Çalışmalar;f34c481e-0a81-ed11-8117-a0369f7d1486
2022;2;302010759;Aydın Adnan Menderes Üniversitesi;Bilgisayar İşletmeni;Aydın;Lisans;1;;86.832;86.832;"4427;3158;9359;6225";4427 - Aşağıdaki lisans programlarından birinden mezun olmak. | 3158 - Ekonometri | 9359 - Finansal Ekonometri | 6225 - M.E.B.'Dan Onaylı Bilgisayar İşletmeni Sertifikası Sahibi olmak.;fb4c481e-0a81-ed11-8117-a0369f7d1486
2022;2;302012453;İstanbul Medeniyet Üniversitesi;Memur;İstanbul;Lisans;2;;86.821;87.186;"4421;3159;3213;4386;5106;8208;9113;9221;4426;5105;6229;4503;3237;3313;3314";4421 - Aşağıdaki lisans programlarından birinden mezun olmak. | 3159 - Ekonomi | 3213 - İktisat | 4386 - Uluslararası Ekonomi | 5106 - Ekonomi-Yönetim Bilimleri Programları | 8208 - İş İdaresi ve İktisat | 9113 - Ekonomi Politik ve Toplum Felsefesi | 9221 - Ekonomi ve İdari Bilimler / Ekonomi ve İdari Bilimler Programları | 4426 - Aşağıdaki lisans programlarından birinden mezun olmak. | 5105 - Ekonomi ve Finans | 6229 - İşletme-Ekonomi / İşletme-İktisat | 4503 - Aşağıdaki lisans programlarından birinden mezun olmak. | 3237 - Kamu Yönetimi | 3313 - Siyaset Bilimi | 3314 - Siyaset Bilimi ve Kamu Yönetimi;484e481e-0a81-ed11-8117-a0369f7d1486
2022;2;302010346;Afet ve Acil Durum Yönetimi Başkanlığı;Mühendis;Eskişehir;Lisans;1;;86.789;86.789;"4685;3206;4334;6235";4685 - Aşağıdaki lisans programlarından birinden mezun olmak. | 3206 - Hidrojeoloji Mühendisliği | 4334 - Petrol ve Doğalgaz Jeolojisi | 6235 - Jeoloji Mühendisliği;d04d481e-0a81-ed11-8117-a0369f7d1486
2022;2;302014938;Türkiye Şeker Fabrikaları A.Ş. Genel Müdürlüğü;Memur;Konya;Lisans;1;;86.776;86.776;"4421;3159;3213;4386;5106;8208;9113;9221;4431;3226;3227;3381;5123;5143;8207;8208;8296;8334;9552;9584;4441;4367;4453;3268;3269;3381;4322;5123;9115;9262;9308;4459;3254;4322;8225;4465;3117;3118;4294;6119;9371;9463;9988;4503;3237;3313;3314;7248";4421 - Aşağıdaki lisans programlarından birinden mezun olmak. | 3159 - Ekonomi | 3213 - İktisat | 4386 - Uluslararası Ekonomi | 5106 - Ekonomi-Yönetim Bilimleri Programları | 8208 - İş İdaresi ve İktisat | 9113 - Ekonomi Politik ve Toplum Felsefesi | 9221 - Ekonomi ve İdari Bilimler / Ekonomi ve İdari Bilimler Programları | 4431 - Aşağıdaki lisans programlarından birinden mezun olmak. | 3226 - İşletme / İşletmecilik | 3227 - İşletme Bilgi Yönetimi | 3381 - Muhasebe ve Finansman | 5123 - Muhasebe ve Finansal Yönetim / Muhasebe ve Finans Yönetimi | 5143 - Yönetim Bilimleri / Yönetim Bilimleri Programları | 8207 - İş İdaresi | 8208 - İş İdaresi ve İktisat | 8296 - Yönetim ve Organizasyon | 8334 - Pazarlama | 9552 - İşletme-Maliye | 9584 - Yönetim Bilimleri ve Liderlik | 4441 - Aşağıdaki lisans programlarından birinden mezun olmak. | 4367 - Ticaret Ekonomisi | 4453 - Aşağıdaki lisans programlarından birinden mezun olmak. | 3268 - Muhasebe | 3269 - Muhasebe Bilgi Sistemleri | 3381 - Muhasebe ve Finansman | 4322 - Muhasebe ve Maliye | 5123 - Muhasebe ve Finansal Yönetim / Muhasebe ve Finans Yönetimi | 9115 - Muhasebe ve Denetim | 9262 - Finans ve Muhasebe | 9308 - İşletme-Muhasebe ve Denetim | 4459 - Aşağıdaki lisans programlarından birinden mezun olmak. | 3254 - Maliye | 4322 - Muhasebe ve Maliye | 8225 - Maliye-Muhasebe | 4465 - Aşağıdaki lisans programlarından birinden mezun olmak. | 3117 - Bankacılık | 3118 - Bankacılık Finans | 4294 - İşletme Ekonomisi | 6119 - Bankacılık ve Finans / Bankacılık ve Finansman | 9371 - Finans ve Bankacılık | 9463 - İşletme Ekonomisi ve Finans | 9988 - Bankacılık ve Finans | 4503 - Aşağıdaki lisans programlarından birinden mezun olmak. | 3237 - Kamu Yönetimi | 3313 - Siyaset Bilimi | 3314 - Siyaset Bilimi ve Kamu Yönetimi | 7248 - Vardiyalı Çalışmasına Engel Bir Durumu Bulunmamak;254f481e-0a81-ed11-8117-a0369f7d1486
2022;2;302010206;Afet ve Acil Durum Yönetimi Başkanlığı;Mühendis;Ankara;Lisans;1;;86.775;86.775;"4551;3274";4551 - Aşağıdaki lisans programlarından birinden mezun olmak. | 3274 - Nükleer Enerji Mühendisliği;974c481e-0a81-ed11-8117-a0369f7d1486
2022;2;302011368;Devlet Demiryolları Taşımacılık A.Ş Genel Müdürlüğü;Memur;Sivas;Lisans;1;;86.739;86.739;"4429;3141;8312;4431;3226;3227;3381;5123;5143;8207;8208;8296;8334;9552;9584;4502;8328;9318;4503;3237;3313;3314;7368";4429 - Aşağıdaki lisans programlarından birinden mezun olmak. | 3141 - Çalışma Ekonomisi ve Endüstri İlişkileri | 8312 - Çalışma Ekonomisi | 4431 - Aşağıdaki lisans programlarından birinden mezun olmak. | 3226 - İşletme / İşletmecilik | 3227 - İşletme Bilgi Yönetimi | 3381 - Muhasebe ve Finansman | 5123 - Muhasebe ve Finansal Yönetim / Muhasebe ve Finans Yönetimi | 5143 - Yönetim Bilimleri / Yönetim Bilimleri Programları | 8207 - İş İdaresi | 8208 - İş İdaresi ve İktisat | 8296 - Yönetim ve Organizasyon | 8334 - Pazarlama | 9552 - İşletme-Maliye | 9584 - Yönetim Bilimleri ve Liderlik | 4502 - Aşağıdaki lisans programlarından birinden mezun olmak. | 8328 - İnsan Kaynakları Yönetimi | 9318 - İnsan Kaynakları | 4503 - Aşağıdaki lisans programlarından birinden mezun olmak. | 3237 - Kamu Yönetimi | 3313 - Siyaset Bilimi | 3314 - Siyaset Bilimi ve Kamu Yönetimi | 7368 - (Bakınız Başvurma Özel Şartları Bölümü T.C. Devlet Demiryolları Taşımacılık A.Ş. Genel Müdürlüğü);1050481e-0a81-ed11-8117-a0369f7d1486
2022;2;302015302;Türkiye Yazma Eserler Kurumu Başkanlığı;Kütüphaneci;İstanbul;Lisans;1;;86.716;86.716;"4099;3113;3153;3248;4309;8144";4099 - Aşağıdaki lisans programlarından birinden mezun olmak. | 3113 - Arşivcilik | 3153 - Dokümantasyon ve Enformasyon | 3248 - Kütüphanecilik | 4309 - Kütüphanecilik ve Bilgi Çalışmaları | 8144 - Bilgi ve Belge Yönetimi;984e481e-0a81-ed11-8117-a0369f7d1486
2022;2;302014959;Türkiye Şeker Fabrikaları A.Ş. Genel Müdürlüğü;Memur;Van;Lisans;1;;86.693;86.693;"4426;5105;6229;4429;3141;8312;4431;3226;3227;3381;5123;5143;8207;8208;8296;8334;9552;9584;4502;8328;9318;4503;3237;3313;3314;7248";4426 - Aşağıdaki lisans programlarından birinden mezun olmak. | 5105 - Ekonomi ve Finans | 6229 - İşletme-Ekonomi / İşletme-İktisat | 4429 - Aşağıdaki lisans programlarından birinden mezun olmak. | 3141 - Çalışma Ekonomisi ve Endüstri İlişkileri | 8312 - Çalışma Ekonomisi | 4431 - Aşağıdaki lisans programlarından birinden mezun olmak. | 3226 - İşletme / İşletmecilik | 3227 - İşletme Bilgi Yönetimi | 3381 - Muhasebe ve Finansman | 5123 - Muhasebe ve Finansal Yönetim / Muhasebe ve Finans Yönetimi | 5143 - Yönetim Bilimleri / Yönetim Bilimleri Programları | 8207 - İş İdaresi | 8208 - İş İdaresi ve İktisat | 8296 - Yönetim ve Organizasyon | 8334 - Pazarlama | 9552 - İşletme-Maliye | 9584 - Yönetim Bilimleri ve Liderlik | 4502 - Aşağıdaki lisans programlarından birinden mezun olmak. | 8328 - İnsan Kaynakları Yönetimi | 9318 - İnsan Kaynakları | 4503 - Aşağıdaki lisans programlarından birinden mezun olmak. | 3237 - Kamu Yönetimi | 3313 - Siyaset Bilimi | 3314 - Siyaset Bilimi ve Kamu Yönetimi | 7248 - Vardiyalı Çalışmasına Engel Bir Durumu Bulunmamak;8f50481e-0a81-ed11-8117-a0369f7d1486
2022;2;302014371;Toprak Mahsulleri Ofisi Genel Müdürlüğü;Mühendis;Niğde;Lisans;1;;86.684;86.684;"4845;3385;3386;4212;4370;6131;8147;8158;8220;9048;9190;9269;7324";4845 - Aşağıdaki lisans programlarından birinden mezun olmak. | 3385 - Tarla Bitkileri | 3386 - Toprak | 4212 - Bahçe ve Tarla Bitkileri | 4370 - Toprak Bilimi ve Tarım Kimyası | 6131 - Bitkisel Üretim | 8147 - Bahçe Bitkileri | 8158 - Bitki Koruma | 8220 - Kültür Bitkileri Üretimi ve Pazarlaması | 9048 - Toprak Bilimi ve Bitki Besleme | 9190 - Bahçe Bitkileri Üretimi ve Pazarlaması | 9269 - Bitkisel Üretim ve Teknolojileri | 7324 - (Bakınız Başvurma Özel Şartları Bölümü Toprak Mahsulleri Ofisi Genel Müdürlüğü).;bd4f481e-0a81-ed11-8117-a0369f7d1486
2022;2;302014798;Türkiye Raylı Sistem Araçları Sanayii Anonim Şirketi;Memur;Sakarya;Lisans;5;;86.66;88.109;"4421;3159;3213;4386;5106;8208;9113;9221;4431;3226;3227;3381;5123;5143;8207;8208;8296;8334;9552;9584";4421 - Aşağıdaki lisans programlarından birinden mezun olmak. | 3159 - Ekonomi | 3213 - İktisat | 4386 - Uluslararası Ekonomi | 5106 - Ekonomi-Yönetim Bilimleri Programları | 8208 - İş İdaresi ve İktisat | 9113 - Ekonomi Politik ve Toplum Felsefesi | 9221 - Ekonomi ve İdari Bilimler / Ekonomi ve İdari Bilimler Programları | 4431 - Aşağıdaki lisans programlarından birinden mezun olmak. | 3226 - İşletme / İşletmecilik | 3227 - İşletme Bilgi Yönetimi | 3381 - Muhasebe ve Finansman | 5123 - Muhasebe ve Finansal Yönetim / Muhasebe ve Finans Yönetimi | 5143 - Yönetim Bilimleri / Yönetim Bilimleri Programları | 8207 - İş İdaresi | 8208 - İş İdaresi ve İktisat | 8296 - Yönetim ve Organizasyon | 8334 - Pazarlama | 9552 - İşletme-Maliye | 9584 - Yönetim Bilimleri ve Liderlik;d64f481e-0a81-ed11-8117-a0369f7d1486
2022;2;302010633;Ankara Sosyal Bilimler Üniversitesi;Bilgisayar İşletmeni;Ankara;Lisans;4;;86.62;88.484;"4426;5105;6229;4431;3226;3227;3381;5123;5143;8207;8208;8296;8334;9552;9584;4503;3237;3313;3314;6225";4426 - Aşağıdaki lisans programlarından birinden mezun olmak. | 5105 - Ekonomi ve Finans | 6229 - İşletme-Ekonomi / İşletme-İktisat | 4431 - Aşağıdaki lisans programlarından birinden mezun olmak. | 3226 - İşletme / İşletmecilik | 3227 - İşletme Bilgi Yönetimi | 3381 - Muhasebe ve Finansman | 5123 - Muhasebe ve Finansal Yönetim / Muhasebe ve Finans Yönetimi | 5143 - Yönetim Bilimleri / Yönetim Bilimleri Programları | 8207 - İş İdaresi | 8208 - İş İdaresi ve İktisat | 8296 - Yönetim ve Organizasyon | 8334 - Pazarlama | 9552 - İşletme-Maliye | 9584 - Yönetim Bilimleri ve Liderlik | 4503 - Aşağıdaki lisans programlarından birinden mezun olmak. | 3237 - Kamu Yönetimi | 3313 - Siyaset Bilimi | 3314 - Siyaset Bilimi ve Kamu Yönetimi | 6225 - M.E.B.'Dan Onaylı Bilgisayar İşletmeni Sertifikası Sahibi olmak.;654c481e-0a81-ed11-8117-a0369f7d1486
2022;2;302010920;Çanakkale Onsekiz Mart Üniversitesi;Memur;Çanakkale;Lisans;2;;86.614;87.585;"4421;3159;3213;4386;5106;8208;9113;9221;4426;5105;6229;4429;3141;8312;4431;3226;3227;3381;5123;5143;8207;8208;8296;8334;9552;9584;4453;3268;3269;3381;4322;5123;9115;9262;9308;4503;3237;3313;3314";4421 - Aşağıdaki lisans programlarından birinden mezun olmak. | 3159 - Ekonomi | 3213 - İktisat | 4386 - Uluslararası Ekonomi | 5106 - Ekonomi-Yönetim Bilimleri Programları | 8208 - İş İdaresi ve İktisat | 9113 - Ekonomi Politik ve Toplum Felsefesi | 9221 - Ekonomi ve İdari Bilimler / Ekonomi ve İdari Bilimler Programları | 4426 - Aşağıdaki lisans programlarından birinden mezun olmak. | 5105 - Ekonomi ve Finans | 6229 - İşletme-Ekonomi / İşletme-İktisat | 4429 - Aşağıdaki lisans programlarından birinden mezun olmak. | 3141 - Çalışma Ekonomisi ve Endüstri İlişkileri | 8312 - Çalışma Ekonomisi | 4431 - Aşağıdaki lisans programlarından birinden mezun olmak. | 3226 - İşletme / İşletmecilik | 3227 - İşletme Bilgi Yönetimi | 3381 - Muhasebe ve Finansman | 5123 - Muhasebe ve Finansal Yönetim / Muhasebe ve Finans Yönetimi | 5143 - Yönetim Bilimleri / Yönetim Bilimleri Programları | 8207 - İş İdaresi | 8208 - İş İdaresi ve İktisat | 8296 - Yönetim ve Organizasyon | 8334 - Pazarlama | 9552 - İşletme-Maliye | 9584 - Yönetim Bilimleri ve Liderlik | 4453 - Aşağıdaki lisans programlarından birinden mezun olmak. | 3268 - Muhasebe | 3269 - Muhasebe Bilgi Sistemleri | 3381 - Muhasebe ve Finansman | 4322 - Muhasebe ve Maliye | 5123 - Muhasebe ve Finansal Yönetim / Muhasebe ve Finans Yönetimi | 9115 - Muhasebe ve Denetim | 9262 - Finans ve Muhasebe | 9308 - İşletme-Muhasebe ve Denetim | 4503 - Aşağıdaki lisans programlarından birinden mezun olmak. | 3237 - Kamu Yönetimi | 3313 - Siyaset Bilimi | 3314 - Siyaset Bilimi ve Kamu Yönetimi;504d481e-0a81-ed11-8117-a0369f7d1486
2022;2;302014770;Türkiye Raylı Sistem Araçları Sanayii Anonim Şirketi;Memur;Ankara;Lisans;6;;86.608;91.249;"4431;3226;3227;3381;5123;5143;8207;8208;8296;8334;9552;9584";4431 - Aşağıdaki lisans programlarından birinden mezun olmak. | 3226 - İşletme / İşletmecilik | 3227 - İşletme Bilgi Yönetimi | 3381 - Muhasebe ve Finansman | 5123 - Muhasebe ve Finansal Yönetim / Muhasebe ve Finans Yönetimi | 5143 - Yönetim Bilimleri / Yönetim Bilimleri Programları | 8207 - İş İdaresi | 8208 - İş İdaresi ve İktisat | 8296 - Yönetim ve Organizasyon | 8334 - Pazarlama | 9552 - İşletme-Maliye | 9584 - Yönetim Bilimleri ve Liderlik;504c481e-0a81-ed11-8117-a0369f7d1486
2022;2;302011928;Elektrik Üretim A.Ş. Genel Müdürlüğü;Memur;Karaman;Lisans;1;;86.605;86.605;"4421;3159;3213;4386;5106;8208;9113;9221;4427;3158;9359;4429;3141;8312;4431;3226;3227;3381;5123;5143;8207;8208;8296;8334;9552;9584;4459;3254;4322;8225;4503;3237;3313;3314;4507;3115;3313;3315;3352;3353;4389;5116;5142;9506;9791";4421 - Aşağıdaki lisans programlarından birinden mezun olmak. | 3159 - Ekonomi | 3213 - İktisat | 4386 - Uluslararası Ekonomi | 5106 - Ekonomi-Yönetim Bilimleri Programları | 8208 - İş İdaresi ve İktisat | 9113 - Ekonomi Politik ve Toplum Felsefesi | 9221 - Ekonomi ve İdari Bilimler / Ekonomi ve İdari Bilimler Programları | 4427 - Aşağıdaki lisans programlarından birinden mezun olmak. | 3158 - Ekonometri | 9359 - Finansal Ekonometri | 4429 - Aşağıdaki lisans programlarından birinden mezun olmak. | 3141 - Çalışma Ekonomisi ve Endüstri İlişkileri | 8312 - Çalışma Ekonomisi | 4431 - Aşağıdaki lisans programlarından birinden mezun olmak. | 3226 - İşletme / İşletmecilik | 3227 - İşletme Bilgi Yönetimi | 3381 - Muhasebe ve Finansman | 5123 - Muhasebe ve Finansal Yönetim / Muhasebe ve Finans Yönetimi | 5143 - Yönetim Bilimleri / Yönetim Bilimleri Programları | 8207 - İş İdaresi | 8208 - İş İdaresi ve İktisat | 8296 - Yönetim ve Organizasyon | 8334 - Pazarlama | 9552 - İşletme-Maliye | 9584 - Yönetim Bilimleri ve Liderlik | 4459 - Aşağıdaki lisans programlarından birinden mezun olmak. | 3254 - Maliye | 4322 - Muhasebe ve Maliye | 8225 - Maliye-Muhasebe | 4503 - Aşağıdaki lisans programlarından birinden mezun olmak. | 3237 - Kamu Yönetimi | 3313 - Siyaset Bilimi | 3314 - Siyaset Bilimi ve Kamu Yönetimi | 4507 - Aşağıdaki lisans programlarından birinden mezun olmak. | 3115 - Avrupa Birliği İlişkileri | 3313 - Siyaset Bilimi | 3315 - Siyaset Bilimi ve Uluslararası İlişkiler | 3352 - Uluslararası İlişkiler | 3353 - Uluslararası İlişkiler ve Avrupa Birliği | 4389 - Uluslararası İlişkiler ve Avrupa Çalışmaları | 5116 - Küresel ve Uluslararası İlişkiler / Küresel Siyaset ve Uluslararası İlişkiler | 5142 - Toplumsal ve Siyasal Bilimler | 9506 - Uluslararası İlişkiler ve Deniz Güvenliği | 9791 - Uluslararası Çalışmalar;0551481e-0a81-ed11-8117-a0369f7d1486
2022;2;302012544;İzmir Yüksek Teknoloji Enstitüsü;Memur;İzmir;Lisans;3;;86.549;88.351;"4421;3159;3213;4386;5106;8208;9113;9221;4426;5105;6229;4429;3141;8312;4431;3226;3227;3381;5123;5143;8207;8208;8296;8334;9552;9584;4453;3268;3269;3381;4322;5123;9115;9262;9308;4459;3254;4322;8225;4465;3117;3118;4294;6119;9371;9463;9988;4503;3237;3313;3314;4507;3115;3313;3315;3352;3353;4389;5116;5142;9506;9791";4421 - Aşağıdaki lisans programlarından birinden mezun olmak. | 3159 - Ekonomi | 3213 - İktisat | 4386 - Uluslararası Ekonomi | 5106 - Ekonomi-Yönetim Bilimleri Programları | 8208 - İş İdaresi ve İktisat | 9113 - Ekonomi Politik ve Toplum Felsefesi | 9221 - Ekonomi ve İdari Bilimler / Ekonomi ve İdari Bilimler Programları | 4426 - Aşağıdaki lisans programlarından birinden mezun olmak. | 5105 - Ekonomi ve Finans | 6229 - İşletme-Ekonomi / İşletme-İktisat | 4429 - Aşağıdaki lisans programlarından birinden mezun olmak. | 3141 - Çalışma Ekonomisi ve Endüstri İlişkileri | 8312 - Çalışma Ekonomisi | 4431 - Aşağıdaki lisans programlarından birinden mezun olmak. | 3226 - İşletme / İşletmecilik | 3227 - İşletme Bilgi Yönetimi | 3381 - Muhasebe ve Finansman | 5123 - Muhasebe ve Finansal Yönetim / Muhasebe ve Finans Yönetimi | 5143 - Yönetim Bilimleri / Yönetim Bilimleri Programları | 8207 - İş İdaresi | 8208 - İş İdaresi ve İktisat | 8296 - Yönetim ve Organizasyon | 8334 - Pazarlama | 9552 - İşletme-Maliye | 9584 - Yönetim Bilimleri ve Liderlik | 4453 - Aşağıdaki lisans programlarından birinden mezun olmak. | 3268 - Muhasebe | 3269 - Muhasebe Bilgi Sistemleri | 3381 - Muhasebe ve Finansman | 4322 - Muhasebe ve Maliye | 5123 - Muhasebe ve Finansal Yönetim / Muhasebe ve Finans Yönetimi | 9115 - Muhasebe ve Denetim | 9262 - Finans ve Muhasebe | 9308 - İşletme-Muhasebe ve Denetim | 4459 - Aşağıdaki lisans programlarından birinden mezun olmak. | 3254 - Maliye | 4322 - Muhasebe ve Maliye | 8225 - Maliye-Muhasebe | 4465 - Aşağıdaki lisans programlarından birinden mezun olmak. | 3117 - Bankacılık | 3118 - Bankacılık Finans | 4294 - İşletme Ekonomisi | 6119 - Bankacılık ve Finans / Bankacılık ve Finansman | 9371 - Finans ve Bankacılık | 9463 - İşletme Ekonomisi ve Finans | 9988 - Bankacılık ve Finans | 4503 - Aşağıdaki lisans programlarından birinden mezun olmak. | 3237 - Kamu Yönetimi | 3313 - Siyaset Bilimi | 3314 - Siyaset Bilimi ve Kamu Yönetimi | 4507 - Aşağıdaki lisans programlarından birinden mezun olmak. | 3115 - Avrupa Birliği İlişkileri | 3313 - Siyaset Bilimi | 3315 - Siyaset Bilimi ve Uluslararası İlişkiler | 3352 - Uluslararası İlişkiler | 3353 - Uluslararası İlişkiler ve Avrupa Birliği | 4389 - Uluslararası İlişkiler ve Avrupa Çalışmaları | 5116 - Küresel ve Uluslararası İlişkiler / Küresel Siyaset ve Uluslararası İlişkiler | 5142 - Toplumsal ve Siyasal Bilimler | 9506 - Uluslararası İlişkiler ve Deniz Güvenliği | 9791 - Uluslararası Çalışmalar;c14e481e-0a81-ed11-8117-a0369f7d1486
2022;2;302015288;Türkiye Yazma Eserler Kurumu Başkanlığı;Biolog;İstanbul;Lisans;1;;86.529;86.529;"4571;3133;3267;3334;5121;5138;9349";4571 - Aşağıdaki lisans programlarından birinden mezun olmak. | 3133 - Biyoloji | 3267 - Moleküler Biyoloji ve Genetik | 3334 - Tıbbi Biyolojik Bilimler | 5121 - Moleküler Biyoloji | 5138 - Biyoloji Bilimleri ve Biyo Mühendislik | 9349 - Biyoteknoloji ve Moleküler Biyoloji;964e481e-0a81-ed11-8117-a0369f7d1486
2022;2;302013265;Sivas Cumhuriyet Üniversitesi;Psikolog;Sivas;Lisans;2;;86.509;86.648;"4131;3286";4131 - Aşağıdaki lisans programlarından birinden mezun olmak. | 3286 - Psikoloji;1350481e-0a81-ed11-8117-a0369f7d1486
2022;2;302015589;Uşak Üniversitesi;İstatistikçi;Uşak;Lisans;1;;86.509;86.509;"4524;3224;4525;3223;8229";4524 - Aşağıdaki lisans programlarından birinden mezun olmak. | 3224 - İstatistik ve Bilgisayar Bilimleri | 4525 - Aşağıdaki lisans programlarından birinden mezun olmak. | 3223 - İstatistik | 8229 - Matematik ve İstatistik;8b50481e-0a81-ed11-8117-a0369f7d1486
2022;2;302011263;Devlet Demiryolları Taşımacılık A.Ş Genel Müdürlüğü;Memur;Ankara;Lisans;1;;86.481;86.481;"4478;3355;3356;5131;9108;9218;9282;4484;4393;9009;9378;4485;3354;5130;8222;9110;9376;9387;9415;7300;7368";4478 - Aşağıdaki lisans programlarından birinden mezun olmak. | 3355 - Uluslararası Ticaret | 3356 - Uluslararası Ticaret ve İşletmecilik | 5131 - Uluslararası Ticaret ve Finansman | 9108 - Uluslararası İşletmecilik ve Ticaret | 9218 - Uluslararası Ticaret ve Pazarlama | 9282 - Uluslararası Ticaret ve Finans | 4484 - Aşağıdaki lisans programlarından birinden mezun olmak. | 4393 - Uluslararası Ticaret ve Lojistik Yönetimi | 9009 - Uluslararası Ticaret ve Lojistik | 9378 - Uluslararası Ticaret, Lojistik ve İşletmecilik | 4485 - Aşağıdaki lisans programlarından birinden mezun olmak. | 3354 - Uluslararası Lojistik ve Taşımacılık / Uluslararası Lojistik | 5130 - Ulaştırma ve Lojistik | 8222 - Lojistik Yönetimi | 9110 - Uluslararası Lojistik Yönetimi | 9376 - Lojistik | 9387 - Lojistik ve Taşımacılık | 9415 - Ulaştırma ve Lojistik Yönetimi | 7300 - Bu kadro/pozisyonda vardiya sistemi uygulanmaktadır. | 7368 - (Bakınız Başvurma Özel Şartları Bölümü T.C. Devlet Demiryolları Taşımacılık A.Ş. Genel Müdürlüğü);774c481e-0a81-ed11-8117-a0369f7d1486
2022;2;302010675;Ankara Üniversitesi;Memur;Ankara;Lisans;2;;86.272;88.399;"4431;3226;3227;3381;5123;5143;8207;8208;8296;8334;9552;9584";4431 - Aşağıdaki lisans programlarından birinden mezun olmak. | 3226 - İşletme / İşletmecilik | 3227 - İşletme Bilgi Yönetimi | 3381 - Muhasebe ve Finansman | 5123 - Muhasebe ve Finansal Yönetim / Muhasebe ve Finans Yönetimi | 5143 - Yönetim Bilimleri / Yönetim Bilimleri Programları | 8207 - İş İdaresi | 8208 - İş İdaresi ve İktisat | 8296 - Yönetim ve Organizasyon | 8334 - Pazarlama | 9552 - İşletme-Maliye | 9584 - Yönetim Bilimleri ve Liderlik;6b4c481e-0a81-ed11-8117-a0369f7d1486
2022;2;302012012;Erzincan Binali Yıldırım Üniversitesi;Psikolog;Erzincan;Lisans;1;;86.269;86.269;"4131;3286";4131 - Aşağıdaki lisans programlarından birinden mezun olmak. | 3286 - Psikoloji;a14d481e-0a81-ed11-8117-a0369f7d1486
2022;2;302012796;Maden Tetkik ve Arama Genel Müdürlüğü;Mühendis;Ankara;Lisans;4;;86.249;90.346;"4685;3206;4334;6235";4685 - Aşağıdaki lisans programlarından birinden mezun olmak. | 3206 - Hidrojeoloji Mühendisliği | 4334 - Petrol ve Doğalgaz Jeolojisi | 6235 - Jeoloji Mühendisliği;5e4c481e-0a81-ed11-8117-a0369f7d1486
2022;2;302013048;Muş Alparslan Üniversitesi;Memur;Muş;Lisans;2;;86.192;89.395;"4421;3159;3213;4386;5106;8208;9113;9221;4431;3226;3227;3381;5123;5143;8207;8208;8296;8334;9552;9584;4503;3237;3313;3314";4421 - Aşağıdaki lisans programlarından birinden mezun olmak. | 3159 - Ekonomi | 3213 - İktisat | 4386 - Uluslararası Ekonomi | 5106 - Ekonomi-Yönetim Bilimleri Programları | 8208 - İş İdaresi ve İktisat | 9113 - Ekonomi Politik ve Toplum Felsefesi | 9221 - Ekonomi ve İdari Bilimler / Ekonomi ve İdari Bilimler Programları | 4431 - Aşağıdaki lisans programlarından birinden mezun olmak. | 3226 - İşletme / İşletmecilik | 3227 - İşletme Bilgi Yönetimi | 3381 - Muhasebe ve Finansman | 5123 - Muhasebe ve Finansal Yönetim / Muhasebe ve Finans Yönetimi | 5143 - Yönetim Bilimleri / Yönetim Bilimleri Programları | 8207 - İş İdaresi | 8208 - İş İdaresi ve İktisat | 8296 - Yönetim ve Organizasyon | 8334 - Pazarlama | 9552 - İşletme-Maliye | 9584 - Yönetim Bilimleri ve Liderlik | 4503 - Aşağıdaki lisans programlarından birinden mezun olmak. | 3237 - Kamu Yönetimi | 3313 - Siyaset Bilimi | 3314 - Siyaset Bilimi ve Kamu Yönetimi;a74f481e-0a81-ed11-8117-a0369f7d1486
2022;2;302011256;Devlet Demiryolları Taşımacılık A.Ş Genel Müdürlüğü;Memur;Ankara;Lisans;3;;86.178;86.495;"4453;3268;3269;3381;4322;5123;9115;9262;9308;4459;3254;4322;8225;7368";4453 - Aşağıdaki lisans programlarından birinden mezun olmak. | 3268 - Muhasebe | 3269 - Muhasebe Bilgi Sistemleri | 3381 - Muhasebe ve Finansman | 4322 - Muhasebe ve Maliye | 5123 - Muhasebe ve Finansal Yönetim / Muhasebe ve Finans Yönetimi | 9115 - Muhasebe ve Denetim | 9262 - Finans ve Muhasebe | 9308 - İşletme-Muhasebe ve Denetim | 4459 - Aşağıdaki lisans programlarından birinden mezun olmak. | 3254 - Maliye | 4322 - Muhasebe ve Maliye | 8225 - Maliye-Muhasebe | 7368 - (Bakınız Başvurma Özel Şartları Bölümü T.C. Devlet Demiryolları Taşımacılık A.Ş. Genel Müdürlüğü);764c481e-0a81-ed11-8117-a0369f7d1486
2022;2;302012614;Karayolları Genel Müdürlüğü;Veri Hazırlama ve Kontrol İşletmeni;Ankara;Lisans;2;;86.134;86.829;"4273;1362;3215;5113;7168;7212;8132;8327;9281;9442;4291;3197;3198;3292;5111;6225";4273 - Aşağıdaki lisans programlarından birinden mezun olmak. | 1362 - İletişim Tasarımı ve Yeni Medya | 3215 - İletişim | 5113 - İletişim Tasarımı | 7168 - İletişim ve Tasarım | 7212 - İletişim Tasarımı (Multimedia) | 8132 - İletişim Sanatları | 8327 - İletişim Bilimleri | 9281 - İletişim Tasarımı ve Yönetimi | 9442 - İletişim Tasarımı ve Medya | 4291 - Aşağıdaki lisans programlarından birinden mezun olmak. | 3197 - Halkla İlişkiler | 3198 - Halkla İlişkiler ve Tanıtım | 3292 - Reklamcılık ve Halkla İlişkiler | 5111 - Halkla İlişkiler ve Reklamcılık | 6225 - M.E.B.'Dan Onaylı Bilgisayar İşletmeni Sertifikası Sahibi olmak.;5b4c481e-0a81-ed11-8117-a0369f7d1486
2022;2;302014805;Türkiye Raylı Sistem Araçları Sanayii Anonim Şirketi;Memur;Sivas;Lisans;2;;86.122;88.038;"4421;3159;3213;4386;5106;8208;9113;9221;4431;3226;3227;3381;5123;5143;8207;8208;8296;8334;9552;9584";4421 - Aşağıdaki lisans programlarından birinden mezun olmak. | 3159 - Ekonomi | 3213 - İktisat | 4386 - Uluslararası Ekonomi | 5106 - Ekonomi-Yönetim Bilimleri Programları | 8208 - İş İdaresi ve İktisat | 9113 - Ekonomi Politik ve Toplum Felsefesi | 9221 - Ekonomi ve İdari Bilimler / Ekonomi ve İdari Bilimler Programları | 4431 - Aşağıdaki lisans programlarından birinden mezun olmak. | 3226 - İşletme / İşletmecilik | 3227 - İşletme Bilgi Yönetimi | 3381 - Muhasebe ve Finansman | 5123 - Muhasebe ve Finansal Yönetim / Muhasebe ve Finans Yönetimi | 5143 - Yönetim Bilimleri / Yönetim Bilimleri Programları | 8207 - İş İdaresi | 8208 - İş İdaresi ve İktisat | 8296 - Yönetim ve Organizasyon | 8334 - Pazarlama | 9552 - İşletme-Maliye | 9584 - Yönetim Bilimleri ve Liderlik;2250481e-0a81-ed11-8117-a0369f7d1486
2022;2;302012810;Malatya Büyükşehir Belediye Başkanlığı;Bilgisayar İşletmeni;Malatya;Lisans;1;;86.035;86.035;"4421;3159;3213;4386;5106;8208;9113;9221;4431;3226;3227;3381;5123;5143;8207;8208;8296;8334;9552;9584;4503;3237;3313;3314;6225";4421 - Aşağıdaki lisans programlarından birinden mezun olmak. | 3159 - Ekonomi | 3213 - İktisat | 4386 - Uluslararası Ekonomi | 5106 - Ekonomi-Yönetim Bilimleri Programları | 8208 - İş İdaresi ve İktisat | 9113 - Ekonomi Politik ve Toplum Felsefesi | 9221 - Ekonomi ve İdari Bilimler / Ekonomi ve İdari Bilimler Programları | 4431 - Aşağıdaki lisans programlarından birinden mezun olmak. | 3226 - İşletme / İşletmecilik | 3227 - İşletme Bilgi Yönetimi | 3381 - Muhasebe ve Finansman | 5123 - Muhasebe ve Finansal Yönetim / Muhasebe ve Finans Yönetimi | 5143 - Yönetim Bilimleri / Yönetim Bilimleri Programları | 8207 - İş İdaresi | 8208 - İş İdaresi ve İktisat | 8296 - Yönetim ve Organizasyon | 8334 - Pazarlama | 9552 - İşletme-Maliye | 9584 - Yönetim Bilimleri ve Liderlik | 4503 - Aşağıdaki lisans programlarından birinden mezun olmak. | 3237 - Kamu Yönetimi | 3313 - Siyaset Bilimi | 3314 - Siyaset Bilimi ve Kamu Yönetimi | 6225 - M.E.B.'Dan Onaylı Bilgisayar İşletmeni Sertifikası Sahibi olmak.;5d4f481e-0a81-ed11-8117-a0369f7d1486
2022;2;302011816;Devlet Opera ve Balesi Genel Müdürlüğü;Memur;Antalya;Lisans;1;;85.985;85.985;"4459;3254;4322;8225";4459 - Aşağıdaki lisans programlarından birinden mezun olmak. | 3254 - Maliye | 4322 - Muhasebe ve Maliye | 8225 - Maliye-Muhasebe;e84c481e-0a81-ed11-8117-a0369f7d1486
2022;2;302014378;Toprak Mahsulleri Ofisi Genel Müdürlüğü;Mühendis;Ordu;Lisans;1;;85.974;85.974;"4845;3385;3386;4212;4370;6131;8147;8158;8220;9048;9190;9269;7324";4845 - Aşağıdaki lisans programlarından birinden mezun olmak. | 3385 - Tarla Bitkileri | 3386 - Toprak | 4212 - Bahçe ve Tarla Bitkileri | 4370 - Toprak Bilimi ve Tarım Kimyası | 6131 - Bitkisel Üretim | 8147 - Bahçe Bitkileri | 8158 - Bitki Koruma | 8220 - Kültür Bitkileri Üretimi ve Pazarlaması | 9048 - Toprak Bilimi ve Bitki Besleme | 9190 - Bahçe Bitkileri Üretimi ve Pazarlaması | 9269 - Bitkisel Üretim ve Teknolojileri | 7324 - (Bakınız Başvurma Özel Şartları Bölümü Toprak Mahsulleri Ofisi Genel Müdürlüğü).;be4f481e-0a81-ed11-8117-a0369f7d1486
2022;2;302013272;Sivas Cumhuriyet Üniversitesi;Veteriner Hekim;Sivas;Lisans;1;;85.938;85.938;"4607;6373";4607 - Aşağıdaki lisans programlarından birinden mezun olmak. | 6373 - Veteriner;1450481e-0a81-ed11-8117-a0369f7d1486
2022;2;302013622;T.C.Devlet Demiryolları İşletmesi Genel Müdürlüğü;Memur;İstanbul;Lisans;1;;85.932;85.932;"4431;3226;3227;3381;5123;5143;8207;8208;8296;8334;9552;9584;7300;7327";4431 - Aşağıdaki lisans programlarından birinden mezun olmak. | 3226 - İşletme / İşletmecilik | 3227 - İşletme Bilgi Yönetimi | 3381 - Muhasebe ve Finansman | 5123 - Muhasebe ve Finansal Yönetim / Muhasebe ve Finans Yönetimi | 5143 - Yönetim Bilimleri / Yönetim Bilimleri Programları | 8207 - İş İdaresi | 8208 - İş İdaresi ve İktisat | 8296 - Yönetim ve Organizasyon | 8334 - Pazarlama | 9552 - İşletme-Maliye | 9584 - Yönetim Bilimleri ve Liderlik | 7300 - Bu kadro/pozisyonda vardiya sistemi uygulanmaktadır. | 7327 - (Bakınız Başvurma Özel Şartları Bölümü TCDD Genel Müdürlüğü).;6c4e481e-0a81-ed11-8117-a0369f7d1486
2022;2;302013524;T.C.Devlet Demiryolları İşletmesi Genel Müdürlüğü;Hareket Memuru;İzmir;Lisans;1;;85.928;85.928;"4441;4367;4443;3270;8134;8209;8211;8234;8267;4480;9118;9425;4484;4393;9009;9378;4485;3354;5130;8222;9110;9376;9387;9415;4491;1286;4517;4395;5107;6256;4524;3224;4525;3223;8229;4527;3256;3258;8228;8230;8277;4535;3128;3129;8152;8310;8347;9150;7257;7300;7327";4441 - Aşağıdaki lisans programlarından birinden mezun olmak. | 4367 - Ticaret Ekonomisi | 4443 - Aşağıdaki lisans programlarından birinden mezun olmak. | 3270 - Muhasebe ve Finansman Öğretmenliği | 8134 - İşletme Öğretmenliği | 8209 - İş Yönetimi ve Ticaret Eğitimi Öğretmenliği / İş Yönetimi ve Ticaret Öğretmenliği | 8211 - İşletme, Muhasebe ve Ticaret Öğretmenliği | 8234 - Muhasebe-İşletme Öğretmenliği | 8267 - Ticaret - İş Eğitimi Öğretmenliği | 4480 - Aşağıdaki lisans programlarından birinden mezun olmak. | 9118 - Gümrük İşletme | 9425 - Gümrük İşletmeciliği | 4484 - Aşağıdaki lisans programlarından birinden mezun olmak. | 4393 - Uluslararası Ticaret ve Lojistik Yönetimi | 9009 - Uluslararası Ticaret ve Lojistik | 9378 - Uluslararası Ticaret, Lojistik ve İşletmecilik | 4485 - Aşağıdaki lisans programlarından birinden mezun olmak. | 3354 - Uluslararası Lojistik ve Taşımacılık / Uluslararası Lojistik | 5130 - Ulaştırma ve Lojistik | 8222 - Lojistik Yönetimi | 9110 - Uluslararası Lojistik Yönetimi | 9376 - Lojistik | 9387 - Lojistik ve Taşımacılık | 9415 - Ulaştırma ve Lojistik Yönetimi | 4491 - Aşağıdaki lisans programlarından birinden mezun olmak. | 1286 - ULUSLARARASI ULAŞTIRMA SİSTEMLERİ | 4517 - Aşağıdaki lisans programlarından birinden mezun olmak. | 4395 - Uygulamalı Matematik | 5107 - Finans Matematiği | 6256 - Matematik | 4524 - Aşağıdaki lisans programlarından birinden mezun olmak. | 3224 - İstatistik ve Bilgisayar Bilimleri | 4525 - Aşağıdaki lisans programlarından birinden mezun olmak. | 3223 - İstatistik | 8229 - Matematik ve İstatistik | 4527 - Aşağıdaki lisans programlarından birinden mezun olmak. | 3256 - Matematik ve Bilgisayar Bilimleri | 3258 - Matematik ve Bilgisayar / Matematik-Bilgisayar | 8228 - Matematik ve İnformatik / Matematik-İnformatik | 8230 - Matematik-Bilgisayar Programcılığı | 8277 - Uygulamalı Matematik ve Bilgisayar | 4535 - Aşağıdaki lisans programlarından birinden mezun olmak. | 3128 - Bilgisayar ve Kontrol Öğretmenliği | 3129 - Bilgisayar ve Öğretim Teknolojileri Öğretmenliği | 8152 - Bilgisayar Teknolojisi Öğretmenliği | 8310 - Bilgisayar ve Öğretim Teknolojileri Öğretimi | 8347 - Kontrol Öğretmenliği | 9150 - Bilgisayar ve Öğretim Teknolojileri Eğitimi | 7257 - Seyahate ve Arazide Çalışmaya Elverişli olmak. | 7300 - Bu kadro/pozisyonda vardiya sistemi uygulanmaktadır. | 7327 - (Bakınız Başvurma Özel Şartları Bölümü TCDD Genel Müdürlüğü).;b94e481e-0a81-ed11-8117-a0369f7d1486
2022;2;302012649;Kırıkkale Üniversitesi;Biolog;Kırıkkale;Lisans;1;;85.917;85.917;"4571;3133;3267;3334;5121;5138;9349";4571 - Aşağıdaki lisans programlarından birinden mezun olmak. | 3133 - Biyoloji | 3267 - Moleküler Biyoloji ve Genetik | 3334 - Tıbbi Biyolojik Bilimler | 5121 - Moleküler Biyoloji | 5138 - Biyoloji Bilimleri ve Biyo Mühendislik | 9349 - Biyoteknoloji ve Moleküler Biyoloji;0d51481e-0a81-ed11-8117-a0369f7d1486
2022;2;302013139;Pamukkale Üniversitesi;Bilgisayar İşletmeni;Denizli;Lisans;1;;85.917;85.917;"4437;3227;3361;4216;8210;9286;9427";4437 - Aşağıdaki lisans programlarından birinden mezun olmak. | 3227 - İşletme Bilgi Yönetimi | 3361 - Yönetim Bilişim Sistemleri | 4216 - Bilgi İşlemi | 8210 - İşletme Enformatiği | 9286 - Teknoloji ve Bilgi Yönetimi | 9427 - Yönetim Bilimi ve Bilişim Sistemleri;704d481e-0a81-ed11-8117-a0369f7d1486
2022;2;302014980;Türkiye Şeker Fabrikaları A.Ş. Genel Müdürlüğü;Mühendis;Ankara;Lisans;2;;85.908;88.581;"4685;3206;4334;6235;7247;7248";4685 - Aşağıdaki lisans programlarından birinden mezun olmak. | 3206 - Hidrojeoloji Mühendisliği | 4334 - Petrol ve Doğalgaz Jeolojisi | 6235 - Jeoloji Mühendisliği | 7247 - Tehlikeli Ve Çok Tehlikeli İşlerde Çalışmasına Engel Bir Durumu Bulunmamak | 7248 - Vardiyalı Çalışmasına Engel Bir Durumu Bulunmamak;cc4c481e-0a81-ed11-8117-a0369f7d1486
2022;2;302014945;Türkiye Şeker Fabrikaları A.Ş. Genel Müdürlüğü;Memur;Malatya;Lisans;2;;85.906;86.721;"4421;3159;3213;4386;5106;8208;9113;9221;4431;3226;3227;3381;5123;5143;8207;8208;8296;8334;9552;9584;4441;4367;4453;3268;3269;3381;4322;5123;9115;9262;9308;4459;3254;4322;8225;4465;3117;3118;4294;6119;9371;9463;9988;4503;3237;3313;3314;7248";4421 - Aşağıdaki lisans programlarından birinden mezun olmak. | 3159 - Ekonomi | 3213 - İktisat | 4386 - Uluslararası Ekonomi | 5106 - Ekonomi-Yönetim Bilimleri Programları | 8208 - İş İdaresi ve İktisat | 9113 - Ekonomi Politik ve Toplum Felsefesi | 9221 - Ekonomi ve İdari Bilimler / Ekonomi ve İdari Bilimler Programları | 4431 - Aşağıdaki lisans programlarından birinden mezun olmak. | 3226 - İşletme / İşletmecilik | 3227 - İşletme Bilgi Yönetimi | 3381 - Muhasebe ve Finansman | 5123 - Muhasebe ve Finansal Yönetim / Muhasebe ve Finans Yönetimi | 5143 - Yönetim Bilimleri / Yönetim Bilimleri Programları | 8207 - İş İdaresi | 8208 - İş İdaresi ve İktisat | 8296 - Yönetim ve Organizasyon | 8334 - Pazarlama | 9552 - İşletme-Maliye | 9584 - Yönetim Bilimleri ve Liderlik | 4441 - Aşağıdaki lisans programlarından birinden mezun olmak. | 4367 - Ticaret Ekonomisi | 4453 - Aşağıdaki lisans programlarından birinden mezun olmak. | 3268 - Muhasebe | 3269 - Muhasebe Bilgi Sistemleri | 3381 - Muhasebe ve Finansman | 4322 - Muhasebe ve Maliye | 5123 - Muhasebe ve Finansal Yönetim / Muhasebe ve Finans Yönetimi | 9115 - Muhasebe ve Denetim | 9262 - Finans ve Muhasebe | 9308 - İşletme-Muhasebe ve Denetim | 4459 - Aşağıdaki lisans programlarından birinden mezun olmak. | 3254 - Maliye | 4322 - Muhasebe ve Maliye | 8225 - Maliye-Muhasebe | 4465 - Aşağıdaki lisans programlarından birinden mezun olmak. | 3117 - Bankacılık | 3118 - Bankacılık Finans | 4294 - İşletme Ekonomisi | 6119 - Bankacılık ve Finans / Bankacılık ve Finansman | 9371 - Finans ve Bankacılık | 9463 - İşletme Ekonomisi ve Finans | 9988 - Bankacılık ve Finans | 4503 - Aşağıdaki lisans programlarından birinden mezun olmak. | 3237 - Kamu Yönetimi | 3313 - Siyaset Bilimi | 3314 - Siyaset Bilimi ve Kamu Yönetimi | 7248 - Vardiyalı Çalışmasına Engel Bir Durumu Bulunmamak;6f4f481e-0a81-ed11-8117-a0369f7d1486
2022;2;302010836;Bartın Üniversitesi;Bilgisayar İşletmeni;Bartın;Lisans;1;;85.898;85.898;"4503;3237;3313;3314;6225";4503 - Aşağıdaki lisans programlarından birinden mezun olmak. | 3237 - Kamu Yönetimi | 3313 - Siyaset Bilimi | 3314 - Siyaset Bilimi ve Kamu Yönetimi | 6225 - M.E.B.'Dan Onaylı Bilgisayar İşletmeni Sertifikası Sahibi olmak.;2f51481e-0a81-ed11-8117-a0369f7d1486
2022;2;302010402;Afet ve Acil Durum Yönetimi Başkanlığı;Mühendis;Konya;Lisans;1;;85.88;85.88;"4685;3206;4334;6235";4685 - Aşağıdaki lisans programlarından birinden mezun olmak. | 3206 - Hidrojeoloji Mühendisliği | 4334 - Petrol ve Doğalgaz Jeolojisi | 6235 - Jeoloji Mühendisliği;294f481e-0a81-ed11-8117-a0369f7d1486
2022;2;302012642;Kırıkkale Üniversitesi;Bakteriolog;Kırıkkale;Lisans;1;;85.821;85.821;"4571;3133;3267;3334;5121;5138;9349";4571 - Aşağıdaki lisans programlarından birinden mezun olmak. | 3133 - Biyoloji | 3267 - Moleküler Biyoloji ve Genetik | 3334 - Tıbbi Biyolojik Bilimler | 5121 - Moleküler Biyoloji | 5138 - Biyoloji Bilimleri ve Biyo Mühendislik | 9349 - Biyoteknoloji ve Moleküler Biyoloji;0c51481e-0a81-ed11-8117-a0369f7d1486
2022;2;302014791;Türkiye Raylı Sistem Araçları Sanayii Anonim Şirketi;Memur;Eskişehir;Lisans;1;;85.815;85.815;"4478;3355;3356;5131;9108;9218;9282";4478 - Aşağıdaki lisans programlarından birinden mezun olmak. | 3355 - Uluslararası Ticaret | 3356 - Uluslararası Ticaret ve İşletmecilik | 5131 - Uluslararası Ticaret ve Finansman | 9108 - Uluslararası İşletmecilik ve Ticaret | 9218 - Uluslararası Ticaret ve Pazarlama | 9282 - Uluslararası Ticaret ve Finans;c84d481e-0a81-ed11-8117-a0369f7d1486
2022;2;302010514;Afet ve Acil Durum Yönetimi Başkanlığı;Veri Hazırlama ve Kontrol İşletmeni;Ankara;Lisans;3;;85.801;86.251;"4459;3254;4322;8225";4459 - Aşağıdaki lisans programlarından birinden mezun olmak. | 3254 - Maliye | 4322 - Muhasebe ve Maliye | 8225 - Maliye-Muhasebe;614c481e-0a81-ed11-8117-a0369f7d1486
2022;2;302014231;Ticaret Bakanlığı;Tüketici Hakem Heyeti Raportörü;Tokat;Lisans;1;;85.711;85.711;"4421;3159;3213;4386;5106;8208;9113;9221;4427;3158;9359;4429;3141;8312;4431;3226;3227;3381;5123;5143;8207;8208;8296;8334;9552;9584;4459;3254;4322;8225";4421 - Aşağıdaki lisans programlarından birinden mezun olmak. | 3159 - Ekonomi | 3213 - İktisat | 4386 - Uluslararası Ekonomi | 5106 - Ekonomi-Yönetim Bilimleri Programları | 8208 - İş İdaresi ve İktisat | 9113 - Ekonomi Politik ve Toplum Felsefesi | 9221 - Ekonomi ve İdari Bilimler / Ekonomi ve İdari Bilimler Programları | 4427 - Aşağıdaki lisans programlarından birinden mezun olmak. | 3158 - Ekonometri | 9359 - Finansal Ekonometri | 4429 - Aşağıdaki lisans programlarından birinden mezun olmak. | 3141 - Çalışma Ekonomisi ve Endüstri İlişkileri | 8312 - Çalışma Ekonomisi | 4431 - Aşağıdaki lisans programlarından birinden mezun olmak. | 3226 - İşletme / İşletmecilik | 3227 - İşletme Bilgi Yönetimi | 3381 - Muhasebe ve Finansman | 5123 - Muhasebe ve Finansal Yönetim / Muhasebe ve Finans Yönetimi | 5143 - Yönetim Bilimleri / Yönetim Bilimleri Programları | 8207 - İş İdaresi | 8208 - İş İdaresi ve İktisat | 8296 - Yönetim ve Organizasyon | 8334 - Pazarlama | 9552 - İşletme-Maliye | 9584 - Yönetim Bilimleri ve Liderlik | 4459 - Aşağıdaki lisans programlarından birinden mezun olmak. | 3254 - Maliye | 4322 - Muhasebe ve Maliye | 8225 - Maliye-Muhasebe;4e50481e-0a81-ed11-8117-a0369f7d1486
2022;2;302012978;Mimar Sinan Güzel Sanatlar Üniversitesi;Memur;İstanbul;Lisans;1;;85.7;85.7;"4291;3197;3198;3292;5111";4291 - Aşağıdaki lisans programlarından birinden mezun olmak. | 3197 - Halkla İlişkiler | 3198 - Halkla İlişkiler ve Tanıtım | 3292 - Reklamcılık ve Halkla İlişkiler | 5111 - Halkla İlişkiler ve Reklamcılık;614e481e-0a81-ed11-8117-a0369f7d1486
2022;2;302015106;Türkiye Şeker Fabrikaları A.Ş. Genel Müdürlüğü;Mühendis;Uşak;Lisans;1;;85.626;85.626;"4677;3142;7247;7248";4677 - Aşağıdaki lisans programlarından birinden mezun olmak. | 3142 - Çevre Mühendisliği | 7247 - Tehlikeli Ve Çok Tehlikeli İşlerde Çalışmasına Engel Bir Durumu Bulunmamak | 7248 - Vardiyalı Çalışmasına Engel Bir Durumu Bulunmamak;8950481e-0a81-ed11-8117-a0369f7d1486
2022;2;302011312;Devlet Demiryolları Taşımacılık A.Ş Genel Müdürlüğü;Memur;İzmir;Lisans;1;;85.606;85.606;"4478;3355;3356;5131;9108;9218;9282;4484;4393;9009;9378;4485;3354;5130;8222;9110;9376;9387;9415;7300;7368";4478 - Aşağıdaki lisans programlarından birinden mezun olmak. | 3355 - Uluslararası Ticaret | 3356 - Uluslararası Ticaret ve İşletmecilik | 5131 - Uluslararası Ticaret ve Finansman | 9108 - Uluslararası İşletmecilik ve Ticaret | 9218 - Uluslararası Ticaret ve Pazarlama | 9282 - Uluslararası Ticaret ve Finans | 4484 - Aşağıdaki lisans programlarından birinden mezun olmak. | 4393 - Uluslararası Ticaret ve Lojistik Yönetimi | 9009 - Uluslararası Ticaret ve Lojistik | 9378 - Uluslararası Ticaret, Lojistik ve İşletmecilik | 4485 - Aşağıdaki lisans programlarından birinden mezun olmak. | 3354 - Uluslararası Lojistik ve Taşımacılık / Uluslararası Lojistik | 5130 - Ulaştırma ve Lojistik | 8222 - Lojistik Yönetimi | 9110 - Uluslararası Lojistik Yönetimi | 9376 - Lojistik | 9387 - Lojistik ve Taşımacılık | 9415 - Ulaştırma ve Lojistik Yönetimi | 7300 - Bu kadro/pozisyonda vardiya sistemi uygulanmaktadır. | 7368 - (Bakınız Başvurma Özel Şartları Bölümü T.C. Devlet Demiryolları Taşımacılık A.Ş. Genel Müdürlüğü);be4e481e-0a81-ed11-8117-a0369f7d1486
2022;2;302012152;Gebze Teknik Üniversitesi;Kütüphaneci;Kocaeli;Lisans;1;;85.575;85.575;"4099;3113;3153;3248;4309;8144";4099 - Aşağıdaki lisans programlarından birinden mezun olmak. | 3113 - Arşivcilik | 3153 - Dokümantasyon ve Enformasyon | 3248 - Kütüphanecilik | 4309 - Kütüphanecilik ve Bilgi Çalışmaları | 8144 - Bilgi ve Belge Yönetimi;1c4f481e-0a81-ed11-8117-a0369f7d1486
2022;2;302014217;Ticaret Bakanlığı;Tüketici Hakem Heyeti Raportörü;Siirt;Lisans;1;;85.572;85.572;"4421;3159;3213;4386;5106;8208;9113;9221;4427;3158;9359;4429;3141;8312;4431;3226;3227;3381;5123;5143;8207;8208;8296;8334;9552;9584;4459;3254;4322;8225";4421 - Aşağıdaki lisans programlarından birinden mezun olmak. | 3159 - Ekonomi | 3213 - İktisat | 4386 - Uluslararası Ekonomi | 5106 - Ekonomi-Yönetim Bilimleri Programları | 8208 - İş İdaresi ve İktisat | 9113 - Ekonomi Politik ve Toplum Felsefesi | 9221 - Ekonomi ve İdari Bilimler / Ekonomi ve İdari Bilimler Programları | 4427 - Aşağıdaki lisans programlarından birinden mezun olmak. | 3158 - Ekonometri | 9359 - Finansal Ekonometri | 4429 - Aşağıdaki lisans programlarından birinden mezun olmak. | 3141 - Çalışma Ekonomisi ve Endüstri İlişkileri | 8312 - Çalışma Ekonomisi | 4431 - Aşağıdaki lisans programlarından birinden mezun olmak. | 3226 - İşletme / İşletmecilik | 3227 - İşletme Bilgi Yönetimi | 3381 - Muhasebe ve Finansman | 5123 - Muhasebe ve Finansal Yönetim / Muhasebe ve Finans Yönetimi | 5143 - Yönetim Bilimleri / Yönetim Bilimleri Programları | 8207 - İş İdaresi | 8208 - İş İdaresi ve İktisat | 8296 - Yönetim ve Organizasyon | 8334 - Pazarlama | 9552 - İşletme-Maliye | 9584 - Yönetim Bilimleri ve Liderlik | 4459 - Aşağıdaki lisans programlarından birinden mezun olmak. | 3254 - Maliye | 4322 - Muhasebe ve Maliye | 8225 - Maliye-Muhasebe;fa4f481e-0a81-ed11-8117-a0369f7d1486
2022;2;302013020;Muğla Sıtkı Koçman Üniversitesi;Bilgisayar İşletmeni;Muğla;Lisans;3;;85.555;87.339;"4291;3197;3198;3292;5111;4421;3159;3213;4386;5106;8208;9113;9221;4429;3141;8312;4431;3226;3227;3381;5123;5143;8207;8208;8296;8334;9552;9584;4437;3227;3361;4216;8210;9286;9427;4873;3243;3337;3338;3340;4325;4371;4373;5129;6303;6339;8215;9116;9444;6225";4291 - Aşağıdaki lisans programlarından birinden mezun olmak. | 3197 - Halkla İlişkiler | 3198 - Halkla İlişkiler ve Tanıtım | 3292 - Reklamcılık ve Halkla İlişkiler | 5111 - Halkla İlişkiler ve Reklamcılık | 4421 - Aşağıdaki lisans programlarından birinden mezun olmak. | 3159 - Ekonomi | 3213 - İktisat | 4386 - Uluslararası Ekonomi | 5106 - Ekonomi-Yönetim Bilimleri Programları | 8208 - İş İdaresi ve İktisat | 9113 - Ekonomi Politik ve Toplum Felsefesi | 9221 - Ekonomi ve İdari Bilimler / Ekonomi ve İdari Bilimler Programları | 4429 - Aşağıdaki lisans programlarından birinden mezun olmak. | 3141 - Çalışma Ekonomisi ve Endüstri İlişkileri | 8312 - Çalışma Ekonomisi | 4431 - Aşağıdaki lisans programlarından birinden mezun olmak. | 3226 - İşletme / İşletmecilik | 3227 - İşletme Bilgi Yönetimi | 3381 - Muhasebe ve Finansman | 5123 - Muhasebe ve Finansal Yönetim / Muhasebe ve Finans Yönetimi | 5143 - Yönetim Bilimleri / Yönetim Bilimleri Programları | 8207 - İş İdaresi | 8208 - İş İdaresi ve İktisat | 8296 - Yönetim ve Organizasyon | 8334 - Pazarlama | 9552 - İşletme-Maliye | 9584 - Yönetim Bilimleri ve Liderlik | 4437 - Aşağıdaki lisans programlarından birinden mezun olmak. | 3227 - İşletme Bilgi Yönetimi | 3361 - Yönetim Bilişim Sistemleri | 4216 - Bilgi İşlemi | 8210 - İşletme Enformatiği | 9286 - Teknoloji ve Bilgi Yönetimi | 9427 - Yönetim Bilimi ve Bilişim Sistemleri | 4873 - Aşağıdaki lisans programlarından birinden mezun olmak. | 3243 - Konaklama İşletmeciliği | 3337 - Turizm İşletmeciliği | 3338 - Turizm İşletmeciliği ve Otelcilik / Turizm İşletmecilik ve Otelcilik | 3340 - Turizm ve Otelcilik | 4325 - Otel İşletmeciliği | 4371 - Turizm | 4373 - Turizm ve Hizmetler | 5129 - Turizmde Büro Yönetimi | 6303 - Seyahat İşletmeciliği | 6339 - Turizm ve Otel İşletmeciliği | 8215 - Konaklama ve Turizm İşletmeciliği | 9116 - Otel Yöneticiliği | 9444 - Turizm ve Otel Yöneticiliği | 6225 - M.E.B.'Dan Onaylı Bilgisayar İşletmeni Sertifikası Sahibi olmak.;924f481e-0a81-ed11-8117-a0369f7d1486
2022;2;302012110;Eti Maden İşletmeleri Genel Müdürlüğü;Mühendis;Eskişehir;Lisans;1;;85.533;85.533;"4685;3206;4334;6235";4685 - Aşağıdaki lisans programlarından birinden mezun olmak. | 3206 - Hidrojeoloji Mühendisliği | 4334 - Petrol ve Doğalgaz Jeolojisi | 6235 - Jeoloji Mühendisliği;cb4d481e-0a81-ed11-8117-a0369f7d1486
2022;2;302010353;Afet ve Acil Durum Yönetimi Başkanlığı;Mühendis;Giresun;Lisans;1;;85.513;85.513;"4685;3206;4334;6235";4685 - Aşağıdaki lisans programlarından birinden mezun olmak. | 3206 - Hidrojeoloji Mühendisliği | 4334 - Petrol ve Doğalgaz Jeolojisi | 6235 - Jeoloji Mühendisliği;f14d481e-0a81-ed11-8117-a0369f7d1486
2022;2;302014224;Ticaret Bakanlığı;Tüketici Hakem Heyeti Raportörü;Şanlıurfa;Lisans;1;;85.492;85.492;"4421;3159;3213;4386;5106;8208;9113;9221;4427;3158;9359;4429;3141;8312;4431;3226;3227;3381;5123;5143;8207;8208;8296;8334;9552;9584;4459;3254;4322;8225";4421 - Aşağıdaki lisans programlarından birinden mezun olmak. | 3159 - Ekonomi | 3213 - İktisat | 4386 - Uluslararası Ekonomi | 5106 - Ekonomi-Yönetim Bilimleri Programları | 8208 - İş İdaresi ve İktisat | 9113 - Ekonomi Politik ve Toplum Felsefesi | 9221 - Ekonomi ve İdari Bilimler / Ekonomi ve İdari Bilimler Programları | 4427 - Aşağıdaki lisans programlarından birinden mezun olmak. | 3158 - Ekonometri | 9359 - Finansal Ekonometri | 4429 - Aşağıdaki lisans programlarından birinden mezun olmak. | 3141 - Çalışma Ekonomisi ve Endüstri İlişkileri | 8312 - Çalışma Ekonomisi | 4431 - Aşağıdaki lisans programlarından birinden mezun olmak. | 3226 - İşletme / İşletmecilik | 3227 - İşletme Bilgi Yönetimi | 3381 - Muhasebe ve Finansman | 5123 - Muhasebe ve Finansal Yönetim / Muhasebe ve Finans Yönetimi | 5143 - Yönetim Bilimleri / Yönetim Bilimleri Programları | 8207 - İş İdaresi | 8208 - İş İdaresi ve İktisat | 8296 - Yönetim ve Organizasyon | 8334 - Pazarlama | 9552 - İşletme-Maliye | 9584 - Yönetim Bilimleri ve Liderlik | 4459 - Aşağıdaki lisans programlarından birinden mezun olmak. | 3254 - Maliye | 4322 - Muhasebe ve Maliye | 8225 - Maliye-Muhasebe;7a50481e-0a81-ed11-8117-a0369f7d1486
2022;2;302012054;Et ve Süt Kurumu Genel Müdürlüğü;Memur;Trabzon;Lisans;2;;85.476;86.533;"4426;5105;6229;4429;3141;8312;4431;3226;3227;3381;5123;5143;8207;8208;8296;8334;9552;9584";4426 - Aşağıdaki lisans programlarından birinden mezun olmak. | 5105 - Ekonomi ve Finans | 6229 - İşletme-Ekonomi / İşletme-İktisat | 4429 - Aşağıdaki lisans programlarından birinden mezun olmak. | 3141 - Çalışma Ekonomisi ve Endüstri İlişkileri | 8312 - Çalışma Ekonomisi | 4431 - Aşağıdaki lisans programlarından birinden mezun olmak. | 3226 - İşletme / İşletmecilik | 3227 - İşletme Bilgi Yönetimi | 3381 - Muhasebe ve Finansman | 5123 - Muhasebe ve Finansal Yönetim / Muhasebe ve Finans Yönetimi | 5143 - Yönetim Bilimleri / Yönetim Bilimleri Programları | 8207 - İş İdaresi | 8208 - İş İdaresi ve İktisat | 8296 - Yönetim ve Organizasyon | 8334 - Pazarlama | 9552 - İşletme-Maliye | 9584 - Yönetim Bilimleri ve Liderlik;6750481e-0a81-ed11-8117-a0369f7d1486
2022;2;302012705;Kilis 7 Aralık Üniversitesi;Memur;Kilis;Lisans;1;;85.471;85.471;"4431;3226;3227;3381;5123;5143;8207;8208;8296;8334;9552;9584";4431 - Aşağıdaki lisans programlarından birinden mezun olmak. | 3226 - İşletme / İşletmecilik | 3227 - İşletme Bilgi Yönetimi | 3381 - Muhasebe ve Finansman | 5123 - Muhasebe ve Finansal Yönetim / Muhasebe ve Finans Yönetimi | 5143 - Yönetim Bilimleri / Yönetim Bilimleri Programları | 8207 - İş İdaresi | 8208 - İş İdaresi ve İktisat | 8296 - Yönetim ve Organizasyon | 8334 - Pazarlama | 9552 - İşletme-Maliye | 9584 - Yönetim Bilimleri ve Liderlik;6051481e-0a81-ed11-8117-a0369f7d1486
2022;2;302013650;T.C.Devlet Demiryolları İşletmesi Genel Müdürlüğü;Sürveyan;Ankara;Lisans;1;;85.406;85.406;"4517;4395;5107;6256;4535;3128;3129;8152;8310;8347;9150;4539;3127;3130;3174;6173;8125;8151;8154;8155;8308;9364;4547;3182;4613;3161;8180;9766;4621;3164;3167;4252;4253;6165;8181;9484;4622;8350;4631;5120;4711;1365;1418;3200;3346;7257;7300;7327";"4517 - Aşağıdaki lisans programlarından birinden mezun olmak. | 4395 - Uygulamalı Matematik | 5107 - Finans Matematiği | 6256 - Matematik | 4535 - Aşağıdaki lisans programlarından birinden mezun olmak. | 3128 - Bilgisayar ve Kontrol Öğretmenliği | 3129 - Bilgisayar ve Öğretim Teknolojileri Öğretmenliği | 8152 - Bilgisayar Teknolojisi Öğretmenliği | 8310 - Bilgisayar ve Öğretim Teknolojileri Öğretimi | 8347 - Kontrol Öğretmenliği | 9150 - Bilgisayar ve Öğretim Teknolojileri Eğitimi | 4539 - Aşağıdaki lisans programlarından birinden mezun olmak. | 3127 - Bilgisayar Teknolojisi ve Bilişim Sistemleri | 3130 - Bilişim Sistemleri ve Teknolojileri | 3174 - Enformatik / Enformatik (Almanca) | 6173 - Enformasyon Teknolojileri | 8125 - Bilgisayar Teknolojisi Bölümü | 8151 - Bilgisayar Sistemleri ve Teknolojileri | 8154 - Bilgisayar ve Enformasyon Sistemleri | 8155 - Bilgisayar ve Enformatik / Bilgisayar-Enformatik | 8308 - Bilgi Teknolojileri | 9364 - Bilişim Teknolojileri | 4547 - Aşağıdaki lisans programlarından birinden mezun olmak. | 3182 - Fizik | 4613 - Aşağıdaki lisans programlarından birinden mezun olmak. | 3161 - Elektrik Öğretmenliği | 8180 - Elektrik İşleri Öğretmenliği | 9766 - Elektrik Eğitimi | 4621 - Aşağıdaki lisans programlarından birinden mezun olmak. | 3164 - Elektronik Öğretmenliği | 3167 - Elektronik ve Haberleşme Öğretmenliği | 4252 - Elektronik | 4253 - Elektronik ve Telekomünikasyon | 6165 - Elektronik ve Bilgisayar Öğretmenliği | 8181 - Elektronik İşleri Öğretmenliği | 9484 - Endüstriyet Elektronik Teknolojisi Öğretmenliği | 4622 - Aşağıdaki lisans programlarından birinden mezun olmak. | 8350 - Telekomünikasyon Öğretmenliği | 4631 - Aşağıdaki lisans programlarından birinden mezun olmak. | 5120 - Mekatronik Öğretmenliği | 4711 - Aşağıdaki lisans programlarından birinden mezun olmak. | 1365 - HAVACILIK ELEKTRONİĞİ | 1418 - UÇAK ELEKTRİK VE ELEKTRONİĞİ&#x0D; | 3200 - Havacılık Elektrik ve Elektroniği | 3346 - Uçak Elektrik-Elektronik | 7257 - Seyahate ve Arazide Çalışmaya Elverişli olmak. | 7300 - Bu kadro/pozisyonda vardiya sistemi uygulanmaktadır. | 7327 - (Bakınız Başvurma Özel Şartları Bölümü TCDD Genel Müdürlüğü).";3d4c481e-0a81-ed11-8117-a0369f7d1486
2022;2;302013573;T.C.Devlet Demiryolları İşletmesi Genel Müdürlüğü;Hareket Memuru;Osmaniye;Lisans;1;;85.394;85.394;"4441;4367;4443;3270;8134;8209;8211;8234;8267;4480;9118;9425;4484;4393;9009;9378;4485;3354;5130;8222;9110;9376;9387;9415;4491;1286;4517;4395;5107;6256;4524;3224;4525;3223;8229;4527;3256;3258;8228;8230;8277;4535;3128;3129;8152;8310;8347;9150;7257;7300;7327";4441 - Aşağıdaki lisans programlarından birinden mezun olmak. | 4367 - Ticaret Ekonomisi | 4443 - Aşağıdaki lisans programlarından birinden mezun olmak. | 3270 - Muhasebe ve Finansman Öğretmenliği | 8134 - İşletme Öğretmenliği | 8209 - İş Yönetimi ve Ticaret Eğitimi Öğretmenliği / İş Yönetimi ve Ticaret Öğretmenliği | 8211 - İşletme, Muhasebe ve Ticaret Öğretmenliği | 8234 - Muhasebe-İşletme Öğretmenliği | 8267 - Ticaret - İş Eğitimi Öğretmenliği | 4480 - Aşağıdaki lisans programlarından birinden mezun olmak. | 9118 - Gümrük İşletme | 9425 - Gümrük İşletmeciliği | 4484 - Aşağıdaki lisans programlarından birinden mezun olmak. | 4393 - Uluslararası Ticaret ve Lojistik Yönetimi | 9009 - Uluslararası Ticaret ve Lojistik | 9378 - Uluslararası Ticaret, Lojistik ve İşletmecilik | 4485 - Aşağıdaki lisans programlarından birinden mezun olmak. | 3354 - Uluslararası Lojistik ve Taşımacılık / Uluslararası Lojistik | 5130 - Ulaştırma ve Lojistik | 8222 - Lojistik Yönetimi | 9110 - Uluslararası Lojistik Yönetimi | 9376 - Lojistik | 9387 - Lojistik ve Taşımacılık | 9415 - Ulaştırma ve Lojistik Yönetimi | 4491 - Aşağıdaki lisans programlarından birinden mezun olmak. | 1286 - ULUSLARARASI ULAŞTIRMA SİSTEMLERİ | 4517 - Aşağıdaki lisans programlarından birinden mezun olmak. | 4395 - Uygulamalı Matematik | 5107 - Finans Matematiği | 6256 - Matematik | 4524 - Aşağıdaki lisans programlarından birinden mezun olmak. | 3224 - İstatistik ve Bilgisayar Bilimleri | 4525 - Aşağıdaki lisans programlarından birinden mezun olmak. | 3223 - İstatistik | 8229 - Matematik ve İstatistik | 4527 - Aşağıdaki lisans programlarından birinden mezun olmak. | 3256 - Matematik ve Bilgisayar Bilimleri | 3258 - Matematik ve Bilgisayar / Matematik-Bilgisayar | 8228 - Matematik ve İnformatik / Matematik-İnformatik | 8230 - Matematik-Bilgisayar Programcılığı | 8277 - Uygulamalı Matematik ve Bilgisayar | 4535 - Aşağıdaki lisans programlarından birinden mezun olmak. | 3128 - Bilgisayar ve Kontrol Öğretmenliği | 3129 - Bilgisayar ve Öğretim Teknolojileri Öğretmenliği | 8152 - Bilgisayar Teknolojisi Öğretmenliği | 8310 - Bilgisayar ve Öğretim Teknolojileri Öğretimi | 8347 - Kontrol Öğretmenliği | 9150 - Bilgisayar ve Öğretim Teknolojileri Eğitimi | 7257 - Seyahate ve Arazide Çalışmaya Elverişli olmak. | 7300 - Bu kadro/pozisyonda vardiya sistemi uygulanmaktadır. | 7327 - (Bakınız Başvurma Özel Şartları Bölümü TCDD Genel Müdürlüğü).;6c51481e-0a81-ed11-8117-a0369f7d1486
2022;2;302014952;Türkiye Şeker Fabrikaları A.Ş. Genel Müdürlüğü;Memur;Malatya;Lisans;1;;85.37;85.37;"4426;5105;6229;4429;3141;8312;4431;3226;3227;3381;5123;5143;8207;8208;8296;8334;9552;9584;4502;8328;9318;4503;3237;3313;3314;7248";4426 - Aşağıdaki lisans programlarından birinden mezun olmak. | 5105 - Ekonomi ve Finans | 6229 - İşletme-Ekonomi / İşletme-İktisat | 4429 - Aşağıdaki lisans programlarından birinden mezun olmak. | 3141 - Çalışma Ekonomisi ve Endüstri İlişkileri | 8312 - Çalışma Ekonomisi | 4431 - Aşağıdaki lisans programlarından birinden mezun olmak. | 3226 - İşletme / İşletmecilik | 3227 - İşletme Bilgi Yönetimi | 3381 - Muhasebe ve Finansman | 5123 - Muhasebe ve Finansal Yönetim / Muhasebe ve Finans Yönetimi | 5143 - Yönetim Bilimleri / Yönetim Bilimleri Programları | 8207 - İş İdaresi | 8208 - İş İdaresi ve İktisat | 8296 - Yönetim ve Organizasyon | 8334 - Pazarlama | 9552 - İşletme-Maliye | 9584 - Yönetim Bilimleri ve Liderlik | 4502 - Aşağıdaki lisans programlarından birinden mezun olmak. | 8328 - İnsan Kaynakları Yönetimi | 9318 - İnsan Kaynakları | 4503 - Aşağıdaki lisans programlarından birinden mezun olmak. | 3237 - Kamu Yönetimi | 3313 - Siyaset Bilimi | 3314 - Siyaset Bilimi ve Kamu Yönetimi | 7248 - Vardiyalı Çalışmasına Engel Bir Durumu Bulunmamak;704f481e-0a81-ed11-8117-a0369f7d1486
2022;2;302011998;Erzincan Binali Yıldırım Üniversitesi;Memur;Erzincan;Lisans;1;;85.348;85.348;"4571;3133;3267;3334;5121;5138;9349";4571 - Aşağıdaki lisans programlarından birinden mezun olmak. | 3133 - Biyoloji | 3267 - Moleküler Biyoloji ve Genetik | 3334 - Tıbbi Biyolojik Bilimler | 5121 - Moleküler Biyoloji | 5138 - Biyoloji Bilimleri ve Biyo Mühendislik | 9349 - Biyoteknoloji ve Moleküler Biyoloji;9f4d481e-0a81-ed11-8117-a0369f7d1486
2022;2;302013496;T.C.Devlet Demiryolları İşletmesi Genel Müdürlüğü;Hareket Memuru;Denizli;Lisans;1;;85.346;85.346;"4441;4367;4443;3270;8134;8209;8211;8234;8267;4480;9118;9425;4484;4393;9009;9378;4485;3354;5130;8222;9110;9376;9387;9415;4491;1286;4517;4395;5107;6256;4524;3224;4525;3223;8229;4527;3256;3258;8228;8230;8277;4535;3128;3129;8152;8310;8347;9150;7257;7300;7327";4441 - Aşağıdaki lisans programlarından birinden mezun olmak. | 4367 - Ticaret Ekonomisi | 4443 - Aşağıdaki lisans programlarından birinden mezun olmak. | 3270 - Muhasebe ve Finansman Öğretmenliği | 8134 - İşletme Öğretmenliği | 8209 - İş Yönetimi ve Ticaret Eğitimi Öğretmenliği / İş Yönetimi ve Ticaret Öğretmenliği | 8211 - İşletme, Muhasebe ve Ticaret Öğretmenliği | 8234 - Muhasebe-İşletme Öğretmenliği | 8267 - Ticaret - İş Eğitimi Öğretmenliği | 4480 - Aşağıdaki lisans programlarından birinden mezun olmak. | 9118 - Gümrük İşletme | 9425 - Gümrük İşletmeciliği | 4484 - Aşağıdaki lisans programlarından birinden mezun olmak. | 4393 - Uluslararası Ticaret ve Lojistik Yönetimi | 9009 - Uluslararası Ticaret ve Lojistik | 9378 - Uluslararası Ticaret, Lojistik ve İşletmecilik | 4485 - Aşağıdaki lisans programlarından birinden mezun olmak. | 3354 - Uluslararası Lojistik ve Taşımacılık / Uluslararası Lojistik | 5130 - Ulaştırma ve Lojistik | 8222 - Lojistik Yönetimi | 9110 - Uluslararası Lojistik Yönetimi | 9376 - Lojistik | 9387 - Lojistik ve Taşımacılık | 9415 - Ulaştırma ve Lojistik Yönetimi | 4491 - Aşağıdaki lisans programlarından birinden mezun olmak. | 1286 - ULUSLARARASI ULAŞTIRMA SİSTEMLERİ | 4517 - Aşağıdaki lisans programlarından birinden mezun olmak. | 4395 - Uygulamalı Matematik | 5107 - Finans Matematiği | 6256 - Matematik | 4524 - Aşağıdaki lisans programlarından birinden mezun olmak. | 3224 - İstatistik ve Bilgisayar Bilimleri | 4525 - Aşağıdaki lisans programlarından birinden mezun olmak. | 3223 - İstatistik | 8229 - Matematik ve İstatistik | 4527 - Aşağıdaki lisans programlarından birinden mezun olmak. | 3256 - Matematik ve Bilgisayar Bilimleri | 3258 - Matematik ve Bilgisayar / Matematik-Bilgisayar | 8228 - Matematik ve İnformatik / Matematik-İnformatik | 8230 - Matematik-Bilgisayar Programcılığı | 8277 - Uygulamalı Matematik ve Bilgisayar | 4535 - Aşağıdaki lisans programlarından birinden mezun olmak. | 3128 - Bilgisayar ve Kontrol Öğretmenliği | 3129 - Bilgisayar ve Öğretim Teknolojileri Öğretmenliği | 8152 - Bilgisayar Teknolojisi Öğretmenliği | 8310 - Bilgisayar ve Öğretim Teknolojileri Öğretimi | 8347 - Kontrol Öğretmenliği | 9150 - Bilgisayar ve Öğretim Teknolojileri Eğitimi | 7257 - Seyahate ve Arazide Çalışmaya Elverişli olmak. | 7300 - Bu kadro/pozisyonda vardiya sistemi uygulanmaktadır. | 7327 - (Bakınız Başvurma Özel Şartları Bölümü TCDD Genel Müdürlüğü).;724d481e-0a81-ed11-8117-a0369f7d1486
2022;2;302013160;Sağlık Bilimleri Üniversitesi;Memur;Ankara;Lisans;2;;85.332;86.744;"4459;3254;4322;8225";4459 - Aşağıdaki lisans programlarından birinden mezun olmak. | 3254 - Maliye | 4322 - Muhasebe ve Maliye | 8225 - Maliye-Muhasebe;584c481e-0a81-ed11-8117-a0369f7d1486
2022;2;302011823;Devlet Opera ve Balesi Genel Müdürlüğü;Memur;İstanbul;Lisans;1;;85.32;85.32;"4459;3254;4322;8225";4459 - Aşağıdaki lisans programlarından birinden mezun olmak. | 3254 - Maliye | 4322 - Muhasebe ve Maliye | 8225 - Maliye-Muhasebe;3f4e481e-0a81-ed11-8117-a0369f7d1486
2022;2;302014168;Ticaret Bakanlığı;Tüketici Hakem Heyeti Raportörü;İstanbul;Lisans;12;;85.303;90.332;"4421;3159;3213;4386;5106;8208;9113;9221;4427;3158;9359;4429;3141;8312;4431;3226;3227;3381;5123;5143;8207;8208;8296;8334;9552;9584;4459;3254;4322;8225";4421 - Aşağıdaki lisans programlarından birinden mezun olmak. | 3159 - Ekonomi | 3213 - İktisat | 4386 - Uluslararası Ekonomi | 5106 - Ekonomi-Yönetim Bilimleri Programları | 8208 - İş İdaresi ve İktisat | 9113 - Ekonomi Politik ve Toplum Felsefesi | 9221 - Ekonomi ve İdari Bilimler / Ekonomi ve İdari Bilimler Programları | 4427 - Aşağıdaki lisans programlarından birinden mezun olmak. | 3158 - Ekonometri | 9359 - Finansal Ekonometri | 4429 - Aşağıdaki lisans programlarından birinden mezun olmak. | 3141 - Çalışma Ekonomisi ve Endüstri İlişkileri | 8312 - Çalışma Ekonomisi | 4431 - Aşağıdaki lisans programlarından birinden mezun olmak. | 3226 - İşletme / İşletmecilik | 3227 - İşletme Bilgi Yönetimi | 3381 - Muhasebe ve Finansman | 5123 - Muhasebe ve Finansal Yönetim / Muhasebe ve Finans Yönetimi | 5143 - Yönetim Bilimleri / Yönetim Bilimleri Programları | 8207 - İş İdaresi | 8208 - İş İdaresi ve İktisat | 8296 - Yönetim ve Organizasyon | 8334 - Pazarlama | 9552 - İşletme-Maliye | 9584 - Yönetim Bilimleri ve Liderlik | 4459 - Aşağıdaki lisans programlarından birinden mezun olmak. | 3254 - Maliye | 4322 - Muhasebe ve Maliye | 8225 - Maliye-Muhasebe;5f4e481e-0a81-ed11-8117-a0369f7d1486
2022;2;302010423;Afet ve Acil Durum Yönetimi Başkanlığı;Mühendis;Van;Lisans;1;;85.297;85.297;"4685;3206;4334;6235";4685 - Aşağıdaki lisans programlarından birinden mezun olmak. | 3206 - Hidrojeoloji Mühendisliği | 4334 - Petrol ve Doğalgaz Jeolojisi | 6235 - Jeoloji Mühendisliği;9d50481e-0a81-ed11-8117-a0369f7d1486
2022;2;302014637;Türkiye Kömür İşletmeleri Kurumu Genel Müdürlüğü;Memur;Kütahya;Lisans;9;;85.286;87.849;"4421;3159;3213;4386;5106;8208;9113;9221;4429;3141;8312;4431;3226;3227;3381;5123;5143;8207;8208;8296;8334;9552;9584;4459;3254;4322;8225;4503;3237;3313;3314;4507;3115;3313;3315;3352;3353;4389;5116;5142;9506;9791;7370";4421 - Aşağıdaki lisans programlarından birinden mezun olmak. | 3159 - Ekonomi | 3213 - İktisat | 4386 - Uluslararası Ekonomi | 5106 - Ekonomi-Yönetim Bilimleri Programları | 8208 - İş İdaresi ve İktisat | 9113 - Ekonomi Politik ve Toplum Felsefesi | 9221 - Ekonomi ve İdari Bilimler / Ekonomi ve İdari Bilimler Programları | 4429 - Aşağıdaki lisans programlarından birinden mezun olmak. | 3141 - Çalışma Ekonomisi ve Endüstri İlişkileri | 8312 - Çalışma Ekonomisi | 4431 - Aşağıdaki lisans programlarından birinden mezun olmak. | 3226 - İşletme / İşletmecilik | 3227 - İşletme Bilgi Yönetimi | 3381 - Muhasebe ve Finansman | 5123 - Muhasebe ve Finansal Yönetim / Muhasebe ve Finans Yönetimi | 5143 - Yönetim Bilimleri / Yönetim Bilimleri Programları | 8207 - İş İdaresi | 8208 - İş İdaresi ve İktisat | 8296 - Yönetim ve Organizasyon | 8334 - Pazarlama | 9552 - İşletme-Maliye | 9584 - Yönetim Bilimleri ve Liderlik | 4459 - Aşağıdaki lisans programlarından birinden mezun olmak. | 3254 - Maliye | 4322 - Muhasebe ve Maliye | 8225 - Maliye-Muhasebe | 4503 - Aşağıdaki lisans programlarından birinden mezun olmak. | 3237 - Kamu Yönetimi | 3313 - Siyaset Bilimi | 3314 - Siyaset Bilimi ve Kamu Yönetimi | 4507 - Aşağıdaki lisans programlarından birinden mezun olmak. | 3115 - Avrupa Birliği İlişkileri | 3313 - Siyaset Bilimi | 3315 - Siyaset Bilimi ve Uluslararası İlişkiler | 3352 - Uluslararası İlişkiler | 3353 - Uluslararası İlişkiler ve Avrupa Birliği | 4389 - Uluslararası İlişkiler ve Avrupa Çalışmaları | 5116 - Küresel ve Uluslararası İlişkiler / Küresel Siyaset ve Uluslararası İlişkiler | 5142 - Toplumsal ve Siyasal Bilimler | 9506 - Uluslararası İlişkiler ve Deniz Güvenliği | 9791 - Uluslararası Çalışmalar | 7370 - Bakınız: Başvurma Özel Şartları - Palandöken Belediye Başkanlığ;4b4f481e-0a81-ed11-8117-a0369f7d1486
2022;2;302010927;Çanakkale Onsekiz Mart Üniversitesi;Memur;Çanakkale;Lisans;4;;85.257;86.19;"4421;3159;3213;4386;5106;8208;9113;9221;4426;5105;6229;4431;3226;3227;3381;5123;5143;8207;8208;8296;8334;9552;9584;4453;3268;3269;3381;4322;5123;9115;9262;9308;4503;3237;3313;3314";4421 - Aşağıdaki lisans programlarından birinden mezun olmak. | 3159 - Ekonomi | 3213 - İktisat | 4386 - Uluslararası Ekonomi | 5106 - Ekonomi-Yönetim Bilimleri Programları | 8208 - İş İdaresi ve İktisat | 9113 - Ekonomi Politik ve Toplum Felsefesi | 9221 - Ekonomi ve İdari Bilimler / Ekonomi ve İdari Bilimler Programları | 4426 - Aşağıdaki lisans programlarından birinden mezun olmak. | 5105 - Ekonomi ve Finans | 6229 - İşletme-Ekonomi / İşletme-İktisat | 4431 - Aşağıdaki lisans programlarından birinden mezun olmak. | 3226 - İşletme / İşletmecilik | 3227 - İşletme Bilgi Yönetimi | 3381 - Muhasebe ve Finansman | 5123 - Muhasebe ve Finansal Yönetim / Muhasebe ve Finans Yönetimi | 5143 - Yönetim Bilimleri / Yönetim Bilimleri Programları | 8207 - İş İdaresi | 8208 - İş İdaresi ve İktisat | 8296 - Yönetim ve Organizasyon | 8334 - Pazarlama | 9552 - İşletme-Maliye | 9584 - Yönetim Bilimleri ve Liderlik | 4453 - Aşağıdaki lisans programlarından birinden mezun olmak. | 3268 - Muhasebe | 3269 - Muhasebe Bilgi Sistemleri | 3381 - Muhasebe ve Finansman | 4322 - Muhasebe ve Maliye | 5123 - Muhasebe ve Finansal Yönetim / Muhasebe ve Finans Yönetimi | 9115 - Muhasebe ve Denetim | 9262 - Finans ve Muhasebe | 9308 - İşletme-Muhasebe ve Denetim | 4503 - Aşağıdaki lisans programlarından birinden mezun olmak. | 3237 - Kamu Yönetimi | 3313 - Siyaset Bilimi | 3314 - Siyaset Bilimi ve Kamu Yönetimi;514d481e-0a81-ed11-8117-a0369f7d1486
2022;2;302011123;Darphane ve Damga Matbaası Genel Müdürlüğü;Bilgisayar İşletmeni;İstanbul;Lisans;3;;85.227;86.94;"4426;5105;6229;4431;3226;3227;3381;5123;5143;8207;8208;8296;8334;9552;9584;4459;3254;4322;8225;6225";4426 - Aşağıdaki lisans programlarından birinden mezun olmak. | 5105 - Ekonomi ve Finans | 6229 - İşletme-Ekonomi / İşletme-İktisat | 4431 - Aşağıdaki lisans programlarından birinden mezun olmak. | 3226 - İşletme / İşletmecilik | 3227 - İşletme Bilgi Yönetimi | 3381 - Muhasebe ve Finansman | 5123 - Muhasebe ve Finansal Yönetim / Muhasebe ve Finans Yönetimi | 5143 - Yönetim Bilimleri / Yönetim Bilimleri Programları | 8207 - İş İdaresi | 8208 - İş İdaresi ve İktisat | 8296 - Yönetim ve Organizasyon | 8334 - Pazarlama | 9552 - İşletme-Maliye | 9584 - Yönetim Bilimleri ve Liderlik | 4459 - Aşağıdaki lisans programlarından birinden mezun olmak. | 3254 - Maliye | 4322 - Muhasebe ve Maliye | 8225 - Maliye-Muhasebe | 6225 - M.E.B.'Dan Onaylı Bilgisayar İşletmeni Sertifikası Sahibi olmak.;554e481e-0a81-ed11-8117-a0369f7d1486
2022;2;302013727;T.C.Devlet Demiryolları İşletmesi Genel Müdürlüğü;Tren Teşkil Memuru;Bingöl;Lisans;1;;85.219;85.219;"4441;4367;4443;3270;8134;8209;8211;8234;8267;4480;9118;9425;4484;4393;9009;9378;4485;3354;5130;8222;9110;9376;9387;9415;4491;1286;4517;4395;5107;6256;4524;3224;4525;3223;8229;4527;3256;3258;8228;8230;8277;4535;3128;3129;8152;8310;8347;9150;7257;7300;7327";4441 - Aşağıdaki lisans programlarından birinden mezun olmak. | 4367 - Ticaret Ekonomisi | 4443 - Aşağıdaki lisans programlarından birinden mezun olmak. | 3270 - Muhasebe ve Finansman Öğretmenliği | 8134 - İşletme Öğretmenliği | 8209 - İş Yönetimi ve Ticaret Eğitimi Öğretmenliği / İş Yönetimi ve Ticaret Öğretmenliği | 8211 - İşletme, Muhasebe ve Ticaret Öğretmenliği | 8234 - Muhasebe-İşletme Öğretmenliği | 8267 - Ticaret - İş Eğitimi Öğretmenliği | 4480 - Aşağıdaki lisans programlarından birinden mezun olmak. | 9118 - Gümrük İşletme | 9425 - Gümrük İşletmeciliği | 4484 - Aşağıdaki lisans programlarından birinden mezun olmak. | 4393 - Uluslararası Ticaret ve Lojistik Yönetimi | 9009 - Uluslararası Ticaret ve Lojistik | 9378 - Uluslararası Ticaret, Lojistik ve İşletmecilik | 4485 - Aşağıdaki lisans programlarından birinden mezun olmak. | 3354 - Uluslararası Lojistik ve Taşımacılık / Uluslararası Lojistik | 5130 - Ulaştırma ve Lojistik | 8222 - Lojistik Yönetimi | 9110 - Uluslararası Lojistik Yönetimi | 9376 - Lojistik | 9387 - Lojistik ve Taşımacılık | 9415 - Ulaştırma ve Lojistik Yönetimi | 4491 - Aşağıdaki lisans programlarından birinden mezun olmak. | 1286 - ULUSLARARASI ULAŞTIRMA SİSTEMLERİ | 4517 - Aşağıdaki lisans programlarından birinden mezun olmak. | 4395 - Uygulamalı Matematik | 5107 - Finans Matematiği | 6256 - Matematik | 4524 - Aşağıdaki lisans programlarından birinden mezun olmak. | 3224 - İstatistik ve Bilgisayar Bilimleri | 4525 - Aşağıdaki lisans programlarından birinden mezun olmak. | 3223 - İstatistik | 8229 - Matematik ve İstatistik | 4527 - Aşağıdaki lisans programlarından birinden mezun olmak. | 3256 - Matematik ve Bilgisayar Bilimleri | 3258 - Matematik ve Bilgisayar / Matematik-Bilgisayar | 8228 - Matematik ve İnformatik / Matematik-İnformatik | 8230 - Matematik-Bilgisayar Programcılığı | 8277 - Uygulamalı Matematik ve Bilgisayar | 4535 - Aşağıdaki lisans programlarından birinden mezun olmak. | 3128 - Bilgisayar ve Kontrol Öğretmenliği | 3129 - Bilgisayar ve Öğretim Teknolojileri Öğretmenliği | 8152 - Bilgisayar Teknolojisi Öğretmenliği | 8310 - Bilgisayar ve Öğretim Teknolojileri Öğretimi | 8347 - Kontrol Öğretmenliği | 9150 - Bilgisayar ve Öğretim Teknolojileri Eğitimi | 7257 - Seyahate ve Arazide Çalışmaya Elverişli olmak. | 7300 - Bu kadro/pozisyonda vardiya sistemi uygulanmaktadır. | 7327 - (Bakınız Başvurma Özel Şartları Bölümü TCDD Genel Müdürlüğü).;1d4d481e-0a81-ed11-8117-a0369f7d1486
2022;2;302012047;Eskişehir Teknik Üniversitesi;Kütüphaneci;Eskişehir;Lisans;1;;85.167;85.167;"4099;3113;3153;3248;4309;8144";4099 - Aşağıdaki lisans programlarından birinden mezun olmak. | 3113 - Arşivcilik | 3153 - Dokümantasyon ve Enformasyon | 3248 - Kütüphanecilik | 4309 - Kütüphanecilik ve Bilgi Çalışmaları | 8144 - Bilgi ve Belge Yönetimi;cd4d481e-0a81-ed11-8117-a0369f7d1486
2022;2;302012936;Meteoroloji Genel Müdürlüğü;Mühendis;Diyarbakır;Lisans;1;;85.164;85.164;"4683;6262";4683 - Aşağıdaki lisans programlarından birinden mezun olmak. | 6262 - Meteoroloji Mühendisliği;7c4d481e-0a81-ed11-8117-a0369f7d1486
2022;2;302012663;Kırıkkale Üniversitesi;Memur;Kırıkkale;Lisans;5;;85.156;89.075;"4421;3159;3213;4386;5106;8208;9113;9221;4426;5105;6229;4431;3226;3227;3381;5123;5143;8207;8208;8296;8334;9552;9584";4421 - Aşağıdaki lisans programlarından birinden mezun olmak. | 3159 - Ekonomi | 3213 - İktisat | 4386 - Uluslararası Ekonomi | 5106 - Ekonomi-Yönetim Bilimleri Programları | 8208 - İş İdaresi ve İktisat | 9113 - Ekonomi Politik ve Toplum Felsefesi | 9221 - Ekonomi ve İdari Bilimler / Ekonomi ve İdari Bilimler Programları | 4426 - Aşağıdaki lisans programlarından birinden mezun olmak. | 5105 - Ekonomi ve Finans | 6229 - İşletme-Ekonomi / İşletme-İktisat | 4431 - Aşağıdaki lisans programlarından birinden mezun olmak. | 3226 - İşletme / İşletmecilik | 3227 - İşletme Bilgi Yönetimi | 3381 - Muhasebe ve Finansman | 5123 - Muhasebe ve Finansal Yönetim / Muhasebe ve Finans Yönetimi | 5143 - Yönetim Bilimleri / Yönetim Bilimleri Programları | 8207 - İş İdaresi | 8208 - İş İdaresi ve İktisat | 8296 - Yönetim ve Organizasyon | 8334 - Pazarlama | 9552 - İşletme-Maliye | 9584 - Yönetim Bilimleri ve Liderlik;0f51481e-0a81-ed11-8117-a0369f7d1486
2022;2;302014602;Türkiye İnsan Hakları ve Eşitlik Kurumu;Veri Hazırlama ve Kontrol İşletmeni;Ankara;Lisans;1;;85.134;85.134;"4459;3254;4322;8225;6225";4459 - Aşağıdaki lisans programlarından birinden mezun olmak. | 3254 - Maliye | 4322 - Muhasebe ve Maliye | 8225 - Maliye-Muhasebe | 6225 - M.E.B.'Dan Onaylı Bilgisayar İşletmeni Sertifikası Sahibi olmak.;4d4c481e-0a81-ed11-8117-a0369f7d1486
2022;2;302010416;Afet ve Acil Durum Yönetimi Başkanlığı;Mühendis;Rize;Lisans;1;;85.118;85.118;"4685;3206;4334;6235";4685 - Aşağıdaki lisans programlarından birinden mezun olmak. | 3206 - Hidrojeoloji Mühendisliği | 4334 - Petrol ve Doğalgaz Jeolojisi | 6235 - Jeoloji Mühendisliği;d14f481e-0a81-ed11-8117-a0369f7d1486
2022;2;302015267;Türkiye Uzay Ajansı;Mühendis;Ankara;Lisans;2;;85.115;88.31;"4709;1433;3201;5112;9398;4721;3358";4709 - Aşağıdaki lisans programlarından birinden mezun olmak. | 1433 - Uzay Ve Uydu Mühendisliği | 3201 - Havacılık ve Uzay Mühendisliği | 5112 - Havacılık Mühendisliği | 9398 - Uçak ve Uzay Mühendisliği | 4721 - Aşağıdaki lisans programlarından birinden mezun olmak. | 3358 - Uzay Mühendisliği;e04c481e-0a81-ed11-8117-a0369f7d1486
2022;2;302014259;Tokat Gaziosmanpaşa Üniversitesi;Memur;Tokat;Lisans;1;;85.114;85.114;"4431;3226;3227;3381;5123;5143;8207;8208;8296;8334;9552;9584;4453;3268;3269;3381;4322;5123;9115;9262;9308;4459;3254;4322;8225";4431 - Aşağıdaki lisans programlarından birinden mezun olmak. | 3226 - İşletme / İşletmecilik | 3227 - İşletme Bilgi Yönetimi | 3381 - Muhasebe ve Finansman | 5123 - Muhasebe ve Finansal Yönetim / Muhasebe ve Finans Yönetimi | 5143 - Yönetim Bilimleri / Yönetim Bilimleri Programları | 8207 - İş İdaresi | 8208 - İş İdaresi ve İktisat | 8296 - Yönetim ve Organizasyon | 8334 - Pazarlama | 9552 - İşletme-Maliye | 9584 - Yönetim Bilimleri ve Liderlik | 4453 - Aşağıdaki lisans programlarından birinden mezun olmak. | 3268 - Muhasebe | 3269 - Muhasebe Bilgi Sistemleri | 3381 - Muhasebe ve Finansman | 4322 - Muhasebe ve Maliye | 5123 - Muhasebe ve Finansal Yönetim / Muhasebe ve Finans Yönetimi | 9115 - Muhasebe ve Denetim | 9262 - Finans ve Muhasebe | 9308 - İşletme-Muhasebe ve Denetim | 4459 - Aşağıdaki lisans programlarından birinden mezun olmak. | 3254 - Maliye | 4322 - Muhasebe ve Maliye | 8225 - Maliye-Muhasebe;5250481e-0a81-ed11-8117-a0369f7d1486
2022;2;302013601;T.C.Devlet Demiryolları İşletmesi Genel Müdürlüğü;Memur;Ankara;Lisans;1;;85.102;85.102;"4269;4272;5109;7190;7191;8353;9162;9195;9220;9231;9470;4273;1362;3215;5113;7168;7212;8132;8327;9281;9442;4275;3121;6188;8122;8148;8191;9408;7300;7327";4269 - Aşağıdaki lisans programlarından birinden mezun olmak. | 4272 - Görsel Sanatlar ve İletişim Tasarımı | 5109 - Görsel İletişim Tasarımı | 7190 - Görsel İletişim Sanatı | 7191 - Görsel Sanatlar ve Görsel İletişim Tasarımı | 8353 - Görüntü Sanatları | 9162 - Görsel Sanatlar | 9195 - Medya ve Görsel Sanatlar | 9220 - Medya ve Uygulamalı Görsel Sanatlar | 9231 - Görsel İletişim | 9470 - Görsel Sanatlar ve Medya | 4273 - Aşağıdaki lisans programlarından birinden mezun olmak. | 1362 - İletişim Tasarımı ve Yeni Medya | 3215 - İletişim | 5113 - İletişim Tasarımı | 7168 - İletişim ve Tasarım | 7212 - İletişim Tasarımı (Multimedia) | 8132 - İletişim Sanatları | 8327 - İletişim Bilimleri | 9281 - İletişim Tasarımı ve Yönetimi | 9442 - İletişim Tasarımı ve Medya | 4275 - Aşağıdaki lisans programlarından birinden mezun olmak. | 3121 - Basın ve Yayın / Basın-Yayın | 6188 - Gazetecilik | 8122 - Basım ve Yayımcılık | 8148 - Basın ve Yayımcılık | 8191 - Gazetecilik ve Halkla İlişkiler | 9408 - Gazetecilik ve Kiitle İletişimi | 7300 - Bu kadro/pozisyonda vardiya sistemi uygulanmaktadır. | 7327 - (Bakınız Başvurma Özel Şartları Bölümü TCDD Genel Müdürlüğü).;524c481e-0a81-ed11-8117-a0369f7d1486
2022;2;302010605;Alucra Belediye Başkanlığı;Veri Hazırlama ve Kontrol İşletmeni;Giresun;Lisans;1;;85.094;85.094;"4421;3159;3213;4386;5106;8208;9113;9221;4431;3226;3227;3381;5123;5143;8207;8208;8296;8334;9552;9584;4453;3268;3269;3381;4322;5123;9115;9262;9308;4459;3254;4322;8225;4503;3237;3313;3314;6225";4421 - Aşağıdaki lisans programlarından birinden mezun olmak. | 3159 - Ekonomi | 3213 - İktisat | 4386 - Uluslararası Ekonomi | 5106 - Ekonomi-Yönetim Bilimleri Programları | 8208 - İş İdaresi ve İktisat | 9113 - Ekonomi Politik ve Toplum Felsefesi | 9221 - Ekonomi ve İdari Bilimler / Ekonomi ve İdari Bilimler Programları | 4431 - Aşağıdaki lisans programlarından birinden mezun olmak. | 3226 - İşletme / İşletmecilik | 3227 - İşletme Bilgi Yönetimi | 3381 - Muhasebe ve Finansman | 5123 - Muhasebe ve Finansal Yönetim / Muhasebe ve Finans Yönetimi | 5143 - Yönetim Bilimleri / Yönetim Bilimleri Programları | 8207 - İş İdaresi | 8208 - İş İdaresi ve İktisat | 8296 - Yönetim ve Organizasyon | 8334 - Pazarlama | 9552 - İşletme-Maliye | 9584 - Yönetim Bilimleri ve Liderlik | 4453 - Aşağıdaki lisans programlarından birinden mezun olmak. | 3268 - Muhasebe | 3269 - Muhasebe Bilgi Sistemleri | 3381 - Muhasebe ve Finansman | 4322 - Muhasebe ve Maliye | 5123 - Muhasebe ve Finansal Yönetim / Muhasebe ve Finans Yönetimi | 9115 - Muhasebe ve Denetim | 9262 - Finans ve Muhasebe | 9308 - İşletme-Muhasebe ve Denetim | 4459 - Aşağıdaki lisans programlarından birinden mezun olmak. | 3254 - Maliye | 4322 - Muhasebe ve Maliye | 8225 - Maliye-Muhasebe | 4503 - Aşağıdaki lisans programlarından birinden mezun olmak. | 3237 - Kamu Yönetimi | 3313 - Siyaset Bilimi | 3314 - Siyaset Bilimi ve Kamu Yönetimi | 6225 - M.E.B.'Dan Onaylı Bilgisayar İşletmeni Sertifikası Sahibi olmak.;f24d481e-0a81-ed11-8117-a0369f7d1486
2022;2;302013174;Sakarya Uygulamalı Bilimler Üniversitesi;Bilgisayar İşletmeni;Sakarya;Lisans;6;;85.074;90.126;"4421;3159;3213;4386;5106;8208;9113;9221;4459;3254;4322;8225;4502;8328;9318;4503;3237;3313;3314;6225";4421 - Aşağıdaki lisans programlarından birinden mezun olmak. | 3159 - Ekonomi | 3213 - İktisat | 4386 - Uluslararası Ekonomi | 5106 - Ekonomi-Yönetim Bilimleri Programları | 8208 - İş İdaresi ve İktisat | 9113 - Ekonomi Politik ve Toplum Felsefesi | 9221 - Ekonomi ve İdari Bilimler / Ekonomi ve İdari Bilimler Programları | 4459 - Aşağıdaki lisans programlarından birinden mezun olmak. | 3254 - Maliye | 4322 - Muhasebe ve Maliye | 8225 - Maliye-Muhasebe | 4502 - Aşağıdaki lisans programlarından birinden mezun olmak. | 8328 - İnsan Kaynakları Yönetimi | 9318 - İnsan Kaynakları | 4503 - Aşağıdaki lisans programlarından birinden mezun olmak. | 3237 - Kamu Yönetimi | 3313 - Siyaset Bilimi | 3314 - Siyaset Bilimi ve Kamu Yönetimi | 6225 - M.E.B.'Dan Onaylı Bilgisayar İşletmeni Sertifikası Sahibi olmak.;d34f481e-0a81-ed11-8117-a0369f7d1486
2022;2;302013587;T.C.Devlet Demiryolları İşletmesi Genel Müdürlüğü;Hareket Memuru;Uşak;Lisans;1;;85.068;85.068;"4441;4367;4443;3270;8134;8209;8211;8234;8267;4480;9118;9425;4484;4393;9009;9378;4485;3354;5130;8222;9110;9376;9387;9415;4491;1286;4517;4395;5107;6256;4524;3224;4525;3223;8229;4527;3256;3258;8228;8230;8277;4535;3128;3129;8152;8310;8347;9150;7257;7300;7327";4441 - Aşağıdaki lisans programlarından birinden mezun olmak. | 4367 - Ticaret Ekonomisi | 4443 - Aşağıdaki lisans programlarından birinden mezun olmak. | 3270 - Muhasebe ve Finansman Öğretmenliği | 8134 - İşletme Öğretmenliği | 8209 - İş Yönetimi ve Ticaret Eğitimi Öğretmenliği / İş Yönetimi ve Ticaret Öğretmenliği | 8211 - İşletme, Muhasebe ve Ticaret Öğretmenliği | 8234 - Muhasebe-İşletme Öğretmenliği | 8267 - Ticaret - İş Eğitimi Öğretmenliği | 4480 - Aşağıdaki lisans programlarından birinden mezun olmak. | 9118 - Gümrük İşletme | 9425 - Gümrük İşletmeciliği | 4484 - Aşağıdaki lisans programlarından birinden mezun olmak. | 4393 - Uluslararası Ticaret ve Lojistik Yönetimi | 9009 - Uluslararası Ticaret ve Lojistik | 9378 - Uluslararası Ticaret, Lojistik ve İşletmecilik | 4485 - Aşağıdaki lisans programlarından birinden mezun olmak. | 3354 - Uluslararası Lojistik ve Taşımacılık / Uluslararası Lojistik | 5130 - Ulaştırma ve Lojistik | 8222 - Lojistik Yönetimi | 9110 - Uluslararası Lojistik Yönetimi | 9376 - Lojistik | 9387 - Lojistik ve Taşımacılık | 9415 - Ulaştırma ve Lojistik Yönetimi | 4491 - Aşağıdaki lisans programlarından birinden mezun olmak. | 1286 - ULUSLARARASI ULAŞTIRMA SİSTEMLERİ | 4517 - Aşağıdaki lisans programlarından birinden mezun olmak. | 4395 - Uygulamalı Matematik | 5107 - Finans Matematiği | 6256 - Matematik | 4524 - Aşağıdaki lisans programlarından birinden mezun olmak. | 3224 - İstatistik ve Bilgisayar Bilimleri | 4525 - Aşağıdaki lisans programlarından birinden mezun olmak. | 3223 - İstatistik | 8229 - Matematik ve İstatistik | 4527 - Aşağıdaki lisans programlarından birinden mezun olmak. | 3256 - Matematik ve Bilgisayar Bilimleri | 3258 - Matematik ve Bilgisayar / Matematik-Bilgisayar | 8228 - Matematik ve İnformatik / Matematik-İnformatik | 8230 - Matematik-Bilgisayar Programcılığı | 8277 - Uygulamalı Matematik ve Bilgisayar | 4535 - Aşağıdaki lisans programlarından birinden mezun olmak. | 3128 - Bilgisayar ve Kontrol Öğretmenliği | 3129 - Bilgisayar ve Öğretim Teknolojileri Öğretmenliği | 8152 - Bilgisayar Teknolojisi Öğretmenliği | 8310 - Bilgisayar ve Öğretim Teknolojileri Öğretimi | 8347 - Kontrol Öğretmenliği | 9150 - Bilgisayar ve Öğretim Teknolojileri Eğitimi | 7257 - Seyahate ve Arazide Çalışmaya Elverişli olmak. | 7300 - Bu kadro/pozisyonda vardiya sistemi uygulanmaktadır. | 7327 - (Bakınız Başvurma Özel Şartları Bölümü TCDD Genel Müdürlüğü).;8350481e-0a81-ed11-8117-a0369f7d1486
2022;2;302014413;Toprak Mahsulleri Ofisi Genel Müdürlüğü;Mühendis;Şanlıurfa;Lisans;1;;85.06;85.06;"4845;3385;3386;4212;4370;6131;8147;8158;8220;9048;9190;9269;7324";4845 - Aşağıdaki lisans programlarından birinden mezun olmak. | 3385 - Tarla Bitkileri | 3386 - Toprak | 4212 - Bahçe ve Tarla Bitkileri | 4370 - Toprak Bilimi ve Tarım Kimyası | 6131 - Bitkisel Üretim | 8147 - Bahçe Bitkileri | 8158 - Bitki Koruma | 8220 - Kültür Bitkileri Üretimi ve Pazarlaması | 9048 - Toprak Bilimi ve Bitki Besleme | 9190 - Bahçe Bitkileri Üretimi ve Pazarlaması | 9269 - Bitkisel Üretim ve Teknolojileri | 7324 - (Bakınız Başvurma Özel Şartları Bölümü Toprak Mahsulleri Ofisi Genel Müdürlüğü).;7950481e-0a81-ed11-8117-a0369f7d1486
2022;2;302012726;Kilis 7 Aralık Üniversitesi;Memur;Kilis;Lisans;1;;85.011;85.011;"4507;3115;3313;3315;3352;3353;4389;5116;5142;9506;9791";4507 - Aşağıdaki lisans programlarından birinden mezun olmak. | 3115 - Avrupa Birliği İlişkileri | 3313 - Siyaset Bilimi | 3315 - Siyaset Bilimi ve Uluslararası İlişkiler | 3352 - Uluslararası İlişkiler | 3353 - Uluslararası İlişkiler ve Avrupa Birliği | 4389 - Uluslararası İlişkiler ve Avrupa Çalışmaları | 5116 - Küresel ve Uluslararası İlişkiler / Küresel Siyaset ve Uluslararası İlişkiler | 5142 - Toplumsal ve Siyasal Bilimler | 9506 - Uluslararası İlişkiler ve Deniz Güvenliği | 9791 - Uluslararası Çalışmalar;6351481e-0a81-ed11-8117-a0369f7d1486
2022;2;302013657;T.C.Devlet Demiryolları İşletmesi Genel Müdürlüğü;Sürveyan;Bilecik;Lisans;1;;85.003;85.003;"4517;4395;5107;6256;4631;5120;4665;3359;3360;8284;8285;9488;9545;4687;4297;4298;9515;4694;9468;4699;3154;8172;7257;7300;7327";4517 - Aşağıdaki lisans programlarından birinden mezun olmak. | 4395 - Uygulamalı Matematik | 5107 - Finans Matematiği | 6256 - Matematik | 4631 - Aşağıdaki lisans programlarından birinden mezun olmak. | 5120 - Mekatronik Öğretmenliği | 4665 - Aşağıdaki lisans programlarından birinden mezun olmak. | 3359 - Yapı Öğretmenliği | 3360 - Yapı Ressamlığı Öğretmenliği | 8284 - Yapı İşleri Öğretmenliği | 8285 - Yapı Tasarımı Öğretmenliği | 9488 - Altyapu | 9545 - ALT YAPI EĞİTİMİ | 4687 - Aşağıdaki lisans programlarından birinden mezun olmak. | 4297 - Jeodezi | 4298 - Jeodezi ve Haritacılık | 9515 - Jeodezi ve Fotogrametri | 4694 - Aşağıdaki lisans programlarından birinden mezun olmak. | 9468 - Malzeme Bilimi ve Teknolojileri | 4699 - Aşağıdaki lisans programlarından birinden mezun olmak. | 3154 - Döküm Öğretmenliği | 8172 - Döküm İşleri Öğretmenliği | 7257 - Seyahate ve Arazide Çalışmaya Elverişli olmak. | 7300 - Bu kadro/pozisyonda vardiya sistemi uygulanmaktadır. | 7327 - (Bakınız Başvurma Özel Şartları Bölümü TCDD Genel Müdürlüğü).;1c4d481e-0a81-ed11-8117-a0369f7d1486
2022;2;302013636;T.C.Devlet Demiryolları İşletmesi Genel Müdürlüğü;Puantör;İzmir;Lisans;8;;84.997;87.902;"4429;3141;8312;4431;3226;3227;3381;5123;5143;8207;8208;8296;8334;9552;9584;4497;3150;4237;9966;4503;3237;3313;3314;7300;7327";4429 - Aşağıdaki lisans programlarından birinden mezun olmak. | 3141 - Çalışma Ekonomisi ve Endüstri İlişkileri | 8312 - Çalışma Ekonomisi | 4431 - Aşağıdaki lisans programlarından birinden mezun olmak. | 3226 - İşletme / İşletmecilik | 3227 - İşletme Bilgi Yönetimi | 3381 - Muhasebe ve Finansman | 5123 - Muhasebe ve Finansal Yönetim / Muhasebe ve Finans Yönetimi | 5143 - Yönetim Bilimleri / Yönetim Bilimleri Programları | 8207 - İş İdaresi | 8208 - İş İdaresi ve İktisat | 8296 - Yönetim ve Organizasyon | 8334 - Pazarlama | 9552 - İşletme-Maliye | 9584 - Yönetim Bilimleri ve Liderlik | 4497 - Aşağıdaki lisans programlarından birinden mezun olmak. | 3150 - Deniz İşletmeciliği ve Yöneticiliği / Deniz İşletmeciliği ve Yönetimi / Denizcilik İşletmeleri Yönetimi | 4237 - Deniz ve Liman İşletme | 9966 - Deniz İşletmeciliği ve Yönetimi | 4503 - Aşağıdaki lisans programlarından birinden mezun olmak. | 3237 - Kamu Yönetimi | 3313 - Siyaset Bilimi | 3314 - Siyaset Bilimi ve Kamu Yönetimi | 7300 - Bu kadro/pozisyonda vardiya sistemi uygulanmaktadır. | 7327 - (Bakınız Başvurma Özel Şartları Bölümü TCDD Genel Müdürlüğü).;bc4e481e-0a81-ed11-8117-a0369f7d1486
2022;2;302012362;Hatay Mustafa Kemal Üniversitesi;Memur;Hatay;Lisans;1;;84.969;84.969;"4459;3254;4322;8225";4459 - Aşağıdaki lisans programlarından birinden mezun olmak. | 3254 - Maliye | 4322 - Muhasebe ve Maliye | 8225 - Maliye-Muhasebe;244e481e-0a81-ed11-8117-a0369f7d1486
2022;2;302013671;T.C.Devlet Demiryolları İşletmesi Genel Müdürlüğü;Sürveyan;İzmir;Lisans;1;;84.936;84.936;"4517;4395;5107;6256;4535;3128;3129;8152;8310;8347;9150;4539;3127;3130;3174;6173;8125;8151;8154;8155;8308;9364;4547;3182;4613;3161;8180;9766;4621;3164;3167;4252;4253;6165;8181;9484;4622;8350;4631;5120;4711;1365;1418;3200;3346;7257;7300;7327";"4517 - Aşağıdaki lisans programlarından birinden mezun olmak. | 4395 - Uygulamalı Matematik | 5107 - Finans Matematiği | 6256 - Matematik | 4535 - Aşağıdaki lisans programlarından birinden mezun olmak. | 3128 - Bilgisayar ve Kontrol Öğretmenliği | 3129 - Bilgisayar ve Öğretim Teknolojileri Öğretmenliği | 8152 - Bilgisayar Teknolojisi Öğretmenliği | 8310 - Bilgisayar ve Öğretim Teknolojileri Öğretimi | 8347 - Kontrol Öğretmenliği | 9150 - Bilgisayar ve Öğretim Teknolojileri Eğitimi | 4539 - Aşağıdaki lisans programlarından birinden mezun olmak. | 3127 - Bilgisayar Teknolojisi ve Bilişim Sistemleri | 3130 - Bilişim Sistemleri ve Teknolojileri | 3174 - Enformatik / Enformatik (Almanca) | 6173 - Enformasyon Teknolojileri | 8125 - Bilgisayar Teknolojisi Bölümü | 8151 - Bilgisayar Sistemleri ve Teknolojileri | 8154 - Bilgisayar ve Enformasyon Sistemleri | 8155 - Bilgisayar ve Enformatik / Bilgisayar-Enformatik | 8308 - Bilgi Teknolojileri | 9364 - Bilişim Teknolojileri | 4547 - Aşağıdaki lisans programlarından birinden mezun olmak. | 3182 - Fizik | 4613 - Aşağıdaki lisans programlarından birinden mezun olmak. | 3161 - Elektrik Öğretmenliği | 8180 - Elektrik İşleri Öğretmenliği | 9766 - Elektrik Eğitimi | 4621 - Aşağıdaki lisans programlarından birinden mezun olmak. | 3164 - Elektronik Öğretmenliği | 3167 - Elektronik ve Haberleşme Öğretmenliği | 4252 - Elektronik | 4253 - Elektronik ve Telekomünikasyon | 6165 - Elektronik ve Bilgisayar Öğretmenliği | 8181 - Elektronik İşleri Öğretmenliği | 9484 - Endüstriyet Elektronik Teknolojisi Öğretmenliği | 4622 - Aşağıdaki lisans programlarından birinden mezun olmak. | 8350 - Telekomünikasyon Öğretmenliği | 4631 - Aşağıdaki lisans programlarından birinden mezun olmak. | 5120 - Mekatronik Öğretmenliği | 4711 - Aşağıdaki lisans programlarından birinden mezun olmak. | 1365 - HAVACILIK ELEKTRONİĞİ | 1418 - UÇAK ELEKTRİK VE ELEKTRONİĞİ&#x0D; | 3200 - Havacılık Elektrik ve Elektroniği | 3346 - Uçak Elektrik-Elektronik | 7257 - Seyahate ve Arazide Çalışmaya Elverişli olmak. | 7300 - Bu kadro/pozisyonda vardiya sistemi uygulanmaktadır. | 7327 - (Bakınız Başvurma Özel Şartları Bölümü TCDD Genel Müdürlüğü).";bb4e481e-0a81-ed11-8117-a0369f7d1486
2022;2;302014266;Toprak Mahsulleri Ofisi Genel Müdürlüğü;Mühendis;Adıyaman;Lisans;1;;84.927;84.927;"4845;3385;3386;4212;4370;6131;8147;8158;8220;9048;9190;9269;7324";4845 - Aşağıdaki lisans programlarından birinden mezun olmak. | 3385 - Tarla Bitkileri | 3386 - Toprak | 4212 - Bahçe ve Tarla Bitkileri | 4370 - Toprak Bilimi ve Tarım Kimyası | 6131 - Bitkisel Üretim | 8147 - Bahçe Bitkileri | 8158 - Bitki Koruma | 8220 - Kültür Bitkileri Üretimi ve Pazarlaması | 9048 - Toprak Bilimi ve Bitki Besleme | 9190 - Bahçe Bitkileri Üretimi ve Pazarlaması | 9269 - Bitkisel Üretim ve Teknolojileri | 7324 - (Bakınız Başvurma Özel Şartları Bölümü Toprak Mahsulleri Ofisi Genel Müdürlüğü).;f34b481e-0a81-ed11-8117-a0369f7d1486
2022;2;302012859;Malatya Büyükşehir Belediye Başkanlığı;Mühendis;Malatya;Lisans;1;;84.91;84.91;"4677;3142;7257";4677 - Aşağıdaki lisans programlarından birinden mezun olmak. | 3142 - Çevre Mühendisliği | 7257 - Seyahate ve Arazide Çalışmaya Elverişli olmak.;644f481e-0a81-ed11-8117-a0369f7d1486
2022;2;302012061;Et ve Süt Kurumu Genel Müdürlüğü;Memur;Yozgat;Lisans;1;;84.901;84.901;"4426;5105;6229;4429;3141;8312;4431;3226;3227;3381;5123;5143;8207;8208;8296;8334;9552;9584";4426 - Aşağıdaki lisans programlarından birinden mezun olmak. | 5105 - Ekonomi ve Finans | 6229 - İşletme-Ekonomi / İşletme-İktisat | 4429 - Aşağıdaki lisans programlarından birinden mezun olmak. | 3141 - Çalışma Ekonomisi ve Endüstri İlişkileri | 8312 - Çalışma Ekonomisi | 4431 - Aşağıdaki lisans programlarından birinden mezun olmak. | 3226 - İşletme / İşletmecilik | 3227 - İşletme Bilgi Yönetimi | 3381 - Muhasebe ve Finansman | 5123 - Muhasebe ve Finansal Yönetim / Muhasebe ve Finans Yönetimi | 5143 - Yönetim Bilimleri / Yönetim Bilimleri Programları | 8207 - İş İdaresi | 8208 - İş İdaresi ve İktisat | 8296 - Yönetim ve Organizasyon | 8334 - Pazarlama | 9552 - İşletme-Maliye | 9584 - Yönetim Bilimleri ve Liderlik;a450481e-0a81-ed11-8117-a0369f7d1486
2022;2;302011025;Çevre, Şehircilik ve İklim Değişikliği Bakanlığı;Mühendis;Ağrı;Lisans;1;;84.85;84.85;"4677;3142";4677 - Aşağıdaki lisans programlarından birinden mezun olmak. | 3142 - Çevre Mühendisliği;1b4c481e-0a81-ed11-8117-a0369f7d1486
2022;2;302013489;T.C.Devlet Demiryolları İşletmesi Genel Müdürlüğü;Hareket Memuru;Afyonkarahisar;Lisans;2;;84.849;86.13;"4441;4367;4443;3270;8134;8209;8211;8234;8267;4480;9118;9425;4484;4393;9009;9378;4485;3354;5130;8222;9110;9376;9387;9415;4491;1286;4517;4395;5107;6256;4524;3224;4525;3223;8229;4527;3256;3258;8228;8230;8277;4535;3128;3129;8152;8310;8347;9150;7257;7300;7327";4441 - Aşağıdaki lisans programlarından birinden mezun olmak. | 4367 - Ticaret Ekonomisi | 4443 - Aşağıdaki lisans programlarından birinden mezun olmak. | 3270 - Muhasebe ve Finansman Öğretmenliği | 8134 - İşletme Öğretmenliği | 8209 - İş Yönetimi ve Ticaret Eğitimi Öğretmenliği / İş Yönetimi ve Ticaret Öğretmenliği | 8211 - İşletme, Muhasebe ve Ticaret Öğretmenliği | 8234 - Muhasebe-İşletme Öğretmenliği | 8267 - Ticaret - İş Eğitimi Öğretmenliği | 4480 - Aşağıdaki lisans programlarından birinden mezun olmak. | 9118 - Gümrük İşletme | 9425 - Gümrük İşletmeciliği | 4484 - Aşağıdaki lisans programlarından birinden mezun olmak. | 4393 - Uluslararası Ticaret ve Lojistik Yönetimi | 9009 - Uluslararası Ticaret ve Lojistik | 9378 - Uluslararası Ticaret, Lojistik ve İşletmecilik | 4485 - Aşağıdaki lisans programlarından birinden mezun olmak. | 3354 - Uluslararası Lojistik ve Taşımacılık / Uluslararası Lojistik | 5130 - Ulaştırma ve Lojistik | 8222 - Lojistik Yönetimi | 9110 - Uluslararası Lojistik Yönetimi | 9376 - Lojistik | 9387 - Lojistik ve Taşımacılık | 9415 - Ulaştırma ve Lojistik Yönetimi | 4491 - Aşağıdaki lisans programlarından birinden mezun olmak. | 1286 - ULUSLARARASI ULAŞTIRMA SİSTEMLERİ | 4517 - Aşağıdaki lisans programlarından birinden mezun olmak. | 4395 - Uygulamalı Matematik | 5107 - Finans Matematiği | 6256 - Matematik | 4524 - Aşağıdaki lisans programlarından birinden mezun olmak. | 3224 - İstatistik ve Bilgisayar Bilimleri | 4525 - Aşağıdaki lisans programlarından birinden mezun olmak. | 3223 - İstatistik | 8229 - Matematik ve İstatistik | 4527 - Aşağıdaki lisans programlarından birinden mezun olmak. | 3256 - Matematik ve Bilgisayar Bilimleri | 3258 - Matematik ve Bilgisayar / Matematik-Bilgisayar | 8228 - Matematik ve İnformatik / Matematik-İnformatik | 8230 - Matematik-Bilgisayar Programcılığı | 8277 - Uygulamalı Matematik ve Bilgisayar | 4535 - Aşağıdaki lisans programlarından birinden mezun olmak. | 3128 - Bilgisayar ve Kontrol Öğretmenliği | 3129 - Bilgisayar ve Öğretim Teknolojileri Öğretmenliği | 8152 - Bilgisayar Teknolojisi Öğretmenliği | 8310 - Bilgisayar ve Öğretim Teknolojileri Öğretimi | 8347 - Kontrol Öğretmenliği | 9150 - Bilgisayar ve Öğretim Teknolojileri Eğitimi | 7257 - Seyahate ve Arazide Çalışmaya Elverişli olmak. | 7300 - Bu kadro/pozisyonda vardiya sistemi uygulanmaktadır. | 7327 - (Bakınız Başvurma Özel Şartları Bölümü TCDD Genel Müdürlüğü).;164c481e-0a81-ed11-8117-a0369f7d1486
2022;2;302012586;Karadeniz Teknik Üniversitesi;Memur;Trabzon;Lisans;1;;84.836;84.836;"4431;3226;3227;3381;5123;5143;8207;8208;8296;8334;9552;9584";4431 - Aşağıdaki lisans programlarından birinden mezun olmak. | 3226 - İşletme / İşletmecilik | 3227 - İşletme Bilgi Yönetimi | 3381 - Muhasebe ve Finansman | 5123 - Muhasebe ve Finansal Yönetim / Muhasebe ve Finans Yönetimi | 5143 - Yönetim Bilimleri / Yönetim Bilimleri Programları | 8207 - İş İdaresi | 8208 - İş İdaresi ve İktisat | 8296 - Yönetim ve Organizasyon | 8334 - Pazarlama | 9552 - İşletme-Maliye | 9584 - Yönetim Bilimleri ve Liderlik;6550481e-0a81-ed11-8117-a0369f7d1486
2022;2;302010906;Bursa Teknik Üniversitesi;Memur;Bursa;Lisans;2;;84.802;86.735;"4459;3254;4322;8225";4459 - Aşağıdaki lisans programlarından birinden mezun olmak. | 3254 - Maliye | 4322 - Muhasebe ve Maliye | 8225 - Maliye-Muhasebe;404d481e-0a81-ed11-8117-a0369f7d1486
2022;2;302010444;Afet ve Acil Durum Yönetimi Başkanlığı;Mühendis;Zonguldak;Lisans;1;;84.788;84.788;"4685;3206;4334;6235";4685 - Aşağıdaki lisans programlarından birinden mezun olmak. | 3206 - Hidrojeoloji Mühendisliği | 4334 - Petrol ve Doğalgaz Jeolojisi | 6235 - Jeoloji Mühendisliği;f050481e-0a81-ed11-8117-a0369f7d1486
2022;2;302011893;Ege Üniversitesi;Memur;İzmir;Lisans;4;;84.788;87.694;"4431;3226;3227;3381;5123;5143;8207;8208;8296;8334;9552;9584";4431 - Aşağıdaki lisans programlarından birinden mezun olmak. | 3226 - İşletme / İşletmecilik | 3227 - İşletme Bilgi Yönetimi | 3381 - Muhasebe ve Finansman | 5123 - Muhasebe ve Finansal Yönetim / Muhasebe ve Finans Yönetimi | 5143 - Yönetim Bilimleri / Yönetim Bilimleri Programları | 8207 - İş İdaresi | 8208 - İş İdaresi ve İktisat | 8296 - Yönetim ve Organizasyon | 8334 - Pazarlama | 9552 - İşletme-Maliye | 9584 - Yönetim Bilimleri ve Liderlik;c34e481e-0a81-ed11-8117-a0369f7d1486
2022;2;302010654;Ankara Üniversitesi;Kütüphaneci;Ankara;Lisans;1;;84.773;84.773;"4099;3113;3153;3248;4309;8144";4099 - Aşağıdaki lisans programlarından birinden mezun olmak. | 3113 - Arşivcilik | 3153 - Dokümantasyon ve Enformasyon | 3248 - Kütüphanecilik | 4309 - Kütüphanecilik ve Bilgi Çalışmaları | 8144 - Bilgi ve Belge Yönetimi;684c481e-0a81-ed11-8117-a0369f7d1486
2022;2;302015652;Yıldız Teknik Üniversitesi;Memur;İstanbul;Lisans;1;;84.751;84.751;"4453;3268;3269;3381;4322;5123;9115;9262;9308";4453 - Aşağıdaki lisans programlarından birinden mezun olmak. | 3268 - Muhasebe | 3269 - Muhasebe Bilgi Sistemleri | 3381 - Muhasebe ve Finansman | 4322 - Muhasebe ve Maliye | 5123 - Muhasebe ve Finansal Yönetim / Muhasebe ve Finans Yönetimi | 9115 - Muhasebe ve Denetim | 9262 - Finans ve Muhasebe | 9308 - İşletme-Muhasebe ve Denetim;9e4e481e-0a81-ed11-8117-a0369f7d1486
2022;2;302012999;Mimar Sinan Güzel Sanatlar Üniversitesi;Mühendis;İstanbul;Lisans;1;;84.744;84.744;"4531;3124;5103;5137;8141;8156;7267;7293";4531 - Aşağıdaki lisans programlarından birinden mezun olmak. | 3124 - Bilgisayar Mühendisliği | 5103 - Bilişim Sistemleri Mühendisliği | 5137 - Bilgisayar Bilimi ve Mühendisliği / Bilgisayar Bilimleri Mühendisliği | 8141 - Kontrol ve Bilgisayar Mühendisliği | 8156 - Bilgisayar ve Enformatik Mühendisliği | 7267 - Client-Server ya da büyük sistemlerin işletim sistemlerinden en az birini bildiğini belgelemek. | 7293 - Ağ güvenliği (Intrusion Prevention System(IPS) veya Firewall, UTM veya URL filtering) konusunda en az 2 (iki) yıl çalışmış;644e481e-0a81-ed11-8117-a0369f7d1486
2022;2;302013146;Pamukkale Üniversitesi;Bilgisayar İşletmeni;Denizli;Lisans;1;;84.727;84.727;"4459;3254;4322;8225;6225";4459 - Aşağıdaki lisans programlarından birinden mezun olmak. | 3254 - Maliye | 4322 - Muhasebe ve Maliye | 8225 - Maliye-Muhasebe | 6225 - M.E.B.'Dan Onaylı Bilgisayar İşletmeni Sertifikası Sahibi olmak.;714d481e-0a81-ed11-8117-a0369f7d1486
2022;2;302015638;Yıldız Teknik Üniversitesi;Memur;İstanbul;Lisans;2;;84.705;85.147;"4431;3226;3227;3381;5123;5143;8207;8208;8296;8334;9552;9584";4431 - Aşağıdaki lisans programlarından birinden mezun olmak. | 3226 - İşletme / İşletmecilik | 3227 - İşletme Bilgi Yönetimi | 3381 - Muhasebe ve Finansman | 5123 - Muhasebe ve Finansal Yönetim / Muhasebe ve Finans Yönetimi | 5143 - Yönetim Bilimleri / Yönetim Bilimleri Programları | 8207 - İş İdaresi | 8208 - İş İdaresi ve İktisat | 8296 - Yönetim ve Organizasyon | 8334 - Pazarlama | 9552 - İşletme-Maliye | 9584 - Yönetim Bilimleri ve Liderlik;9c4e481e-0a81-ed11-8117-a0369f7d1486
2022;2;302011298;Devlet Demiryolları Taşımacılık A.Ş Genel Müdürlüğü;Memur;İstanbul;Lisans;1;;84.68;84.68;"4429;3141;8312;7368";4429 - Aşağıdaki lisans programlarından birinden mezun olmak. | 3141 - Çalışma Ekonomisi ve Endüstri İlişkileri | 8312 - Çalışma Ekonomisi | 7368 - (Bakınız Başvurma Özel Şartları Bölümü T.C. Devlet Demiryolları Taşımacılık A.Ş. Genel Müdürlüğü);5a4e481e-0a81-ed11-8117-a0369f7d1486
2022;2;302010430;Afet ve Acil Durum Yönetimi Başkanlığı;Mühendis;Yozgat;Lisans;1;;84.671;84.671;"4685;3206;4334;6235";4685 - Aşağıdaki lisans programlarından birinden mezun olmak. | 3206 - Hidrojeoloji Mühendisliği | 4334 - Petrol ve Doğalgaz Jeolojisi | 6235 - Jeoloji Mühendisliği;9f50481e-0a81-ed11-8117-a0369f7d1486
2022;2;302010640;Ankara Sosyal Bilimler Üniversitesi;Memur;Ankara;Lisans;1;;84.657;84.657;"4083;1400;1402;1420;3272;8202;8242;8290;9236;9511;9585";4083 - Aşağıdaki lisans programlarından birinden mezun olmak. | 1400 - İngilizce Mütercim ve Tercümanlık | 1402 - İngilizce, Fransızca Mütercim ve Tercümanlık | 1420 - Çeviribilimi (İngilizce) | 3272 - Mütercim Tercümanlık / Mütercim-Tercümanlık | 8202 - Çeviribilim (İngilizce) / Çeviribilim | 8242 - Mütercim-Tercümanlık (İng-Fra-Türkçe) | 8290 - Mütercim-Tercümanlık (İngilizce) | 9236 - Mütercim-Tercümanlık (Türkçe-Almanca-İngilizce) | 9511 - Mütercim Tercümanlık (İngilizce/Fransızca) | 9585 - Mütercim-Tercümanlık (Türkiye Türkçesi-İngilizce);664c481e-0a81-ed11-8117-a0369f7d1486
2022;2;302010626;Anadolu Üniversitesi;Memur;Eskişehir;Lisans;5;;84.582;86.507;"4431;3226;3227;3381;5123;5143;8207;8208;8296;8334;9552;9584";4431 - Aşağıdaki lisans programlarından birinden mezun olmak. | 3226 - İşletme / İşletmecilik | 3227 - İşletme Bilgi Yönetimi | 3381 - Muhasebe ve Finansman | 5123 - Muhasebe ve Finansal Yönetim / Muhasebe ve Finans Yönetimi | 5143 - Yönetim Bilimleri / Yönetim Bilimleri Programları | 8207 - İş İdaresi | 8208 - İş İdaresi ve İktisat | 8296 - Yönetim ve Organizasyon | 8334 - Pazarlama | 9552 - İşletme-Maliye | 9584 - Yönetim Bilimleri ve Liderlik;d14d481e-0a81-ed11-8117-a0369f7d1486
2022;2;302014672;Türkiye Kömür İşletmeleri Kurumu Genel Müdürlüğü;Mühendis;Çanakkale;Lisans;1;;84.567;84.567;"4685;3206;4334;6235;7247;7248;7257";4685 - Aşağıdaki lisans programlarından birinden mezun olmak. | 3206 - Hidrojeoloji Mühendisliği | 4334 - Petrol ve Doğalgaz Jeolojisi | 6235 - Jeoloji Mühendisliği | 7247 - Tehlikeli Ve Çok Tehlikeli İşlerde Çalışmasına Engel Bir Durumu Bulunmamak | 7248 - Vardiyalı Çalışmasına Engel Bir Durumu Bulunmamak | 7257 - Seyahate ve Arazide Çalışmaya Elverişli olmak.;574d481e-0a81-ed11-8117-a0369f7d1486
2022;2;302012628;Kayseri Üniversitesi;Memur;Kayseri;Lisans;1;;84.558;84.558;"4459;3254;4322;8225";4459 - Aşağıdaki lisans programlarından birinden mezun olmak. | 3254 - Maliye | 4322 - Muhasebe ve Maliye | 8225 - Maliye-Muhasebe;e94e481e-0a81-ed11-8117-a0369f7d1486
2022;2;302012698;Kilis 7 Aralık Üniversitesi;Memur;Kilis;Lisans;1;;84.496;84.496;"4421;3159;3213;4386;5106;8208;9113;9221";4421 - Aşağıdaki lisans programlarından birinden mezun olmak. | 3159 - Ekonomi | 3213 - İktisat | 4386 - Uluslararası Ekonomi | 5106 - Ekonomi-Yönetim Bilimleri Programları | 8208 - İş İdaresi ve İktisat | 9113 - Ekonomi Politik ve Toplum Felsefesi | 9221 - Ekonomi ve İdari Bilimler / Ekonomi ve İdari Bilimler Programları;5f51481e-0a81-ed11-8117-a0369f7d1486
2022;2;302012985;Mimar Sinan Güzel Sanatlar Üniversitesi;Memur;İstanbul;Lisans;1;;84.473;84.473;"4431;3226;3227;3381;5123;5143;8207;8208;8296;8334;9552;9584";4431 - Aşağıdaki lisans programlarından birinden mezun olmak. | 3226 - İşletme / İşletmecilik | 3227 - İşletme Bilgi Yönetimi | 3381 - Muhasebe ve Finansman | 5123 - Muhasebe ve Finansal Yönetim / Muhasebe ve Finans Yönetimi | 5143 - Yönetim Bilimleri / Yönetim Bilimleri Programları | 8207 - İş İdaresi | 8208 - İş İdaresi ve İktisat | 8296 - Yönetim ve Organizasyon | 8334 - Pazarlama | 9552 - İşletme-Maliye | 9584 - Yönetim Bilimleri ve Liderlik;624e481e-0a81-ed11-8117-a0369f7d1486
2022;2;302011270;Devlet Demiryolları Taşımacılık A.Ş Genel Müdürlüğü;Memur;Balıkesir;Lisans;2;;84.471;85.957;"4478;3355;3356;5131;9108;9218;9282;4484;4393;9009;9378;4485;3354;5130;8222;9110;9376;9387;9415;7300;7368";4478 - Aşağıdaki lisans programlarından birinden mezun olmak. | 3355 - Uluslararası Ticaret | 3356 - Uluslararası Ticaret ve İşletmecilik | 5131 - Uluslararası Ticaret ve Finansman | 9108 - Uluslararası İşletmecilik ve Ticaret | 9218 - Uluslararası Ticaret ve Pazarlama | 9282 - Uluslararası Ticaret ve Finans | 4484 - Aşağıdaki lisans programlarından birinden mezun olmak. | 4393 - Uluslararası Ticaret ve Lojistik Yönetimi | 9009 - Uluslararası Ticaret ve Lojistik | 9378 - Uluslararası Ticaret, Lojistik ve İşletmecilik | 4485 - Aşağıdaki lisans programlarından birinden mezun olmak. | 3354 - Uluslararası Lojistik ve Taşımacılık / Uluslararası Lojistik | 5130 - Ulaştırma ve Lojistik | 8222 - Lojistik Yönetimi | 9110 - Uluslararası Lojistik Yönetimi | 9376 - Lojistik | 9387 - Lojistik ve Taşımacılık | 9415 - Ulaştırma ve Lojistik Yönetimi | 7300 - Bu kadro/pozisyonda vardiya sistemi uygulanmaktadır. | 7368 - (Bakınız Başvurma Özel Şartları Bölümü T.C. Devlet Demiryolları Taşımacılık A.Ş. Genel Müdürlüğü);024d481e-0a81-ed11-8117-a0369f7d1486
2022;2;302010843;Bayburt Üniversitesi;Bilgisayar İşletmeni;Bayburt;Lisans;2;;84.461;84.463;"4126;9409;4128;4353;4499;9409;9487;4503;3237;3313;3314;4507;3115;3313;3315;3352;3353;4389;5116;5142;9506;9791;6225";4126 - Aşağıdaki lisans programlarından birinden mezun olmak. | 9409 - Siyasal Bilimler | 4128 - Aşağıdaki lisans programlarından birinden mezun olmak. | 4353 - Sosyal ve Siyasal Bilimler | 4499 - Aşağıdaki lisans programlarından birinden mezun olmak. | 9409 - Siyasal Bilimler | 9487 - Siyasi İlimler | 4503 - Aşağıdaki lisans programlarından birinden mezun olmak. | 3237 - Kamu Yönetimi | 3313 - Siyaset Bilimi | 3314 - Siyaset Bilimi ve Kamu Yönetimi | 4507 - Aşağıdaki lisans programlarından birinden mezun olmak. | 3115 - Avrupa Birliği İlişkileri | 3313 - Siyaset Bilimi | 3315 - Siyaset Bilimi ve Uluslararası İlişkiler | 3352 - Uluslararası İlişkiler | 3353 - Uluslararası İlişkiler ve Avrupa Birliği | 4389 - Uluslararası İlişkiler ve Avrupa Çalışmaları | 5116 - Küresel ve Uluslararası İlişkiler / Küresel Siyaset ve Uluslararası İlişkiler | 5142 - Toplumsal ve Siyasal Bilimler | 9506 - Uluslararası İlişkiler ve Deniz Güvenliği | 9791 - Uluslararası Çalışmalar | 6225 - M.E.B.'Dan Onaylı Bilgisayar İşletmeni Sertifikası Sahibi olmak.;fc50481e-0a81-ed11-8117-a0369f7d1486
2022;2;302011235;Devlet Demiryolları Taşımacılık A.Ş Genel Müdürlüğü;Memur;Ankara;Lisans;1;;84.431;84.431;"4535;3128;3129;8152;8310;8347;9150;7368";4535 - Aşağıdaki lisans programlarından birinden mezun olmak. | 3128 - Bilgisayar ve Kontrol Öğretmenliği | 3129 - Bilgisayar ve Öğretim Teknolojileri Öğretmenliği | 8152 - Bilgisayar Teknolojisi Öğretmenliği | 8310 - Bilgisayar ve Öğretim Teknolojileri Öğretimi | 8347 - Kontrol Öğretmenliği | 9150 - Bilgisayar ve Öğretim Teknolojileri Eğitimi | 7368 - (Bakınız Başvurma Özel Şartları Bölümü T.C. Devlet Demiryolları Taşımacılık A.Ş. Genel Müdürlüğü);734c481e-0a81-ed11-8117-a0369f7d1486
2022;2;302013741;T.C.Devlet Demiryolları İşletmesi Genel Müdürlüğü;Tren Teşkil Memuru;Edirne;Lisans;1;;84.388;84.388;"4441;4367;4443;3270;8134;8209;8211;8234;8267;4480;9118;9425;4484;4393;9009;9378;4485;3354;5130;8222;9110;9376;9387;9415;4491;1286;4517;4395;5107;6256;4524;3224;4525;3223;8229;4527;3256;3258;8228;8230;8277;4535;3128;3129;8152;8310;8347;9150;7257;7300;7327";4441 - Aşağıdaki lisans programlarından birinden mezun olmak. | 4367 - Ticaret Ekonomisi | 4443 - Aşağıdaki lisans programlarından birinden mezun olmak. | 3270 - Muhasebe ve Finansman Öğretmenliği | 8134 - İşletme Öğretmenliği | 8209 - İş Yönetimi ve Ticaret Eğitimi Öğretmenliği / İş Yönetimi ve Ticaret Öğretmenliği | 8211 - İşletme, Muhasebe ve Ticaret Öğretmenliği | 8234 - Muhasebe-İşletme Öğretmenliği | 8267 - Ticaret - İş Eğitimi Öğretmenliği | 4480 - Aşağıdaki lisans programlarından birinden mezun olmak. | 9118 - Gümrük İşletme | 9425 - Gümrük İşletmeciliği | 4484 - Aşağıdaki lisans programlarından birinden mezun olmak. | 4393 - Uluslararası Ticaret ve Lojistik Yönetimi | 9009 - Uluslararası Ticaret ve Lojistik | 9378 - Uluslararası Ticaret, Lojistik ve İşletmecilik | 4485 - Aşağıdaki lisans programlarından birinden mezun olmak. | 3354 - Uluslararası Lojistik ve Taşımacılık / Uluslararası Lojistik | 5130 - Ulaştırma ve Lojistik | 8222 - Lojistik Yönetimi | 9110 - Uluslararası Lojistik Yönetimi | 9376 - Lojistik | 9387 - Lojistik ve Taşımacılık | 9415 - Ulaştırma ve Lojistik Yönetimi | 4491 - Aşağıdaki lisans programlarından birinden mezun olmak. | 1286 - ULUSLARARASI ULAŞTIRMA SİSTEMLERİ | 4517 - Aşağıdaki lisans programlarından birinden mezun olmak. | 4395 - Uygulamalı Matematik | 5107 - Finans Matematiği | 6256 - Matematik | 4524 - Aşağıdaki lisans programlarından birinden mezun olmak. | 3224 - İstatistik ve Bilgisayar Bilimleri | 4525 - Aşağıdaki lisans programlarından birinden mezun olmak. | 3223 - İstatistik | 8229 - Matematik ve İstatistik | 4527 - Aşağıdaki lisans programlarından birinden mezun olmak. | 3256 - Matematik ve Bilgisayar Bilimleri | 3258 - Matematik ve Bilgisayar / Matematik-Bilgisayar | 8228 - Matematik ve İnformatik / Matematik-İnformatik | 8230 - Matematik-Bilgisayar Programcılığı | 8277 - Uygulamalı Matematik ve Bilgisayar | 4535 - Aşağıdaki lisans programlarından birinden mezun olmak. | 3128 - Bilgisayar ve Kontrol Öğretmenliği | 3129 - Bilgisayar ve Öğretim Teknolojileri Öğretmenliği | 8152 - Bilgisayar Teknolojisi Öğretmenliği | 8310 - Bilgisayar ve Öğretim Teknolojileri Öğretimi | 8347 - Kontrol Öğretmenliği | 9150 - Bilgisayar ve Öğretim Teknolojileri Eğitimi | 7257 - Seyahate ve Arazide Çalışmaya Elverişli olmak. | 7300 - Bu kadro/pozisyonda vardiya sistemi uygulanmaktadır. | 7327 - (Bakınız Başvurma Özel Şartları Bölümü TCDD Genel Müdürlüğü).;7d4d481e-0a81-ed11-8117-a0369f7d1486
2022;2;302014294;Toprak Mahsulleri Ofisi Genel Müdürlüğü;Mühendis;Balıkesir;Lisans;2;;84.342;84.872;"4845;3385;3386;4212;4370;6131;8147;8158;8220;9048;9190;9269;7324";4845 - Aşağıdaki lisans programlarından birinden mezun olmak. | 3385 - Tarla Bitkileri | 3386 - Toprak | 4212 - Bahçe ve Tarla Bitkileri | 4370 - Toprak Bilimi ve Tarım Kimyası | 6131 - Bitkisel Üretim | 8147 - Bahçe Bitkileri | 8158 - Bitki Koruma | 8220 - Kültür Bitkileri Üretimi ve Pazarlaması | 9048 - Toprak Bilimi ve Bitki Besleme | 9190 - Bahçe Bitkileri Üretimi ve Pazarlaması | 9269 - Bitkisel Üretim ve Teknolojileri | 7324 - (Bakınız Başvurma Özel Şartları Bölümü Toprak Mahsulleri Ofisi Genel Müdürlüğü).;004d481e-0a81-ed11-8117-a0369f7d1486
2022;2;302011354;Devlet Demiryolları Taşımacılık A.Ş Genel Müdürlüğü;Memur;Manisa;Lisans;1;;84.34;84.34;"4478;3355;3356;5131;9108;9218;9282;4484;4393;9009;9378;4485;3354;5130;8222;9110;9376;9387;9415;7300;7368";4478 - Aşağıdaki lisans programlarından birinden mezun olmak. | 3355 - Uluslararası Ticaret | 3356 - Uluslararası Ticaret ve İşletmecilik | 5131 - Uluslararası Ticaret ve Finansman | 9108 - Uluslararası İşletmecilik ve Ticaret | 9218 - Uluslararası Ticaret ve Pazarlama | 9282 - Uluslararası Ticaret ve Finans | 4484 - Aşağıdaki lisans programlarından birinden mezun olmak. | 4393 - Uluslararası Ticaret ve Lojistik Yönetimi | 9009 - Uluslararası Ticaret ve Lojistik | 9378 - Uluslararası Ticaret, Lojistik ve İşletmecilik | 4485 - Aşağıdaki lisans programlarından birinden mezun olmak. | 3354 - Uluslararası Lojistik ve Taşımacılık / Uluslararası Lojistik | 5130 - Ulaştırma ve Lojistik | 8222 - Lojistik Yönetimi | 9110 - Uluslararası Lojistik Yönetimi | 9376 - Lojistik | 9387 - Lojistik ve Taşımacılık | 9415 - Ulaştırma ve Lojistik Yönetimi | 7300 - Bu kadro/pozisyonda vardiya sistemi uygulanmaktadır. | 7368 - (Bakınız Başvurma Özel Şartları Bölümü T.C. Devlet Demiryolları Taşımacılık A.Ş. Genel Müdürlüğü);7d4f481e-0a81-ed11-8117-a0369f7d1486
2022;2;302011109;Çukurova Üniversitesi;Memur;Adana;Lisans;1;;84.332;84.332;"4421;3159;3213;4386;5106;8208;9113;9221;4431;3226;3227;3381;5123;5143;8207;8208;8296;8334;9552;9584";4421 - Aşağıdaki lisans programlarından birinden mezun olmak. | 3159 - Ekonomi | 3213 - İktisat | 4386 - Uluslararası Ekonomi | 5106 - Ekonomi-Yönetim Bilimleri Programları | 8208 - İş İdaresi ve İktisat | 9113 - Ekonomi Politik ve Toplum Felsefesi | 9221 - Ekonomi ve İdari Bilimler / Ekonomi ve İdari Bilimler Programları | 4431 - Aşağıdaki lisans programlarından birinden mezun olmak. | 3226 - İşletme / İşletmecilik | 3227 - İşletme Bilgi Yönetimi | 3381 - Muhasebe ve Finansman | 5123 - Muhasebe ve Finansal Yönetim / Muhasebe ve Finans Yönetimi | 5143 - Yönetim Bilimleri / Yönetim Bilimleri Programları | 8207 - İş İdaresi | 8208 - İş İdaresi ve İktisat | 8296 - Yönetim ve Organizasyon | 8334 - Pazarlama | 9552 - İşletme-Maliye | 9584 - Yönetim Bilimleri ve Liderlik;eb4b481e-0a81-ed11-8117-a0369f7d1486
2022;2;302013804;T.C.Devlet Demiryolları İşletmesi Genel Müdürlüğü;Tren Teşkil Memuru;Tekirdağ;Lisans;1;;84.331;84.331;"4441;4367;4443;3270;8134;8209;8211;8234;8267;4480;9118;9425;4484;4393;9009;9378;4485;3354;5130;8222;9110;9376;9387;9415;4491;1286;4517;4395;5107;6256;4524;3224;4525;3223;8229;4527;3256;3258;8228;8230;8277;4535;3128;3129;8152;8310;8347;9150;7257;7300;7327";4441 - Aşağıdaki lisans programlarından birinden mezun olmak. | 4367 - Ticaret Ekonomisi | 4443 - Aşağıdaki lisans programlarından birinden mezun olmak. | 3270 - Muhasebe ve Finansman Öğretmenliği | 8134 - İşletme Öğretmenliği | 8209 - İş Yönetimi ve Ticaret Eğitimi Öğretmenliği / İş Yönetimi ve Ticaret Öğretmenliği | 8211 - İşletme, Muhasebe ve Ticaret Öğretmenliği | 8234 - Muhasebe-İşletme Öğretmenliği | 8267 - Ticaret - İş Eğitimi Öğretmenliği | 4480 - Aşağıdaki lisans programlarından birinden mezun olmak. | 9118 - Gümrük İşletme | 9425 - Gümrük İşletmeciliği | 4484 - Aşağıdaki lisans programlarından birinden mezun olmak. | 4393 - Uluslararası Ticaret ve Lojistik Yönetimi | 9009 - Uluslararası Ticaret ve Lojistik | 9378 - Uluslararası Ticaret, Lojistik ve İşletmecilik | 4485 - Aşağıdaki lisans programlarından birinden mezun olmak. | 3354 - Uluslararası Lojistik ve Taşımacılık / Uluslararası Lojistik | 5130 - Ulaştırma ve Lojistik | 8222 - Lojistik Yönetimi | 9110 - Uluslararası Lojistik Yönetimi | 9376 - Lojistik | 9387 - Lojistik ve Taşımacılık | 9415 - Ulaştırma ve Lojistik Yönetimi | 4491 - Aşağıdaki lisans programlarından birinden mezun olmak. | 1286 - ULUSLARARASI ULAŞTIRMA SİSTEMLERİ | 4517 - Aşağıdaki lisans programlarından birinden mezun olmak. | 4395 - Uygulamalı Matematik | 5107 - Finans Matematiği | 6256 - Matematik | 4524 - Aşağıdaki lisans programlarından birinden mezun olmak. | 3224 - İstatistik ve Bilgisayar Bilimleri | 4525 - Aşağıdaki lisans programlarından birinden mezun olmak. | 3223 - İstatistik | 8229 - Matematik ve İstatistik | 4527 - Aşağıdaki lisans programlarından birinden mezun olmak. | 3256 - Matematik ve Bilgisayar Bilimleri | 3258 - Matematik ve Bilgisayar / Matematik-Bilgisayar | 8228 - Matematik ve İnformatik / Matematik-İnformatik | 8230 - Matematik-Bilgisayar Programcılığı | 8277 - Uygulamalı Matematik ve Bilgisayar | 4535 - Aşağıdaki lisans programlarından birinden mezun olmak. | 3128 - Bilgisayar ve Kontrol Öğretmenliği | 3129 - Bilgisayar ve Öğretim Teknolojileri Öğretmenliği | 8152 - Bilgisayar Teknolojisi Öğretmenliği | 8310 - Bilgisayar ve Öğretim Teknolojileri Öğretimi | 8347 - Kontrol Öğretmenliği | 9150 - Bilgisayar ve Öğretim Teknolojileri Eğitimi | 7257 - Seyahate ve Arazide Çalışmaya Elverişli olmak. | 7300 - Bu kadro/pozisyonda vardiya sistemi uygulanmaktadır. | 7327 - (Bakınız Başvurma Özel Şartları Bölümü TCDD Genel Müdürlüğü).;4950481e-0a81-ed11-8117-a0369f7d1486
2022;2;302012747;Kocaeli Üniversitesi;Memur;Kocaeli;Lisans;3;;84.326;86.237;"4421;3159;3213;4386;5106;8208;9113;9221;4431;3226;3227;3381;5123;5143;8207;8208;8296;8334;9552;9584";4421 - Aşağıdaki lisans programlarından birinden mezun olmak. | 3159 - Ekonomi | 3213 - İktisat | 4386 - Uluslararası Ekonomi | 5106 - Ekonomi-Yönetim Bilimleri Programları | 8208 - İş İdaresi ve İktisat | 9113 - Ekonomi Politik ve Toplum Felsefesi | 9221 - Ekonomi ve İdari Bilimler / Ekonomi ve İdari Bilimler Programları | 4431 - Aşağıdaki lisans programlarından birinden mezun olmak. | 3226 - İşletme / İşletmecilik | 3227 - İşletme Bilgi Yönetimi | 3381 - Muhasebe ve Finansman | 5123 - Muhasebe ve Finansal Yönetim / Muhasebe ve Finans Yönetimi | 5143 - Yönetim Bilimleri / Yönetim Bilimleri Programları | 8207 - İş İdaresi | 8208 - İş İdaresi ve İktisat | 8296 - Yönetim ve Organizasyon | 8334 - Pazarlama | 9552 - İşletme-Maliye | 9584 - Yönetim Bilimleri ve Liderlik;154f481e-0a81-ed11-8117-a0369f7d1486
2022;2;302013545;T.C.Devlet Demiryolları İşletmesi Genel Müdürlüğü;Hareket Memuru;Kırıkkale;Lisans;1;;84.304;84.304;"4441;4367;4443;3270;8134;8209;8211;8234;8267;4480;9118;9425;4484;4393;9009;9378;4485;3354;5130;8222;9110;9376;9387;9415;4491;1286;4517;4395;5107;6256;4524;3224;4525;3223;8229;4527;3256;3258;8228;8230;8277;4535;3128;3129;8152;8310;8347;9150;7257;7300;7327";4441 - Aşağıdaki lisans programlarından birinden mezun olmak. | 4367 - Ticaret Ekonomisi | 4443 - Aşağıdaki lisans programlarından birinden mezun olmak. | 3270 - Muhasebe ve Finansman Öğretmenliği | 8134 - İşletme Öğretmenliği | 8209 - İş Yönetimi ve Ticaret Eğitimi Öğretmenliği / İş Yönetimi ve Ticaret Öğretmenliği | 8211 - İşletme, Muhasebe ve Ticaret Öğretmenliği | 8234 - Muhasebe-İşletme Öğretmenliği | 8267 - Ticaret - İş Eğitimi Öğretmenliği | 4480 - Aşağıdaki lisans programlarından birinden mezun olmak. | 9118 - Gümrük İşletme | 9425 - Gümrük İşletmeciliği | 4484 - Aşağıdaki lisans programlarından birinden mezun olmak. | 4393 - Uluslararası Ticaret ve Lojistik Yönetimi | 9009 - Uluslararası Ticaret ve Lojistik | 9378 - Uluslararası Ticaret, Lojistik ve İşletmecilik | 4485 - Aşağıdaki lisans programlarından birinden mezun olmak. | 3354 - Uluslararası Lojistik ve Taşımacılık / Uluslararası Lojistik | 5130 - Ulaştırma ve Lojistik | 8222 - Lojistik Yönetimi | 9110 - Uluslararası Lojistik Yönetimi | 9376 - Lojistik | 9387 - Lojistik ve Taşımacılık | 9415 - Ulaştırma ve Lojistik Yönetimi | 4491 - Aşağıdaki lisans programlarından birinden mezun olmak. | 1286 - ULUSLARARASI ULAŞTIRMA SİSTEMLERİ | 4517 - Aşağıdaki lisans programlarından birinden mezun olmak. | 4395 - Uygulamalı Matematik | 5107 - Finans Matematiği | 6256 - Matematik | 4524 - Aşağıdaki lisans programlarından birinden mezun olmak. | 3224 - İstatistik ve Bilgisayar Bilimleri | 4525 - Aşağıdaki lisans programlarından birinden mezun olmak. | 3223 - İstatistik | 8229 - Matematik ve İstatistik | 4527 - Aşağıdaki lisans programlarından birinden mezun olmak. | 3256 - Matematik ve Bilgisayar Bilimleri | 3258 - Matematik ve Bilgisayar / Matematik-Bilgisayar | 8228 - Matematik ve İnformatik / Matematik-İnformatik | 8230 - Matematik-Bilgisayar Programcılığı | 8277 - Uygulamalı Matematik ve Bilgisayar | 4535 - Aşağıdaki lisans programlarından birinden mezun olmak. | 3128 - Bilgisayar ve Kontrol Öğretmenliği | 3129 - Bilgisayar ve Öğretim Teknolojileri Öğretmenliği | 8152 - Bilgisayar Teknolojisi Öğretmenliği | 8310 - Bilgisayar ve Öğretim Teknolojileri Öğretimi | 8347 - Kontrol Öğretmenliği | 9150 - Bilgisayar ve Öğretim Teknolojileri Eğitimi | 7257 - Seyahate ve Arazide Çalışmaya Elverişli olmak. | 7300 - Bu kadro/pozisyonda vardiya sistemi uygulanmaktadır. | 7327 - (Bakınız Başvurma Özel Şartları Bölümü TCDD Genel Müdürlüğü).;0b51481e-0a81-ed11-8117-a0369f7d1486
2022;2;302014448;Trabzon Üniversitesi;Bilgisayar İşletmeni;Trabzon;Lisans;1;;84.278;84.278;"4503;3237;3313;3314;6225";4503 - Aşağıdaki lisans programlarından birinden mezun olmak. | 3237 - Kamu Yönetimi | 3313 - Siyaset Bilimi | 3314 - Siyaset Bilimi ve Kamu Yönetimi | 6225 - M.E.B.'Dan Onaylı Bilgisayar İşletmeni Sertifikası Sahibi olmak.;5f50481e-0a81-ed11-8117-a0369f7d1486
2022;2;302010598;Aksaray Üniversitesi;Bilgisayar İşletmeni;Aksaray;Lisans;4;;84.276;85.122;"4431;3226;3227;3381;5123;5143;8207;8208;8296;8334;9552;9584;4453;3268;3269;3381;4322;5123;9115;9262;9308;4459;3254;4322;8225;6225";4431 - Aşağıdaki lisans programlarından birinden mezun olmak. | 3226 - İşletme / İşletmecilik | 3227 - İşletme Bilgi Yönetimi | 3381 - Muhasebe ve Finansman | 5123 - Muhasebe ve Finansal Yönetim / Muhasebe ve Finans Yönetimi | 5143 - Yönetim Bilimleri / Yönetim Bilimleri Programları | 8207 - İş İdaresi | 8208 - İş İdaresi ve İktisat | 8296 - Yönetim ve Organizasyon | 8334 - Pazarlama | 9552 - İşletme-Maliye | 9584 - Yönetim Bilimleri ve Liderlik | 4453 - Aşağıdaki lisans programlarından birinden mezun olmak. | 3268 - Muhasebe | 3269 - Muhasebe Bilgi Sistemleri | 3381 - Muhasebe ve Finansman | 4322 - Muhasebe ve Maliye | 5123 - Muhasebe ve Finansal Yönetim / Muhasebe ve Finans Yönetimi | 9115 - Muhasebe ve Denetim | 9262 - Finans ve Muhasebe | 9308 - İşletme-Muhasebe ve Denetim | 4459 - Aşağıdaki lisans programlarından birinden mezun olmak. | 3254 - Maliye | 4322 - Muhasebe ve Maliye | 8225 - Maliye-Muhasebe | 6225 - M.E.B.'Dan Onaylı Bilgisayar İşletmeni Sertifikası Sahibi olmak.;f250481e-0a81-ed11-8117-a0369f7d1486
2022;2;302014273;Toprak Mahsulleri Ofisi Genel Müdürlüğü;Mühendis;Afyonkarahisar;Lisans;1;;84.227;84.227;"4845;3385;3386;4212;4370;6131;8147;8158;8220;9048;9190;9269;7324";4845 - Aşağıdaki lisans programlarından birinden mezun olmak. | 3385 - Tarla Bitkileri | 3386 - Toprak | 4212 - Bahçe ve Tarla Bitkileri | 4370 - Toprak Bilimi ve Tarım Kimyası | 6131 - Bitkisel Üretim | 8147 - Bahçe Bitkileri | 8158 - Bitki Koruma | 8220 - Kültür Bitkileri Üretimi ve Pazarlaması | 9048 - Toprak Bilimi ve Bitki Besleme | 9190 - Bahçe Bitkileri Üretimi ve Pazarlaması | 9269 - Bitkisel Üretim ve Teknolojileri | 7324 - (Bakınız Başvurma Özel Şartları Bölümü Toprak Mahsulleri Ofisi Genel Müdürlüğü).;114c481e-0a81-ed11-8117-a0369f7d1486
2022;2;302010857;Bayburt Üniversitesi;Bilgisayar İşletmeni;Bayburt;Lisans;1;;84.221;84.221;"4421;3159;3213;4386;5106;8208;9113;9221;4426;5105;6229;4431;3226;3227;3381;5123;5143;8207;8208;8296;8334;9552;9584;4437;3227;3361;4216;8210;9286;9427;4858;9333;6225";4421 - Aşağıdaki lisans programlarından birinden mezun olmak. | 3159 - Ekonomi | 3213 - İktisat | 4386 - Uluslararası Ekonomi | 5106 - Ekonomi-Yönetim Bilimleri Programları | 8208 - İş İdaresi ve İktisat | 9113 - Ekonomi Politik ve Toplum Felsefesi | 9221 - Ekonomi ve İdari Bilimler / Ekonomi ve İdari Bilimler Programları | 4426 - Aşağıdaki lisans programlarından birinden mezun olmak. | 5105 - Ekonomi ve Finans | 6229 - İşletme-Ekonomi / İşletme-İktisat | 4431 - Aşağıdaki lisans programlarından birinden mezun olmak. | 3226 - İşletme / İşletmecilik | 3227 - İşletme Bilgi Yönetimi | 3381 - Muhasebe ve Finansman | 5123 - Muhasebe ve Finansal Yönetim / Muhasebe ve Finans Yönetimi | 5143 - Yönetim Bilimleri / Yönetim Bilimleri Programları | 8207 - İş İdaresi | 8208 - İş İdaresi ve İktisat | 8296 - Yönetim ve Organizasyon | 8334 - Pazarlama | 9552 - İşletme-Maliye | 9584 - Yönetim Bilimleri ve Liderlik | 4437 - Aşağıdaki lisans programlarından birinden mezun olmak. | 3227 - İşletme Bilgi Yönetimi | 3361 - Yönetim Bilişim Sistemleri | 4216 - Bilgi İşlemi | 8210 - İşletme Enformatiği | 9286 - Teknoloji ve Bilgi Yönetimi | 9427 - Yönetim Bilimi ve Bilişim Sistemleri | 4858 - Aşağıdaki lisans programlarından birinden mezun olmak. | 9333 - Organik Tarım İşletmeciliği | 6225 - M.E.B.'Dan Onaylı Bilgisayar İşletmeni Sertifikası Sahibi olmak.;fe50481e-0a81-ed11-8117-a0369f7d1486
2022;2;302013755;T.C.Devlet Demiryolları İşletmesi Genel Müdürlüğü;Tren Teşkil Memuru;İstanbul;Lisans;1;;84.199;84.199;"4441;4367;4443;3270;8134;8209;8211;8234;8267;4480;9118;9425;4484;4393;9009;9378;4485;3354;5130;8222;9110;9376;9387;9415;4491;1286;4517;4395;5107;6256;4524;3224;4525;3223;8229;4527;3256;3258;8228;8230;8277;4535;3128;3129;8152;8310;8347;9150;7257;7300;7327";4441 - Aşağıdaki lisans programlarından birinden mezun olmak. | 4367 - Ticaret Ekonomisi | 4443 - Aşağıdaki lisans programlarından birinden mezun olmak. | 3270 - Muhasebe ve Finansman Öğretmenliği | 8134 - İşletme Öğretmenliği | 8209 - İş Yönetimi ve Ticaret Eğitimi Öğretmenliği / İş Yönetimi ve Ticaret Öğretmenliği | 8211 - İşletme, Muhasebe ve Ticaret Öğretmenliği | 8234 - Muhasebe-İşletme Öğretmenliği | 8267 - Ticaret - İş Eğitimi Öğretmenliği | 4480 - Aşağıdaki lisans programlarından birinden mezun olmak. | 9118 - Gümrük İşletme | 9425 - Gümrük İşletmeciliği | 4484 - Aşağıdaki lisans programlarından birinden mezun olmak. | 4393 - Uluslararası Ticaret ve Lojistik Yönetimi | 9009 - Uluslararası Ticaret ve Lojistik | 9378 - Uluslararası Ticaret, Lojistik ve İşletmecilik | 4485 - Aşağıdaki lisans programlarından birinden mezun olmak. | 3354 - Uluslararası Lojistik ve Taşımacılık / Uluslararası Lojistik | 5130 - Ulaştırma ve Lojistik | 8222 - Lojistik Yönetimi | 9110 - Uluslararası Lojistik Yönetimi | 9376 - Lojistik | 9387 - Lojistik ve Taşımacılık | 9415 - Ulaştırma ve Lojistik Yönetimi | 4491 - Aşağıdaki lisans programlarından birinden mezun olmak. | 1286 - ULUSLARARASI ULAŞTIRMA SİSTEMLERİ | 4517 - Aşağıdaki lisans programlarından birinden mezun olmak. | 4395 - Uygulamalı Matematik | 5107 - Finans Matematiği | 6256 - Matematik | 4524 - Aşağıdaki lisans programlarından birinden mezun olmak. | 3224 - İstatistik ve Bilgisayar Bilimleri | 4525 - Aşağıdaki lisans programlarından birinden mezun olmak. | 3223 - İstatistik | 8229 - Matematik ve İstatistik | 4527 - Aşağıdaki lisans programlarından birinden mezun olmak. | 3256 - Matematik ve Bilgisayar Bilimleri | 3258 - Matematik ve Bilgisayar / Matematik-Bilgisayar | 8228 - Matematik ve İnformatik / Matematik-İnformatik | 8230 - Matematik-Bilgisayar Programcılığı | 8277 - Uygulamalı Matematik ve Bilgisayar | 4535 - Aşağıdaki lisans programlarından birinden mezun olmak. | 3128 - Bilgisayar ve Kontrol Öğretmenliği | 3129 - Bilgisayar ve Öğretim Teknolojileri Öğretmenliği | 8152 - Bilgisayar Teknolojisi Öğretmenliği | 8310 - Bilgisayar ve Öğretim Teknolojileri Öğretimi | 8347 - Kontrol Öğretmenliği | 9150 - Bilgisayar ve Öğretim Teknolojileri Eğitimi | 7257 - Seyahate ve Arazide Çalışmaya Elverişli olmak. | 7300 - Bu kadro/pozisyonda vardiya sistemi uygulanmaktadır. | 7327 - (Bakınız Başvurma Özel Şartları Bölümü TCDD Genel Müdürlüğü).;5d4e481e-0a81-ed11-8117-a0369f7d1486
2022;2;302010878;Bilecik Şeyh Edebali Üniversitesi;Memur;Bilecik;Lisans;4;;84.171;85.555;"4421;3159;3213;4386;5106;8208;9113;9221;4431;3226;3227;3381;5123;5143;8207;8208;8296;8334;9552;9584;4503;3237;3313;3314";4421 - Aşağıdaki lisans programlarından birinden mezun olmak. | 3159 - Ekonomi | 3213 - İktisat | 4386 - Uluslararası Ekonomi | 5106 - Ekonomi-Yönetim Bilimleri Programları | 8208 - İş İdaresi ve İktisat | 9113 - Ekonomi Politik ve Toplum Felsefesi | 9221 - Ekonomi ve İdari Bilimler / Ekonomi ve İdari Bilimler Programları | 4431 - Aşağıdaki lisans programlarından birinden mezun olmak. | 3226 - İşletme / İşletmecilik | 3227 - İşletme Bilgi Yönetimi | 3381 - Muhasebe ve Finansman | 5123 - Muhasebe ve Finansal Yönetim / Muhasebe ve Finans Yönetimi | 5143 - Yönetim Bilimleri / Yönetim Bilimleri Programları | 8207 - İş İdaresi | 8208 - İş İdaresi ve İktisat | 8296 - Yönetim ve Organizasyon | 8334 - Pazarlama | 9552 - İşletme-Maliye | 9584 - Yönetim Bilimleri ve Liderlik | 4503 - Aşağıdaki lisans programlarından birinden mezun olmak. | 3237 - Kamu Yönetimi | 3313 - Siyaset Bilimi | 3314 - Siyaset Bilimi ve Kamu Yönetimi;194d481e-0a81-ed11-8117-a0369f7d1486
2022;2;302015694;Yozgat Bozok Üniversitesi;Veteriner Hekim;Yozgat;Lisans;1;;84.155;84.155;"4607;6373";4607 - Aşağıdaki lisans programlarından birinden mezun olmak. | 6373 - Veteriner;c150481e-0a81-ed11-8117-a0369f7d1486
2022;2;302012880;Manisa Celal Bayar Üniversitesi;Memur;Manisa;Lisans;5;;84.145;85.117;"4431;3226;3227;3381;5123;5143;8207;8208;8296;8334;9552;9584";4431 - Aşağıdaki lisans programlarından birinden mezun olmak. | 3226 - İşletme / İşletmecilik | 3227 - İşletme Bilgi Yönetimi | 3381 - Muhasebe ve Finansman | 5123 - Muhasebe ve Finansal Yönetim / Muhasebe ve Finans Yönetimi | 5143 - Yönetim Bilimleri / Yönetim Bilimleri Programları | 8207 - İş İdaresi | 8208 - İş İdaresi ve İktisat | 8296 - Yönetim ve Organizasyon | 8334 - Pazarlama | 9552 - İşletme-Maliye | 9584 - Yönetim Bilimleri ve Liderlik;784f481e-0a81-ed11-8117-a0369f7d1486
2022;2;302012656;Kırıkkale Üniversitesi;Kütüphaneci;Kırıkkale;Lisans;1;;84.134;84.134;"4099;3113;3153;3248;4309;8144";4099 - Aşağıdaki lisans programlarından birinden mezun olmak. | 3113 - Arşivcilik | 3153 - Dokümantasyon ve Enformasyon | 3248 - Kütüphanecilik | 4309 - Kütüphanecilik ve Bilgi Çalışmaları | 8144 - Bilgi ve Belge Yönetimi;0e51481e-0a81-ed11-8117-a0369f7d1486
2022;2;302012817;Malatya Büyükşehir Belediye Başkanlığı;Memur;Malatya;Lisans;4;;84.122;85.674;"4421;3159;3213;4386;5106;8208;9113;9221;4431;3226;3227;3381;5123;5143;8207;8208;8296;8334;9552;9584;4503;3237;3313;3314";4421 - Aşağıdaki lisans programlarından birinden mezun olmak. | 3159 - Ekonomi | 3213 - İktisat | 4386 - Uluslararası Ekonomi | 5106 - Ekonomi-Yönetim Bilimleri Programları | 8208 - İş İdaresi ve İktisat | 9113 - Ekonomi Politik ve Toplum Felsefesi | 9221 - Ekonomi ve İdari Bilimler / Ekonomi ve İdari Bilimler Programları | 4431 - Aşağıdaki lisans programlarından birinden mezun olmak. | 3226 - İşletme / İşletmecilik | 3227 - İşletme Bilgi Yönetimi | 3381 - Muhasebe ve Finansman | 5123 - Muhasebe ve Finansal Yönetim / Muhasebe ve Finans Yönetimi | 5143 - Yönetim Bilimleri / Yönetim Bilimleri Programları | 8207 - İş İdaresi | 8208 - İş İdaresi ve İktisat | 8296 - Yönetim ve Organizasyon | 8334 - Pazarlama | 9552 - İşletme-Maliye | 9584 - Yönetim Bilimleri ve Liderlik | 4503 - Aşağıdaki lisans programlarından birinden mezun olmak. | 3237 - Kamu Yönetimi | 3313 - Siyaset Bilimi | 3314 - Siyaset Bilimi ve Kamu Yönetimi;5e4f481e-0a81-ed11-8117-a0369f7d1486
2022;2;302015323;Ulaştırma ve Altyapı Bakanlığı;Denizcilik Sörvey Mühendisi;Adana;Lisans;1;;84.116;84.116;"4495;3149;3195;8294;7111;7337";4495 - Aşağıdaki lisans programlarından birinden mezun olmak. | 3149 - Deniz Ulaştırma İşletme Mühendisliği | 3195 - Güverte | 8294 - Güverte (Dkk) | 7111 - Son 5 Yıl İçerisinde KPDS/YDS En Az C Seviyesinde İngilizce Bilmek. | 7337 - (Bakınız Başvurma Özel Şartları Bölümü Gemi Sörvey Kurulu Uzmanı).;f04b481e-0a81-ed11-8117-a0369f7d1486
2022;2;302010801;Bartın Üniversitesi;Bilgisayar İşletmeni;Bartın;Lisans;2;;84.101;84.312;"4421;3159;3213;4386;5106;8208;9113;9221;6225";4421 - Aşağıdaki lisans programlarından birinden mezun olmak. | 3159 - Ekonomi | 3213 - İktisat | 4386 - Uluslararası Ekonomi | 5106 - Ekonomi-Yönetim Bilimleri Programları | 8208 - İş İdaresi ve İktisat | 9113 - Ekonomi Politik ve Toplum Felsefesi | 9221 - Ekonomi ve İdari Bilimler / Ekonomi ve İdari Bilimler Programları | 6225 - M.E.B.'Dan Onaylı Bilgisayar İşletmeni Sertifikası Sahibi olmak.;2a51481e-0a81-ed11-8117-a0369f7d1486
2022;2;302013426;Şırnak Üniversitesi;Bilgisayar İşletmeni;Şırnak;Lisans;2;;84.1;84.221;"4421;3159;3213;4386;5106;8208;9113;9221;4426;5105;6229;4427;3158;9359;4431;3226;3227;3381;5123;5143;8207;8208;8296;8334;9552;9584;4453;3268;3269;3381;4322;5123;9115;9262;9308;4459;3254;4322;8225;4507;3115;3313;3315;3352;3353;4389;5116;5142;9506;9791;6225";4421 - Aşağıdaki lisans programlarından birinden mezun olmak. | 3159 - Ekonomi | 3213 - İktisat | 4386 - Uluslararası Ekonomi | 5106 - Ekonomi-Yönetim Bilimleri Programları | 8208 - İş İdaresi ve İktisat | 9113 - Ekonomi Politik ve Toplum Felsefesi | 9221 - Ekonomi ve İdari Bilimler / Ekonomi ve İdari Bilimler Programları | 4426 - Aşağıdaki lisans programlarından birinden mezun olmak. | 5105 - Ekonomi ve Finans | 6229 - İşletme-Ekonomi / İşletme-İktisat | 4427 - Aşağıdaki lisans programlarından birinden mezun olmak. | 3158 - Ekonometri | 9359 - Finansal Ekonometri | 4431 - Aşağıdaki lisans programlarından birinden mezun olmak. | 3226 - İşletme / İşletmecilik | 3227 - İşletme Bilgi Yönetimi | 3381 - Muhasebe ve Finansman | 5123 - Muhasebe ve Finansal Yönetim / Muhasebe ve Finans Yönetimi | 5143 - Yönetim Bilimleri / Yönetim Bilimleri Programları | 8207 - İş İdaresi | 8208 - İş İdaresi ve İktisat | 8296 - Yönetim ve Organizasyon | 8334 - Pazarlama | 9552 - İşletme-Maliye | 9584 - Yönetim Bilimleri ve Liderlik | 4453 - Aşağıdaki lisans programlarından birinden mezun olmak. | 3268 - Muhasebe | 3269 - Muhasebe Bilgi Sistemleri | 3381 - Muhasebe ve Finansman | 4322 - Muhasebe ve Maliye | 5123 - Muhasebe ve Finansal Yönetim / Muhasebe ve Finans Yönetimi | 9115 - Muhasebe ve Denetim | 9262 - Finans ve Muhasebe | 9308 - İşletme-Muhasebe ve Denetim | 4459 - Aşağıdaki lisans programlarından birinden mezun olmak. | 3254 - Maliye | 4322 - Muhasebe ve Maliye | 8225 - Maliye-Muhasebe | 4507 - Aşağıdaki lisans programlarından birinden mezun olmak. | 3115 - Avrupa Birliği İlişkileri | 3313 - Siyaset Bilimi | 3315 - Siyaset Bilimi ve Uluslararası İlişkiler | 3352 - Uluslararası İlişkiler | 3353 - Uluslararası İlişkiler ve Avrupa Birliği | 4389 - Uluslararası İlişkiler ve Avrupa Çalışmaları | 5116 - Küresel ve Uluslararası İlişkiler / Küresel Siyaset ve Uluslararası İlişkiler | 5142 - Toplumsal ve Siyasal Bilimler | 9506 - Uluslararası İlişkiler ve Deniz Güvenliği | 9791 - Uluslararası Çalışmalar | 6225 - M.E.B.'Dan Onaylı Bilgisayar İşletmeni Sertifikası Sahibi olmak.;2651481e-0a81-ed11-8117-a0369f7d1486
2022;2;302010290;Afet ve Acil Durum Yönetimi Başkanlığı;Mühendis;Bayburt;Lisans;1;;84.047;84.047;"4685;3206;4334;6235";4685 - Aşağıdaki lisans programlarından birinden mezun olmak. | 3206 - Hidrojeoloji Mühendisliği | 4334 - Petrol ve Doğalgaz Jeolojisi | 6235 - Jeoloji Mühendisliği;fb50481e-0a81-ed11-8117-a0369f7d1486
2022;2;302013328;Sivas İl Özel İdaresi;Veri Hazırlama ve Kontrol İşletmeni;Sivas;Lisans;6;;84.038;85.862;"4431;3226;3227;3381;5123;5143;8207;8208;8296;8334;9552;9584;6225";4431 - Aşağıdaki lisans programlarından birinden mezun olmak. | 3226 - İşletme / İşletmecilik | 3227 - İşletme Bilgi Yönetimi | 3381 - Muhasebe ve Finansman | 5123 - Muhasebe ve Finansal Yönetim / Muhasebe ve Finans Yönetimi | 5143 - Yönetim Bilimleri / Yönetim Bilimleri Programları | 8207 - İş İdaresi | 8208 - İş İdaresi ve İktisat | 8296 - Yönetim ve Organizasyon | 8334 - Pazarlama | 9552 - İşletme-Maliye | 9584 - Yönetim Bilimleri ve Liderlik | 6225 - M.E.B.'Dan Onaylı Bilgisayar İşletmeni Sertifikası Sahibi olmak.;1c50481e-0a81-ed11-8117-a0369f7d1486
2022;2;302015141;Türkiye Taşkömürü Kurumu Genel Müdürlüğü;Memur;Zonguldak;Lisans;1;;84.032;84.032;"4431;3226;3227;3381;5123;5143;8207;8208;8296;8334;9552;9584";4431 - Aşağıdaki lisans programlarından birinden mezun olmak. | 3226 - İşletme / İşletmecilik | 3227 - İşletme Bilgi Yönetimi | 3381 - Muhasebe ve Finansman | 5123 - Muhasebe ve Finansal Yönetim / Muhasebe ve Finans Yönetimi | 5143 - Yönetim Bilimleri / Yönetim Bilimleri Programları | 8207 - İş İdaresi | 8208 - İş İdaresi ve İktisat | 8296 - Yönetim ve Organizasyon | 8334 - Pazarlama | 9552 - İşletme-Maliye | 9584 - Yönetim Bilimleri ve Liderlik;ca50481e-0a81-ed11-8117-a0369f7d1486
2022;2;302011116;Çukurova Üniversitesi;Memur;Adana;Lisans;5;;84.029;89.052;"4421;3159;3213;4386;5106;8208;9113;9221;4431;3226;3227;3381;5123;5143;8207;8208;8296;8334;9552;9584";4421 - Aşağıdaki lisans programlarından birinden mezun olmak. | 3159 - Ekonomi | 3213 - İktisat | 4386 - Uluslararası Ekonomi | 5106 - Ekonomi-Yönetim Bilimleri Programları | 8208 - İş İdaresi ve İktisat | 9113 - Ekonomi Politik ve Toplum Felsefesi | 9221 - Ekonomi ve İdari Bilimler / Ekonomi ve İdari Bilimler Programları | 4431 - Aşağıdaki lisans programlarından birinden mezun olmak. | 3226 - İşletme / İşletmecilik | 3227 - İşletme Bilgi Yönetimi | 3381 - Muhasebe ve Finansman | 5123 - Muhasebe ve Finansal Yönetim / Muhasebe ve Finans Yönetimi | 5143 - Yönetim Bilimleri / Yönetim Bilimleri Programları | 8207 - İş İdaresi | 8208 - İş İdaresi ve İktisat | 8296 - Yönetim ve Organizasyon | 8334 - Pazarlama | 9552 - İşletme-Maliye | 9584 - Yönetim Bilimleri ve Liderlik;ec4b481e-0a81-ed11-8117-a0369f7d1486
2022;2;302015134;Türkiye Taşkömürü Kurumu Genel Müdürlüğü;Memur;Zonguldak;Lisans;12;;84.018;86.467;"4426;5105;6229;4431;3226;3227;3381;5123;5143;8207;8208;8296;8334;9552;9584;4453;3268;3269;3381;4322;5123;9115;9262;9308;4502;8328;9318;4503;3237;3313;3314";4426 - Aşağıdaki lisans programlarından birinden mezun olmak. | 5105 - Ekonomi ve Finans | 6229 - İşletme-Ekonomi / İşletme-İktisat | 4431 - Aşağıdaki lisans programlarından birinden mezun olmak. | 3226 - İşletme / İşletmecilik | 3227 - İşletme Bilgi Yönetimi | 3381 - Muhasebe ve Finansman | 5123 - Muhasebe ve Finansal Yönetim / Muhasebe ve Finans Yönetimi | 5143 - Yönetim Bilimleri / Yönetim Bilimleri Programları | 8207 - İş İdaresi | 8208 - İş İdaresi ve İktisat | 8296 - Yönetim ve Organizasyon | 8334 - Pazarlama | 9552 - İşletme-Maliye | 9584 - Yönetim Bilimleri ve Liderlik | 4453 - Aşağıdaki lisans programlarından birinden mezun olmak. | 3268 - Muhasebe | 3269 - Muhasebe Bilgi Sistemleri | 3381 - Muhasebe ve Finansman | 4322 - Muhasebe ve Maliye | 5123 - Muhasebe ve Finansal Yönetim / Muhasebe ve Finans Yönetimi | 9115 - Muhasebe ve Denetim | 9262 - Finans ve Muhasebe | 9308 - İşletme-Muhasebe ve Denetim | 4502 - Aşağıdaki lisans programlarından birinden mezun olmak. | 8328 - İnsan Kaynakları Yönetimi | 9318 - İnsan Kaynakları | 4503 - Aşağıdaki lisans programlarından birinden mezun olmak. | 3237 - Kamu Yönetimi | 3313 - Siyaset Bilimi | 3314 - Siyaset Bilimi ve Kamu Yönetimi;c950481e-0a81-ed11-8117-a0369f7d1486
2022;2;302014063;Tarsus Üniversitesi;Memur;Mersin;Lisans;2;;83.975;84.457;"4453;3268;3269;3381;4322;5123;9115;9262;9308;4459;3254;4322;8225";4453 - Aşağıdaki lisans programlarından birinden mezun olmak. | 3268 - Muhasebe | 3269 - Muhasebe Bilgi Sistemleri | 3381 - Muhasebe ve Finansman | 4322 - Muhasebe ve Maliye | 5123 - Muhasebe ve Finansal Yönetim / Muhasebe ve Finans Yönetimi | 9115 - Muhasebe ve Denetim | 9262 - Finans ve Muhasebe | 9308 - İşletme-Muhasebe ve Denetim | 4459 - Aşağıdaki lisans programlarından birinden mezun olmak. | 3254 - Maliye | 4322 - Muhasebe ve Maliye | 8225 - Maliye-Muhasebe;374e481e-0a81-ed11-8117-a0369f7d1486
2022;2;302013223;Siirt Üniversitesi;Veteriner Hekim;Siirt;Lisans;1;;83.963;83.963;"4607;6373";4607 - Aşağıdaki lisans programlarından birinden mezun olmak. | 6373 - Veteriner;f84f481e-0a81-ed11-8117-a0369f7d1486
2022;2;302015491;Ulaştırma ve Altyapı Bakanlığı;Denizcilik Sörvey Mühendisi;Muğla;Lisans;1;;83.909;83.909;"4736;3189;8322;7111;7337";4736 - Aşağıdaki lisans programlarından birinden mezun olmak. | 3189 - Gemi İnşaatı Mühendisliği | 8322 - Gemi İnşaat ve Gemi Makineleri Mühendisliği / Gemi İnşaatı ve Gemi Makineleri Mühendisliği | 7111 - Son 5 Yıl İçerisinde KPDS/YDS En Az C Seviyesinde İngilizce Bilmek. | 7337 - (Bakınız Başvurma Özel Şartları Bölümü Gemi Sörvey Kurulu Uzmanı).;9b4f481e-0a81-ed11-8117-a0369f7d1486
2022;2;302010885;Bilecik Şeyh Edebali Üniversitesi;Memur;Bilecik;Lisans;3;;83.901;85.529;"4429;3141;8312;4453;3268;3269;3381;4322;5123;9115;9262;9308;4459;3254;4322;8225";4429 - Aşağıdaki lisans programlarından birinden mezun olmak. | 3141 - Çalışma Ekonomisi ve Endüstri İlişkileri | 8312 - Çalışma Ekonomisi | 4453 - Aşağıdaki lisans programlarından birinden mezun olmak. | 3268 - Muhasebe | 3269 - Muhasebe Bilgi Sistemleri | 3381 - Muhasebe ve Finansman | 4322 - Muhasebe ve Maliye | 5123 - Muhasebe ve Finansal Yönetim / Muhasebe ve Finans Yönetimi | 9115 - Muhasebe ve Denetim | 9262 - Finans ve Muhasebe | 9308 - İşletme-Muhasebe ve Denetim | 4459 - Aşağıdaki lisans programlarından birinden mezun olmak. | 3254 - Maliye | 4322 - Muhasebe ve Maliye | 8225 - Maliye-Muhasebe;1a4d481e-0a81-ed11-8117-a0369f7d1486
2022;2;302015064;Türkiye Şeker Fabrikaları A.Ş. Genel Müdürlüğü;Mühendis;Kastamonu;Lisans;2;;83.89;85.408;"4825;5135;4845;3385;3386;4212;4370;6131;8147;8158;8220;9048;9190;9269;4846;9114;4849;1149;4853;3325;3383;3384;8221;8263;9423;4854;9106;4857;1292;3382;8261;6506;7248;7257";4825 - Aşağıdaki lisans programlarından birinden mezun olmak. | 5135 - Ziraat Mühendisliği | 4845 - Aşağıdaki lisans programlarından birinden mezun olmak. | 3385 - Tarla Bitkileri | 3386 - Toprak | 4212 - Bahçe ve Tarla Bitkileri | 4370 - Toprak Bilimi ve Tarım Kimyası | 6131 - Bitkisel Üretim | 8147 - Bahçe Bitkileri | 8158 - Bitki Koruma | 8220 - Kültür Bitkileri Üretimi ve Pazarlaması | 9048 - Toprak Bilimi ve Bitki Besleme | 9190 - Bahçe Bitkileri Üretimi ve Pazarlaması | 9269 - Bitkisel Üretim ve Teknolojileri | 4846 - Aşağıdaki lisans programlarından birinden mezun olmak. | 9114 - Biyosistem Mühendisliği | 4849 - Aşağıdaki lisans programlarından birinden mezun olmak. | 1149 - TOHUM BİLİMİ VE TEKNOLOJİSİ | 4853 - Aşağıdaki lisans programlarından birinden mezun olmak. | 3325 - Tarım Teknolojisi | 3383 - Tarım Makineleri | 3384 - Tarımsal Yapılar ve Sulama | 8221 - Kültürteknik | 8263 - Tarımsal Mekanizasyon | 9423 - Tarım Makineleri ve Teknolojileri Mühendisliği | 4854 - Aşağıdaki lisans programlarından birinden mezun olmak. | 9106 - Tarımsal Biyoteknoloji | 4857 - Aşağıdaki lisans programlarından birinden mezun olmak. | 1292 - Tarım Ticareti ve İşletmeciliği | 3382 - Tarım Ekonomisi | 8261 - Tarım İşletmeciliği | 6506 - B sınıfı sürücü belgesine sahip olmak | 7248 - Vardiyalı Çalışmasına Engel Bir Durumu Bulunmamak | 7257 - Seyahate ve Arazide Çalışmaya Elverişli olmak.;e34e481e-0a81-ed11-8117-a0369f7d1486
2022;2;302012908;Marmara Üniversitesi;Bilgisayar İşletmeni;İstanbul;Lisans;2;;83.84;86.42;"4421;3159;3213;4386;5106;8208;9113;9221;6225";4421 - Aşağıdaki lisans programlarından birinden mezun olmak. | 3159 - Ekonomi | 3213 - İktisat | 4386 - Uluslararası Ekonomi | 5106 - Ekonomi-Yönetim Bilimleri Programları | 8208 - İş İdaresi ve İktisat | 9113 - Ekonomi Politik ve Toplum Felsefesi | 9221 - Ekonomi ve İdari Bilimler / Ekonomi ve İdari Bilimler Programları | 6225 - M.E.B.'Dan Onaylı Bilgisayar İşletmeni Sertifikası Sahibi olmak.;684e481e-0a81-ed11-8117-a0369f7d1486
2022;2;302014882;Türkiye Şeker Fabrikaları A.Ş. Genel Müdürlüğü;Memur;Ankara;Lisans;2;;83.834;84.326;"4484;4393;9009;9378;7248";4484 - Aşağıdaki lisans programlarından birinden mezun olmak. | 4393 - Uluslararası Ticaret ve Lojistik Yönetimi | 9009 - Uluslararası Ticaret ve Lojistik | 9378 - Uluslararası Ticaret, Lojistik ve İşletmecilik | 7248 - Vardiyalı Çalışmasına Engel Bir Durumu Bulunmamak;d64c481e-0a81-ed11-8117-a0369f7d1486
2022;2;302011361;Devlet Demiryolları Taşımacılık A.Ş Genel Müdürlüğü;Memur;Mersin;Lisans;1;;83.82;83.82;"4478;3355;3356;5131;9108;9218;9282;4484;4393;9009;9378;4485;3354;5130;8222;9110;9376;9387;9415;7300;7368";4478 - Aşağıdaki lisans programlarından birinden mezun olmak. | 3355 - Uluslararası Ticaret | 3356 - Uluslararası Ticaret ve İşletmecilik | 5131 - Uluslararası Ticaret ve Finansman | 9108 - Uluslararası İşletmecilik ve Ticaret | 9218 - Uluslararası Ticaret ve Pazarlama | 9282 - Uluslararası Ticaret ve Finans | 4484 - Aşağıdaki lisans programlarından birinden mezun olmak. | 4393 - Uluslararası Ticaret ve Lojistik Yönetimi | 9009 - Uluslararası Ticaret ve Lojistik | 9378 - Uluslararası Ticaret, Lojistik ve İşletmecilik | 4485 - Aşağıdaki lisans programlarından birinden mezun olmak. | 3354 - Uluslararası Lojistik ve Taşımacılık / Uluslararası Lojistik | 5130 - Ulaştırma ve Lojistik | 8222 - Lojistik Yönetimi | 9110 - Uluslararası Lojistik Yönetimi | 9376 - Lojistik | 9387 - Lojistik ve Taşımacılık | 9415 - Ulaştırma ve Lojistik Yönetimi | 7300 - Bu kadro/pozisyonda vardiya sistemi uygulanmaktadır. | 7368 - (Bakınız Başvurma Özel Şartları Bölümü T.C. Devlet Demiryolları Taşımacılık A.Ş. Genel Müdürlüğü);3a4e481e-0a81-ed11-8117-a0369f7d1486
2022;2;302013552;T.C.Devlet Demiryolları İşletmesi Genel Müdürlüğü;Hareket Memuru;Konya;Lisans;1;;83.816;83.816;"4441;4367;4443;3270;8134;8209;8211;8234;8267;4480;9118;9425;4484;4393;9009;9378;4485;3354;5130;8222;9110;9376;9387;9415;4491;1286;4517;4395;5107;6256;4524;3224;4525;3223;8229;4527;3256;3258;8228;8230;8277;4535;3128;3129;8152;8310;8347;9150;7257;7300;7327";4441 - Aşağıdaki lisans programlarından birinden mezun olmak. | 4367 - Ticaret Ekonomisi | 4443 - Aşağıdaki lisans programlarından birinden mezun olmak. | 3270 - Muhasebe ve Finansman Öğretmenliği | 8134 - İşletme Öğretmenliği | 8209 - İş Yönetimi ve Ticaret Eğitimi Öğretmenliği / İş Yönetimi ve Ticaret Öğretmenliği | 8211 - İşletme, Muhasebe ve Ticaret Öğretmenliği | 8234 - Muhasebe-İşletme Öğretmenliği | 8267 - Ticaret - İş Eğitimi Öğretmenliği | 4480 - Aşağıdaki lisans programlarından birinden mezun olmak. | 9118 - Gümrük İşletme | 9425 - Gümrük İşletmeciliği | 4484 - Aşağıdaki lisans programlarından birinden mezun olmak. | 4393 - Uluslararası Ticaret ve Lojistik Yönetimi | 9009 - Uluslararası Ticaret ve Lojistik | 9378 - Uluslararası Ticaret, Lojistik ve İşletmecilik | 4485 - Aşağıdaki lisans programlarından birinden mezun olmak. | 3354 - Uluslararası Lojistik ve Taşımacılık / Uluslararası Lojistik | 5130 - Ulaştırma ve Lojistik | 8222 - Lojistik Yönetimi | 9110 - Uluslararası Lojistik Yönetimi | 9376 - Lojistik | 9387 - Lojistik ve Taşımacılık | 9415 - Ulaştırma ve Lojistik Yönetimi | 4491 - Aşağıdaki lisans programlarından birinden mezun olmak. | 1286 - ULUSLARARASI ULAŞTIRMA SİSTEMLERİ | 4517 - Aşağıdaki lisans programlarından birinden mezun olmak. | 4395 - Uygulamalı Matematik | 5107 - Finans Matematiği | 6256 - Matematik | 4524 - Aşağıdaki lisans programlarından birinden mezun olmak. | 3224 - İstatistik ve Bilgisayar Bilimleri | 4525 - Aşağıdaki lisans programlarından birinden mezun olmak. | 3223 - İstatistik | 8229 - Matematik ve İstatistik | 4527 - Aşağıdaki lisans programlarından birinden mezun olmak. | 3256 - Matematik ve Bilgisayar Bilimleri | 3258 - Matematik ve Bilgisayar / Matematik-Bilgisayar | 8228 - Matematik ve İnformatik / Matematik-İnformatik | 8230 - Matematik-Bilgisayar Programcılığı | 8277 - Uygulamalı Matematik ve Bilgisayar | 4535 - Aşağıdaki lisans programlarından birinden mezun olmak. | 3128 - Bilgisayar ve Kontrol Öğretmenliği | 3129 - Bilgisayar ve Öğretim Teknolojileri Öğretmenliği | 8152 - Bilgisayar Teknolojisi Öğretmenliği | 8310 - Bilgisayar ve Öğretim Teknolojileri Öğretimi | 8347 - Kontrol Öğretmenliği | 9150 - Bilgisayar ve Öğretim Teknolojileri Eğitimi | 7257 - Seyahate ve Arazide Çalışmaya Elverişli olmak. | 7300 - Bu kadro/pozisyonda vardiya sistemi uygulanmaktadır. | 7327 - (Bakınız Başvurma Özel Şartları Bölümü TCDD Genel Müdürlüğü).;334f481e-0a81-ed11-8117-a0369f7d1486
2022;2;302010556;Afyonkarahisar Sağlık Bilimleri Üniversitesi;Veri Hazırlama ve Kontrol İşletmeni;Afyonkarahisar;Lisans;1;;83.766;83.766;"4431;3226;3227;3381;5123;5143;8207;8208;8296;8334;9552;9584";4431 - Aşağıdaki lisans programlarından birinden mezun olmak. | 3226 - İşletme / İşletmecilik | 3227 - İşletme Bilgi Yönetimi | 3381 - Muhasebe ve Finansman | 5123 - Muhasebe ve Finansal Yönetim / Muhasebe ve Finans Yönetimi | 5143 - Yönetim Bilimleri / Yönetim Bilimleri Programları | 8207 - İş İdaresi | 8208 - İş İdaresi ve İktisat | 8296 - Yönetim ve Organizasyon | 8334 - Pazarlama | 9552 - İşletme-Maliye | 9584 - Yönetim Bilimleri ve Liderlik;0f4c481e-0a81-ed11-8117-a0369f7d1486
2022;2;302013153;Recep Tayyip Erdoğan Üniversitesi;Bilgisayar İşletmeni;Rize;Lisans;8;;83.723;88.415;"4426;5105;6229;4431;3226;3227;3381;5123;5143;8207;8208;8296;8334;9552;9584;4443;3270;8134;8209;8211;8234;8267;4445;8334;4453;3268;3269;3381;4322;5123;9115;9262;9308;4459;3254;4322;8225;4465;3117;3118;4294;6119;9371;9463;9988;4502;8328;9318;4503;3237;3313;3314;6225";4426 - Aşağıdaki lisans programlarından birinden mezun olmak. | 5105 - Ekonomi ve Finans | 6229 - İşletme-Ekonomi / İşletme-İktisat | 4431 - Aşağıdaki lisans programlarından birinden mezun olmak. | 3226 - İşletme / İşletmecilik | 3227 - İşletme Bilgi Yönetimi | 3381 - Muhasebe ve Finansman | 5123 - Muhasebe ve Finansal Yönetim / Muhasebe ve Finans Yönetimi | 5143 - Yönetim Bilimleri / Yönetim Bilimleri Programları | 8207 - İş İdaresi | 8208 - İş İdaresi ve İktisat | 8296 - Yönetim ve Organizasyon | 8334 - Pazarlama | 9552 - İşletme-Maliye | 9584 - Yönetim Bilimleri ve Liderlik | 4443 - Aşağıdaki lisans programlarından birinden mezun olmak. | 3270 - Muhasebe ve Finansman Öğretmenliği | 8134 - İşletme Öğretmenliği | 8209 - İş Yönetimi ve Ticaret Eğitimi Öğretmenliği / İş Yönetimi ve Ticaret Öğretmenliği | 8211 - İşletme, Muhasebe ve Ticaret Öğretmenliği | 8234 - Muhasebe-İşletme Öğretmenliği | 8267 - Ticaret - İş Eğitimi Öğretmenliği | 4445 - Aşağıdaki lisans programlarından birinden mezun olmak. | 8334 - Pazarlama | 4453 - Aşağıdaki lisans programlarından birinden mezun olmak. | 3268 - Muhasebe | 3269 - Muhasebe Bilgi Sistemleri | 3381 - Muhasebe ve Finansman | 4322 - Muhasebe ve Maliye | 5123 - Muhasebe ve Finansal Yönetim / Muhasebe ve Finans Yönetimi | 9115 - Muhasebe ve Denetim | 9262 - Finans ve Muhasebe | 9308 - İşletme-Muhasebe ve Denetim | 4459 - Aşağıdaki lisans programlarından birinden mezun olmak. | 3254 - Maliye | 4322 - Muhasebe ve Maliye | 8225 - Maliye-Muhasebe | 4465 - Aşağıdaki lisans programlarından birinden mezun olmak. | 3117 - Bankacılık | 3118 - Bankacılık Finans | 4294 - İşletme Ekonomisi | 6119 - Bankacılık ve Finans / Bankacılık ve Finansman | 9371 - Finans ve Bankacılık | 9463 - İşletme Ekonomisi ve Finans | 9988 - Bankacılık ve Finans | 4502 - Aşağıdaki lisans programlarından birinden mezun olmak. | 8328 - İnsan Kaynakları Yönetimi | 9318 - İnsan Kaynakları | 4503 - Aşağıdaki lisans programlarından birinden mezun olmak. | 3237 - Kamu Yönetimi | 3313 - Siyaset Bilimi | 3314 - Siyaset Bilimi ve Kamu Yönetimi | 6225 - M.E.B.'Dan Onaylı Bilgisayar İşletmeni Sertifikası Sahibi olmak.;d24f481e-0a81-ed11-8117-a0369f7d1486
2022;2;302012719;Kilis 7 Aralık Üniversitesi;Memur;Kilis;Lisans;1;;83.709;83.709;"4503;3237;3313;3314";4503 - Aşağıdaki lisans programlarından birinden mezun olmak. | 3237 - Kamu Yönetimi | 3313 - Siyaset Bilimi | 3314 - Siyaset Bilimi ve Kamu Yönetimi;6251481e-0a81-ed11-8117-a0369f7d1486
2022;2;302013608;T.C.Devlet Demiryolları İşletmesi Genel Müdürlüğü;Memur;Ankara;Lisans;4;;83.673;85.06;"4429;3141;8312;7300;7327";4429 - Aşağıdaki lisans programlarından birinden mezun olmak. | 3141 - Çalışma Ekonomisi ve Endüstri İlişkileri | 8312 - Çalışma Ekonomisi | 7300 - Bu kadro/pozisyonda vardiya sistemi uygulanmaktadır. | 7327 - (Bakınız Başvurma Özel Şartları Bölümü TCDD Genel Müdürlüğü).;534c481e-0a81-ed11-8117-a0369f7d1486
2022;2;302013685;T.C.Devlet Demiryolları İşletmesi Genel Müdürlüğü;Sürveyan;Sakarya;Lisans;1;;83.669;83.669;"4613;3161;8180;9766;4621;3164;3167;4252;4253;6165;8181;9484;7257;7300;7327";4613 - Aşağıdaki lisans programlarından birinden mezun olmak. | 3161 - Elektrik Öğretmenliği | 8180 - Elektrik İşleri Öğretmenliği | 9766 - Elektrik Eğitimi | 4621 - Aşağıdaki lisans programlarından birinden mezun olmak. | 3164 - Elektronik Öğretmenliği | 3167 - Elektronik ve Haberleşme Öğretmenliği | 4252 - Elektronik | 4253 - Elektronik ve Telekomünikasyon | 6165 - Elektronik ve Bilgisayar Öğretmenliği | 8181 - Elektronik İşleri Öğretmenliği | 9484 - Endüstriyet Elektronik Teknolojisi Öğretmenliği | 7257 - Seyahate ve Arazide Çalışmaya Elverişli olmak. | 7300 - Bu kadro/pozisyonda vardiya sistemi uygulanmaktadır. | 7327 - (Bakınız Başvurma Özel Şartları Bölümü TCDD Genel Müdürlüğü).;d74f481e-0a81-ed11-8117-a0369f7d1486
2022;2;302013006;Mimar Sinan Güzel Sanatlar Üniversitesi;Restoratör;İstanbul;Lisans;1;;83.574;83.574;"4749;7141;8251;9141;9433;4750;9350";4749 - Aşağıdaki lisans programlarından birinden mezun olmak. | 7141 - Taşınabilir Kültür Varlıklarını Koruma ve Onarım | 8251 - Restorasyon | 9141 - Kültür Varlıklarını Koruma ve Onarım | 9433 - Restorasyon ve Koservasyon | 4750 - Aşağıdaki lisans programlarından birinden mezun olmak. | 9350 - Sanat Eserleri Konservasyonu ve Restorasyonu;654e481e-0a81-ed11-8117-a0369f7d1486
2022;2;302015092;Türkiye Şeker Fabrikaları A.Ş. Genel Müdürlüğü;Mühendis;Malatya;Lisans;1;;83.572;83.572;"4825;5135;4845;3385;3386;4212;4370;6131;8147;8158;8220;9048;9190;9269;4846;9114;4849;1149;4853;3325;3383;3384;8221;8263;9423;4854;9106;4857;1292;3382;8261;6506;7248;7257";4825 - Aşağıdaki lisans programlarından birinden mezun olmak. | 5135 - Ziraat Mühendisliği | 4845 - Aşağıdaki lisans programlarından birinden mezun olmak. | 3385 - Tarla Bitkileri | 3386 - Toprak | 4212 - Bahçe ve Tarla Bitkileri | 4370 - Toprak Bilimi ve Tarım Kimyası | 6131 - Bitkisel Üretim | 8147 - Bahçe Bitkileri | 8158 - Bitki Koruma | 8220 - Kültür Bitkileri Üretimi ve Pazarlaması | 9048 - Toprak Bilimi ve Bitki Besleme | 9190 - Bahçe Bitkileri Üretimi ve Pazarlaması | 9269 - Bitkisel Üretim ve Teknolojileri | 4846 - Aşağıdaki lisans programlarından birinden mezun olmak. | 9114 - Biyosistem Mühendisliği | 4849 - Aşağıdaki lisans programlarından birinden mezun olmak. | 1149 - TOHUM BİLİMİ VE TEKNOLOJİSİ | 4853 - Aşağıdaki lisans programlarından birinden mezun olmak. | 3325 - Tarım Teknolojisi | 3383 - Tarım Makineleri | 3384 - Tarımsal Yapılar ve Sulama | 8221 - Kültürteknik | 8263 - Tarımsal Mekanizasyon | 9423 - Tarım Makineleri ve Teknolojileri Mühendisliği | 4854 - Aşağıdaki lisans programlarından birinden mezun olmak. | 9106 - Tarımsal Biyoteknoloji | 4857 - Aşağıdaki lisans programlarından birinden mezun olmak. | 1292 - Tarım Ticareti ve İşletmeciliği | 3382 - Tarım Ekonomisi | 8261 - Tarım İşletmeciliği | 6506 - B sınıfı sürücü belgesine sahip olmak | 7248 - Vardiyalı Çalışmasına Engel Bir Durumu Bulunmamak | 7257 - Seyahate ve Arazide Çalışmaya Elverişli olmak.;714f481e-0a81-ed11-8117-a0369f7d1486
2022;2;302014301;Toprak Mahsulleri Ofisi Genel Müdürlüğü;Mühendis;Bitlis;Lisans;1;;83.568;83.568;"4845;3385;3386;4212;4370;6131;8147;8158;8220;9048;9190;9269;7324";4845 - Aşağıdaki lisans programlarından birinden mezun olmak. | 3385 - Tarla Bitkileri | 3386 - Toprak | 4212 - Bahçe ve Tarla Bitkileri | 4370 - Toprak Bilimi ve Tarım Kimyası | 6131 - Bitkisel Üretim | 8147 - Bahçe Bitkileri | 8158 - Bitki Koruma | 8220 - Kültür Bitkileri Üretimi ve Pazarlaması | 9048 - Toprak Bilimi ve Bitki Besleme | 9190 - Bahçe Bitkileri Üretimi ve Pazarlaması | 9269 - Bitkisel Üretim ve Teknolojileri | 7324 - (Bakınız Başvurma Özel Şartları Bölümü Toprak Mahsulleri Ofisi Genel Müdürlüğü).;304d481e-0a81-ed11-8117-a0369f7d1486
2022;2;302011851;Doğu Anadolu Projesi Bölge Kalkınma İdaresi Başkanlığı;Mühendis;Erzurum;Lisans;1;;83.548;83.548;"4831;3202;8258;8289;9455;7257";4831 - Aşağıdaki lisans programlarından birinden mezun olmak. | 3202 - Hayvansal Üretim | 8258 - Süt Teknolojisi | 8289 - Zootekni / Zooteknik | 9455 - Hayvansal Üretim ve Teknolojileri | 7257 - Seyahate ve Arazide Çalışmaya Elverişli olmak.;be4d481e-0a81-ed11-8117-a0369f7d1486
2022;2;302010717;Artvin Çoruh Üniversitesi;Bilgisayar İşletmeni;Artvin;Lisans;2;;83.542;83.74;"4453;3268;3269;3381;4322;5123;9115;9262;9308;4459;3254;4322;8225;4503;3237;3313;3314;6225";4453 - Aşağıdaki lisans programlarından birinden mezun olmak. | 3268 - Muhasebe | 3269 - Muhasebe Bilgi Sistemleri | 3381 - Muhasebe ve Finansman | 4322 - Muhasebe ve Maliye | 5123 - Muhasebe ve Finansal Yönetim / Muhasebe ve Finans Yönetimi | 9115 - Muhasebe ve Denetim | 9262 - Finans ve Muhasebe | 9308 - İşletme-Muhasebe ve Denetim | 4459 - Aşağıdaki lisans programlarından birinden mezun olmak. | 3254 - Maliye | 4322 - Muhasebe ve Maliye | 8225 - Maliye-Muhasebe | 4503 - Aşağıdaki lisans programlarından birinden mezun olmak. | 3237 - Kamu Yönetimi | 3313 - Siyaset Bilimi | 3314 - Siyaset Bilimi ve Kamu Yönetimi | 6225 - M.E.B.'Dan Onaylı Bilgisayar İşletmeni Sertifikası Sahibi olmak.;ee4c481e-0a81-ed11-8117-a0369f7d1486
2022;2;302010276;Afet ve Acil Durum Yönetimi Başkanlığı;Mühendis;Ardahan;Lisans;1;;83.508;83.508;"4685;3206;4334;6235";4685 - Aşağıdaki lisans programlarından birinden mezun olmak. | 3206 - Hidrojeoloji Mühendisliği | 4334 - Petrol ve Doğalgaz Jeolojisi | 6235 - Jeoloji Mühendisliği;3451481e-0a81-ed11-8117-a0369f7d1486
2022;2;302014399;Toprak Mahsulleri Ofisi Genel Müdürlüğü;Mühendis;Samsun;Lisans;1;;83.508;83.508;"4845;3385;3386;4212;4370;6131;8147;8158;8220;9048;9190;9269;7324";4845 - Aşağıdaki lisans programlarından birinden mezun olmak. | 3385 - Tarla Bitkileri | 3386 - Toprak | 4212 - Bahçe ve Tarla Bitkileri | 4370 - Toprak Bilimi ve Tarım Kimyası | 6131 - Bitkisel Üretim | 8147 - Bahçe Bitkileri | 8158 - Bitki Koruma | 8220 - Kültür Bitkileri Üretimi ve Pazarlaması | 9048 - Toprak Bilimi ve Bitki Besleme | 9190 - Bahçe Bitkileri Üretimi ve Pazarlaması | 9269 - Bitkisel Üretim ve Teknolojileri | 7324 - (Bakınız Başvurma Özel Şartları Bölümü Toprak Mahsulleri Ofisi Genel Müdürlüğü).;f14f481e-0a81-ed11-8117-a0369f7d1486
2022;2;302010409;Afet ve Acil Durum Yönetimi Başkanlığı;Mühendis;Malatya;Lisans;1;;83.499;83.499;"4681;3234";4681 - Aşağıdaki lisans programlarından birinden mezun olmak. | 3234 - Jeofizik Mühendisliği;594f481e-0a81-ed11-8117-a0369f7d1486
2022;2;302012558;Kahramanmaraş İstiklal Üniversitesi;Kütüphaneci;Kahramanmaraş;Lisans;1;;83.49;83.49;"4099;3113;3153;3248;4309;8144";4099 - Aşağıdaki lisans programlarından birinden mezun olmak. | 3113 - Arşivcilik | 3153 - Dokümantasyon ve Enformasyon | 3248 - Kütüphanecilik | 4309 - Kütüphanecilik ve Bilgi Çalışmaları | 8144 - Bilgi ve Belge Yönetimi;804f481e-0a81-ed11-8117-a0369f7d1486
2022;2;302010339;Afet ve Acil Durum Yönetimi Başkanlığı;Mühendis;Eskişehir;Lisans;1;;83.479;83.479;"4681;3234";4681 - Aşağıdaki lisans programlarından birinden mezun olmak. | 3234 - Jeofizik Mühendisliği;cf4d481e-0a81-ed11-8117-a0369f7d1486
2022;2;302013706;T.C.Devlet Demiryolları İşletmesi Genel Müdürlüğü;Sürveyan;Yozgat;Lisans;1;;83.464;83.464;"4517;4395;5107;6256;4631;5120;4665;3359;3360;8284;8285;9488;9545;4687;4297;4298;9515;4694;9468;4699;3154;8172;7257;7300;7327";4517 - Aşağıdaki lisans programlarından birinden mezun olmak. | 4395 - Uygulamalı Matematik | 5107 - Finans Matematiği | 6256 - Matematik | 4631 - Aşağıdaki lisans programlarından birinden mezun olmak. | 5120 - Mekatronik Öğretmenliği | 4665 - Aşağıdaki lisans programlarından birinden mezun olmak. | 3359 - Yapı Öğretmenliği | 3360 - Yapı Ressamlığı Öğretmenliği | 8284 - Yapı İşleri Öğretmenliği | 8285 - Yapı Tasarımı Öğretmenliği | 9488 - Altyapu | 9545 - ALT YAPI EĞİTİMİ | 4687 - Aşağıdaki lisans programlarından birinden mezun olmak. | 4297 - Jeodezi | 4298 - Jeodezi ve Haritacılık | 9515 - Jeodezi ve Fotogrametri | 4694 - Aşağıdaki lisans programlarından birinden mezun olmak. | 9468 - Malzeme Bilimi ve Teknolojileri | 4699 - Aşağıdaki lisans programlarından birinden mezun olmak. | 3154 - Döküm Öğretmenliği | 8172 - Döküm İşleri Öğretmenliği | 7257 - Seyahate ve Arazide Çalışmaya Elverişli olmak. | 7300 - Bu kadro/pozisyonda vardiya sistemi uygulanmaktadır. | 7327 - (Bakınız Başvurma Özel Şartları Bölümü TCDD Genel Müdürlüğü).;a750481e-0a81-ed11-8117-a0369f7d1486
2022;2;302014735;Türkiye Kömür İşletmeleri Kurumu Genel Müdürlüğü;Mühendis;Kütahya;Lisans;3;;83.457;84.128;"4685;3206;4334;6235;7247;7248;7257";4685 - Aşağıdaki lisans programlarından birinden mezun olmak. | 3206 - Hidrojeoloji Mühendisliği | 4334 - Petrol ve Doğalgaz Jeolojisi | 6235 - Jeoloji Mühendisliği | 7247 - Tehlikeli Ve Çok Tehlikeli İşlerde Çalışmasına Engel Bir Durumu Bulunmamak | 7248 - Vardiyalı Çalışmasına Engel Bir Durumu Bulunmamak | 7257 - Seyahate ve Arazide Çalışmaya Elverişli olmak.;544f481e-0a81-ed11-8117-a0369f7d1486
2022;2;302012299;Gümüşhane Üniversitesi;Memur;Gümüşhane;Lisans;1;;83.448;83.448;"4429;3141;8312;4431;3226;3227;3381;5123;5143;8207;8208;8296;8334;9552;9584;4503;3237;3313;3314";4429 - Aşağıdaki lisans programlarından birinden mezun olmak. | 3141 - Çalışma Ekonomisi ve Endüstri İlişkileri | 8312 - Çalışma Ekonomisi | 4431 - Aşağıdaki lisans programlarından birinden mezun olmak. | 3226 - İşletme / İşletmecilik | 3227 - İşletme Bilgi Yönetimi | 3381 - Muhasebe ve Finansman | 5123 - Muhasebe ve Finansal Yönetim / Muhasebe ve Finans Yönetimi | 5143 - Yönetim Bilimleri / Yönetim Bilimleri Programları | 8207 - İş İdaresi | 8208 - İş İdaresi ve İktisat | 8296 - Yönetim ve Organizasyon | 8334 - Pazarlama | 9552 - İşletme-Maliye | 9584 - Yönetim Bilimleri ve Liderlik | 4503 - Aşağıdaki lisans programlarından birinden mezun olmak. | 3237 - Kamu Yönetimi | 3313 - Siyaset Bilimi | 3314 - Siyaset Bilimi ve Kamu Yönetimi;064e481e-0a81-ed11-8117-a0369f7d1486
2022;2;302015113;Türkiye Şeker Fabrikaları A.Ş. Genel Müdürlüğü;Mühendis;Van;Lisans;2;;83.361;85.83;"4825;5135;4845;3385;3386;4212;4370;6131;8147;8158;8220;9048;9190;9269;4846;9114;4849;1149;4853;3325;3383;3384;8221;8263;9423;4854;9106;4857;1292;3382;8261;6506;7248;7257";4825 - Aşağıdaki lisans programlarından birinden mezun olmak. | 5135 - Ziraat Mühendisliği | 4845 - Aşağıdaki lisans programlarından birinden mezun olmak. | 3385 - Tarla Bitkileri | 3386 - Toprak | 4212 - Bahçe ve Tarla Bitkileri | 4370 - Toprak Bilimi ve Tarım Kimyası | 6131 - Bitkisel Üretim | 8147 - Bahçe Bitkileri | 8158 - Bitki Koruma | 8220 - Kültür Bitkileri Üretimi ve Pazarlaması | 9048 - Toprak Bilimi ve Bitki Besleme | 9190 - Bahçe Bitkileri Üretimi ve Pazarlaması | 9269 - Bitkisel Üretim ve Teknolojileri | 4846 - Aşağıdaki lisans programlarından birinden mezun olmak. | 9114 - Biyosistem Mühendisliği | 4849 - Aşağıdaki lisans programlarından birinden mezun olmak. | 1149 - TOHUM BİLİMİ VE TEKNOLOJİSİ | 4853 - Aşağıdaki lisans programlarından birinden mezun olmak. | 3325 - Tarım Teknolojisi | 3383 - Tarım Makineleri | 3384 - Tarımsal Yapılar ve Sulama | 8221 - Kültürteknik | 8263 - Tarımsal Mekanizasyon | 9423 - Tarım Makineleri ve Teknolojileri Mühendisliği | 4854 - Aşağıdaki lisans programlarından birinden mezun olmak. | 9106 - Tarımsal Biyoteknoloji | 4857 - Aşağıdaki lisans programlarından birinden mezun olmak. | 1292 - Tarım Ticareti ve İşletmeciliği | 3382 - Tarım Ekonomisi | 8261 - Tarım İşletmeciliği | 6506 - B sınıfı sürücü belgesine sahip olmak | 7248 - Vardiyalı Çalışmasına Engel Bir Durumu Bulunmamak | 7257 - Seyahate ve Arazide Çalışmaya Elverişli olmak.;9150481e-0a81-ed11-8117-a0369f7d1486
2022;2;302014287;Toprak Mahsulleri Ofisi Genel Müdürlüğü;Mühendis;Ankara;Lisans;1;;83.355;83.355;"4845;3385;3386;4212;4370;6131;8147;8158;8220;9048;9190;9269;7324";4845 - Aşağıdaki lisans programlarından birinden mezun olmak. | 3385 - Tarla Bitkileri | 3386 - Toprak | 4212 - Bahçe ve Tarla Bitkileri | 4370 - Toprak Bilimi ve Tarım Kimyası | 6131 - Bitkisel Üretim | 8147 - Bahçe Bitkileri | 8158 - Bitki Koruma | 8220 - Kültür Bitkileri Üretimi ve Pazarlaması | 9048 - Toprak Bilimi ve Bitki Besleme | 9190 - Bahçe Bitkileri Üretimi ve Pazarlaması | 9269 - Bitkisel Üretim ve Teknolojileri | 7324 - (Bakınız Başvurma Özel Şartları Bölümü Toprak Mahsulleri Ofisi Genel Müdürlüğü).;404c481e-0a81-ed11-8117-a0369f7d1486
2022;2;302012712;Kilis 7 Aralık Üniversitesi;Memur;Kilis;Lisans;1;;83.352;83.352;"4459;3254;4322;8225";4459 - Aşağıdaki lisans programlarından birinden mezun olmak. | 3254 - Maliye | 4322 - Muhasebe ve Maliye | 8225 - Maliye-Muhasebe;6151481e-0a81-ed11-8117-a0369f7d1486
2022;2;302010318;Afet ve Acil Durum Yönetimi Başkanlığı;Mühendis;Düzce;Lisans;1;;83.34;83.34;"4681;3234";4681 - Aşağıdaki lisans programlarından birinden mezun olmak. | 3234 - Jeofizik Mühendisliği;6d51481e-0a81-ed11-8117-a0369f7d1486
2022;2;302014357;Toprak Mahsulleri Ofisi Genel Müdürlüğü;Mühendis;Kocaeli;Lisans;2;;83.338;83.395;"4845;3385;3386;4212;4370;6131;8147;8158;8220;9048;9190;9269;7324";4845 - Aşağıdaki lisans programlarından birinden mezun olmak. | 3385 - Tarla Bitkileri | 3386 - Toprak | 4212 - Bahçe ve Tarla Bitkileri | 4370 - Toprak Bilimi ve Tarım Kimyası | 6131 - Bitkisel Üretim | 8147 - Bahçe Bitkileri | 8158 - Bitki Koruma | 8220 - Kültür Bitkileri Üretimi ve Pazarlaması | 9048 - Toprak Bilimi ve Bitki Besleme | 9190 - Bahçe Bitkileri Üretimi ve Pazarlaması | 9269 - Bitkisel Üretim ve Teknolojileri | 7324 - (Bakınız Başvurma Özel Şartları Bölümü Toprak Mahsulleri Ofisi Genel Müdürlüğü).;194f481e-0a81-ed11-8117-a0369f7d1486
2022;2;302013720;T.C.Devlet Demiryolları İşletmesi Genel Müdürlüğü;Tren Teşkil Memuru;Aydın;Lisans;1;;83.326;83.326;"4441;4367;4443;3270;8134;8209;8211;8234;8267;4480;9118;9425;4484;4393;9009;9378;4485;3354;5130;8222;9110;9376;9387;9415;4491;1286;4517;4395;5107;6256;4524;3224;4525;3223;8229;4527;3256;3258;8228;8230;8277;4535;3128;3129;8152;8310;8347;9150;7257;7300;7327";4441 - Aşağıdaki lisans programlarından birinden mezun olmak. | 4367 - Ticaret Ekonomisi | 4443 - Aşağıdaki lisans programlarından birinden mezun olmak. | 3270 - Muhasebe ve Finansman Öğretmenliği | 8134 - İşletme Öğretmenliği | 8209 - İş Yönetimi ve Ticaret Eğitimi Öğretmenliği / İş Yönetimi ve Ticaret Öğretmenliği | 8211 - İşletme, Muhasebe ve Ticaret Öğretmenliği | 8234 - Muhasebe-İşletme Öğretmenliği | 8267 - Ticaret - İş Eğitimi Öğretmenliği | 4480 - Aşağıdaki lisans programlarından birinden mezun olmak. | 9118 - Gümrük İşletme | 9425 - Gümrük İşletmeciliği | 4484 - Aşağıdaki lisans programlarından birinden mezun olmak. | 4393 - Uluslararası Ticaret ve Lojistik Yönetimi | 9009 - Uluslararası Ticaret ve Lojistik | 9378 - Uluslararası Ticaret, Lojistik ve İşletmecilik | 4485 - Aşağıdaki lisans programlarından birinden mezun olmak. | 3354 - Uluslararası Lojistik ve Taşımacılık / Uluslararası Lojistik | 5130 - Ulaştırma ve Lojistik | 8222 - Lojistik Yönetimi | 9110 - Uluslararası Lojistik Yönetimi | 9376 - Lojistik | 9387 - Lojistik ve Taşımacılık | 9415 - Ulaştırma ve Lojistik Yönetimi | 4491 - Aşağıdaki lisans programlarından birinden mezun olmak. | 1286 - ULUSLARARASI ULAŞTIRMA SİSTEMLERİ | 4517 - Aşağıdaki lisans programlarından birinden mezun olmak. | 4395 - Uygulamalı Matematik | 5107 - Finans Matematiği | 6256 - Matematik | 4524 - Aşağıdaki lisans programlarından birinden mezun olmak. | 3224 - İstatistik ve Bilgisayar Bilimleri | 4525 - Aşağıdaki lisans programlarından birinden mezun olmak. | 3223 - İstatistik | 8229 - Matematik ve İstatistik | 4527 - Aşağıdaki lisans programlarından birinden mezun olmak. | 3256 - Matematik ve Bilgisayar Bilimleri | 3258 - Matematik ve Bilgisayar / Matematik-Bilgisayar | 8228 - Matematik ve İnformatik / Matematik-İnformatik | 8230 - Matematik-Bilgisayar Programcılığı | 8277 - Uygulamalı Matematik ve Bilgisayar | 4535 - Aşağıdaki lisans programlarından birinden mezun olmak. | 3128 - Bilgisayar ve Kontrol Öğretmenliği | 3129 - Bilgisayar ve Öğretim Teknolojileri Öğretmenliği | 8152 - Bilgisayar Teknolojisi Öğretmenliği | 8310 - Bilgisayar ve Öğretim Teknolojileri Öğretimi | 8347 - Kontrol Öğretmenliği | 9150 - Bilgisayar ve Öğretim Teknolojileri Eğitimi | 7257 - Seyahate ve Arazide Çalışmaya Elverişli olmak. | 7300 - Bu kadro/pozisyonda vardiya sistemi uygulanmaktadır. | 7327 - (Bakınız Başvurma Özel Şartları Bölümü TCDD Genel Müdürlüğü).;ff4c481e-0a81-ed11-8117-a0369f7d1486
2022;2;302013405;Şehitkamil Belediye Başkanlığı;Veznedar;Gaziantep;Lisans;2;;83.318;85.003;"4453;3268;3269;3381;4322;5123;9115;9262;9308;4459;3254;4322;8225";4453 - Aşağıdaki lisans programlarından birinden mezun olmak. | 3268 - Muhasebe | 3269 - Muhasebe Bilgi Sistemleri | 3381 - Muhasebe ve Finansman | 4322 - Muhasebe ve Maliye | 5123 - Muhasebe ve Finansal Yönetim / Muhasebe ve Finans Yönetimi | 9115 - Muhasebe ve Denetim | 9262 - Finans ve Muhasebe | 9308 - İşletme-Muhasebe ve Denetim | 4459 - Aşağıdaki lisans programlarından birinden mezun olmak. | 3254 - Maliye | 4322 - Muhasebe ve Maliye | 8225 - Maliye-Muhasebe;ee4d481e-0a81-ed11-8117-a0369f7d1486
2022;2;302013559;T.C.Devlet Demiryolları İşletmesi Genel Müdürlüğü;Hareket Memuru;Malatya;Lisans;1;;83.296;83.296;"4441;4367;4443;3270;8134;8209;8211;8234;8267;4480;9118;9425;4484;4393;9009;9378;4485;3354;5130;8222;9110;9376;9387;9415;4491;1286;4517;4395;5107;6256;4524;3224;4525;3223;8229;4527;3256;3258;8228;8230;8277;4535;3128;3129;8152;8310;8347;9150;7257;7300;7327";4441 - Aşağıdaki lisans programlarından birinden mezun olmak. | 4367 - Ticaret Ekonomisi | 4443 - Aşağıdaki lisans programlarından birinden mezun olmak. | 3270 - Muhasebe ve Finansman Öğretmenliği | 8134 - İşletme Öğretmenliği | 8209 - İş Yönetimi ve Ticaret Eğitimi Öğretmenliği / İş Yönetimi ve Ticaret Öğretmenliği | 8211 - İşletme, Muhasebe ve Ticaret Öğretmenliği | 8234 - Muhasebe-İşletme Öğretmenliği | 8267 - Ticaret - İş Eğitimi Öğretmenliği | 4480 - Aşağıdaki lisans programlarından birinden mezun olmak. | 9118 - Gümrük İşletme | 9425 - Gümrük İşletmeciliği | 4484 - Aşağıdaki lisans programlarından birinden mezun olmak. | 4393 - Uluslararası Ticaret ve Lojistik Yönetimi | 9009 - Uluslararası Ticaret ve Lojistik | 9378 - Uluslararası Ticaret, Lojistik ve İşletmecilik | 4485 - Aşağıdaki lisans programlarından birinden mezun olmak. | 3354 - Uluslararası Lojistik ve Taşımacılık / Uluslararası Lojistik | 5130 - Ulaştırma ve Lojistik | 8222 - Lojistik Yönetimi | 9110 - Uluslararası Lojistik Yönetimi | 9376 - Lojistik | 9387 - Lojistik ve Taşımacılık | 9415 - Ulaştırma ve Lojistik Yönetimi | 4491 - Aşağıdaki lisans programlarından birinden mezun olmak. | 1286 - ULUSLARARASI ULAŞTIRMA SİSTEMLERİ | 4517 - Aşağıdaki lisans programlarından birinden mezun olmak. | 4395 - Uygulamalı Matematik | 5107 - Finans Matematiği | 6256 - Matematik | 4524 - Aşağıdaki lisans programlarından birinden mezun olmak. | 3224 - İstatistik ve Bilgisayar Bilimleri | 4525 - Aşağıdaki lisans programlarından birinden mezun olmak. | 3223 - İstatistik | 8229 - Matematik ve İstatistik | 4527 - Aşağıdaki lisans programlarından birinden mezun olmak. | 3256 - Matematik ve Bilgisayar Bilimleri | 3258 - Matematik ve Bilgisayar / Matematik-Bilgisayar | 8228 - Matematik ve İnformatik / Matematik-İnformatik | 8230 - Matematik-Bilgisayar Programcılığı | 8277 - Uygulamalı Matematik ve Bilgisayar | 4535 - Aşağıdaki lisans programlarından birinden mezun olmak. | 3128 - Bilgisayar ve Kontrol Öğretmenliği | 3129 - Bilgisayar ve Öğretim Teknolojileri Öğretmenliği | 8152 - Bilgisayar Teknolojisi Öğretmenliği | 8310 - Bilgisayar ve Öğretim Teknolojileri Öğretimi | 8347 - Kontrol Öğretmenliği | 9150 - Bilgisayar ve Öğretim Teknolojileri Eğitimi | 7257 - Seyahate ve Arazide Çalışmaya Elverişli olmak. | 7300 - Bu kadro/pozisyonda vardiya sistemi uygulanmaktadır. | 7327 - (Bakınız Başvurma Özel Şartları Bölümü TCDD Genel Müdürlüğü).;5a4f481e-0a81-ed11-8117-a0369f7d1486
2022;2;302010542;Afyonkarahisar Sağlık Bilimleri Üniversitesi;Bilgisayar İşletmeni;Afyonkarahisar;Lisans;1;;83.284;83.284;"4431;3226;3227;3381;5123;5143;8207;8208;8296;8334;9552;9584;6225";4431 - Aşağıdaki lisans programlarından birinden mezun olmak. | 3226 - İşletme / İşletmecilik | 3227 - İşletme Bilgi Yönetimi | 3381 - Muhasebe ve Finansman | 5123 - Muhasebe ve Finansal Yönetim / Muhasebe ve Finans Yönetimi | 5143 - Yönetim Bilimleri / Yönetim Bilimleri Programları | 8207 - İş İdaresi | 8208 - İş İdaresi ve İktisat | 8296 - Yönetim ve Organizasyon | 8334 - Pazarlama | 9552 - İşletme-Maliye | 9584 - Yönetim Bilimleri ve Liderlik | 6225 - M.E.B.'Dan Onaylı Bilgisayar İşletmeni Sertifikası Sahibi olmak.;0d4c481e-0a81-ed11-8117-a0369f7d1486
2022;2;302012131;Fırat Üniversitesi;Memur;Elazığ;Lisans;2;;83.273;83.395;"4431;3226;3227;3381;5123;5143;8207;8208;8296;8334;9552;9584";4431 - Aşağıdaki lisans programlarından birinden mezun olmak. | 3226 - İşletme / İşletmecilik | 3227 - İşletme Bilgi Yönetimi | 3381 - Muhasebe ve Finansman | 5123 - Muhasebe ve Finansal Yönetim / Muhasebe ve Finans Yönetimi | 5143 - Yönetim Bilimleri / Yönetim Bilimleri Programları | 8207 - İş İdaresi | 8208 - İş İdaresi ve İktisat | 8296 - Yönetim ve Organizasyon | 8334 - Pazarlama | 9552 - İşletme-Maliye | 9584 - Yönetim Bilimleri ve Liderlik;974d481e-0a81-ed11-8117-a0369f7d1486
2022;2;302014098;Tekirdağ Namık Kemal Üniversitesi;Memur;Tekirdağ;Lisans;2;;83.266;84.716;"4459;3254;4322;8225";4459 - Aşağıdaki lisans programlarından birinden mezun olmak. | 3254 - Maliye | 4322 - Muhasebe ve Maliye | 8225 - Maliye-Muhasebe;4850481e-0a81-ed11-8117-a0369f7d1486
2022;2;302011375;Devlet Demiryolları Taşımacılık A.Ş Genel Müdürlüğü;Memur;Sivas;Lisans;1;;83.258;83.258;"4429;3141;8312;7368";4429 - Aşağıdaki lisans programlarından birinden mezun olmak. | 3141 - Çalışma Ekonomisi ve Endüstri İlişkileri | 8312 - Çalışma Ekonomisi | 7368 - (Bakınız Başvurma Özel Şartları Bölümü T.C. Devlet Demiryolları Taşımacılık A.Ş. Genel Müdürlüğü);1150481e-0a81-ed11-8117-a0369f7d1486
2022;2;302010822;Bartın Üniversitesi;Bilgisayar İşletmeni;Bartın;Lisans;2;;83.25;83.61;"4459;3254;4322;8225;6225";4459 - Aşağıdaki lisans programlarından birinden mezun olmak. | 3254 - Maliye | 4322 - Muhasebe ve Maliye | 8225 - Maliye-Muhasebe | 6225 - M.E.B.'Dan Onaylı Bilgisayar İşletmeni Sertifikası Sahibi olmak.;2d51481e-0a81-ed11-8117-a0369f7d1486
2022;2;302012355;Harran Üniversitesi;Mühendis;Şanlıurfa;Lisans;1;;83.25;83.25;"4677;3142";4677 - Aşağıdaki lisans programlarından birinden mezun olmak. | 3142 - Çevre Mühendisliği;8050481e-0a81-ed11-8117-a0369f7d1486
2022;2;302015148;Türkiye Taşkömürü Kurumu Genel Müdürlüğü;Memur;Zonguldak;Lisans;25;;83.25;86.422;"4426;5105;6229;4431;3226;3227;3381;5123;5143;8207;8208;8296;8334;9552;9584;4453;3268;3269;3381;4322;5123;9115;9262;9308;4502;8328;9318;4503;3237;3313;3314";4426 - Aşağıdaki lisans programlarından birinden mezun olmak. | 5105 - Ekonomi ve Finans | 6229 - İşletme-Ekonomi / İşletme-İktisat | 4431 - Aşağıdaki lisans programlarından birinden mezun olmak. | 3226 - İşletme / İşletmecilik | 3227 - İşletme Bilgi Yönetimi | 3381 - Muhasebe ve Finansman | 5123 - Muhasebe ve Finansal Yönetim / Muhasebe ve Finans Yönetimi | 5143 - Yönetim Bilimleri / Yönetim Bilimleri Programları | 8207 - İş İdaresi | 8208 - İş İdaresi ve İktisat | 8296 - Yönetim ve Organizasyon | 8334 - Pazarlama | 9552 - İşletme-Maliye | 9584 - Yönetim Bilimleri ve Liderlik | 4453 - Aşağıdaki lisans programlarından birinden mezun olmak. | 3268 - Muhasebe | 3269 - Muhasebe Bilgi Sistemleri | 3381 - Muhasebe ve Finansman | 4322 - Muhasebe ve Maliye | 5123 - Muhasebe ve Finansal Yönetim / Muhasebe ve Finans Yönetimi | 9115 - Muhasebe ve Denetim | 9262 - Finans ve Muhasebe | 9308 - İşletme-Muhasebe ve Denetim | 4502 - Aşağıdaki lisans programlarından birinden mezun olmak. | 8328 - İnsan Kaynakları Yönetimi | 9318 - İnsan Kaynakları | 4503 - Aşağıdaki lisans programlarından birinden mezun olmak. | 3237 - Kamu Yönetimi | 3313 - Siyaset Bilimi | 3314 - Siyaset Bilimi ve Kamu Yönetimi;cb50481e-0a81-ed11-8117-a0369f7d1486
2022;2;302013769;T.C.Devlet Demiryolları İşletmesi Genel Müdürlüğü;Tren Teşkil Memuru;Kırıkkale;Lisans;1;;83.242;83.242;"4441;4367;4443;3270;8134;8209;8211;8234;8267;4480;9118;9425;4484;4393;9009;9378;4485;3354;5130;8222;9110;9376;9387;9415;4491;1286;4517;4395;5107;6256;4524;3224;4525;3223;8229;4527;3256;3258;8228;8230;8277;4535;3128;3129;8152;8310;8347;9150;7257;7300;7327";4441 - Aşağıdaki lisans programlarından birinden mezun olmak. | 4367 - Ticaret Ekonomisi | 4443 - Aşağıdaki lisans programlarından birinden mezun olmak. | 3270 - Muhasebe ve Finansman Öğretmenliği | 8134 - İşletme Öğretmenliği | 8209 - İş Yönetimi ve Ticaret Eğitimi Öğretmenliği / İş Yönetimi ve Ticaret Öğretmenliği | 8211 - İşletme, Muhasebe ve Ticaret Öğretmenliği | 8234 - Muhasebe-İşletme Öğretmenliği | 8267 - Ticaret - İş Eğitimi Öğretmenliği | 4480 - Aşağıdaki lisans programlarından birinden mezun olmak. | 9118 - Gümrük İşletme | 9425 - Gümrük İşletmeciliği | 4484 - Aşağıdaki lisans programlarından birinden mezun olmak. | 4393 - Uluslararası Ticaret ve Lojistik Yönetimi | 9009 - Uluslararası Ticaret ve Lojistik | 9378 - Uluslararası Ticaret, Lojistik ve İşletmecilik | 4485 - Aşağıdaki lisans programlarından birinden mezun olmak. | 3354 - Uluslararası Lojistik ve Taşımacılık / Uluslararası Lojistik | 5130 - Ulaştırma ve Lojistik | 8222 - Lojistik Yönetimi | 9110 - Uluslararası Lojistik Yönetimi | 9376 - Lojistik | 9387 - Lojistik ve Taşımacılık | 9415 - Ulaştırma ve Lojistik Yönetimi | 4491 - Aşağıdaki lisans programlarından birinden mezun olmak. | 1286 - ULUSLARARASI ULAŞTIRMA SİSTEMLERİ | 4517 - Aşağıdaki lisans programlarından birinden mezun olmak. | 4395 - Uygulamalı Matematik | 5107 - Finans Matematiği | 6256 - Matematik | 4524 - Aşağıdaki lisans programlarından birinden mezun olmak. | 3224 - İstatistik ve Bilgisayar Bilimleri | 4525 - Aşağıdaki lisans programlarından birinden mezun olmak. | 3223 - İstatistik | 8229 - Matematik ve İstatistik | 4527 - Aşağıdaki lisans programlarından birinden mezun olmak. | 3256 - Matematik ve Bilgisayar Bilimleri | 3258 - Matematik ve Bilgisayar / Matematik-Bilgisayar | 8228 - Matematik ve İnformatik / Matematik-İnformatik | 8230 - Matematik-Bilgisayar Programcılığı | 8277 - Uygulamalı Matematik ve Bilgisayar | 4535 - Aşağıdaki lisans programlarından birinden mezun olmak. | 3128 - Bilgisayar ve Kontrol Öğretmenliği | 3129 - Bilgisayar ve Öğretim Teknolojileri Öğretmenliği | 8152 - Bilgisayar Teknolojisi Öğretmenliği | 8310 - Bilgisayar ve Öğretim Teknolojileri Öğretimi | 8347 - Kontrol Öğretmenliği | 9150 - Bilgisayar ve Öğretim Teknolojileri Eğitimi | 7257 - Seyahate ve Arazide Çalışmaya Elverişli olmak. | 7300 - Bu kadro/pozisyonda vardiya sistemi uygulanmaktadır. | 7327 - (Bakınız Başvurma Özel Şartları Bölümü TCDD Genel Müdürlüğü).;1251481e-0a81-ed11-8117-a0369f7d1486
2022;2;302010535;Afyonkarahisar Sağlık Bilimleri Üniversitesi;Bilgisayar İşletmeni;Afyonkarahisar;Lisans;1;;83.205;83.205;"4431;3226;3227;3381;5123;5143;8207;8208;8296;8334;9552;9584;4453;3268;3269;3381;4322;5123;9115;9262;9308;6225";4431 - Aşağıdaki lisans programlarından birinden mezun olmak. | 3226 - İşletme / İşletmecilik | 3227 - İşletme Bilgi Yönetimi | 3381 - Muhasebe ve Finansman | 5123 - Muhasebe ve Finansal Yönetim / Muhasebe ve Finans Yönetimi | 5143 - Yönetim Bilimleri / Yönetim Bilimleri Programları | 8207 - İş İdaresi | 8208 - İş İdaresi ve İktisat | 8296 - Yönetim ve Organizasyon | 8334 - Pazarlama | 9552 - İşletme-Maliye | 9584 - Yönetim Bilimleri ve Liderlik | 4453 - Aşağıdaki lisans programlarından birinden mezun olmak. | 3268 - Muhasebe | 3269 - Muhasebe Bilgi Sistemleri | 3381 - Muhasebe ve Finansman | 4322 - Muhasebe ve Maliye | 5123 - Muhasebe ve Finansal Yönetim / Muhasebe ve Finans Yönetimi | 9115 - Muhasebe ve Denetim | 9262 - Finans ve Muhasebe | 9308 - İşletme-Muhasebe ve Denetim | 6225 - M.E.B.'Dan Onaylı Bilgisayar İşletmeni Sertifikası Sahibi olmak.;0c4c481e-0a81-ed11-8117-a0369f7d1486
2022;2;302015673;Yozgat Bozok Üniversitesi;Bilgisayar İşletmeni;Yozgat;Lisans;5;;83.204;84.64;"4421;3159;3213;4386;5106;8208;9113;9221;4431;3226;3227;3381;5123;5143;8207;8208;8296;8334;9552;9584;4453;3268;3269;3381;4322;5123;9115;9262;9308;4459;3254;4322;8225;6225";4421 - Aşağıdaki lisans programlarından birinden mezun olmak. | 3159 - Ekonomi | 3213 - İktisat | 4386 - Uluslararası Ekonomi | 5106 - Ekonomi-Yönetim Bilimleri Programları | 8208 - İş İdaresi ve İktisat | 9113 - Ekonomi Politik ve Toplum Felsefesi | 9221 - Ekonomi ve İdari Bilimler / Ekonomi ve İdari Bilimler Programları | 4431 - Aşağıdaki lisans programlarından birinden mezun olmak. | 3226 - İşletme / İşletmecilik | 3227 - İşletme Bilgi Yönetimi | 3381 - Muhasebe ve Finansman | 5123 - Muhasebe ve Finansal Yönetim / Muhasebe ve Finans Yönetimi | 5143 - Yönetim Bilimleri / Yönetim Bilimleri Programları | 8207 - İş İdaresi | 8208 - İş İdaresi ve İktisat | 8296 - Yönetim ve Organizasyon | 8334 - Pazarlama | 9552 - İşletme-Maliye | 9584 - Yönetim Bilimleri ve Liderlik | 4453 - Aşağıdaki lisans programlarından birinden mezun olmak. | 3268 - Muhasebe | 3269 - Muhasebe Bilgi Sistemleri | 3381 - Muhasebe ve Finansman | 4322 - Muhasebe ve Maliye | 5123 - Muhasebe ve Finansal Yönetim / Muhasebe ve Finans Yönetimi | 9115 - Muhasebe ve Denetim | 9262 - Finans ve Muhasebe | 9308 - İşletme-Muhasebe ve Denetim | 4459 - Aşağıdaki lisans programlarından birinden mezun olmak. | 3254 - Maliye | 4322 - Muhasebe ve Maliye | 8225 - Maliye-Muhasebe | 6225 - M.E.B.'Dan Onaylı Bilgisayar İşletmeni Sertifikası Sahibi olmak.;be50481e-0a81-ed11-8117-a0369f7d1486
2022;2;302014427;Toprak Mahsulleri Ofisi Genel Müdürlüğü;Mühendis;Trabzon;Lisans;1;;83.197;83.197;"4845;3385;3386;4212;4370;6131;8147;8158;8220;9048;9190;9269;7324";4845 - Aşağıdaki lisans programlarından birinden mezun olmak. | 3385 - Tarla Bitkileri | 3386 - Toprak | 4212 - Bahçe ve Tarla Bitkileri | 4370 - Toprak Bilimi ve Tarım Kimyası | 6131 - Bitkisel Üretim | 8147 - Bahçe Bitkileri | 8158 - Bitki Koruma | 8220 - Kültür Bitkileri Üretimi ve Pazarlaması | 9048 - Toprak Bilimi ve Bitki Besleme | 9190 - Bahçe Bitkileri Üretimi ve Pazarlaması | 9269 - Bitkisel Üretim ve Teknolojileri | 7324 - (Bakınız Başvurma Özel Şartları Bölümü Toprak Mahsulleri Ofisi Genel Müdürlüğü).;5d50481e-0a81-ed11-8117-a0369f7d1486
2022;2;302015659;Yıldız Teknik Üniversitesi;Memur;İstanbul;Lisans;1;;83.176;83.176;"4459;3254;4322;8225";4459 - Aşağıdaki lisans programlarından birinden mezun olmak. | 3254 - Maliye | 4322 - Muhasebe ve Maliye | 8225 - Maliye-Muhasebe;9f4e481e-0a81-ed11-8117-a0369f7d1486
2022;2;302013027;Munzur Üniversitesi;Memur;Tunceli;Lisans;2;;83.173;84.235;"4459;3254;4322;8225";4459 - Aşağıdaki lisans programlarından birinden mezun olmak. | 3254 - Maliye | 4322 - Muhasebe ve Maliye | 8225 - Maliye-Muhasebe;6a50481e-0a81-ed11-8117-a0369f7d1486
2022;2;302011340;Devlet Demiryolları Taşımacılık A.Ş Genel Müdürlüğü;Memur;Konya;Lisans;1;;83.171;83.171;"4478;3355;3356;5131;9108;9218;9282;4484;4393;9009;9378;4485;3354;5130;8222;9110;9376;9387;9415;7300;7368";4478 - Aşağıdaki lisans programlarından birinden mezun olmak. | 3355 - Uluslararası Ticaret | 3356 - Uluslararası Ticaret ve İşletmecilik | 5131 - Uluslararası Ticaret ve Finansman | 9108 - Uluslararası İşletmecilik ve Ticaret | 9218 - Uluslararası Ticaret ve Pazarlama | 9282 - Uluslararası Ticaret ve Finans | 4484 - Aşağıdaki lisans programlarından birinden mezun olmak. | 4393 - Uluslararası Ticaret ve Lojistik Yönetimi | 9009 - Uluslararası Ticaret ve Lojistik | 9378 - Uluslararası Ticaret, Lojistik ve İşletmecilik | 4485 - Aşağıdaki lisans programlarından birinden mezun olmak. | 3354 - Uluslararası Lojistik ve Taşımacılık / Uluslararası Lojistik | 5130 - Ulaştırma ve Lojistik | 8222 - Lojistik Yönetimi | 9110 - Uluslararası Lojistik Yönetimi | 9376 - Lojistik | 9387 - Lojistik ve Taşımacılık | 9415 - Ulaştırma ve Lojistik Yönetimi | 7300 - Bu kadro/pozisyonda vardiya sistemi uygulanmaktadır. | 7368 - (Bakınız Başvurma Özel Şartları Bölümü T.C. Devlet Demiryolları Taşımacılık A.Ş. Genel Müdürlüğü);274f481e-0a81-ed11-8117-a0369f7d1486
2022;2;302014742;Türkiye Kömür İşletmeleri Kurumu Genel Müdürlüğü;Mühendis;Kütahya;Lisans;2;;83.157;83.27;"4685;3206;4334;6235;7247;7248;7257;7370";4685 - Aşağıdaki lisans programlarından birinden mezun olmak. | 3206 - Hidrojeoloji Mühendisliği | 4334 - Petrol ve Doğalgaz Jeolojisi | 6235 - Jeoloji Mühendisliği | 7247 - Tehlikeli Ve Çok Tehlikeli İşlerde Çalışmasına Engel Bir Durumu Bulunmamak | 7248 - Vardiyalı Çalışmasına Engel Bir Durumu Bulunmamak | 7257 - Seyahate ve Arazide Çalışmaya Elverişli olmak. | 7370 - Bakınız: Başvurma Özel Şartları - Palandöken Belediye Başkanlığ;554f481e-0a81-ed11-8117-a0369f7d1486
2022;2;302012635;Kayseri Üniversitesi;Memur;Kayseri;Lisans;1;;83.11;83.11;"4502;8328;9318";4502 - Aşağıdaki lisans programlarından birinden mezun olmak. | 8328 - İnsan Kaynakları Yönetimi | 9318 - İnsan Kaynakları;ea4e481e-0a81-ed11-8117-a0369f7d1486
2022;2;302011186;Devlet Demiryolları Taşımacılık A.Ş Genel Müdürlüğü;Memur;Amasya;Lisans;1;;83.1;83.1;"4478;3355;3356;5131;9108;9218;9282;4484;4393;9009;9378;4485;3354;5130;8222;9110;9376;9387;9415;7300;7368";4478 - Aşağıdaki lisans programlarından birinden mezun olmak. | 3355 - Uluslararası Ticaret | 3356 - Uluslararası Ticaret ve İşletmecilik | 5131 - Uluslararası Ticaret ve Finansman | 9108 - Uluslararası İşletmecilik ve Ticaret | 9218 - Uluslararası Ticaret ve Pazarlama | 9282 - Uluslararası Ticaret ve Finans | 4484 - Aşağıdaki lisans programlarından birinden mezun olmak. | 4393 - Uluslararası Ticaret ve Lojistik Yönetimi | 9009 - Uluslararası Ticaret ve Lojistik | 9378 - Uluslararası Ticaret, Lojistik ve İşletmecilik | 4485 - Aşağıdaki lisans programlarından birinden mezun olmak. | 3354 - Uluslararası Lojistik ve Taşımacılık / Uluslararası Lojistik | 5130 - Ulaştırma ve Lojistik | 8222 - Lojistik Yönetimi | 9110 - Uluslararası Lojistik Yönetimi | 9376 - Lojistik | 9387 - Lojistik ve Taşımacılık | 9415 - Ulaştırma ve Lojistik Yönetimi | 7300 - Bu kadro/pozisyonda vardiya sistemi uygulanmaktadır. | 7368 - (Bakınız Başvurma Özel Şartları Bölümü T.C. Devlet Demiryolları Taşımacılık A.Ş. Genel Müdürlüğü);314c481e-0a81-ed11-8117-a0369f7d1486
2022;2;302011382;Devlet Demiryolları Taşımacılık A.Ş Genel Müdürlüğü;Memur;Tekirdağ;Lisans;1;;83.09;83.09;"4478;3355;3356;5131;9108;9218;9282;4484;4393;9009;9378;4485;3354;5130;8222;9110;9376;9387;9415;7300;7368";4478 - Aşağıdaki lisans programlarından birinden mezun olmak. | 3355 - Uluslararası Ticaret | 3356 - Uluslararası Ticaret ve İşletmecilik | 5131 - Uluslararası Ticaret ve Finansman | 9108 - Uluslararası İşletmecilik ve Ticaret | 9218 - Uluslararası Ticaret ve Pazarlama | 9282 - Uluslararası Ticaret ve Finans | 4484 - Aşağıdaki lisans programlarından birinden mezun olmak. | 4393 - Uluslararası Ticaret ve Lojistik Yönetimi | 9009 - Uluslararası Ticaret ve Lojistik | 9378 - Uluslararası Ticaret, Lojistik ve İşletmecilik | 4485 - Aşağıdaki lisans programlarından birinden mezun olmak. | 3354 - Uluslararası Lojistik ve Taşımacılık / Uluslararası Lojistik | 5130 - Ulaştırma ve Lojistik | 8222 - Lojistik Yönetimi | 9110 - Uluslararası Lojistik Yönetimi | 9376 - Lojistik | 9387 - Lojistik ve Taşımacılık | 9415 - Ulaştırma ve Lojistik Yönetimi | 7300 - Bu kadro/pozisyonda vardiya sistemi uygulanmaktadır. | 7368 - (Bakınız Başvurma Özel Şartları Bölümü T.C. Devlet Demiryolları Taşımacılık A.Ş. Genel Müdürlüğü);4b50481e-0a81-ed11-8117-a0369f7d1486
2022;2;302013482;T.C.Devlet Demiryolları İşletmesi Genel Müdürlüğü;Hareket Memuru;Adana;Lisans;2;;83.085;83.303;"4441;4367;4443;3270;8134;8209;8211;8234;8267;4480;9118;9425;4484;4393;9009;9378;4485;3354;5130;8222;9110;9376;9387;9415;4491;1286;4517;4395;5107;6256;4524;3224;4525;3223;8229;4527;3256;3258;8228;8230;8277;4535;3128;3129;8152;8310;8347;9150;7257;7300;7327";4441 - Aşağıdaki lisans programlarından birinden mezun olmak. | 4367 - Ticaret Ekonomisi | 4443 - Aşağıdaki lisans programlarından birinden mezun olmak. | 3270 - Muhasebe ve Finansman Öğretmenliği | 8134 - İşletme Öğretmenliği | 8209 - İş Yönetimi ve Ticaret Eğitimi Öğretmenliği / İş Yönetimi ve Ticaret Öğretmenliği | 8211 - İşletme, Muhasebe ve Ticaret Öğretmenliği | 8234 - Muhasebe-İşletme Öğretmenliği | 8267 - Ticaret - İş Eğitimi Öğretmenliği | 4480 - Aşağıdaki lisans programlarından birinden mezun olmak. | 9118 - Gümrük İşletme | 9425 - Gümrük İşletmeciliği | 4484 - Aşağıdaki lisans programlarından birinden mezun olmak. | 4393 - Uluslararası Ticaret ve Lojistik Yönetimi | 9009 - Uluslararası Ticaret ve Lojistik | 9378 - Uluslararası Ticaret, Lojistik ve İşletmecilik | 4485 - Aşağıdaki lisans programlarından birinden mezun olmak. | 3354 - Uluslararası Lojistik ve Taşımacılık / Uluslararası Lojistik | 5130 - Ulaştırma ve Lojistik | 8222 - Lojistik Yönetimi | 9110 - Uluslararası Lojistik Yönetimi | 9376 - Lojistik | 9387 - Lojistik ve Taşımacılık | 9415 - Ulaştırma ve Lojistik Yönetimi | 4491 - Aşağıdaki lisans programlarından birinden mezun olmak. | 1286 - ULUSLARARASI ULAŞTIRMA SİSTEMLERİ | 4517 - Aşağıdaki lisans programlarından birinden mezun olmak. | 4395 - Uygulamalı Matematik | 5107 - Finans Matematiği | 6256 - Matematik | 4524 - Aşağıdaki lisans programlarından birinden mezun olmak. | 3224 - İstatistik ve Bilgisayar Bilimleri | 4525 - Aşağıdaki lisans programlarından birinden mezun olmak. | 3223 - İstatistik | 8229 - Matematik ve İstatistik | 4527 - Aşağıdaki lisans programlarından birinden mezun olmak. | 3256 - Matematik ve Bilgisayar Bilimleri | 3258 - Matematik ve Bilgisayar / Matematik-Bilgisayar | 8228 - Matematik ve İnformatik / Matematik-İnformatik | 8230 - Matematik-Bilgisayar Programcılığı | 8277 - Uygulamalı Matematik ve Bilgisayar | 4535 - Aşağıdaki lisans programlarından birinden mezun olmak. | 3128 - Bilgisayar ve Kontrol Öğretmenliği | 3129 - Bilgisayar ve Öğretim Teknolojileri Öğretmenliği | 8152 - Bilgisayar Teknolojisi Öğretmenliği | 8310 - Bilgisayar ve Öğretim Teknolojileri Öğretimi | 8347 - Kontrol Öğretmenliği | 9150 - Bilgisayar ve Öğretim Teknolojileri Eğitimi | 7257 - Seyahate ve Arazide Çalışmaya Elverişli olmak. | 7300 - Bu kadro/pozisyonda vardiya sistemi uygulanmaktadır. | 7327 - (Bakınız Başvurma Özel Şartları Bölümü TCDD Genel Müdürlüğü).;ee4b481e-0a81-ed11-8117-a0369f7d1486
2022;2;302010563;Afyonkarahisar Sağlık Bilimleri Üniversitesi;Veri Hazırlama ve Kontrol İşletmeni;Afyonkarahisar;Lisans;2;;83.08;85.807;"4597;3295;3296;3298;6298;9419;9580";4597 - Aşağıdaki lisans programlarından birinden mezun olmak. | 3295 - Sağlık İdaresi | 3296 - Sağlık Kurumları İşletmeciliği | 3298 - Sağlık Kurumları Yöneticiliği | 6298 - Sağlık Yönetimi | 9419 - Sağlık Kurumları Yönetimi | 9580 - Sağlık Kuruluşları Yöneticiliği;104c481e-0a81-ed11-8117-a0369f7d1486
2022;2;302010696;Ardahan Üniversitesi;Memur;Ardahan;Lisans;4;;83.08;85.511;"4421;3159;3213;4386;5106;8208;9113;9221;4431;3226;3227;3381;5123;5143;8207;8208;8296;8334;9552;9584;4459;3254;4322;8225;4503;3237;3313;3314";4421 - Aşağıdaki lisans programlarından birinden mezun olmak. | 3159 - Ekonomi | 3213 - İktisat | 4386 - Uluslararası Ekonomi | 5106 - Ekonomi-Yönetim Bilimleri Programları | 8208 - İş İdaresi ve İktisat | 9113 - Ekonomi Politik ve Toplum Felsefesi | 9221 - Ekonomi ve İdari Bilimler / Ekonomi ve İdari Bilimler Programları | 4431 - Aşağıdaki lisans programlarından birinden mezun olmak. | 3226 - İşletme / İşletmecilik | 3227 - İşletme Bilgi Yönetimi | 3381 - Muhasebe ve Finansman | 5123 - Muhasebe ve Finansal Yönetim / Muhasebe ve Finans Yönetimi | 5143 - Yönetim Bilimleri / Yönetim Bilimleri Programları | 8207 - İş İdaresi | 8208 - İş İdaresi ve İktisat | 8296 - Yönetim ve Organizasyon | 8334 - Pazarlama | 9552 - İşletme-Maliye | 9584 - Yönetim Bilimleri ve Liderlik | 4459 - Aşağıdaki lisans programlarından birinden mezun olmak. | 3254 - Maliye | 4322 - Muhasebe ve Maliye | 8225 - Maliye-Muhasebe | 4503 - Aşağıdaki lisans programlarından birinden mezun olmak. | 3237 - Kamu Yönetimi | 3313 - Siyaset Bilimi | 3314 - Siyaset Bilimi ve Kamu Yönetimi;3c51481e-0a81-ed11-8117-a0369f7d1486
2022;2;302012320;Hakkari Üniversitesi;Memur;Hakkari;Lisans;1;;83.078;83.078;"4421;3159;3213;4386;5106;8208;9113;9221";4421 - Aşağıdaki lisans programlarından birinden mezun olmak. | 3159 - Ekonomi | 3213 - İktisat | 4386 - Uluslararası Ekonomi | 5106 - Ekonomi-Yönetim Bilimleri Programları | 8208 - İş İdaresi ve İktisat | 9113 - Ekonomi Politik ve Toplum Felsefesi | 9221 - Ekonomi ve İdari Bilimler / Ekonomi ve İdari Bilimler Programları;094e481e-0a81-ed11-8117-a0369f7d1486
2022;2;302010703;Ardahan Üniversitesi;Memur;Ardahan;Lisans;2;;83.072;84.07;"4421;3159;3213;4386;5106;8208;9113;9221;4431;3226;3227;3381;5123;5143;8207;8208;8296;8334;9552;9584;4459;3254;4322;8225;4503;3237;3313;3314;4873;3243;3337;3338;3340;4325;4371;4373;5129;6303;6339;8215;9116;9444";4421 - Aşağıdaki lisans programlarından birinden mezun olmak. | 3159 - Ekonomi | 3213 - İktisat | 4386 - Uluslararası Ekonomi | 5106 - Ekonomi-Yönetim Bilimleri Programları | 8208 - İş İdaresi ve İktisat | 9113 - Ekonomi Politik ve Toplum Felsefesi | 9221 - Ekonomi ve İdari Bilimler / Ekonomi ve İdari Bilimler Programları | 4431 - Aşağıdaki lisans programlarından birinden mezun olmak. | 3226 - İşletme / İşletmecilik | 3227 - İşletme Bilgi Yönetimi | 3381 - Muhasebe ve Finansman | 5123 - Muhasebe ve Finansal Yönetim / Muhasebe ve Finans Yönetimi | 5143 - Yönetim Bilimleri / Yönetim Bilimleri Programları | 8207 - İş İdaresi | 8208 - İş İdaresi ve İktisat | 8296 - Yönetim ve Organizasyon | 8334 - Pazarlama | 9552 - İşletme-Maliye | 9584 - Yönetim Bilimleri ve Liderlik | 4459 - Aşağıdaki lisans programlarından birinden mezun olmak. | 3254 - Maliye | 4322 - Muhasebe ve Maliye | 8225 - Maliye-Muhasebe | 4503 - Aşağıdaki lisans programlarından birinden mezun olmak. | 3237 - Kamu Yönetimi | 3313 - Siyaset Bilimi | 3314 - Siyaset Bilimi ve Kamu Yönetimi | 4873 - Aşağıdaki lisans programlarından birinden mezun olmak. | 3243 - Konaklama İşletmeciliği | 3337 - Turizm İşletmeciliği | 3338 - Turizm İşletmeciliği ve Otelcilik / Turizm İşletmecilik ve Otelcilik | 3340 - Turizm ve Otelcilik | 4325 - Otel İşletmeciliği | 4371 - Turizm | 4373 - Turizm ve Hizmetler | 5129 - Turizmde Büro Yönetimi | 6303 - Seyahat İşletmeciliği | 6339 - Turizm ve Otel İşletmeciliği | 8215 - Konaklama ve Turizm İşletmeciliği | 9116 - Otel Yöneticiliği | 9444 - Turizm ve Otel Yöneticiliği;3d51481e-0a81-ed11-8117-a0369f7d1486
2022;2;302010710;Artvin Çoruh Üniversitesi;Bilgisayar İşletmeni;Artvin;Lisans;1;;83.064;83.064;"4285;3287;3288;3289;3307;3308;5126;8246;8247;8292;9309;6225";4285 - Aşağıdaki lisans programlarından birinden mezun olmak. | 3287 - Radyo, Sinema ve Televizyon / Radyo, Televizyon ve Sinema / Radyo-Televizyon, Sinema | 3288 - Radyo, Tv ve Sinema | 3289 - Radyo-Tv-Sinema | 3307 - Sinema ve Televizyon | 3308 - Sinema-Tv | 5126 - Radyo-Tv-Sinema ve Görsel Sanatlar | 8246 - Sinema-Tv Fotoğraf / Sinema-Tv-Fotoğraf | 8247 - Radyo ve Televizyon / Radyo-Tv | 8292 - Sinema | 9309 - Sinema ve Dijital Medya | 6225 - M.E.B.'Dan Onaylı Bilgisayar İşletmeni Sertifikası Sahibi olmak.;ed4c481e-0a81-ed11-8117-a0369f7d1486
2022;2;302010612;Amasya Üniversitesi;Bilgisayar İşletmeni;Amasya;Lisans;2;;83.06;84.334;"4459;3254;4322;8225;6225";4459 - Aşağıdaki lisans programlarından birinden mezun olmak. | 3254 - Maliye | 4322 - Muhasebe ve Maliye | 8225 - Maliye-Muhasebe | 6225 - M.E.B.'Dan Onaylı Bilgisayar İşletmeni Sertifikası Sahibi olmak.;324c481e-0a81-ed11-8117-a0369f7d1486
2022;2;302010521;Afyon Kocatepe Üniversitesi;Kütüphaneci;Afyonkarahisar;Lisans;1;;83.042;83.042;"4099;3113;3153;3248;4309;8144";4099 - Aşağıdaki lisans programlarından birinden mezun olmak. | 3113 - Arşivcilik | 3153 - Dokümantasyon ve Enformasyon | 3248 - Kütüphanecilik | 4309 - Kütüphanecilik ve Bilgi Çalışmaları | 8144 - Bilgi ve Belge Yönetimi;0a4c481e-0a81-ed11-8117-a0369f7d1486
2022;2;302012306;Gümüşhane Üniversitesi;Memur;Gümüşhane;Lisans;5;;83.032;84.264;"4429;3141;8312;4431;3226;3227;3381;5123;5143;8207;8208;8296;8334;9552;9584;4503;3237;3313;3314";4429 - Aşağıdaki lisans programlarından birinden mezun olmak. | 3141 - Çalışma Ekonomisi ve Endüstri İlişkileri | 8312 - Çalışma Ekonomisi | 4431 - Aşağıdaki lisans programlarından birinden mezun olmak. | 3226 - İşletme / İşletmecilik | 3227 - İşletme Bilgi Yönetimi | 3381 - Muhasebe ve Finansman | 5123 - Muhasebe ve Finansal Yönetim / Muhasebe ve Finans Yönetimi | 5143 - Yönetim Bilimleri / Yönetim Bilimleri Programları | 8207 - İş İdaresi | 8208 - İş İdaresi ve İktisat | 8296 - Yönetim ve Organizasyon | 8334 - Pazarlama | 9552 - İşletme-Maliye | 9584 - Yönetim Bilimleri ve Liderlik | 4503 - Aşağıdaki lisans programlarından birinden mezun olmak. | 3237 - Kamu Yönetimi | 3313 - Siyaset Bilimi | 3314 - Siyaset Bilimi ve Kamu Yönetimi;074e481e-0a81-ed11-8117-a0369f7d1486
2022;2;302013594;T.C.Devlet Demiryolları İşletmesi Genel Müdürlüğü;Memur;Afyonkarahisar;Lisans;1;;83.022;83.022;"4429;3141;8312;7300;7327";4429 - Aşağıdaki lisans programlarından birinden mezun olmak. | 3141 - Çalışma Ekonomisi ve Endüstri İlişkileri | 8312 - Çalışma Ekonomisi | 7300 - Bu kadro/pozisyonda vardiya sistemi uygulanmaktadır. | 7327 - (Bakınız Başvurma Özel Şartları Bölümü TCDD Genel Müdürlüğü).;154c481e-0a81-ed11-8117-a0369f7d1486
2022;2;302014329;Toprak Mahsulleri Ofisi Genel Müdürlüğü;Mühendis;Eskişehir;Lisans;1;;83.016;83.016;"4845;3385;3386;4212;4370;6131;8147;8158;8220;9048;9190;9269;7324";4845 - Aşağıdaki lisans programlarından birinden mezun olmak. | 3385 - Tarla Bitkileri | 3386 - Toprak | 4212 - Bahçe ve Tarla Bitkileri | 4370 - Toprak Bilimi ve Tarım Kimyası | 6131 - Bitkisel Üretim | 8147 - Bahçe Bitkileri | 8158 - Bitki Koruma | 8220 - Kültür Bitkileri Üretimi ve Pazarlaması | 9048 - Toprak Bilimi ve Bitki Besleme | 9190 - Bahçe Bitkileri Üretimi ve Pazarlaması | 9269 - Bitkisel Üretim ve Teknolojileri | 7324 - (Bakınız Başvurma Özel Şartları Bölümü Toprak Mahsulleri Ofisi Genel Müdürlüğü).;c64d481e-0a81-ed11-8117-a0369f7d1486
2022;2;302012551;Kafkas Üniversitesi;Bilgisayar İşletmeni;Kars;Lisans;1;;83.002;83.002;"4426;5105;6229;4431;3226;3227;3381;5123;5143;8207;8208;8296;8334;9552;9584;6225";4426 - Aşağıdaki lisans programlarından birinden mezun olmak. | 5105 - Ekonomi ve Finans | 6229 - İşletme-Ekonomi / İşletme-İktisat | 4431 - Aşağıdaki lisans programlarından birinden mezun olmak. | 3226 - İşletme / İşletmecilik | 3227 - İşletme Bilgi Yönetimi | 3381 - Muhasebe ve Finansman | 5123 - Muhasebe ve Finansal Yönetim / Muhasebe ve Finans Yönetimi | 5143 - Yönetim Bilimleri / Yönetim Bilimleri Programları | 8207 - İş İdaresi | 8208 - İş İdaresi ve İktisat | 8296 - Yönetim ve Organizasyon | 8334 - Pazarlama | 9552 - İşletme-Maliye | 9584 - Yönetim Bilimleri ve Liderlik | 6225 - M.E.B.'Dan Onaylı Bilgisayar İşletmeni Sertifikası Sahibi olmak.;c84e481e-0a81-ed11-8117-a0369f7d1486
2022;2;302010815;Bartın Üniversitesi;Bilgisayar İşletmeni;Bartın;Lisans;2;;82.992;83.378;"4437;3227;3361;4216;8210;9286;9427;6225";4437 - Aşağıdaki lisans programlarından birinden mezun olmak. | 3227 - İşletme Bilgi Yönetimi | 3361 - Yönetim Bilişim Sistemleri | 4216 - Bilgi İşlemi | 8210 - İşletme Enformatiği | 9286 - Teknoloji ve Bilgi Yönetimi | 9427 - Yönetim Bilimi ve Bilişim Sistemleri | 6225 - M.E.B.'Dan Onaylı Bilgisayar İşletmeni Sertifikası Sahibi olmak.;2c51481e-0a81-ed11-8117-a0369f7d1486
2022;2;302015680;Yozgat Bozok Üniversitesi;Bilgisayar İşletmeni;Yozgat;Lisans;1;;82.984;82.984;"4421;3159;3213;4386;5106;8208;9113;9221;4431;3226;3227;3381;5123;5143;8207;8208;8296;8334;9552;9584;4453;3268;3269;3381;4322;5123;9115;9262;9308;4459;3254;4322;8225;6225";4421 - Aşağıdaki lisans programlarından birinden mezun olmak. | 3159 - Ekonomi | 3213 - İktisat | 4386 - Uluslararası Ekonomi | 5106 - Ekonomi-Yönetim Bilimleri Programları | 8208 - İş İdaresi ve İktisat | 9113 - Ekonomi Politik ve Toplum Felsefesi | 9221 - Ekonomi ve İdari Bilimler / Ekonomi ve İdari Bilimler Programları | 4431 - Aşağıdaki lisans programlarından birinden mezun olmak. | 3226 - İşletme / İşletmecilik | 3227 - İşletme Bilgi Yönetimi | 3381 - Muhasebe ve Finansman | 5123 - Muhasebe ve Finansal Yönetim / Muhasebe ve Finans Yönetimi | 5143 - Yönetim Bilimleri / Yönetim Bilimleri Programları | 8207 - İş İdaresi | 8208 - İş İdaresi ve İktisat | 8296 - Yönetim ve Organizasyon | 8334 - Pazarlama | 9552 - İşletme-Maliye | 9584 - Yönetim Bilimleri ve Liderlik | 4453 - Aşağıdaki lisans programlarından birinden mezun olmak. | 3268 - Muhasebe | 3269 - Muhasebe Bilgi Sistemleri | 3381 - Muhasebe ve Finansman | 4322 - Muhasebe ve Maliye | 5123 - Muhasebe ve Finansal Yönetim / Muhasebe ve Finans Yönetimi | 9115 - Muhasebe ve Denetim | 9262 - Finans ve Muhasebe | 9308 - İşletme-Muhasebe ve Denetim | 4459 - Aşağıdaki lisans programlarından birinden mezun olmak. | 3254 - Maliye | 4322 - Muhasebe ve Maliye | 8225 - Maliye-Muhasebe | 6225 - M.E.B.'Dan Onaylı Bilgisayar İşletmeni Sertifikası Sahibi olmak.;bf50481e-0a81-ed11-8117-a0369f7d1486
2022;2;302010395;Afet ve Acil Durum Yönetimi Başkanlığı;Mühendis;Konya;Lisans;1;;82.924;82.924;"4681;3234";4681 - Aşağıdaki lisans programlarından birinden mezun olmak. | 3234 - Jeofizik Mühendisliği;284f481e-0a81-ed11-8117-a0369f7d1486
2022;2;302011277;Devlet Demiryolları Taşımacılık A.Ş Genel Müdürlüğü;Memur;Çankırı;Lisans;1;;82.904;82.904;"4478;3355;3356;5131;9108;9218;9282;4484;4393;9009;9378;4485;3354;5130;8222;9110;9376;9387;9415;7300;7368";4478 - Aşağıdaki lisans programlarından birinden mezun olmak. | 3355 - Uluslararası Ticaret | 3356 - Uluslararası Ticaret ve İşletmecilik | 5131 - Uluslararası Ticaret ve Finansman | 9108 - Uluslararası İşletmecilik ve Ticaret | 9218 - Uluslararası Ticaret ve Pazarlama | 9282 - Uluslararası Ticaret ve Finans | 4484 - Aşağıdaki lisans programlarından birinden mezun olmak. | 4393 - Uluslararası Ticaret ve Lojistik Yönetimi | 9009 - Uluslararası Ticaret ve Lojistik | 9378 - Uluslararası Ticaret, Lojistik ve İşletmecilik | 4485 - Aşağıdaki lisans programlarından birinden mezun olmak. | 3354 - Uluslararası Lojistik ve Taşımacılık / Uluslararası Lojistik | 5130 - Ulaştırma ve Lojistik | 8222 - Lojistik Yönetimi | 9110 - Uluslararası Lojistik Yönetimi | 9376 - Lojistik | 9387 - Lojistik ve Taşımacılık | 9415 - Ulaştırma ve Lojistik Yönetimi | 7300 - Bu kadro/pozisyonda vardiya sistemi uygulanmaktadır. | 7368 - (Bakınız Başvurma Özel Şartları Bölümü T.C. Devlet Demiryolları Taşımacılık A.Ş. Genel Müdürlüğü);5f4d481e-0a81-ed11-8117-a0369f7d1486
2022;2;302010976;Çay İşletmeleri Genel Müdürlüğü;Memur;Rize;Lisans;8;;82.901;85.938;"4421;3159;3213;4386;5106;8208;9113;9221";4421 - Aşağıdaki lisans programlarından birinden mezun olmak. | 3159 - Ekonomi | 3213 - İktisat | 4386 - Uluslararası Ekonomi | 5106 - Ekonomi-Yönetim Bilimleri Programları | 8208 - İş İdaresi ve İktisat | 9113 - Ekonomi Politik ve Toplum Felsefesi | 9221 - Ekonomi ve İdari Bilimler / Ekonomi ve İdari Bilimler Programları;ce4f481e-0a81-ed11-8117-a0369f7d1486
2022;2;302010955;Çankırı Karatekin Üniversitesi;Bilgisayar İşletmeni;Çankırı;Lisans;2;;82.897;83.623;"4431;3226;3227;3381;5123;5143;8207;8208;8296;8334;9552;9584;6225";4431 - Aşağıdaki lisans programlarından birinden mezun olmak. | 3226 - İşletme / İşletmecilik | 3227 - İşletme Bilgi Yönetimi | 3381 - Muhasebe ve Finansman | 5123 - Muhasebe ve Finansal Yönetim / Muhasebe ve Finans Yönetimi | 5143 - Yönetim Bilimleri / Yönetim Bilimleri Programları | 8207 - İş İdaresi | 8208 - İş İdaresi ve İktisat | 8296 - Yönetim ve Organizasyon | 8334 - Pazarlama | 9552 - İşletme-Maliye | 9584 - Yönetim Bilimleri ve Liderlik | 6225 - M.E.B.'Dan Onaylı Bilgisayar İşletmeni Sertifikası Sahibi olmak.;5c4d481e-0a81-ed11-8117-a0369f7d1486
2022;2;302013699;T.C.Devlet Demiryolları İşletmesi Genel Müdürlüğü;Sürveyan;Yozgat;Lisans;1;;82.872;82.872;"4517;4395;5107;6256;4535;3128;3129;8152;8310;8347;9150;4539;3127;3130;3174;6173;8125;8151;8154;8155;8308;9364;4547;3182;4613;3161;8180;9766;4621;3164;3167;4252;4253;6165;8181;9484;4622;8350;4631;5120;4711;1365;1418;3200;3346;7257;7300;7327";"4517 - Aşağıdaki lisans programlarından birinden mezun olmak. | 4395 - Uygulamalı Matematik | 5107 - Finans Matematiği | 6256 - Matematik | 4535 - Aşağıdaki lisans programlarından birinden mezun olmak. | 3128 - Bilgisayar ve Kontrol Öğretmenliği | 3129 - Bilgisayar ve Öğretim Teknolojileri Öğretmenliği | 8152 - Bilgisayar Teknolojisi Öğretmenliği | 8310 - Bilgisayar ve Öğretim Teknolojileri Öğretimi | 8347 - Kontrol Öğretmenliği | 9150 - Bilgisayar ve Öğretim Teknolojileri Eğitimi | 4539 - Aşağıdaki lisans programlarından birinden mezun olmak. | 3127 - Bilgisayar Teknolojisi ve Bilişim Sistemleri | 3130 - Bilişim Sistemleri ve Teknolojileri | 3174 - Enformatik / Enformatik (Almanca) | 6173 - Enformasyon Teknolojileri | 8125 - Bilgisayar Teknolojisi Bölümü | 8151 - Bilgisayar Sistemleri ve Teknolojileri | 8154 - Bilgisayar ve Enformasyon Sistemleri | 8155 - Bilgisayar ve Enformatik / Bilgisayar-Enformatik | 8308 - Bilgi Teknolojileri | 9364 - Bilişim Teknolojileri | 4547 - Aşağıdaki lisans programlarından birinden mezun olmak. | 3182 - Fizik | 4613 - Aşağıdaki lisans programlarından birinden mezun olmak. | 3161 - Elektrik Öğretmenliği | 8180 - Elektrik İşleri Öğretmenliği | 9766 - Elektrik Eğitimi | 4621 - Aşağıdaki lisans programlarından birinden mezun olmak. | 3164 - Elektronik Öğretmenliği | 3167 - Elektronik ve Haberleşme Öğretmenliği | 4252 - Elektronik | 4253 - Elektronik ve Telekomünikasyon | 6165 - Elektronik ve Bilgisayar Öğretmenliği | 8181 - Elektronik İşleri Öğretmenliği | 9484 - Endüstriyet Elektronik Teknolojisi Öğretmenliği | 4622 - Aşağıdaki lisans programlarından birinden mezun olmak. | 8350 - Telekomünikasyon Öğretmenliği | 4631 - Aşağıdaki lisans programlarından birinden mezun olmak. | 5120 - Mekatronik Öğretmenliği | 4711 - Aşağıdaki lisans programlarından birinden mezun olmak. | 1365 - HAVACILIK ELEKTRONİĞİ | 1418 - UÇAK ELEKTRİK VE ELEKTRONİĞİ&#x0D; | 3200 - Havacılık Elektrik ve Elektroniği | 3346 - Uçak Elektrik-Elektronik | 7257 - Seyahate ve Arazide Çalışmaya Elverişli olmak. | 7300 - Bu kadro/pozisyonda vardiya sistemi uygulanmaktadır. | 7327 - (Bakınız Başvurma Özel Şartları Bölümü TCDD Genel Müdürlüğü).";a650481e-0a81-ed11-8117-a0369f7d1486
2022;2;302012789;Maden Tetkik ve Arama Genel Müdürlüğü;Mühendis;Ankara;Lisans;4;;82.869;86.529;"4679;3251;9390";4679 - Aşağıdaki lisans programlarından birinden mezun olmak. | 3251 - Maden Mühendisliği | 9390 - Maden ve Cevher Hazırlama Mühendisliği;5d4c481e-0a81-ed11-8117-a0369f7d1486
2022;2;302011347;Devlet Demiryolları Taşımacılık A.Ş Genel Müdürlüğü;Memur;Kütahya;Lisans;1;;82.865;82.865;"4478;3355;3356;5131;9108;9218;9282;4484;4393;9009;9378;4485;3354;5130;8222;9110;9376;9387;9415;7300;7368";4478 - Aşağıdaki lisans programlarından birinden mezun olmak. | 3355 - Uluslararası Ticaret | 3356 - Uluslararası Ticaret ve İşletmecilik | 5131 - Uluslararası Ticaret ve Finansman | 9108 - Uluslararası İşletmecilik ve Ticaret | 9218 - Uluslararası Ticaret ve Pazarlama | 9282 - Uluslararası Ticaret ve Finans | 4484 - Aşağıdaki lisans programlarından birinden mezun olmak. | 4393 - Uluslararası Ticaret ve Lojistik Yönetimi | 9009 - Uluslararası Ticaret ve Lojistik | 9378 - Uluslararası Ticaret, Lojistik ve İşletmecilik | 4485 - Aşağıdaki lisans programlarından birinden mezun olmak. | 3354 - Uluslararası Lojistik ve Taşımacılık / Uluslararası Lojistik | 5130 - Ulaştırma ve Lojistik | 8222 - Lojistik Yönetimi | 9110 - Uluslararası Lojistik Yönetimi | 9376 - Lojistik | 9387 - Lojistik ve Taşımacılık | 9415 - Ulaştırma ve Lojistik Yönetimi | 7300 - Bu kadro/pozisyonda vardiya sistemi uygulanmaktadır. | 7368 - (Bakınız Başvurma Özel Şartları Bölümü T.C. Devlet Demiryolları Taşımacılık A.Ş. Genel Müdürlüğü);574f481e-0a81-ed11-8117-a0369f7d1486
2022;2;302010115;Abdullah Gül Üniversitesi;Kütüphaneci;Kayseri;Lisans;1;;82.859;82.859;"4099;3113;3153;3248;4309;8144";4099 - Aşağıdaki lisans programlarından birinden mezun olmak. | 3113 - Arşivcilik | 3153 - Dokümantasyon ve Enformasyon | 3248 - Kütüphanecilik | 4309 - Kütüphanecilik ve Bilgi Çalışmaları | 8144 - Bilgi ve Belge Yönetimi;f14e481e-0a81-ed11-8117-a0369f7d1486
2022;2;302010934;Çankırı Karatekin Üniversitesi;Bilgisayar İşletmeni;Çankırı;Lisans;1;;82.837;82.837;"4431;3226;3227;3381;5123;5143;8207;8208;8296;8334;9552;9584;6225";4431 - Aşağıdaki lisans programlarından birinden mezun olmak. | 3226 - İşletme / İşletmecilik | 3227 - İşletme Bilgi Yönetimi | 3381 - Muhasebe ve Finansman | 5123 - Muhasebe ve Finansal Yönetim / Muhasebe ve Finans Yönetimi | 5143 - Yönetim Bilimleri / Yönetim Bilimleri Programları | 8207 - İş İdaresi | 8208 - İş İdaresi ve İktisat | 8296 - Yönetim ve Organizasyon | 8334 - Pazarlama | 9552 - İşletme-Maliye | 9584 - Yönetim Bilimleri ve Liderlik | 6225 - M.E.B.'Dan Onaylı Bilgisayar İşletmeni Sertifikası Sahibi olmak.;594d481e-0a81-ed11-8117-a0369f7d1486
2022;2;302010570;Ağrı İbrahim Çeçen Üniversitesi;Memur;Ağrı;Lisans;1;;82.814;82.814;"4431;3226;3227;3381;5123;5143;8207;8208;8296;8334;9552;9584";4431 - Aşağıdaki lisans programlarından birinden mezun olmak. | 3226 - İşletme / İşletmecilik | 3227 - İşletme Bilgi Yönetimi | 3381 - Muhasebe ve Finansman | 5123 - Muhasebe ve Finansal Yönetim / Muhasebe ve Finans Yönetimi | 5143 - Yönetim Bilimleri / Yönetim Bilimleri Programları | 8207 - İş İdaresi | 8208 - İş İdaresi ve İktisat | 8296 - Yönetim ve Organizasyon | 8334 - Pazarlama | 9552 - İşletme-Maliye | 9584 - Yönetim Bilimleri ve Liderlik;174c481e-0a81-ed11-8117-a0369f7d1486
2022;2;302014441;Trabzon Üniversitesi;Bilgisayar İşletmeni;Trabzon;Lisans;2;;82.799;82.947;"4459;3254;4322;8225;6225";4459 - Aşağıdaki lisans programlarından birinden mezun olmak. | 3254 - Maliye | 4322 - Muhasebe ve Maliye | 8225 - Maliye-Muhasebe | 6225 - M.E.B.'Dan Onaylı Bilgisayar İşletmeni Sertifikası Sahibi olmak.;5e50481e-0a81-ed11-8117-a0369f7d1486
2022;2;302011389;Devlet Demiryolları Taşımacılık A.Ş Genel Müdürlüğü;Memur;Yozgat;Lisans;1;;82.796;82.796;"4478;3355;3356;5131;9108;9218;9282;4484;4393;9009;9378;4485;3354;5130;8222;9110;9376;9387;9415;7300;7368";4478 - Aşağıdaki lisans programlarından birinden mezun olmak. | 3355 - Uluslararası Ticaret | 3356 - Uluslararası Ticaret ve İşletmecilik | 5131 - Uluslararası Ticaret ve Finansman | 9108 - Uluslararası İşletmecilik ve Ticaret | 9218 - Uluslararası Ticaret ve Pazarlama | 9282 - Uluslararası Ticaret ve Finans | 4484 - Aşağıdaki lisans programlarından birinden mezun olmak. | 4393 - Uluslararası Ticaret ve Lojistik Yönetimi | 9009 - Uluslararası Ticaret ve Lojistik | 9378 - Uluslararası Ticaret, Lojistik ve İşletmecilik | 4485 - Aşağıdaki lisans programlarından birinden mezun olmak. | 3354 - Uluslararası Lojistik ve Taşımacılık / Uluslararası Lojistik | 5130 - Ulaştırma ve Lojistik | 8222 - Lojistik Yönetimi | 9110 - Uluslararası Lojistik Yönetimi | 9376 - Lojistik | 9387 - Lojistik ve Taşımacılık | 9415 - Ulaştırma ve Lojistik Yönetimi | 7300 - Bu kadro/pozisyonda vardiya sistemi uygulanmaktadır. | 7368 - (Bakınız Başvurma Özel Şartları Bölümü T.C. Devlet Demiryolları Taşımacılık A.Ş. Genel Müdürlüğü);a150481e-0a81-ed11-8117-a0369f7d1486
2022;2;302010773;Aydın Adnan Menderes Üniversitesi;Mühendis;Aydın;Lisans;1;;82.771;82.771;"4533;5134;9343";4533 - Aşağıdaki lisans programlarından birinden mezun olmak. | 5134 - Yazılım Mühendisliği | 9343 - Bilgisayar ve Yazılım Mühendisliği;fd4c481e-0a81-ed11-8117-a0369f7d1486
2022;2;302010808;Bartın Üniversitesi;Bilgisayar İşletmeni;Bartın;Lisans;2;;82.729;82.842;"4429;3141;8312;6225";4429 - Aşağıdaki lisans programlarından birinden mezun olmak. | 3141 - Çalışma Ekonomisi ve Endüstri İlişkileri | 8312 - Çalışma Ekonomisi | 6225 - M.E.B.'Dan Onaylı Bilgisayar İşletmeni Sertifikası Sahibi olmak.;2b51481e-0a81-ed11-8117-a0369f7d1486
2022;2;302015596;Van Yüzüncü Yıl Üniversitesi;Kütüphaneci;Van;Lisans;1;;82.721;82.721;"4099;3113;3153;3248;4309;8144";4099 - Aşağıdaki lisans programlarından birinden mezun olmak. | 3113 - Arşivcilik | 3153 - Dokümantasyon ve Enformasyon | 3248 - Kütüphanecilik | 4309 - Kütüphanecilik ve Bilgi Çalışmaları | 8144 - Bilgi ve Belge Yönetimi;8c50481e-0a81-ed11-8117-a0369f7d1486
2022;2;302010199;Afet ve Acil Durum Yönetimi Başkanlığı;Mühendis;Amasya;Lisans;1;;82.698;82.698;"4681;3234";4681 - Aşağıdaki lisans programlarından birinden mezun olmak. | 3234 - Jeofizik Mühendisliği;2e4c481e-0a81-ed11-8117-a0369f7d1486
2022;2;302010941;Çankırı Karatekin Üniversitesi;Bilgisayar İşletmeni;Çankırı;Lisans;2;;82.625;82.642;"4431;3226;3227;3381;5123;5143;8207;8208;8296;8334;9552;9584;6225";4431 - Aşağıdaki lisans programlarından birinden mezun olmak. | 3226 - İşletme / İşletmecilik | 3227 - İşletme Bilgi Yönetimi | 3381 - Muhasebe ve Finansman | 5123 - Muhasebe ve Finansal Yönetim / Muhasebe ve Finans Yönetimi | 5143 - Yönetim Bilimleri / Yönetim Bilimleri Programları | 8207 - İş İdaresi | 8208 - İş İdaresi ve İktisat | 8296 - Yönetim ve Organizasyon | 8334 - Pazarlama | 9552 - İşletme-Maliye | 9584 - Yönetim Bilimleri ve Liderlik | 6225 - M.E.B.'Dan Onaylı Bilgisayar İşletmeni Sertifikası Sahibi olmak.;5a4d481e-0a81-ed11-8117-a0369f7d1486
2022;2;302014532;Türkiye İlaç ve Tıbbi Cihaz Kurumu;Bilgisayar İşletmeni;Ankara;Lisans;3;;82.619;83.038;"4437;3227;3361;4216;8210;9286;9427";4437 - Aşağıdaki lisans programlarından birinden mezun olmak. | 3227 - İşletme Bilgi Yönetimi | 3361 - Yönetim Bilişim Sistemleri | 4216 - Bilgi İşlemi | 8210 - İşletme Enformatiği | 9286 - Teknoloji ve Bilgi Yönetimi | 9427 - Yönetim Bilimi ve Bilişim Sistemleri;434c481e-0a81-ed11-8117-a0369f7d1486
2022;2;302012537;İzmir Bakırçay Üniversitesi;Memur;İzmir;Lisans;1;;82.576;82.576;"4453;3268;3269;3381;4322;5123;9115;9262;9308";4453 - Aşağıdaki lisans programlarından birinden mezun olmak. | 3268 - Muhasebe | 3269 - Muhasebe Bilgi Sistemleri | 3381 - Muhasebe ve Finansman | 4322 - Muhasebe ve Maliye | 5123 - Muhasebe ve Finansal Yönetim / Muhasebe ve Finans Yönetimi | 9115 - Muhasebe ve Denetim | 9262 - Finans ve Muhasebe | 9308 - İşletme-Muhasebe ve Denetim;c04e481e-0a81-ed11-8117-a0369f7d1486
2022;2;302013433;Şırnak Üniversitesi;Bilgisayar İşletmeni;Şırnak;Lisans;2;;82.57;83.534;"4421;3159;3213;4386;5106;8208;9113;9221;4426;5105;6229;4431;3226;3227;3381;5123;5143;8207;8208;8296;8334;9552;9584;4459;3254;4322;8225;6225";4421 - Aşağıdaki lisans programlarından birinden mezun olmak. | 3159 - Ekonomi | 3213 - İktisat | 4386 - Uluslararası Ekonomi | 5106 - Ekonomi-Yönetim Bilimleri Programları | 8208 - İş İdaresi ve İktisat | 9113 - Ekonomi Politik ve Toplum Felsefesi | 9221 - Ekonomi ve İdari Bilimler / Ekonomi ve İdari Bilimler Programları | 4426 - Aşağıdaki lisans programlarından birinden mezun olmak. | 5105 - Ekonomi ve Finans | 6229 - İşletme-Ekonomi / İşletme-İktisat | 4431 - Aşağıdaki lisans programlarından birinden mezun olmak. | 3226 - İşletme / İşletmecilik | 3227 - İşletme Bilgi Yönetimi | 3381 - Muhasebe ve Finansman | 5123 - Muhasebe ve Finansal Yönetim / Muhasebe ve Finans Yönetimi | 5143 - Yönetim Bilimleri / Yönetim Bilimleri Programları | 8207 - İş İdaresi | 8208 - İş İdaresi ve İktisat | 8296 - Yönetim ve Organizasyon | 8334 - Pazarlama | 9552 - İşletme-Maliye | 9584 - Yönetim Bilimleri ve Liderlik | 4459 - Aşağıdaki lisans programlarından birinden mezun olmak. | 3254 - Maliye | 4322 - Muhasebe ve Maliye | 8225 - Maliye-Muhasebe | 6225 - M.E.B.'Dan Onaylı Bilgisayar İşletmeni Sertifikası Sahibi olmak.;2751481e-0a81-ed11-8117-a0369f7d1486
2022;2;302015309;Türkiye Yazma Eserler Kurumu Başkanlığı;Kütüphaneci;Sivas;Lisans;1;;82.568;82.568;"4099;3113;3153;3248;4309;8144";4099 - Aşağıdaki lisans programlarından birinden mezun olmak. | 3113 - Arşivcilik | 3153 - Dokümantasyon ve Enformasyon | 3248 - Kütüphanecilik | 4309 - Kütüphanecilik ve Bilgi Çalışmaları | 8144 - Bilgi ve Belge Yönetimi;3250481e-0a81-ed11-8117-a0369f7d1486
2022;2;302014392;Toprak Mahsulleri Ofisi Genel Müdürlüğü;Mühendis;Samsun;Lisans;1;;82.562;82.562;"4845;3385;3386;4212;4370;6131;8147;8158;8220;9048;9190;9269;7324";4845 - Aşağıdaki lisans programlarından birinden mezun olmak. | 3385 - Tarla Bitkileri | 3386 - Toprak | 4212 - Bahçe ve Tarla Bitkileri | 4370 - Toprak Bilimi ve Tarım Kimyası | 6131 - Bitkisel Üretim | 8147 - Bahçe Bitkileri | 8158 - Bitki Koruma | 8220 - Kültür Bitkileri Üretimi ve Pazarlaması | 9048 - Toprak Bilimi ve Bitki Besleme | 9190 - Bahçe Bitkileri Üretimi ve Pazarlaması | 9269 - Bitkisel Üretim ve Teknolojileri | 7324 - (Bakınız Başvurma Özel Şartları Bölümü Toprak Mahsulleri Ofisi Genel Müdürlüğü).;f04f481e-0a81-ed11-8117-a0369f7d1486
2022;2;302013790;T.C.Devlet Demiryolları İşletmesi Genel Müdürlüğü;Tren Teşkil Memuru;Mersin;Lisans;1;;82.533;82.533;"4441;4367;4443;3270;8134;8209;8211;8234;8267;4480;9118;9425;4484;4393;9009;9378;4485;3354;5130;8222;9110;9376;9387;9415;4491;1286;4517;4395;5107;6256;4524;3224;4525;3223;8229;4527;3256;3258;8228;8230;8277;4535;3128;3129;8152;8310;8347;9150;7257;7300;7327";4441 - Aşağıdaki lisans programlarından birinden mezun olmak. | 4367 - Ticaret Ekonomisi | 4443 - Aşağıdaki lisans programlarından birinden mezun olmak. | 3270 - Muhasebe ve Finansman Öğretmenliği | 8134 - İşletme Öğretmenliği | 8209 - İş Yönetimi ve Ticaret Eğitimi Öğretmenliği / İş Yönetimi ve Ticaret Öğretmenliği | 8211 - İşletme, Muhasebe ve Ticaret Öğretmenliği | 8234 - Muhasebe-İşletme Öğretmenliği | 8267 - Ticaret - İş Eğitimi Öğretmenliği | 4480 - Aşağıdaki lisans programlarından birinden mezun olmak. | 9118 - Gümrük İşletme | 9425 - Gümrük İşletmeciliği | 4484 - Aşağıdaki lisans programlarından birinden mezun olmak. | 4393 - Uluslararası Ticaret ve Lojistik Yönetimi | 9009 - Uluslararası Ticaret ve Lojistik | 9378 - Uluslararası Ticaret, Lojistik ve İşletmecilik | 4485 - Aşağıdaki lisans programlarından birinden mezun olmak. | 3354 - Uluslararası Lojistik ve Taşımacılık / Uluslararası Lojistik | 5130 - Ulaştırma ve Lojistik | 8222 - Lojistik Yönetimi | 9110 - Uluslararası Lojistik Yönetimi | 9376 - Lojistik | 9387 - Lojistik ve Taşımacılık | 9415 - Ulaştırma ve Lojistik Yönetimi | 4491 - Aşağıdaki lisans programlarından birinden mezun olmak. | 1286 - ULUSLARARASI ULAŞTIRMA SİSTEMLERİ | 4517 - Aşağıdaki lisans programlarından birinden mezun olmak. | 4395 - Uygulamalı Matematik | 5107 - Finans Matematiği | 6256 - Matematik | 4524 - Aşağıdaki lisans programlarından birinden mezun olmak. | 3224 - İstatistik ve Bilgisayar Bilimleri | 4525 - Aşağıdaki lisans programlarından birinden mezun olmak. | 3223 - İstatistik | 8229 - Matematik ve İstatistik | 4527 - Aşağıdaki lisans programlarından birinden mezun olmak. | 3256 - Matematik ve Bilgisayar Bilimleri | 3258 - Matematik ve Bilgisayar / Matematik-Bilgisayar | 8228 - Matematik ve İnformatik / Matematik-İnformatik | 8230 - Matematik-Bilgisayar Programcılığı | 8277 - Uygulamalı Matematik ve Bilgisayar | 4535 - Aşağıdaki lisans programlarından birinden mezun olmak. | 3128 - Bilgisayar ve Kontrol Öğretmenliği | 3129 - Bilgisayar ve Öğretim Teknolojileri Öğretmenliği | 8152 - Bilgisayar Teknolojisi Öğretmenliği | 8310 - Bilgisayar ve Öğretim Teknolojileri Öğretimi | 8347 - Kontrol Öğretmenliği | 9150 - Bilgisayar ve Öğretim Teknolojileri Eğitimi | 7257 - Seyahate ve Arazide Çalışmaya Elverişli olmak. | 7300 - Bu kadro/pozisyonda vardiya sistemi uygulanmaktadır. | 7327 - (Bakınız Başvurma Özel Şartları Bölümü TCDD Genel Müdürlüğü).;384e481e-0a81-ed11-8117-a0369f7d1486
2022;2;302010948;Çankırı Karatekin Üniversitesi;Bilgisayar İşletmeni;Çankırı;Lisans;1;;82.526;82.526;"4431;3226;3227;3381;5123;5143;8207;8208;8296;8334;9552;9584;6225";4431 - Aşağıdaki lisans programlarından birinden mezun olmak. | 3226 - İşletme / İşletmecilik | 3227 - İşletme Bilgi Yönetimi | 3381 - Muhasebe ve Finansman | 5123 - Muhasebe ve Finansal Yönetim / Muhasebe ve Finans Yönetimi | 5143 - Yönetim Bilimleri / Yönetim Bilimleri Programları | 8207 - İş İdaresi | 8208 - İş İdaresi ve İktisat | 8296 - Yönetim ve Organizasyon | 8334 - Pazarlama | 9552 - İşletme-Maliye | 9584 - Yönetim Bilimleri ve Liderlik | 6225 - M.E.B.'Dan Onaylı Bilgisayar İşletmeni Sertifikası Sahibi olmak.;5b4d481e-0a81-ed11-8117-a0369f7d1486
2022;2;302014385;Toprak Mahsulleri Ofisi Genel Müdürlüğü;Mühendis;Sakarya;Lisans;1;;82.514;82.514;"4845;3385;3386;4212;4370;6131;8147;8158;8220;9048;9190;9269;7324";4845 - Aşağıdaki lisans programlarından birinden mezun olmak. | 3385 - Tarla Bitkileri | 3386 - Toprak | 4212 - Bahçe ve Tarla Bitkileri | 4370 - Toprak Bilimi ve Tarım Kimyası | 6131 - Bitkisel Üretim | 8147 - Bahçe Bitkileri | 8158 - Bitki Koruma | 8220 - Kültür Bitkileri Üretimi ve Pazarlaması | 9048 - Toprak Bilimi ve Bitki Besleme | 9190 - Bahçe Bitkileri Üretimi ve Pazarlaması | 9269 - Bitkisel Üretim ve Teknolojileri | 7324 - (Bakınız Başvurma Özel Şartları Bölümü Toprak Mahsulleri Ofisi Genel Müdürlüğü).;d54f481e-0a81-ed11-8117-a0369f7d1486
2022;2;302012754;Kocaeli Üniversitesi;Memur;Kocaeli;Lisans;1;;82.48;82.48;"4502;8328;9318";4502 - Aşağıdaki lisans programlarından birinden mezun olmak. | 8328 - İnsan Kaynakları Yönetimi | 9318 - İnsan Kaynakları;164f481e-0a81-ed11-8117-a0369f7d1486
2022;2;302013062;Muş Alparslan Üniversitesi;Memur;Muş;Lisans;1;;82.474;82.474;"4459;3254;4322;8225";4459 - Aşağıdaki lisans programlarından birinden mezun olmak. | 3254 - Maliye | 4322 - Muhasebe ve Maliye | 8225 - Maliye-Muhasebe;a94f481e-0a81-ed11-8117-a0369f7d1486
2022;2;302012397;Iğdır Üniversitesi;Memur;Iğdır;Lisans;1;;82.466;82.466;"4437;3227;3361;4216;8210;9286;9427";4437 - Aşağıdaki lisans programlarından birinden mezun olmak. | 3227 - İşletme Bilgi Yönetimi | 3361 - Yönetim Bilişim Sistemleri | 4216 - Bilgi İşlemi | 8210 - İşletme Enformatiği | 9286 - Teknoloji ve Bilgi Yönetimi | 9427 - Yönetim Bilimi ve Bilişim Sistemleri;4951481e-0a81-ed11-8117-a0369f7d1486
2022;2;302012404;Iğdır Üniversitesi;Memur;Iğdır;Lisans;1;;82.462;82.462;"4459;3254;4322;8225";4459 - Aşağıdaki lisans programlarından birinden mezun olmak. | 3254 - Maliye | 4322 - Muhasebe ve Maliye | 8225 - Maliye-Muhasebe;4a51481e-0a81-ed11-8117-a0369f7d1486
2022;2;302012334;Hakkari Üniversitesi;Memur;Hakkari;Lisans;1;;82.426;82.426;"4459;3254;4322;8225";4459 - Aşağıdaki lisans programlarından birinden mezun olmak. | 3254 - Maliye | 4322 - Muhasebe ve Maliye | 8225 - Maliye-Muhasebe;0b4e481e-0a81-ed11-8117-a0369f7d1486
2022;2;302013167;Sağlık Bilimleri Üniversitesi;Memur;İstanbul;Lisans;6;;82.417;83.34;"4459;3254;4322;8225";4459 - Aşağıdaki lisans programlarından birinden mezun olmak. | 3254 - Maliye | 4322 - Muhasebe ve Maliye | 8225 - Maliye-Muhasebe;6e4e481e-0a81-ed11-8117-a0369f7d1486
2022;2;302013615;T.C.Devlet Demiryolları İşletmesi Genel Müdürlüğü;Memur;İstanbul;Lisans;1;;82.403;82.403;"4429;3141;8312;7300;7327";4429 - Aşağıdaki lisans programlarından birinden mezun olmak. | 3141 - Çalışma Ekonomisi ve Endüstri İlişkileri | 8312 - Çalışma Ekonomisi | 7300 - Bu kadro/pozisyonda vardiya sistemi uygulanmaktadır. | 7327 - (Bakınız Başvurma Özel Şartları Bölümü TCDD Genel Müdürlüğü).;6b4e481e-0a81-ed11-8117-a0369f7d1486
2022;2;302010724;Artvin Çoruh Üniversitesi;Bilgisayar İşletmeni;Artvin;Lisans;3;;82.383;82.794;"4453;3268;3269;3381;4322;5123;9115;9262;9308;4459;3254;4322;8225;6225";4453 - Aşağıdaki lisans programlarından birinden mezun olmak. | 3268 - Muhasebe | 3269 - Muhasebe Bilgi Sistemleri | 3381 - Muhasebe ve Finansman | 4322 - Muhasebe ve Maliye | 5123 - Muhasebe ve Finansal Yönetim / Muhasebe ve Finans Yönetimi | 9115 - Muhasebe ve Denetim | 9262 - Finans ve Muhasebe | 9308 - İşletme-Muhasebe ve Denetim | 4459 - Aşağıdaki lisans programlarından birinden mezun olmak. | 3254 - Maliye | 4322 - Muhasebe ve Maliye | 8225 - Maliye-Muhasebe | 6225 - M.E.B.'Dan Onaylı Bilgisayar İşletmeni Sertifikası Sahibi olmak.;ef4c481e-0a81-ed11-8117-a0369f7d1486
2022;2;302013055;Muş Alparslan Üniversitesi;Memur;Muş;Lisans;1;;82.383;82.383;"4459;3254;4322;8225";4459 - Aşağıdaki lisans programlarından birinden mezun olmak. | 3254 - Maliye | 4322 - Muhasebe ve Maliye | 8225 - Maliye-Muhasebe;a84f481e-0a81-ed11-8117-a0369f7d1486
2022;2;302014406;Toprak Mahsulleri Ofisi Genel Müdürlüğü;Mühendis;Sivas;Lisans;2;;82.373;82.791;"4845;3385;3386;4212;4370;6131;8147;8158;8220;9048;9190;9269;7324";4845 - Aşağıdaki lisans programlarından birinden mezun olmak. | 3385 - Tarla Bitkileri | 3386 - Toprak | 4212 - Bahçe ve Tarla Bitkileri | 4370 - Toprak Bilimi ve Tarım Kimyası | 6131 - Bitkisel Üretim | 8147 - Bahçe Bitkileri | 8158 - Bitki Koruma | 8220 - Kültür Bitkileri Üretimi ve Pazarlaması | 9048 - Toprak Bilimi ve Bitki Besleme | 9190 - Bahçe Bitkileri Üretimi ve Pazarlaması | 9269 - Bitkisel Üretim ve Teknolojileri | 7324 - (Bakınız Başvurma Özel Şartları Bölümü Toprak Mahsulleri Ofisi Genel Müdürlüğü).;2150481e-0a81-ed11-8117-a0369f7d1486
2022;2;302012460;İstanbul Medeniyet Üniversitesi;Memur;İstanbul;Lisans;2;;82.355;82.419;"4453;3268;3269;3381;4322;5123;9115;9262;9308;4459;3254;4322;8225";4453 - Aşağıdaki lisans programlarından birinden mezun olmak. | 3268 - Muhasebe | 3269 - Muhasebe Bilgi Sistemleri | 3381 - Muhasebe ve Finansman | 4322 - Muhasebe ve Maliye | 5123 - Muhasebe ve Finansal Yönetim / Muhasebe ve Finans Yönetimi | 9115 - Muhasebe ve Denetim | 9262 - Finans ve Muhasebe | 9308 - İşletme-Muhasebe ve Denetim | 4459 - Aşağıdaki lisans programlarından birinden mezun olmak. | 3254 - Maliye | 4322 - Muhasebe ve Maliye | 8225 - Maliye-Muhasebe;494e481e-0a81-ed11-8117-a0369f7d1486
2022;2;302012145;Gazi Üniversitesi;Memur;Ankara;Lisans;1;;82.289;82.289;"4525;3223;8229";4525 - Aşağıdaki lisans programlarından birinden mezun olmak. | 3223 - İstatistik | 8229 - Matematik ve İstatistik;8c4c481e-0a81-ed11-8117-a0369f7d1486
2022;2;302010787;Bandırma Onyedi Eylül Üniversitesi;Veri Hazırlama ve Kontrol İşletmeni;Balıkesir;Lisans;3;;82.282;85.164;"4429;3141;8312;4502;8328;9318;6506;7248;7257";4429 - Aşağıdaki lisans programlarından birinden mezun olmak. | 3141 - Çalışma Ekonomisi ve Endüstri İlişkileri | 8312 - Çalışma Ekonomisi | 4502 - Aşağıdaki lisans programlarından birinden mezun olmak. | 8328 - İnsan Kaynakları Yönetimi | 9318 - İnsan Kaynakları | 6506 - B sınıfı sürücü belgesine sahip olmak | 7248 - Vardiyalı Çalışmasına Engel Bir Durumu Bulunmamak | 7257 - Seyahate ve Arazide Çalışmaya Elverişli olmak.;014d481e-0a81-ed11-8117-a0369f7d1486
2022;2;302014343;Toprak Mahsulleri Ofisi Genel Müdürlüğü;Mühendis;Kırıkkale;Lisans;1;;82.282;82.282;"4845;3385;3386;4212;4370;6131;8147;8158;8220;9048;9190;9269;7324";4845 - Aşağıdaki lisans programlarından birinden mezun olmak. | 3385 - Tarla Bitkileri | 3386 - Toprak | 4212 - Bahçe ve Tarla Bitkileri | 4370 - Toprak Bilimi ve Tarım Kimyası | 6131 - Bitkisel Üretim | 8147 - Bahçe Bitkileri | 8158 - Bitki Koruma | 8220 - Kültür Bitkileri Üretimi ve Pazarlaması | 9048 - Toprak Bilimi ve Bitki Besleme | 9190 - Bahçe Bitkileri Üretimi ve Pazarlaması | 9269 - Bitkisel Üretim ve Teknolojileri | 7324 - (Bakınız Başvurma Özel Şartları Bölümü Toprak Mahsulleri Ofisi Genel Müdürlüğü).;1451481e-0a81-ed11-8117-a0369f7d1486
2022;2;302012411;Isparta Uygulamalı Bilimler Üniversitesi;Kütüphaneci;Isparta;Lisans;1;;82.276;82.276;"4099;3113;3153;3248;4309;8144";4099 - Aşağıdaki lisans programlarından birinden mezun olmak. | 3113 - Arşivcilik | 3153 - Dokümantasyon ve Enformasyon | 3248 - Kütüphanecilik | 4309 - Kütüphanecilik ve Bilgi Çalışmaları | 8144 - Bilgi ve Belge Yönetimi;294e481e-0a81-ed11-8117-a0369f7d1486
2022;2;302013748;T.C.Devlet Demiryolları İşletmesi Genel Müdürlüğü;Tren Teşkil Memuru;Elazığ;Lisans;2;;82.236;82.802;"4441;4367;4443;3270;8134;8209;8211;8234;8267;4480;9118;9425;4484;4393;9009;9378;4485;3354;5130;8222;9110;9376;9387;9415;4491;1286;4517;4395;5107;6256;4524;3224;4525;3223;8229;4527;3256;3258;8228;8230;8277;4535;3128;3129;8152;8310;8347;9150;7257;7300;7327";4441 - Aşağıdaki lisans programlarından birinden mezun olmak. | 4367 - Ticaret Ekonomisi | 4443 - Aşağıdaki lisans programlarından birinden mezun olmak. | 3270 - Muhasebe ve Finansman Öğretmenliği | 8134 - İşletme Öğretmenliği | 8209 - İş Yönetimi ve Ticaret Eğitimi Öğretmenliği / İş Yönetimi ve Ticaret Öğretmenliği | 8211 - İşletme, Muhasebe ve Ticaret Öğretmenliği | 8234 - Muhasebe-İşletme Öğretmenliği | 8267 - Ticaret - İş Eğitimi Öğretmenliği | 4480 - Aşağıdaki lisans programlarından birinden mezun olmak. | 9118 - Gümrük İşletme | 9425 - Gümrük İşletmeciliği | 4484 - Aşağıdaki lisans programlarından birinden mezun olmak. | 4393 - Uluslararası Ticaret ve Lojistik Yönetimi | 9009 - Uluslararası Ticaret ve Lojistik | 9378 - Uluslararası Ticaret, Lojistik ve İşletmecilik | 4485 - Aşağıdaki lisans programlarından birinden mezun olmak. | 3354 - Uluslararası Lojistik ve Taşımacılık / Uluslararası Lojistik | 5130 - Ulaştırma ve Lojistik | 8222 - Lojistik Yönetimi | 9110 - Uluslararası Lojistik Yönetimi | 9376 - Lojistik | 9387 - Lojistik ve Taşımacılık | 9415 - Ulaştırma ve Lojistik Yönetimi | 4491 - Aşağıdaki lisans programlarından birinden mezun olmak. | 1286 - ULUSLARARASI ULAŞTIRMA SİSTEMLERİ | 4517 - Aşağıdaki lisans programlarından birinden mezun olmak. | 4395 - Uygulamalı Matematik | 5107 - Finans Matematiği | 6256 - Matematik | 4524 - Aşağıdaki lisans programlarından birinden mezun olmak. | 3224 - İstatistik ve Bilgisayar Bilimleri | 4525 - Aşağıdaki lisans programlarından birinden mezun olmak. | 3223 - İstatistik | 8229 - Matematik ve İstatistik | 4527 - Aşağıdaki lisans programlarından birinden mezun olmak. | 3256 - Matematik ve Bilgisayar Bilimleri | 3258 - Matematik ve Bilgisayar / Matematik-Bilgisayar | 8228 - Matematik ve İnformatik / Matematik-İnformatik | 8230 - Matematik-Bilgisayar Programcılığı | 8277 - Uygulamalı Matematik ve Bilgisayar | 4535 - Aşağıdaki lisans programlarından birinden mezun olmak. | 3128 - Bilgisayar ve Kontrol Öğretmenliği | 3129 - Bilgisayar ve Öğretim Teknolojileri Öğretmenliği | 8152 - Bilgisayar Teknolojisi Öğretmenliği | 8310 - Bilgisayar ve Öğretim Teknolojileri Öğretimi | 8347 - Kontrol Öğretmenliği | 9150 - Bilgisayar ve Öğretim Teknolojileri Eğitimi | 7257 - Seyahate ve Arazide Çalışmaya Elverişli olmak. | 7300 - Bu kadro/pozisyonda vardiya sistemi uygulanmaktadır. | 7327 - (Bakınız Başvurma Özel Şartları Bölümü TCDD Genel Müdürlüğü).;9b4d481e-0a81-ed11-8117-a0369f7d1486
2022;2;302012530;İstanbul Üniversitesi- Cerrahpaşa;Programcı;İstanbul;Lisans;1;;82.216;82.216;"4437;3227;3361;4216;8210;9286;9427";4437 - Aşağıdaki lisans programlarından birinden mezun olmak. | 3227 - İşletme Bilgi Yönetimi | 3361 - Yönetim Bilişim Sistemleri | 4216 - Bilgi İşlemi | 8210 - İşletme Enformatiği | 9286 - Teknoloji ve Bilgi Yönetimi | 9427 - Yönetim Bilimi ve Bilişim Sistemleri;534e481e-0a81-ed11-8117-a0369f7d1486
2022;2;302014280;Toprak Mahsulleri Ofisi Genel Müdürlüğü;Mühendis;Ankara;Lisans;1;;82.214;82.214;"4845;3385;3386;4212;4370;6131;8147;8158;8220;9048;9190;9269;7324";4845 - Aşağıdaki lisans programlarından birinden mezun olmak. | 3385 - Tarla Bitkileri | 3386 - Toprak | 4212 - Bahçe ve Tarla Bitkileri | 4370 - Toprak Bilimi ve Tarım Kimyası | 6131 - Bitkisel Üretim | 8147 - Bahçe Bitkileri | 8158 - Bitki Koruma | 8220 - Kültür Bitkileri Üretimi ve Pazarlaması | 9048 - Toprak Bilimi ve Bitki Besleme | 9190 - Bahçe Bitkileri Üretimi ve Pazarlaması | 9269 - Bitkisel Üretim ve Teknolojileri | 7324 - (Bakınız Başvurma Özel Şartları Bölümü Toprak Mahsulleri Ofisi Genel Müdürlüğü).;3f4c481e-0a81-ed11-8117-a0369f7d1486
2022;2;302014364;Toprak Mahsulleri Ofisi Genel Müdürlüğü;Mühendis;Muş;Lisans;1;;82.188;82.188;"4845;3385;3386;4212;4370;6131;8147;8158;8220;9048;9190;9269;7324";4845 - Aşağıdaki lisans programlarından birinden mezun olmak. | 3385 - Tarla Bitkileri | 3386 - Toprak | 4212 - Bahçe ve Tarla Bitkileri | 4370 - Toprak Bilimi ve Tarım Kimyası | 6131 - Bitkisel Üretim | 8147 - Bahçe Bitkileri | 8158 - Bitki Koruma | 8220 - Kültür Bitkileri Üretimi ve Pazarlaması | 9048 - Toprak Bilimi ve Bitki Besleme | 9190 - Bahçe Bitkileri Üretimi ve Pazarlaması | 9269 - Bitkisel Üretim ve Teknolojileri | 7324 - (Bakınız Başvurma Özel Şartları Bölümü Toprak Mahsulleri Ofisi Genel Müdürlüğü).;a34f481e-0a81-ed11-8117-a0369f7d1486
2022;2;302012915;Marmara Üniversitesi;Bilgisayar İşletmeni;İstanbul;Lisans;2;;82.097;82.169;"4429;3141;8312;6225";4429 - Aşağıdaki lisans programlarından birinden mezun olmak. | 3141 - Çalışma Ekonomisi ve Endüstri İlişkileri | 8312 - Çalışma Ekonomisi | 6225 - M.E.B.'Dan Onaylı Bilgisayar İşletmeni Sertifikası Sahibi olmak.;694e481e-0a81-ed11-8117-a0369f7d1486
2022;2;302013517;T.C.Devlet Demiryolları İşletmesi Genel Müdürlüğü;Hareket Memuru;Hatay;Lisans;3;;82.097;82.327;"4441;4367;4443;3270;8134;8209;8211;8234;8267;4480;9118;9425;4484;4393;9009;9378;4485;3354;5130;8222;9110;9376;9387;9415;4491;1286;4517;4395;5107;6256;4524;3224;4525;3223;8229;4527;3256;3258;8228;8230;8277;4535;3128;3129;8152;8310;8347;9150;7257;7300;7327";4441 - Aşağıdaki lisans programlarından birinden mezun olmak. | 4367 - Ticaret Ekonomisi | 4443 - Aşağıdaki lisans programlarından birinden mezun olmak. | 3270 - Muhasebe ve Finansman Öğretmenliği | 8134 - İşletme Öğretmenliği | 8209 - İş Yönetimi ve Ticaret Eğitimi Öğretmenliği / İş Yönetimi ve Ticaret Öğretmenliği | 8211 - İşletme, Muhasebe ve Ticaret Öğretmenliği | 8234 - Muhasebe-İşletme Öğretmenliği | 8267 - Ticaret - İş Eğitimi Öğretmenliği | 4480 - Aşağıdaki lisans programlarından birinden mezun olmak. | 9118 - Gümrük İşletme | 9425 - Gümrük İşletmeciliği | 4484 - Aşağıdaki lisans programlarından birinden mezun olmak. | 4393 - Uluslararası Ticaret ve Lojistik Yönetimi | 9009 - Uluslararası Ticaret ve Lojistik | 9378 - Uluslararası Ticaret, Lojistik ve İşletmecilik | 4485 - Aşağıdaki lisans programlarından birinden mezun olmak. | 3354 - Uluslararası Lojistik ve Taşımacılık / Uluslararası Lojistik | 5130 - Ulaştırma ve Lojistik | 8222 - Lojistik Yönetimi | 9110 - Uluslararası Lojistik Yönetimi | 9376 - Lojistik | 9387 - Lojistik ve Taşımacılık | 9415 - Ulaştırma ve Lojistik Yönetimi | 4491 - Aşağıdaki lisans programlarından birinden mezun olmak. | 1286 - ULUSLARARASI ULAŞTIRMA SİSTEMLERİ | 4517 - Aşağıdaki lisans programlarından birinden mezun olmak. | 4395 - Uygulamalı Matematik | 5107 - Finans Matematiği | 6256 - Matematik | 4524 - Aşağıdaki lisans programlarından birinden mezun olmak. | 3224 - İstatistik ve Bilgisayar Bilimleri | 4525 - Aşağıdaki lisans programlarından birinden mezun olmak. | 3223 - İstatistik | 8229 - Matematik ve İstatistik | 4527 - Aşağıdaki lisans programlarından birinden mezun olmak. | 3256 - Matematik ve Bilgisayar Bilimleri | 3258 - Matematik ve Bilgisayar / Matematik-Bilgisayar | 8228 - Matematik ve İnformatik / Matematik-İnformatik | 8230 - Matematik-Bilgisayar Programcılığı | 8277 - Uygulamalı Matematik ve Bilgisayar | 4535 - Aşağıdaki lisans programlarından birinden mezun olmak. | 3128 - Bilgisayar ve Kontrol Öğretmenliği | 3129 - Bilgisayar ve Öğretim Teknolojileri Öğretmenliği | 8152 - Bilgisayar Teknolojisi Öğretmenliği | 8310 - Bilgisayar ve Öğretim Teknolojileri Öğretimi | 8347 - Kontrol Öğretmenliği | 9150 - Bilgisayar ve Öğretim Teknolojileri Eğitimi | 7257 - Seyahate ve Arazide Çalışmaya Elverişli olmak. | 7300 - Bu kadro/pozisyonda vardiya sistemi uygulanmaktadır. | 7327 - (Bakınız Başvurma Özel Şartları Bölümü TCDD Genel Müdürlüğü).;204e481e-0a81-ed11-8117-a0369f7d1486
2022;2;302011179;Devlet Demiryolları Taşımacılık A.Ş Genel Müdürlüğü;Memur;Afyonkarahisar;Lisans;1;;82.087;82.087;"4478;3355;3356;5131;9108;9218;9282;4484;4393;9009;9378;4485;3354;5130;8222;9110;9376;9387;9415;7300;7368";4478 - Aşağıdaki lisans programlarından birinden mezun olmak. | 3355 - Uluslararası Ticaret | 3356 - Uluslararası Ticaret ve İşletmecilik | 5131 - Uluslararası Ticaret ve Finansman | 9108 - Uluslararası İşletmecilik ve Ticaret | 9218 - Uluslararası Ticaret ve Pazarlama | 9282 - Uluslararası Ticaret ve Finans | 4484 - Aşağıdaki lisans programlarından birinden mezun olmak. | 4393 - Uluslararası Ticaret ve Lojistik Yönetimi | 9009 - Uluslararası Ticaret ve Lojistik | 9378 - Uluslararası Ticaret, Lojistik ve İşletmecilik | 4485 - Aşağıdaki lisans programlarından birinden mezun olmak. | 3354 - Uluslararası Lojistik ve Taşımacılık / Uluslararası Lojistik | 5130 - Ulaştırma ve Lojistik | 8222 - Lojistik Yönetimi | 9110 - Uluslararası Lojistik Yönetimi | 9376 - Lojistik | 9387 - Lojistik ve Taşımacılık | 9415 - Ulaştırma ve Lojistik Yönetimi | 7300 - Bu kadro/pozisyonda vardiya sistemi uygulanmaktadır. | 7368 - (Bakınız Başvurma Özel Şartları Bölümü T.C. Devlet Demiryolları Taşımacılık A.Ş. Genel Müdürlüğü);084c481e-0a81-ed11-8117-a0369f7d1486
2022;2;302014336;Toprak Mahsulleri Ofisi Genel Müdürlüğü;Mühendis;Kırıkkale;Lisans;1;;82.067;82.067;"4845;3385;3386;4212;4370;6131;8147;8158;8220;9048;9190;9269;7324";4845 - Aşağıdaki lisans programlarından birinden mezun olmak. | 3385 - Tarla Bitkileri | 3386 - Toprak | 4212 - Bahçe ve Tarla Bitkileri | 4370 - Toprak Bilimi ve Tarım Kimyası | 6131 - Bitkisel Üretim | 8147 - Bahçe Bitkileri | 8158 - Bitki Koruma | 8220 - Kültür Bitkileri Üretimi ve Pazarlaması | 9048 - Toprak Bilimi ve Bitki Besleme | 9190 - Bahçe Bitkileri Üretimi ve Pazarlaması | 9269 - Bitkisel Üretim ve Teknolojileri | 7324 - (Bakınız Başvurma Özel Şartları Bölümü Toprak Mahsulleri Ofisi Genel Müdürlüğü).;1351481e-0a81-ed11-8117-a0369f7d1486
2022;2;302013825;Tapu ve Kadastro Genel Müdürlüğü;Bilgisayar İşletmeni;Afyonkarahisar;Lisans;1;;82.008;82.008;"4688;9288;6225";4688 - Aşağıdaki lisans programlarından birinden mezun olmak. | 9288 - Tapu ve Kadastro / Tapu Kadastro | 6225 - M.E.B.'Dan Onaylı Bilgisayar İşletmeni Sertifikası Sahibi olmak.;124c481e-0a81-ed11-8117-a0369f7d1486
2022;2;302013216;Siirt Üniversitesi;Bilgisayar İşletmeni;Siirt;Lisans;1;;81.996;81.996;"4459;3254;4322;8225;6225";4459 - Aşağıdaki lisans programlarından birinden mezun olmak. | 3254 - Maliye | 4322 - Muhasebe ve Maliye | 8225 - Maliye-Muhasebe | 6225 - M.E.B.'Dan Onaylı Bilgisayar İşletmeni Sertifikası Sahibi olmak.;f74f481e-0a81-ed11-8117-a0369f7d1486
2022;2;302014308;Toprak Mahsulleri Ofisi Genel Müdürlüğü;Mühendis;Çorum;Lisans;1;;81.95;81.95;"4845;3385;3386;4212;4370;6131;8147;8158;8220;9048;9190;9269;7324";4845 - Aşağıdaki lisans programlarından birinden mezun olmak. | 3385 - Tarla Bitkileri | 3386 - Toprak | 4212 - Bahçe ve Tarla Bitkileri | 4370 - Toprak Bilimi ve Tarım Kimyası | 6131 - Bitkisel Üretim | 8147 - Bahçe Bitkileri | 8158 - Bitki Koruma | 8220 - Kültür Bitkileri Üretimi ve Pazarlaması | 9048 - Toprak Bilimi ve Bitki Besleme | 9190 - Bahçe Bitkileri Üretimi ve Pazarlaması | 9269 - Bitkisel Üretim ve Teknolojileri | 7324 - (Bakınız Başvurma Özel Şartları Bölümü Toprak Mahsulleri Ofisi Genel Müdürlüğü).;6c4d481e-0a81-ed11-8117-a0369f7d1486
2022;2;302013503;T.C.Devlet Demiryolları İşletmesi Genel Müdürlüğü;Hareket Memuru;Erzincan;Lisans;2;;81.892;82.278;"4441;4367;4443;3270;8134;8209;8211;8234;8267;4480;9118;9425;4484;4393;9009;9378;4485;3354;5130;8222;9110;9376;9387;9415;4491;1286;4517;4395;5107;6256;4524;3224;4525;3223;8229;4527;3256;3258;8228;8230;8277;4535;3128;3129;8152;8310;8347;9150;7257;7300;7327";4441 - Aşağıdaki lisans programlarından birinden mezun olmak. | 4367 - Ticaret Ekonomisi | 4443 - Aşağıdaki lisans programlarından birinden mezun olmak. | 3270 - Muhasebe ve Finansman Öğretmenliği | 8134 - İşletme Öğretmenliği | 8209 - İş Yönetimi ve Ticaret Eğitimi Öğretmenliği / İş Yönetimi ve Ticaret Öğretmenliği | 8211 - İşletme, Muhasebe ve Ticaret Öğretmenliği | 8234 - Muhasebe-İşletme Öğretmenliği | 8267 - Ticaret - İş Eğitimi Öğretmenliği | 4480 - Aşağıdaki lisans programlarından birinden mezun olmak. | 9118 - Gümrük İşletme | 9425 - Gümrük İşletmeciliği | 4484 - Aşağıdaki lisans programlarından birinden mezun olmak. | 4393 - Uluslararası Ticaret ve Lojistik Yönetimi | 9009 - Uluslararası Ticaret ve Lojistik | 9378 - Uluslararası Ticaret, Lojistik ve İşletmecilik | 4485 - Aşağıdaki lisans programlarından birinden mezun olmak. | 3354 - Uluslararası Lojistik ve Taşımacılık / Uluslararası Lojistik | 5130 - Ulaştırma ve Lojistik | 8222 - Lojistik Yönetimi | 9110 - Uluslararası Lojistik Yönetimi | 9376 - Lojistik | 9387 - Lojistik ve Taşımacılık | 9415 - Ulaştırma ve Lojistik Yönetimi | 4491 - Aşağıdaki lisans programlarından birinden mezun olmak. | 1286 - ULUSLARARASI ULAŞTIRMA SİSTEMLERİ | 4517 - Aşağıdaki lisans programlarından birinden mezun olmak. | 4395 - Uygulamalı Matematik | 5107 - Finans Matematiği | 6256 - Matematik | 4524 - Aşağıdaki lisans programlarından birinden mezun olmak. | 3224 - İstatistik ve Bilgisayar Bilimleri | 4525 - Aşağıdaki lisans programlarından birinden mezun olmak. | 3223 - İstatistik | 8229 - Matematik ve İstatistik | 4527 - Aşağıdaki lisans programlarından birinden mezun olmak. | 3256 - Matematik ve Bilgisayar Bilimleri | 3258 - Matematik ve Bilgisayar / Matematik-Bilgisayar | 8228 - Matematik ve İnformatik / Matematik-İnformatik | 8230 - Matematik-Bilgisayar Programcılığı | 8277 - Uygulamalı Matematik ve Bilgisayar | 4535 - Aşağıdaki lisans programlarından birinden mezun olmak. | 3128 - Bilgisayar ve Kontrol Öğretmenliği | 3129 - Bilgisayar ve Öğretim Teknolojileri Öğretmenliği | 8152 - Bilgisayar Teknolojisi Öğretmenliği | 8310 - Bilgisayar ve Öğretim Teknolojileri Öğretimi | 8347 - Kontrol Öğretmenliği | 9150 - Bilgisayar ve Öğretim Teknolojileri Eğitimi | 7257 - Seyahate ve Arazide Çalışmaya Elverişli olmak. | 7300 - Bu kadro/pozisyonda vardiya sistemi uygulanmaktadır. | 7327 - (Bakınız Başvurma Özel Şartları Bölümü TCDD Genel Müdürlüğü).;9d4d481e-0a81-ed11-8117-a0369f7d1486
2022;2;302010899;Bingöl Üniversitesi;Kütüphaneci;Bingöl;Lisans;1;;81.871;81.871;"4099;3113;3153;3248;4309;8144";4099 - Aşağıdaki lisans programlarından birinden mezun olmak. | 3113 - Arşivcilik | 3153 - Dokümantasyon ve Enformasyon | 3248 - Kütüphanecilik | 4309 - Kütüphanecilik ve Bilgi Çalışmaları | 8144 - Bilgi ve Belge Yönetimi;214d481e-0a81-ed11-8117-a0369f7d1486
2022;2;302013916;Tarım İşletmeleri Genel Müdürlüğü;Bilgisayar İşletmeni;Ankara;Lisans;1;;81.859;81.859;"4453;3268;3269;3381;4322;5123;9115;9262;9308;6225";4453 - Aşağıdaki lisans programlarından birinden mezun olmak. | 3268 - Muhasebe | 3269 - Muhasebe Bilgi Sistemleri | 3381 - Muhasebe ve Finansman | 4322 - Muhasebe ve Maliye | 5123 - Muhasebe ve Finansal Yönetim / Muhasebe ve Finans Yönetimi | 9115 - Muhasebe ve Denetim | 9262 - Finans ve Muhasebe | 9308 - İşletme-Muhasebe ve Denetim | 6225 - M.E.B.'Dan Onaylı Bilgisayar İşletmeni Sertifikası Sahibi olmak.;384c481e-0a81-ed11-8117-a0369f7d1486
2022;2;302013531;T.C.Devlet Demiryolları İşletmesi Genel Müdürlüğü;Hareket Memuru;Karaman;Lisans;1;;81.8;81.8;"4441;4367;4443;3270;8134;8209;8211;8234;8267;4480;9118;9425;4484;4393;9009;9378;4485;3354;5130;8222;9110;9376;9387;9415;4491;1286;4517;4395;5107;6256;4524;3224;4525;3223;8229;4527;3256;3258;8228;8230;8277;4535;3128;3129;8152;8310;8347;9150;7257;7300;7327";4441 - Aşağıdaki lisans programlarından birinden mezun olmak. | 4367 - Ticaret Ekonomisi | 4443 - Aşağıdaki lisans programlarından birinden mezun olmak. | 3270 - Muhasebe ve Finansman Öğretmenliği | 8134 - İşletme Öğretmenliği | 8209 - İş Yönetimi ve Ticaret Eğitimi Öğretmenliği / İş Yönetimi ve Ticaret Öğretmenliği | 8211 - İşletme, Muhasebe ve Ticaret Öğretmenliği | 8234 - Muhasebe-İşletme Öğretmenliği | 8267 - Ticaret - İş Eğitimi Öğretmenliği | 4480 - Aşağıdaki lisans programlarından birinden mezun olmak. | 9118 - Gümrük İşletme | 9425 - Gümrük İşletmeciliği | 4484 - Aşağıdaki lisans programlarından birinden mezun olmak. | 4393 - Uluslararası Ticaret ve Lojistik Yönetimi | 9009 - Uluslararası Ticaret ve Lojistik | 9378 - Uluslararası Ticaret, Lojistik ve İşletmecilik | 4485 - Aşağıdaki lisans programlarından birinden mezun olmak. | 3354 - Uluslararası Lojistik ve Taşımacılık / Uluslararası Lojistik | 5130 - Ulaştırma ve Lojistik | 8222 - Lojistik Yönetimi | 9110 - Uluslararası Lojistik Yönetimi | 9376 - Lojistik | 9387 - Lojistik ve Taşımacılık | 9415 - Ulaştırma ve Lojistik Yönetimi | 4491 - Aşağıdaki lisans programlarından birinden mezun olmak. | 1286 - ULUSLARARASI ULAŞTIRMA SİSTEMLERİ | 4517 - Aşağıdaki lisans programlarından birinden mezun olmak. | 4395 - Uygulamalı Matematik | 5107 - Finans Matematiği | 6256 - Matematik | 4524 - Aşağıdaki lisans programlarından birinden mezun olmak. | 3224 - İstatistik ve Bilgisayar Bilimleri | 4525 - Aşağıdaki lisans programlarından birinden mezun olmak. | 3223 - İstatistik | 8229 - Matematik ve İstatistik | 4527 - Aşağıdaki lisans programlarından birinden mezun olmak. | 3256 - Matematik ve Bilgisayar Bilimleri | 3258 - Matematik ve Bilgisayar / Matematik-Bilgisayar | 8228 - Matematik ve İnformatik / Matematik-İnformatik | 8230 - Matematik-Bilgisayar Programcılığı | 8277 - Uygulamalı Matematik ve Bilgisayar | 4535 - Aşağıdaki lisans programlarından birinden mezun olmak. | 3128 - Bilgisayar ve Kontrol Öğretmenliği | 3129 - Bilgisayar ve Öğretim Teknolojileri Öğretmenliği | 8152 - Bilgisayar Teknolojisi Öğretmenliği | 8310 - Bilgisayar ve Öğretim Teknolojileri Öğretimi | 8347 - Kontrol Öğretmenliği | 9150 - Bilgisayar ve Öğretim Teknolojileri Eğitimi | 7257 - Seyahate ve Arazide Çalışmaya Elverişli olmak. | 7300 - Bu kadro/pozisyonda vardiya sistemi uygulanmaktadır. | 7327 - (Bakınız Başvurma Özel Şartları Bölümü TCDD Genel Müdürlüğü).;0451481e-0a81-ed11-8117-a0369f7d1486
2022;2;302014350;Toprak Mahsulleri Ofisi Genel Müdürlüğü;Mühendis;Kırşehir;Lisans;1;;81.789;81.789;"4845;3385;3386;4212;4370;6131;8147;8158;8220;9048;9190;9269;7324";4845 - Aşağıdaki lisans programlarından birinden mezun olmak. | 3385 - Tarla Bitkileri | 3386 - Toprak | 4212 - Bahçe ve Tarla Bitkileri | 4370 - Toprak Bilimi ve Tarım Kimyası | 6131 - Bitkisel Üretim | 8147 - Bahçe Bitkileri | 8158 - Bitki Koruma | 8220 - Kültür Bitkileri Üretimi ve Pazarlaması | 9048 - Toprak Bilimi ve Bitki Besleme | 9190 - Bahçe Bitkileri Üretimi ve Pazarlaması | 9269 - Bitkisel Üretim ve Teknolojileri | 7324 - (Bakınız Başvurma Özel Şartları Bölümü Toprak Mahsulleri Ofisi Genel Müdürlüğü).;054f481e-0a81-ed11-8117-a0369f7d1486
2022;2;302014434;Toprak Mahsulleri Ofisi Genel Müdürlüğü;Mühendis;Yozgat;Lisans;1;;81.766;81.766;"4845;3385;3386;4212;4370;6131;8147;8158;8220;9048;9190;9269;7324";4845 - Aşağıdaki lisans programlarından birinden mezun olmak. | 3385 - Tarla Bitkileri | 3386 - Toprak | 4212 - Bahçe ve Tarla Bitkileri | 4370 - Toprak Bilimi ve Tarım Kimyası | 6131 - Bitkisel Üretim | 8147 - Bahçe Bitkileri | 8158 - Bitki Koruma | 8220 - Kültür Bitkileri Üretimi ve Pazarlaması | 9048 - Toprak Bilimi ve Bitki Besleme | 9190 - Bahçe Bitkileri Üretimi ve Pazarlaması | 9269 - Bitkisel Üretim ve Teknolojileri | 7324 - (Bakınız Başvurma Özel Şartları Bölümü Toprak Mahsulleri Ofisi Genel Müdürlüğü).;a850481e-0a81-ed11-8117-a0369f7d1486
2022;2;302013811;T.C.Devlet Demiryolları İşletmesi Genel Müdürlüğü;Tren Teşkil Memuru;Van;Lisans;1;;81.703;81.703;"4441;4367;4443;3270;8134;8209;8211;8234;8267;4480;9118;9425;4484;4393;9009;9378;4485;3354;5130;8222;9110;9376;9387;9415;4491;1286;4517;4395;5107;6256;4524;3224;4525;3223;8229;4527;3256;3258;8228;8230;8277;4535;3128;3129;8152;8310;8347;9150;7257;7300;7327";4441 - Aşağıdaki lisans programlarından birinden mezun olmak. | 4367 - Ticaret Ekonomisi | 4443 - Aşağıdaki lisans programlarından birinden mezun olmak. | 3270 - Muhasebe ve Finansman Öğretmenliği | 8134 - İşletme Öğretmenliği | 8209 - İş Yönetimi ve Ticaret Eğitimi Öğretmenliği / İş Yönetimi ve Ticaret Öğretmenliği | 8211 - İşletme, Muhasebe ve Ticaret Öğretmenliği | 8234 - Muhasebe-İşletme Öğretmenliği | 8267 - Ticaret - İş Eğitimi Öğretmenliği | 4480 - Aşağıdaki lisans programlarından birinden mezun olmak. | 9118 - Gümrük İşletme | 9425 - Gümrük İşletmeciliği | 4484 - Aşağıdaki lisans programlarından birinden mezun olmak. | 4393 - Uluslararası Ticaret ve Lojistik Yönetimi | 9009 - Uluslararası Ticaret ve Lojistik | 9378 - Uluslararası Ticaret, Lojistik ve İşletmecilik | 4485 - Aşağıdaki lisans programlarından birinden mezun olmak. | 3354 - Uluslararası Lojistik ve Taşımacılık / Uluslararası Lojistik | 5130 - Ulaştırma ve Lojistik | 8222 - Lojistik Yönetimi | 9110 - Uluslararası Lojistik Yönetimi | 9376 - Lojistik | 9387 - Lojistik ve Taşımacılık | 9415 - Ulaştırma ve Lojistik Yönetimi | 4491 - Aşağıdaki lisans programlarından birinden mezun olmak. | 1286 - ULUSLARARASI ULAŞTIRMA SİSTEMLERİ | 4517 - Aşağıdaki lisans programlarından birinden mezun olmak. | 4395 - Uygulamalı Matematik | 5107 - Finans Matematiği | 6256 - Matematik | 4524 - Aşağıdaki lisans programlarından birinden mezun olmak. | 3224 - İstatistik ve Bilgisayar Bilimleri | 4525 - Aşağıdaki lisans programlarından birinden mezun olmak. | 3223 - İstatistik | 8229 - Matematik ve İstatistik | 4527 - Aşağıdaki lisans programlarından birinden mezun olmak. | 3256 - Matematik ve Bilgisayar Bilimleri | 3258 - Matematik ve Bilgisayar / Matematik-Bilgisayar | 8228 - Matematik ve İnformatik / Matematik-İnformatik | 8230 - Matematik-Bilgisayar Programcılığı | 8277 - Uygulamalı Matematik ve Bilgisayar | 4535 - Aşağıdaki lisans programlarından birinden mezun olmak. | 3128 - Bilgisayar ve Kontrol Öğretmenliği | 3129 - Bilgisayar ve Öğretim Teknolojileri Öğretmenliği | 8152 - Bilgisayar Teknolojisi Öğretmenliği | 8310 - Bilgisayar ve Öğretim Teknolojileri Öğretimi | 8347 - Kontrol Öğretmenliği | 9150 - Bilgisayar ve Öğretim Teknolojileri Eğitimi | 7257 - Seyahate ve Arazide Çalışmaya Elverişli olmak. | 7300 - Bu kadro/pozisyonda vardiya sistemi uygulanmaktadır. | 7327 - (Bakınız Başvurma Özel Şartları Bölümü TCDD Genel Müdürlüğü).;9950481e-0a81-ed11-8117-a0369f7d1486
2022;2;302013734;T.C.Devlet Demiryolları İşletmesi Genel Müdürlüğü;Tren Teşkil Memuru;Denizli;Lisans;1;;81.69;81.69;"4441;4367;4443;3270;8134;8209;8211;8234;8267;4480;9118;9425;4484;4393;9009;9378;4485;3354;5130;8222;9110;9376;9387;9415;4491;1286;4517;4395;5107;6256;4524;3224;4525;3223;8229;4527;3256;3258;8228;8230;8277;4535;3128;3129;8152;8310;8347;9150;7257;7300;7327";4441 - Aşağıdaki lisans programlarından birinden mezun olmak. | 4367 - Ticaret Ekonomisi | 4443 - Aşağıdaki lisans programlarından birinden mezun olmak. | 3270 - Muhasebe ve Finansman Öğretmenliği | 8134 - İşletme Öğretmenliği | 8209 - İş Yönetimi ve Ticaret Eğitimi Öğretmenliği / İş Yönetimi ve Ticaret Öğretmenliği | 8211 - İşletme, Muhasebe ve Ticaret Öğretmenliği | 8234 - Muhasebe-İşletme Öğretmenliği | 8267 - Ticaret - İş Eğitimi Öğretmenliği | 4480 - Aşağıdaki lisans programlarından birinden mezun olmak. | 9118 - Gümrük İşletme | 9425 - Gümrük İşletmeciliği | 4484 - Aşağıdaki lisans programlarından birinden mezun olmak. | 4393 - Uluslararası Ticaret ve Lojistik Yönetimi | 9009 - Uluslararası Ticaret ve Lojistik | 9378 - Uluslararası Ticaret, Lojistik ve İşletmecilik | 4485 - Aşağıdaki lisans programlarından birinden mezun olmak. | 3354 - Uluslararası Lojistik ve Taşımacılık / Uluslararası Lojistik | 5130 - Ulaştırma ve Lojistik | 8222 - Lojistik Yönetimi | 9110 - Uluslararası Lojistik Yönetimi | 9376 - Lojistik | 9387 - Lojistik ve Taşımacılık | 9415 - Ulaştırma ve Lojistik Yönetimi | 4491 - Aşağıdaki lisans programlarından birinden mezun olmak. | 1286 - ULUSLARARASI ULAŞTIRMA SİSTEMLERİ | 4517 - Aşağıdaki lisans programlarından birinden mezun olmak. | 4395 - Uygulamalı Matematik | 5107 - Finans Matematiği | 6256 - Matematik | 4524 - Aşağıdaki lisans programlarından birinden mezun olmak. | 3224 - İstatistik ve Bilgisayar Bilimleri | 4525 - Aşağıdaki lisans programlarından birinden mezun olmak. | 3223 - İstatistik | 8229 - Matematik ve İstatistik | 4527 - Aşağıdaki lisans programlarından birinden mezun olmak. | 3256 - Matematik ve Bilgisayar Bilimleri | 3258 - Matematik ve Bilgisayar / Matematik-Bilgisayar | 8228 - Matematik ve İnformatik / Matematik-İnformatik | 8230 - Matematik-Bilgisayar Programcılığı | 8277 - Uygulamalı Matematik ve Bilgisayar | 4535 - Aşağıdaki lisans programlarından birinden mezun olmak. | 3128 - Bilgisayar ve Kontrol Öğretmenliği | 3129 - Bilgisayar ve Öğretim Teknolojileri Öğretmenliği | 8152 - Bilgisayar Teknolojisi Öğretmenliği | 8310 - Bilgisayar ve Öğretim Teknolojileri Öğretimi | 8347 - Kontrol Öğretmenliği | 9150 - Bilgisayar ve Öğretim Teknolojileri Eğitimi | 7257 - Seyahate ve Arazide Çalışmaya Elverişli olmak. | 7300 - Bu kadro/pozisyonda vardiya sistemi uygulanmaktadır. | 7327 - (Bakınız Başvurma Özel Şartları Bölümü TCDD Genel Müdürlüğü).;6e4d481e-0a81-ed11-8117-a0369f7d1486
2022;2;302013818;T.C.Devlet Demiryolları İşletmesi Genel Müdürlüğü;Tren Teşkil Memuru;Zonguldak;Lisans;1;;81.687;81.687;"4441;4367;4443;3270;8134;8209;8211;8234;8267;4480;9118;9425;4484;4393;9009;9378;4485;3354;5130;8222;9110;9376;9387;9415;4491;1286;4517;4395;5107;6256;4524;3224;4525;3223;8229;4527;3256;3258;8228;8230;8277;4535;3128;3129;8152;8310;8347;9150;7257;7300;7327";4441 - Aşağıdaki lisans programlarından birinden mezun olmak. | 4367 - Ticaret Ekonomisi | 4443 - Aşağıdaki lisans programlarından birinden mezun olmak. | 3270 - Muhasebe ve Finansman Öğretmenliği | 8134 - İşletme Öğretmenliği | 8209 - İş Yönetimi ve Ticaret Eğitimi Öğretmenliği / İş Yönetimi ve Ticaret Öğretmenliği | 8211 - İşletme, Muhasebe ve Ticaret Öğretmenliği | 8234 - Muhasebe-İşletme Öğretmenliği | 8267 - Ticaret - İş Eğitimi Öğretmenliği | 4480 - Aşağıdaki lisans programlarından birinden mezun olmak. | 9118 - Gümrük İşletme | 9425 - Gümrük İşletmeciliği | 4484 - Aşağıdaki lisans programlarından birinden mezun olmak. | 4393 - Uluslararası Ticaret ve Lojistik Yönetimi | 9009 - Uluslararası Ticaret ve Lojistik | 9378 - Uluslararası Ticaret, Lojistik ve İşletmecilik | 4485 - Aşağıdaki lisans programlarından birinden mezun olmak. | 3354 - Uluslararası Lojistik ve Taşımacılık / Uluslararası Lojistik | 5130 - Ulaştırma ve Lojistik | 8222 - Lojistik Yönetimi | 9110 - Uluslararası Lojistik Yönetimi | 9376 - Lojistik | 9387 - Lojistik ve Taşımacılık | 9415 - Ulaştırma ve Lojistik Yönetimi | 4491 - Aşağıdaki lisans programlarından birinden mezun olmak. | 1286 - ULUSLARARASI ULAŞTIRMA SİSTEMLERİ | 4517 - Aşağıdaki lisans programlarından birinden mezun olmak. | 4395 - Uygulamalı Matematik | 5107 - Finans Matematiği | 6256 - Matematik | 4524 - Aşağıdaki lisans programlarından birinden mezun olmak. | 3224 - İstatistik ve Bilgisayar Bilimleri | 4525 - Aşağıdaki lisans programlarından birinden mezun olmak. | 3223 - İstatistik | 8229 - Matematik ve İstatistik | 4527 - Aşağıdaki lisans programlarından birinden mezun olmak. | 3256 - Matematik ve Bilgisayar Bilimleri | 3258 - Matematik ve Bilgisayar / Matematik-Bilgisayar | 8228 - Matematik ve İnformatik / Matematik-İnformatik | 8230 - Matematik-Bilgisayar Programcılığı | 8277 - Uygulamalı Matematik ve Bilgisayar | 4535 - Aşağıdaki lisans programlarından birinden mezun olmak. | 3128 - Bilgisayar ve Kontrol Öğretmenliği | 3129 - Bilgisayar ve Öğretim Teknolojileri Öğretmenliği | 8152 - Bilgisayar Teknolojisi Öğretmenliği | 8310 - Bilgisayar ve Öğretim Teknolojileri Öğretimi | 8347 - Kontrol Öğretmenliği | 9150 - Bilgisayar ve Öğretim Teknolojileri Eğitimi | 7257 - Seyahate ve Arazide Çalışmaya Elverişli olmak. | 7300 - Bu kadro/pozisyonda vardiya sistemi uygulanmaktadır. | 7327 - (Bakınız Başvurma Özel Şartları Bölümü TCDD Genel Müdürlüğü).;eb50481e-0a81-ed11-8117-a0369f7d1486
2022;2;302015645;Yıldız Teknik Üniversitesi;Memur;İstanbul;Lisans;2;;81.661;83.219;"4437;3227;3361;4216;8210;9286;9427";4437 - Aşağıdaki lisans programlarından birinden mezun olmak. | 3227 - İşletme Bilgi Yönetimi | 3361 - Yönetim Bilişim Sistemleri | 4216 - Bilgi İşlemi | 8210 - İşletme Enformatiği | 9286 - Teknoloji ve Bilgi Yönetimi | 9427 - Yönetim Bilimi ve Bilişim Sistemleri;9d4e481e-0a81-ed11-8117-a0369f7d1486
2022;2;302013580;T.C.Devlet Demiryolları İşletmesi Genel Müdürlüğü;Hareket Memuru;Sivas;Lisans;2;;81.658;88.686;"4441;4367;4443;3270;8134;8209;8211;8234;8267;4480;9118;9425;4484;4393;9009;9378;4485;3354;5130;8222;9110;9376;9387;9415;4491;1286;4517;4395;5107;6256;4524;3224;4525;3223;8229;4527;3256;3258;8228;8230;8277;4535;3128;3129;8152;8310;8347;9150;7257;7300;7327";4441 - Aşağıdaki lisans programlarından birinden mezun olmak. | 4367 - Ticaret Ekonomisi | 4443 - Aşağıdaki lisans programlarından birinden mezun olmak. | 3270 - Muhasebe ve Finansman Öğretmenliği | 8134 - İşletme Öğretmenliği | 8209 - İş Yönetimi ve Ticaret Eğitimi Öğretmenliği / İş Yönetimi ve Ticaret Öğretmenliği | 8211 - İşletme, Muhasebe ve Ticaret Öğretmenliği | 8234 - Muhasebe-İşletme Öğretmenliği | 8267 - Ticaret - İş Eğitimi Öğretmenliği | 4480 - Aşağıdaki lisans programlarından birinden mezun olmak. | 9118 - Gümrük İşletme | 9425 - Gümrük İşletmeciliği | 4484 - Aşağıdaki lisans programlarından birinden mezun olmak. | 4393 - Uluslararası Ticaret ve Lojistik Yönetimi | 9009 - Uluslararası Ticaret ve Lojistik | 9378 - Uluslararası Ticaret, Lojistik ve İşletmecilik | 4485 - Aşağıdaki lisans programlarından birinden mezun olmak. | 3354 - Uluslararası Lojistik ve Taşımacılık / Uluslararası Lojistik | 5130 - Ulaştırma ve Lojistik | 8222 - Lojistik Yönetimi | 9110 - Uluslararası Lojistik Yönetimi | 9376 - Lojistik | 9387 - Lojistik ve Taşımacılık | 9415 - Ulaştırma ve Lojistik Yönetimi | 4491 - Aşağıdaki lisans programlarından birinden mezun olmak. | 1286 - ULUSLARARASI ULAŞTIRMA SİSTEMLERİ | 4517 - Aşağıdaki lisans programlarından birinden mezun olmak. | 4395 - Uygulamalı Matematik | 5107 - Finans Matematiği | 6256 - Matematik | 4524 - Aşağıdaki lisans programlarından birinden mezun olmak. | 3224 - İstatistik ve Bilgisayar Bilimleri | 4525 - Aşağıdaki lisans programlarından birinden mezun olmak. | 3223 - İstatistik | 8229 - Matematik ve İstatistik | 4527 - Aşağıdaki lisans programlarından birinden mezun olmak. | 3256 - Matematik ve Bilgisayar Bilimleri | 3258 - Matematik ve Bilgisayar / Matematik-Bilgisayar | 8228 - Matematik ve İnformatik / Matematik-İnformatik | 8230 - Matematik-Bilgisayar Programcılığı | 8277 - Uygulamalı Matematik ve Bilgisayar | 4535 - Aşağıdaki lisans programlarından birinden mezun olmak. | 3128 - Bilgisayar ve Kontrol Öğretmenliği | 3129 - Bilgisayar ve Öğretim Teknolojileri Öğretmenliği | 8152 - Bilgisayar Teknolojisi Öğretmenliği | 8310 - Bilgisayar ve Öğretim Teknolojileri Öğretimi | 8347 - Kontrol Öğretmenliği | 9150 - Bilgisayar ve Öğretim Teknolojileri Eğitimi | 7257 - Seyahate ve Arazide Çalışmaya Elverişli olmak. | 7300 - Bu kadro/pozisyonda vardiya sistemi uygulanmaktadır. | 7327 - (Bakınız Başvurma Özel Şartları Bölümü TCDD Genel Müdürlüğü).;2050481e-0a81-ed11-8117-a0369f7d1486
2022;2;302010850;Bayburt Üniversitesi;Bilgisayar İşletmeni;Bayburt;Lisans;1;;81.656;81.656;"4237;7145;7160;7161;7162;8345;9160;9365;4243;7158;7211;8345;4254;8252;4255;7192;4269;4272;5109;7190;7191;8353;9162;9195;9220;9231;9470;4285;3287;3288;3289;3307;3308;5126;8246;8247;8292;9309;6225";4237 - Aşağıdaki lisans programlarından birinden mezun olmak. | 7145 - Grafik Sanatlar / Grafik Sanatları | 7160 - Grafik | 7161 - Grafik Tasarım | 7162 - Grafik Tasarımı | 8345 - Fotoğraf ve Grafik Sanatlar | 9160 - Grafik Sanatlar ve Grafik Tasarım | 9365 - Grafik Resimleme ve Baskı | 4243 - Aşağıdaki lisans programlarından birinden mezun olmak. | 7158 - Fotoğraf | 7211 - Fotoğraf ve Video | 8345 - Fotoğraf ve Grafik Sanatlar | 4254 - Aşağıdaki lisans programlarından birinden mezun olmak. | 8252 - Sahne ve Görüntü Sanatları | 4255 - Aşağıdaki lisans programlarından birinden mezun olmak. | 7192 - Sahne ve Gösteri Sanatları Yönetimi | 4269 - Aşağıdaki lisans programlarından birinden mezun olmak. | 4272 - Görsel Sanatlar ve İletişim Tasarımı | 5109 - Görsel İletişim Tasarımı | 7190 - Görsel İletişim Sanatı | 7191 - Görsel Sanatlar ve Görsel İletişim Tasarımı | 8353 - Görüntü Sanatları | 9162 - Görsel Sanatlar | 9195 - Medya ve Görsel Sanatlar | 9220 - Medya ve Uygulamalı Görsel Sanatlar | 9231 - Görsel İletişim | 9470 - Görsel Sanatlar ve Medya | 4285 - Aşağıdaki lisans programlarından birinden mezun olmak. | 3287 - Radyo, Sinema ve Televizyon / Radyo, Televizyon ve Sinema / Radyo-Televizyon, Sinema | 3288 - Radyo, Tv ve Sinema | 3289 - Radyo-Tv-Sinema | 3307 - Sinema ve Televizyon | 3308 - Sinema-Tv | 5126 - Radyo-Tv-Sinema ve Görsel Sanatlar | 8246 - Sinema-Tv Fotoğraf / Sinema-Tv-Fotoğraf | 8247 - Radyo ve Televizyon / Radyo-Tv | 8292 - Sinema | 9309 - Sinema ve Dijital Medya | 6225 - M.E.B.'Dan Onaylı Bilgisayar İşletmeni Sertifikası Sahibi olmak.;fd50481e-0a81-ed11-8117-a0369f7d1486
2022;2;302014420;Toprak Mahsulleri Ofisi Genel Müdürlüğü;Mühendis;Tekirdağ;Lisans;1;;81.653;81.653;"4845;3385;3386;4212;4370;6131;8147;8158;8220;9048;9190;9269;7324";4845 - Aşağıdaki lisans programlarından birinden mezun olmak. | 3385 - Tarla Bitkileri | 3386 - Toprak | 4212 - Bahçe ve Tarla Bitkileri | 4370 - Toprak Bilimi ve Tarım Kimyası | 6131 - Bitkisel Üretim | 8147 - Bahçe Bitkileri | 8158 - Bitki Koruma | 8220 - Kültür Bitkileri Üretimi ve Pazarlaması | 9048 - Toprak Bilimi ve Bitki Besleme | 9190 - Bahçe Bitkileri Üretimi ve Pazarlaması | 9269 - Bitkisel Üretim ve Teknolojileri | 7324 - (Bakınız Başvurma Özel Şartları Bölümü Toprak Mahsulleri Ofisi Genel Müdürlüğü).;4a50481e-0a81-ed11-8117-a0369f7d1486
2022;2;302014315;Toprak Mahsulleri Ofisi Genel Müdürlüğü;Mühendis;Edirne;Lisans;1;;81.641;81.641;"4845;3385;3386;4212;4370;6131;8147;8158;8220;9048;9190;9269;7324";4845 - Aşağıdaki lisans programlarından birinden mezun olmak. | 3385 - Tarla Bitkileri | 3386 - Toprak | 4212 - Bahçe ve Tarla Bitkileri | 4370 - Toprak Bilimi ve Tarım Kimyası | 6131 - Bitkisel Üretim | 8147 - Bahçe Bitkileri | 8158 - Bitki Koruma | 8220 - Kültür Bitkileri Üretimi ve Pazarlaması | 9048 - Toprak Bilimi ve Bitki Besleme | 9190 - Bahçe Bitkileri Üretimi ve Pazarlaması | 9269 - Bitkisel Üretim ve Teknolojileri | 7324 - (Bakınız Başvurma Özel Şartları Bölümü Toprak Mahsulleri Ofisi Genel Müdürlüğü).;7e4d481e-0a81-ed11-8117-a0369f7d1486
2022;2;302011165;Devlet Demiryolları Taşımacılık A.Ş Genel Müdürlüğü;Memur;Adana;Lisans;1;;81.636;81.636;"4478;3355;3356;5131;9108;9218;9282;4484;4393;9009;9378;4485;3354;5130;8222;9110;9376;9387;9415;7300;7368";4478 - Aşağıdaki lisans programlarından birinden mezun olmak. | 3355 - Uluslararası Ticaret | 3356 - Uluslararası Ticaret ve İşletmecilik | 5131 - Uluslararası Ticaret ve Finansman | 9108 - Uluslararası İşletmecilik ve Ticaret | 9218 - Uluslararası Ticaret ve Pazarlama | 9282 - Uluslararası Ticaret ve Finans | 4484 - Aşağıdaki lisans programlarından birinden mezun olmak. | 4393 - Uluslararası Ticaret ve Lojistik Yönetimi | 9009 - Uluslararası Ticaret ve Lojistik | 9378 - Uluslararası Ticaret, Lojistik ve İşletmecilik | 4485 - Aşağıdaki lisans programlarından birinden mezun olmak. | 3354 - Uluslararası Lojistik ve Taşımacılık / Uluslararası Lojistik | 5130 - Ulaştırma ve Lojistik | 8222 - Lojistik Yönetimi | 9110 - Uluslararası Lojistik Yönetimi | 9376 - Lojistik | 9387 - Lojistik ve Taşımacılık | 9415 - Ulaştırma ve Lojistik Yönetimi | 7300 - Bu kadro/pozisyonda vardiya sistemi uygulanmaktadır. | 7368 - (Bakınız Başvurma Özel Şartları Bölümü T.C. Devlet Demiryolları Taşımacılık A.Ş. Genel Müdürlüğü);ea4b481e-0a81-ed11-8117-a0369f7d1486
2022;2;302012922;Marmara Üniversitesi;Bilgisayar İşletmeni;İstanbul;Lisans;2;;81.564;84.206;"4525;3223;8229;6225";4525 - Aşağıdaki lisans programlarından birinden mezun olmak. | 3223 - İstatistik | 8229 - Matematik ve İstatistik | 6225 - M.E.B.'Dan Onaylı Bilgisayar İşletmeni Sertifikası Sahibi olmak.;6a4e481e-0a81-ed11-8117-a0369f7d1486
2022;2;302015708;Zonguldak Bülent Ecevit Üniversitesi;Kütüphaneci;Zonguldak;Lisans;1;;81.557;81.557;"4099;3113;3153;3248;4309;8144;7300";4099 - Aşağıdaki lisans programlarından birinden mezun olmak. | 3113 - Arşivcilik | 3153 - Dokümantasyon ve Enformasyon | 3248 - Kütüphanecilik | 4309 - Kütüphanecilik ve Bilgi Çalışmaları | 8144 - Bilgi ve Belge Yönetimi | 7300 - Bu kadro/pozisyonda vardiya sistemi uygulanmaktadır.;c250481e-0a81-ed11-8117-a0369f7d1486
2022;2;302011291;Devlet Demiryolları Taşımacılık A.Ş Genel Müdürlüğü;Memur;Hatay;Lisans;3;;81.534;84.008;"4478;3355;3356;5131;9108;9218;9282;4484;4393;9009;9378;4485;3354;5130;8222;9110;9376;9387;9415;7300;7368";4478 - Aşağıdaki lisans programlarından birinden mezun olmak. | 3355 - Uluslararası Ticaret | 3356 - Uluslararası Ticaret ve İşletmecilik | 5131 - Uluslararası Ticaret ve Finansman | 9108 - Uluslararası İşletmecilik ve Ticaret | 9218 - Uluslararası Ticaret ve Pazarlama | 9282 - Uluslararası Ticaret ve Finans | 4484 - Aşağıdaki lisans programlarından birinden mezun olmak. | 4393 - Uluslararası Ticaret ve Lojistik Yönetimi | 9009 - Uluslararası Ticaret ve Lojistik | 9378 - Uluslararası Ticaret, Lojistik ve İşletmecilik | 4485 - Aşağıdaki lisans programlarından birinden mezun olmak. | 3354 - Uluslararası Lojistik ve Taşımacılık / Uluslararası Lojistik | 5130 - Ulaştırma ve Lojistik | 8222 - Lojistik Yönetimi | 9110 - Uluslararası Lojistik Yönetimi | 9376 - Lojistik | 9387 - Lojistik ve Taşımacılık | 9415 - Ulaştırma ve Lojistik Yönetimi | 7300 - Bu kadro/pozisyonda vardiya sistemi uygulanmaktadır. | 7368 - (Bakınız Başvurma Özel Şartları Bölümü T.C. Devlet Demiryolları Taşımacılık A.Ş. Genel Müdürlüğü);214e481e-0a81-ed11-8117-a0369f7d1486
2022;2;302011284;Devlet Demiryolları Taşımacılık A.Ş Genel Müdürlüğü;Memur;Edirne;Lisans;2;;81.502;81.56;"4478;3355;3356;5131;9108;9218;9282;4484;4393;9009;9378;4485;3354;5130;8222;9110;9376;9387;9415;7300;7368";4478 - Aşağıdaki lisans programlarından birinden mezun olmak. | 3355 - Uluslararası Ticaret | 3356 - Uluslararası Ticaret ve İşletmecilik | 5131 - Uluslararası Ticaret ve Finansman | 9108 - Uluslararası İşletmecilik ve Ticaret | 9218 - Uluslararası Ticaret ve Pazarlama | 9282 - Uluslararası Ticaret ve Finans | 4484 - Aşağıdaki lisans programlarından birinden mezun olmak. | 4393 - Uluslararası Ticaret ve Lojistik Yönetimi | 9009 - Uluslararası Ticaret ve Lojistik | 9378 - Uluslararası Ticaret, Lojistik ve İşletmecilik | 4485 - Aşağıdaki lisans programlarından birinden mezun olmak. | 3354 - Uluslararası Lojistik ve Taşımacılık / Uluslararası Lojistik | 5130 - Ulaştırma ve Lojistik | 8222 - Lojistik Yönetimi | 9110 - Uluslararası Lojistik Yönetimi | 9376 - Lojistik | 9387 - Lojistik ve Taşımacılık | 9415 - Ulaştırma ve Lojistik Yönetimi | 7300 - Bu kadro/pozisyonda vardiya sistemi uygulanmaktadır. | 7368 - (Bakınız Başvurma Özel Şartları Bölümü T.C. Devlet Demiryolları Taşımacılık A.Ş. Genel Müdürlüğü);814d481e-0a81-ed11-8117-a0369f7d1486
2022;2;302014322;Toprak Mahsulleri Ofisi Genel Müdürlüğü;Mühendis;Edirne;Lisans;1;;81.5;81.5;"4845;3385;3386;4212;4370;6131;8147;8158;8220;9048;9190;9269;7324";4845 - Aşağıdaki lisans programlarından birinden mezun olmak. | 3385 - Tarla Bitkileri | 3386 - Toprak | 4212 - Bahçe ve Tarla Bitkileri | 4370 - Toprak Bilimi ve Tarım Kimyası | 6131 - Bitkisel Üretim | 8147 - Bahçe Bitkileri | 8158 - Bitki Koruma | 8220 - Kültür Bitkileri Üretimi ve Pazarlaması | 9048 - Toprak Bilimi ve Bitki Besleme | 9190 - Bahçe Bitkileri Üretimi ve Pazarlaması | 9269 - Bitkisel Üretim ve Teknolojileri | 7324 - (Bakınız Başvurma Özel Şartları Bölümü Toprak Mahsulleri Ofisi Genel Müdürlüğü).;7f4d481e-0a81-ed11-8117-a0369f7d1486
2022;2;302013041;Muş Alparslan Üniversitesi;Kütüphaneci;Muş;Lisans;1;;81.474;81.474;"4099;3113;3153;3248;4309;8144";4099 - Aşağıdaki lisans programlarından birinden mezun olmak. | 3113 - Arşivcilik | 3153 - Dokümantasyon ve Enformasyon | 3248 - Kütüphanecilik | 4309 - Kütüphanecilik ve Bilgi Çalışmaları | 8144 - Bilgi ve Belge Yönetimi;a64f481e-0a81-ed11-8117-a0369f7d1486
2022;2;302011396;Devlet Demiryolları Taşımacılık A.Ş Genel Müdürlüğü;Memur;Zonguldak;Lisans;2;;81.452;82.633;"4478;3355;3356;5131;9108;9218;9282;4484;4393;9009;9378;4485;3354;5130;8222;9110;9376;9387;9415;7300;7368";4478 - Aşağıdaki lisans programlarından birinden mezun olmak. | 3355 - Uluslararası Ticaret | 3356 - Uluslararası Ticaret ve İşletmecilik | 5131 - Uluslararası Ticaret ve Finansman | 9108 - Uluslararası İşletmecilik ve Ticaret | 9218 - Uluslararası Ticaret ve Pazarlama | 9282 - Uluslararası Ticaret ve Finans | 4484 - Aşağıdaki lisans programlarından birinden mezun olmak. | 4393 - Uluslararası Ticaret ve Lojistik Yönetimi | 9009 - Uluslararası Ticaret ve Lojistik | 9378 - Uluslararası Ticaret, Lojistik ve İşletmecilik | 4485 - Aşağıdaki lisans programlarından birinden mezun olmak. | 3354 - Uluslararası Lojistik ve Taşımacılık / Uluslararası Lojistik | 5130 - Ulaştırma ve Lojistik | 8222 - Lojistik Yönetimi | 9110 - Uluslararası Lojistik Yönetimi | 9376 - Lojistik | 9387 - Lojistik ve Taşımacılık | 9415 - Ulaştırma ve Lojistik Yönetimi | 7300 - Bu kadro/pozisyonda vardiya sistemi uygulanmaktadır. | 7368 - (Bakınız Başvurma Özel Şartları Bölümü T.C. Devlet Demiryolları Taşımacılık A.Ş. Genel Müdürlüğü);ec50481e-0a81-ed11-8117-a0369f7d1486
2022;2;302014539;Türkiye İlaç ve Tıbbi Cihaz Kurumu;Memur;Ankara;Lisans;1;;81.353;81.353;"4453;3268;3269;3381;4322;5123;9115;9262;9308";4453 - Aşağıdaki lisans programlarından birinden mezun olmak. | 3268 - Muhasebe | 3269 - Muhasebe Bilgi Sistemleri | 3381 - Muhasebe ve Finansman | 4322 - Muhasebe ve Maliye | 5123 - Muhasebe ve Finansal Yönetim / Muhasebe ve Finans Yönetimi | 9115 - Muhasebe ve Denetim | 9262 - Finans ve Muhasebe | 9308 - İşletme-Muhasebe ve Denetim;444c481e-0a81-ed11-8117-a0369f7d1486
2022;2;302011942;Elektrik Üretim A.Ş. Genel Müdürlüğü;Mühendis;Ankara;Lisans;1;;81.234;81.234;"4533;5134;9343";4533 - Aşağıdaki lisans programlarından birinden mezun olmak. | 5134 - Yazılım Mühendisliği | 9343 - Bilgisayar ve Yazılım Mühendisliği;8d4c481e-0a81-ed11-8117-a0369f7d1486
2022;2;302010990;Çay İşletmeleri Genel Müdürlüğü;Mühendis;Rize;Lisans;8;;81.232;90.046;"4845;3385;3386;4212;4370;6131;8147;8158;8220;9048;9190;9269";4845 - Aşağıdaki lisans programlarından birinden mezun olmak. | 3385 - Tarla Bitkileri | 3386 - Toprak | 4212 - Bahçe ve Tarla Bitkileri | 4370 - Toprak Bilimi ve Tarım Kimyası | 6131 - Bitkisel Üretim | 8147 - Bahçe Bitkileri | 8158 - Bitki Koruma | 8220 - Kültür Bitkileri Üretimi ve Pazarlaması | 9048 - Toprak Bilimi ve Bitki Besleme | 9190 - Bahçe Bitkileri Üretimi ve Pazarlaması | 9269 - Bitkisel Üretim ve Teknolojileri;d04f481e-0a81-ed11-8117-a0369f7d1486
2022;2;302014084;Tekirdağ Namık Kemal Üniversitesi;Kütüphaneci;Tekirdağ;Lisans;2;;81.196;83.784;"4099;3113;3153;3248;4309;8144";4099 - Aşağıdaki lisans programlarından birinden mezun olmak. | 3113 - Arşivcilik | 3153 - Dokümantasyon ve Enformasyon | 3248 - Kütüphanecilik | 4309 - Kütüphanecilik ve Bilgi Çalışmaları | 8144 - Bilgi ve Belge Yönetimi;4650481e-0a81-ed11-8117-a0369f7d1486
2022;2;302010864;Bayburt Üniversitesi;Bilgisayar İşletmeni;Bayburt;Lisans;2;;81.166;81.551;"4437;3227;3361;4216;8210;9286;9427;4453;3268;3269;3381;4322;5123;9115;9262;9308;4502;8328;9318;4505;9426;6225";4437 - Aşağıdaki lisans programlarından birinden mezun olmak. | 3227 - İşletme Bilgi Yönetimi | 3361 - Yönetim Bilişim Sistemleri | 4216 - Bilgi İşlemi | 8210 - İşletme Enformatiği | 9286 - Teknoloji ve Bilgi Yönetimi | 9427 - Yönetim Bilimi ve Bilişim Sistemleri | 4453 - Aşağıdaki lisans programlarından birinden mezun olmak. | 3268 - Muhasebe | 3269 - Muhasebe Bilgi Sistemleri | 3381 - Muhasebe ve Finansman | 4322 - Muhasebe ve Maliye | 5123 - Muhasebe ve Finansal Yönetim / Muhasebe ve Finans Yönetimi | 9115 - Muhasebe ve Denetim | 9262 - Finans ve Muhasebe | 9308 - İşletme-Muhasebe ve Denetim | 4502 - Aşağıdaki lisans programlarından birinden mezun olmak. | 8328 - İnsan Kaynakları Yönetimi | 9318 - İnsan Kaynakları | 4505 - Aşağıdaki lisans programlarından birinden mezun olmak. | 9426 - Yerel Yönetimler | 6225 - M.E.B.'Dan Onaylı Bilgisayar İşletmeni Sertifikası Sahibi olmak.;ff50481e-0a81-ed11-8117-a0369f7d1486
2022;2;302013510;T.C.Devlet Demiryolları İşletmesi Genel Müdürlüğü;Hareket Memuru;Erzurum;Lisans;2;;81.166;83.196;"4441;4367;4443;3270;8134;8209;8211;8234;8267;4480;9118;9425;4484;4393;9009;9378;4485;3354;5130;8222;9110;9376;9387;9415;4491;1286;4517;4395;5107;6256;4524;3224;4525;3223;8229;4527;3256;3258;8228;8230;8277;4535;3128;3129;8152;8310;8347;9150;7257;7300;7327";4441 - Aşağıdaki lisans programlarından birinden mezun olmak. | 4367 - Ticaret Ekonomisi | 4443 - Aşağıdaki lisans programlarından birinden mezun olmak. | 3270 - Muhasebe ve Finansman Öğretmenliği | 8134 - İşletme Öğretmenliği | 8209 - İş Yönetimi ve Ticaret Eğitimi Öğretmenliği / İş Yönetimi ve Ticaret Öğretmenliği | 8211 - İşletme, Muhasebe ve Ticaret Öğretmenliği | 8234 - Muhasebe-İşletme Öğretmenliği | 8267 - Ticaret - İş Eğitimi Öğretmenliği | 4480 - Aşağıdaki lisans programlarından birinden mezun olmak. | 9118 - Gümrük İşletme | 9425 - Gümrük İşletmeciliği | 4484 - Aşağıdaki lisans programlarından birinden mezun olmak. | 4393 - Uluslararası Ticaret ve Lojistik Yönetimi | 9009 - Uluslararası Ticaret ve Lojistik | 9378 - Uluslararası Ticaret, Lojistik ve İşletmecilik | 4485 - Aşağıdaki lisans programlarından birinden mezun olmak. | 3354 - Uluslararası Lojistik ve Taşımacılık / Uluslararası Lojistik | 5130 - Ulaştırma ve Lojistik | 8222 - Lojistik Yönetimi | 9110 - Uluslararası Lojistik Yönetimi | 9376 - Lojistik | 9387 - Lojistik ve Taşımacılık | 9415 - Ulaştırma ve Lojistik Yönetimi | 4491 - Aşağıdaki lisans programlarından birinden mezun olmak. | 1286 - ULUSLARARASI ULAŞTIRMA SİSTEMLERİ | 4517 - Aşağıdaki lisans programlarından birinden mezun olmak. | 4395 - Uygulamalı Matematik | 5107 - Finans Matematiği | 6256 - Matematik | 4524 - Aşağıdaki lisans programlarından birinden mezun olmak. | 3224 - İstatistik ve Bilgisayar Bilimleri | 4525 - Aşağıdaki lisans programlarından birinden mezun olmak. | 3223 - İstatistik | 8229 - Matematik ve İstatistik | 4527 - Aşağıdaki lisans programlarından birinden mezun olmak. | 3256 - Matematik ve Bilgisayar Bilimleri | 3258 - Matematik ve Bilgisayar / Matematik-Bilgisayar | 8228 - Matematik ve İnformatik / Matematik-İnformatik | 8230 - Matematik-Bilgisayar Programcılığı | 8277 - Uygulamalı Matematik ve Bilgisayar | 4535 - Aşağıdaki lisans programlarından birinden mezun olmak. | 3128 - Bilgisayar ve Kontrol Öğretmenliği | 3129 - Bilgisayar ve Öğretim Teknolojileri Öğretmenliği | 8152 - Bilgisayar Teknolojisi Öğretmenliği | 8310 - Bilgisayar ve Öğretim Teknolojileri Öğretimi | 8347 - Kontrol Öğretmenliği | 9150 - Bilgisayar ve Öğretim Teknolojileri Eğitimi | 7257 - Seyahate ve Arazide Çalışmaya Elverişli olmak. | 7300 - Bu kadro/pozisyonda vardiya sistemi uygulanmaktadır. | 7327 - (Bakınız Başvurma Özel Şartları Bölümü TCDD Genel Müdürlüğü).;bf4d481e-0a81-ed11-8117-a0369f7d1486
2022;2;302011326;Devlet Demiryolları Taşımacılık A.Ş Genel Müdürlüğü;Memur;Karabük;Lisans;2;;81.1;81.113;"4478;3355;3356;5131;9108;9218;9282;4484;4393;9009;9378;4485;3354;5130;8222;9110;9376;9387;9415;7300;7368";4478 - Aşağıdaki lisans programlarından birinden mezun olmak. | 3355 - Uluslararası Ticaret | 3356 - Uluslararası Ticaret ve İşletmecilik | 5131 - Uluslararası Ticaret ve Finansman | 9108 - Uluslararası İşletmecilik ve Ticaret | 9218 - Uluslararası Ticaret ve Pazarlama | 9282 - Uluslararası Ticaret ve Finans | 4484 - Aşağıdaki lisans programlarından birinden mezun olmak. | 4393 - Uluslararası Ticaret ve Lojistik Yönetimi | 9009 - Uluslararası Ticaret ve Lojistik | 9378 - Uluslararası Ticaret, Lojistik ve İşletmecilik | 4485 - Aşağıdaki lisans programlarından birinden mezun olmak. | 3354 - Uluslararası Lojistik ve Taşımacılık / Uluslararası Lojistik | 5130 - Ulaştırma ve Lojistik | 8222 - Lojistik Yönetimi | 9110 - Uluslararası Lojistik Yönetimi | 9376 - Lojistik | 9387 - Lojistik ve Taşımacılık | 9415 - Ulaştırma ve Lojistik Yönetimi | 7300 - Bu kadro/pozisyonda vardiya sistemi uygulanmaktadır. | 7368 - (Bakınız Başvurma Özel Şartları Bölümü T.C. Devlet Demiryolları Taşımacılık A.Ş. Genel Müdürlüğü);5e51481e-0a81-ed11-8117-a0369f7d1486
2022;2;302010549;Afyonkarahisar Sağlık Bilimleri Üniversitesi;Kütüphaneci;Afyonkarahisar;Lisans;1;;81.043;81.043;"4099;3113;3153;3248;4309;8144;7300";4099 - Aşağıdaki lisans programlarından birinden mezun olmak. | 3113 - Arşivcilik | 3153 - Dokümantasyon ve Enformasyon | 3248 - Kütüphanecilik | 4309 - Kütüphanecilik ve Bilgi Çalışmaları | 8144 - Bilgi ve Belge Yönetimi | 7300 - Bu kadro/pozisyonda vardiya sistemi uygulanmaktadır.;0e4c481e-0a81-ed11-8117-a0369f7d1486
2022;2;302010381;Afet ve Acil Durum Yönetimi Başkanlığı;Mühendis;Kırklareli;Lisans;1;;80.984;80.984;"4681;3234";4681 - Aşağıdaki lisans programlarından birinden mezun olmak. | 3234 - Jeofizik Mühendisliği;024f481e-0a81-ed11-8117-a0369f7d1486
2022;2;302013797;T.C.Devlet Demiryolları İşletmesi Genel Müdürlüğü;Tren Teşkil Memuru;Muş;Lisans;1;;80.922;80.922;"4441;4367;4443;3270;8134;8209;8211;8234;8267;4480;9118;9425;4484;4393;9009;9378;4485;3354;5130;8222;9110;9376;9387;9415;4491;1286;4517;4395;5107;6256;4524;3224;4525;3223;8229;4527;3256;3258;8228;8230;8277;4535;3128;3129;8152;8310;8347;9150;7257;7300;7327";4441 - Aşağıdaki lisans programlarından birinden mezun olmak. | 4367 - Ticaret Ekonomisi | 4443 - Aşağıdaki lisans programlarından birinden mezun olmak. | 3270 - Muhasebe ve Finansman Öğretmenliği | 8134 - İşletme Öğretmenliği | 8209 - İş Yönetimi ve Ticaret Eğitimi Öğretmenliği / İş Yönetimi ve Ticaret Öğretmenliği | 8211 - İşletme, Muhasebe ve Ticaret Öğretmenliği | 8234 - Muhasebe-İşletme Öğretmenliği | 8267 - Ticaret - İş Eğitimi Öğretmenliği | 4480 - Aşağıdaki lisans programlarından birinden mezun olmak. | 9118 - Gümrük İşletme | 9425 - Gümrük İşletmeciliği | 4484 - Aşağıdaki lisans programlarından birinden mezun olmak. | 4393 - Uluslararası Ticaret ve Lojistik Yönetimi | 9009 - Uluslararası Ticaret ve Lojistik | 9378 - Uluslararası Ticaret, Lojistik ve İşletmecilik | 4485 - Aşağıdaki lisans programlarından birinden mezun olmak. | 3354 - Uluslararası Lojistik ve Taşımacılık / Uluslararası Lojistik | 5130 - Ulaştırma ve Lojistik | 8222 - Lojistik Yönetimi | 9110 - Uluslararası Lojistik Yönetimi | 9376 - Lojistik | 9387 - Lojistik ve Taşımacılık | 9415 - Ulaştırma ve Lojistik Yönetimi | 4491 - Aşağıdaki lisans programlarından birinden mezun olmak. | 1286 - ULUSLARARASI ULAŞTIRMA SİSTEMLERİ | 4517 - Aşağıdaki lisans programlarından birinden mezun olmak. | 4395 - Uygulamalı Matematik | 5107 - Finans Matematiği | 6256 - Matematik | 4524 - Aşağıdaki lisans programlarından birinden mezun olmak. | 3224 - İstatistik ve Bilgisayar Bilimleri | 4525 - Aşağıdaki lisans programlarından birinden mezun olmak. | 3223 - İstatistik | 8229 - Matematik ve İstatistik | 4527 - Aşağıdaki lisans programlarından birinden mezun olmak. | 3256 - Matematik ve Bilgisayar Bilimleri | 3258 - Matematik ve Bilgisayar / Matematik-Bilgisayar | 8228 - Matematik ve İnformatik / Matematik-İnformatik | 8230 - Matematik-Bilgisayar Programcılığı | 8277 - Uygulamalı Matematik ve Bilgisayar | 4535 - Aşağıdaki lisans programlarından birinden mezun olmak. | 3128 - Bilgisayar ve Kontrol Öğretmenliği | 3129 - Bilgisayar ve Öğretim Teknolojileri Öğretmenliği | 8152 - Bilgisayar Teknolojisi Öğretmenliği | 8310 - Bilgisayar ve Öğretim Teknolojileri Öğretimi | 8347 - Kontrol Öğretmenliği | 9150 - Bilgisayar ve Öğretim Teknolojileri Eğitimi | 7257 - Seyahate ve Arazide Çalışmaya Elverişli olmak. | 7300 - Bu kadro/pozisyonda vardiya sistemi uygulanmaktadır. | 7327 - (Bakınız Başvurma Özel Şartları Bölümü TCDD Genel Müdürlüğü).;a44f481e-0a81-ed11-8117-a0369f7d1486
2022;2;302013783;T.C.Devlet Demiryolları İşletmesi Genel Müdürlüğü;Tren Teşkil Memuru;Konya;Lisans;3;;80.891;83.578;"4441;4367;4443;3270;8134;8209;8211;8234;8267;4480;9118;9425;4484;4393;9009;9378;4485;3354;5130;8222;9110;9376;9387;9415;4491;1286;4517;4395;5107;6256;4524;3224;4525;3223;8229;4527;3256;3258;8228;8230;8277;4535;3128;3129;8152;8310;8347;9150;7257;7300;7327";4441 - Aşağıdaki lisans programlarından birinden mezun olmak. | 4367 - Ticaret Ekonomisi | 4443 - Aşağıdaki lisans programlarından birinden mezun olmak. | 3270 - Muhasebe ve Finansman Öğretmenliği | 8134 - İşletme Öğretmenliği | 8209 - İş Yönetimi ve Ticaret Eğitimi Öğretmenliği / İş Yönetimi ve Ticaret Öğretmenliği | 8211 - İşletme, Muhasebe ve Ticaret Öğretmenliği | 8234 - Muhasebe-İşletme Öğretmenliği | 8267 - Ticaret - İş Eğitimi Öğretmenliği | 4480 - Aşağıdaki lisans programlarından birinden mezun olmak. | 9118 - Gümrük İşletme | 9425 - Gümrük İşletmeciliği | 4484 - Aşağıdaki lisans programlarından birinden mezun olmak. | 4393 - Uluslararası Ticaret ve Lojistik Yönetimi | 9009 - Uluslararası Ticaret ve Lojistik | 9378 - Uluslararası Ticaret, Lojistik ve İşletmecilik | 4485 - Aşağıdaki lisans programlarından birinden mezun olmak. | 3354 - Uluslararası Lojistik ve Taşımacılık / Uluslararası Lojistik | 5130 - Ulaştırma ve Lojistik | 8222 - Lojistik Yönetimi | 9110 - Uluslararası Lojistik Yönetimi | 9376 - Lojistik | 9387 - Lojistik ve Taşımacılık | 9415 - Ulaştırma ve Lojistik Yönetimi | 4491 - Aşağıdaki lisans programlarından birinden mezun olmak. | 1286 - ULUSLARARASI ULAŞTIRMA SİSTEMLERİ | 4517 - Aşağıdaki lisans programlarından birinden mezun olmak. | 4395 - Uygulamalı Matematik | 5107 - Finans Matematiği | 6256 - Matematik | 4524 - Aşağıdaki lisans programlarından birinden mezun olmak. | 3224 - İstatistik ve Bilgisayar Bilimleri | 4525 - Aşağıdaki lisans programlarından birinden mezun olmak. | 3223 - İstatistik | 8229 - Matematik ve İstatistik | 4527 - Aşağıdaki lisans programlarından birinden mezun olmak. | 3256 - Matematik ve Bilgisayar Bilimleri | 3258 - Matematik ve Bilgisayar / Matematik-Bilgisayar | 8228 - Matematik ve İnformatik / Matematik-İnformatik | 8230 - Matematik-Bilgisayar Programcılığı | 8277 - Uygulamalı Matematik ve Bilgisayar | 4535 - Aşağıdaki lisans programlarından birinden mezun olmak. | 3128 - Bilgisayar ve Kontrol Öğretmenliği | 3129 - Bilgisayar ve Öğretim Teknolojileri Öğretmenliği | 8152 - Bilgisayar Teknolojisi Öğretmenliği | 8310 - Bilgisayar ve Öğretim Teknolojileri Öğretimi | 8347 - Kontrol Öğretmenliği | 9150 - Bilgisayar ve Öğretim Teknolojileri Eğitimi | 7257 - Seyahate ve Arazide Çalışmaya Elverişli olmak. | 7300 - Bu kadro/pozisyonda vardiya sistemi uygulanmaktadır. | 7327 - (Bakınız Başvurma Özel Şartları Bölümü TCDD Genel Müdürlüğü).;304f481e-0a81-ed11-8117-a0369f7d1486
2022;2;302013713;T.C.Devlet Demiryolları İşletmesi Genel Müdürlüğü;Tren Teşkil Memuru;Afyonkarahisar;Lisans;1;;80.883;80.883;"4441;4367;4443;3270;8134;8209;8211;8234;8267;4480;9118;9425;4484;4393;9009;9378;4485;3354;5130;8222;9110;9376;9387;9415;4491;1286;4517;4395;5107;6256;4524;3224;4525;3223;8229;4527;3256;3258;8228;8230;8277;4535;3128;3129;8152;8310;8347;9150;7257;7300;7327";4441 - Aşağıdaki lisans programlarından birinden mezun olmak. | 4367 - Ticaret Ekonomisi | 4443 - Aşağıdaki lisans programlarından birinden mezun olmak. | 3270 - Muhasebe ve Finansman Öğretmenliği | 8134 - İşletme Öğretmenliği | 8209 - İş Yönetimi ve Ticaret Eğitimi Öğretmenliği / İş Yönetimi ve Ticaret Öğretmenliği | 8211 - İşletme, Muhasebe ve Ticaret Öğretmenliği | 8234 - Muhasebe-İşletme Öğretmenliği | 8267 - Ticaret - İş Eğitimi Öğretmenliği | 4480 - Aşağıdaki lisans programlarından birinden mezun olmak. | 9118 - Gümrük İşletme | 9425 - Gümrük İşletmeciliği | 4484 - Aşağıdaki lisans programlarından birinden mezun olmak. | 4393 - Uluslararası Ticaret ve Lojistik Yönetimi | 9009 - Uluslararası Ticaret ve Lojistik | 9378 - Uluslararası Ticaret, Lojistik ve İşletmecilik | 4485 - Aşağıdaki lisans programlarından birinden mezun olmak. | 3354 - Uluslararası Lojistik ve Taşımacılık / Uluslararası Lojistik | 5130 - Ulaştırma ve Lojistik | 8222 - Lojistik Yönetimi | 9110 - Uluslararası Lojistik Yönetimi | 9376 - Lojistik | 9387 - Lojistik ve Taşımacılık | 9415 - Ulaştırma ve Lojistik Yönetimi | 4491 - Aşağıdaki lisans programlarından birinden mezun olmak. | 1286 - ULUSLARARASI ULAŞTIRMA SİSTEMLERİ | 4517 - Aşağıdaki lisans programlarından birinden mezun olmak. | 4395 - Uygulamalı Matematik | 5107 - Finans Matematiği | 6256 - Matematik | 4524 - Aşağıdaki lisans programlarından birinden mezun olmak. | 3224 - İstatistik ve Bilgisayar Bilimleri | 4525 - Aşağıdaki lisans programlarından birinden mezun olmak. | 3223 - İstatistik | 8229 - Matematik ve İstatistik | 4527 - Aşağıdaki lisans programlarından birinden mezun olmak. | 3256 - Matematik ve Bilgisayar Bilimleri | 3258 - Matematik ve Bilgisayar / Matematik-Bilgisayar | 8228 - Matematik ve İnformatik / Matematik-İnformatik | 8230 - Matematik-Bilgisayar Programcılığı | 8277 - Uygulamalı Matematik ve Bilgisayar | 4535 - Aşağıdaki lisans programlarından birinden mezun olmak. | 3128 - Bilgisayar ve Kontrol Öğretmenliği | 3129 - Bilgisayar ve Öğretim Teknolojileri Öğretmenliği | 8152 - Bilgisayar Teknolojisi Öğretmenliği | 8310 - Bilgisayar ve Öğretim Teknolojileri Öğretimi | 8347 - Kontrol Öğretmenliği | 9150 - Bilgisayar ve Öğretim Teknolojileri Eğitimi | 7257 - Seyahate ve Arazide Çalışmaya Elverişli olmak. | 7300 - Bu kadro/pozisyonda vardiya sistemi uygulanmaktadır. | 7327 - (Bakınız Başvurma Özel Şartları Bölümü TCDD Genel Müdürlüğü).;144c481e-0a81-ed11-8117-a0369f7d1486
2022;2;302015498;Ulaştırma ve Altyapı Bakanlığı;Denizcilik Sörvey Mühendisi;Samsun;Lisans;1;;80.868;80.868;"4495;3149;3195;8294;7111;7337";4495 - Aşağıdaki lisans programlarından birinden mezun olmak. | 3149 - Deniz Ulaştırma İşletme Mühendisliği | 3195 - Güverte | 8294 - Güverte (Dkk) | 7111 - Son 5 Yıl İçerisinde KPDS/YDS En Az C Seviyesinde İngilizce Bilmek. | 7337 - (Bakınız Başvurma Özel Şartları Bölümü Gemi Sörvey Kurulu Uzmanı).;f44f481e-0a81-ed11-8117-a0369f7d1486
2022;2;302013762;T.C.Devlet Demiryolları İşletmesi Genel Müdürlüğü;Tren Teşkil Memuru;Karaman;Lisans;2;;80.861;81.559;"4441;4367;4443;3270;8134;8209;8211;8234;8267;4480;9118;9425;4484;4393;9009;9378;4485;3354;5130;8222;9110;9376;9387;9415;4491;1286;4517;4395;5107;6256;4524;3224;4525;3223;8229;4527;3256;3258;8228;8230;8277;4535;3128;3129;8152;8310;8347;9150;7257;7300;7327";4441 - Aşağıdaki lisans programlarından birinden mezun olmak. | 4367 - Ticaret Ekonomisi | 4443 - Aşağıdaki lisans programlarından birinden mezun olmak. | 3270 - Muhasebe ve Finansman Öğretmenliği | 8134 - İşletme Öğretmenliği | 8209 - İş Yönetimi ve Ticaret Eğitimi Öğretmenliği / İş Yönetimi ve Ticaret Öğretmenliği | 8211 - İşletme, Muhasebe ve Ticaret Öğretmenliği | 8234 - Muhasebe-İşletme Öğretmenliği | 8267 - Ticaret - İş Eğitimi Öğretmenliği | 4480 - Aşağıdaki lisans programlarından birinden mezun olmak. | 9118 - Gümrük İşletme | 9425 - Gümrük İşletmeciliği | 4484 - Aşağıdaki lisans programlarından birinden mezun olmak. | 4393 - Uluslararası Ticaret ve Lojistik Yönetimi | 9009 - Uluslararası Ticaret ve Lojistik | 9378 - Uluslararası Ticaret, Lojistik ve İşletmecilik | 4485 - Aşağıdaki lisans programlarından birinden mezun olmak. | 3354 - Uluslararası Lojistik ve Taşımacılık / Uluslararası Lojistik | 5130 - Ulaştırma ve Lojistik | 8222 - Lojistik Yönetimi | 9110 - Uluslararası Lojistik Yönetimi | 9376 - Lojistik | 9387 - Lojistik ve Taşımacılık | 9415 - Ulaştırma ve Lojistik Yönetimi | 4491 - Aşağıdaki lisans programlarından birinden mezun olmak. | 1286 - ULUSLARARASI ULAŞTIRMA SİSTEMLERİ | 4517 - Aşağıdaki lisans programlarından birinden mezun olmak. | 4395 - Uygulamalı Matematik | 5107 - Finans Matematiği | 6256 - Matematik | 4524 - Aşağıdaki lisans programlarından birinden mezun olmak. | 3224 - İstatistik ve Bilgisayar Bilimleri | 4525 - Aşağıdaki lisans programlarından birinden mezun olmak. | 3223 - İstatistik | 8229 - Matematik ve İstatistik | 4527 - Aşağıdaki lisans programlarından birinden mezun olmak. | 3256 - Matematik ve Bilgisayar Bilimleri | 3258 - Matematik ve Bilgisayar / Matematik-Bilgisayar | 8228 - Matematik ve İnformatik / Matematik-İnformatik | 8230 - Matematik-Bilgisayar Programcılığı | 8277 - Uygulamalı Matematik ve Bilgisayar | 4535 - Aşağıdaki lisans programlarından birinden mezun olmak. | 3128 - Bilgisayar ve Kontrol Öğretmenliği | 3129 - Bilgisayar ve Öğretim Teknolojileri Öğretmenliği | 8152 - Bilgisayar Teknolojisi Öğretmenliği | 8310 - Bilgisayar ve Öğretim Teknolojileri Öğretimi | 8347 - Kontrol Öğretmenliği | 9150 - Bilgisayar ve Öğretim Teknolojileri Eğitimi | 7257 - Seyahate ve Arazide Çalışmaya Elverişli olmak. | 7300 - Bu kadro/pozisyonda vardiya sistemi uygulanmaktadır. | 7327 - (Bakınız Başvurma Özel Şartları Bölümü TCDD Genel Müdürlüğü).;0351481e-0a81-ed11-8117-a0369f7d1486
2022;2;302013538;T.C.Devlet Demiryolları İşletmesi Genel Müdürlüğü;Hareket Memuru;Kars;Lisans;2;;80.843;81.123;"4441;4367;4443;3270;8134;8209;8211;8234;8267;4480;9118;9425;4484;4393;9009;9378;4485;3354;5130;8222;9110;9376;9387;9415;4491;1286;4517;4395;5107;6256;4524;3224;4525;3223;8229;4527;3256;3258;8228;8230;8277;4535;3128;3129;8152;8310;8347;9150;7257;7300;7327";4441 - Aşağıdaki lisans programlarından birinden mezun olmak. | 4367 - Ticaret Ekonomisi | 4443 - Aşağıdaki lisans programlarından birinden mezun olmak. | 3270 - Muhasebe ve Finansman Öğretmenliği | 8134 - İşletme Öğretmenliği | 8209 - İş Yönetimi ve Ticaret Eğitimi Öğretmenliği / İş Yönetimi ve Ticaret Öğretmenliği | 8211 - İşletme, Muhasebe ve Ticaret Öğretmenliği | 8234 - Muhasebe-İşletme Öğretmenliği | 8267 - Ticaret - İş Eğitimi Öğretmenliği | 4480 - Aşağıdaki lisans programlarından birinden mezun olmak. | 9118 - Gümrük İşletme | 9425 - Gümrük İşletmeciliği | 4484 - Aşağıdaki lisans programlarından birinden mezun olmak. | 4393 - Uluslararası Ticaret ve Lojistik Yönetimi | 9009 - Uluslararası Ticaret ve Lojistik | 9378 - Uluslararası Ticaret, Lojistik ve İşletmecilik | 4485 - Aşağıdaki lisans programlarından birinden mezun olmak. | 3354 - Uluslararası Lojistik ve Taşımacılık / Uluslararası Lojistik | 5130 - Ulaştırma ve Lojistik | 8222 - Lojistik Yönetimi | 9110 - Uluslararası Lojistik Yönetimi | 9376 - Lojistik | 9387 - Lojistik ve Taşımacılık | 9415 - Ulaştırma ve Lojistik Yönetimi | 4491 - Aşağıdaki lisans programlarından birinden mezun olmak. | 1286 - ULUSLARARASI ULAŞTIRMA SİSTEMLERİ | 4517 - Aşağıdaki lisans programlarından birinden mezun olmak. | 4395 - Uygulamalı Matematik | 5107 - Finans Matematiği | 6256 - Matematik | 4524 - Aşağıdaki lisans programlarından birinden mezun olmak. | 3224 - İstatistik ve Bilgisayar Bilimleri | 4525 - Aşağıdaki lisans programlarından birinden mezun olmak. | 3223 - İstatistik | 8229 - Matematik ve İstatistik | 4527 - Aşağıdaki lisans programlarından birinden mezun olmak. | 3256 - Matematik ve Bilgisayar Bilimleri | 3258 - Matematik ve Bilgisayar / Matematik-Bilgisayar | 8228 - Matematik ve İnformatik / Matematik-İnformatik | 8230 - Matematik-Bilgisayar Programcılığı | 8277 - Uygulamalı Matematik ve Bilgisayar | 4535 - Aşağıdaki lisans programlarından birinden mezun olmak. | 3128 - Bilgisayar ve Kontrol Öğretmenliği | 3129 - Bilgisayar ve Öğretim Teknolojileri Öğretmenliği | 8152 - Bilgisayar Teknolojisi Öğretmenliği | 8310 - Bilgisayar ve Öğretim Teknolojileri Öğretimi | 8347 - Kontrol Öğretmenliği | 9150 - Bilgisayar ve Öğretim Teknolojileri Eğitimi | 7257 - Seyahate ve Arazide Çalışmaya Elverişli olmak. | 7300 - Bu kadro/pozisyonda vardiya sistemi uygulanmaktadır. | 7327 - (Bakınız Başvurma Özel Şartları Bölümü TCDD Genel Müdürlüğü).;cb4e481e-0a81-ed11-8117-a0369f7d1486
2022;2;302014896;Türkiye Şeker Fabrikaları A.Ş. Genel Müdürlüğü;Memur;Ankara;Lisans;3;;80.787;85.529;"4524;3224;4525;3223;8229;7248";4524 - Aşağıdaki lisans programlarından birinden mezun olmak. | 3224 - İstatistik ve Bilgisayar Bilimleri | 4525 - Aşağıdaki lisans programlarından birinden mezun olmak. | 3223 - İstatistik | 8229 - Matematik ve İstatistik | 7248 - Vardiyalı Çalışmasına Engel Bir Durumu Bulunmamak;d84c481e-0a81-ed11-8117-a0369f7d1486
2022;2;302010962;Çankırı Karatekin Üniversitesi;Kütüphaneci;Çankırı;Lisans;1;;80.775;80.775;"4099;3113;3153;3248;4309;8144";4099 - Aşağıdaki lisans programlarından birinden mezun olmak. | 3113 - Arşivcilik | 3153 - Dokümantasyon ve Enformasyon | 3248 - Kütüphanecilik | 4309 - Kütüphanecilik ve Bilgi Çalışmaları | 8144 - Bilgi ve Belge Yönetimi;5d4d481e-0a81-ed11-8117-a0369f7d1486
2022;2;302013118;Özelleştirme İdaresi Başkanlığı;Memur;Ankara;Lisans;1;;80.767;80.767;"4453;3268;3269;3381;4322;5123;9115;9262;9308";4453 - Aşağıdaki lisans programlarından birinden mezun olmak. | 3268 - Muhasebe | 3269 - Muhasebe Bilgi Sistemleri | 3381 - Muhasebe ve Finansman | 4322 - Muhasebe ve Maliye | 5123 - Muhasebe ve Finansal Yönetim / Muhasebe ve Finans Yönetimi | 9115 - Muhasebe ve Denetim | 9262 - Finans ve Muhasebe | 9308 - İşletme-Muhasebe ve Denetim;564c481e-0a81-ed11-8117-a0369f7d1486
2022;2;302010304;Afet ve Acil Durum Yönetimi Başkanlığı;Mühendis;Çankırı;Lisans;1;;80.755;80.755;"4681;3234";4681 - Aşağıdaki lisans programlarından birinden mezun olmak. | 3234 - Jeofizik Mühendisliği;604d481e-0a81-ed11-8117-a0369f7d1486
2022;2;302012971;Meteoroloji Genel Müdürlüğü;Mühendis;Van;Lisans;1;;80.747;80.747;"4683;6262";4683 - Aşağıdaki lisans programlarından birinden mezun olmak. | 6262 - Meteoroloji Mühendisliği;9750481e-0a81-ed11-8117-a0369f7d1486
2022;2;302014238;Tokat Gaziosmanpaşa Üniversitesi;Aşçı;Tokat;Lisans;1;;80.747;80.747;"4801;4265;5108;9153";4801 - Aşağıdaki lisans programlarından birinden mezun olmak. | 4265 - Gastronomi | 5108 - Gastronomi ve Mutfak Sanatları | 9153 - Mutfak Sanatları ve Yönetimi;4f50481e-0a81-ed11-8117-a0369f7d1486
2022;2;302013776;T.C.Devlet Demiryolları İşletmesi Genel Müdürlüğü;Tren Teşkil Memuru;Kırklareli;Lisans;1;;80.739;80.739;"4441;4367;4443;3270;8134;8209;8211;8234;8267;4480;9118;9425;4484;4393;9009;9378;4485;3354;5130;8222;9110;9376;9387;9415;4491;1286;4517;4395;5107;6256;4524;3224;4525;3223;8229;4527;3256;3258;8228;8230;8277;4535;3128;3129;8152;8310;8347;9150;7257;7300;7327";4441 - Aşağıdaki lisans programlarından birinden mezun olmak. | 4367 - Ticaret Ekonomisi | 4443 - Aşağıdaki lisans programlarından birinden mezun olmak. | 3270 - Muhasebe ve Finansman Öğretmenliği | 8134 - İşletme Öğretmenliği | 8209 - İş Yönetimi ve Ticaret Eğitimi Öğretmenliği / İş Yönetimi ve Ticaret Öğretmenliği | 8211 - İşletme, Muhasebe ve Ticaret Öğretmenliği | 8234 - Muhasebe-İşletme Öğretmenliği | 8267 - Ticaret - İş Eğitimi Öğretmenliği | 4480 - Aşağıdaki lisans programlarından birinden mezun olmak. | 9118 - Gümrük İşletme | 9425 - Gümrük İşletmeciliği | 4484 - Aşağıdaki lisans programlarından birinden mezun olmak. | 4393 - Uluslararası Ticaret ve Lojistik Yönetimi | 9009 - Uluslararası Ticaret ve Lojistik | 9378 - Uluslararası Ticaret, Lojistik ve İşletmecilik | 4485 - Aşağıdaki lisans programlarından birinden mezun olmak. | 3354 - Uluslararası Lojistik ve Taşımacılık / Uluslararası Lojistik | 5130 - Ulaştırma ve Lojistik | 8222 - Lojistik Yönetimi | 9110 - Uluslararası Lojistik Yönetimi | 9376 - Lojistik | 9387 - Lojistik ve Taşımacılık | 9415 - Ulaştırma ve Lojistik Yönetimi | 4491 - Aşağıdaki lisans programlarından birinden mezun olmak. | 1286 - ULUSLARARASI ULAŞTIRMA SİSTEMLERİ | 4517 - Aşağıdaki lisans programlarından birinden mezun olmak. | 4395 - Uygulamalı Matematik | 5107 - Finans Matematiği | 6256 - Matematik | 4524 - Aşağıdaki lisans programlarından birinden mezun olmak. | 3224 - İstatistik ve Bilgisayar Bilimleri | 4525 - Aşağıdaki lisans programlarından birinden mezun olmak. | 3223 - İstatistik | 8229 - Matematik ve İstatistik | 4527 - Aşağıdaki lisans programlarından birinden mezun olmak. | 3256 - Matematik ve Bilgisayar Bilimleri | 3258 - Matematik ve Bilgisayar / Matematik-Bilgisayar | 8228 - Matematik ve İnformatik / Matematik-İnformatik | 8230 - Matematik-Bilgisayar Programcılığı | 8277 - Uygulamalı Matematik ve Bilgisayar | 4535 - Aşağıdaki lisans programlarından birinden mezun olmak. | 3128 - Bilgisayar ve Kontrol Öğretmenliği | 3129 - Bilgisayar ve Öğretim Teknolojileri Öğretmenliği | 8152 - Bilgisayar Teknolojisi Öğretmenliği | 8310 - Bilgisayar ve Öğretim Teknolojileri Öğretimi | 8347 - Kontrol Öğretmenliği | 9150 - Bilgisayar ve Öğretim Teknolojileri Eğitimi | 7257 - Seyahate ve Arazide Çalışmaya Elverişli olmak. | 7300 - Bu kadro/pozisyonda vardiya sistemi uygulanmaktadır. | 7327 - (Bakınız Başvurma Özel Şartları Bölümü TCDD Genel Müdürlüğü).;014f481e-0a81-ed11-8117-a0369f7d1486
2022;2;302013874;Tapu ve Kadastro Genel Müdürlüğü;Bilgisayar İşletmeni;Kütahya;Lisans;1;;80.707;80.707;"4688;9288;6225";4688 - Aşağıdaki lisans programlarından birinden mezun olmak. | 9288 - Tapu ve Kadastro / Tapu Kadastro | 6225 - M.E.B.'Dan Onaylı Bilgisayar İşletmeni Sertifikası Sahibi olmak.;484f481e-0a81-ed11-8117-a0369f7d1486
2022;2;302012019;Erzurum Teknik Üniversitesi;Kütüphaneci;Erzurum;Lisans;1;;80.692;80.692;"4099;3113;3153;3248;4309;8144;7300";4099 - Aşağıdaki lisans programlarından birinden mezun olmak. | 3113 - Arşivcilik | 3153 - Dokümantasyon ve Enformasyon | 3248 - Kütüphanecilik | 4309 - Kütüphanecilik ve Bilgi Çalışmaları | 8144 - Bilgi ve Belge Yönetimi | 7300 - Bu kadro/pozisyonda vardiya sistemi uygulanmaktadır.;b94d481e-0a81-ed11-8117-a0369f7d1486
2022;2;302014553;Türkiye İlaç ve Tıbbi Cihaz Kurumu;Mühendis;Ankara;Lisans;1;;80.63;80.63;"4533;5134;9343";4533 - Aşağıdaki lisans programlarından birinden mezun olmak. | 5134 - Yazılım Mühendisliği | 9343 - Bilgisayar ve Yazılım Mühendisliği;464c481e-0a81-ed11-8117-a0369f7d1486
2022;2;302010731;Artvin Çoruh Üniversitesi;Kütüphaneci;Artvin;Lisans;1;;80.614;80.614;"4099;3113;3153;3248;4309;8144;7300";4099 - Aşağıdaki lisans programlarından birinden mezun olmak. | 3113 - Arşivcilik | 3153 - Dokümantasyon ve Enformasyon | 3248 - Kütüphanecilik | 4309 - Kütüphanecilik ve Bilgi Çalışmaları | 8144 - Bilgi ve Belge Yönetimi | 7300 - Bu kadro/pozisyonda vardiya sistemi uygulanmaktadır.;f04c481e-0a81-ed11-8117-a0369f7d1486
2022;2;302011774;Devlet Malzeme Ofisi Genel Müdürlüğü;Merkezi Satınalma Uzm. Yrd.;Ankara;Lisans;3;;80.597;89.032;"4524;3224;4525;3223;8229;7115;7364";4524 - Aşağıdaki lisans programlarından birinden mezun olmak. | 3224 - İstatistik ve Bilgisayar Bilimleri | 4525 - Aşağıdaki lisans programlarından birinden mezun olmak. | 3223 - İstatistik | 8229 - Matematik ve İstatistik | 7115 - Son 5 Yıl İçerisinde KPDS/YDS En Az E Seviyesinde İngilizce Bilmek. | 7364 - (Bakınız Başvurma Özel Şartları Bölümü Devlet Malzeme Ofisi Genel Müdürlüğü);824c481e-0a81-ed11-8117-a0369f7d1486
2022;2;302010794;Bartın Üniversitesi;Bilgisayar İşletmeni;Bartın;Lisans;1;;80.251;80.251;"4099;3113;3153;3248;4309;8144;6225";4099 - Aşağıdaki lisans programlarından birinden mezun olmak. | 3113 - Arşivcilik | 3153 - Dokümantasyon ve Enformasyon | 3248 - Kütüphanecilik | 4309 - Kütüphanecilik ve Bilgi Çalışmaları | 8144 - Bilgi ve Belge Yönetimi | 6225 - M.E.B.'Dan Onaylı Bilgisayar İşletmeni Sertifikası Sahibi olmak.;2951481e-0a81-ed11-8117-a0369f7d1486
2022;2;302010661;Ankara Üniversitesi;Memur;Ankara;Lisans;2;;80.232;83.93;"4062;3219;4288;4290;8293;9798";4062 - Aşağıdaki lisans programlarından birinden mezun olmak. | 3219 - İngiliz Dili ve Edebiyatı | 4288 - İngiliz Dili | 4290 - İngiliz Dili ve Karşılaştırmalı Edebiyat | 8293 - İngiliz Dili ve Kültürü | 9798 - İngilizce;694c481e-0a81-ed11-8117-a0369f7d1486
2022;2;302015624;Yıldız Teknik Üniversitesi;Kütüphaneci;İstanbul;Lisans;2;;80.229;80.597;"4099;3113;3153;3248;4309;8144";4099 - Aşağıdaki lisans programlarından birinden mezun olmak. | 3113 - Arşivcilik | 3153 - Dokümantasyon ve Enformasyon | 3248 - Kütüphanecilik | 4309 - Kütüphanecilik ve Bilgi Çalışmaları | 8144 - Bilgi ve Belge Yönetimi;9a4e481e-0a81-ed11-8117-a0369f7d1486
2022;2;302012341;Harran Üniversitesi;Kütüphaneci;Şanlıurfa;Lisans;1;;80.081;80.081;"4099;3113;3153;3248;4309;8144";4099 - Aşağıdaki lisans programlarından birinden mezun olmak. | 3113 - Arşivcilik | 3153 - Dokümantasyon ve Enformasyon | 3248 - Kütüphanecilik | 4309 - Kütüphanecilik ve Bilgi Çalışmaları | 8144 - Bilgi ve Belge Yönetimi;7e50481e-0a81-ed11-8117-a0369f7d1486
2022;2;302011242;Devlet Demiryolları Taşımacılık A.Ş Genel Müdürlüğü;Memur;Ankara;Lisans;1;;80.075;80.075;"4596;9324;7368";4596 - Aşağıdaki lisans programlarından birinden mezun olmak. | 9324 - İş Sağlığı ve Güvenliği | 7368 - (Bakınız Başvurma Özel Şartları Bölümü T.C. Devlet Demiryolları Taşımacılık A.Ş. Genel Müdürlüğü);744c481e-0a81-ed11-8117-a0369f7d1486
2022;2;302014665;Türkiye Kömür İşletmeleri Kurumu Genel Müdürlüğü;Mühendis;Çanakkale;Lisans;3;;80.047;82.901;"4679;3251;9390;7247;7248;7257";4679 - Aşağıdaki lisans programlarından birinden mezun olmak. | 3251 - Maden Mühendisliği | 9390 - Maden ve Cevher Hazırlama Mühendisliği | 7247 - Tehlikeli Ve Çok Tehlikeli İşlerde Çalışmasına Engel Bir Durumu Bulunmamak | 7248 - Vardiyalı Çalışmasına Engel Bir Durumu Bulunmamak | 7257 - Seyahate ve Arazide Çalışmaya Elverişli olmak.;564d481e-0a81-ed11-8117-a0369f7d1486
2022;2;302013111;Özelleştirme İdaresi Başkanlığı;Bilgisayar İşletmeni;Ankara;Lisans;1;;79.997;79.997;"4453;3268;3269;3381;4322;5123;9115;9262;9308;6225";4453 - Aşağıdaki lisans programlarından birinden mezun olmak. | 3268 - Muhasebe | 3269 - Muhasebe Bilgi Sistemleri | 3381 - Muhasebe ve Finansman | 4322 - Muhasebe ve Maliye | 5123 - Muhasebe ve Finansal Yönetim / Muhasebe ve Finans Yönetimi | 9115 - Muhasebe ve Denetim | 9262 - Finans ve Muhasebe | 9308 - İşletme-Muhasebe ve Denetim | 6225 - M.E.B.'Dan Onaylı Bilgisayar İşletmeni Sertifikası Sahibi olmak.;554c481e-0a81-ed11-8117-a0369f7d1486
2022;2;302015470;Ulaştırma ve Altyapı Bakanlığı;Denizcilik Sörvey Mühendisi;Muğla;Lisans;1;;79.991;79.991;"4495;3149;3195;8294;7111;7337";4495 - Aşağıdaki lisans programlarından birinden mezun olmak. | 3149 - Deniz Ulaştırma İşletme Mühendisliği | 3195 - Güverte | 8294 - Güverte (Dkk) | 7111 - Son 5 Yıl İçerisinde KPDS/YDS En Az C Seviyesinde İngilizce Bilmek. | 7337 - (Bakınız Başvurma Özel Şartları Bölümü Gemi Sörvey Kurulu Uzmanı).;984f481e-0a81-ed11-8117-a0369f7d1486
2022;2;302015232;Türkiye Uzay Ajansı;Grafiker;Ankara;Lisans;1;;79.94;79.94;"4237;7145;7160;7161;7162;8345;9160;9365";4237 - Aşağıdaki lisans programlarından birinden mezun olmak. | 7145 - Grafik Sanatlar / Grafik Sanatları | 7160 - Grafik | 7161 - Grafik Tasarım | 7162 - Grafik Tasarımı | 8345 - Fotoğraf ve Grafik Sanatlar | 9160 - Grafik Sanatlar ve Grafik Tasarım | 9365 - Grafik Resimleme ve Baskı;db4c481e-0a81-ed11-8117-a0369f7d1486
2022;2;302014091;Tekirdağ Namık Kemal Üniversitesi;Memur;Tekirdağ;Lisans;1;;79.855;79.855;"4099;3113;3153;3248;4309;8144";4099 - Aşağıdaki lisans programlarından birinden mezun olmak. | 3113 - Arşivcilik | 3153 - Dokümantasyon ve Enformasyon | 3248 - Kütüphanecilik | 4309 - Kütüphanecilik ve Bilgi Çalışmaları | 8144 - Bilgi ve Belge Yönetimi;4750481e-0a81-ed11-8117-a0369f7d1486
2022;2;302012516;İstanbul Üniversitesi- Cerrahpaşa;Kütüphaneci;İstanbul;Lisans;2;;79.847;82.327;"4099;3113;3153;3248;4309;8144;7300";4099 - Aşağıdaki lisans programlarından birinden mezun olmak. | 3113 - Arşivcilik | 3153 - Dokümantasyon ve Enformasyon | 3248 - Kütüphanecilik | 4309 - Kütüphanecilik ve Bilgi Çalışmaları | 8144 - Bilgi ve Belge Yönetimi | 7300 - Bu kadro/pozisyonda vardiya sistemi uygulanmaktadır.;514e481e-0a81-ed11-8117-a0369f7d1486
2022;2;302014728;Türkiye Kömür İşletmeleri Kurumu Genel Müdürlüğü;Mühendis;Kütahya;Lisans;4;;79.795;82.037;"4679;3251;9390;7247;7248;7257;7370";4679 - Aşağıdaki lisans programlarından birinden mezun olmak. | 3251 - Maden Mühendisliği | 9390 - Maden ve Cevher Hazırlama Mühendisliği | 7247 - Tehlikeli Ve Çok Tehlikeli İşlerde Çalışmasına Engel Bir Durumu Bulunmamak | 7248 - Vardiyalı Çalışmasına Engel Bir Durumu Bulunmamak | 7257 - Seyahate ve Arazide Çalışmaya Elverişli olmak. | 7370 - Bakınız: Başvurma Özel Şartları - Palandöken Belediye Başkanlığ;534f481e-0a81-ed11-8117-a0369f7d1486
2022;2;302014756;Türkiye Kömür İşletmeleri Kurumu Genel Müdürlüğü;Mühendis;Manisa;Lisans;3;;79.654;82.318;"4679;3251;9390;7247;7248;7257";4679 - Aşağıdaki lisans programlarından birinden mezun olmak. | 3251 - Maden Mühendisliği | 9390 - Maden ve Cevher Hazırlama Mühendisliği | 7247 - Tehlikeli Ve Çok Tehlikeli İşlerde Çalışmasına Engel Bir Durumu Bulunmamak | 7248 - Vardiyalı Çalışmasına Engel Bir Durumu Bulunmamak | 7257 - Seyahate ve Arazide Çalışmaya Elverişli olmak.;7b4f481e-0a81-ed11-8117-a0369f7d1486
2022;2;302012901;Marmara Üniversitesi;Bilgisayar İşletmeni;İstanbul;Lisans;1;;79.597;79.597;"4099;3113;3153;3248;4309;8144;6225";4099 - Aşağıdaki lisans programlarından birinden mezun olmak. | 3113 - Arşivcilik | 3153 - Dokümantasyon ve Enformasyon | 3248 - Kütüphanecilik | 4309 - Kütüphanecilik ve Bilgi Çalışmaları | 8144 - Bilgi ve Belge Yönetimi | 6225 - M.E.B.'Dan Onaylı Bilgisayar İşletmeni Sertifikası Sahibi olmak.;674e481e-0a81-ed11-8117-a0369f7d1486
2022;2;302011886;Düzce Üniversitesi;Memur;Düzce;Lisans;1;;79.537;79.537;"4524;3224;4525;3223;8229";4524 - Aşağıdaki lisans programlarından birinden mezun olmak. | 3224 - İstatistik ve Bilgisayar Bilimleri | 4525 - Aşağıdaki lisans programlarından birinden mezun olmak. | 3223 - İstatistik | 8229 - Matematik ve İstatistik;6e51481e-0a81-ed11-8117-a0369f7d1486
2022;2;302013384;Şehitkamil Belediye Başkanlığı;Mühendis;Gaziantep;Lisans;2;;79.382;79.793;"4825;5135;7257";4825 - Aşağıdaki lisans programlarından birinden mezun olmak. | 5135 - Ziraat Mühendisliği | 7257 - Seyahate ve Arazide Çalışmaya Elverişli olmak.;eb4d481e-0a81-ed11-8117-a0369f7d1486
2022;2;302014721;Türkiye Kömür İşletmeleri Kurumu Genel Müdürlüğü;Mühendis;Kütahya;Lisans;2;;79.364;79.993;"4679;3251;9390;7247;7248;7257";4679 - Aşağıdaki lisans programlarından birinden mezun olmak. | 3251 - Maden Mühendisliği | 9390 - Maden ve Cevher Hazırlama Mühendisliği | 7247 - Tehlikeli Ve Çok Tehlikeli İşlerde Çalışmasına Engel Bir Durumu Bulunmamak | 7248 - Vardiyalı Çalışmasına Engel Bir Durumu Bulunmamak | 7257 - Seyahate ve Arazide Çalışmaya Elverişli olmak.;524f481e-0a81-ed11-8117-a0369f7d1486
2022;2;302010108;Abdullah Gül Üniversitesi;Hemşire;Kayseri;Lisans;1;;79.31;79.31;"4605;3204;3205;3297";4605 - Aşağıdaki lisans programlarından birinden mezun olmak. | 3204 - Hemşirelik | 3205 - Hemşirelik ve Sağlık Hizmetleri | 3297 - Sağlık Memurluğu;f04e481e-0a81-ed11-8117-a0369f7d1486
2022;2;302012026;Esenler Belediye Başkanlığı;Bilgisayar İşletmeni;İstanbul;Lisans;1;;79.178;79.178;"4099;3113;3153;3248;4309;8144;6225";4099 - Aşağıdaki lisans programlarından birinden mezun olmak. | 3113 - Arşivcilik | 3153 - Dokümantasyon ve Enformasyon | 3248 - Kütüphanecilik | 4309 - Kütüphanecilik ve Bilgi Çalışmaları | 8144 - Bilgi ve Belge Yönetimi | 6225 - M.E.B.'Dan Onaylı Bilgisayar İşletmeni Sertifikası Sahibi olmak.;444e481e-0a81-ed11-8117-a0369f7d1486
2022;2;302012089;Eti Maden İşletmeleri Genel Müdürlüğü;Mühendis;Ankara;Lisans;1;;79.142;79.142;"4533;5134;9343";4533 - Aşağıdaki lisans programlarından birinden mezun olmak. | 5134 - Yazılım Mühendisliği | 9343 - Bilgisayar ve Yazılım Mühendisliği;8b4c481e-0a81-ed11-8117-a0369f7d1486
2022;2;302013419;Şırnak Üniversitesi;Bilgisayar İşletmeni;Şırnak;Lisans;1;;79.124;79.124;"4099;3113;3153;3248;4309;8144;6225";4099 - Aşağıdaki lisans programlarından birinden mezun olmak. | 3113 - Arşivcilik | 3153 - Dokümantasyon ve Enformasyon | 3248 - Kütüphanecilik | 4309 - Kütüphanecilik ve Bilgi Çalışmaları | 8144 - Bilgi ve Belge Yönetimi | 6225 - M.E.B.'Dan Onaylı Bilgisayar İşletmeni Sertifikası Sahibi olmak.;2551481e-0a81-ed11-8117-a0369f7d1486
2022;2;302013881;Tapu ve Kadastro Genel Müdürlüğü;Bilgisayar İşletmeni;Kütahya;Lisans;1;;79.058;79.058;"4688;9288;6225";4688 - Aşağıdaki lisans programlarından birinden mezun olmak. | 9288 - Tapu ve Kadastro / Tapu Kadastro | 6225 - M.E.B.'Dan Onaylı Bilgisayar İşletmeni Sertifikası Sahibi olmak.;494f481e-0a81-ed11-8117-a0369f7d1486
2022;2;302011781;Devlet Malzeme Ofisi Genel Müdürlüğü;Mühendis;Ankara;Lisans;2;;79.048;81.959;"4533;5134;9343;7364";4533 - Aşağıdaki lisans programlarından birinden mezun olmak. | 5134 - Yazılım Mühendisliği | 9343 - Bilgisayar ve Yazılım Mühendisliği | 7364 - (Bakınız Başvurma Özel Şartları Bölümü Devlet Malzeme Ofisi Genel Müdürlüğü);834c481e-0a81-ed11-8117-a0369f7d1486
2022;2;302013895;Tapu ve Kadastro Genel Müdürlüğü;Bilgisayar İşletmeni;Yozgat;Lisans;1;;78.854;78.854;"4688;9288;6225";4688 - Aşağıdaki lisans programlarından birinden mezun olmak. | 9288 - Tapu ve Kadastro / Tapu Kadastro | 6225 - M.E.B.'Dan Onaylı Bilgisayar İşletmeni Sertifikası Sahibi olmak.;a550481e-0a81-ed11-8117-a0369f7d1486
2022;2;302014868;Türkiye Şeker Fabrikaları A.Ş. Genel Müdürlüğü;Memur;Ankara;Lisans;1;;78.55;78.55;"4237;7145;7160;7161;7162;8345;9160;9365;7248";4237 - Aşağıdaki lisans programlarından birinden mezun olmak. | 7145 - Grafik Sanatlar / Grafik Sanatları | 7160 - Grafik | 7161 - Grafik Tasarım | 7162 - Grafik Tasarımı | 8345 - Fotoğraf ve Grafik Sanatlar | 9160 - Grafik Sanatlar ve Grafik Tasarım | 9365 - Grafik Resimleme ve Baskı | 7248 - Vardiyalı Çalışmasına Engel Bir Durumu Bulunmamak;d44c481e-0a81-ed11-8117-a0369f7d1486
2022;2;302013860;Tapu ve Kadastro Genel Müdürlüğü;Bilgisayar İşletmeni;Giresun;Lisans;1;;78.453;78.453;"4688;9288;6225";4688 - Aşağıdaki lisans programlarından birinden mezun olmak. | 9288 - Tapu ve Kadastro / Tapu Kadastro | 6225 - M.E.B.'Dan Onaylı Bilgisayar İşletmeni Sertifikası Sahibi olmak.;ef4d481e-0a81-ed11-8117-a0369f7d1486
2022;2;302010745;Atatürk Kültür Merkezi Başkanlığı;Bilgisayar İşletmeni;Ankara;Lisans;1;;78.227;78.227;"4237;7145;7160;7161;7162;8345;9160;9365;6225";4237 - Aşağıdaki lisans programlarından birinden mezun olmak. | 7145 - Grafik Sanatlar / Grafik Sanatları | 7160 - Grafik | 7161 - Grafik Tasarım | 7162 - Grafik Tasarımı | 8345 - Fotoğraf ve Grafik Sanatlar | 9160 - Grafik Sanatlar ve Grafik Tasarım | 9365 - Grafik Resimleme ve Baskı | 6225 - M.E.B.'Dan Onaylı Bilgisayar İşletmeni Sertifikası Sahibi olmak.;634c481e-0a81-ed11-8117-a0369f7d1486
2022;2;302013678;T.C.Devlet Demiryolları İşletmesi Genel Müdürlüğü;Sürveyan;Niğde;Lisans;1;;78.213;78.213;"4613;3161;8180;9766;4621;3164;3167;4252;4253;6165;8181;9484;7257;7300;7327";4613 - Aşağıdaki lisans programlarından birinden mezun olmak. | 3161 - Elektrik Öğretmenliği | 8180 - Elektrik İşleri Öğretmenliği | 9766 - Elektrik Eğitimi | 4621 - Aşağıdaki lisans programlarından birinden mezun olmak. | 3164 - Elektronik Öğretmenliği | 3167 - Elektronik ve Haberleşme Öğretmenliği | 4252 - Elektronik | 4253 - Elektronik ve Telekomünikasyon | 6165 - Elektronik ve Bilgisayar Öğretmenliği | 8181 - Elektronik İşleri Öğretmenliği | 9484 - Endüstriyet Elektronik Teknolojisi Öğretmenliği | 7257 - Seyahate ve Arazide Çalışmaya Elverişli olmak. | 7300 - Bu kadro/pozisyonda vardiya sistemi uygulanmaktadır. | 7327 - (Bakınız Başvurma Özel Şartları Bölümü TCDD Genel Müdürlüğü).;bc4f481e-0a81-ed11-8117-a0369f7d1486
2022;2;302013867;Tapu ve Kadastro Genel Müdürlüğü;Bilgisayar İşletmeni;Kastamonu;Lisans;1;;78.161;78.161;"4688;9288;6225";4688 - Aşağıdaki lisans programlarından birinden mezun olmak. | 9288 - Tapu ve Kadastro / Tapu Kadastro | 6225 - M.E.B.'Dan Onaylı Bilgisayar İşletmeni Sertifikası Sahibi olmak.;df4e481e-0a81-ed11-8117-a0369f7d1486
2022;2;302014497;Türk-Alman Üniversitesi;Bilgisayar İşletmeni;İstanbul;Lisans;1;;77.847;77.847;"4502;8328;9318;6225";4502 - Aşağıdaki lisans programlarından birinden mezun olmak. | 8328 - İnsan Kaynakları Yönetimi | 9318 - İnsan Kaynakları | 6225 - M.E.B.'Dan Onaylı Bilgisayar İşletmeni Sertifikası Sahibi olmak.;5c4e481e-0a81-ed11-8117-a0369f7d1486
2022;2;302015603;Van Yüzüncü Yıl Üniversitesi;Memur;Van;Lisans;2;;77.471;79.696;"4453;3268;3269;3381;4322;5123;9115;9262;9308";4453 - Aşağıdaki lisans programlarından birinden mezun olmak. | 3268 - Muhasebe | 3269 - Muhasebe Bilgi Sistemleri | 3381 - Muhasebe ve Finansman | 4322 - Muhasebe ve Maliye | 5123 - Muhasebe ve Finansal Yönetim / Muhasebe ve Finans Yönetimi | 9115 - Muhasebe ve Denetim | 9262 - Finans ve Muhasebe | 9308 - İşletme-Muhasebe ve Denetim;8d50481e-0a81-ed11-8117-a0369f7d1486
2022;2;302013664;T.C.Devlet Demiryolları İşletmesi Genel Müdürlüğü;Sürveyan;Gaziantep;Lisans;1;;77.373;77.373;"4613;3161;8180;9766;4621;3164;3167;4252;4253;6165;8181;9484;7257;7300;7327";4613 - Aşağıdaki lisans programlarından birinden mezun olmak. | 3161 - Elektrik Öğretmenliği | 8180 - Elektrik İşleri Öğretmenliği | 9766 - Elektrik Eğitimi | 4621 - Aşağıdaki lisans programlarından birinden mezun olmak. | 3164 - Elektronik Öğretmenliği | 3167 - Elektronik ve Haberleşme Öğretmenliği | 4252 - Elektronik | 4253 - Elektronik ve Telekomünikasyon | 6165 - Elektronik ve Bilgisayar Öğretmenliği | 8181 - Elektronik İşleri Öğretmenliği | 9484 - Endüstriyet Elektronik Teknolojisi Öğretmenliği | 7257 - Seyahate ve Arazide Çalışmaya Elverişli olmak. | 7300 - Bu kadro/pozisyonda vardiya sistemi uygulanmaktadır. | 7327 - (Bakınız Başvurma Özel Şartları Bölümü TCDD Genel Müdürlüğü).;e64d481e-0a81-ed11-8117-a0369f7d1486
2022;2;302013839;Tapu ve Kadastro Genel Müdürlüğü;Bilgisayar İşletmeni;Bayburt;Lisans;1;;77.361;77.361;"4688;9288;6225";4688 - Aşağıdaki lisans programlarından birinden mezun olmak. | 9288 - Tapu ve Kadastro / Tapu Kadastro | 6225 - M.E.B.'Dan Onaylı Bilgisayar İşletmeni Sertifikası Sahibi olmak.;0251481e-0a81-ed11-8117-a0369f7d1486
2022;2;302013097;Ondokuz Mayıs Üniversitesi;Memur;Samsun;Lisans;1;;77.185;77.185;"4237;7145;7160;7161;7162;8345;9160;9365";4237 - Aşağıdaki lisans programlarından birinden mezun olmak. | 7145 - Grafik Sanatlar / Grafik Sanatları | 7160 - Grafik | 7161 - Grafik Tasarım | 7162 - Grafik Tasarımı | 8345 - Fotoğraf ve Grafik Sanatlar | 9160 - Grafik Sanatlar ve Grafik Tasarım | 9365 - Grafik Resimleme ve Baskı;f24f481e-0a81-ed11-8117-a0369f7d1486
2022;2;302015547;Ulaştırma ve Altyapı Bakanlığı;Denizcilik Sörvey Mühendisi;Yalova;Lisans;2;1;77.129;77.129;"4736;3189;8322;7111;7337";4736 - Aşağıdaki lisans programlarından birinden mezun olmak. | 3189 - Gemi İnşaatı Mühendisliği | 8322 - Gemi İnşaat ve Gemi Makineleri Mühendisliği / Gemi İnşaatı ve Gemi Makineleri Mühendisliği | 7111 - Son 5 Yıl İçerisinde KPDS/YDS En Az C Seviyesinde İngilizce Bilmek. | 7337 - (Bakınız Başvurma Özel Şartları Bölümü Gemi Sörvey Kurulu Uzmanı).;5851481e-0a81-ed11-8117-a0369f7d1486
2022;2;302013692;T.C.Devlet Demiryolları İşletmesi Genel Müdürlüğü;Sürveyan;Sivas;Lisans;2;;77.041;77.652;"4613;3161;8180;9766;4621;3164;3167;4252;4253;6165;8181;9484;7257;7300;7327";4613 - Aşağıdaki lisans programlarından birinden mezun olmak. | 3161 - Elektrik Öğretmenliği | 8180 - Elektrik İşleri Öğretmenliği | 9766 - Elektrik Eğitimi | 4621 - Aşağıdaki lisans programlarından birinden mezun olmak. | 3164 - Elektronik Öğretmenliği | 3167 - Elektronik ve Haberleşme Öğretmenliği | 4252 - Elektronik | 4253 - Elektronik ve Telekomünikasyon | 6165 - Elektronik ve Bilgisayar Öğretmenliği | 8181 - Elektronik İşleri Öğretmenliği | 9484 - Endüstriyet Elektronik Teknolojisi Öğretmenliği | 7257 - Seyahate ve Arazide Çalışmaya Elverişli olmak. | 7300 - Bu kadro/pozisyonda vardiya sistemi uygulanmaktadır. | 7327 - (Bakınız Başvurma Özel Şartları Bölümü TCDD Genel Müdürlüğü).;2350481e-0a81-ed11-8117-a0369f7d1486
2022;2;302010241;Afet ve Acil Durum Yönetimi Başkanlığı;Mühendis;Ankara;Lisans;1;;76.941;76.941;"4683;6262";4683 - Aşağıdaki lisans programlarından birinden mezun olmak. | 6262 - Meteoroloji Mühendisliği;9c4c481e-0a81-ed11-8117-a0369f7d1486
2022;2;302013888;Tapu ve Kadastro Genel Müdürlüğü;Bilgisayar İşletmeni;Van;Lisans;1;;76.903;76.903;"4688;9288;6225";4688 - Aşağıdaki lisans programlarından birinden mezun olmak. | 9288 - Tapu ve Kadastro / Tapu Kadastro | 6225 - M.E.B.'Dan Onaylı Bilgisayar İşletmeni Sertifikası Sahibi olmak.;9a50481e-0a81-ed11-8117-a0369f7d1486
2022;2;302015687;Yozgat Bozok Üniversitesi;Memur;Yozgat;Lisans;1;;76.859;76.859;"4237;7145;7160;7161;7162;8345;9160;9365";4237 - Aşağıdaki lisans programlarından birinden mezun olmak. | 7145 - Grafik Sanatlar / Grafik Sanatları | 7160 - Grafik | 7161 - Grafik Tasarım | 7162 - Grafik Tasarımı | 8345 - Fotoğraf ve Grafik Sanatlar | 9160 - Grafik Sanatlar ve Grafik Tasarım | 9365 - Grafik Resimleme ve Baskı;c050481e-0a81-ed11-8117-a0369f7d1486
2022;2;302015337;Ulaştırma ve Altyapı Bakanlığı;Denizcilik Sörvey Mühendisi;Balıkesir;Lisans;1;;76.767;76.767;"4495;3149;3195;8294;7111;7337";4495 - Aşağıdaki lisans programlarından birinden mezun olmak. | 3149 - Deniz Ulaştırma İşletme Mühendisliği | 3195 - Güverte | 8294 - Güverte (Dkk) | 7111 - Son 5 Yıl İçerisinde KPDS/YDS En Az C Seviyesinde İngilizce Bilmek. | 7337 - (Bakınız Başvurma Özel Şartları Bölümü Gemi Sörvey Kurulu Uzmanı).;0f4d481e-0a81-ed11-8117-a0369f7d1486
2022;2;302013195;Sayıştay Başkanlığı;Veri Hazırlama ve Kontrol İşletmeni;Ankara;Lisans;3;;76.613;81.381;"4502;8328;9318;6225";4502 - Aşağıdaki lisans programlarından birinden mezun olmak. | 8328 - İnsan Kaynakları Yönetimi | 9318 - İnsan Kaynakları | 6225 - M.E.B.'Dan Onaylı Bilgisayar İşletmeni Sertifikası Sahibi olmak.;5a4c481e-0a81-ed11-8117-a0369f7d1486
2022;2;302012327;Hakkari Üniversitesi;Memur;Hakkari;Lisans;1;;76.491;76.491;"4443;3270;8134;8209;8211;8234;8267;4453;3268;3269;3381;4322;5123;9115;9262;9308";4443 - Aşağıdaki lisans programlarından birinden mezun olmak. | 3270 - Muhasebe ve Finansman Öğretmenliği | 8134 - İşletme Öğretmenliği | 8209 - İş Yönetimi ve Ticaret Eğitimi Öğretmenliği / İş Yönetimi ve Ticaret Öğretmenliği | 8211 - İşletme, Muhasebe ve Ticaret Öğretmenliği | 8234 - Muhasebe-İşletme Öğretmenliği | 8267 - Ticaret - İş Eğitimi Öğretmenliği | 4453 - Aşağıdaki lisans programlarından birinden mezun olmak. | 3268 - Muhasebe | 3269 - Muhasebe Bilgi Sistemleri | 3381 - Muhasebe ve Finansman | 4322 - Muhasebe ve Maliye | 5123 - Muhasebe ve Finansal Yönetim / Muhasebe ve Finans Yönetimi | 9115 - Muhasebe ve Denetim | 9262 - Finans ve Muhasebe | 9308 - İşletme-Muhasebe ve Denetim;0a4e481e-0a81-ed11-8117-a0369f7d1486
2022;2;302013125;Özelleştirme İdaresi Başkanlığı;Veri Hazırlama ve Kontrol İşletmeni;Ankara;Lisans;2;;76.327;80.537;"4453;3268;3269;3381;4322;5123;9115;9262;9308";4453 - Aşağıdaki lisans programlarından birinden mezun olmak. | 3268 - Muhasebe | 3269 - Muhasebe Bilgi Sistemleri | 3381 - Muhasebe ve Finansman | 4322 - Muhasebe ve Maliye | 5123 - Muhasebe ve Finansal Yönetim / Muhasebe ve Finans Yönetimi | 9115 - Muhasebe ve Denetim | 9262 - Finans ve Muhasebe | 9308 - İşletme-Muhasebe ve Denetim;574c481e-0a81-ed11-8117-a0369f7d1486
2022;2;302012579;Karadeniz Teknik Üniversitesi;Memur;Trabzon;Lisans;1;;76.323;76.323;"4502;8328;9318";4502 - Aşağıdaki lisans programlarından birinden mezun olmak. | 8328 - İnsan Kaynakları Yönetimi | 9318 - İnsan Kaynakları;6450481e-0a81-ed11-8117-a0369f7d1486
2022;2;302011809;Devlet Opera ve Balesi Genel Müdürlüğü;Memur;Ankara;Lisans;1;;76.188;76.188;"4426;5105;6229";4426 - Aşağıdaki lisans programlarından birinden mezun olmak. | 5105 - Ekonomi ve Finans | 6229 - İşletme-Ekonomi / İşletme-İktisat;874c481e-0a81-ed11-8117-a0369f7d1486
2022;2;302014490;Türk-Alman Üniversitesi;Bilgisayar İşletmeni;İstanbul;Lisans;1;;76.184;76.184;"4453;3268;3269;3381;4322;5123;9115;9262;9308;6225";4453 - Aşağıdaki lisans programlarından birinden mezun olmak. | 3268 - Muhasebe | 3269 - Muhasebe Bilgi Sistemleri | 3381 - Muhasebe ve Finansman | 4322 - Muhasebe ve Maliye | 5123 - Muhasebe ve Finansal Yönetim / Muhasebe ve Finans Yönetimi | 9115 - Muhasebe ve Denetim | 9262 - Finans ve Muhasebe | 9308 - İşletme-Muhasebe ve Denetim | 6225 - M.E.B.'Dan Onaylı Bilgisayar İşletmeni Sertifikası Sahibi olmak.;5b4e481e-0a81-ed11-8117-a0369f7d1486
2022;2;302011445;Devlet Demiryolları Taşımacılık A.Ş Genel Müdürlüğü;Programcı;Ankara;Lisans;2;;75.913;77.931;"4539;3127;3130;3174;6173;8125;8151;8154;8155;8308;9364;7368";4539 - Aşağıdaki lisans programlarından birinden mezun olmak. | 3127 - Bilgisayar Teknolojisi ve Bilişim Sistemleri | 3130 - Bilişim Sistemleri ve Teknolojileri | 3174 - Enformatik / Enformatik (Almanca) | 6173 - Enformasyon Teknolojileri | 8125 - Bilgisayar Teknolojisi Bölümü | 8151 - Bilgisayar Sistemleri ve Teknolojileri | 8154 - Bilgisayar ve Enformasyon Sistemleri | 8155 - Bilgisayar ve Enformatik / Bilgisayar-Enformatik | 8308 - Bilgi Teknolojileri | 9364 - Bilişim Teknolojileri | 7368 - (Bakınız Başvurma Özel Şartları Bölümü T.C. Devlet Demiryolları Taşımacılık A.Ş. Genel Müdürlüğü);7c4c481e-0a81-ed11-8117-a0369f7d1486
2022;2;302013832;Tapu ve Kadastro Genel Müdürlüğü;Bilgisayar İşletmeni;Ardahan;Lisans;1;;75.661;75.661;"4688;9288;6225";4688 - Aşağıdaki lisans programlarından birinden mezun olmak. | 9288 - Tapu ve Kadastro / Tapu Kadastro | 6225 - M.E.B.'Dan Onaylı Bilgisayar İşletmeni Sertifikası Sahibi olmak.;4151481e-0a81-ed11-8117-a0369f7d1486
2022;2;302010829;Bartın Üniversitesi;Bilgisayar İşletmeni;Bartın;Lisans;1;;75.635;75.635;"4502;8328;9318;6225";4502 - Aşağıdaki lisans programlarından birinden mezun olmak. | 8328 - İnsan Kaynakları Yönetimi | 9318 - İnsan Kaynakları | 6225 - M.E.B.'Dan Onaylı Bilgisayar İşletmeni Sertifikası Sahibi olmak.;2e51481e-0a81-ed11-8117-a0369f7d1486
2022;2;302012103;Eti Maden İşletmeleri Genel Müdürlüğü;Mühendis;Eskişehir;Lisans;1;;75.535;75.535;"4680;4232";4680 - Aşağıdaki lisans programlarından birinden mezun olmak. | 4232 - Cevher Hazırlama Mühendisliği;ca4d481e-0a81-ed11-8117-a0369f7d1486
2022;2;302010871;Bayburt Üniversitesi;Bilgisayar İşletmeni;Bayburt;Lisans;2;;75.234;76.303;"4524;3224;4529;3123;8143;4532;4220;4537;8309;4539;3127;3130;3174;6173;8125;8151;8154;8155;8308;9364;4544;9417";4524 - Aşağıdaki lisans programlarından birinden mezun olmak. | 3224 - İstatistik ve Bilgisayar Bilimleri | 4529 - Aşağıdaki lisans programlarından birinden mezun olmak. | 3123 - Bilgisayar | 8143 - Bilgisayar Bilimi / Bilgisayar Bilimleri | 4532 - Aşağıdaki lisans programlarından birinden mezun olmak. | 4220 - Bilgisayar Sistemleri ve Ağları | 4537 - Aşağıdaki lisans programlarından birinden mezun olmak. | 8309 - Bilgisayar Donanımı ve Teknolojisi | 4539 - Aşağıdaki lisans programlarından birinden mezun olmak. | 3127 - Bilgisayar Teknolojisi ve Bilişim Sistemleri | 3130 - Bilişim Sistemleri ve Teknolojileri | 3174 - Enformatik / Enformatik (Almanca) | 6173 - Enformasyon Teknolojileri | 8125 - Bilgisayar Teknolojisi Bölümü | 8151 - Bilgisayar Sistemleri ve Teknolojileri | 8154 - Bilgisayar ve Enformasyon Sistemleri | 8155 - Bilgisayar ve Enformatik / Bilgisayar-Enformatik | 8308 - Bilgi Teknolojileri | 9364 - Bilişim Teknolojileri | 4544 - Aşağıdaki lisans programlarından birinden mezun olmak. | 9417 - Bilgisayar ve Hesaplama Teknolojileri;0051481e-0a81-ed11-8117-a0369f7d1486
2022;2;302015211;Türkiye Taşkömürü Kurumu Genel Müdürlüğü;Mühendis;Zonguldak;Lisans;34;;74.658;81.751;"4679;3251;9390;7300";4679 - Aşağıdaki lisans programlarından birinden mezun olmak. | 3251 - Maden Mühendisliği | 9390 - Maden ve Cevher Hazırlama Mühendisliği | 7300 - Bu kadro/pozisyonda vardiya sistemi uygulanmaktadır.;d450481e-0a81-ed11-8117-a0369f7d1486
2022;2;302010577;Ağrı İbrahim Çeçen Üniversitesi;Memur;Ağrı;Lisans;1;;74.41;74.41;"4453;3268;3269;3381;4322;5123;9115;9262;9308";4453 - Aşağıdaki lisans programlarından birinden mezun olmak. | 3268 - Muhasebe | 3269 - Muhasebe Bilgi Sistemleri | 3381 - Muhasebe ve Finansman | 4322 - Muhasebe ve Maliye | 5123 - Muhasebe ve Finansal Yönetim / Muhasebe ve Finans Yönetimi | 9115 - Muhasebe ve Denetim | 9262 - Finans ve Muhasebe | 9308 - İşletme-Muhasebe ve Denetim;184c481e-0a81-ed11-8117-a0369f7d1486
2022;2;302013440;Şırnak Üniversitesi;Bilgisayar İşletmeni;Şırnak;Lisans;4;;74.265;78.949;"4524;3224;4527;3256;3258;8228;8230;8277;4529;3123;8143;4532;4220;4537;8309;4539;3127;3130;3174;6173;8125;8151;8154;8155;8308;9364";4524 - Aşağıdaki lisans programlarından birinden mezun olmak. | 3224 - İstatistik ve Bilgisayar Bilimleri | 4527 - Aşağıdaki lisans programlarından birinden mezun olmak. | 3256 - Matematik ve Bilgisayar Bilimleri | 3258 - Matematik ve Bilgisayar / Matematik-Bilgisayar | 8228 - Matematik ve İnformatik / Matematik-İnformatik | 8230 - Matematik-Bilgisayar Programcılığı | 8277 - Uygulamalı Matematik ve Bilgisayar | 4529 - Aşağıdaki lisans programlarından birinden mezun olmak. | 3123 - Bilgisayar | 8143 - Bilgisayar Bilimi / Bilgisayar Bilimleri | 4532 - Aşağıdaki lisans programlarından birinden mezun olmak. | 4220 - Bilgisayar Sistemleri ve Ağları | 4537 - Aşağıdaki lisans programlarından birinden mezun olmak. | 8309 - Bilgisayar Donanımı ve Teknolojisi | 4539 - Aşağıdaki lisans programlarından birinden mezun olmak. | 3127 - Bilgisayar Teknolojisi ve Bilişim Sistemleri | 3130 - Bilişim Sistemleri ve Teknolojileri | 3174 - Enformatik / Enformatik (Almanca) | 6173 - Enformasyon Teknolojileri | 8125 - Bilgisayar Teknolojisi Bölümü | 8151 - Bilgisayar Sistemleri ve Teknolojileri | 8154 - Bilgisayar ve Enformasyon Sistemleri | 8155 - Bilgisayar ve Enformatik / Bilgisayar-Enformatik | 8308 - Bilgi Teknolojileri | 9364 - Bilişim Teknolojileri;2851481e-0a81-ed11-8117-a0369f7d1486
2022;2;302014245;Tokat Gaziosmanpaşa Üniversitesi;Aşçı;Tokat;Lisans;1;;74.134;74.134;"4801;4265;5108;9153";4801 - Aşağıdaki lisans programlarından birinden mezun olmak. | 4265 - Gastronomi | 5108 - Gastronomi ve Mutfak Sanatları | 9153 - Mutfak Sanatları ve Yönetimi;5050481e-0a81-ed11-8117-a0369f7d1486
2022;2;302012390;Iğdır Üniversitesi;Memur;Iğdır;Lisans;1;;74.08;74.08;"4237;7145;7160;7161;7162;8345;9160;9365";4237 - Aşağıdaki lisans programlarından birinden mezun olmak. | 7145 - Grafik Sanatlar / Grafik Sanatları | 7160 - Grafik | 7161 - Grafik Tasarım | 7162 - Grafik Tasarımı | 8345 - Fotoğraf ve Grafik Sanatlar | 9160 - Grafik Sanatlar ve Grafik Tasarım | 9365 - Grafik Resimleme ve Baskı;4851481e-0a81-ed11-8117-a0369f7d1486
2022;2;302011151;Darülaceze Başkanlığı;Hemşire;İstanbul;Lisans;4;;73.965;84.62;"4605;3204;3205;3297";4605 - Aşağıdaki lisans programlarından birinden mezun olmak. | 3204 - Hemşirelik | 3205 - Hemşirelik ve Sağlık Hizmetleri | 3297 - Sağlık Memurluğu;594e481e-0a81-ed11-8117-a0369f7d1486
2022;2;302015540;Ulaştırma ve Altyapı Bakanlığı;Denizcilik Sörvey Mühendisi;Yalova;Lisans;1;;73.649;73.649;"4495;3149;3195;8294;7111;7337";4495 - Aşağıdaki lisans programlarından birinden mezun olmak. | 3149 - Deniz Ulaştırma İşletme Mühendisliği | 3195 - Güverte | 8294 - Güverte (Dkk) | 7111 - Son 5 Yıl İçerisinde KPDS/YDS En Az C Seviyesinde İngilizce Bilmek. | 7337 - (Bakınız Başvurma Özel Şartları Bölümü Gemi Sörvey Kurulu Uzmanı).;5751481e-0a81-ed11-8117-a0369f7d1486
2022;2;302012376;Iğdır Üniversitesi;Bilgisayar İşletmeni;Iğdır;Lisans;1;;73.503;73.503;"4502;8328;9318;6225";4502 - Aşağıdaki lisans programlarından birinden mezun olmak. | 8328 - İnsan Kaynakları Yönetimi | 9318 - İnsan Kaynakları | 6225 - M.E.B.'Dan Onaylı Bilgisayar İşletmeni Sertifikası Sahibi olmak.;4651481e-0a81-ed11-8117-a0369f7d1486
2022;2;302015519;Ulaştırma ve Altyapı Bakanlığı;Denizcilik Sörvey Mühendisi;Tekirdağ;Lisans;1;;73.26;73.26;"4733;3190;8193;7111;7337";4733 - Aşağıdaki lisans programlarından birinden mezun olmak. | 3190 - Gemi Makineleri İşletme Mühendisliği | 8193 - Gemi Makineleri Mühendisliği | 7111 - Son 5 Yıl İçerisinde KPDS/YDS En Az C Seviyesinde İngilizce Bilmek. | 7337 - (Bakınız Başvurma Özel Şartları Bölümü Gemi Sörvey Kurulu Uzmanı).;3750481e-0a81-ed11-8117-a0369f7d1486
2022;2;302013846;Tapu ve Kadastro Genel Müdürlüğü;Bilgisayar İşletmeni;Bingöl;Lisans;1;;73.195;73.195;"4688;9288;6225";4688 - Aşağıdaki lisans programlarından birinden mezun olmak. | 9288 - Tapu ve Kadastro / Tapu Kadastro | 6225 - M.E.B.'Dan Onaylı Bilgisayar İşletmeni Sertifikası Sahibi olmak.;1e4d481e-0a81-ed11-8117-a0369f7d1486
2022;2;302012782;Maden Tetkik ve Arama Genel Müdürlüğü;Memur;Ankara;Lisans;2;;72.83;74.879;"4426;5105;6229";4426 - Aşağıdaki lisans programlarından birinden mezun olmak. | 5105 - Ekonomi ve Finans | 6229 - İşletme-Ekonomi / İşletme-İktisat;5c4c481e-0a81-ed11-8117-a0369f7d1486
2022;2;302011879;Dokuz Eylül Üniversitesi;Perfüzyonist;İzmir;Lisans;1;;72.772;72.772;"4599;9401;7334";4599 - Aşağıdaki lisans programlarından birinden mezun olmak. | 9401 - Perfüzyon | 7334 - (Bakınız Başvurma Özel Şartları Bölümü Perfüzyonist).;c64e481e-0a81-ed11-8117-a0369f7d1486
2022;2;302015365;Ulaştırma ve Altyapı Bakanlığı;Denizcilik Sörvey Mühendisi;Hatay;Lisans;1;;72.668;72.668;"4495;3149;3195;8294;7111;7337";4495 - Aşağıdaki lisans programlarından birinden mezun olmak. | 3149 - Deniz Ulaştırma İşletme Mühendisliği | 3195 - Güverte | 8294 - Güverte (Dkk) | 7111 - Son 5 Yıl İçerisinde KPDS/YDS En Az C Seviyesinde İngilizce Bilmek. | 7337 - (Bakınız Başvurma Özel Şartları Bölümü Gemi Sörvey Kurulu Uzmanı).;264e481e-0a81-ed11-8117-a0369f7d1486
2022;2;302013209;Siirt Üniversitesi;Bilgisayar İşletmeni;Siirt;Lisans;1;;72.647;72.647;"4237;7145;7160;7161;7162;8345;9160;9365;6225";4237 - Aşağıdaki lisans programlarından birinden mezun olmak. | 7145 - Grafik Sanatlar / Grafik Sanatları | 7160 - Grafik | 7161 - Grafik Tasarım | 7162 - Grafik Tasarımı | 8345 - Fotoğraf ve Grafik Sanatlar | 9160 - Grafik Sanatlar ve Grafik Tasarım | 9365 - Grafik Resimleme ve Baskı | 6225 - M.E.B.'Dan Onaylı Bilgisayar İşletmeni Sertifikası Sahibi olmak.;f64f481e-0a81-ed11-8117-a0369f7d1486
2022;2;302010668;Ankara Üniversitesi;Memur;Ankara;Lisans;2;;72.518;72.878;"4426;5105;6229";4426 - Aşağıdaki lisans programlarından birinden mezun olmak. | 5105 - Ekonomi ve Finans | 6229 - İşletme-Ekonomi / İşletme-İktisat;6a4c481e-0a81-ed11-8117-a0369f7d1486
2022;2;302012943;Meteoroloji Genel Müdürlüğü;Mühendis;Elazığ;Lisans;1;;72.202;72.202;"4683;6262";4683 - Aşağıdaki lisans programlarından birinden mezun olmak. | 6262 - Meteoroloji Mühendisliği;9c4d481e-0a81-ed11-8117-a0369f7d1486
2022;2;302012957;Meteoroloji Genel Müdürlüğü;Mühendis;Kars;Lisans;1;;72.09;72.09;"4683;6262";4683 - Aşağıdaki lisans programlarından birinden mezun olmak. | 6262 - Meteoroloji Mühendisliği;cc4e481e-0a81-ed11-8117-a0369f7d1486
2022;2;302015484;Ulaştırma ve Altyapı Bakanlığı;Denizcilik Sörvey Mühendisi;Muğla;Lisans;1;;71.748;71.748;"4495;3149;3195;8294;7111;7337";4495 - Aşağıdaki lisans programlarından birinden mezun olmak. | 3149 - Deniz Ulaştırma İşletme Mühendisliği | 3195 - Güverte | 8294 - Güverte (Dkk) | 7111 - Son 5 Yıl İçerisinde KPDS/YDS En Az C Seviyesinde İngilizce Bilmek. | 7337 - (Bakınız Başvurma Özel Şartları Bölümü Gemi Sörvey Kurulu Uzmanı).;9a4f481e-0a81-ed11-8117-a0369f7d1486
2022;2;302015631;Yıldız Teknik Üniversitesi;Memur;İstanbul;Lisans;1;;71.633;71.633;"4426;5105;6229";4426 - Aşağıdaki lisans programlarından birinden mezun olmak. | 5105 - Ekonomi ve Finans | 6229 - İşletme-Ekonomi / İşletme-İktisat;9b4e481e-0a81-ed11-8117-a0369f7d1486
2022;2;302013853;Tapu ve Kadastro Genel Müdürlüğü;Bilgisayar İşletmeni;Bingöl;Lisans;1;;71.591;71.591;"4688;9288;6225";4688 - Aşağıdaki lisans programlarından birinden mezun olmak. | 9288 - Tapu ve Kadastro / Tapu Kadastro | 6225 - M.E.B.'Dan Onaylı Bilgisayar İşletmeni Sertifikası Sahibi olmak.;1f4d481e-0a81-ed11-8117-a0369f7d1486
2022;2;302012929;Meteoroloji Genel Müdürlüğü;Mühendis;Batman;Lisans;1;;70.894;70.894;"4683;6262";4683 - Aşağıdaki lisans programlarından birinden mezun olmak. | 6262 - Meteoroloji Mühendisliği;1551481e-0a81-ed11-8117-a0369f7d1486
2022;2;302012964;Meteoroloji Genel Müdürlüğü;Mühendis;Siirt;Lisans;1;;70.747;70.747;"4683;6262";4683 - Aşağıdaki lisans programlarından birinden mezun olmak. | 6262 - Meteoroloji Mühendisliği;f94f481e-0a81-ed11-8117-a0369f7d1486
2022;2;302012117;Eti Maden İşletmeleri Genel Müdürlüğü;Mühendis;Kütahya;Lisans;1;;70.723;70.723;"4680;4232";4680 - Aşağıdaki lisans programlarından birinden mezun olmak. | 4232 - Cevher Hazırlama Mühendisliği;584f481e-0a81-ed11-8117-a0369f7d1486
2022;2;302015421;Ulaştırma ve Altyapı Bakanlığı;Denizcilik Sörvey Mühendisi;İstanbul;Lisans;2;;70.646;73.632;"4736;3189;8322;7111;7337";4736 - Aşağıdaki lisans programlarından birinden mezun olmak. | 3189 - Gemi İnşaatı Mühendisliği | 8322 - Gemi İnşaat ve Gemi Makineleri Mühendisliği / Gemi İnşaatı ve Gemi Makineleri Mühendisliği | 7111 - Son 5 Yıl İçerisinde KPDS/YDS En Az C Seviyesinde İngilizce Bilmek. | 7337 - (Bakınız Başvurma Özel Şartları Bölümü Gemi Sörvey Kurulu Uzmanı).;954e481e-0a81-ed11-8117-a0369f7d1486
2022;2;302015358;Ulaştırma ve Altyapı Bakanlığı;Denizcilik Sörvey Mühendisi;Bursa;Lisans;1;;70.128;70.128;"4736;3189;8322;7111;7337";4736 - Aşağıdaki lisans programlarından birinden mezun olmak. | 3189 - Gemi İnşaatı Mühendisliği | 8322 - Gemi İnşaat ve Gemi Makineleri Mühendisliği / Gemi İnşaatı ve Gemi Makineleri Mühendisliği | 7111 - Son 5 Yıl İçerisinde KPDS/YDS En Az C Seviyesinde İngilizce Bilmek. | 7337 - (Bakınız Başvurma Özel Şartları Bölümü Gemi Sörvey Kurulu Uzmanı).;3b4d481e-0a81-ed11-8117-a0369f7d1486
2022;2;302015561;Ulaştırma ve Altyapı Bakanlığı;Denizcilik Sörvey Mühendisi;Zonguldak;Lisans;1;;69.822;69.822;"4736;3189;8322;7111;7337";4736 - Aşağıdaki lisans programlarından birinden mezun olmak. | 3189 - Gemi İnşaatı Mühendisliği | 8322 - Gemi İnşaat ve Gemi Makineleri Mühendisliği / Gemi İnşaatı ve Gemi Makineleri Mühendisliği | 7111 - Son 5 Yıl İçerisinde KPDS/YDS En Az C Seviyesinde İngilizce Bilmek. | 7337 - (Bakınız Başvurma Özel Şartları Bölümü Gemi Sörvey Kurulu Uzmanı).;c550481e-0a81-ed11-8117-a0369f7d1486
2022;2;302012950;Meteoroloji Genel Müdürlüğü;Mühendis;Hakkari;Lisans;1;;69.125;69.125;"4683;6262";4683 - Aşağıdaki lisans programlarından birinden mezun olmak. | 6262 - Meteoroloji Mühendisliği;0f4e481e-0a81-ed11-8117-a0369f7d1486
2022;2;302015505;Ulaştırma ve Altyapı Bakanlığı;Denizcilik Sörvey Mühendisi;Tekirdağ;Lisans;2;;68.622;70.281;"4495;3149;3195;8294;7111;7337";4495 - Aşağıdaki lisans programlarından birinden mezun olmak. | 3149 - Deniz Ulaştırma İşletme Mühendisliği | 3195 - Güverte | 8294 - Güverte (Dkk) | 7111 - Son 5 Yıl İçerisinde KPDS/YDS En Az C Seviyesinde İngilizce Bilmek. | 7337 - (Bakınız Başvurma Özel Şartları Bölümü Gemi Sörvey Kurulu Uzmanı).;3550481e-0a81-ed11-8117-a0369f7d1486
2022;2;302015512;Ulaştırma ve Altyapı Bakanlığı;Denizcilik Sörvey Mühendisi;Tekirdağ;Lisans;1;;67.762;67.762;"4495;3149;3195;8294;7111;7337";4495 - Aşağıdaki lisans programlarından birinden mezun olmak. | 3149 - Deniz Ulaştırma İşletme Mühendisliği | 3195 - Güverte | 8294 - Güverte (Dkk) | 7111 - Son 5 Yıl İçerisinde KPDS/YDS En Az C Seviyesinde İngilizce Bilmek. | 7337 - (Bakınız Başvurma Özel Şartları Bölümü Gemi Sörvey Kurulu Uzmanı).;3650481e-0a81-ed11-8117-a0369f7d1486
2022;2;302015330;Ulaştırma ve Altyapı Bakanlığı;Denizcilik Sörvey Mühendisi;Adana;Lisans;1;;67.484;67.484;"4736;3189;8322;7111;7337";4736 - Aşağıdaki lisans programlarından birinden mezun olmak. | 3189 - Gemi İnşaatı Mühendisliği | 8322 - Gemi İnşaat ve Gemi Makineleri Mühendisliği / Gemi İnşaatı ve Gemi Makineleri Mühendisliği | 7111 - Son 5 Yıl İçerisinde KPDS/YDS En Az C Seviyesinde İngilizce Bilmek. | 7337 - (Bakınız Başvurma Özel Şartları Bölümü Gemi Sörvey Kurulu Uzmanı).;f14b481e-0a81-ed11-8117-a0369f7d1486
2022;2;302015379;Ulaştırma ve Altyapı Bakanlığı;Denizcilik Sörvey Mühendisi;İstanbul;Lisans;1;;67.304;67.304;"4495;3149;3195;8294;7111;7337";4495 - Aşağıdaki lisans programlarından birinden mezun olmak. | 3149 - Deniz Ulaştırma İşletme Mühendisliği | 3195 - Güverte | 8294 - Güverte (Dkk) | 7111 - Son 5 Yıl İçerisinde KPDS/YDS En Az C Seviyesinde İngilizce Bilmek. | 7337 - (Bakınız Başvurma Özel Şartları Bölümü Gemi Sörvey Kurulu Uzmanı).;8f4e481e-0a81-ed11-8117-a0369f7d1486
2022;2;302012502;İstanbul Üniversitesi;Mühendis;İstanbul;Lisans;1;;66.954;66.954;"4820;9523;7371";4820 - Aşağıdaki lisans programlarından birinden mezun olmak. | 9523 - Su Bilimleri ve Mühendisliği | 7371 - Bakınız: Başvurma Özel Şartları - İstanbul Üniversitesi Rektörlüğü;4f4e481e-0a81-ed11-8117-a0369f7d1486
2022;2;302015393;Ulaştırma ve Altyapı Bakanlığı;Denizcilik Sörvey Mühendisi;İstanbul;Lisans;2;;66.913;73.026;"4495;3149;3195;8294;7111;7337";4495 - Aşağıdaki lisans programlarından birinden mezun olmak. | 3149 - Deniz Ulaştırma İşletme Mühendisliği | 3195 - Güverte | 8294 - Güverte (Dkk) | 7111 - Son 5 Yıl İçerisinde KPDS/YDS En Az C Seviyesinde İngilizce Bilmek. | 7337 - (Bakınız Başvurma Özel Şartları Bölümü Gemi Sörvey Kurulu Uzmanı).;914e481e-0a81-ed11-8117-a0369f7d1486
2022;2;302015526;Ulaştırma ve Altyapı Bakanlığı;Denizcilik Sörvey Mühendisi;Trabzon;Lisans;1;;66.561;66.561;"4495;3149;3195;8294;7111;7337";4495 - Aşağıdaki lisans programlarından birinden mezun olmak. | 3149 - Deniz Ulaştırma İşletme Mühendisliği | 3195 - Güverte | 8294 - Güverte (Dkk) | 7111 - Son 5 Yıl İçerisinde KPDS/YDS En Az C Seviyesinde İngilizce Bilmek. | 7337 - (Bakınız Başvurma Özel Şartları Bölümü Gemi Sörvey Kurulu Uzmanı).;6850481e-0a81-ed11-8117-a0369f7d1486
2022;2;302015568;Ulaştırma ve Altyapı Bakanlığı;Denizcilik Sörvey Mühendisi;Zonguldak;Lisans;1;;66.556;66.556;"4495;3149;3195;8294;7111;7337";4495 - Aşağıdaki lisans programlarından birinden mezun olmak. | 3149 - Deniz Ulaştırma İşletme Mühendisliği | 3195 - Güverte | 8294 - Güverte (Dkk) | 7111 - Son 5 Yıl İçerisinde KPDS/YDS En Az C Seviyesinde İngilizce Bilmek. | 7337 - (Bakınız Başvurma Özel Şartları Bölümü Gemi Sörvey Kurulu Uzmanı).;c650481e-0a81-ed11-8117-a0369f7d1486
2022;2;302015554;Ulaştırma ve Altyapı Bakanlığı;Denizcilik Sörvey Mühendisi;Zonguldak;Lisans;1;;66.504;66.504;"4495;3149;3195;8294;7111;7337";4495 - Aşağıdaki lisans programlarından birinden mezun olmak. | 3149 - Deniz Ulaştırma İşletme Mühendisliği | 3195 - Güverte | 8294 - Güverte (Dkk) | 7111 - Son 5 Yıl İçerisinde KPDS/YDS En Az C Seviyesinde İngilizce Bilmek. | 7337 - (Bakınız Başvurma Özel Şartları Bölümü Gemi Sörvey Kurulu Uzmanı).;c450481e-0a81-ed11-8117-a0369f7d1486
2022;2;302015414;Ulaştırma ve Altyapı Bakanlığı;Denizcilik Sörvey Mühendisi;İstanbul;Lisans;1;;66.47;66.47;"4495;3149;3195;8294;7111;7337";4495 - Aşağıdaki lisans programlarından birinden mezun olmak. | 3149 - Deniz Ulaştırma İşletme Mühendisliği | 3195 - Güverte | 8294 - Güverte (Dkk) | 7111 - Son 5 Yıl İçerisinde KPDS/YDS En Az C Seviyesinde İngilizce Bilmek. | 7337 - (Bakınız Başvurma Özel Şartları Bölümü Gemi Sörvey Kurulu Uzmanı).;944e481e-0a81-ed11-8117-a0369f7d1486
2022;2;302015449;Ulaştırma ve Altyapı Bakanlığı;Denizcilik Sörvey Mühendisi;Kocaeli;Lisans;1;;66.385;66.385;"4495;3149;3195;8294;7111;7337";4495 - Aşağıdaki lisans programlarından birinden mezun olmak. | 3149 - Deniz Ulaştırma İşletme Mühendisliği | 3195 - Güverte | 8294 - Güverte (Dkk) | 7111 - Son 5 Yıl İçerisinde KPDS/YDS En Az C Seviyesinde İngilizce Bilmek. | 7337 - (Bakınız Başvurma Özel Şartları Bölümü Gemi Sörvey Kurulu Uzmanı).;1e4f481e-0a81-ed11-8117-a0369f7d1486
2022;2;302015386;Ulaştırma ve Altyapı Bakanlığı;Denizcilik Sörvey Mühendisi;İstanbul;Lisans;1;;65.987;65.987;"4736;3189;8322;7111;7337";4736 - Aşağıdaki lisans programlarından birinden mezun olmak. | 3189 - Gemi İnşaatı Mühendisliği | 8322 - Gemi İnşaat ve Gemi Makineleri Mühendisliği / Gemi İnşaatı ve Gemi Makineleri Mühendisliği | 7111 - Son 5 Yıl İçerisinde KPDS/YDS En Az C Seviyesinde İngilizce Bilmek. | 7337 - (Bakınız Başvurma Özel Şartları Bölümü Gemi Sörvey Kurulu Uzmanı).;904e481e-0a81-ed11-8117-a0369f7d1486
2022;2;302012040;Esenler Belediye Başkanlığı;Tahsildar;İstanbul;Lisans;12;;65.071;73.481;"4426;5105;6229";4426 - Aşağıdaki lisans programlarından birinden mezun olmak. | 5105 - Ekonomi ve Finans | 6229 - İşletme-Ekonomi / İşletme-İktisat;464e481e-0a81-ed11-8117-a0369f7d1486
2022;2;302015428;Ulaştırma ve Altyapı Bakanlığı;Denizcilik Sörvey Mühendisi;İzmir;Lisans;1;;62.916;62.916;"4733;3190;8193;7111;7337";4733 - Aşağıdaki lisans programlarından birinden mezun olmak. | 3190 - Gemi Makineleri İşletme Mühendisliği | 8193 - Gemi Makineleri Mühendisliği | 7111 - Son 5 Yıl İçerisinde KPDS/YDS En Az C Seviyesinde İngilizce Bilmek. | 7337 - (Bakınız Başvurma Özel Şartları Bölümü Gemi Sörvey Kurulu Uzmanı).;a14e481e-0a81-ed11-8117-a0369f7d1486
2022;2;302015351;Ulaştırma ve Altyapı Bakanlığı;Denizcilik Sörvey Mühendisi;Bursa;Lisans;1;;60.85;60.85;"4733;3190;8193;7111;7337";4733 - Aşağıdaki lisans programlarından birinden mezun olmak. | 3190 - Gemi Makineleri İşletme Mühendisliği | 8193 - Gemi Makineleri Mühendisliği | 7111 - Son 5 Yıl İçerisinde KPDS/YDS En Az C Seviyesinde İngilizce Bilmek. | 7337 - (Bakınız Başvurma Özel Şartları Bölümü Gemi Sörvey Kurulu Uzmanı).;3a4d481e-0a81-ed11-8117-a0369f7d1486
2022;2;302014875;Türkiye Şeker Fabrikaları A.Ş. Genel Müdürlüğü;Memur;Ankara;Lisans;2;;59.494;62.745;"4445;8334;7248";4445 - Aşağıdaki lisans programlarından birinden mezun olmak. | 8334 - Pazarlama | 7248 - Vardiyalı Çalışmasına Engel Bir Durumu Bulunmamak;d54c481e-0a81-ed11-8117-a0369f7d1486
2022;2;302015344;Ulaştırma ve Altyapı Bakanlığı;Denizcilik Sörvey Mühendisi;Balıkesir;Lisans;1;1;;;"4736;3189;8322;7111;7337";4736 - Aşağıdaki lisans programlarından birinden mezun olmak. | 3189 - Gemi İnşaatı Mühendisliği | 8322 - Gemi İnşaat ve Gemi Makineleri Mühendisliği / Gemi İnşaatı ve Gemi Makineleri Mühendisliği | 7111 - Son 5 Yıl İçerisinde KPDS/YDS En Az C Seviyesinde İngilizce Bilmek. | 7337 - (Bakınız Başvurma Özel Şartları Bölümü Gemi Sörvey Kurulu Uzmanı).;104d481e-0a81-ed11-8117-a0369f7d1486
2022;2;302015372;Ulaştırma ve Altyapı Bakanlığı;Denizcilik Sörvey Mühendisi;Hatay;Lisans;1;1;;;"4736;3189;8322;7111;7337";4736 - Aşağıdaki lisans programlarından birinden mezun olmak. | 3189 - Gemi İnşaatı Mühendisliği | 8322 - Gemi İnşaat ve Gemi Makineleri Mühendisliği / Gemi İnşaatı ve Gemi Makineleri Mühendisliği | 7111 - Son 5 Yıl İçerisinde KPDS/YDS En Az C Seviyesinde İngilizce Bilmek. | 7337 - (Bakınız Başvurma Özel Şartları Bölümü Gemi Sörvey Kurulu Uzmanı).;274e481e-0a81-ed11-8117-a0369f7d1486
2022;2;302015400;Ulaştırma ve Altyapı Bakanlığı;Denizcilik Sörvey Mühendisi;İstanbul;Lisans;1;1;;;"4733;3190;8193;7111;7337";4733 - Aşağıdaki lisans programlarından birinden mezun olmak. | 3190 - Gemi Makineleri İşletme Mühendisliği | 8193 - Gemi Makineleri Mühendisliği | 7111 - Son 5 Yıl İçerisinde KPDS/YDS En Az C Seviyesinde İngilizce Bilmek. | 7337 - (Bakınız Başvurma Özel Şartları Bölümü Gemi Sörvey Kurulu Uzmanı).;924e481e-0a81-ed11-8117-a0369f7d1486
2022;2;302015435;Ulaştırma ve Altyapı Bakanlığı;Denizcilik Sörvey Mühendisi;İzmir;Lisans;1;1;;;"4736;3189;8322;7111;7337";4736 - Aşağıdaki lisans programlarından birinden mezun olmak. | 3189 - Gemi İnşaatı Mühendisliği | 8322 - Gemi İnşaat ve Gemi Makineleri Mühendisliği / Gemi İnşaatı ve Gemi Makineleri Mühendisliği | 7111 - Son 5 Yıl İçerisinde KPDS/YDS En Az C Seviyesinde İngilizce Bilmek. | 7337 - (Bakınız Başvurma Özel Şartları Bölümü Gemi Sörvey Kurulu Uzmanı).;a24e481e-0a81-ed11-8117-a0369f7d1486
2022;2;302015442;Ulaştırma ve Altyapı Bakanlığı;Denizcilik Sörvey Mühendisi;İzmir;Lisans;1;1;;;"4736;3189;8322;7111;7337";4736 - Aşağıdaki lisans programlarından birinden mezun olmak. | 3189 - Gemi İnşaatı Mühendisliği | 8322 - Gemi İnşaat ve Gemi Makineleri Mühendisliği / Gemi İnşaatı ve Gemi Makineleri Mühendisliği | 7111 - Son 5 Yıl İçerisinde KPDS/YDS En Az C Seviyesinde İngilizce Bilmek. | 7337 - (Bakınız Başvurma Özel Şartları Bölümü Gemi Sörvey Kurulu Uzmanı).;a34e481e-0a81-ed11-8117-a0369f7d1486
2022;2;302015456;Ulaştırma ve Altyapı Bakanlığı;Denizcilik Sörvey Mühendisi;Kocaeli;Lisans;1;1;;;"4733;3190;8193;7111;7337";4733 - Aşağıdaki lisans programlarından birinden mezun olmak. | 3190 - Gemi Makineleri İşletme Mühendisliği | 8193 - Gemi Makineleri Mühendisliği | 7111 - Son 5 Yıl İçerisinde KPDS/YDS En Az C Seviyesinde İngilizce Bilmek. | 7337 - (Bakınız Başvurma Özel Şartları Bölümü Gemi Sörvey Kurulu Uzmanı).;1f4f481e-0a81-ed11-8117-a0369f7d1486
2022;2;302015463;Ulaştırma ve Altyapı Bakanlığı;Denizcilik Sörvey Mühendisi;Kocaeli;Lisans;1;1;;;"4736;3189;8322;7111;7337";4736 - Aşağıdaki lisans programlarından birinden mezun olmak. | 3189 - Gemi İnşaatı Mühendisliği | 8322 - Gemi İnşaat ve Gemi Makineleri Mühendisliği / Gemi İnşaatı ve Gemi Makineleri Mühendisliği | 7111 - Son 5 Yıl İçerisinde KPDS/YDS En Az C Seviyesinde İngilizce Bilmek. | 7337 - (Bakınız Başvurma Özel Şartları Bölümü Gemi Sörvey Kurulu Uzmanı).;204f481e-0a81-ed11-8117-a0369f7d1486
2022;2;302015477;Ulaştırma ve Altyapı Bakanlığı;Denizcilik Sörvey Mühendisi;Muğla;Lisans;1;1;;;"4736;3189;8322;7111;7337";4736 - Aşağıdaki lisans programlarından birinden mezun olmak. | 3189 - Gemi İnşaatı Mühendisliği | 8322 - Gemi İnşaat ve Gemi Makineleri Mühendisliği / Gemi İnşaatı ve Gemi Makineleri Mühendisliği | 7111 - Son 5 Yıl İçerisinde KPDS/YDS En Az C Seviyesinde İngilizce Bilmek. | 7337 - (Bakınız Başvurma Özel Şartları Bölümü Gemi Sörvey Kurulu Uzmanı).;994f481e-0a81-ed11-8117-a0369f7d1486
2022;2;302015533;Ulaştırma ve Altyapı Bakanlığı;Denizcilik Sörvey Mühendisi;Trabzon;Lisans;1;1;;;"4733;3190;8193;7111;7337";4733 - Aşağıdaki lisans programlarından birinden mezun olmak. | 3190 - Gemi Makineleri İşletme Mühendisliği | 8193 - Gemi Makineleri Mühendisliği | 7111 - Son 5 Yıl İçerisinde KPDS/YDS En Az C Seviyesinde İngilizce Bilmek. | 7337 - (Bakınız Başvurma Özel Şartları Bölümü Gemi Sörvey Kurulu Uzmanı).;6950481e-0a81-ed11-8117-a0369f7d1486
2022;2;302015575;Ulaştırma ve Altyapı Bakanlığı;Denizcilik Sörvey Mühendisi;Zonguldak;Lisans;1;1;;;"4736;3189;8322;7111;7337";4736 - Aşağıdaki lisans programlarından birinden mezun olmak. | 3189 - Gemi İnşaatı Mühendisliği | 8322 - Gemi İnşaat ve Gemi Makineleri Mühendisliği / Gemi İnşaatı ve Gemi Makineleri Mühendisliği | 7111 - Son 5 Yıl İçerisinde KPDS/YDS En Az C Seviyesinde İngilizce Bilmek. | 7337 - (Bakınız Başvurma Özel Şartları Bölümü Gemi Sörvey Kurulu Uzmanı).;c750481e-0a81-ed11-8117-a0369f7d1486
