yil;donem;kadro_kodu;kurum;unvan;il;ogrenim;kontenjan;bos_kadro;min_puan;max_puan;nitelik_kodlari;nitelikler;kadro_guid
2025;3;103010108;Çevre, Şehircilik ve İklim Değişikliği Bakanlığı;Destek Personeli (Temizlik Personeli);Ankara;Ortaogretim;8;2;;;2001;2001 - Herhangi bir ortaöğretim programından mezun olmak.;64759aa0-82ce-ef11-b177-a0369f7d1d8e
2025;3;103010115;Çevre, Şehircilik ve İklim Değişikliği Bakanlığı;Destek Personeli (Temizlik Personeli);Ankara;Ortaogretim;1;2;;;2001;2001 - Herhangi bir ortaöğretim programından mezun olmak.;65759aa0-82ce-ef11-b177-a0369f7d1d8e
2025;3;103010122;Çevre, Şehircilik ve İklim Değişikliği Bakanlığı;Destek Personeli (Temizlik Personeli);Balıkesir;Ortaogretim;1;2;;;2001;2001 - Herhangi bir ortaöğretim programından mezun olmak.;82759aa0-82ce-ef11-b177-a0369f7d1d8e
2025;3;103010129;Çevre, Şehircilik ve İklim Değişikliği Bakanlığı;Destek Personeli (Temizlik Personeli);Burdur;Ortaogretim;1;2;;;2001;2001 - Herhangi bir ortaöğretim programından mezun olmak.;8c759aa0-82ce-ef11-b177-a0369f7d1d8e
2025;3;103010136;Çevre, Şehircilik ve İklim Değişikliği Bakanlığı;Destek Personeli (Temizlik Personeli);Erzurum;Ortaogretim;2;1;;;2001;2001 - Herhangi bir ortaöğretim programından mezun olmak.;d0759aa0-82ce-ef11-b177-a0369f7d1d8e
2025;3;103010143;Çevre, Şehircilik ve İklim Değişikliği Bakanlığı;Destek Personeli (Temizlik Personeli);Giresun;Ortaogretim;1;1;;;2001;2001 - Herhangi bir ortaöğretim programından mezun olmak.;de759aa0-82ce-ef11-b177-a0369f7d1d8e
2025;3;103010157;Çevre, Şehircilik ve İklim Değişikliği Bakanlığı;Destek Personeli (Temizlik Personeli);Isparta;Ortaogretim;1;2;;;2001;2001 - Herhangi bir ortaöğretim programından mezun olmak.;ee759aa0-82ce-ef11-b177-a0369f7d1d8e
2025;3;103010185;Çevre, Şehircilik ve İklim Değişikliği Bakanlığı;Destek Personeli (Temizlik Personeli);Mersin;Ortaogretim;1;2;;;2001;2001 - Herhangi bir ortaöğretim programından mezun olmak.;ef759aa0-82ce-ef11-b177-a0369f7d1d8e
2025;3;103010164;Çevre, Şehircilik ve İklim Değişikliği Bakanlığı;Destek Personeli (Temizlik Personeli);İstanbul;Ortaogretim;1;1;;;2001;2001 - Herhangi bir ortaöğretim programından mezun olmak.;f6759aa0-82ce-ef11-b177-a0369f7d1d8e
2025;3;103010171;Çevre, Şehircilik ve İklim Değişikliği Bakanlığı;Destek Personeli (Temizlik Personeli);İzmir;Ortaogretim;3;2;;;2001;2001 - Herhangi bir ortaöğretim programından mezun olmak.;f9759aa0-82ce-ef11-b177-a0369f7d1d8e
2025;3;103010178;Çevre, Şehircilik ve İklim Değişikliği Bakanlığı;Destek Personeli (Temizlik Personeli);Kars;Ortaogretim;2;2;;;2001;2001 - Herhangi bir ortaöğretim programından mezun olmak.;01769aa0-82ce-ef11-b177-a0369f7d1d8e
2025;3;103010192;Çevre, Şehircilik ve İklim Değişikliği Bakanlığı;Destek Personeli (Temizlik Personeli);Muğla;Ortaogretim;4;2;;;2001;2001 - Herhangi bir ortaöğretim programından mezun olmak.;3b769aa0-82ce-ef11-b177-a0369f7d1d8e
2025;3;103010101;Çevre, Şehircilik ve İklim Değişikliği Bakanlığı;Destek Personeli (Temizlik Personeli);Aksaray;Ortaogretim;1;2;;;2001;2001 - Herhangi bir ortaöğretim programından mezun olmak.;7e769aa0-82ce-ef11-b177-a0369f7d1d8e
2025;3;103010150;Çevre, Şehircilik ve İklim Değişikliği Bakanlığı;Destek Personeli (Temizlik Personeli);Iğdır;Ortaogretim;1;2;;;2001;2001 - Herhangi bir ortaöğretim programından mezun olmak.;89769aa0-82ce-ef11-b177-a0369f7d1d8e
2025;3;203010605;Çevre, Şehircilik ve İklim Değişikliği Bakanlığı;Koruma ve Güvenlik Görevlisi - Silahlı;Adana;Onlisans;2;2;;;"3001;6551;7300;7304";3001 - Herhangi bir önlisans programından mezun olmak. | 6551 - Özel Güvenlik Görevlisi Kimlik Kartına Sahip olmak. | 7300 - Bu kadro/pozisyonda vardiya sistemi uygulanmaktadır. | 7304 - (Bakınız: Başvurma Özel Şartları - Koruma Ve Güvenlik Görevlisi-Silahlı);4c759aa0-82ce-ef11-b177-a0369f7d1d8e
2025;3;203010101;Çevre, Şehircilik ve İklim Değişikliği Bakanlığı;Büro Personeli;Adıyaman;Onlisans;1;0;;;"3301;1156;1383;4266;4267;6225";3301 - Aşağıdaki önlisans programlarından birinden mezun olmak. | 1156 - Emlak ve Emlak Yönetimi | 1383 - Emlak Yönetimi | 4266 - Gayrimenkul Yönetimi | 4267 - Gayrimenkul Yönetimi ve Pazarlama | 6225 - M.E.B.'Dan Onaylı Bilgisayar İşletmeni Sertifikası Sahibi olmak.;52759aa0-82ce-ef11-b177-a0369f7d1d8e
2025;3;203010108;Çevre, Şehircilik ve İklim Değişikliği Bakanlığı;Büro Personeli;Ağrı;Onlisans;1;0;;;"3301;1156;1383;4266;4267;6225";3301 - Aşağıdaki önlisans programlarından birinden mezun olmak. | 1156 - Emlak ve Emlak Yönetimi | 1383 - Emlak Yönetimi | 4266 - Gayrimenkul Yönetimi | 4267 - Gayrimenkul Yönetimi ve Pazarlama | 6225 - M.E.B.'Dan Onaylı Bilgisayar İşletmeni Sertifikası Sahibi olmak.;55759aa0-82ce-ef11-b177-a0369f7d1d8e
2025;3;203010115;Çevre, Şehircilik ve İklim Değişikliği Bakanlığı;Büro Personeli;Ağrı;Onlisans;1;1;;;"3163;1163;1206;1207;1254;1333;4296;4351;4406;5339;5341;6176;8603;3181;1235;6225";3163 - Aşağıdaki önlisans programlarından birinden mezun olmak. | 1163 - Endüstriyel Yönetim | 1206 - İşletme Organizasyonu ve Çiftlik Yönetimi | 1207 - İşletmecilik | 1254 - Orta Kademe Yöneticiliği / Orta Kademe Yöneticilik | 1333 - Ticaret ve Yönetim | 4296 - İşletme Yönetimi | 4351 - Sevk ve İdare | 4406 - Yönetim | 5339 - İş İdaresi | 5341 - İşletme | 6176 - Genel İşletme | 8603 - Girişimcilik ve Proje Yönetim Asistanlığı | 3181 - Aşağıdaki önlisans programlarından birinden mezun olmak. | 1235 - Maliye | 6225 - M.E.B.'Dan Onaylı Bilgisayar İşletmeni Sertifikası Sahibi olmak.;56759aa0-82ce-ef11-b177-a0369f7d1d8e
2025;3;203010122;Çevre, Şehircilik ve İklim Değişikliği Bakanlığı;Büro Personeli;Ağrı;Onlisans;1;1;;;"3163;1163;1206;1207;1254;1333;4296;4351;4406;5339;5341;6176;8603;3181;1235;6225";3163 - Aşağıdaki önlisans programlarından birinden mezun olmak. | 1163 - Endüstriyel Yönetim | 1206 - İşletme Organizasyonu ve Çiftlik Yönetimi | 1207 - İşletmecilik | 1254 - Orta Kademe Yöneticiliği / Orta Kademe Yöneticilik | 1333 - Ticaret ve Yönetim | 4296 - İşletme Yönetimi | 4351 - Sevk ve İdare | 4406 - Yönetim | 5339 - İş İdaresi | 5341 - İşletme | 6176 - Genel İşletme | 8603 - Girişimcilik ve Proje Yönetim Asistanlığı | 3181 - Aşağıdaki önlisans programlarından birinden mezun olmak. | 1235 - Maliye | 6225 - M.E.B.'Dan Onaylı Bilgisayar İşletmeni Sertifikası Sahibi olmak.;57759aa0-82ce-ef11-b177-a0369f7d1d8e
2025;3;203010612;Çevre, Şehircilik ve İklim Değişikliği Bakanlığı;Koruma ve Güvenlik Görevlisi - Silahlı;Ankara;Onlisans;3;2;;;"3001;6551;7300;7304";3001 - Herhangi bir önlisans programından mezun olmak. | 6551 - Özel Güvenlik Görevlisi Kimlik Kartına Sahip olmak. | 7300 - Bu kadro/pozisyonda vardiya sistemi uygulanmaktadır. | 7304 - (Bakınız: Başvurma Özel Şartları - Koruma Ve Güvenlik Görevlisi-Silahlı);6d759aa0-82ce-ef11-b177-a0369f7d1d8e
2025;3;203010150;Çevre, Şehircilik ve İklim Değişikliği Bakanlığı;Büro Personeli;Bingöl;Onlisans;1;0;;;"3163;1163;1206;1207;1254;1333;4296;4351;4406;5339;5341;6176;8603;3181;1235;6225";3163 - Aşağıdaki önlisans programlarından birinden mezun olmak. | 1163 - Endüstriyel Yönetim | 1206 - İşletme Organizasyonu ve Çiftlik Yönetimi | 1207 - İşletmecilik | 1254 - Orta Kademe Yöneticiliği / Orta Kademe Yöneticilik | 1333 - Ticaret ve Yönetim | 4296 - İşletme Yönetimi | 4351 - Sevk ve İdare | 4406 - Yönetim | 5339 - İş İdaresi | 5341 - İşletme | 6176 - Genel İşletme | 8603 - Girişimcilik ve Proje Yönetim Asistanlığı | 3181 - Aşağıdaki önlisans programlarından birinden mezun olmak. | 1235 - Maliye | 6225 - M.E.B.'Dan Onaylı Bilgisayar İşletmeni Sertifikası Sahibi olmak.;85759aa0-82ce-ef11-b177-a0369f7d1d8e
2025;3;203010157;Çevre, Şehircilik ve İklim Değişikliği Bakanlığı;Büro Personeli;Bingöl;Onlisans;1;0;;;"3301;1156;1383;4266;4267;6225";3301 - Aşağıdaki önlisans programlarından birinden mezun olmak. | 1156 - Emlak ve Emlak Yönetimi | 1383 - Emlak Yönetimi | 4266 - Gayrimenkul Yönetimi | 4267 - Gayrimenkul Yönetimi ve Pazarlama | 6225 - M.E.B.'Dan Onaylı Bilgisayar İşletmeni Sertifikası Sahibi olmak.;86759aa0-82ce-ef11-b177-a0369f7d1d8e
2025;3;203010164;Çevre, Şehircilik ve İklim Değişikliği Bakanlığı;Büro Personeli;Diyarbakır;Onlisans;2;0;;;"3163;1163;1206;1207;1254;1333;4296;4351;4406;5339;5341;6176;8603;3181;1235;6225";3163 - Aşağıdaki önlisans programlarından birinden mezun olmak. | 1163 - Endüstriyel Yönetim | 1206 - İşletme Organizasyonu ve Çiftlik Yönetimi | 1207 - İşletmecilik | 1254 - Orta Kademe Yöneticiliği / Orta Kademe Yöneticilik | 1333 - Ticaret ve Yönetim | 4296 - İşletme Yönetimi | 4351 - Sevk ve İdare | 4406 - Yönetim | 5339 - İş İdaresi | 5341 - İşletme | 6176 - Genel İşletme | 8603 - Girişimcilik ve Proje Yönetim Asistanlığı | 3181 - Aşağıdaki önlisans programlarından birinden mezun olmak. | 1235 - Maliye | 6225 - M.E.B.'Dan Onaylı Bilgisayar İşletmeni Sertifikası Sahibi olmak.;a4759aa0-82ce-ef11-b177-a0369f7d1d8e
2025;3;203010171;Çevre, Şehircilik ve İklim Değişikliği Bakanlığı;Büro Personeli;Diyarbakır;Onlisans;2;0;;;"3301;1156;1383;4266;4267;6225";3301 - Aşağıdaki önlisans programlarından birinden mezun olmak. | 1156 - Emlak ve Emlak Yönetimi | 1383 - Emlak Yönetimi | 4266 - Gayrimenkul Yönetimi | 4267 - Gayrimenkul Yönetimi ve Pazarlama | 6225 - M.E.B.'Dan Onaylı Bilgisayar İşletmeni Sertifikası Sahibi olmak.;a5759aa0-82ce-ef11-b177-a0369f7d1d8e
2025;3;203010178;Çevre, Şehircilik ve İklim Değişikliği Bakanlığı;Büro Personeli;Diyarbakır;Onlisans;1;0;;;"3163;1163;1206;1207;1254;1333;4296;4351;4406;5339;5341;6176;8603;3181;1235;6225";3163 - Aşağıdaki önlisans programlarından birinden mezun olmak. | 1163 - Endüstriyel Yönetim | 1206 - İşletme Organizasyonu ve Çiftlik Yönetimi | 1207 - İşletmecilik | 1254 - Orta Kademe Yöneticiliği / Orta Kademe Yöneticilik | 1333 - Ticaret ve Yönetim | 4296 - İşletme Yönetimi | 4351 - Sevk ve İdare | 4406 - Yönetim | 5339 - İş İdaresi | 5341 - İşletme | 6176 - Genel İşletme | 8603 - Girişimcilik ve Proje Yönetim Asistanlığı | 3181 - Aşağıdaki önlisans programlarından birinden mezun olmak. | 1235 - Maliye | 6225 - M.E.B.'Dan Onaylı Bilgisayar İşletmeni Sertifikası Sahibi olmak.;a6759aa0-82ce-ef11-b177-a0369f7d1d8e
2025;3;203010185;Çevre, Şehircilik ve İklim Değişikliği Bakanlığı;Büro Personeli;Diyarbakır;Onlisans;1;0;;;"3163;1163;1206;1207;1254;1333;4296;4351;4406;5339;5341;6176;8603;3181;1235;6225";3163 - Aşağıdaki önlisans programlarından birinden mezun olmak. | 1163 - Endüstriyel Yönetim | 1206 - İşletme Organizasyonu ve Çiftlik Yönetimi | 1207 - İşletmecilik | 1254 - Orta Kademe Yöneticiliği / Orta Kademe Yöneticilik | 1333 - Ticaret ve Yönetim | 4296 - İşletme Yönetimi | 4351 - Sevk ve İdare | 4406 - Yönetim | 5339 - İş İdaresi | 5341 - İşletme | 6176 - Genel İşletme | 8603 - Girişimcilik ve Proje Yönetim Asistanlığı | 3181 - Aşağıdaki önlisans programlarından birinden mezun olmak. | 1235 - Maliye | 6225 - M.E.B.'Dan Onaylı Bilgisayar İşletmeni Sertifikası Sahibi olmak.;a7759aa0-82ce-ef11-b177-a0369f7d1d8e
2025;3;203010192;Çevre, Şehircilik ve İklim Değişikliği Bakanlığı;Büro Personeli;Diyarbakır;Onlisans;1;0;;;"3301;1156;1383;4266;4267;6225";3301 - Aşağıdaki önlisans programlarından birinden mezun olmak. | 1156 - Emlak ve Emlak Yönetimi | 1383 - Emlak Yönetimi | 4266 - Gayrimenkul Yönetimi | 4267 - Gayrimenkul Yönetimi ve Pazarlama | 6225 - M.E.B.'Dan Onaylı Bilgisayar İşletmeni Sertifikası Sahibi olmak.;a8759aa0-82ce-ef11-b177-a0369f7d1d8e
2025;3;203010199;Çevre, Şehircilik ve İklim Değişikliği Bakanlığı;Büro Personeli;Diyarbakır;Onlisans;1;0;;;"3301;1156;1383;4266;4267;6225";3301 - Aşağıdaki önlisans programlarından birinden mezun olmak. | 1156 - Emlak ve Emlak Yönetimi | 1383 - Emlak Yönetimi | 4266 - Gayrimenkul Yönetimi | 4267 - Gayrimenkul Yönetimi ve Pazarlama | 6225 - M.E.B.'Dan Onaylı Bilgisayar İşletmeni Sertifikası Sahibi olmak.;a9759aa0-82ce-ef11-b177-a0369f7d1d8e
2025;3;203010206;Çevre, Şehircilik ve İklim Değişikliği Bakanlığı;Büro Personeli;Diyarbakır;Onlisans;1;0;;;"3163;1163;1206;1207;1254;1333;4296;4351;4406;5339;5341;6176;8603;3181;1235;6225";3163 - Aşağıdaki önlisans programlarından birinden mezun olmak. | 1163 - Endüstriyel Yönetim | 1206 - İşletme Organizasyonu ve Çiftlik Yönetimi | 1207 - İşletmecilik | 1254 - Orta Kademe Yöneticiliği / Orta Kademe Yöneticilik | 1333 - Ticaret ve Yönetim | 4296 - İşletme Yönetimi | 4351 - Sevk ve İdare | 4406 - Yönetim | 5339 - İş İdaresi | 5341 - İşletme | 6176 - Genel İşletme | 8603 - Girişimcilik ve Proje Yönetim Asistanlığı | 3181 - Aşağıdaki önlisans programlarından birinden mezun olmak. | 1235 - Maliye | 6225 - M.E.B.'Dan Onaylı Bilgisayar İşletmeni Sertifikası Sahibi olmak.;aa759aa0-82ce-ef11-b177-a0369f7d1d8e
2025;3;203010213;Çevre, Şehircilik ve İklim Değişikliği Bakanlığı;Büro Personeli;Diyarbakır;Onlisans;1;0;;;"3163;1163;1206;1207;1254;1333;4296;4351;4406;5339;5341;6176;8603;3181;1235;6225";3163 - Aşağıdaki önlisans programlarından birinden mezun olmak. | 1163 - Endüstriyel Yönetim | 1206 - İşletme Organizasyonu ve Çiftlik Yönetimi | 1207 - İşletmecilik | 1254 - Orta Kademe Yöneticiliği / Orta Kademe Yöneticilik | 1333 - Ticaret ve Yönetim | 4296 - İşletme Yönetimi | 4351 - Sevk ve İdare | 4406 - Yönetim | 5339 - İş İdaresi | 5341 - İşletme | 6176 - Genel İşletme | 8603 - Girişimcilik ve Proje Yönetim Asistanlığı | 3181 - Aşağıdaki önlisans programlarından birinden mezun olmak. | 1235 - Maliye | 6225 - M.E.B.'Dan Onaylı Bilgisayar İşletmeni Sertifikası Sahibi olmak.;ab759aa0-82ce-ef11-b177-a0369f7d1d8e
2025;3;203010220;Çevre, Şehircilik ve İklim Değişikliği Bakanlığı;Büro Personeli;Elazığ;Onlisans;1;0;;;"3301;1156;1383;4266;4267;6225";3301 - Aşağıdaki önlisans programlarından birinden mezun olmak. | 1156 - Emlak ve Emlak Yönetimi | 1383 - Emlak Yönetimi | 4266 - Gayrimenkul Yönetimi | 4267 - Gayrimenkul Yönetimi ve Pazarlama | 6225 - M.E.B.'Dan Onaylı Bilgisayar İşletmeni Sertifikası Sahibi olmak.;ba759aa0-82ce-ef11-b177-a0369f7d1d8e
2025;3;203010227;Çevre, Şehircilik ve İklim Değişikliği Bakanlığı;Büro Personeli;Erzincan;Onlisans;1;1;;;"3163;1163;1206;1207;1254;1333;4296;4351;4406;5339;5341;6176;8603;3181;1235;6225";3163 - Aşağıdaki önlisans programlarından birinden mezun olmak. | 1163 - Endüstriyel Yönetim | 1206 - İşletme Organizasyonu ve Çiftlik Yönetimi | 1207 - İşletmecilik | 1254 - Orta Kademe Yöneticiliği / Orta Kademe Yöneticilik | 1333 - Ticaret ve Yönetim | 4296 - İşletme Yönetimi | 4351 - Sevk ve İdare | 4406 - Yönetim | 5339 - İş İdaresi | 5341 - İşletme | 6176 - Genel İşletme | 8603 - Girişimcilik ve Proje Yönetim Asistanlığı | 3181 - Aşağıdaki önlisans programlarından birinden mezun olmak. | 1235 - Maliye | 6225 - M.E.B.'Dan Onaylı Bilgisayar İşletmeni Sertifikası Sahibi olmak.;bb759aa0-82ce-ef11-b177-a0369f7d1d8e
2025;3;203010234;Çevre, Şehircilik ve İklim Değişikliği Bakanlığı;Büro Personeli;Erzincan;Onlisans;1;1;;;"3163;1163;1206;1207;1254;1333;4296;4351;4406;5339;5341;6176;8603;3181;1235;6225";3163 - Aşağıdaki önlisans programlarından birinden mezun olmak. | 1163 - Endüstriyel Yönetim | 1206 - İşletme Organizasyonu ve Çiftlik Yönetimi | 1207 - İşletmecilik | 1254 - Orta Kademe Yöneticiliği / Orta Kademe Yöneticilik | 1333 - Ticaret ve Yönetim | 4296 - İşletme Yönetimi | 4351 - Sevk ve İdare | 4406 - Yönetim | 5339 - İş İdaresi | 5341 - İşletme | 6176 - Genel İşletme | 8603 - Girişimcilik ve Proje Yönetim Asistanlığı | 3181 - Aşağıdaki önlisans programlarından birinden mezun olmak. | 1235 - Maliye | 6225 - M.E.B.'Dan Onaylı Bilgisayar İşletmeni Sertifikası Sahibi olmak.;bc759aa0-82ce-ef11-b177-a0369f7d1d8e
2025;3;203010241;Çevre, Şehircilik ve İklim Değişikliği Bakanlığı;Büro Personeli;Erzincan;Onlisans;1;1;;;"3163;1163;1206;1207;1254;1333;4296;4351;4406;5339;5341;6176;8603;3181;1235;6225";3163 - Aşağıdaki önlisans programlarından birinden mezun olmak. | 1163 - Endüstriyel Yönetim | 1206 - İşletme Organizasyonu ve Çiftlik Yönetimi | 1207 - İşletmecilik | 1254 - Orta Kademe Yöneticiliği / Orta Kademe Yöneticilik | 1333 - Ticaret ve Yönetim | 4296 - İşletme Yönetimi | 4351 - Sevk ve İdare | 4406 - Yönetim | 5339 - İş İdaresi | 5341 - İşletme | 6176 - Genel İşletme | 8603 - Girişimcilik ve Proje Yönetim Asistanlığı | 3181 - Aşağıdaki önlisans programlarından birinden mezun olmak. | 1235 - Maliye | 6225 - M.E.B.'Dan Onaylı Bilgisayar İşletmeni Sertifikası Sahibi olmak.;bd759aa0-82ce-ef11-b177-a0369f7d1d8e
2025;3;203010248;Çevre, Şehircilik ve İklim Değişikliği Bakanlığı;Büro Personeli;Erzincan;Onlisans;1;0;;;"3301;1156;1383;4266;4267;6225";3301 - Aşağıdaki önlisans programlarından birinden mezun olmak. | 1156 - Emlak ve Emlak Yönetimi | 1383 - Emlak Yönetimi | 4266 - Gayrimenkul Yönetimi | 4267 - Gayrimenkul Yönetimi ve Pazarlama | 6225 - M.E.B.'Dan Onaylı Bilgisayar İşletmeni Sertifikası Sahibi olmak.;be759aa0-82ce-ef11-b177-a0369f7d1d8e
2025;3;203010255;Çevre, Şehircilik ve İklim Değişikliği Bakanlığı;Büro Personeli;Erzurum;Onlisans;1;1;;;"3163;1163;1206;1207;1254;1333;4296;4351;4406;5339;5341;6176;8603;3181;1235;6225";3163 - Aşağıdaki önlisans programlarından birinden mezun olmak. | 1163 - Endüstriyel Yönetim | 1206 - İşletme Organizasyonu ve Çiftlik Yönetimi | 1207 - İşletmecilik | 1254 - Orta Kademe Yöneticiliği / Orta Kademe Yöneticilik | 1333 - Ticaret ve Yönetim | 4296 - İşletme Yönetimi | 4351 - Sevk ve İdare | 4406 - Yönetim | 5339 - İş İdaresi | 5341 - İşletme | 6176 - Genel İşletme | 8603 - Girişimcilik ve Proje Yönetim Asistanlığı | 3181 - Aşağıdaki önlisans programlarından birinden mezun olmak. | 1235 - Maliye | 6225 - M.E.B.'Dan Onaylı Bilgisayar İşletmeni Sertifikası Sahibi olmak.;c3759aa0-82ce-ef11-b177-a0369f7d1d8e
2025;3;203010262;Çevre, Şehircilik ve İklim Değişikliği Bakanlığı;Büro Personeli;Erzurum;Onlisans;1;1;;;"3163;1163;1206;1207;1254;1333;4296;4351;4406;5339;5341;6176;8603;3181;1235;6225";3163 - Aşağıdaki önlisans programlarından birinden mezun olmak. | 1163 - Endüstriyel Yönetim | 1206 - İşletme Organizasyonu ve Çiftlik Yönetimi | 1207 - İşletmecilik | 1254 - Orta Kademe Yöneticiliği / Orta Kademe Yöneticilik | 1333 - Ticaret ve Yönetim | 4296 - İşletme Yönetimi | 4351 - Sevk ve İdare | 4406 - Yönetim | 5339 - İş İdaresi | 5341 - İşletme | 6176 - Genel İşletme | 8603 - Girişimcilik ve Proje Yönetim Asistanlığı | 3181 - Aşağıdaki önlisans programlarından birinden mezun olmak. | 1235 - Maliye | 6225 - M.E.B.'Dan Onaylı Bilgisayar İşletmeni Sertifikası Sahibi olmak.;c4759aa0-82ce-ef11-b177-a0369f7d1d8e
2025;3;203010269;Çevre, Şehircilik ve İklim Değişikliği Bakanlığı;Büro Personeli;Erzurum;Onlisans;2;0;;;"3301;1156;1383;4266;4267;6225";3301 - Aşağıdaki önlisans programlarından birinden mezun olmak. | 1156 - Emlak ve Emlak Yönetimi | 1383 - Emlak Yönetimi | 4266 - Gayrimenkul Yönetimi | 4267 - Gayrimenkul Yönetimi ve Pazarlama | 6225 - M.E.B.'Dan Onaylı Bilgisayar İşletmeni Sertifikası Sahibi olmak.;c5759aa0-82ce-ef11-b177-a0369f7d1d8e
2025;3;203010276;Çevre, Şehircilik ve İklim Değişikliği Bakanlığı;Büro Personeli;Erzurum;Onlisans;1;0;;;"3301;1156;1383;4266;4267;6225";3301 - Aşağıdaki önlisans programlarından birinden mezun olmak. | 1156 - Emlak ve Emlak Yönetimi | 1383 - Emlak Yönetimi | 4266 - Gayrimenkul Yönetimi | 4267 - Gayrimenkul Yönetimi ve Pazarlama | 6225 - M.E.B.'Dan Onaylı Bilgisayar İşletmeni Sertifikası Sahibi olmak.;c6759aa0-82ce-ef11-b177-a0369f7d1d8e
2025;3;203010283;Çevre, Şehircilik ve İklim Değişikliği Bakanlığı;Büro Personeli;Erzurum;Onlisans;1;1;;;"3163;1163;1206;1207;1254;1333;4296;4351;4406;5339;5341;6176;8603;3181;1235;6225";3163 - Aşağıdaki önlisans programlarından birinden mezun olmak. | 1163 - Endüstriyel Yönetim | 1206 - İşletme Organizasyonu ve Çiftlik Yönetimi | 1207 - İşletmecilik | 1254 - Orta Kademe Yöneticiliği / Orta Kademe Yöneticilik | 1333 - Ticaret ve Yönetim | 4296 - İşletme Yönetimi | 4351 - Sevk ve İdare | 4406 - Yönetim | 5339 - İş İdaresi | 5341 - İşletme | 6176 - Genel İşletme | 8603 - Girişimcilik ve Proje Yönetim Asistanlığı | 3181 - Aşağıdaki önlisans programlarından birinden mezun olmak. | 1235 - Maliye | 6225 - M.E.B.'Dan Onaylı Bilgisayar İşletmeni Sertifikası Sahibi olmak.;c7759aa0-82ce-ef11-b177-a0369f7d1d8e
2025;3;203010290;Çevre, Şehircilik ve İklim Değişikliği Bakanlığı;Büro Personeli;Erzurum;Onlisans;2;0;;;"3301;1156;1383;4266;4267;6225";3301 - Aşağıdaki önlisans programlarından birinden mezun olmak. | 1156 - Emlak ve Emlak Yönetimi | 1383 - Emlak Yönetimi | 4266 - Gayrimenkul Yönetimi | 4267 - Gayrimenkul Yönetimi ve Pazarlama | 6225 - M.E.B.'Dan Onaylı Bilgisayar İşletmeni Sertifikası Sahibi olmak.;c8759aa0-82ce-ef11-b177-a0369f7d1d8e
2025;3;203010297;Çevre, Şehircilik ve İklim Değişikliği Bakanlığı;Büro Personeli;Erzurum;Onlisans;1;1;;;"3163;1163;1206;1207;1254;1333;4296;4351;4406;5339;5341;6176;8603;3181;1235;6225";3163 - Aşağıdaki önlisans programlarından birinden mezun olmak. | 1163 - Endüstriyel Yönetim | 1206 - İşletme Organizasyonu ve Çiftlik Yönetimi | 1207 - İşletmecilik | 1254 - Orta Kademe Yöneticiliği / Orta Kademe Yöneticilik | 1333 - Ticaret ve Yönetim | 4296 - İşletme Yönetimi | 4351 - Sevk ve İdare | 4406 - Yönetim | 5339 - İş İdaresi | 5341 - İşletme | 6176 - Genel İşletme | 8603 - Girişimcilik ve Proje Yönetim Asistanlığı | 3181 - Aşağıdaki önlisans programlarından birinden mezun olmak. | 1235 - Maliye | 6225 - M.E.B.'Dan Onaylı Bilgisayar İşletmeni Sertifikası Sahibi olmak.;c9759aa0-82ce-ef11-b177-a0369f7d1d8e
2025;3;203010304;Çevre, Şehircilik ve İklim Değişikliği Bakanlığı;Büro Personeli;Erzurum;Onlisans;1;1;;;"3163;1163;1206;1207;1254;1333;4296;4351;4406;5339;5341;6176;8603;3181;1235;6225";3163 - Aşağıdaki önlisans programlarından birinden mezun olmak. | 1163 - Endüstriyel Yönetim | 1206 - İşletme Organizasyonu ve Çiftlik Yönetimi | 1207 - İşletmecilik | 1254 - Orta Kademe Yöneticiliği / Orta Kademe Yöneticilik | 1333 - Ticaret ve Yönetim | 4296 - İşletme Yönetimi | 4351 - Sevk ve İdare | 4406 - Yönetim | 5339 - İş İdaresi | 5341 - İşletme | 6176 - Genel İşletme | 8603 - Girişimcilik ve Proje Yönetim Asistanlığı | 3181 - Aşağıdaki önlisans programlarından birinden mezun olmak. | 1235 - Maliye | 6225 - M.E.B.'Dan Onaylı Bilgisayar İşletmeni Sertifikası Sahibi olmak.;ca759aa0-82ce-ef11-b177-a0369f7d1d8e
2025;3;203010311;Çevre, Şehircilik ve İklim Değişikliği Bakanlığı;Büro Personeli;Erzurum;Onlisans;1;1;;;"3163;1163;1206;1207;1254;1333;4296;4351;4406;5339;5341;6176;8603;3181;1235;6225";3163 - Aşağıdaki önlisans programlarından birinden mezun olmak. | 1163 - Endüstriyel Yönetim | 1206 - İşletme Organizasyonu ve Çiftlik Yönetimi | 1207 - İşletmecilik | 1254 - Orta Kademe Yöneticiliği / Orta Kademe Yöneticilik | 1333 - Ticaret ve Yönetim | 4296 - İşletme Yönetimi | 4351 - Sevk ve İdare | 4406 - Yönetim | 5339 - İş İdaresi | 5341 - İşletme | 6176 - Genel İşletme | 8603 - Girişimcilik ve Proje Yönetim Asistanlığı | 3181 - Aşağıdaki önlisans programlarından birinden mezun olmak. | 1235 - Maliye | 6225 - M.E.B.'Dan Onaylı Bilgisayar İşletmeni Sertifikası Sahibi olmak.;cb759aa0-82ce-ef11-b177-a0369f7d1d8e
2025;3;203010318;Çevre, Şehircilik ve İklim Değişikliği Bakanlığı;Büro Personeli;Erzurum;Onlisans;1;1;;;"3163;1163;1206;1207;1254;1333;4296;4351;4406;5339;5341;6176;8603;3181;1235;6225";3163 - Aşağıdaki önlisans programlarından birinden mezun olmak. | 1163 - Endüstriyel Yönetim | 1206 - İşletme Organizasyonu ve Çiftlik Yönetimi | 1207 - İşletmecilik | 1254 - Orta Kademe Yöneticiliği / Orta Kademe Yöneticilik | 1333 - Ticaret ve Yönetim | 4296 - İşletme Yönetimi | 4351 - Sevk ve İdare | 4406 - Yönetim | 5339 - İş İdaresi | 5341 - İşletme | 6176 - Genel İşletme | 8603 - Girişimcilik ve Proje Yönetim Asistanlığı | 3181 - Aşağıdaki önlisans programlarından birinden mezun olmak. | 1235 - Maliye | 6225 - M.E.B.'Dan Onaylı Bilgisayar İşletmeni Sertifikası Sahibi olmak.;cc759aa0-82ce-ef11-b177-a0369f7d1d8e
2025;3;203010325;Çevre, Şehircilik ve İklim Değişikliği Bakanlığı;Büro Personeli;Erzurum;Onlisans;1;0;;;"3301;1156;1383;4266;4267;6225";3301 - Aşağıdaki önlisans programlarından birinden mezun olmak. | 1156 - Emlak ve Emlak Yönetimi | 1383 - Emlak Yönetimi | 4266 - Gayrimenkul Yönetimi | 4267 - Gayrimenkul Yönetimi ve Pazarlama | 6225 - M.E.B.'Dan Onaylı Bilgisayar İşletmeni Sertifikası Sahibi olmak.;cd759aa0-82ce-ef11-b177-a0369f7d1d8e
2025;3;203010332;Çevre, Şehircilik ve İklim Değişikliği Bakanlığı;Büro Personeli;Erzurum;Onlisans;1;1;;;"3163;1163;1206;1207;1254;1333;4296;4351;4406;5339;5341;6176;8603;3181;1235;6225";3163 - Aşağıdaki önlisans programlarından birinden mezun olmak. | 1163 - Endüstriyel Yönetim | 1206 - İşletme Organizasyonu ve Çiftlik Yönetimi | 1207 - İşletmecilik | 1254 - Orta Kademe Yöneticiliği / Orta Kademe Yöneticilik | 1333 - Ticaret ve Yönetim | 4296 - İşletme Yönetimi | 4351 - Sevk ve İdare | 4406 - Yönetim | 5339 - İş İdaresi | 5341 - İşletme | 6176 - Genel İşletme | 8603 - Girişimcilik ve Proje Yönetim Asistanlığı | 3181 - Aşağıdaki önlisans programlarından birinden mezun olmak. | 1235 - Maliye | 6225 - M.E.B.'Dan Onaylı Bilgisayar İşletmeni Sertifikası Sahibi olmak.;ce759aa0-82ce-ef11-b177-a0369f7d1d8e
2025;3;203010339;Çevre, Şehircilik ve İklim Değişikliği Bakanlığı;Büro Personeli;Erzurum;Onlisans;1;1;;;"3163;1163;1206;1207;1254;1333;4296;4351;4406;5339;5341;6176;8603;3181;1235;6225";3163 - Aşağıdaki önlisans programlarından birinden mezun olmak. | 1163 - Endüstriyel Yönetim | 1206 - İşletme Organizasyonu ve Çiftlik Yönetimi | 1207 - İşletmecilik | 1254 - Orta Kademe Yöneticiliği / Orta Kademe Yöneticilik | 1333 - Ticaret ve Yönetim | 4296 - İşletme Yönetimi | 4351 - Sevk ve İdare | 4406 - Yönetim | 5339 - İş İdaresi | 5341 - İşletme | 6176 - Genel İşletme | 8603 - Girişimcilik ve Proje Yönetim Asistanlığı | 3181 - Aşağıdaki önlisans programlarından birinden mezun olmak. | 1235 - Maliye | 6225 - M.E.B.'Dan Onaylı Bilgisayar İşletmeni Sertifikası Sahibi olmak.;cf759aa0-82ce-ef11-b177-a0369f7d1d8e
2025;3;203010619;Çevre, Şehircilik ve İklim Değişikliği Bakanlığı;Koruma ve Güvenlik Görevlisi - Silahlı;Erzurum;Onlisans;2;1;;;"3001;6551;7300;7304";3001 - Herhangi bir önlisans programından mezun olmak. | 6551 - Özel Güvenlik Görevlisi Kimlik Kartına Sahip olmak. | 7300 - Bu kadro/pozisyonda vardiya sistemi uygulanmaktadır. | 7304 - (Bakınız: Başvurma Özel Şartları - Koruma Ve Güvenlik Görevlisi-Silahlı);c2759aa0-82ce-ef11-b177-a0369f7d1d8e
2025;3;203010346;Çevre, Şehircilik ve İklim Değişikliği Bakanlığı;Büro Personeli;Gaziantep;Onlisans;1;0;;;"3163;1163;1206;1207;1254;1333;4296;4351;4406;5339;5341;6176;8603;3181;1235;6225";3163 - Aşağıdaki önlisans programlarından birinden mezun olmak. | 1163 - Endüstriyel Yönetim | 1206 - İşletme Organizasyonu ve Çiftlik Yönetimi | 1207 - İşletmecilik | 1254 - Orta Kademe Yöneticiliği / Orta Kademe Yöneticilik | 1333 - Ticaret ve Yönetim | 4296 - İşletme Yönetimi | 4351 - Sevk ve İdare | 4406 - Yönetim | 5339 - İş İdaresi | 5341 - İşletme | 6176 - Genel İşletme | 8603 - Girişimcilik ve Proje Yönetim Asistanlığı | 3181 - Aşağıdaki önlisans programlarından birinden mezun olmak. | 1235 - Maliye | 6225 - M.E.B.'Dan Onaylı Bilgisayar İşletmeni Sertifikası Sahibi olmak.;d9759aa0-82ce-ef11-b177-a0369f7d1d8e
2025;3;203010353;Çevre, Şehircilik ve İklim Değişikliği Bakanlığı;Büro Personeli;Gaziantep;Onlisans;2;0;;;"3163;1163;1206;1207;1254;1333;4296;4351;4406;5339;5341;6176;8603;3181;1235;6225";3163 - Aşağıdaki önlisans programlarından birinden mezun olmak. | 1163 - Endüstriyel Yönetim | 1206 - İşletme Organizasyonu ve Çiftlik Yönetimi | 1207 - İşletmecilik | 1254 - Orta Kademe Yöneticiliği / Orta Kademe Yöneticilik | 1333 - Ticaret ve Yönetim | 4296 - İşletme Yönetimi | 4351 - Sevk ve İdare | 4406 - Yönetim | 5339 - İş İdaresi | 5341 - İşletme | 6176 - Genel İşletme | 8603 - Girişimcilik ve Proje Yönetim Asistanlığı | 3181 - Aşağıdaki önlisans programlarından birinden mezun olmak. | 1235 - Maliye | 6225 - M.E.B.'Dan Onaylı Bilgisayar İşletmeni Sertifikası Sahibi olmak.;da759aa0-82ce-ef11-b177-a0369f7d1d8e
2025;3;203010360;Çevre, Şehircilik ve İklim Değişikliği Bakanlığı;Büro Personeli;Gaziantep;Onlisans;2;0;;;"3301;1156;1383;4266;4267;6225";3301 - Aşağıdaki önlisans programlarından birinden mezun olmak. | 1156 - Emlak ve Emlak Yönetimi | 1383 - Emlak Yönetimi | 4266 - Gayrimenkul Yönetimi | 4267 - Gayrimenkul Yönetimi ve Pazarlama | 6225 - M.E.B.'Dan Onaylı Bilgisayar İşletmeni Sertifikası Sahibi olmak.;db759aa0-82ce-ef11-b177-a0369f7d1d8e
2025;3;203010367;Çevre, Şehircilik ve İklim Değişikliği Bakanlığı;Büro Personeli;Gaziantep;Onlisans;1;0;;;"3301;1156;1383;4266;4267;6225";3301 - Aşağıdaki önlisans programlarından birinden mezun olmak. | 1156 - Emlak ve Emlak Yönetimi | 1383 - Emlak Yönetimi | 4266 - Gayrimenkul Yönetimi | 4267 - Gayrimenkul Yönetimi ve Pazarlama | 6225 - M.E.B.'Dan Onaylı Bilgisayar İşletmeni Sertifikası Sahibi olmak.;dc759aa0-82ce-ef11-b177-a0369f7d1d8e
2025;3;203010374;Çevre, Şehircilik ve İklim Değişikliği Bakanlığı;Büro Personeli;Gaziantep;Onlisans;1;0;;;"3163;1163;1206;1207;1254;1333;4296;4351;4406;5339;5341;6176;8603;3181;1235;6225";3163 - Aşağıdaki önlisans programlarından birinden mezun olmak. | 1163 - Endüstriyel Yönetim | 1206 - İşletme Organizasyonu ve Çiftlik Yönetimi | 1207 - İşletmecilik | 1254 - Orta Kademe Yöneticiliği / Orta Kademe Yöneticilik | 1333 - Ticaret ve Yönetim | 4296 - İşletme Yönetimi | 4351 - Sevk ve İdare | 4406 - Yönetim | 5339 - İş İdaresi | 5341 - İşletme | 6176 - Genel İşletme | 8603 - Girişimcilik ve Proje Yönetim Asistanlığı | 3181 - Aşağıdaki önlisans programlarından birinden mezun olmak. | 1235 - Maliye | 6225 - M.E.B.'Dan Onaylı Bilgisayar İşletmeni Sertifikası Sahibi olmak.;dd759aa0-82ce-ef11-b177-a0369f7d1d8e
2025;3;203010626;Çevre, Şehircilik ve İklim Değişikliği Bakanlığı;Koruma ve Güvenlik Görevlisi - Silahlı;Giresun;Onlisans;1;2;;;"3001;6551;7300;7304";3001 - Herhangi bir önlisans programından mezun olmak. | 6551 - Özel Güvenlik Görevlisi Kimlik Kartına Sahip olmak. | 7300 - Bu kadro/pozisyonda vardiya sistemi uygulanmaktadır. | 7304 - (Bakınız: Başvurma Özel Şartları - Koruma Ve Güvenlik Görevlisi-Silahlı);df759aa0-82ce-ef11-b177-a0369f7d1d8e
2025;3;203010381;Çevre, Şehircilik ve İklim Değişikliği Bakanlığı;Büro Personeli;Hakkari;Onlisans;1;0;;;"3301;1156;1383;4266;4267;6225";3301 - Aşağıdaki önlisans programlarından birinden mezun olmak. | 1156 - Emlak ve Emlak Yönetimi | 1383 - Emlak Yönetimi | 4266 - Gayrimenkul Yönetimi | 4267 - Gayrimenkul Yönetimi ve Pazarlama | 6225 - M.E.B.'Dan Onaylı Bilgisayar İşletmeni Sertifikası Sahibi olmak.;e5759aa0-82ce-ef11-b177-a0369f7d1d8e
2025;3;203010388;Çevre, Şehircilik ve İklim Değişikliği Bakanlığı;Büro Personeli;Hatay;Onlisans;1;0;;;"3301;1156;1383;4266;4267;6225";3301 - Aşağıdaki önlisans programlarından birinden mezun olmak. | 1156 - Emlak ve Emlak Yönetimi | 1383 - Emlak Yönetimi | 4266 - Gayrimenkul Yönetimi | 4267 - Gayrimenkul Yönetimi ve Pazarlama | 6225 - M.E.B.'Dan Onaylı Bilgisayar İşletmeni Sertifikası Sahibi olmak.;e6759aa0-82ce-ef11-b177-a0369f7d1d8e
2025;3;203010395;Çevre, Şehircilik ve İklim Değişikliği Bakanlığı;Büro Personeli;Hatay;Onlisans;1;1;;;"3163;1163;1206;1207;1254;1333;4296;4351;4406;5339;5341;6176;8603;3181;1235;6225";3163 - Aşağıdaki önlisans programlarından birinden mezun olmak. | 1163 - Endüstriyel Yönetim | 1206 - İşletme Organizasyonu ve Çiftlik Yönetimi | 1207 - İşletmecilik | 1254 - Orta Kademe Yöneticiliği / Orta Kademe Yöneticilik | 1333 - Ticaret ve Yönetim | 4296 - İşletme Yönetimi | 4351 - Sevk ve İdare | 4406 - Yönetim | 5339 - İş İdaresi | 5341 - İşletme | 6176 - Genel İşletme | 8603 - Girişimcilik ve Proje Yönetim Asistanlığı | 3181 - Aşağıdaki önlisans programlarından birinden mezun olmak. | 1235 - Maliye | 6225 - M.E.B.'Dan Onaylı Bilgisayar İşletmeni Sertifikası Sahibi olmak.;e7759aa0-82ce-ef11-b177-a0369f7d1d8e
2025;3;203010402;Çevre, Şehircilik ve İklim Değişikliği Bakanlığı;Büro Personeli;Hatay;Onlisans;1;0;;;"3301;1156;1383;4266;4267;6225";3301 - Aşağıdaki önlisans programlarından birinden mezun olmak. | 1156 - Emlak ve Emlak Yönetimi | 1383 - Emlak Yönetimi | 4266 - Gayrimenkul Yönetimi | 4267 - Gayrimenkul Yönetimi ve Pazarlama | 6225 - M.E.B.'Dan Onaylı Bilgisayar İşletmeni Sertifikası Sahibi olmak.;e8759aa0-82ce-ef11-b177-a0369f7d1d8e
2025;3;203010633;Çevre, Şehircilik ve İklim Değişikliği Bakanlığı;Koruma ve Güvenlik Görevlisi - Silahlı;İstanbul;Onlisans;1;1;;;"3001;6551;7300;7304";3001 - Herhangi bir önlisans programından mezun olmak. | 6551 - Özel Güvenlik Görevlisi Kimlik Kartına Sahip olmak. | 7300 - Bu kadro/pozisyonda vardiya sistemi uygulanmaktadır. | 7304 - (Bakınız: Başvurma Özel Şartları - Koruma Ve Güvenlik Görevlisi-Silahlı);f7759aa0-82ce-ef11-b177-a0369f7d1d8e
2025;3;203010640;Çevre, Şehircilik ve İklim Değişikliği Bakanlığı;Koruma ve Güvenlik Görevlisi - Silahlı;İzmir;Onlisans;2;3;;;"3001;6551;7300;7304";3001 - Herhangi bir önlisans programından mezun olmak. | 6551 - Özel Güvenlik Görevlisi Kimlik Kartına Sahip olmak. | 7300 - Bu kadro/pozisyonda vardiya sistemi uygulanmaktadır. | 7304 - (Bakınız: Başvurma Özel Şartları - Koruma Ve Güvenlik Görevlisi-Silahlı);f8759aa0-82ce-ef11-b177-a0369f7d1d8e
2025;3;203010430;Çevre, Şehircilik ve İklim Değişikliği Bakanlığı;Büro Personeli;Kars;Onlisans;2;0;;;"3301;1156;1383;4266;4267;6225";3301 - Aşağıdaki önlisans programlarından birinden mezun olmak. | 1156 - Emlak ve Emlak Yönetimi | 1383 - Emlak Yönetimi | 4266 - Gayrimenkul Yönetimi | 4267 - Gayrimenkul Yönetimi ve Pazarlama | 6225 - M.E.B.'Dan Onaylı Bilgisayar İşletmeni Sertifikası Sahibi olmak.;02769aa0-82ce-ef11-b177-a0369f7d1d8e
2025;3;203010654;Çevre, Şehircilik ve İklim Değişikliği Bakanlığı;Koruma ve Güvenlik Görevlisi - Silahlı;Kars;Onlisans;1;0;;;"3001;6551;7300;7304";3001 - Herhangi bir önlisans programından mezun olmak. | 6551 - Özel Güvenlik Görevlisi Kimlik Kartına Sahip olmak. | 7300 - Bu kadro/pozisyonda vardiya sistemi uygulanmaktadır. | 7304 - (Bakınız: Başvurma Özel Şartları - Koruma Ve Güvenlik Görevlisi-Silahlı);03769aa0-82ce-ef11-b177-a0369f7d1d8e
2025;3;203010437;Çevre, Şehircilik ve İklim Değişikliği Bakanlığı;Büro Personeli;Kırklareli;Onlisans;1;0;;;"3301;1156;1383;4266;4267;6225";3301 - Aşağıdaki önlisans programlarından birinden mezun olmak. | 1156 - Emlak ve Emlak Yönetimi | 1383 - Emlak Yönetimi | 4266 - Gayrimenkul Yönetimi | 4267 - Gayrimenkul Yönetimi ve Pazarlama | 6225 - M.E.B.'Dan Onaylı Bilgisayar İşletmeni Sertifikası Sahibi olmak.;0c769aa0-82ce-ef11-b177-a0369f7d1d8e
2025;3;203010444;Çevre, Şehircilik ve İklim Değişikliği Bakanlığı;Büro Personeli;Kırklareli;Onlisans;1;0;;;"3163;1163;1206;1207;1254;1333;4296;4351;4406;5339;5341;6176;8603;3181;1235;6225";3163 - Aşağıdaki önlisans programlarından birinden mezun olmak. | 1163 - Endüstriyel Yönetim | 1206 - İşletme Organizasyonu ve Çiftlik Yönetimi | 1207 - İşletmecilik | 1254 - Orta Kademe Yöneticiliği / Orta Kademe Yöneticilik | 1333 - Ticaret ve Yönetim | 4296 - İşletme Yönetimi | 4351 - Sevk ve İdare | 4406 - Yönetim | 5339 - İş İdaresi | 5341 - İşletme | 6176 - Genel İşletme | 8603 - Girişimcilik ve Proje Yönetim Asistanlığı | 3181 - Aşağıdaki önlisans programlarından birinden mezun olmak. | 1235 - Maliye | 6225 - M.E.B.'Dan Onaylı Bilgisayar İşletmeni Sertifikası Sahibi olmak.;0d769aa0-82ce-ef11-b177-a0369f7d1d8e
2025;3;203010451;Çevre, Şehircilik ve İklim Değişikliği Bakanlığı;Büro Personeli;Kırklareli;Onlisans;1;0;;;"3301;1156;1383;4266;4267;6225";3301 - Aşağıdaki önlisans programlarından birinden mezun olmak. | 1156 - Emlak ve Emlak Yönetimi | 1383 - Emlak Yönetimi | 4266 - Gayrimenkul Yönetimi | 4267 - Gayrimenkul Yönetimi ve Pazarlama | 6225 - M.E.B.'Dan Onaylı Bilgisayar İşletmeni Sertifikası Sahibi olmak.;0e769aa0-82ce-ef11-b177-a0369f7d1d8e
2025;3;203010458;Çevre, Şehircilik ve İklim Değişikliği Bakanlığı;Büro Personeli;Kırşehir;Onlisans;1;1;;;"3163;1163;1206;1207;1254;1333;4296;4351;4406;5339;5341;6176;8603;3181;1235;6225";3163 - Aşağıdaki önlisans programlarından birinden mezun olmak. | 1163 - Endüstriyel Yönetim | 1206 - İşletme Organizasyonu ve Çiftlik Yönetimi | 1207 - İşletmecilik | 1254 - Orta Kademe Yöneticiliği / Orta Kademe Yöneticilik | 1333 - Ticaret ve Yönetim | 4296 - İşletme Yönetimi | 4351 - Sevk ve İdare | 4406 - Yönetim | 5339 - İş İdaresi | 5341 - İşletme | 6176 - Genel İşletme | 8603 - Girişimcilik ve Proje Yönetim Asistanlığı | 3181 - Aşağıdaki önlisans programlarından birinden mezun olmak. | 1235 - Maliye | 6225 - M.E.B.'Dan Onaylı Bilgisayar İşletmeni Sertifikası Sahibi olmak.;11769aa0-82ce-ef11-b177-a0369f7d1d8e
2025;3;203010465;Çevre, Şehircilik ve İklim Değişikliği Bakanlığı;Büro Personeli;Kırşehir;Onlisans;1;0;;;"3301;1156;1383;4266;4267;6225";3301 - Aşağıdaki önlisans programlarından birinden mezun olmak. | 1156 - Emlak ve Emlak Yönetimi | 1383 - Emlak Yönetimi | 4266 - Gayrimenkul Yönetimi | 4267 - Gayrimenkul Yönetimi ve Pazarlama | 6225 - M.E.B.'Dan Onaylı Bilgisayar İşletmeni Sertifikası Sahibi olmak.;12769aa0-82ce-ef11-b177-a0369f7d1d8e
2025;3;203010661;Çevre, Şehircilik ve İklim Değişikliği Bakanlığı;Koruma ve Güvenlik Görevlisi - Silahlı;Konya;Onlisans;1;2;;;"3001;6551;7300;7304";3001 - Herhangi bir önlisans programından mezun olmak. | 6551 - Özel Güvenlik Görevlisi Kimlik Kartına Sahip olmak. | 7300 - Bu kadro/pozisyonda vardiya sistemi uygulanmaktadır. | 7304 - (Bakınız: Başvurma Özel Şartları - Koruma Ve Güvenlik Görevlisi-Silahlı);1c769aa0-82ce-ef11-b177-a0369f7d1d8e
2025;3;203010472;Çevre, Şehircilik ve İklim Değişikliği Bakanlığı;Büro Personeli;Malatya;Onlisans;1;0;;;"3163;1163;1206;1207;1254;1333;4296;4351;4406;5339;5341;6176;8603;3181;1235;6225";3163 - Aşağıdaki önlisans programlarından birinden mezun olmak. | 1163 - Endüstriyel Yönetim | 1206 - İşletme Organizasyonu ve Çiftlik Yönetimi | 1207 - İşletmecilik | 1254 - Orta Kademe Yöneticiliği / Orta Kademe Yöneticilik | 1333 - Ticaret ve Yönetim | 4296 - İşletme Yönetimi | 4351 - Sevk ve İdare | 4406 - Yönetim | 5339 - İş İdaresi | 5341 - İşletme | 6176 - Genel İşletme | 8603 - Girişimcilik ve Proje Yönetim Asistanlığı | 3181 - Aşağıdaki önlisans programlarından birinden mezun olmak. | 1235 - Maliye | 6225 - M.E.B.'Dan Onaylı Bilgisayar İşletmeni Sertifikası Sahibi olmak.;22769aa0-82ce-ef11-b177-a0369f7d1d8e
2025;3;203010479;Çevre, Şehircilik ve İklim Değişikliği Bakanlığı;Büro Personeli;Malatya;Onlisans;1;0;;;"3301;1156;1383;4266;4267;6225";3301 - Aşağıdaki önlisans programlarından birinden mezun olmak. | 1156 - Emlak ve Emlak Yönetimi | 1383 - Emlak Yönetimi | 4266 - Gayrimenkul Yönetimi | 4267 - Gayrimenkul Yönetimi ve Pazarlama | 6225 - M.E.B.'Dan Onaylı Bilgisayar İşletmeni Sertifikası Sahibi olmak.;23769aa0-82ce-ef11-b177-a0369f7d1d8e
2025;3;203010486;Çevre, Şehircilik ve İklim Değişikliği Bakanlığı;Büro Personeli;Malatya;Onlisans;1;0;;;"3163;1163;1206;1207;1254;1333;4296;4351;4406;5339;5341;6176;8603;3181;1235;6225";3163 - Aşağıdaki önlisans programlarından birinden mezun olmak. | 1163 - Endüstriyel Yönetim | 1206 - İşletme Organizasyonu ve Çiftlik Yönetimi | 1207 - İşletmecilik | 1254 - Orta Kademe Yöneticiliği / Orta Kademe Yöneticilik | 1333 - Ticaret ve Yönetim | 4296 - İşletme Yönetimi | 4351 - Sevk ve İdare | 4406 - Yönetim | 5339 - İş İdaresi | 5341 - İşletme | 6176 - Genel İşletme | 8603 - Girişimcilik ve Proje Yönetim Asistanlığı | 3181 - Aşağıdaki önlisans programlarından birinden mezun olmak. | 1235 - Maliye | 6225 - M.E.B.'Dan Onaylı Bilgisayar İşletmeni Sertifikası Sahibi olmak.;24769aa0-82ce-ef11-b177-a0369f7d1d8e
2025;3;203010416;Çevre, Şehircilik ve İklim Değişikliği Bakanlığı;Büro Personeli;Kahramanmaraş;Onlisans;1;0;;;"3163;1163;1206;1207;1254;1333;4296;4351;4406;5339;5341;6176;8603;3181;1235;6225";3163 - Aşağıdaki önlisans programlarından birinden mezun olmak. | 1163 - Endüstriyel Yönetim | 1206 - İşletme Organizasyonu ve Çiftlik Yönetimi | 1207 - İşletmecilik | 1254 - Orta Kademe Yöneticiliği / Orta Kademe Yöneticilik | 1333 - Ticaret ve Yönetim | 4296 - İşletme Yönetimi | 4351 - Sevk ve İdare | 4406 - Yönetim | 5339 - İş İdaresi | 5341 - İşletme | 6176 - Genel İşletme | 8603 - Girişimcilik ve Proje Yönetim Asistanlığı | 3181 - Aşağıdaki önlisans programlarından birinden mezun olmak. | 1235 - Maliye | 6225 - M.E.B.'Dan Onaylı Bilgisayar İşletmeni Sertifikası Sahibi olmak.;30769aa0-82ce-ef11-b177-a0369f7d1d8e
2025;3;203010423;Çevre, Şehircilik ve İklim Değişikliği Bakanlığı;Büro Personeli;Kahramanmaraş;Onlisans;1;0;;;"3301;1156;1383;4266;4267;6225";3301 - Aşağıdaki önlisans programlarından birinden mezun olmak. | 1156 - Emlak ve Emlak Yönetimi | 1383 - Emlak Yönetimi | 4266 - Gayrimenkul Yönetimi | 4267 - Gayrimenkul Yönetimi ve Pazarlama | 6225 - M.E.B.'Dan Onaylı Bilgisayar İşletmeni Sertifikası Sahibi olmak.;31769aa0-82ce-ef11-b177-a0369f7d1d8e
2025;3;203010647;Çevre, Şehircilik ve İklim Değişikliği Bakanlığı;Koruma ve Güvenlik Görevlisi - Silahlı;Kahramanmaraş;Onlisans;1;0;;;"3001;6551;7300;7304";3001 - Herhangi bir önlisans programından mezun olmak. | 6551 - Özel Güvenlik Görevlisi Kimlik Kartına Sahip olmak. | 7300 - Bu kadro/pozisyonda vardiya sistemi uygulanmaktadır. | 7304 - (Bakınız: Başvurma Özel Şartları - Koruma Ve Güvenlik Görevlisi-Silahlı);2f769aa0-82ce-ef11-b177-a0369f7d1d8e
2025;3;203010493;Çevre, Şehircilik ve İklim Değişikliği Bakanlığı;Büro Personeli;Mardin;Onlisans;1;0;;;"3301;1156;1383;4266;4267;6225";3301 - Aşağıdaki önlisans programlarından birinden mezun olmak. | 1156 - Emlak ve Emlak Yönetimi | 1383 - Emlak Yönetimi | 4266 - Gayrimenkul Yönetimi | 4267 - Gayrimenkul Yönetimi ve Pazarlama | 6225 - M.E.B.'Dan Onaylı Bilgisayar İşletmeni Sertifikası Sahibi olmak.;33769aa0-82ce-ef11-b177-a0369f7d1d8e
2025;3;203010500;Çevre, Şehircilik ve İklim Değişikliği Bakanlığı;Büro Personeli;Mardin;Onlisans;1;0;;;"3163;1163;1206;1207;1254;1333;4296;4351;4406;5339;5341;6176;8603;3181;1235;6225";3163 - Aşağıdaki önlisans programlarından birinden mezun olmak. | 1163 - Endüstriyel Yönetim | 1206 - İşletme Organizasyonu ve Çiftlik Yönetimi | 1207 - İşletmecilik | 1254 - Orta Kademe Yöneticiliği / Orta Kademe Yöneticilik | 1333 - Ticaret ve Yönetim | 4296 - İşletme Yönetimi | 4351 - Sevk ve İdare | 4406 - Yönetim | 5339 - İş İdaresi | 5341 - İşletme | 6176 - Genel İşletme | 8603 - Girişimcilik ve Proje Yönetim Asistanlığı | 3181 - Aşağıdaki önlisans programlarından birinden mezun olmak. | 1235 - Maliye | 6225 - M.E.B.'Dan Onaylı Bilgisayar İşletmeni Sertifikası Sahibi olmak.;34769aa0-82ce-ef11-b177-a0369f7d1d8e
2025;3;203010668;Çevre, Şehircilik ve İklim Değişikliği Bakanlığı;Koruma ve Güvenlik Görevlisi - Silahlı;Mardin;Onlisans;1;1;;;"3001;6551;7300;7304";3001 - Herhangi bir önlisans programından mezun olmak. | 6551 - Özel Güvenlik Görevlisi Kimlik Kartına Sahip olmak. | 7300 - Bu kadro/pozisyonda vardiya sistemi uygulanmaktadır. | 7304 - (Bakınız: Başvurma Özel Şartları - Koruma Ve Güvenlik Görevlisi-Silahlı);32769aa0-82ce-ef11-b177-a0369f7d1d8e
2025;3;203010507;Çevre, Şehircilik ve İklim Değişikliği Bakanlığı;Büro Personeli;Muş;Onlisans;1;0;;;"3301;1156;1383;4266;4267;6225";3301 - Aşağıdaki önlisans programlarından birinden mezun olmak. | 1156 - Emlak ve Emlak Yönetimi | 1383 - Emlak Yönetimi | 4266 - Gayrimenkul Yönetimi | 4267 - Gayrimenkul Yönetimi ve Pazarlama | 6225 - M.E.B.'Dan Onaylı Bilgisayar İşletmeni Sertifikası Sahibi olmak.;3d769aa0-82ce-ef11-b177-a0369f7d1d8e
2025;3;203010514;Çevre, Şehircilik ve İklim Değişikliği Bakanlığı;Büro Personeli;Muş;Onlisans;1;1;;;"3163;1163;1206;1207;1254;1333;4296;4351;4406;5339;5341;6176;8603;3181;1235;6225";3163 - Aşağıdaki önlisans programlarından birinden mezun olmak. | 1163 - Endüstriyel Yönetim | 1206 - İşletme Organizasyonu ve Çiftlik Yönetimi | 1207 - İşletmecilik | 1254 - Orta Kademe Yöneticiliği / Orta Kademe Yöneticilik | 1333 - Ticaret ve Yönetim | 4296 - İşletme Yönetimi | 4351 - Sevk ve İdare | 4406 - Yönetim | 5339 - İş İdaresi | 5341 - İşletme | 6176 - Genel İşletme | 8603 - Girişimcilik ve Proje Yönetim Asistanlığı | 3181 - Aşağıdaki önlisans programlarından birinden mezun olmak. | 1235 - Maliye | 6225 - M.E.B.'Dan Onaylı Bilgisayar İşletmeni Sertifikası Sahibi olmak.;3e769aa0-82ce-ef11-b177-a0369f7d1d8e
2025;3;203010521;Çevre, Şehircilik ve İklim Değişikliği Bakanlığı;Büro Personeli;Niğde;Onlisans;1;0;;;"3301;1156;1383;4266;4267;6225";3301 - Aşağıdaki önlisans programlarından birinden mezun olmak. | 1156 - Emlak ve Emlak Yönetimi | 1383 - Emlak Yönetimi | 4266 - Gayrimenkul Yönetimi | 4267 - Gayrimenkul Yönetimi ve Pazarlama | 6225 - M.E.B.'Dan Onaylı Bilgisayar İşletmeni Sertifikası Sahibi olmak.;42769aa0-82ce-ef11-b177-a0369f7d1d8e
2025;3;203010675;Çevre, Şehircilik ve İklim Değişikliği Bakanlığı;Koruma ve Güvenlik Görevlisi - Silahlı;Samsun;Onlisans;1;2;;;"3001;6551;7300;7304";3001 - Herhangi bir önlisans programından mezun olmak. | 6551 - Özel Güvenlik Görevlisi Kimlik Kartına Sahip olmak. | 7300 - Bu kadro/pozisyonda vardiya sistemi uygulanmaktadır. | 7304 - (Bakınız: Başvurma Özel Şartları - Koruma Ve Güvenlik Görevlisi-Silahlı);51769aa0-82ce-ef11-b177-a0369f7d1d8e
2025;3;203010535;Çevre, Şehircilik ve İklim Değişikliği Bakanlığı;Büro Personeli;Siirt;Onlisans;1;0;;;"3301;1156;1383;4266;4267;6225";3301 - Aşağıdaki önlisans programlarından birinden mezun olmak. | 1156 - Emlak ve Emlak Yönetimi | 1383 - Emlak Yönetimi | 4266 - Gayrimenkul Yönetimi | 4267 - Gayrimenkul Yönetimi ve Pazarlama | 6225 - M.E.B.'Dan Onaylı Bilgisayar İşletmeni Sertifikası Sahibi olmak.;52769aa0-82ce-ef11-b177-a0369f7d1d8e
2025;3;203010542;Çevre, Şehircilik ve İklim Değişikliği Bakanlığı;Büro Personeli;Siirt;Onlisans;1;1;;;"3163;1163;1206;1207;1254;1333;4296;4351;4406;5339;5341;6176;8603;3181;1235;6225";3163 - Aşağıdaki önlisans programlarından birinden mezun olmak. | 1163 - Endüstriyel Yönetim | 1206 - İşletme Organizasyonu ve Çiftlik Yönetimi | 1207 - İşletmecilik | 1254 - Orta Kademe Yöneticiliği / Orta Kademe Yöneticilik | 1333 - Ticaret ve Yönetim | 4296 - İşletme Yönetimi | 4351 - Sevk ve İdare | 4406 - Yönetim | 5339 - İş İdaresi | 5341 - İşletme | 6176 - Genel İşletme | 8603 - Girişimcilik ve Proje Yönetim Asistanlığı | 3181 - Aşağıdaki önlisans programlarından birinden mezun olmak. | 1235 - Maliye | 6225 - M.E.B.'Dan Onaylı Bilgisayar İşletmeni Sertifikası Sahibi olmak.;53769aa0-82ce-ef11-b177-a0369f7d1d8e
2025;3;203010549;Çevre, Şehircilik ve İklim Değişikliği Bakanlığı;Büro Personeli;Sivas;Onlisans;1;0;;;"3301;1156;1383;4266;4267;6225";3301 - Aşağıdaki önlisans programlarından birinden mezun olmak. | 1156 - Emlak ve Emlak Yönetimi | 1383 - Emlak Yönetimi | 4266 - Gayrimenkul Yönetimi | 4267 - Gayrimenkul Yönetimi ve Pazarlama | 6225 - M.E.B.'Dan Onaylı Bilgisayar İşletmeni Sertifikası Sahibi olmak.;56769aa0-82ce-ef11-b177-a0369f7d1d8e
2025;3;203010598;Çevre, Şehircilik ve İklim Değişikliği Bakanlığı;Büro Personeli;Tunceli;Onlisans;1;1;;;"3163;1163;1206;1207;1254;1333;4296;4351;4406;5339;5341;6176;8603;3181;1235;6225";3163 - Aşağıdaki önlisans programlarından birinden mezun olmak. | 1163 - Endüstriyel Yönetim | 1206 - İşletme Organizasyonu ve Çiftlik Yönetimi | 1207 - İşletmecilik | 1254 - Orta Kademe Yöneticiliği / Orta Kademe Yöneticilik | 1333 - Ticaret ve Yönetim | 4296 - İşletme Yönetimi | 4351 - Sevk ve İdare | 4406 - Yönetim | 5339 - İş İdaresi | 5341 - İşletme | 6176 - Genel İşletme | 8603 - Girişimcilik ve Proje Yönetim Asistanlığı | 3181 - Aşağıdaki önlisans programlarından birinden mezun olmak. | 1235 - Maliye | 6225 - M.E.B.'Dan Onaylı Bilgisayar İşletmeni Sertifikası Sahibi olmak.;67769aa0-82ce-ef11-b177-a0369f7d1d8e
2025;3;203010556;Çevre, Şehircilik ve İklim Değişikliği Bakanlığı;Büro Personeli;Şanlıurfa;Onlisans;1;0;;;"3301;1156;1383;4266;4267;6225";3301 - Aşağıdaki önlisans programlarından birinden mezun olmak. | 1156 - Emlak ve Emlak Yönetimi | 1383 - Emlak Yönetimi | 4266 - Gayrimenkul Yönetimi | 4267 - Gayrimenkul Yönetimi ve Pazarlama | 6225 - M.E.B.'Dan Onaylı Bilgisayar İşletmeni Sertifikası Sahibi olmak.;68769aa0-82ce-ef11-b177-a0369f7d1d8e
2025;3;203010563;Çevre, Şehircilik ve İklim Değişikliği Bakanlığı;Büro Personeli;Şanlıurfa;Onlisans;1;0;;;"3163;1163;1206;1207;1254;1333;4296;4351;4406;5339;5341;6176;8603;3181;1235;6225";3163 - Aşağıdaki önlisans programlarından birinden mezun olmak. | 1163 - Endüstriyel Yönetim | 1206 - İşletme Organizasyonu ve Çiftlik Yönetimi | 1207 - İşletmecilik | 1254 - Orta Kademe Yöneticiliği / Orta Kademe Yöneticilik | 1333 - Ticaret ve Yönetim | 4296 - İşletme Yönetimi | 4351 - Sevk ve İdare | 4406 - Yönetim | 5339 - İş İdaresi | 5341 - İşletme | 6176 - Genel İşletme | 8603 - Girişimcilik ve Proje Yönetim Asistanlığı | 3181 - Aşağıdaki önlisans programlarından birinden mezun olmak. | 1235 - Maliye | 6225 - M.E.B.'Dan Onaylı Bilgisayar İşletmeni Sertifikası Sahibi olmak.;69769aa0-82ce-ef11-b177-a0369f7d1d8e
2025;3;203010570;Çevre, Şehircilik ve İklim Değişikliği Bakanlığı;Büro Personeli;Şanlıurfa;Onlisans;1;0;;;"3163;1163;1206;1207;1254;1333;4296;4351;4406;5339;5341;6176;8603;3181;1235;6225";3163 - Aşağıdaki önlisans programlarından birinden mezun olmak. | 1163 - Endüstriyel Yönetim | 1206 - İşletme Organizasyonu ve Çiftlik Yönetimi | 1207 - İşletmecilik | 1254 - Orta Kademe Yöneticiliği / Orta Kademe Yöneticilik | 1333 - Ticaret ve Yönetim | 4296 - İşletme Yönetimi | 4351 - Sevk ve İdare | 4406 - Yönetim | 5339 - İş İdaresi | 5341 - İşletme | 6176 - Genel İşletme | 8603 - Girişimcilik ve Proje Yönetim Asistanlığı | 3181 - Aşağıdaki önlisans programlarından birinden mezun olmak. | 1235 - Maliye | 6225 - M.E.B.'Dan Onaylı Bilgisayar İşletmeni Sertifikası Sahibi olmak.;6a769aa0-82ce-ef11-b177-a0369f7d1d8e
2025;3;203010577;Çevre, Şehircilik ve İklim Değişikliği Bakanlığı;Büro Personeli;Şanlıurfa;Onlisans;1;0;;;"3163;1163;1206;1207;1254;1333;4296;4351;4406;5339;5341;6176;8603;3181;1235;6225";3163 - Aşağıdaki önlisans programlarından birinden mezun olmak. | 1163 - Endüstriyel Yönetim | 1206 - İşletme Organizasyonu ve Çiftlik Yönetimi | 1207 - İşletmecilik | 1254 - Orta Kademe Yöneticiliği / Orta Kademe Yöneticilik | 1333 - Ticaret ve Yönetim | 4296 - İşletme Yönetimi | 4351 - Sevk ve İdare | 4406 - Yönetim | 5339 - İş İdaresi | 5341 - İşletme | 6176 - Genel İşletme | 8603 - Girişimcilik ve Proje Yönetim Asistanlığı | 3181 - Aşağıdaki önlisans programlarından birinden mezun olmak. | 1235 - Maliye | 6225 - M.E.B.'Dan Onaylı Bilgisayar İşletmeni Sertifikası Sahibi olmak.;6b769aa0-82ce-ef11-b177-a0369f7d1d8e
2025;3;203010584;Çevre, Şehircilik ve İklim Değişikliği Bakanlığı;Büro Personeli;Şanlıurfa;Onlisans;1;0;;;"3301;1156;1383;4266;4267;6225";3301 - Aşağıdaki önlisans programlarından birinden mezun olmak. | 1156 - Emlak ve Emlak Yönetimi | 1383 - Emlak Yönetimi | 4266 - Gayrimenkul Yönetimi | 4267 - Gayrimenkul Yönetimi ve Pazarlama | 6225 - M.E.B.'Dan Onaylı Bilgisayar İşletmeni Sertifikası Sahibi olmak.;6c769aa0-82ce-ef11-b177-a0369f7d1d8e
2025;3;203010591;Çevre, Şehircilik ve İklim Değişikliği Bakanlığı;Büro Personeli;Şanlıurfa;Onlisans;1;0;;;"3301;1156;1383;4266;4267;6225";3301 - Aşağıdaki önlisans programlarından birinden mezun olmak. | 1156 - Emlak ve Emlak Yönetimi | 1383 - Emlak Yönetimi | 4266 - Gayrimenkul Yönetimi | 4267 - Gayrimenkul Yönetimi ve Pazarlama | 6225 - M.E.B.'Dan Onaylı Bilgisayar İşletmeni Sertifikası Sahibi olmak.;6d769aa0-82ce-ef11-b177-a0369f7d1d8e
2025;3;203010682;Çevre, Şehircilik ve İklim Değişikliği Bakanlığı;Koruma ve Güvenlik Görevlisi - Silahlı;Zonguldak;Onlisans;1;2;;;"3001;6551;7300;7304";3001 - Herhangi bir önlisans programından mezun olmak. | 6551 - Özel Güvenlik Görevlisi Kimlik Kartına Sahip olmak. | 7300 - Bu kadro/pozisyonda vardiya sistemi uygulanmaktadır. | 7304 - (Bakınız: Başvurma Özel Şartları - Koruma Ve Güvenlik Görevlisi-Silahlı);7c769aa0-82ce-ef11-b177-a0369f7d1d8e
2025;3;203010136;Çevre, Şehircilik ve İklim Değişikliği Bakanlığı;Büro Personeli;Batman;Onlisans;2;0;;;"3163;1163;1206;1207;1254;1333;4296;4351;4406;5339;5341;6176;8603;3181;1235;6225";3163 - Aşağıdaki önlisans programlarından birinden mezun olmak. | 1163 - Endüstriyel Yönetim | 1206 - İşletme Organizasyonu ve Çiftlik Yönetimi | 1207 - İşletmecilik | 1254 - Orta Kademe Yöneticiliği / Orta Kademe Yöneticilik | 1333 - Ticaret ve Yönetim | 4296 - İşletme Yönetimi | 4351 - Sevk ve İdare | 4406 - Yönetim | 5339 - İş İdaresi | 5341 - İşletme | 6176 - Genel İşletme | 8603 - Girişimcilik ve Proje Yönetim Asistanlığı | 3181 - Aşağıdaki önlisans programlarından birinden mezun olmak. | 1235 - Maliye | 6225 - M.E.B.'Dan Onaylı Bilgisayar İşletmeni Sertifikası Sahibi olmak.;82769aa0-82ce-ef11-b177-a0369f7d1d8e
2025;3;203010143;Çevre, Şehircilik ve İklim Değişikliği Bakanlığı;Büro Personeli;Batman;Onlisans;1;0;;;"3301;1156;1383;4266;4267;6225";3301 - Aşağıdaki önlisans programlarından birinden mezun olmak. | 1156 - Emlak ve Emlak Yönetimi | 1383 - Emlak Yönetimi | 4266 - Gayrimenkul Yönetimi | 4267 - Gayrimenkul Yönetimi ve Pazarlama | 6225 - M.E.B.'Dan Onaylı Bilgisayar İşletmeni Sertifikası Sahibi olmak.;83769aa0-82ce-ef11-b177-a0369f7d1d8e
2025;3;203010129;Çevre, Şehircilik ve İklim Değişikliği Bakanlığı;Büro Personeli;Ardahan;Onlisans;1;0;;;"3301;1156;1383;4266;4267;6225";3301 - Aşağıdaki önlisans programlarından birinden mezun olmak. | 1156 - Emlak ve Emlak Yönetimi | 1383 - Emlak Yönetimi | 4266 - Gayrimenkul Yönetimi | 4267 - Gayrimenkul Yönetimi ve Pazarlama | 6225 - M.E.B.'Dan Onaylı Bilgisayar İşletmeni Sertifikası Sahibi olmak.;88769aa0-82ce-ef11-b177-a0369f7d1d8e
2025;3;203010409;Çevre, Şehircilik ve İklim Değişikliği Bakanlığı;Büro Personeli;Iğdır;Onlisans;1;0;;;"3301;1156;1383;4266;4267;6225";3301 - Aşağıdaki önlisans programlarından birinden mezun olmak. | 1156 - Emlak ve Emlak Yönetimi | 1383 - Emlak Yönetimi | 4266 - Gayrimenkul Yönetimi | 4267 - Gayrimenkul Yönetimi ve Pazarlama | 6225 - M.E.B.'Dan Onaylı Bilgisayar İşletmeni Sertifikası Sahibi olmak.;8a769aa0-82ce-ef11-b177-a0369f7d1d8e
2025;3;203010528;Çevre, Şehircilik ve İklim Değişikliği Bakanlığı;Büro Personeli;Osmaniye;Onlisans;1;0;;;"3301;1156;1383;4266;4267;6225";3301 - Aşağıdaki önlisans programlarından birinden mezun olmak. | 1156 - Emlak ve Emlak Yönetimi | 1383 - Emlak Yönetimi | 4266 - Gayrimenkul Yönetimi | 4267 - Gayrimenkul Yönetimi ve Pazarlama | 6225 - M.E.B.'Dan Onaylı Bilgisayar İşletmeni Sertifikası Sahibi olmak.;9a769aa0-82ce-ef11-b177-a0369f7d1d8e
2025;3;303010101;Çevre, Şehircilik ve İklim Değişikliği Bakanlığı;Avukat;Adana;Lisans;1;1;;;"4419;3209;7205;7361";4419 - Aşağıdaki lisans programlarından birinden mezun olmak. | 3209 - Hukuk | 7205 - Avukatlık Ruhsatı Sahibi olmak. | 7361 - (Bakınız Başvurma Özel Şartları Bölümü Avukat).;4f759aa0-82ce-ef11-b177-a0369f7d1d8e
2025;3;303010178;Çevre, Şehircilik ve İklim Değişikliği Bakanlığı;Büro Personeli;Adana;Lisans;1;7;;;"4421;3159;3213;4386;5106;8208;9113;9221;4431;3226;3227;3381;5123;5143;8207;8208;8296;8334;9552;9584;4459;3254;4322;8225;4503;3237;3313;3314;6225";4421 - Aşağıdaki lisans programlarından birinden mezun olmak. | 3159 - Ekonomi | 3213 - İktisat | 4386 - Uluslararası Ekonomi | 5106 - Ekonomi-Yönetim Bilimleri Programları | 8208 - İş İdaresi ve İktisat | 9113 - Ekonomi Politik ve Toplum Felsefesi | 9221 - Ekonomi ve İdari Bilimler / Ekonomi ve İdari Bilimler Programları | 4431 - Aşağıdaki lisans programlarından birinden mezun olmak. | 3226 - İşletme / İşletmecilik | 3227 - İşletme Bilgi Yönetimi | 3381 - Muhasebe ve Finansman | 5123 - Muhasebe ve Finansal Yönetim / Muhasebe ve Finans Yönetimi | 5143 - Yönetim Bilimleri / Yönetim Bilimleri Programları | 8207 - İş İdaresi | 8208 - İş İdaresi ve İktisat | 8296 - Yönetim ve Organizasyon | 8334 - Pazarlama | 9552 - İşletme-Maliye | 9584 - Yönetim Bilimleri ve Liderlik | 4459 - Aşağıdaki lisans programlarından birinden mezun olmak. | 3254 - Maliye | 4322 - Muhasebe ve Maliye | 8225 - Maliye-Muhasebe | 4503 - Aşağıdaki lisans programlarından birinden mezun olmak. | 3237 - Kamu Yönetimi | 3313 - Siyaset Bilimi | 3314 - Siyaset Bilimi ve Kamu Yönetimi | 6225 - M.E.B.'Dan Onaylı Bilgisayar İşletmeni Sertifikası Sahibi olmak.;4d759aa0-82ce-ef11-b177-a0369f7d1d8e
2025;3;303010185;Çevre, Şehircilik ve İklim Değişikliği Bakanlığı;Büro Personeli;Adana;Lisans;1;5;;;"4421;3159;3213;4386;5106;8208;9113;9221;4431;3226;3227;3381;5123;5143;8207;8208;8296;8334;9552;9584;4459;3254;4322;8225;4503;3237;3313;3314;6225";4421 - Aşağıdaki lisans programlarından birinden mezun olmak. | 3159 - Ekonomi | 3213 - İktisat | 4386 - Uluslararası Ekonomi | 5106 - Ekonomi-Yönetim Bilimleri Programları | 8208 - İş İdaresi ve İktisat | 9113 - Ekonomi Politik ve Toplum Felsefesi | 9221 - Ekonomi ve İdari Bilimler / Ekonomi ve İdari Bilimler Programları | 4431 - Aşağıdaki lisans programlarından birinden mezun olmak. | 3226 - İşletme / İşletmecilik | 3227 - İşletme Bilgi Yönetimi | 3381 - Muhasebe ve Finansman | 5123 - Muhasebe ve Finansal Yönetim / Muhasebe ve Finans Yönetimi | 5143 - Yönetim Bilimleri / Yönetim Bilimleri Programları | 8207 - İş İdaresi | 8208 - İş İdaresi ve İktisat | 8296 - Yönetim ve Organizasyon | 8334 - Pazarlama | 9552 - İşletme-Maliye | 9584 - Yönetim Bilimleri ve Liderlik | 4459 - Aşağıdaki lisans programlarından birinden mezun olmak. | 3254 - Maliye | 4322 - Muhasebe ve Maliye | 8225 - Maliye-Muhasebe | 4503 - Aşağıdaki lisans programlarından birinden mezun olmak. | 3237 - Kamu Yönetimi | 3313 - Siyaset Bilimi | 3314 - Siyaset Bilimi ve Kamu Yönetimi | 6225 - M.E.B.'Dan Onaylı Bilgisayar İşletmeni Sertifikası Sahibi olmak.;4e759aa0-82ce-ef11-b177-a0369f7d1d8e
2025;3;303010192;Çevre, Şehircilik ve İklim Değişikliği Bakanlığı;Büro Personeli;Adıyaman;Lisans;3;18;;;"4421;3159;3213;4386;5106;8208;9113;9221;4431;3226;3227;3381;5123;5143;8207;8208;8296;8334;9552;9584;4459;3254;4322;8225;4503;3237;3313;3314;6225";4421 - Aşağıdaki lisans programlarından birinden mezun olmak. | 3159 - Ekonomi | 3213 - İktisat | 4386 - Uluslararası Ekonomi | 5106 - Ekonomi-Yönetim Bilimleri Programları | 8208 - İş İdaresi ve İktisat | 9113 - Ekonomi Politik ve Toplum Felsefesi | 9221 - Ekonomi ve İdari Bilimler / Ekonomi ve İdari Bilimler Programları | 4431 - Aşağıdaki lisans programlarından birinden mezun olmak. | 3226 - İşletme / İşletmecilik | 3227 - İşletme Bilgi Yönetimi | 3381 - Muhasebe ve Finansman | 5123 - Muhasebe ve Finansal Yönetim / Muhasebe ve Finans Yönetimi | 5143 - Yönetim Bilimleri / Yönetim Bilimleri Programları | 8207 - İş İdaresi | 8208 - İş İdaresi ve İktisat | 8296 - Yönetim ve Organizasyon | 8334 - Pazarlama | 9552 - İşletme-Maliye | 9584 - Yönetim Bilimleri ve Liderlik | 4459 - Aşağıdaki lisans programlarından birinden mezun olmak. | 3254 - Maliye | 4322 - Muhasebe ve Maliye | 8225 - Maliye-Muhasebe | 4503 - Aşağıdaki lisans programlarından birinden mezun olmak. | 3237 - Kamu Yönetimi | 3313 - Siyaset Bilimi | 3314 - Siyaset Bilimi ve Kamu Yönetimi | 6225 - M.E.B.'Dan Onaylı Bilgisayar İşletmeni Sertifikası Sahibi olmak.;51759aa0-82ce-ef11-b177-a0369f7d1d8e
2025;3;303011704;Çevre, Şehircilik ve İklim Değişikliği Bakanlığı;Mühendis;Adıyaman;Lisans;2;1;;;"4639;3252;4314;4315;9441";4639 - Aşağıdaki lisans programlarından birinden mezun olmak. | 3252 - Makine Mühendisliği | 4314 - Makine ve İmalat Mühendisliği | 4315 - Makine ve Üretim Mühendisliği | 9441 - Makine ve Malzeme Mühendisliği;50759aa0-82ce-ef11-b177-a0369f7d1d8e
2025;3;303010199;Çevre, Şehircilik ve İklim Değişikliği Bakanlığı;Büro Personeli;Afyonkarahisar;Lisans;3;29;;;"4421;3159;3213;4386;5106;8208;9113;9221;4431;3226;3227;3381;5123;5143;8207;8208;8296;8334;9552;9584;4459;3254;4322;8225;4503;3237;3313;3314;6225";4421 - Aşağıdaki lisans programlarından birinden mezun olmak. | 3159 - Ekonomi | 3213 - İktisat | 4386 - Uluslararası Ekonomi | 5106 - Ekonomi-Yönetim Bilimleri Programları | 8208 - İş İdaresi ve İktisat | 9113 - Ekonomi Politik ve Toplum Felsefesi | 9221 - Ekonomi ve İdari Bilimler / Ekonomi ve İdari Bilimler Programları | 4431 - Aşağıdaki lisans programlarından birinden mezun olmak. | 3226 - İşletme / İşletmecilik | 3227 - İşletme Bilgi Yönetimi | 3381 - Muhasebe ve Finansman | 5123 - Muhasebe ve Finansal Yönetim / Muhasebe ve Finans Yönetimi | 5143 - Yönetim Bilimleri / Yönetim Bilimleri Programları | 8207 - İş İdaresi | 8208 - İş İdaresi ve İktisat | 8296 - Yönetim ve Organizasyon | 8334 - Pazarlama | 9552 - İşletme-Maliye | 9584 - Yönetim Bilimleri ve Liderlik | 4459 - Aşağıdaki lisans programlarından birinden mezun olmak. | 3254 - Maliye | 4322 - Muhasebe ve Maliye | 8225 - Maliye-Muhasebe | 4503 - Aşağıdaki lisans programlarından birinden mezun olmak. | 3237 - Kamu Yönetimi | 3313 - Siyaset Bilimi | 3314 - Siyaset Bilimi ve Kamu Yönetimi | 6225 - M.E.B.'Dan Onaylı Bilgisayar İşletmeni Sertifikası Sahibi olmak.;53759aa0-82ce-ef11-b177-a0369f7d1d8e
2025;3;303010206;Çevre, Şehircilik ve İklim Değişikliği Bakanlığı;Büro Personeli;Ağrı;Lisans;1;7;;;"4421;3159;3213;4386;5106;8208;9113;9221;4431;3226;3227;3381;5123;5143;8207;8208;8296;8334;9552;9584;4459;3254;4322;8225;4503;3237;3313;3314;6225";4421 - Aşağıdaki lisans programlarından birinden mezun olmak. | 3159 - Ekonomi | 3213 - İktisat | 4386 - Uluslararası Ekonomi | 5106 - Ekonomi-Yönetim Bilimleri Programları | 8208 - İş İdaresi ve İktisat | 9113 - Ekonomi Politik ve Toplum Felsefesi | 9221 - Ekonomi ve İdari Bilimler / Ekonomi ve İdari Bilimler Programları | 4431 - Aşağıdaki lisans programlarından birinden mezun olmak. | 3226 - İşletme / İşletmecilik | 3227 - İşletme Bilgi Yönetimi | 3381 - Muhasebe ve Finansman | 5123 - Muhasebe ve Finansal Yönetim / Muhasebe ve Finans Yönetimi | 5143 - Yönetim Bilimleri / Yönetim Bilimleri Programları | 8207 - İş İdaresi | 8208 - İş İdaresi ve İktisat | 8296 - Yönetim ve Organizasyon | 8334 - Pazarlama | 9552 - İşletme-Maliye | 9584 - Yönetim Bilimleri ve Liderlik | 4459 - Aşağıdaki lisans programlarından birinden mezun olmak. | 3254 - Maliye | 4322 - Muhasebe ve Maliye | 8225 - Maliye-Muhasebe | 4503 - Aşağıdaki lisans programlarından birinden mezun olmak. | 3237 - Kamu Yönetimi | 3313 - Siyaset Bilimi | 3314 - Siyaset Bilimi ve Kamu Yönetimi | 6225 - M.E.B.'Dan Onaylı Bilgisayar İşletmeni Sertifikası Sahibi olmak.;54759aa0-82ce-ef11-b177-a0369f7d1d8e
2025;3;303011410;Çevre, Şehircilik ve İklim Değişikliği Bakanlığı;Mühendis;Ağrı;Lisans;5;1;;;"4677;3142;7300";4677 - Aşağıdaki lisans programlarından birinden mezun olmak. | 3142 - Çevre Mühendisliği | 7300 - Bu kadro/pozisyonda vardiya sistemi uygulanmaktadır.;5c759aa0-82ce-ef11-b177-a0369f7d1d8e
2025;3;303011487;Çevre, Şehircilik ve İklim Değişikliği Bakanlığı;Mühendis;Ağrı;Lisans;1;1;;;"4611;3160;3162";4611 - Aşağıdaki lisans programlarından birinden mezun olmak. | 3160 - Elektrik Mühendisliği | 3162 - Elektrik ve Elektronik Mühendisliği / Elektrik-Elektronik Mühendisliği;5d759aa0-82ce-ef11-b177-a0369f7d1d8e
2025;3;303011508;Çevre, Şehircilik ve İklim Değişikliği Bakanlığı;Mühendis;Ağrı;Lisans;2;1;;;"4689;3233;8324;9034;9572";4689 - Aşağıdaki lisans programlarından birinden mezun olmak. | 3233 - Jeodezi ve Fotogrametri Mühendisliği | 8324 - Harita Mühendisliği | 9034 - Geomatik Mühendisliği | 9572 - Jeodezi ve Haritacılık Mühendisliği;59759aa0-82ce-ef11-b177-a0369f7d1d8e
2025;3;303011571;Çevre, Şehircilik ve İklim Değişikliği Bakanlığı;Mühendis;Ağrı;Lisans;3;0;;;"4669;3221";4669 - Aşağıdaki lisans programlarından birinden mezun olmak. | 3221 - İnşaat Mühendisliği;5a759aa0-82ce-ef11-b177-a0369f7d1d8e
2025;3;303011648;Çevre, Şehircilik ve İklim Değişikliği Bakanlığı;Mühendis;Ağrı;Lisans;1;1;;;"4681;3234";4681 - Aşağıdaki lisans programlarından birinden mezun olmak. | 3234 - Jeofizik Mühendisliği;5b759aa0-82ce-ef11-b177-a0369f7d1d8e
2025;3;303011711;Çevre, Şehircilik ve İklim Değişikliği Bakanlığı;Mühendis;Ağrı;Lisans;2;1;;;"4639;3252;4314;4315;9441";4639 - Aşağıdaki lisans programlarından birinden mezun olmak. | 3252 - Makine Mühendisliği | 4314 - Makine ve İmalat Mühendisliği | 4315 - Makine ve Üretim Mühendisliği | 9441 - Makine ve Malzeme Mühendisliği;58759aa0-82ce-ef11-b177-a0369f7d1d8e
2025;3;303010115;Çevre, Şehircilik ve İklim Değişikliği Bakanlığı;Avukat;Ankara;Lisans;1;0;;;"4419;3209;7205;7361";4419 - Aşağıdaki lisans programlarından birinden mezun olmak. | 3209 - Hukuk | 7205 - Avukatlık Ruhsatı Sahibi olmak. | 7361 - (Bakınız Başvurma Özel Şartları Bölümü Avukat).;6e759aa0-82ce-ef11-b177-a0369f7d1d8e
2025;3;303010220;Çevre, Şehircilik ve İklim Değişikliği Bakanlığı;Büro Personeli;Ankara;Lisans;1;9;;;"4421;3159;3213;4386;5106;8208;9113;9221;4431;3226;3227;3381;5123;5143;8207;8208;8296;8334;9552;9584;4459;3254;4322;8225;4503;3237;3313;3314;6225";4421 - Aşağıdaki lisans programlarından birinden mezun olmak. | 3159 - Ekonomi | 3213 - İktisat | 4386 - Uluslararası Ekonomi | 5106 - Ekonomi-Yönetim Bilimleri Programları | 8208 - İş İdaresi ve İktisat | 9113 - Ekonomi Politik ve Toplum Felsefesi | 9221 - Ekonomi ve İdari Bilimler / Ekonomi ve İdari Bilimler Programları | 4431 - Aşağıdaki lisans programlarından birinden mezun olmak. | 3226 - İşletme / İşletmecilik | 3227 - İşletme Bilgi Yönetimi | 3381 - Muhasebe ve Finansman | 5123 - Muhasebe ve Finansal Yönetim / Muhasebe ve Finans Yönetimi | 5143 - Yönetim Bilimleri / Yönetim Bilimleri Programları | 8207 - İş İdaresi | 8208 - İş İdaresi ve İktisat | 8296 - Yönetim ve Organizasyon | 8334 - Pazarlama | 9552 - İşletme-Maliye | 9584 - Yönetim Bilimleri ve Liderlik | 4459 - Aşağıdaki lisans programlarından birinden mezun olmak. | 3254 - Maliye | 4322 - Muhasebe ve Maliye | 8225 - Maliye-Muhasebe | 4503 - Aşağıdaki lisans programlarından birinden mezun olmak. | 3237 - Kamu Yönetimi | 3313 - Siyaset Bilimi | 3314 - Siyaset Bilimi ve Kamu Yönetimi | 6225 - M.E.B.'Dan Onaylı Bilgisayar İşletmeni Sertifikası Sahibi olmak.;66759aa0-82ce-ef11-b177-a0369f7d1d8e
2025;3;303010227;Çevre, Şehircilik ve İklim Değişikliği Bakanlığı;Büro Personeli;Ankara;Lisans;1;10;;;"4421;3159;3213;4386;5106;8208;9113;9221;4431;3226;3227;3381;5123;5143;8207;8208;8296;8334;9552;9584;4459;3254;4322;8225;4503;3237;3313;3314;6225";4421 - Aşağıdaki lisans programlarından birinden mezun olmak. | 3159 - Ekonomi | 3213 - İktisat | 4386 - Uluslararası Ekonomi | 5106 - Ekonomi-Yönetim Bilimleri Programları | 8208 - İş İdaresi ve İktisat | 9113 - Ekonomi Politik ve Toplum Felsefesi | 9221 - Ekonomi ve İdari Bilimler / Ekonomi ve İdari Bilimler Programları | 4431 - Aşağıdaki lisans programlarından birinden mezun olmak. | 3226 - İşletme / İşletmecilik | 3227 - İşletme Bilgi Yönetimi | 3381 - Muhasebe ve Finansman | 5123 - Muhasebe ve Finansal Yönetim / Muhasebe ve Finans Yönetimi | 5143 - Yönetim Bilimleri / Yönetim Bilimleri Programları | 8207 - İş İdaresi | 8208 - İş İdaresi ve İktisat | 8296 - Yönetim ve Organizasyon | 8334 - Pazarlama | 9552 - İşletme-Maliye | 9584 - Yönetim Bilimleri ve Liderlik | 4459 - Aşağıdaki lisans programlarından birinden mezun olmak. | 3254 - Maliye | 4322 - Muhasebe ve Maliye | 8225 - Maliye-Muhasebe | 4503 - Aşağıdaki lisans programlarından birinden mezun olmak. | 3237 - Kamu Yönetimi | 3313 - Siyaset Bilimi | 3314 - Siyaset Bilimi ve Kamu Yönetimi | 6225 - M.E.B.'Dan Onaylı Bilgisayar İşletmeni Sertifikası Sahibi olmak.;67759aa0-82ce-ef11-b177-a0369f7d1d8e
2025;3;303010234;Çevre, Şehircilik ve İklim Değişikliği Bakanlığı;Büro Personeli;Ankara;Lisans;1;8;;;"4421;3159;3213;4386;5106;8208;9113;9221;4431;3226;3227;3381;5123;5143;8207;8208;8296;8334;9552;9584;4459;3254;4322;8225;4503;3237;3313;3314;6225";4421 - Aşağıdaki lisans programlarından birinden mezun olmak. | 3159 - Ekonomi | 3213 - İktisat | 4386 - Uluslararası Ekonomi | 5106 - Ekonomi-Yönetim Bilimleri Programları | 8208 - İş İdaresi ve İktisat | 9113 - Ekonomi Politik ve Toplum Felsefesi | 9221 - Ekonomi ve İdari Bilimler / Ekonomi ve İdari Bilimler Programları | 4431 - Aşağıdaki lisans programlarından birinden mezun olmak. | 3226 - İşletme / İşletmecilik | 3227 - İşletme Bilgi Yönetimi | 3381 - Muhasebe ve Finansman | 5123 - Muhasebe ve Finansal Yönetim / Muhasebe ve Finans Yönetimi | 5143 - Yönetim Bilimleri / Yönetim Bilimleri Programları | 8207 - İş İdaresi | 8208 - İş İdaresi ve İktisat | 8296 - Yönetim ve Organizasyon | 8334 - Pazarlama | 9552 - İşletme-Maliye | 9584 - Yönetim Bilimleri ve Liderlik | 4459 - Aşağıdaki lisans programlarından birinden mezun olmak. | 3254 - Maliye | 4322 - Muhasebe ve Maliye | 8225 - Maliye-Muhasebe | 4503 - Aşağıdaki lisans programlarından birinden mezun olmak. | 3237 - Kamu Yönetimi | 3313 - Siyaset Bilimi | 3314 - Siyaset Bilimi ve Kamu Yönetimi | 6225 - M.E.B.'Dan Onaylı Bilgisayar İşletmeni Sertifikası Sahibi olmak.;68759aa0-82ce-ef11-b177-a0369f7d1d8e
2025;3;303010241;Çevre, Şehircilik ve İklim Değişikliği Bakanlığı;Büro Personeli;Ankara;Lisans;1;10;;;"4421;3159;3213;4386;5106;8208;9113;9221;4431;3226;3227;3381;5123;5143;8207;8208;8296;8334;9552;9584;4459;3254;4322;8225;4503;3237;3313;3314;6225";4421 - Aşağıdaki lisans programlarından birinden mezun olmak. | 3159 - Ekonomi | 3213 - İktisat | 4386 - Uluslararası Ekonomi | 5106 - Ekonomi-Yönetim Bilimleri Programları | 8208 - İş İdaresi ve İktisat | 9113 - Ekonomi Politik ve Toplum Felsefesi | 9221 - Ekonomi ve İdari Bilimler / Ekonomi ve İdari Bilimler Programları | 4431 - Aşağıdaki lisans programlarından birinden mezun olmak. | 3226 - İşletme / İşletmecilik | 3227 - İşletme Bilgi Yönetimi | 3381 - Muhasebe ve Finansman | 5123 - Muhasebe ve Finansal Yönetim / Muhasebe ve Finans Yönetimi | 5143 - Yönetim Bilimleri / Yönetim Bilimleri Programları | 8207 - İş İdaresi | 8208 - İş İdaresi ve İktisat | 8296 - Yönetim ve Organizasyon | 8334 - Pazarlama | 9552 - İşletme-Maliye | 9584 - Yönetim Bilimleri ve Liderlik | 4459 - Aşağıdaki lisans programlarından birinden mezun olmak. | 3254 - Maliye | 4322 - Muhasebe ve Maliye | 8225 - Maliye-Muhasebe | 4503 - Aşağıdaki lisans programlarından birinden mezun olmak. | 3237 - Kamu Yönetimi | 3313 - Siyaset Bilimi | 3314 - Siyaset Bilimi ve Kamu Yönetimi | 6225 - M.E.B.'Dan Onaylı Bilgisayar İşletmeni Sertifikası Sahibi olmak.;69759aa0-82ce-ef11-b177-a0369f7d1d8e
2025;3;303010248;Çevre, Şehircilik ve İklim Değişikliği Bakanlığı;Büro Personeli;Ankara;Lisans;6;34;;;"4421;3159;3213;4386;5106;8208;9113;9221;4431;3226;3227;3381;5123;5143;8207;8208;8296;8334;9552;9584;4459;3254;4322;8225;4503;3237;3313;3314;6225";4421 - Aşağıdaki lisans programlarından birinden mezun olmak. | 3159 - Ekonomi | 3213 - İktisat | 4386 - Uluslararası Ekonomi | 5106 - Ekonomi-Yönetim Bilimleri Programları | 8208 - İş İdaresi ve İktisat | 9113 - Ekonomi Politik ve Toplum Felsefesi | 9221 - Ekonomi ve İdari Bilimler / Ekonomi ve İdari Bilimler Programları | 4431 - Aşağıdaki lisans programlarından birinden mezun olmak. | 3226 - İşletme / İşletmecilik | 3227 - İşletme Bilgi Yönetimi | 3381 - Muhasebe ve Finansman | 5123 - Muhasebe ve Finansal Yönetim / Muhasebe ve Finans Yönetimi | 5143 - Yönetim Bilimleri / Yönetim Bilimleri Programları | 8207 - İş İdaresi | 8208 - İş İdaresi ve İktisat | 8296 - Yönetim ve Organizasyon | 8334 - Pazarlama | 9552 - İşletme-Maliye | 9584 - Yönetim Bilimleri ve Liderlik | 4459 - Aşağıdaki lisans programlarından birinden mezun olmak. | 3254 - Maliye | 4322 - Muhasebe ve Maliye | 8225 - Maliye-Muhasebe | 4503 - Aşağıdaki lisans programlarından birinden mezun olmak. | 3237 - Kamu Yönetimi | 3313 - Siyaset Bilimi | 3314 - Siyaset Bilimi ve Kamu Yönetimi | 6225 - M.E.B.'Dan Onaylı Bilgisayar İşletmeni Sertifikası Sahibi olmak.;6a759aa0-82ce-ef11-b177-a0369f7d1d8e
2025;3;303010255;Çevre, Şehircilik ve İklim Değişikliği Bakanlığı;Büro Personeli;Ankara;Lisans;1;10;;;"4421;3159;3213;4386;5106;8208;9113;9221;4431;3226;3227;3381;5123;5143;8207;8208;8296;8334;9552;9584;4459;3254;4322;8225;4503;3237;3313;3314;6225";4421 - Aşağıdaki lisans programlarından birinden mezun olmak. | 3159 - Ekonomi | 3213 - İktisat | 4386 - Uluslararası Ekonomi | 5106 - Ekonomi-Yönetim Bilimleri Programları | 8208 - İş İdaresi ve İktisat | 9113 - Ekonomi Politik ve Toplum Felsefesi | 9221 - Ekonomi ve İdari Bilimler / Ekonomi ve İdari Bilimler Programları | 4431 - Aşağıdaki lisans programlarından birinden mezun olmak. | 3226 - İşletme / İşletmecilik | 3227 - İşletme Bilgi Yönetimi | 3381 - Muhasebe ve Finansman | 5123 - Muhasebe ve Finansal Yönetim / Muhasebe ve Finans Yönetimi | 5143 - Yönetim Bilimleri / Yönetim Bilimleri Programları | 8207 - İş İdaresi | 8208 - İş İdaresi ve İktisat | 8296 - Yönetim ve Organizasyon | 8334 - Pazarlama | 9552 - İşletme-Maliye | 9584 - Yönetim Bilimleri ve Liderlik | 4459 - Aşağıdaki lisans programlarından birinden mezun olmak. | 3254 - Maliye | 4322 - Muhasebe ve Maliye | 8225 - Maliye-Muhasebe | 4503 - Aşağıdaki lisans programlarından birinden mezun olmak. | 3237 - Kamu Yönetimi | 3313 - Siyaset Bilimi | 3314 - Siyaset Bilimi ve Kamu Yönetimi | 6225 - M.E.B.'Dan Onaylı Bilgisayar İşletmeni Sertifikası Sahibi olmak.;6b759aa0-82ce-ef11-b177-a0369f7d1d8e
2025;3;303010262;Çevre, Şehircilik ve İklim Değişikliği Bakanlığı;Büro Personeli;Ankara;Lisans;1;7;;;"4421;3159;3213;4386;5106;8208;9113;9221;4431;3226;3227;3381;5123;5143;8207;8208;8296;8334;9552;9584;4459;3254;4322;8225;4503;3237;3313;3314;6225";4421 - Aşağıdaki lisans programlarından birinden mezun olmak. | 3159 - Ekonomi | 3213 - İktisat | 4386 - Uluslararası Ekonomi | 5106 - Ekonomi-Yönetim Bilimleri Programları | 8208 - İş İdaresi ve İktisat | 9113 - Ekonomi Politik ve Toplum Felsefesi | 9221 - Ekonomi ve İdari Bilimler / Ekonomi ve İdari Bilimler Programları | 4431 - Aşağıdaki lisans programlarından birinden mezun olmak. | 3226 - İşletme / İşletmecilik | 3227 - İşletme Bilgi Yönetimi | 3381 - Muhasebe ve Finansman | 5123 - Muhasebe ve Finansal Yönetim / Muhasebe ve Finans Yönetimi | 5143 - Yönetim Bilimleri / Yönetim Bilimleri Programları | 8207 - İş İdaresi | 8208 - İş İdaresi ve İktisat | 8296 - Yönetim ve Organizasyon | 8334 - Pazarlama | 9552 - İşletme-Maliye | 9584 - Yönetim Bilimleri ve Liderlik | 4459 - Aşağıdaki lisans programlarından birinden mezun olmak. | 3254 - Maliye | 4322 - Muhasebe ve Maliye | 8225 - Maliye-Muhasebe | 4503 - Aşağıdaki lisans programlarından birinden mezun olmak. | 3237 - Kamu Yönetimi | 3313 - Siyaset Bilimi | 3314 - Siyaset Bilimi ve Kamu Yönetimi | 6225 - M.E.B.'Dan Onaylı Bilgisayar İşletmeni Sertifikası Sahibi olmak.;6c759aa0-82ce-ef11-b177-a0369f7d1d8e
2025;3;303011389;Çevre, Şehircilik ve İklim Değişikliği Bakanlığı;Büro Personeli;Ankara;Lisans;5;30;;;"4421;3159;3213;4386;5106;8208;9113;9221;4431;3226;3227;3381;5123;5143;8207;8208;8296;8334;9552;9584;4459;3254;4322;8225;4503;3237;3313;3314;6225";4421 - Aşağıdaki lisans programlarından birinden mezun olmak. | 3159 - Ekonomi | 3213 - İktisat | 4386 - Uluslararası Ekonomi | 5106 - Ekonomi-Yönetim Bilimleri Programları | 8208 - İş İdaresi ve İktisat | 9113 - Ekonomi Politik ve Toplum Felsefesi | 9221 - Ekonomi ve İdari Bilimler / Ekonomi ve İdari Bilimler Programları | 4431 - Aşağıdaki lisans programlarından birinden mezun olmak. | 3226 - İşletme / İşletmecilik | 3227 - İşletme Bilgi Yönetimi | 3381 - Muhasebe ve Finansman | 5123 - Muhasebe ve Finansal Yönetim / Muhasebe ve Finans Yönetimi | 5143 - Yönetim Bilimleri / Yönetim Bilimleri Programları | 8207 - İş İdaresi | 8208 - İş İdaresi ve İktisat | 8296 - Yönetim ve Organizasyon | 8334 - Pazarlama | 9552 - İşletme-Maliye | 9584 - Yönetim Bilimleri ve Liderlik | 4459 - Aşağıdaki lisans programlarından birinden mezun olmak. | 3254 - Maliye | 4322 - Muhasebe ve Maliye | 8225 - Maliye-Muhasebe | 4503 - Aşağıdaki lisans programlarından birinden mezun olmak. | 3237 - Kamu Yönetimi | 3313 - Siyaset Bilimi | 3314 - Siyaset Bilimi ve Kamu Yönetimi | 6225 - M.E.B.'Dan Onaylı Bilgisayar İşletmeni Sertifikası Sahibi olmak.;5e759aa0-82ce-ef11-b177-a0369f7d1d8e
2025;3;303011515;Çevre, Şehircilik ve İklim Değişikliği Bakanlığı;Mühendis;Ankara;Lisans;1;1;;;"4689;3233;8324;9034;9572";4689 - Aşağıdaki lisans programlarından birinden mezun olmak. | 3233 - Jeodezi ve Fotogrametri Mühendisliği | 8324 - Harita Mühendisliği | 9034 - Geomatik Mühendisliği | 9572 - Jeodezi ve Haritacılık Mühendisliği;61759aa0-82ce-ef11-b177-a0369f7d1d8e
2025;3;303011522;Çevre, Şehircilik ve İklim Değişikliği Bakanlığı;Mühendis;Ankara;Lisans;1;1;;;"4689;3233;8324;9034;9572";4689 - Aşağıdaki lisans programlarından birinden mezun olmak. | 3233 - Jeodezi ve Fotogrametri Mühendisliği | 8324 - Harita Mühendisliği | 9034 - Geomatik Mühendisliği | 9572 - Jeodezi ve Haritacılık Mühendisliği;62759aa0-82ce-ef11-b177-a0369f7d1d8e
2025;3;303011578;Çevre, Şehircilik ve İklim Değişikliği Bakanlığı;Mühendis;Ankara;Lisans;1;0;;;"4669;3221";4669 - Aşağıdaki lisans programlarından birinden mezun olmak. | 3221 - İnşaat Mühendisliği;5f759aa0-82ce-ef11-b177-a0369f7d1d8e
2025;3;303011585;Çevre, Şehircilik ve İklim Değişikliği Bakanlığı;Mühendis;Ankara;Lisans;1;0;;;"4669;3221";4669 - Aşağıdaki lisans programlarından birinden mezun olmak. | 3221 - İnşaat Mühendisliği;60759aa0-82ce-ef11-b177-a0369f7d1d8e
2025;3;303011718;Çevre, Şehircilik ve İklim Değişikliği Bakanlığı;Mühendis;Ankara;Lisans;1;1;;;"4639;3252;4314;4315;9441";4639 - Aşağıdaki lisans programlarından birinden mezun olmak. | 3252 - Makine Mühendisliği | 4314 - Makine ve İmalat Mühendisliği | 4315 - Makine ve Üretim Mühendisliği | 9441 - Makine ve Malzeme Mühendisliği;63759aa0-82ce-ef11-b177-a0369f7d1d8e
2025;3;303010269;Çevre, Şehircilik ve İklim Değişikliği Bakanlığı;Büro Personeli;Antalya;Lisans;9;40;;;"4421;3159;3213;4386;5106;8208;9113;9221;4431;3226;3227;3381;5123;5143;8207;8208;8296;8334;9552;9584;4459;3254;4322;8225;4503;3237;3313;3314;6225";4421 - Aşağıdaki lisans programlarından birinden mezun olmak. | 3159 - Ekonomi | 3213 - İktisat | 4386 - Uluslararası Ekonomi | 5106 - Ekonomi-Yönetim Bilimleri Programları | 8208 - İş İdaresi ve İktisat | 9113 - Ekonomi Politik ve Toplum Felsefesi | 9221 - Ekonomi ve İdari Bilimler / Ekonomi ve İdari Bilimler Programları | 4431 - Aşağıdaki lisans programlarından birinden mezun olmak. | 3226 - İşletme / İşletmecilik | 3227 - İşletme Bilgi Yönetimi | 3381 - Muhasebe ve Finansman | 5123 - Muhasebe ve Finansal Yönetim / Muhasebe ve Finans Yönetimi | 5143 - Yönetim Bilimleri / Yönetim Bilimleri Programları | 8207 - İş İdaresi | 8208 - İş İdaresi ve İktisat | 8296 - Yönetim ve Organizasyon | 8334 - Pazarlama | 9552 - İşletme-Maliye | 9584 - Yönetim Bilimleri ve Liderlik | 4459 - Aşağıdaki lisans programlarından birinden mezun olmak. | 3254 - Maliye | 4322 - Muhasebe ve Maliye | 8225 - Maliye-Muhasebe | 4503 - Aşağıdaki lisans programlarından birinden mezun olmak. | 3237 - Kamu Yönetimi | 3313 - Siyaset Bilimi | 3314 - Siyaset Bilimi ve Kamu Yönetimi | 6225 - M.E.B.'Dan Onaylı Bilgisayar İşletmeni Sertifikası Sahibi olmak.;6f759aa0-82ce-ef11-b177-a0369f7d1d8e
2025;3;303010283;Çevre, Şehircilik ve İklim Değişikliği Bakanlığı;Büro Personeli;Artvin;Lisans;3;20;;;"4421;3159;3213;4386;5106;8208;9113;9221;4431;3226;3227;3381;5123;5143;8207;8208;8296;8334;9552;9584;4459;3254;4322;8225;4503;3237;3313;3314;6225";4421 - Aşağıdaki lisans programlarından birinden mezun olmak. | 3159 - Ekonomi | 3213 - İktisat | 4386 - Uluslararası Ekonomi | 5106 - Ekonomi-Yönetim Bilimleri Programları | 8208 - İş İdaresi ve İktisat | 9113 - Ekonomi Politik ve Toplum Felsefesi | 9221 - Ekonomi ve İdari Bilimler / Ekonomi ve İdari Bilimler Programları | 4431 - Aşağıdaki lisans programlarından birinden mezun olmak. | 3226 - İşletme / İşletmecilik | 3227 - İşletme Bilgi Yönetimi | 3381 - Muhasebe ve Finansman | 5123 - Muhasebe ve Finansal Yönetim / Muhasebe ve Finans Yönetimi | 5143 - Yönetim Bilimleri / Yönetim Bilimleri Programları | 8207 - İş İdaresi | 8208 - İş İdaresi ve İktisat | 8296 - Yönetim ve Organizasyon | 8334 - Pazarlama | 9552 - İşletme-Maliye | 9584 - Yönetim Bilimleri ve Liderlik | 4459 - Aşağıdaki lisans programlarından birinden mezun olmak. | 3254 - Maliye | 4322 - Muhasebe ve Maliye | 8225 - Maliye-Muhasebe | 4503 - Aşağıdaki lisans programlarından birinden mezun olmak. | 3237 - Kamu Yönetimi | 3313 - Siyaset Bilimi | 3314 - Siyaset Bilimi ve Kamu Yönetimi | 6225 - M.E.B.'Dan Onaylı Bilgisayar İşletmeni Sertifikası Sahibi olmak.;70759aa0-82ce-ef11-b177-a0369f7d1d8e
2025;3;303011417;Çevre, Şehircilik ve İklim Değişikliği Bakanlığı;Mühendis;Artvin;Lisans;3;2;;;"4677;3142;7300";4677 - Aşağıdaki lisans programlarından birinden mezun olmak. | 3142 - Çevre Mühendisliği | 7300 - Bu kadro/pozisyonda vardiya sistemi uygulanmaktadır.;73759aa0-82ce-ef11-b177-a0369f7d1d8e
2025;3;303011494;Çevre, Şehircilik ve İklim Değişikliği Bakanlığı;Mühendis;Artvin;Lisans;1;1;;;"4611;3160;3162";4611 - Aşağıdaki lisans programlarından birinden mezun olmak. | 3160 - Elektrik Mühendisliği | 3162 - Elektrik ve Elektronik Mühendisliği / Elektrik-Elektronik Mühendisliği;72759aa0-82ce-ef11-b177-a0369f7d1d8e
2025;3;303011725;Çevre, Şehircilik ve İklim Değişikliği Bakanlığı;Mühendis;Artvin;Lisans;1;1;;;"4639;3252;4314;4315;9441";4639 - Aşağıdaki lisans programlarından birinden mezun olmak. | 3252 - Makine Mühendisliği | 4314 - Makine ve İmalat Mühendisliği | 4315 - Makine ve Üretim Mühendisliği | 9441 - Makine ve Malzeme Mühendisliği;71759aa0-82ce-ef11-b177-a0369f7d1d8e
2025;3;303010290;Çevre, Şehircilik ve İklim Değişikliği Bakanlığı;Büro Personeli;Aydın;Lisans;1;9;;;"4421;3159;3213;4386;5106;8208;9113;9221;4431;3226;3227;3381;5123;5143;8207;8208;8296;8334;9552;9584;4459;3254;4322;8225;4503;3237;3313;3314;6225";4421 - Aşağıdaki lisans programlarından birinden mezun olmak. | 3159 - Ekonomi | 3213 - İktisat | 4386 - Uluslararası Ekonomi | 5106 - Ekonomi-Yönetim Bilimleri Programları | 8208 - İş İdaresi ve İktisat | 9113 - Ekonomi Politik ve Toplum Felsefesi | 9221 - Ekonomi ve İdari Bilimler / Ekonomi ve İdari Bilimler Programları | 4431 - Aşağıdaki lisans programlarından birinden mezun olmak. | 3226 - İşletme / İşletmecilik | 3227 - İşletme Bilgi Yönetimi | 3381 - Muhasebe ve Finansman | 5123 - Muhasebe ve Finansal Yönetim / Muhasebe ve Finans Yönetimi | 5143 - Yönetim Bilimleri / Yönetim Bilimleri Programları | 8207 - İş İdaresi | 8208 - İş İdaresi ve İktisat | 8296 - Yönetim ve Organizasyon | 8334 - Pazarlama | 9552 - İşletme-Maliye | 9584 - Yönetim Bilimleri ve Liderlik | 4459 - Aşağıdaki lisans programlarından birinden mezun olmak. | 3254 - Maliye | 4322 - Muhasebe ve Maliye | 8225 - Maliye-Muhasebe | 4503 - Aşağıdaki lisans programlarından birinden mezun olmak. | 3237 - Kamu Yönetimi | 3313 - Siyaset Bilimi | 3314 - Siyaset Bilimi ve Kamu Yönetimi | 6225 - M.E.B.'Dan Onaylı Bilgisayar İşletmeni Sertifikası Sahibi olmak.;74759aa0-82ce-ef11-b177-a0369f7d1d8e
2025;3;303010297;Çevre, Şehircilik ve İklim Değişikliği Bakanlığı;Büro Personeli;Aydın;Lisans;1;9;;;"4421;3159;3213;4386;5106;8208;9113;9221;4431;3226;3227;3381;5123;5143;8207;8208;8296;8334;9552;9584;4459;3254;4322;8225;4503;3237;3313;3314;6225";4421 - Aşağıdaki lisans programlarından birinden mezun olmak. | 3159 - Ekonomi | 3213 - İktisat | 4386 - Uluslararası Ekonomi | 5106 - Ekonomi-Yönetim Bilimleri Programları | 8208 - İş İdaresi ve İktisat | 9113 - Ekonomi Politik ve Toplum Felsefesi | 9221 - Ekonomi ve İdari Bilimler / Ekonomi ve İdari Bilimler Programları | 4431 - Aşağıdaki lisans programlarından birinden mezun olmak. | 3226 - İşletme / İşletmecilik | 3227 - İşletme Bilgi Yönetimi | 3381 - Muhasebe ve Finansman | 5123 - Muhasebe ve Finansal Yönetim / Muhasebe ve Finans Yönetimi | 5143 - Yönetim Bilimleri / Yönetim Bilimleri Programları | 8207 - İş İdaresi | 8208 - İş İdaresi ve İktisat | 8296 - Yönetim ve Organizasyon | 8334 - Pazarlama | 9552 - İşletme-Maliye | 9584 - Yönetim Bilimleri ve Liderlik | 4459 - Aşağıdaki lisans programlarından birinden mezun olmak. | 3254 - Maliye | 4322 - Muhasebe ve Maliye | 8225 - Maliye-Muhasebe | 4503 - Aşağıdaki lisans programlarından birinden mezun olmak. | 3237 - Kamu Yönetimi | 3313 - Siyaset Bilimi | 3314 - Siyaset Bilimi ve Kamu Yönetimi | 6225 - M.E.B.'Dan Onaylı Bilgisayar İşletmeni Sertifikası Sahibi olmak.;75759aa0-82ce-ef11-b177-a0369f7d1d8e
2025;3;303010304;Çevre, Şehircilik ve İklim Değişikliği Bakanlığı;Büro Personeli;Aydın;Lisans;1;9;;;"4421;3159;3213;4386;5106;8208;9113;9221;4431;3226;3227;3381;5123;5143;8207;8208;8296;8334;9552;9584;4459;3254;4322;8225;4503;3237;3313;3314;6225";4421 - Aşağıdaki lisans programlarından birinden mezun olmak. | 3159 - Ekonomi | 3213 - İktisat | 4386 - Uluslararası Ekonomi | 5106 - Ekonomi-Yönetim Bilimleri Programları | 8208 - İş İdaresi ve İktisat | 9113 - Ekonomi Politik ve Toplum Felsefesi | 9221 - Ekonomi ve İdari Bilimler / Ekonomi ve İdari Bilimler Programları | 4431 - Aşağıdaki lisans programlarından birinden mezun olmak. | 3226 - İşletme / İşletmecilik | 3227 - İşletme Bilgi Yönetimi | 3381 - Muhasebe ve Finansman | 5123 - Muhasebe ve Finansal Yönetim / Muhasebe ve Finans Yönetimi | 5143 - Yönetim Bilimleri / Yönetim Bilimleri Programları | 8207 - İş İdaresi | 8208 - İş İdaresi ve İktisat | 8296 - Yönetim ve Organizasyon | 8334 - Pazarlama | 9552 - İşletme-Maliye | 9584 - Yönetim Bilimleri ve Liderlik | 4459 - Aşağıdaki lisans programlarından birinden mezun olmak. | 3254 - Maliye | 4322 - Muhasebe ve Maliye | 8225 - Maliye-Muhasebe | 4503 - Aşağıdaki lisans programlarından birinden mezun olmak. | 3237 - Kamu Yönetimi | 3313 - Siyaset Bilimi | 3314 - Siyaset Bilimi ve Kamu Yönetimi | 6225 - M.E.B.'Dan Onaylı Bilgisayar İşletmeni Sertifikası Sahibi olmak.;76759aa0-82ce-ef11-b177-a0369f7d1d8e
2025;3;303010311;Çevre, Şehircilik ve İklim Değişikliği Bakanlığı;Büro Personeli;Aydın;Lisans;1;11;;;"4421;3159;3213;4386;5106;8208;9113;9221;4431;3226;3227;3381;5123;5143;8207;8208;8296;8334;9552;9584;4459;3254;4322;8225;4503;3237;3313;3314;6225";4421 - Aşağıdaki lisans programlarından birinden mezun olmak. | 3159 - Ekonomi | 3213 - İktisat | 4386 - Uluslararası Ekonomi | 5106 - Ekonomi-Yönetim Bilimleri Programları | 8208 - İş İdaresi ve İktisat | 9113 - Ekonomi Politik ve Toplum Felsefesi | 9221 - Ekonomi ve İdari Bilimler / Ekonomi ve İdari Bilimler Programları | 4431 - Aşağıdaki lisans programlarından birinden mezun olmak. | 3226 - İşletme / İşletmecilik | 3227 - İşletme Bilgi Yönetimi | 3381 - Muhasebe ve Finansman | 5123 - Muhasebe ve Finansal Yönetim / Muhasebe ve Finans Yönetimi | 5143 - Yönetim Bilimleri / Yönetim Bilimleri Programları | 8207 - İş İdaresi | 8208 - İş İdaresi ve İktisat | 8296 - Yönetim ve Organizasyon | 8334 - Pazarlama | 9552 - İşletme-Maliye | 9584 - Yönetim Bilimleri ve Liderlik | 4459 - Aşağıdaki lisans programlarından birinden mezun olmak. | 3254 - Maliye | 4322 - Muhasebe ve Maliye | 8225 - Maliye-Muhasebe | 4503 - Aşağıdaki lisans programlarından birinden mezun olmak. | 3237 - Kamu Yönetimi | 3313 - Siyaset Bilimi | 3314 - Siyaset Bilimi ve Kamu Yönetimi | 6225 - M.E.B.'Dan Onaylı Bilgisayar İşletmeni Sertifikası Sahibi olmak.;77759aa0-82ce-ef11-b177-a0369f7d1d8e
2025;3;303010318;Çevre, Şehircilik ve İklim Değişikliği Bakanlığı;Büro Personeli;Aydın;Lisans;1;9;;;"4421;3159;3213;4386;5106;8208;9113;9221;4431;3226;3227;3381;5123;5143;8207;8208;8296;8334;9552;9584;4459;3254;4322;8225;4503;3237;3313;3314;6225";4421 - Aşağıdaki lisans programlarından birinden mezun olmak. | 3159 - Ekonomi | 3213 - İktisat | 4386 - Uluslararası Ekonomi | 5106 - Ekonomi-Yönetim Bilimleri Programları | 8208 - İş İdaresi ve İktisat | 9113 - Ekonomi Politik ve Toplum Felsefesi | 9221 - Ekonomi ve İdari Bilimler / Ekonomi ve İdari Bilimler Programları | 4431 - Aşağıdaki lisans programlarından birinden mezun olmak. | 3226 - İşletme / İşletmecilik | 3227 - İşletme Bilgi Yönetimi | 3381 - Muhasebe ve Finansman | 5123 - Muhasebe ve Finansal Yönetim / Muhasebe ve Finans Yönetimi | 5143 - Yönetim Bilimleri / Yönetim Bilimleri Programları | 8207 - İş İdaresi | 8208 - İş İdaresi ve İktisat | 8296 - Yönetim ve Organizasyon | 8334 - Pazarlama | 9552 - İşletme-Maliye | 9584 - Yönetim Bilimleri ve Liderlik | 4459 - Aşağıdaki lisans programlarından birinden mezun olmak. | 3254 - Maliye | 4322 - Muhasebe ve Maliye | 8225 - Maliye-Muhasebe | 4503 - Aşağıdaki lisans programlarından birinden mezun olmak. | 3237 - Kamu Yönetimi | 3313 - Siyaset Bilimi | 3314 - Siyaset Bilimi ve Kamu Yönetimi | 6225 - M.E.B.'Dan Onaylı Bilgisayar İşletmeni Sertifikası Sahibi olmak.;78759aa0-82ce-ef11-b177-a0369f7d1d8e
2025;3;303010325;Çevre, Şehircilik ve İklim Değişikliği Bakanlığı;Büro Personeli;Aydın;Lisans;2;19;;;"4421;3159;3213;4386;5106;8208;9113;9221;4431;3226;3227;3381;5123;5143;8207;8208;8296;8334;9552;9584;4459;3254;4322;8225;4503;3237;3313;3314;6225";4421 - Aşağıdaki lisans programlarından birinden mezun olmak. | 3159 - Ekonomi | 3213 - İktisat | 4386 - Uluslararası Ekonomi | 5106 - Ekonomi-Yönetim Bilimleri Programları | 8208 - İş İdaresi ve İktisat | 9113 - Ekonomi Politik ve Toplum Felsefesi | 9221 - Ekonomi ve İdari Bilimler / Ekonomi ve İdari Bilimler Programları | 4431 - Aşağıdaki lisans programlarından birinden mezun olmak. | 3226 - İşletme / İşletmecilik | 3227 - İşletme Bilgi Yönetimi | 3381 - Muhasebe ve Finansman | 5123 - Muhasebe ve Finansal Yönetim / Muhasebe ve Finans Yönetimi | 5143 - Yönetim Bilimleri / Yönetim Bilimleri Programları | 8207 - İş İdaresi | 8208 - İş İdaresi ve İktisat | 8296 - Yönetim ve Organizasyon | 8334 - Pazarlama | 9552 - İşletme-Maliye | 9584 - Yönetim Bilimleri ve Liderlik | 4459 - Aşağıdaki lisans programlarından birinden mezun olmak. | 3254 - Maliye | 4322 - Muhasebe ve Maliye | 8225 - Maliye-Muhasebe | 4503 - Aşağıdaki lisans programlarından birinden mezun olmak. | 3237 - Kamu Yönetimi | 3313 - Siyaset Bilimi | 3314 - Siyaset Bilimi ve Kamu Yönetimi | 6225 - M.E.B.'Dan Onaylı Bilgisayar İşletmeni Sertifikası Sahibi olmak.;79759aa0-82ce-ef11-b177-a0369f7d1d8e
2025;3;303010332;Çevre, Şehircilik ve İklim Değişikliği Bakanlığı;Büro Personeli;Aydın;Lisans;1;10;;;"4421;3159;3213;4386;5106;8208;9113;9221;4431;3226;3227;3381;5123;5143;8207;8208;8296;8334;9552;9584;4459;3254;4322;8225;4503;3237;3313;3314;6225";4421 - Aşağıdaki lisans programlarından birinden mezun olmak. | 3159 - Ekonomi | 3213 - İktisat | 4386 - Uluslararası Ekonomi | 5106 - Ekonomi-Yönetim Bilimleri Programları | 8208 - İş İdaresi ve İktisat | 9113 - Ekonomi Politik ve Toplum Felsefesi | 9221 - Ekonomi ve İdari Bilimler / Ekonomi ve İdari Bilimler Programları | 4431 - Aşağıdaki lisans programlarından birinden mezun olmak. | 3226 - İşletme / İşletmecilik | 3227 - İşletme Bilgi Yönetimi | 3381 - Muhasebe ve Finansman | 5123 - Muhasebe ve Finansal Yönetim / Muhasebe ve Finans Yönetimi | 5143 - Yönetim Bilimleri / Yönetim Bilimleri Programları | 8207 - İş İdaresi | 8208 - İş İdaresi ve İktisat | 8296 - Yönetim ve Organizasyon | 8334 - Pazarlama | 9552 - İşletme-Maliye | 9584 - Yönetim Bilimleri ve Liderlik | 4459 - Aşağıdaki lisans programlarından birinden mezun olmak. | 3254 - Maliye | 4322 - Muhasebe ve Maliye | 8225 - Maliye-Muhasebe | 4503 - Aşağıdaki lisans programlarından birinden mezun olmak. | 3237 - Kamu Yönetimi | 3313 - Siyaset Bilimi | 3314 - Siyaset Bilimi ve Kamu Yönetimi | 6225 - M.E.B.'Dan Onaylı Bilgisayar İşletmeni Sertifikası Sahibi olmak.;7a759aa0-82ce-ef11-b177-a0369f7d1d8e
2025;3;303010339;Çevre, Şehircilik ve İklim Değişikliği Bakanlığı;Büro Personeli;Balıkesir;Lisans;2;11;;;"4421;3159;3213;4386;5106;8208;9113;9221;4431;3226;3227;3381;5123;5143;8207;8208;8296;8334;9552;9584;4459;3254;4322;8225;4503;3237;3313;3314;6225";4421 - Aşağıdaki lisans programlarından birinden mezun olmak. | 3159 - Ekonomi | 3213 - İktisat | 4386 - Uluslararası Ekonomi | 5106 - Ekonomi-Yönetim Bilimleri Programları | 8208 - İş İdaresi ve İktisat | 9113 - Ekonomi Politik ve Toplum Felsefesi | 9221 - Ekonomi ve İdari Bilimler / Ekonomi ve İdari Bilimler Programları | 4431 - Aşağıdaki lisans programlarından birinden mezun olmak. | 3226 - İşletme / İşletmecilik | 3227 - İşletme Bilgi Yönetimi | 3381 - Muhasebe ve Finansman | 5123 - Muhasebe ve Finansal Yönetim / Muhasebe ve Finans Yönetimi | 5143 - Yönetim Bilimleri / Yönetim Bilimleri Programları | 8207 - İş İdaresi | 8208 - İş İdaresi ve İktisat | 8296 - Yönetim ve Organizasyon | 8334 - Pazarlama | 9552 - İşletme-Maliye | 9584 - Yönetim Bilimleri ve Liderlik | 4459 - Aşağıdaki lisans programlarından birinden mezun olmak. | 3254 - Maliye | 4322 - Muhasebe ve Maliye | 8225 - Maliye-Muhasebe | 4503 - Aşağıdaki lisans programlarından birinden mezun olmak. | 3237 - Kamu Yönetimi | 3313 - Siyaset Bilimi | 3314 - Siyaset Bilimi ve Kamu Yönetimi | 6225 - M.E.B.'Dan Onaylı Bilgisayar İşletmeni Sertifikası Sahibi olmak.;7b759aa0-82ce-ef11-b177-a0369f7d1d8e
2025;3;303010346;Çevre, Şehircilik ve İklim Değişikliği Bakanlığı;Büro Personeli;Balıkesir;Lisans;1;10;;;"4421;3159;3213;4386;5106;8208;9113;9221;4431;3226;3227;3381;5123;5143;8207;8208;8296;8334;9552;9584;4459;3254;4322;8225;4503;3237;3313;3314;6225";4421 - Aşağıdaki lisans programlarından birinden mezun olmak. | 3159 - Ekonomi | 3213 - İktisat | 4386 - Uluslararası Ekonomi | 5106 - Ekonomi-Yönetim Bilimleri Programları | 8208 - İş İdaresi ve İktisat | 9113 - Ekonomi Politik ve Toplum Felsefesi | 9221 - Ekonomi ve İdari Bilimler / Ekonomi ve İdari Bilimler Programları | 4431 - Aşağıdaki lisans programlarından birinden mezun olmak. | 3226 - İşletme / İşletmecilik | 3227 - İşletme Bilgi Yönetimi | 3381 - Muhasebe ve Finansman | 5123 - Muhasebe ve Finansal Yönetim / Muhasebe ve Finans Yönetimi | 5143 - Yönetim Bilimleri / Yönetim Bilimleri Programları | 8207 - İş İdaresi | 8208 - İş İdaresi ve İktisat | 8296 - Yönetim ve Organizasyon | 8334 - Pazarlama | 9552 - İşletme-Maliye | 9584 - Yönetim Bilimleri ve Liderlik | 4459 - Aşağıdaki lisans programlarından birinden mezun olmak. | 3254 - Maliye | 4322 - Muhasebe ve Maliye | 8225 - Maliye-Muhasebe | 4503 - Aşağıdaki lisans programlarından birinden mezun olmak. | 3237 - Kamu Yönetimi | 3313 - Siyaset Bilimi | 3314 - Siyaset Bilimi ve Kamu Yönetimi | 6225 - M.E.B.'Dan Onaylı Bilgisayar İşletmeni Sertifikası Sahibi olmak.;7c759aa0-82ce-ef11-b177-a0369f7d1d8e
2025;3;303010353;Çevre, Şehircilik ve İklim Değişikliği Bakanlığı;Büro Personeli;Balıkesir;Lisans;1;8;;;"4421;3159;3213;4386;5106;8208;9113;9221;4431;3226;3227;3381;5123;5143;8207;8208;8296;8334;9552;9584;4459;3254;4322;8225;4503;3237;3313;3314;6225";4421 - Aşağıdaki lisans programlarından birinden mezun olmak. | 3159 - Ekonomi | 3213 - İktisat | 4386 - Uluslararası Ekonomi | 5106 - Ekonomi-Yönetim Bilimleri Programları | 8208 - İş İdaresi ve İktisat | 9113 - Ekonomi Politik ve Toplum Felsefesi | 9221 - Ekonomi ve İdari Bilimler / Ekonomi ve İdari Bilimler Programları | 4431 - Aşağıdaki lisans programlarından birinden mezun olmak. | 3226 - İşletme / İşletmecilik | 3227 - İşletme Bilgi Yönetimi | 3381 - Muhasebe ve Finansman | 5123 - Muhasebe ve Finansal Yönetim / Muhasebe ve Finans Yönetimi | 5143 - Yönetim Bilimleri / Yönetim Bilimleri Programları | 8207 - İş İdaresi | 8208 - İş İdaresi ve İktisat | 8296 - Yönetim ve Organizasyon | 8334 - Pazarlama | 9552 - İşletme-Maliye | 9584 - Yönetim Bilimleri ve Liderlik | 4459 - Aşağıdaki lisans programlarından birinden mezun olmak. | 3254 - Maliye | 4322 - Muhasebe ve Maliye | 8225 - Maliye-Muhasebe | 4503 - Aşağıdaki lisans programlarından birinden mezun olmak. | 3237 - Kamu Yönetimi | 3313 - Siyaset Bilimi | 3314 - Siyaset Bilimi ve Kamu Yönetimi | 6225 - M.E.B.'Dan Onaylı Bilgisayar İşletmeni Sertifikası Sahibi olmak.;7d759aa0-82ce-ef11-b177-a0369f7d1d8e
2025;3;303010360;Çevre, Şehircilik ve İklim Değişikliği Bakanlığı;Büro Personeli;Balıkesir;Lisans;1;10;;;"4421;3159;3213;4386;5106;8208;9113;9221;4431;3226;3227;3381;5123;5143;8207;8208;8296;8334;9552;9584;4459;3254;4322;8225;4503;3237;3313;3314;6225";4421 - Aşağıdaki lisans programlarından birinden mezun olmak. | 3159 - Ekonomi | 3213 - İktisat | 4386 - Uluslararası Ekonomi | 5106 - Ekonomi-Yönetim Bilimleri Programları | 8208 - İş İdaresi ve İktisat | 9113 - Ekonomi Politik ve Toplum Felsefesi | 9221 - Ekonomi ve İdari Bilimler / Ekonomi ve İdari Bilimler Programları | 4431 - Aşağıdaki lisans programlarından birinden mezun olmak. | 3226 - İşletme / İşletmecilik | 3227 - İşletme Bilgi Yönetimi | 3381 - Muhasebe ve Finansman | 5123 - Muhasebe ve Finansal Yönetim / Muhasebe ve Finans Yönetimi | 5143 - Yönetim Bilimleri / Yönetim Bilimleri Programları | 8207 - İş İdaresi | 8208 - İş İdaresi ve İktisat | 8296 - Yönetim ve Organizasyon | 8334 - Pazarlama | 9552 - İşletme-Maliye | 9584 - Yönetim Bilimleri ve Liderlik | 4459 - Aşağıdaki lisans programlarından birinden mezun olmak. | 3254 - Maliye | 4322 - Muhasebe ve Maliye | 8225 - Maliye-Muhasebe | 4503 - Aşağıdaki lisans programlarından birinden mezun olmak. | 3237 - Kamu Yönetimi | 3313 - Siyaset Bilimi | 3314 - Siyaset Bilimi ve Kamu Yönetimi | 6225 - M.E.B.'Dan Onaylı Bilgisayar İşletmeni Sertifikası Sahibi olmak.;7e759aa0-82ce-ef11-b177-a0369f7d1d8e
2025;3;303010367;Çevre, Şehircilik ve İklim Değişikliği Bakanlığı;Büro Personeli;Balıkesir;Lisans;3;17;;;"4421;3159;3213;4386;5106;8208;9113;9221;4431;3226;3227;3381;5123;5143;8207;8208;8296;8334;9552;9584;4459;3254;4322;8225;4503;3237;3313;3314;6225";4421 - Aşağıdaki lisans programlarından birinden mezun olmak. | 3159 - Ekonomi | 3213 - İktisat | 4386 - Uluslararası Ekonomi | 5106 - Ekonomi-Yönetim Bilimleri Programları | 8208 - İş İdaresi ve İktisat | 9113 - Ekonomi Politik ve Toplum Felsefesi | 9221 - Ekonomi ve İdari Bilimler / Ekonomi ve İdari Bilimler Programları | 4431 - Aşağıdaki lisans programlarından birinden mezun olmak. | 3226 - İşletme / İşletmecilik | 3227 - İşletme Bilgi Yönetimi | 3381 - Muhasebe ve Finansman | 5123 - Muhasebe ve Finansal Yönetim / Muhasebe ve Finans Yönetimi | 5143 - Yönetim Bilimleri / Yönetim Bilimleri Programları | 8207 - İş İdaresi | 8208 - İş İdaresi ve İktisat | 8296 - Yönetim ve Organizasyon | 8334 - Pazarlama | 9552 - İşletme-Maliye | 9584 - Yönetim Bilimleri ve Liderlik | 4459 - Aşağıdaki lisans programlarından birinden mezun olmak. | 3254 - Maliye | 4322 - Muhasebe ve Maliye | 8225 - Maliye-Muhasebe | 4503 - Aşağıdaki lisans programlarından birinden mezun olmak. | 3237 - Kamu Yönetimi | 3313 - Siyaset Bilimi | 3314 - Siyaset Bilimi ve Kamu Yönetimi | 6225 - M.E.B.'Dan Onaylı Bilgisayar İşletmeni Sertifikası Sahibi olmak.;7f759aa0-82ce-ef11-b177-a0369f7d1d8e
2025;3;303010374;Çevre, Şehircilik ve İklim Değişikliği Bakanlığı;Büro Personeli;Balıkesir;Lisans;1;8;;;"4421;3159;3213;4386;5106;8208;9113;9221;4431;3226;3227;3381;5123;5143;8207;8208;8296;8334;9552;9584;4459;3254;4322;8225;4503;3237;3313;3314;6225";4421 - Aşağıdaki lisans programlarından birinden mezun olmak. | 3159 - Ekonomi | 3213 - İktisat | 4386 - Uluslararası Ekonomi | 5106 - Ekonomi-Yönetim Bilimleri Programları | 8208 - İş İdaresi ve İktisat | 9113 - Ekonomi Politik ve Toplum Felsefesi | 9221 - Ekonomi ve İdari Bilimler / Ekonomi ve İdari Bilimler Programları | 4431 - Aşağıdaki lisans programlarından birinden mezun olmak. | 3226 - İşletme / İşletmecilik | 3227 - İşletme Bilgi Yönetimi | 3381 - Muhasebe ve Finansman | 5123 - Muhasebe ve Finansal Yönetim / Muhasebe ve Finans Yönetimi | 5143 - Yönetim Bilimleri / Yönetim Bilimleri Programları | 8207 - İş İdaresi | 8208 - İş İdaresi ve İktisat | 8296 - Yönetim ve Organizasyon | 8334 - Pazarlama | 9552 - İşletme-Maliye | 9584 - Yönetim Bilimleri ve Liderlik | 4459 - Aşağıdaki lisans programlarından birinden mezun olmak. | 3254 - Maliye | 4322 - Muhasebe ve Maliye | 8225 - Maliye-Muhasebe | 4503 - Aşağıdaki lisans programlarından birinden mezun olmak. | 3237 - Kamu Yönetimi | 3313 - Siyaset Bilimi | 3314 - Siyaset Bilimi ve Kamu Yönetimi | 6225 - M.E.B.'Dan Onaylı Bilgisayar İşletmeni Sertifikası Sahibi olmak.;80759aa0-82ce-ef11-b177-a0369f7d1d8e
2025;3;303010381;Çevre, Şehircilik ve İklim Değişikliği Bakanlığı;Büro Personeli;Balıkesir;Lisans;1;7;;;"4421;3159;3213;4386;5106;8208;9113;9221;4431;3226;3227;3381;5123;5143;8207;8208;8296;8334;9552;9584;4459;3254;4322;8225;4503;3237;3313;3314;6225";4421 - Aşağıdaki lisans programlarından birinden mezun olmak. | 3159 - Ekonomi | 3213 - İktisat | 4386 - Uluslararası Ekonomi | 5106 - Ekonomi-Yönetim Bilimleri Programları | 8208 - İş İdaresi ve İktisat | 9113 - Ekonomi Politik ve Toplum Felsefesi | 9221 - Ekonomi ve İdari Bilimler / Ekonomi ve İdari Bilimler Programları | 4431 - Aşağıdaki lisans programlarından birinden mezun olmak. | 3226 - İşletme / İşletmecilik | 3227 - İşletme Bilgi Yönetimi | 3381 - Muhasebe ve Finansman | 5123 - Muhasebe ve Finansal Yönetim / Muhasebe ve Finans Yönetimi | 5143 - Yönetim Bilimleri / Yönetim Bilimleri Programları | 8207 - İş İdaresi | 8208 - İş İdaresi ve İktisat | 8296 - Yönetim ve Organizasyon | 8334 - Pazarlama | 9552 - İşletme-Maliye | 9584 - Yönetim Bilimleri ve Liderlik | 4459 - Aşağıdaki lisans programlarından birinden mezun olmak. | 3254 - Maliye | 4322 - Muhasebe ve Maliye | 8225 - Maliye-Muhasebe | 4503 - Aşağıdaki lisans programlarından birinden mezun olmak. | 3237 - Kamu Yönetimi | 3313 - Siyaset Bilimi | 3314 - Siyaset Bilimi ve Kamu Yönetimi | 6225 - M.E.B.'Dan Onaylı Bilgisayar İşletmeni Sertifikası Sahibi olmak.;81759aa0-82ce-ef11-b177-a0369f7d1d8e
2025;3;303010416;Çevre, Şehircilik ve İklim Değişikliği Bakanlığı;Büro Personeli;Bilecik;Lisans;2;14;;;"4421;3159;3213;4386;5106;8208;9113;9221;4431;3226;3227;3381;5123;5143;8207;8208;8296;8334;9552;9584;4459;3254;4322;8225;4503;3237;3313;3314;6225";4421 - Aşağıdaki lisans programlarından birinden mezun olmak. | 3159 - Ekonomi | 3213 - İktisat | 4386 - Uluslararası Ekonomi | 5106 - Ekonomi-Yönetim Bilimleri Programları | 8208 - İş İdaresi ve İktisat | 9113 - Ekonomi Politik ve Toplum Felsefesi | 9221 - Ekonomi ve İdari Bilimler / Ekonomi ve İdari Bilimler Programları | 4431 - Aşağıdaki lisans programlarından birinden mezun olmak. | 3226 - İşletme / İşletmecilik | 3227 - İşletme Bilgi Yönetimi | 3381 - Muhasebe ve Finansman | 5123 - Muhasebe ve Finansal Yönetim / Muhasebe ve Finans Yönetimi | 5143 - Yönetim Bilimleri / Yönetim Bilimleri Programları | 8207 - İş İdaresi | 8208 - İş İdaresi ve İktisat | 8296 - Yönetim ve Organizasyon | 8334 - Pazarlama | 9552 - İşletme-Maliye | 9584 - Yönetim Bilimleri ve Liderlik | 4459 - Aşağıdaki lisans programlarından birinden mezun olmak. | 3254 - Maliye | 4322 - Muhasebe ve Maliye | 8225 - Maliye-Muhasebe | 4503 - Aşağıdaki lisans programlarından birinden mezun olmak. | 3237 - Kamu Yönetimi | 3313 - Siyaset Bilimi | 3314 - Siyaset Bilimi ve Kamu Yönetimi | 6225 - M.E.B.'Dan Onaylı Bilgisayar İşletmeni Sertifikası Sahibi olmak.;83759aa0-82ce-ef11-b177-a0369f7d1d8e
2025;3;303010423;Çevre, Şehircilik ve İklim Değişikliği Bakanlığı;Büro Personeli;Bingöl;Lisans;1;8;;;"4421;3159;3213;4386;5106;8208;9113;9221;4431;3226;3227;3381;5123;5143;8207;8208;8296;8334;9552;9584;4459;3254;4322;8225;4503;3237;3313;3314;6225";4421 - Aşağıdaki lisans programlarından birinden mezun olmak. | 3159 - Ekonomi | 3213 - İktisat | 4386 - Uluslararası Ekonomi | 5106 - Ekonomi-Yönetim Bilimleri Programları | 8208 - İş İdaresi ve İktisat | 9113 - Ekonomi Politik ve Toplum Felsefesi | 9221 - Ekonomi ve İdari Bilimler / Ekonomi ve İdari Bilimler Programları | 4431 - Aşağıdaki lisans programlarından birinden mezun olmak. | 3226 - İşletme / İşletmecilik | 3227 - İşletme Bilgi Yönetimi | 3381 - Muhasebe ve Finansman | 5123 - Muhasebe ve Finansal Yönetim / Muhasebe ve Finans Yönetimi | 5143 - Yönetim Bilimleri / Yönetim Bilimleri Programları | 8207 - İş İdaresi | 8208 - İş İdaresi ve İktisat | 8296 - Yönetim ve Organizasyon | 8334 - Pazarlama | 9552 - İşletme-Maliye | 9584 - Yönetim Bilimleri ve Liderlik | 4459 - Aşağıdaki lisans programlarından birinden mezun olmak. | 3254 - Maliye | 4322 - Muhasebe ve Maliye | 8225 - Maliye-Muhasebe | 4503 - Aşağıdaki lisans programlarından birinden mezun olmak. | 3237 - Kamu Yönetimi | 3313 - Siyaset Bilimi | 3314 - Siyaset Bilimi ve Kamu Yönetimi | 6225 - M.E.B.'Dan Onaylı Bilgisayar İşletmeni Sertifikası Sahibi olmak.;84759aa0-82ce-ef11-b177-a0369f7d1d8e
2025;3;303010430;Çevre, Şehircilik ve İklim Değişikliği Bakanlığı;Büro Personeli;Bitlis;Lisans;2;9;;;"4421;3159;3213;4386;5106;8208;9113;9221;4431;3226;3227;3381;5123;5143;8207;8208;8296;8334;9552;9584;4459;3254;4322;8225;4503;3237;3313;3314;6225";4421 - Aşağıdaki lisans programlarından birinden mezun olmak. | 3159 - Ekonomi | 3213 - İktisat | 4386 - Uluslararası Ekonomi | 5106 - Ekonomi-Yönetim Bilimleri Programları | 8208 - İş İdaresi ve İktisat | 9113 - Ekonomi Politik ve Toplum Felsefesi | 9221 - Ekonomi ve İdari Bilimler / Ekonomi ve İdari Bilimler Programları | 4431 - Aşağıdaki lisans programlarından birinden mezun olmak. | 3226 - İşletme / İşletmecilik | 3227 - İşletme Bilgi Yönetimi | 3381 - Muhasebe ve Finansman | 5123 - Muhasebe ve Finansal Yönetim / Muhasebe ve Finans Yönetimi | 5143 - Yönetim Bilimleri / Yönetim Bilimleri Programları | 8207 - İş İdaresi | 8208 - İş İdaresi ve İktisat | 8296 - Yönetim ve Organizasyon | 8334 - Pazarlama | 9552 - İşletme-Maliye | 9584 - Yönetim Bilimleri ve Liderlik | 4459 - Aşağıdaki lisans programlarından birinden mezun olmak. | 3254 - Maliye | 4322 - Muhasebe ve Maliye | 8225 - Maliye-Muhasebe | 4503 - Aşağıdaki lisans programlarından birinden mezun olmak. | 3237 - Kamu Yönetimi | 3313 - Siyaset Bilimi | 3314 - Siyaset Bilimi ve Kamu Yönetimi | 6225 - M.E.B.'Dan Onaylı Bilgisayar İşletmeni Sertifikası Sahibi olmak.;87759aa0-82ce-ef11-b177-a0369f7d1d8e
2025;3;303010437;Çevre, Şehircilik ve İklim Değişikliği Bakanlığı;Büro Personeli;Bolu;Lisans;3;25;;;"4421;3159;3213;4386;5106;8208;9113;9221;4431;3226;3227;3381;5123;5143;8207;8208;8296;8334;9552;9584;4459;3254;4322;8225;4503;3237;3313;3314;6225";4421 - Aşağıdaki lisans programlarından birinden mezun olmak. | 3159 - Ekonomi | 3213 - İktisat | 4386 - Uluslararası Ekonomi | 5106 - Ekonomi-Yönetim Bilimleri Programları | 8208 - İş İdaresi ve İktisat | 9113 - Ekonomi Politik ve Toplum Felsefesi | 9221 - Ekonomi ve İdari Bilimler / Ekonomi ve İdari Bilimler Programları | 4431 - Aşağıdaki lisans programlarından birinden mezun olmak. | 3226 - İşletme / İşletmecilik | 3227 - İşletme Bilgi Yönetimi | 3381 - Muhasebe ve Finansman | 5123 - Muhasebe ve Finansal Yönetim / Muhasebe ve Finans Yönetimi | 5143 - Yönetim Bilimleri / Yönetim Bilimleri Programları | 8207 - İş İdaresi | 8208 - İş İdaresi ve İktisat | 8296 - Yönetim ve Organizasyon | 8334 - Pazarlama | 9552 - İşletme-Maliye | 9584 - Yönetim Bilimleri ve Liderlik | 4459 - Aşağıdaki lisans programlarından birinden mezun olmak. | 3254 - Maliye | 4322 - Muhasebe ve Maliye | 8225 - Maliye-Muhasebe | 4503 - Aşağıdaki lisans programlarından birinden mezun olmak. | 3237 - Kamu Yönetimi | 3313 - Siyaset Bilimi | 3314 - Siyaset Bilimi ve Kamu Yönetimi | 6225 - M.E.B.'Dan Onaylı Bilgisayar İşletmeni Sertifikası Sahibi olmak.;88759aa0-82ce-ef11-b177-a0369f7d1d8e
2025;3;303010444;Çevre, Şehircilik ve İklim Değişikliği Bakanlığı;Büro Personeli;Burdur;Lisans;1;11;;;"4421;3159;3213;4386;5106;8208;9113;9221;4431;3226;3227;3381;5123;5143;8207;8208;8296;8334;9552;9584;4459;3254;4322;8225;4503;3237;3313;3314;6225";4421 - Aşağıdaki lisans programlarından birinden mezun olmak. | 3159 - Ekonomi | 3213 - İktisat | 4386 - Uluslararası Ekonomi | 5106 - Ekonomi-Yönetim Bilimleri Programları | 8208 - İş İdaresi ve İktisat | 9113 - Ekonomi Politik ve Toplum Felsefesi | 9221 - Ekonomi ve İdari Bilimler / Ekonomi ve İdari Bilimler Programları | 4431 - Aşağıdaki lisans programlarından birinden mezun olmak. | 3226 - İşletme / İşletmecilik | 3227 - İşletme Bilgi Yönetimi | 3381 - Muhasebe ve Finansman | 5123 - Muhasebe ve Finansal Yönetim / Muhasebe ve Finans Yönetimi | 5143 - Yönetim Bilimleri / Yönetim Bilimleri Programları | 8207 - İş İdaresi | 8208 - İş İdaresi ve İktisat | 8296 - Yönetim ve Organizasyon | 8334 - Pazarlama | 9552 - İşletme-Maliye | 9584 - Yönetim Bilimleri ve Liderlik | 4459 - Aşağıdaki lisans programlarından birinden mezun olmak. | 3254 - Maliye | 4322 - Muhasebe ve Maliye | 8225 - Maliye-Muhasebe | 4503 - Aşağıdaki lisans programlarından birinden mezun olmak. | 3237 - Kamu Yönetimi | 3313 - Siyaset Bilimi | 3314 - Siyaset Bilimi ve Kamu Yönetimi | 6225 - M.E.B.'Dan Onaylı Bilgisayar İşletmeni Sertifikası Sahibi olmak.;89759aa0-82ce-ef11-b177-a0369f7d1d8e
2025;3;303010451;Çevre, Şehircilik ve İklim Değişikliği Bakanlığı;Büro Personeli;Burdur;Lisans;1;10;;;"4421;3159;3213;4386;5106;8208;9113;9221;4431;3226;3227;3381;5123;5143;8207;8208;8296;8334;9552;9584;4459;3254;4322;8225;4503;3237;3313;3314;6225";4421 - Aşağıdaki lisans programlarından birinden mezun olmak. | 3159 - Ekonomi | 3213 - İktisat | 4386 - Uluslararası Ekonomi | 5106 - Ekonomi-Yönetim Bilimleri Programları | 8208 - İş İdaresi ve İktisat | 9113 - Ekonomi Politik ve Toplum Felsefesi | 9221 - Ekonomi ve İdari Bilimler / Ekonomi ve İdari Bilimler Programları | 4431 - Aşağıdaki lisans programlarından birinden mezun olmak. | 3226 - İşletme / İşletmecilik | 3227 - İşletme Bilgi Yönetimi | 3381 - Muhasebe ve Finansman | 5123 - Muhasebe ve Finansal Yönetim / Muhasebe ve Finans Yönetimi | 5143 - Yönetim Bilimleri / Yönetim Bilimleri Programları | 8207 - İş İdaresi | 8208 - İş İdaresi ve İktisat | 8296 - Yönetim ve Organizasyon | 8334 - Pazarlama | 9552 - İşletme-Maliye | 9584 - Yönetim Bilimleri ve Liderlik | 4459 - Aşağıdaki lisans programlarından birinden mezun olmak. | 3254 - Maliye | 4322 - Muhasebe ve Maliye | 8225 - Maliye-Muhasebe | 4503 - Aşağıdaki lisans programlarından birinden mezun olmak. | 3237 - Kamu Yönetimi | 3313 - Siyaset Bilimi | 3314 - Siyaset Bilimi ve Kamu Yönetimi | 6225 - M.E.B.'Dan Onaylı Bilgisayar İşletmeni Sertifikası Sahibi olmak.;8a759aa0-82ce-ef11-b177-a0369f7d1d8e
2025;3;303010458;Çevre, Şehircilik ve İklim Değişikliği Bakanlığı;Büro Personeli;Burdur;Lisans;1;13;;;"4421;3159;3213;4386;5106;8208;9113;9221;4431;3226;3227;3381;5123;5143;8207;8208;8296;8334;9552;9584;4459;3254;4322;8225;4503;3237;3313;3314;6225";4421 - Aşağıdaki lisans programlarından birinden mezun olmak. | 3159 - Ekonomi | 3213 - İktisat | 4386 - Uluslararası Ekonomi | 5106 - Ekonomi-Yönetim Bilimleri Programları | 8208 - İş İdaresi ve İktisat | 9113 - Ekonomi Politik ve Toplum Felsefesi | 9221 - Ekonomi ve İdari Bilimler / Ekonomi ve İdari Bilimler Programları | 4431 - Aşağıdaki lisans programlarından birinden mezun olmak. | 3226 - İşletme / İşletmecilik | 3227 - İşletme Bilgi Yönetimi | 3381 - Muhasebe ve Finansman | 5123 - Muhasebe ve Finansal Yönetim / Muhasebe ve Finans Yönetimi | 5143 - Yönetim Bilimleri / Yönetim Bilimleri Programları | 8207 - İş İdaresi | 8208 - İş İdaresi ve İktisat | 8296 - Yönetim ve Organizasyon | 8334 - Pazarlama | 9552 - İşletme-Maliye | 9584 - Yönetim Bilimleri ve Liderlik | 4459 - Aşağıdaki lisans programlarından birinden mezun olmak. | 3254 - Maliye | 4322 - Muhasebe ve Maliye | 8225 - Maliye-Muhasebe | 4503 - Aşağıdaki lisans programlarından birinden mezun olmak. | 3237 - Kamu Yönetimi | 3313 - Siyaset Bilimi | 3314 - Siyaset Bilimi ve Kamu Yönetimi | 6225 - M.E.B.'Dan Onaylı Bilgisayar İşletmeni Sertifikası Sahibi olmak.;8b759aa0-82ce-ef11-b177-a0369f7d1d8e
2025;3;303010465;Çevre, Şehircilik ve İklim Değişikliği Bakanlığı;Büro Personeli;Bursa;Lisans;1;11;;;"4421;3159;3213;4386;5106;8208;9113;9221;4431;3226;3227;3381;5123;5143;8207;8208;8296;8334;9552;9584;4459;3254;4322;8225;4503;3237;3313;3314;6225";4421 - Aşağıdaki lisans programlarından birinden mezun olmak. | 3159 - Ekonomi | 3213 - İktisat | 4386 - Uluslararası Ekonomi | 5106 - Ekonomi-Yönetim Bilimleri Programları | 8208 - İş İdaresi ve İktisat | 9113 - Ekonomi Politik ve Toplum Felsefesi | 9221 - Ekonomi ve İdari Bilimler / Ekonomi ve İdari Bilimler Programları | 4431 - Aşağıdaki lisans programlarından birinden mezun olmak. | 3226 - İşletme / İşletmecilik | 3227 - İşletme Bilgi Yönetimi | 3381 - Muhasebe ve Finansman | 5123 - Muhasebe ve Finansal Yönetim / Muhasebe ve Finans Yönetimi | 5143 - Yönetim Bilimleri / Yönetim Bilimleri Programları | 8207 - İş İdaresi | 8208 - İş İdaresi ve İktisat | 8296 - Yönetim ve Organizasyon | 8334 - Pazarlama | 9552 - İşletme-Maliye | 9584 - Yönetim Bilimleri ve Liderlik | 4459 - Aşağıdaki lisans programlarından birinden mezun olmak. | 3254 - Maliye | 4322 - Muhasebe ve Maliye | 8225 - Maliye-Muhasebe | 4503 - Aşağıdaki lisans programlarından birinden mezun olmak. | 3237 - Kamu Yönetimi | 3313 - Siyaset Bilimi | 3314 - Siyaset Bilimi ve Kamu Yönetimi | 6225 - M.E.B.'Dan Onaylı Bilgisayar İşletmeni Sertifikası Sahibi olmak.;8d759aa0-82ce-ef11-b177-a0369f7d1d8e
2025;3;303010472;Çevre, Şehircilik ve İklim Değişikliği Bakanlığı;Büro Personeli;Bursa;Lisans;1;9;;;"4421;3159;3213;4386;5106;8208;9113;9221;4431;3226;3227;3381;5123;5143;8207;8208;8296;8334;9552;9584;4459;3254;4322;8225;4503;3237;3313;3314;6225";4421 - Aşağıdaki lisans programlarından birinden mezun olmak. | 3159 - Ekonomi | 3213 - İktisat | 4386 - Uluslararası Ekonomi | 5106 - Ekonomi-Yönetim Bilimleri Programları | 8208 - İş İdaresi ve İktisat | 9113 - Ekonomi Politik ve Toplum Felsefesi | 9221 - Ekonomi ve İdari Bilimler / Ekonomi ve İdari Bilimler Programları | 4431 - Aşağıdaki lisans programlarından birinden mezun olmak. | 3226 - İşletme / İşletmecilik | 3227 - İşletme Bilgi Yönetimi | 3381 - Muhasebe ve Finansman | 5123 - Muhasebe ve Finansal Yönetim / Muhasebe ve Finans Yönetimi | 5143 - Yönetim Bilimleri / Yönetim Bilimleri Programları | 8207 - İş İdaresi | 8208 - İş İdaresi ve İktisat | 8296 - Yönetim ve Organizasyon | 8334 - Pazarlama | 9552 - İşletme-Maliye | 9584 - Yönetim Bilimleri ve Liderlik | 4459 - Aşağıdaki lisans programlarından birinden mezun olmak. | 3254 - Maliye | 4322 - Muhasebe ve Maliye | 8225 - Maliye-Muhasebe | 4503 - Aşağıdaki lisans programlarından birinden mezun olmak. | 3237 - Kamu Yönetimi | 3313 - Siyaset Bilimi | 3314 - Siyaset Bilimi ve Kamu Yönetimi | 6225 - M.E.B.'Dan Onaylı Bilgisayar İşletmeni Sertifikası Sahibi olmak.;8e759aa0-82ce-ef11-b177-a0369f7d1d8e
2025;3;303010479;Çevre, Şehircilik ve İklim Değişikliği Bakanlığı;Büro Personeli;Bursa;Lisans;1;11;;;"4421;3159;3213;4386;5106;8208;9113;9221;4431;3226;3227;3381;5123;5143;8207;8208;8296;8334;9552;9584;4459;3254;4322;8225;4503;3237;3313;3314;6225";4421 - Aşağıdaki lisans programlarından birinden mezun olmak. | 3159 - Ekonomi | 3213 - İktisat | 4386 - Uluslararası Ekonomi | 5106 - Ekonomi-Yönetim Bilimleri Programları | 8208 - İş İdaresi ve İktisat | 9113 - Ekonomi Politik ve Toplum Felsefesi | 9221 - Ekonomi ve İdari Bilimler / Ekonomi ve İdari Bilimler Programları | 4431 - Aşağıdaki lisans programlarından birinden mezun olmak. | 3226 - İşletme / İşletmecilik | 3227 - İşletme Bilgi Yönetimi | 3381 - Muhasebe ve Finansman | 5123 - Muhasebe ve Finansal Yönetim / Muhasebe ve Finans Yönetimi | 5143 - Yönetim Bilimleri / Yönetim Bilimleri Programları | 8207 - İş İdaresi | 8208 - İş İdaresi ve İktisat | 8296 - Yönetim ve Organizasyon | 8334 - Pazarlama | 9552 - İşletme-Maliye | 9584 - Yönetim Bilimleri ve Liderlik | 4459 - Aşağıdaki lisans programlarından birinden mezun olmak. | 3254 - Maliye | 4322 - Muhasebe ve Maliye | 8225 - Maliye-Muhasebe | 4503 - Aşağıdaki lisans programlarından birinden mezun olmak. | 3237 - Kamu Yönetimi | 3313 - Siyaset Bilimi | 3314 - Siyaset Bilimi ve Kamu Yönetimi | 6225 - M.E.B.'Dan Onaylı Bilgisayar İşletmeni Sertifikası Sahibi olmak.;8f759aa0-82ce-ef11-b177-a0369f7d1d8e
2025;3;303010486;Çevre, Şehircilik ve İklim Değişikliği Bakanlığı;Büro Personeli;Bursa;Lisans;1;13;;;"4421;3159;3213;4386;5106;8208;9113;9221;4431;3226;3227;3381;5123;5143;8207;8208;8296;8334;9552;9584;4459;3254;4322;8225;4503;3237;3313;3314;6225";4421 - Aşağıdaki lisans programlarından birinden mezun olmak. | 3159 - Ekonomi | 3213 - İktisat | 4386 - Uluslararası Ekonomi | 5106 - Ekonomi-Yönetim Bilimleri Programları | 8208 - İş İdaresi ve İktisat | 9113 - Ekonomi Politik ve Toplum Felsefesi | 9221 - Ekonomi ve İdari Bilimler / Ekonomi ve İdari Bilimler Programları | 4431 - Aşağıdaki lisans programlarından birinden mezun olmak. | 3226 - İşletme / İşletmecilik | 3227 - İşletme Bilgi Yönetimi | 3381 - Muhasebe ve Finansman | 5123 - Muhasebe ve Finansal Yönetim / Muhasebe ve Finans Yönetimi | 5143 - Yönetim Bilimleri / Yönetim Bilimleri Programları | 8207 - İş İdaresi | 8208 - İş İdaresi ve İktisat | 8296 - Yönetim ve Organizasyon | 8334 - Pazarlama | 9552 - İşletme-Maliye | 9584 - Yönetim Bilimleri ve Liderlik | 4459 - Aşağıdaki lisans programlarından birinden mezun olmak. | 3254 - Maliye | 4322 - Muhasebe ve Maliye | 8225 - Maliye-Muhasebe | 4503 - Aşağıdaki lisans programlarından birinden mezun olmak. | 3237 - Kamu Yönetimi | 3313 - Siyaset Bilimi | 3314 - Siyaset Bilimi ve Kamu Yönetimi | 6225 - M.E.B.'Dan Onaylı Bilgisayar İşletmeni Sertifikası Sahibi olmak.;90759aa0-82ce-ef11-b177-a0369f7d1d8e
2025;3;303011396;Çevre, Şehircilik ve İklim Değişikliği Bakanlığı;Mimar;Bursa;Lisans;1;0;;;"4747;3263";4747 - Aşağıdaki lisans programlarından birinden mezun olmak. | 3263 - Mimarlık;91759aa0-82ce-ef11-b177-a0369f7d1d8e
2025;3;303011676;Çevre, Şehircilik ve İklim Değişikliği Bakanlığı;Mühendis;Bursa;Lisans;1;0;;;"4685;3206;4334;6235";4685 - Aşağıdaki lisans programlarından birinden mezun olmak. | 3206 - Hidrojeoloji Mühendisliği | 4334 - Petrol ve Doğalgaz Jeolojisi | 6235 - Jeoloji Mühendisliği;92759aa0-82ce-ef11-b177-a0369f7d1d8e
2025;3;303010493;Çevre, Şehircilik ve İklim Değişikliği Bakanlığı;Büro Personeli;Çanakkale;Lisans;1;8;;;"4421;3159;3213;4386;5106;8208;9113;9221;4431;3226;3227;3381;5123;5143;8207;8208;8296;8334;9552;9584;4459;3254;4322;8225;4503;3237;3313;3314;6225";4421 - Aşağıdaki lisans programlarından birinden mezun olmak. | 3159 - Ekonomi | 3213 - İktisat | 4386 - Uluslararası Ekonomi | 5106 - Ekonomi-Yönetim Bilimleri Programları | 8208 - İş İdaresi ve İktisat | 9113 - Ekonomi Politik ve Toplum Felsefesi | 9221 - Ekonomi ve İdari Bilimler / Ekonomi ve İdari Bilimler Programları | 4431 - Aşağıdaki lisans programlarından birinden mezun olmak. | 3226 - İşletme / İşletmecilik | 3227 - İşletme Bilgi Yönetimi | 3381 - Muhasebe ve Finansman | 5123 - Muhasebe ve Finansal Yönetim / Muhasebe ve Finans Yönetimi | 5143 - Yönetim Bilimleri / Yönetim Bilimleri Programları | 8207 - İş İdaresi | 8208 - İş İdaresi ve İktisat | 8296 - Yönetim ve Organizasyon | 8334 - Pazarlama | 9552 - İşletme-Maliye | 9584 - Yönetim Bilimleri ve Liderlik | 4459 - Aşağıdaki lisans programlarından birinden mezun olmak. | 3254 - Maliye | 4322 - Muhasebe ve Maliye | 8225 - Maliye-Muhasebe | 4503 - Aşağıdaki lisans programlarından birinden mezun olmak. | 3237 - Kamu Yönetimi | 3313 - Siyaset Bilimi | 3314 - Siyaset Bilimi ve Kamu Yönetimi | 6225 - M.E.B.'Dan Onaylı Bilgisayar İşletmeni Sertifikası Sahibi olmak.;93759aa0-82ce-ef11-b177-a0369f7d1d8e
2025;3;303010500;Çevre, Şehircilik ve İklim Değişikliği Bakanlığı;Büro Personeli;Çanakkale;Lisans;1;8;;;"4421;3159;3213;4386;5106;8208;9113;9221;4431;3226;3227;3381;5123;5143;8207;8208;8296;8334;9552;9584;4459;3254;4322;8225;4503;3237;3313;3314;6225";4421 - Aşağıdaki lisans programlarından birinden mezun olmak. | 3159 - Ekonomi | 3213 - İktisat | 4386 - Uluslararası Ekonomi | 5106 - Ekonomi-Yönetim Bilimleri Programları | 8208 - İş İdaresi ve İktisat | 9113 - Ekonomi Politik ve Toplum Felsefesi | 9221 - Ekonomi ve İdari Bilimler / Ekonomi ve İdari Bilimler Programları | 4431 - Aşağıdaki lisans programlarından birinden mezun olmak. | 3226 - İşletme / İşletmecilik | 3227 - İşletme Bilgi Yönetimi | 3381 - Muhasebe ve Finansman | 5123 - Muhasebe ve Finansal Yönetim / Muhasebe ve Finans Yönetimi | 5143 - Yönetim Bilimleri / Yönetim Bilimleri Programları | 8207 - İş İdaresi | 8208 - İş İdaresi ve İktisat | 8296 - Yönetim ve Organizasyon | 8334 - Pazarlama | 9552 - İşletme-Maliye | 9584 - Yönetim Bilimleri ve Liderlik | 4459 - Aşağıdaki lisans programlarından birinden mezun olmak. | 3254 - Maliye | 4322 - Muhasebe ve Maliye | 8225 - Maliye-Muhasebe | 4503 - Aşağıdaki lisans programlarından birinden mezun olmak. | 3237 - Kamu Yönetimi | 3313 - Siyaset Bilimi | 3314 - Siyaset Bilimi ve Kamu Yönetimi | 6225 - M.E.B.'Dan Onaylı Bilgisayar İşletmeni Sertifikası Sahibi olmak.;94759aa0-82ce-ef11-b177-a0369f7d1d8e
2025;3;303010507;Çevre, Şehircilik ve İklim Değişikliği Bakanlığı;Büro Personeli;Çanakkale;Lisans;2;15;;;"4421;3159;3213;4386;5106;8208;9113;9221;4431;3226;3227;3381;5123;5143;8207;8208;8296;8334;9552;9584;4459;3254;4322;8225;4503;3237;3313;3314;6225";4421 - Aşağıdaki lisans programlarından birinden mezun olmak. | 3159 - Ekonomi | 3213 - İktisat | 4386 - Uluslararası Ekonomi | 5106 - Ekonomi-Yönetim Bilimleri Programları | 8208 - İş İdaresi ve İktisat | 9113 - Ekonomi Politik ve Toplum Felsefesi | 9221 - Ekonomi ve İdari Bilimler / Ekonomi ve İdari Bilimler Programları | 4431 - Aşağıdaki lisans programlarından birinden mezun olmak. | 3226 - İşletme / İşletmecilik | 3227 - İşletme Bilgi Yönetimi | 3381 - Muhasebe ve Finansman | 5123 - Muhasebe ve Finansal Yönetim / Muhasebe ve Finans Yönetimi | 5143 - Yönetim Bilimleri / Yönetim Bilimleri Programları | 8207 - İş İdaresi | 8208 - İş İdaresi ve İktisat | 8296 - Yönetim ve Organizasyon | 8334 - Pazarlama | 9552 - İşletme-Maliye | 9584 - Yönetim Bilimleri ve Liderlik | 4459 - Aşağıdaki lisans programlarından birinden mezun olmak. | 3254 - Maliye | 4322 - Muhasebe ve Maliye | 8225 - Maliye-Muhasebe | 4503 - Aşağıdaki lisans programlarından birinden mezun olmak. | 3237 - Kamu Yönetimi | 3313 - Siyaset Bilimi | 3314 - Siyaset Bilimi ve Kamu Yönetimi | 6225 - M.E.B.'Dan Onaylı Bilgisayar İşletmeni Sertifikası Sahibi olmak.;95759aa0-82ce-ef11-b177-a0369f7d1d8e
2025;3;303010514;Çevre, Şehircilik ve İklim Değişikliği Bakanlığı;Büro Personeli;Çanakkale;Lisans;1;7;;;"4421;3159;3213;4386;5106;8208;9113;9221;4431;3226;3227;3381;5123;5143;8207;8208;8296;8334;9552;9584;4459;3254;4322;8225;4503;3237;3313;3314;6225";4421 - Aşağıdaki lisans programlarından birinden mezun olmak. | 3159 - Ekonomi | 3213 - İktisat | 4386 - Uluslararası Ekonomi | 5106 - Ekonomi-Yönetim Bilimleri Programları | 8208 - İş İdaresi ve İktisat | 9113 - Ekonomi Politik ve Toplum Felsefesi | 9221 - Ekonomi ve İdari Bilimler / Ekonomi ve İdari Bilimler Programları | 4431 - Aşağıdaki lisans programlarından birinden mezun olmak. | 3226 - İşletme / İşletmecilik | 3227 - İşletme Bilgi Yönetimi | 3381 - Muhasebe ve Finansman | 5123 - Muhasebe ve Finansal Yönetim / Muhasebe ve Finans Yönetimi | 5143 - Yönetim Bilimleri / Yönetim Bilimleri Programları | 8207 - İş İdaresi | 8208 - İş İdaresi ve İktisat | 8296 - Yönetim ve Organizasyon | 8334 - Pazarlama | 9552 - İşletme-Maliye | 9584 - Yönetim Bilimleri ve Liderlik | 4459 - Aşağıdaki lisans programlarından birinden mezun olmak. | 3254 - Maliye | 4322 - Muhasebe ve Maliye | 8225 - Maliye-Muhasebe | 4503 - Aşağıdaki lisans programlarından birinden mezun olmak. | 3237 - Kamu Yönetimi | 3313 - Siyaset Bilimi | 3314 - Siyaset Bilimi ve Kamu Yönetimi | 6225 - M.E.B.'Dan Onaylı Bilgisayar İşletmeni Sertifikası Sahibi olmak.;96759aa0-82ce-ef11-b177-a0369f7d1d8e
2025;3;303010521;Çevre, Şehircilik ve İklim Değişikliği Bakanlığı;Büro Personeli;Çankırı;Lisans;1;8;;;"4421;3159;3213;4386;5106;8208;9113;9221;4431;3226;3227;3381;5123;5143;8207;8208;8296;8334;9552;9584;4459;3254;4322;8225;4503;3237;3313;3314;6225";4421 - Aşağıdaki lisans programlarından birinden mezun olmak. | 3159 - Ekonomi | 3213 - İktisat | 4386 - Uluslararası Ekonomi | 5106 - Ekonomi-Yönetim Bilimleri Programları | 8208 - İş İdaresi ve İktisat | 9113 - Ekonomi Politik ve Toplum Felsefesi | 9221 - Ekonomi ve İdari Bilimler / Ekonomi ve İdari Bilimler Programları | 4431 - Aşağıdaki lisans programlarından birinden mezun olmak. | 3226 - İşletme / İşletmecilik | 3227 - İşletme Bilgi Yönetimi | 3381 - Muhasebe ve Finansman | 5123 - Muhasebe ve Finansal Yönetim / Muhasebe ve Finans Yönetimi | 5143 - Yönetim Bilimleri / Yönetim Bilimleri Programları | 8207 - İş İdaresi | 8208 - İş İdaresi ve İktisat | 8296 - Yönetim ve Organizasyon | 8334 - Pazarlama | 9552 - İşletme-Maliye | 9584 - Yönetim Bilimleri ve Liderlik | 4459 - Aşağıdaki lisans programlarından birinden mezun olmak. | 3254 - Maliye | 4322 - Muhasebe ve Maliye | 8225 - Maliye-Muhasebe | 4503 - Aşağıdaki lisans programlarından birinden mezun olmak. | 3237 - Kamu Yönetimi | 3313 - Siyaset Bilimi | 3314 - Siyaset Bilimi ve Kamu Yönetimi | 6225 - M.E.B.'Dan Onaylı Bilgisayar İşletmeni Sertifikası Sahibi olmak.;97759aa0-82ce-ef11-b177-a0369f7d1d8e
2025;3;303010528;Çevre, Şehircilik ve İklim Değişikliği Bakanlığı;Büro Personeli;Çankırı;Lisans;3;20;;;"4421;3159;3213;4386;5106;8208;9113;9221;4431;3226;3227;3381;5123;5143;8207;8208;8296;8334;9552;9584;4459;3254;4322;8225;4503;3237;3313;3314;6225";4421 - Aşağıdaki lisans programlarından birinden mezun olmak. | 3159 - Ekonomi | 3213 - İktisat | 4386 - Uluslararası Ekonomi | 5106 - Ekonomi-Yönetim Bilimleri Programları | 8208 - İş İdaresi ve İktisat | 9113 - Ekonomi Politik ve Toplum Felsefesi | 9221 - Ekonomi ve İdari Bilimler / Ekonomi ve İdari Bilimler Programları | 4431 - Aşağıdaki lisans programlarından birinden mezun olmak. | 3226 - İşletme / İşletmecilik | 3227 - İşletme Bilgi Yönetimi | 3381 - Muhasebe ve Finansman | 5123 - Muhasebe ve Finansal Yönetim / Muhasebe ve Finans Yönetimi | 5143 - Yönetim Bilimleri / Yönetim Bilimleri Programları | 8207 - İş İdaresi | 8208 - İş İdaresi ve İktisat | 8296 - Yönetim ve Organizasyon | 8334 - Pazarlama | 9552 - İşletme-Maliye | 9584 - Yönetim Bilimleri ve Liderlik | 4459 - Aşağıdaki lisans programlarından birinden mezun olmak. | 3254 - Maliye | 4322 - Muhasebe ve Maliye | 8225 - Maliye-Muhasebe | 4503 - Aşağıdaki lisans programlarından birinden mezun olmak. | 3237 - Kamu Yönetimi | 3313 - Siyaset Bilimi | 3314 - Siyaset Bilimi ve Kamu Yönetimi | 6225 - M.E.B.'Dan Onaylı Bilgisayar İşletmeni Sertifikası Sahibi olmak.;98759aa0-82ce-ef11-b177-a0369f7d1d8e
2025;3;303010535;Çevre, Şehircilik ve İklim Değişikliği Bakanlığı;Büro Personeli;Çankırı;Lisans;1;8;;;"4421;3159;3213;4386;5106;8208;9113;9221;4431;3226;3227;3381;5123;5143;8207;8208;8296;8334;9552;9584;4459;3254;4322;8225;4503;3237;3313;3314;6225";4421 - Aşağıdaki lisans programlarından birinden mezun olmak. | 3159 - Ekonomi | 3213 - İktisat | 4386 - Uluslararası Ekonomi | 5106 - Ekonomi-Yönetim Bilimleri Programları | 8208 - İş İdaresi ve İktisat | 9113 - Ekonomi Politik ve Toplum Felsefesi | 9221 - Ekonomi ve İdari Bilimler / Ekonomi ve İdari Bilimler Programları | 4431 - Aşağıdaki lisans programlarından birinden mezun olmak. | 3226 - İşletme / İşletmecilik | 3227 - İşletme Bilgi Yönetimi | 3381 - Muhasebe ve Finansman | 5123 - Muhasebe ve Finansal Yönetim / Muhasebe ve Finans Yönetimi | 5143 - Yönetim Bilimleri / Yönetim Bilimleri Programları | 8207 - İş İdaresi | 8208 - İş İdaresi ve İktisat | 8296 - Yönetim ve Organizasyon | 8334 - Pazarlama | 9552 - İşletme-Maliye | 9584 - Yönetim Bilimleri ve Liderlik | 4459 - Aşağıdaki lisans programlarından birinden mezun olmak. | 3254 - Maliye | 4322 - Muhasebe ve Maliye | 8225 - Maliye-Muhasebe | 4503 - Aşağıdaki lisans programlarından birinden mezun olmak. | 3237 - Kamu Yönetimi | 3313 - Siyaset Bilimi | 3314 - Siyaset Bilimi ve Kamu Yönetimi | 6225 - M.E.B.'Dan Onaylı Bilgisayar İşletmeni Sertifikası Sahibi olmak.;99759aa0-82ce-ef11-b177-a0369f7d1d8e
2025;3;303010542;Çevre, Şehircilik ve İklim Değişikliği Bakanlığı;Büro Personeli;Çorum;Lisans;1;7;;;"4421;3159;3213;4386;5106;8208;9113;9221;4431;3226;3227;3381;5123;5143;8207;8208;8296;8334;9552;9584;4459;3254;4322;8225;4503;3237;3313;3314;6225";4421 - Aşağıdaki lisans programlarından birinden mezun olmak. | 3159 - Ekonomi | 3213 - İktisat | 4386 - Uluslararası Ekonomi | 5106 - Ekonomi-Yönetim Bilimleri Programları | 8208 - İş İdaresi ve İktisat | 9113 - Ekonomi Politik ve Toplum Felsefesi | 9221 - Ekonomi ve İdari Bilimler / Ekonomi ve İdari Bilimler Programları | 4431 - Aşağıdaki lisans programlarından birinden mezun olmak. | 3226 - İşletme / İşletmecilik | 3227 - İşletme Bilgi Yönetimi | 3381 - Muhasebe ve Finansman | 5123 - Muhasebe ve Finansal Yönetim / Muhasebe ve Finans Yönetimi | 5143 - Yönetim Bilimleri / Yönetim Bilimleri Programları | 8207 - İş İdaresi | 8208 - İş İdaresi ve İktisat | 8296 - Yönetim ve Organizasyon | 8334 - Pazarlama | 9552 - İşletme-Maliye | 9584 - Yönetim Bilimleri ve Liderlik | 4459 - Aşağıdaki lisans programlarından birinden mezun olmak. | 3254 - Maliye | 4322 - Muhasebe ve Maliye | 8225 - Maliye-Muhasebe | 4503 - Aşağıdaki lisans programlarından birinden mezun olmak. | 3237 - Kamu Yönetimi | 3313 - Siyaset Bilimi | 3314 - Siyaset Bilimi ve Kamu Yönetimi | 6225 - M.E.B.'Dan Onaylı Bilgisayar İşletmeni Sertifikası Sahibi olmak.;9a759aa0-82ce-ef11-b177-a0369f7d1d8e
2025;3;303010549;Çevre, Şehircilik ve İklim Değişikliği Bakanlığı;Büro Personeli;Çorum;Lisans;1;9;;;"4421;3159;3213;4386;5106;8208;9113;9221;4431;3226;3227;3381;5123;5143;8207;8208;8296;8334;9552;9584;4459;3254;4322;8225;4503;3237;3313;3314;6225";4421 - Aşağıdaki lisans programlarından birinden mezun olmak. | 3159 - Ekonomi | 3213 - İktisat | 4386 - Uluslararası Ekonomi | 5106 - Ekonomi-Yönetim Bilimleri Programları | 8208 - İş İdaresi ve İktisat | 9113 - Ekonomi Politik ve Toplum Felsefesi | 9221 - Ekonomi ve İdari Bilimler / Ekonomi ve İdari Bilimler Programları | 4431 - Aşağıdaki lisans programlarından birinden mezun olmak. | 3226 - İşletme / İşletmecilik | 3227 - İşletme Bilgi Yönetimi | 3381 - Muhasebe ve Finansman | 5123 - Muhasebe ve Finansal Yönetim / Muhasebe ve Finans Yönetimi | 5143 - Yönetim Bilimleri / Yönetim Bilimleri Programları | 8207 - İş İdaresi | 8208 - İş İdaresi ve İktisat | 8296 - Yönetim ve Organizasyon | 8334 - Pazarlama | 9552 - İşletme-Maliye | 9584 - Yönetim Bilimleri ve Liderlik | 4459 - Aşağıdaki lisans programlarından birinden mezun olmak. | 3254 - Maliye | 4322 - Muhasebe ve Maliye | 8225 - Maliye-Muhasebe | 4503 - Aşağıdaki lisans programlarından birinden mezun olmak. | 3237 - Kamu Yönetimi | 3313 - Siyaset Bilimi | 3314 - Siyaset Bilimi ve Kamu Yönetimi | 6225 - M.E.B.'Dan Onaylı Bilgisayar İşletmeni Sertifikası Sahibi olmak.;9b759aa0-82ce-ef11-b177-a0369f7d1d8e
2025;3;303010556;Çevre, Şehircilik ve İklim Değişikliği Bakanlığı;Büro Personeli;Çorum;Lisans;1;9;;;"4421;3159;3213;4386;5106;8208;9113;9221;4431;3226;3227;3381;5123;5143;8207;8208;8296;8334;9552;9584;4459;3254;4322;8225;4503;3237;3313;3314;6225";4421 - Aşağıdaki lisans programlarından birinden mezun olmak. | 3159 - Ekonomi | 3213 - İktisat | 4386 - Uluslararası Ekonomi | 5106 - Ekonomi-Yönetim Bilimleri Programları | 8208 - İş İdaresi ve İktisat | 9113 - Ekonomi Politik ve Toplum Felsefesi | 9221 - Ekonomi ve İdari Bilimler / Ekonomi ve İdari Bilimler Programları | 4431 - Aşağıdaki lisans programlarından birinden mezun olmak. | 3226 - İşletme / İşletmecilik | 3227 - İşletme Bilgi Yönetimi | 3381 - Muhasebe ve Finansman | 5123 - Muhasebe ve Finansal Yönetim / Muhasebe ve Finans Yönetimi | 5143 - Yönetim Bilimleri / Yönetim Bilimleri Programları | 8207 - İş İdaresi | 8208 - İş İdaresi ve İktisat | 8296 - Yönetim ve Organizasyon | 8334 - Pazarlama | 9552 - İşletme-Maliye | 9584 - Yönetim Bilimleri ve Liderlik | 4459 - Aşağıdaki lisans programlarından birinden mezun olmak. | 3254 - Maliye | 4322 - Muhasebe ve Maliye | 8225 - Maliye-Muhasebe | 4503 - Aşağıdaki lisans programlarından birinden mezun olmak. | 3237 - Kamu Yönetimi | 3313 - Siyaset Bilimi | 3314 - Siyaset Bilimi ve Kamu Yönetimi | 6225 - M.E.B.'Dan Onaylı Bilgisayar İşletmeni Sertifikası Sahibi olmak.;9c759aa0-82ce-ef11-b177-a0369f7d1d8e
2025;3;303010563;Çevre, Şehircilik ve İklim Değişikliği Bakanlığı;Büro Personeli;Çorum;Lisans;1;7;;;"4421;3159;3213;4386;5106;8208;9113;9221;4431;3226;3227;3381;5123;5143;8207;8208;8296;8334;9552;9584;4459;3254;4322;8225;4503;3237;3313;3314;6225";4421 - Aşağıdaki lisans programlarından birinden mezun olmak. | 3159 - Ekonomi | 3213 - İktisat | 4386 - Uluslararası Ekonomi | 5106 - Ekonomi-Yönetim Bilimleri Programları | 8208 - İş İdaresi ve İktisat | 9113 - Ekonomi Politik ve Toplum Felsefesi | 9221 - Ekonomi ve İdari Bilimler / Ekonomi ve İdari Bilimler Programları | 4431 - Aşağıdaki lisans programlarından birinden mezun olmak. | 3226 - İşletme / İşletmecilik | 3227 - İşletme Bilgi Yönetimi | 3381 - Muhasebe ve Finansman | 5123 - Muhasebe ve Finansal Yönetim / Muhasebe ve Finans Yönetimi | 5143 - Yönetim Bilimleri / Yönetim Bilimleri Programları | 8207 - İş İdaresi | 8208 - İş İdaresi ve İktisat | 8296 - Yönetim ve Organizasyon | 8334 - Pazarlama | 9552 - İşletme-Maliye | 9584 - Yönetim Bilimleri ve Liderlik | 4459 - Aşağıdaki lisans programlarından birinden mezun olmak. | 3254 - Maliye | 4322 - Muhasebe ve Maliye | 8225 - Maliye-Muhasebe | 4503 - Aşağıdaki lisans programlarından birinden mezun olmak. | 3237 - Kamu Yönetimi | 3313 - Siyaset Bilimi | 3314 - Siyaset Bilimi ve Kamu Yönetimi | 6225 - M.E.B.'Dan Onaylı Bilgisayar İşletmeni Sertifikası Sahibi olmak.;9d759aa0-82ce-ef11-b177-a0369f7d1d8e
2025;3;303010570;Çevre, Şehircilik ve İklim Değişikliği Bakanlığı;Büro Personeli;Çorum;Lisans;1;8;;;"4421;3159;3213;4386;5106;8208;9113;9221;4431;3226;3227;3381;5123;5143;8207;8208;8296;8334;9552;9584;4459;3254;4322;8225;4503;3237;3313;3314;6225";4421 - Aşağıdaki lisans programlarından birinden mezun olmak. | 3159 - Ekonomi | 3213 - İktisat | 4386 - Uluslararası Ekonomi | 5106 - Ekonomi-Yönetim Bilimleri Programları | 8208 - İş İdaresi ve İktisat | 9113 - Ekonomi Politik ve Toplum Felsefesi | 9221 - Ekonomi ve İdari Bilimler / Ekonomi ve İdari Bilimler Programları | 4431 - Aşağıdaki lisans programlarından birinden mezun olmak. | 3226 - İşletme / İşletmecilik | 3227 - İşletme Bilgi Yönetimi | 3381 - Muhasebe ve Finansman | 5123 - Muhasebe ve Finansal Yönetim / Muhasebe ve Finans Yönetimi | 5143 - Yönetim Bilimleri / Yönetim Bilimleri Programları | 8207 - İş İdaresi | 8208 - İş İdaresi ve İktisat | 8296 - Yönetim ve Organizasyon | 8334 - Pazarlama | 9552 - İşletme-Maliye | 9584 - Yönetim Bilimleri ve Liderlik | 4459 - Aşağıdaki lisans programlarından birinden mezun olmak. | 3254 - Maliye | 4322 - Muhasebe ve Maliye | 8225 - Maliye-Muhasebe | 4503 - Aşağıdaki lisans programlarından birinden mezun olmak. | 3237 - Kamu Yönetimi | 3313 - Siyaset Bilimi | 3314 - Siyaset Bilimi ve Kamu Yönetimi | 6225 - M.E.B.'Dan Onaylı Bilgisayar İşletmeni Sertifikası Sahibi olmak.;9e759aa0-82ce-ef11-b177-a0369f7d1d8e
2025;3;303010577;Çevre, Şehircilik ve İklim Değişikliği Bakanlığı;Büro Personeli;Denizli;Lisans;1;8;;;"4421;3159;3213;4386;5106;8208;9113;9221;4431;3226;3227;3381;5123;5143;8207;8208;8296;8334;9552;9584;4459;3254;4322;8225;4503;3237;3313;3314;6225";4421 - Aşağıdaki lisans programlarından birinden mezun olmak. | 3159 - Ekonomi | 3213 - İktisat | 4386 - Uluslararası Ekonomi | 5106 - Ekonomi-Yönetim Bilimleri Programları | 8208 - İş İdaresi ve İktisat | 9113 - Ekonomi Politik ve Toplum Felsefesi | 9221 - Ekonomi ve İdari Bilimler / Ekonomi ve İdari Bilimler Programları | 4431 - Aşağıdaki lisans programlarından birinden mezun olmak. | 3226 - İşletme / İşletmecilik | 3227 - İşletme Bilgi Yönetimi | 3381 - Muhasebe ve Finansman | 5123 - Muhasebe ve Finansal Yönetim / Muhasebe ve Finans Yönetimi | 5143 - Yönetim Bilimleri / Yönetim Bilimleri Programları | 8207 - İş İdaresi | 8208 - İş İdaresi ve İktisat | 8296 - Yönetim ve Organizasyon | 8334 - Pazarlama | 9552 - İşletme-Maliye | 9584 - Yönetim Bilimleri ve Liderlik | 4459 - Aşağıdaki lisans programlarından birinden mezun olmak. | 3254 - Maliye | 4322 - Muhasebe ve Maliye | 8225 - Maliye-Muhasebe | 4503 - Aşağıdaki lisans programlarından birinden mezun olmak. | 3237 - Kamu Yönetimi | 3313 - Siyaset Bilimi | 3314 - Siyaset Bilimi ve Kamu Yönetimi | 6225 - M.E.B.'Dan Onaylı Bilgisayar İşletmeni Sertifikası Sahibi olmak.;9f759aa0-82ce-ef11-b177-a0369f7d1d8e
2025;3;303010584;Çevre, Şehircilik ve İklim Değişikliği Bakanlığı;Büro Personeli;Denizli;Lisans;1;8;;;"4421;3159;3213;4386;5106;8208;9113;9221;4431;3226;3227;3381;5123;5143;8207;8208;8296;8334;9552;9584;4459;3254;4322;8225;4503;3237;3313;3314;6225";4421 - Aşağıdaki lisans programlarından birinden mezun olmak. | 3159 - Ekonomi | 3213 - İktisat | 4386 - Uluslararası Ekonomi | 5106 - Ekonomi-Yönetim Bilimleri Programları | 8208 - İş İdaresi ve İktisat | 9113 - Ekonomi Politik ve Toplum Felsefesi | 9221 - Ekonomi ve İdari Bilimler / Ekonomi ve İdari Bilimler Programları | 4431 - Aşağıdaki lisans programlarından birinden mezun olmak. | 3226 - İşletme / İşletmecilik | 3227 - İşletme Bilgi Yönetimi | 3381 - Muhasebe ve Finansman | 5123 - Muhasebe ve Finansal Yönetim / Muhasebe ve Finans Yönetimi | 5143 - Yönetim Bilimleri / Yönetim Bilimleri Programları | 8207 - İş İdaresi | 8208 - İş İdaresi ve İktisat | 8296 - Yönetim ve Organizasyon | 8334 - Pazarlama | 9552 - İşletme-Maliye | 9584 - Yönetim Bilimleri ve Liderlik | 4459 - Aşağıdaki lisans programlarından birinden mezun olmak. | 3254 - Maliye | 4322 - Muhasebe ve Maliye | 8225 - Maliye-Muhasebe | 4503 - Aşağıdaki lisans programlarından birinden mezun olmak. | 3237 - Kamu Yönetimi | 3313 - Siyaset Bilimi | 3314 - Siyaset Bilimi ve Kamu Yönetimi | 6225 - M.E.B.'Dan Onaylı Bilgisayar İşletmeni Sertifikası Sahibi olmak.;a0759aa0-82ce-ef11-b177-a0369f7d1d8e
2025;3;303010591;Çevre, Şehircilik ve İklim Değişikliği Bakanlığı;Büro Personeli;Denizli;Lisans;3;23;;;"4421;3159;3213;4386;5106;8208;9113;9221;4431;3226;3227;3381;5123;5143;8207;8208;8296;8334;9552;9584;4459;3254;4322;8225;4503;3237;3313;3314;6225";4421 - Aşağıdaki lisans programlarından birinden mezun olmak. | 3159 - Ekonomi | 3213 - İktisat | 4386 - Uluslararası Ekonomi | 5106 - Ekonomi-Yönetim Bilimleri Programları | 8208 - İş İdaresi ve İktisat | 9113 - Ekonomi Politik ve Toplum Felsefesi | 9221 - Ekonomi ve İdari Bilimler / Ekonomi ve İdari Bilimler Programları | 4431 - Aşağıdaki lisans programlarından birinden mezun olmak. | 3226 - İşletme / İşletmecilik | 3227 - İşletme Bilgi Yönetimi | 3381 - Muhasebe ve Finansman | 5123 - Muhasebe ve Finansal Yönetim / Muhasebe ve Finans Yönetimi | 5143 - Yönetim Bilimleri / Yönetim Bilimleri Programları | 8207 - İş İdaresi | 8208 - İş İdaresi ve İktisat | 8296 - Yönetim ve Organizasyon | 8334 - Pazarlama | 9552 - İşletme-Maliye | 9584 - Yönetim Bilimleri ve Liderlik | 4459 - Aşağıdaki lisans programlarından birinden mezun olmak. | 3254 - Maliye | 4322 - Muhasebe ve Maliye | 8225 - Maliye-Muhasebe | 4503 - Aşağıdaki lisans programlarından birinden mezun olmak. | 3237 - Kamu Yönetimi | 3313 - Siyaset Bilimi | 3314 - Siyaset Bilimi ve Kamu Yönetimi | 6225 - M.E.B.'Dan Onaylı Bilgisayar İşletmeni Sertifikası Sahibi olmak.;a1759aa0-82ce-ef11-b177-a0369f7d1d8e
2025;3;303010598;Çevre, Şehircilik ve İklim Değişikliği Bakanlığı;Büro Personeli;Denizli;Lisans;1;9;;;"4421;3159;3213;4386;5106;8208;9113;9221;4431;3226;3227;3381;5123;5143;8207;8208;8296;8334;9552;9584;4459;3254;4322;8225;4503;3237;3313;3314;6225";4421 - Aşağıdaki lisans programlarından birinden mezun olmak. | 3159 - Ekonomi | 3213 - İktisat | 4386 - Uluslararası Ekonomi | 5106 - Ekonomi-Yönetim Bilimleri Programları | 8208 - İş İdaresi ve İktisat | 9113 - Ekonomi Politik ve Toplum Felsefesi | 9221 - Ekonomi ve İdari Bilimler / Ekonomi ve İdari Bilimler Programları | 4431 - Aşağıdaki lisans programlarından birinden mezun olmak. | 3226 - İşletme / İşletmecilik | 3227 - İşletme Bilgi Yönetimi | 3381 - Muhasebe ve Finansman | 5123 - Muhasebe ve Finansal Yönetim / Muhasebe ve Finans Yönetimi | 5143 - Yönetim Bilimleri / Yönetim Bilimleri Programları | 8207 - İş İdaresi | 8208 - İş İdaresi ve İktisat | 8296 - Yönetim ve Organizasyon | 8334 - Pazarlama | 9552 - İşletme-Maliye | 9584 - Yönetim Bilimleri ve Liderlik | 4459 - Aşağıdaki lisans programlarından birinden mezun olmak. | 3254 - Maliye | 4322 - Muhasebe ve Maliye | 8225 - Maliye-Muhasebe | 4503 - Aşağıdaki lisans programlarından birinden mezun olmak. | 3237 - Kamu Yönetimi | 3313 - Siyaset Bilimi | 3314 - Siyaset Bilimi ve Kamu Yönetimi | 6225 - M.E.B.'Dan Onaylı Bilgisayar İşletmeni Sertifikası Sahibi olmak.;a2759aa0-82ce-ef11-b177-a0369f7d1d8e
2025;3;303010605;Çevre, Şehircilik ve İklim Değişikliği Bakanlığı;Büro Personeli;Denizli;Lisans;1;7;;;"4421;3159;3213;4386;5106;8208;9113;9221;4431;3226;3227;3381;5123;5143;8207;8208;8296;8334;9552;9584;4459;3254;4322;8225;4503;3237;3313;3314;6225";4421 - Aşağıdaki lisans programlarından birinden mezun olmak. | 3159 - Ekonomi | 3213 - İktisat | 4386 - Uluslararası Ekonomi | 5106 - Ekonomi-Yönetim Bilimleri Programları | 8208 - İş İdaresi ve İktisat | 9113 - Ekonomi Politik ve Toplum Felsefesi | 9221 - Ekonomi ve İdari Bilimler / Ekonomi ve İdari Bilimler Programları | 4431 - Aşağıdaki lisans programlarından birinden mezun olmak. | 3226 - İşletme / İşletmecilik | 3227 - İşletme Bilgi Yönetimi | 3381 - Muhasebe ve Finansman | 5123 - Muhasebe ve Finansal Yönetim / Muhasebe ve Finans Yönetimi | 5143 - Yönetim Bilimleri / Yönetim Bilimleri Programları | 8207 - İş İdaresi | 8208 - İş İdaresi ve İktisat | 8296 - Yönetim ve Organizasyon | 8334 - Pazarlama | 9552 - İşletme-Maliye | 9584 - Yönetim Bilimleri ve Liderlik | 4459 - Aşağıdaki lisans programlarından birinden mezun olmak. | 3254 - Maliye | 4322 - Muhasebe ve Maliye | 8225 - Maliye-Muhasebe | 4503 - Aşağıdaki lisans programlarından birinden mezun olmak. | 3237 - Kamu Yönetimi | 3313 - Siyaset Bilimi | 3314 - Siyaset Bilimi ve Kamu Yönetimi | 6225 - M.E.B.'Dan Onaylı Bilgisayar İşletmeni Sertifikası Sahibi olmak.;a3759aa0-82ce-ef11-b177-a0369f7d1d8e
2025;3;303010122;Çevre, Şehircilik ve İklim Değişikliği Bakanlığı;Avukat;Edirne;Lisans;1;0;;;"4419;3209;7205;7361";4419 - Aşağıdaki lisans programlarından birinden mezun olmak. | 3209 - Hukuk | 7205 - Avukatlık Ruhsatı Sahibi olmak. | 7361 - (Bakınız Başvurma Özel Şartları Bölümü Avukat).;ac759aa0-82ce-ef11-b177-a0369f7d1d8e
2025;3;303010619;Çevre, Şehircilik ve İklim Değişikliği Bakanlığı;Büro Personeli;Edirne;Lisans;1;8;;;"4421;3159;3213;4386;5106;8208;9113;9221;4431;3226;3227;3381;5123;5143;8207;8208;8296;8334;9552;9584;4459;3254;4322;8225;4503;3237;3313;3314;6225";4421 - Aşağıdaki lisans programlarından birinden mezun olmak. | 3159 - Ekonomi | 3213 - İktisat | 4386 - Uluslararası Ekonomi | 5106 - Ekonomi-Yönetim Bilimleri Programları | 8208 - İş İdaresi ve İktisat | 9113 - Ekonomi Politik ve Toplum Felsefesi | 9221 - Ekonomi ve İdari Bilimler / Ekonomi ve İdari Bilimler Programları | 4431 - Aşağıdaki lisans programlarından birinden mezun olmak. | 3226 - İşletme / İşletmecilik | 3227 - İşletme Bilgi Yönetimi | 3381 - Muhasebe ve Finansman | 5123 - Muhasebe ve Finansal Yönetim / Muhasebe ve Finans Yönetimi | 5143 - Yönetim Bilimleri / Yönetim Bilimleri Programları | 8207 - İş İdaresi | 8208 - İş İdaresi ve İktisat | 8296 - Yönetim ve Organizasyon | 8334 - Pazarlama | 9552 - İşletme-Maliye | 9584 - Yönetim Bilimleri ve Liderlik | 4459 - Aşağıdaki lisans programlarından birinden mezun olmak. | 3254 - Maliye | 4322 - Muhasebe ve Maliye | 8225 - Maliye-Muhasebe | 4503 - Aşağıdaki lisans programlarından birinden mezun olmak. | 3237 - Kamu Yönetimi | 3313 - Siyaset Bilimi | 3314 - Siyaset Bilimi ve Kamu Yönetimi | 6225 - M.E.B.'Dan Onaylı Bilgisayar İşletmeni Sertifikası Sahibi olmak.;b5759aa0-82ce-ef11-b177-a0369f7d1d8e
2025;3;303010626;Çevre, Şehircilik ve İklim Değişikliği Bakanlığı;Büro Personeli;Edirne;Lisans;1;7;;;"4421;3159;3213;4386;5106;8208;9113;9221;4431;3226;3227;3381;5123;5143;8207;8208;8296;8334;9552;9584;4459;3254;4322;8225;4503;3237;3313;3314;6225";4421 - Aşağıdaki lisans programlarından birinden mezun olmak. | 3159 - Ekonomi | 3213 - İktisat | 4386 - Uluslararası Ekonomi | 5106 - Ekonomi-Yönetim Bilimleri Programları | 8208 - İş İdaresi ve İktisat | 9113 - Ekonomi Politik ve Toplum Felsefesi | 9221 - Ekonomi ve İdari Bilimler / Ekonomi ve İdari Bilimler Programları | 4431 - Aşağıdaki lisans programlarından birinden mezun olmak. | 3226 - İşletme / İşletmecilik | 3227 - İşletme Bilgi Yönetimi | 3381 - Muhasebe ve Finansman | 5123 - Muhasebe ve Finansal Yönetim / Muhasebe ve Finans Yönetimi | 5143 - Yönetim Bilimleri / Yönetim Bilimleri Programları | 8207 - İş İdaresi | 8208 - İş İdaresi ve İktisat | 8296 - Yönetim ve Organizasyon | 8334 - Pazarlama | 9552 - İşletme-Maliye | 9584 - Yönetim Bilimleri ve Liderlik | 4459 - Aşağıdaki lisans programlarından birinden mezun olmak. | 3254 - Maliye | 4322 - Muhasebe ve Maliye | 8225 - Maliye-Muhasebe | 4503 - Aşağıdaki lisans programlarından birinden mezun olmak. | 3237 - Kamu Yönetimi | 3313 - Siyaset Bilimi | 3314 - Siyaset Bilimi ve Kamu Yönetimi | 6225 - M.E.B.'Dan Onaylı Bilgisayar İşletmeni Sertifikası Sahibi olmak.;b6759aa0-82ce-ef11-b177-a0369f7d1d8e
2025;3;303011424;Çevre, Şehircilik ve İklim Değişikliği Bakanlığı;Mühendis;Edirne;Lisans;6;2;;;"4677;3142;7300";4677 - Aşağıdaki lisans programlarından birinden mezun olmak. | 3142 - Çevre Mühendisliği | 7300 - Bu kadro/pozisyonda vardiya sistemi uygulanmaktadır.;b3759aa0-82ce-ef11-b177-a0369f7d1d8e
2025;3;303011431;Çevre, Şehircilik ve İklim Değişikliği Bakanlığı;Mühendis;Edirne;Lisans;4;2;;;"4677;3142;7300";4677 - Aşağıdaki lisans programlarından birinden mezun olmak. | 3142 - Çevre Mühendisliği | 7300 - Bu kadro/pozisyonda vardiya sistemi uygulanmaktadır.;b4759aa0-82ce-ef11-b177-a0369f7d1d8e
2025;3;303011501;Çevre, Şehircilik ve İklim Değişikliği Bakanlığı;Mühendis;Edirne;Lisans;2;1;;;"4611;3160;3162";4611 - Aşağıdaki lisans programlarından birinden mezun olmak. | 3160 - Elektrik Mühendisliği | 3162 - Elektrik ve Elektronik Mühendisliği / Elektrik-Elektronik Mühendisliği;b2759aa0-82ce-ef11-b177-a0369f7d1d8e
2025;3;303011529;Çevre, Şehircilik ve İklim Değişikliği Bakanlığı;Mühendis;Edirne;Lisans;3;1;;;"4689;3233;8324;9034;9572";4689 - Aşağıdaki lisans programlarından birinden mezun olmak. | 3233 - Jeodezi ve Fotogrametri Mühendisliği | 8324 - Harita Mühendisliği | 9034 - Geomatik Mühendisliği | 9572 - Jeodezi ve Haritacılık Mühendisliği;af759aa0-82ce-ef11-b177-a0369f7d1d8e
2025;3;303011592;Çevre, Şehircilik ve İklim Değişikliği Bakanlığı;Mühendis;Edirne;Lisans;4;0;;;"4669;3221";4669 - Aşağıdaki lisans programlarından birinden mezun olmak. | 3221 - İnşaat Mühendisliği;b0759aa0-82ce-ef11-b177-a0369f7d1d8e
2025;3;303011655;Çevre, Şehircilik ve İklim Değişikliği Bakanlığı;Mühendis;Edirne;Lisans;2;1;;;"4681;3234";4681 - Aşağıdaki lisans programlarından birinden mezun olmak. | 3234 - Jeofizik Mühendisliği;b1759aa0-82ce-ef11-b177-a0369f7d1d8e
2025;3;303011683;Çevre, Şehircilik ve İklim Değişikliği Bakanlığı;Mühendis;Edirne;Lisans;2;0;;;"4685;3206;4334;6235";4685 - Aşağıdaki lisans programlarından birinden mezun olmak. | 3206 - Hidrojeoloji Mühendisliği | 4334 - Petrol ve Doğalgaz Jeolojisi | 6235 - Jeoloji Mühendisliği;ad759aa0-82ce-ef11-b177-a0369f7d1d8e
2025;3;303011732;Çevre, Şehircilik ve İklim Değişikliği Bakanlığı;Mühendis;Edirne;Lisans;3;1;;;"4639;3252;4314;4315;9441";4639 - Aşağıdaki lisans programlarından birinden mezun olmak. | 3252 - Makine Mühendisliği | 4314 - Makine ve İmalat Mühendisliği | 4315 - Makine ve Üretim Mühendisliği | 9441 - Makine ve Malzeme Mühendisliği;ae759aa0-82ce-ef11-b177-a0369f7d1d8e
2025;3;303010129;Çevre, Şehircilik ve İklim Değişikliği Bakanlığı;Avukat;Elazığ;Lisans;1;0;;;"4419;3209;7205;7361";4419 - Aşağıdaki lisans programlarından birinden mezun olmak. | 3209 - Hukuk | 7205 - Avukatlık Ruhsatı Sahibi olmak. | 7361 - (Bakınız Başvurma Özel Şartları Bölümü Avukat).;b9759aa0-82ce-ef11-b177-a0369f7d1d8e
2025;3;303010633;Çevre, Şehircilik ve İklim Değişikliği Bakanlığı;Büro Personeli;Elazığ;Lisans;1;7;;;"4421;3159;3213;4386;5106;8208;9113;9221;4431;3226;3227;3381;5123;5143;8207;8208;8296;8334;9552;9584;4459;3254;4322;8225;4503;3237;3313;3314;6225";4421 - Aşağıdaki lisans programlarından birinden mezun olmak. | 3159 - Ekonomi | 3213 - İktisat | 4386 - Uluslararası Ekonomi | 5106 - Ekonomi-Yönetim Bilimleri Programları | 8208 - İş İdaresi ve İktisat | 9113 - Ekonomi Politik ve Toplum Felsefesi | 9221 - Ekonomi ve İdari Bilimler / Ekonomi ve İdari Bilimler Programları | 4431 - Aşağıdaki lisans programlarından birinden mezun olmak. | 3226 - İşletme / İşletmecilik | 3227 - İşletme Bilgi Yönetimi | 3381 - Muhasebe ve Finansman | 5123 - Muhasebe ve Finansal Yönetim / Muhasebe ve Finans Yönetimi | 5143 - Yönetim Bilimleri / Yönetim Bilimleri Programları | 8207 - İş İdaresi | 8208 - İş İdaresi ve İktisat | 8296 - Yönetim ve Organizasyon | 8334 - Pazarlama | 9552 - İşletme-Maliye | 9584 - Yönetim Bilimleri ve Liderlik | 4459 - Aşağıdaki lisans programlarından birinden mezun olmak. | 3254 - Maliye | 4322 - Muhasebe ve Maliye | 8225 - Maliye-Muhasebe | 4503 - Aşağıdaki lisans programlarından birinden mezun olmak. | 3237 - Kamu Yönetimi | 3313 - Siyaset Bilimi | 3314 - Siyaset Bilimi ve Kamu Yönetimi | 6225 - M.E.B.'Dan Onaylı Bilgisayar İşletmeni Sertifikası Sahibi olmak.;b7759aa0-82ce-ef11-b177-a0369f7d1d8e
2025;3;303011662;Çevre, Şehircilik ve İklim Değişikliği Bakanlığı;Mühendis;Elazığ;Lisans;1;1;;;"4681;3234";4681 - Aşağıdaki lisans programlarından birinden mezun olmak. | 3234 - Jeofizik Mühendisliği;b8759aa0-82ce-ef11-b177-a0369f7d1d8e
2025;3;303010136;Çevre, Şehircilik ve İklim Değişikliği Bakanlığı;Avukat;Erzincan;Lisans;2;0;;;"4419;3209;7205;7361";4419 - Aşağıdaki lisans programlarından birinden mezun olmak. | 3209 - Hukuk | 7205 - Avukatlık Ruhsatı Sahibi olmak. | 7361 - (Bakınız Başvurma Özel Şartları Bölümü Avukat).;bf759aa0-82ce-ef11-b177-a0369f7d1d8e
2025;3;303011599;Çevre, Şehircilik ve İklim Değişikliği Bakanlığı;Mühendis;Erzincan;Lisans;1;0;;;"4669;3221";4669 - Aşağıdaki lisans programlarından birinden mezun olmak. | 3221 - İnşaat Mühendisliği;c0759aa0-82ce-ef11-b177-a0369f7d1d8e
2025;3;303011690;Çevre, Şehircilik ve İklim Değişikliği Bakanlığı;Mühendis;Erzincan;Lisans;1;0;;;"4685;3206;4334;6235";4685 - Aşağıdaki lisans programlarından birinden mezun olmak. | 3206 - Hidrojeoloji Mühendisliği | 4334 - Petrol ve Doğalgaz Jeolojisi | 6235 - Jeoloji Mühendisliği;c1759aa0-82ce-ef11-b177-a0369f7d1d8e
2025;3;303010640;Çevre, Şehircilik ve İklim Değişikliği Bakanlığı;Büro Personeli;Eskişehir;Lisans;1;10;;;"4421;3159;3213;4386;5106;8208;9113;9221;4431;3226;3227;3381;5123;5143;8207;8208;8296;8334;9552;9584;4459;3254;4322;8225;4503;3237;3313;3314;6225";4421 - Aşağıdaki lisans programlarından birinden mezun olmak. | 3159 - Ekonomi | 3213 - İktisat | 4386 - Uluslararası Ekonomi | 5106 - Ekonomi-Yönetim Bilimleri Programları | 8208 - İş İdaresi ve İktisat | 9113 - Ekonomi Politik ve Toplum Felsefesi | 9221 - Ekonomi ve İdari Bilimler / Ekonomi ve İdari Bilimler Programları | 4431 - Aşağıdaki lisans programlarından birinden mezun olmak. | 3226 - İşletme / İşletmecilik | 3227 - İşletme Bilgi Yönetimi | 3381 - Muhasebe ve Finansman | 5123 - Muhasebe ve Finansal Yönetim / Muhasebe ve Finans Yönetimi | 5143 - Yönetim Bilimleri / Yönetim Bilimleri Programları | 8207 - İş İdaresi | 8208 - İş İdaresi ve İktisat | 8296 - Yönetim ve Organizasyon | 8334 - Pazarlama | 9552 - İşletme-Maliye | 9584 - Yönetim Bilimleri ve Liderlik | 4459 - Aşağıdaki lisans programlarından birinden mezun olmak. | 3254 - Maliye | 4322 - Muhasebe ve Maliye | 8225 - Maliye-Muhasebe | 4503 - Aşağıdaki lisans programlarından birinden mezun olmak. | 3237 - Kamu Yönetimi | 3313 - Siyaset Bilimi | 3314 - Siyaset Bilimi ve Kamu Yönetimi | 6225 - M.E.B.'Dan Onaylı Bilgisayar İşletmeni Sertifikası Sahibi olmak.;d1759aa0-82ce-ef11-b177-a0369f7d1d8e
2025;3;303010647;Çevre, Şehircilik ve İklim Değişikliği Bakanlığı;Büro Personeli;Eskişehir;Lisans;1;9;;;"4421;3159;3213;4386;5106;8208;9113;9221;4431;3226;3227;3381;5123;5143;8207;8208;8296;8334;9552;9584;4459;3254;4322;8225;4503;3237;3313;3314;6225";4421 - Aşağıdaki lisans programlarından birinden mezun olmak. | 3159 - Ekonomi | 3213 - İktisat | 4386 - Uluslararası Ekonomi | 5106 - Ekonomi-Yönetim Bilimleri Programları | 8208 - İş İdaresi ve İktisat | 9113 - Ekonomi Politik ve Toplum Felsefesi | 9221 - Ekonomi ve İdari Bilimler / Ekonomi ve İdari Bilimler Programları | 4431 - Aşağıdaki lisans programlarından birinden mezun olmak. | 3226 - İşletme / İşletmecilik | 3227 - İşletme Bilgi Yönetimi | 3381 - Muhasebe ve Finansman | 5123 - Muhasebe ve Finansal Yönetim / Muhasebe ve Finans Yönetimi | 5143 - Yönetim Bilimleri / Yönetim Bilimleri Programları | 8207 - İş İdaresi | 8208 - İş İdaresi ve İktisat | 8296 - Yönetim ve Organizasyon | 8334 - Pazarlama | 9552 - İşletme-Maliye | 9584 - Yönetim Bilimleri ve Liderlik | 4459 - Aşağıdaki lisans programlarından birinden mezun olmak. | 3254 - Maliye | 4322 - Muhasebe ve Maliye | 8225 - Maliye-Muhasebe | 4503 - Aşağıdaki lisans programlarından birinden mezun olmak. | 3237 - Kamu Yönetimi | 3313 - Siyaset Bilimi | 3314 - Siyaset Bilimi ve Kamu Yönetimi | 6225 - M.E.B.'Dan Onaylı Bilgisayar İşletmeni Sertifikası Sahibi olmak.;d2759aa0-82ce-ef11-b177-a0369f7d1d8e
2025;3;303010654;Çevre, Şehircilik ve İklim Değişikliği Bakanlığı;Büro Personeli;Eskişehir;Lisans;1;8;;;"4421;3159;3213;4386;5106;8208;9113;9221;4431;3226;3227;3381;5123;5143;8207;8208;8296;8334;9552;9584;4459;3254;4322;8225;4503;3237;3313;3314;6225";4421 - Aşağıdaki lisans programlarından birinden mezun olmak. | 3159 - Ekonomi | 3213 - İktisat | 4386 - Uluslararası Ekonomi | 5106 - Ekonomi-Yönetim Bilimleri Programları | 8208 - İş İdaresi ve İktisat | 9113 - Ekonomi Politik ve Toplum Felsefesi | 9221 - Ekonomi ve İdari Bilimler / Ekonomi ve İdari Bilimler Programları | 4431 - Aşağıdaki lisans programlarından birinden mezun olmak. | 3226 - İşletme / İşletmecilik | 3227 - İşletme Bilgi Yönetimi | 3381 - Muhasebe ve Finansman | 5123 - Muhasebe ve Finansal Yönetim / Muhasebe ve Finans Yönetimi | 5143 - Yönetim Bilimleri / Yönetim Bilimleri Programları | 8207 - İş İdaresi | 8208 - İş İdaresi ve İktisat | 8296 - Yönetim ve Organizasyon | 8334 - Pazarlama | 9552 - İşletme-Maliye | 9584 - Yönetim Bilimleri ve Liderlik | 4459 - Aşağıdaki lisans programlarından birinden mezun olmak. | 3254 - Maliye | 4322 - Muhasebe ve Maliye | 8225 - Maliye-Muhasebe | 4503 - Aşağıdaki lisans programlarından birinden mezun olmak. | 3237 - Kamu Yönetimi | 3313 - Siyaset Bilimi | 3314 - Siyaset Bilimi ve Kamu Yönetimi | 6225 - M.E.B.'Dan Onaylı Bilgisayar İşletmeni Sertifikası Sahibi olmak.;d3759aa0-82ce-ef11-b177-a0369f7d1d8e
2025;3;303010661;Çevre, Şehircilik ve İklim Değişikliği Bakanlığı;Büro Personeli;Eskişehir;Lisans;2;18;;;"4421;3159;3213;4386;5106;8208;9113;9221;4431;3226;3227;3381;5123;5143;8207;8208;8296;8334;9552;9584;4459;3254;4322;8225;4503;3237;3313;3314;6225";4421 - Aşağıdaki lisans programlarından birinden mezun olmak. | 3159 - Ekonomi | 3213 - İktisat | 4386 - Uluslararası Ekonomi | 5106 - Ekonomi-Yönetim Bilimleri Programları | 8208 - İş İdaresi ve İktisat | 9113 - Ekonomi Politik ve Toplum Felsefesi | 9221 - Ekonomi ve İdari Bilimler / Ekonomi ve İdari Bilimler Programları | 4431 - Aşağıdaki lisans programlarından birinden mezun olmak. | 3226 - İşletme / İşletmecilik | 3227 - İşletme Bilgi Yönetimi | 3381 - Muhasebe ve Finansman | 5123 - Muhasebe ve Finansal Yönetim / Muhasebe ve Finans Yönetimi | 5143 - Yönetim Bilimleri / Yönetim Bilimleri Programları | 8207 - İş İdaresi | 8208 - İş İdaresi ve İktisat | 8296 - Yönetim ve Organizasyon | 8334 - Pazarlama | 9552 - İşletme-Maliye | 9584 - Yönetim Bilimleri ve Liderlik | 4459 - Aşağıdaki lisans programlarından birinden mezun olmak. | 3254 - Maliye | 4322 - Muhasebe ve Maliye | 8225 - Maliye-Muhasebe | 4503 - Aşağıdaki lisans programlarından birinden mezun olmak. | 3237 - Kamu Yönetimi | 3313 - Siyaset Bilimi | 3314 - Siyaset Bilimi ve Kamu Yönetimi | 6225 - M.E.B.'Dan Onaylı Bilgisayar İşletmeni Sertifikası Sahibi olmak.;d4759aa0-82ce-ef11-b177-a0369f7d1d8e
2025;3;303010668;Çevre, Şehircilik ve İklim Değişikliği Bakanlığı;Büro Personeli;Eskişehir;Lisans;1;9;;;"4421;3159;3213;4386;5106;8208;9113;9221;4431;3226;3227;3381;5123;5143;8207;8208;8296;8334;9552;9584;4459;3254;4322;8225;4503;3237;3313;3314;6225";4421 - Aşağıdaki lisans programlarından birinden mezun olmak. | 3159 - Ekonomi | 3213 - İktisat | 4386 - Uluslararası Ekonomi | 5106 - Ekonomi-Yönetim Bilimleri Programları | 8208 - İş İdaresi ve İktisat | 9113 - Ekonomi Politik ve Toplum Felsefesi | 9221 - Ekonomi ve İdari Bilimler / Ekonomi ve İdari Bilimler Programları | 4431 - Aşağıdaki lisans programlarından birinden mezun olmak. | 3226 - İşletme / İşletmecilik | 3227 - İşletme Bilgi Yönetimi | 3381 - Muhasebe ve Finansman | 5123 - Muhasebe ve Finansal Yönetim / Muhasebe ve Finans Yönetimi | 5143 - Yönetim Bilimleri / Yönetim Bilimleri Programları | 8207 - İş İdaresi | 8208 - İş İdaresi ve İktisat | 8296 - Yönetim ve Organizasyon | 8334 - Pazarlama | 9552 - İşletme-Maliye | 9584 - Yönetim Bilimleri ve Liderlik | 4459 - Aşağıdaki lisans programlarından birinden mezun olmak. | 3254 - Maliye | 4322 - Muhasebe ve Maliye | 8225 - Maliye-Muhasebe | 4503 - Aşağıdaki lisans programlarından birinden mezun olmak. | 3237 - Kamu Yönetimi | 3313 - Siyaset Bilimi | 3314 - Siyaset Bilimi ve Kamu Yönetimi | 6225 - M.E.B.'Dan Onaylı Bilgisayar İşletmeni Sertifikası Sahibi olmak.;d5759aa0-82ce-ef11-b177-a0369f7d1d8e
2025;3;303010675;Çevre, Şehircilik ve İklim Değişikliği Bakanlığı;Büro Personeli;Eskişehir;Lisans;1;10;;;"4421;3159;3213;4386;5106;8208;9113;9221;4431;3226;3227;3381;5123;5143;8207;8208;8296;8334;9552;9584;4459;3254;4322;8225;4503;3237;3313;3314;6225";4421 - Aşağıdaki lisans programlarından birinden mezun olmak. | 3159 - Ekonomi | 3213 - İktisat | 4386 - Uluslararası Ekonomi | 5106 - Ekonomi-Yönetim Bilimleri Programları | 8208 - İş İdaresi ve İktisat | 9113 - Ekonomi Politik ve Toplum Felsefesi | 9221 - Ekonomi ve İdari Bilimler / Ekonomi ve İdari Bilimler Programları | 4431 - Aşağıdaki lisans programlarından birinden mezun olmak. | 3226 - İşletme / İşletmecilik | 3227 - İşletme Bilgi Yönetimi | 3381 - Muhasebe ve Finansman | 5123 - Muhasebe ve Finansal Yönetim / Muhasebe ve Finans Yönetimi | 5143 - Yönetim Bilimleri / Yönetim Bilimleri Programları | 8207 - İş İdaresi | 8208 - İş İdaresi ve İktisat | 8296 - Yönetim ve Organizasyon | 8334 - Pazarlama | 9552 - İşletme-Maliye | 9584 - Yönetim Bilimleri ve Liderlik | 4459 - Aşağıdaki lisans programlarından birinden mezun olmak. | 3254 - Maliye | 4322 - Muhasebe ve Maliye | 8225 - Maliye-Muhasebe | 4503 - Aşağıdaki lisans programlarından birinden mezun olmak. | 3237 - Kamu Yönetimi | 3313 - Siyaset Bilimi | 3314 - Siyaset Bilimi ve Kamu Yönetimi | 6225 - M.E.B.'Dan Onaylı Bilgisayar İşletmeni Sertifikası Sahibi olmak.;d6759aa0-82ce-ef11-b177-a0369f7d1d8e
2025;3;303011536;Çevre, Şehircilik ve İklim Değişikliği Bakanlığı;Mühendis;Gaziantep;Lisans;1;1;;;"4689;3233;8324;9034;9572";4689 - Aşağıdaki lisans programlarından birinden mezun olmak. | 3233 - Jeodezi ve Fotogrametri Mühendisliği | 8324 - Harita Mühendisliği | 9034 - Geomatik Mühendisliği | 9572 - Jeodezi ve Haritacılık Mühendisliği;d8759aa0-82ce-ef11-b177-a0369f7d1d8e
2025;3;303011739;Çevre, Şehircilik ve İklim Değişikliği Bakanlığı;Mühendis;Gaziantep;Lisans;1;1;;;"4639;3252;4314;4315;9441";4639 - Aşağıdaki lisans programlarından birinden mezun olmak. | 3252 - Makine Mühendisliği | 4314 - Makine ve İmalat Mühendisliği | 4315 - Makine ve Üretim Mühendisliği | 9441 - Makine ve Malzeme Mühendisliği;d7759aa0-82ce-ef11-b177-a0369f7d1d8e
2025;3;303010682;Çevre, Şehircilik ve İklim Değişikliği Bakanlığı;Büro Personeli;Giresun;Lisans;1;7;;;"4421;3159;3213;4386;5106;8208;9113;9221;4431;3226;3227;3381;5123;5143;8207;8208;8296;8334;9552;9584;4459;3254;4322;8225;4503;3237;3313;3314;6225";4421 - Aşağıdaki lisans programlarından birinden mezun olmak. | 3159 - Ekonomi | 3213 - İktisat | 4386 - Uluslararası Ekonomi | 5106 - Ekonomi-Yönetim Bilimleri Programları | 8208 - İş İdaresi ve İktisat | 9113 - Ekonomi Politik ve Toplum Felsefesi | 9221 - Ekonomi ve İdari Bilimler / Ekonomi ve İdari Bilimler Programları | 4431 - Aşağıdaki lisans programlarından birinden mezun olmak. | 3226 - İşletme / İşletmecilik | 3227 - İşletme Bilgi Yönetimi | 3381 - Muhasebe ve Finansman | 5123 - Muhasebe ve Finansal Yönetim / Muhasebe ve Finans Yönetimi | 5143 - Yönetim Bilimleri / Yönetim Bilimleri Programları | 8207 - İş İdaresi | 8208 - İş İdaresi ve İktisat | 8296 - Yönetim ve Organizasyon | 8334 - Pazarlama | 9552 - İşletme-Maliye | 9584 - Yönetim Bilimleri ve Liderlik | 4459 - Aşağıdaki lisans programlarından birinden mezun olmak. | 3254 - Maliye | 4322 - Muhasebe ve Maliye | 8225 - Maliye-Muhasebe | 4503 - Aşağıdaki lisans programlarından birinden mezun olmak. | 3237 - Kamu Yönetimi | 3313 - Siyaset Bilimi | 3314 - Siyaset Bilimi ve Kamu Yönetimi | 6225 - M.E.B.'Dan Onaylı Bilgisayar İşletmeni Sertifikası Sahibi olmak.;e0759aa0-82ce-ef11-b177-a0369f7d1d8e
2025;3;303010689;Çevre, Şehircilik ve İklim Değişikliği Bakanlığı;Büro Personeli;Giresun;Lisans;1;7;;;"4421;3159;3213;4386;5106;8208;9113;9221;4431;3226;3227;3381;5123;5143;8207;8208;8296;8334;9552;9584;4459;3254;4322;8225;4503;3237;3313;3314;6225";4421 - Aşağıdaki lisans programlarından birinden mezun olmak. | 3159 - Ekonomi | 3213 - İktisat | 4386 - Uluslararası Ekonomi | 5106 - Ekonomi-Yönetim Bilimleri Programları | 8208 - İş İdaresi ve İktisat | 9113 - Ekonomi Politik ve Toplum Felsefesi | 9221 - Ekonomi ve İdari Bilimler / Ekonomi ve İdari Bilimler Programları | 4431 - Aşağıdaki lisans programlarından birinden mezun olmak. | 3226 - İşletme / İşletmecilik | 3227 - İşletme Bilgi Yönetimi | 3381 - Muhasebe ve Finansman | 5123 - Muhasebe ve Finansal Yönetim / Muhasebe ve Finans Yönetimi | 5143 - Yönetim Bilimleri / Yönetim Bilimleri Programları | 8207 - İş İdaresi | 8208 - İş İdaresi ve İktisat | 8296 - Yönetim ve Organizasyon | 8334 - Pazarlama | 9552 - İşletme-Maliye | 9584 - Yönetim Bilimleri ve Liderlik | 4459 - Aşağıdaki lisans programlarından birinden mezun olmak. | 3254 - Maliye | 4322 - Muhasebe ve Maliye | 8225 - Maliye-Muhasebe | 4503 - Aşağıdaki lisans programlarından birinden mezun olmak. | 3237 - Kamu Yönetimi | 3313 - Siyaset Bilimi | 3314 - Siyaset Bilimi ve Kamu Yönetimi | 6225 - M.E.B.'Dan Onaylı Bilgisayar İşletmeni Sertifikası Sahibi olmak.;e1759aa0-82ce-ef11-b177-a0369f7d1d8e
2025;3;303010696;Çevre, Şehircilik ve İklim Değişikliği Bakanlığı;Büro Personeli;Gümüşhane;Lisans;1;7;;;"4421;3159;3213;4386;5106;8208;9113;9221;4431;3226;3227;3381;5123;5143;8207;8208;8296;8334;9552;9584;4459;3254;4322;8225;4503;3237;3313;3314;6225";4421 - Aşağıdaki lisans programlarından birinden mezun olmak. | 3159 - Ekonomi | 3213 - İktisat | 4386 - Uluslararası Ekonomi | 5106 - Ekonomi-Yönetim Bilimleri Programları | 8208 - İş İdaresi ve İktisat | 9113 - Ekonomi Politik ve Toplum Felsefesi | 9221 - Ekonomi ve İdari Bilimler / Ekonomi ve İdari Bilimler Programları | 4431 - Aşağıdaki lisans programlarından birinden mezun olmak. | 3226 - İşletme / İşletmecilik | 3227 - İşletme Bilgi Yönetimi | 3381 - Muhasebe ve Finansman | 5123 - Muhasebe ve Finansal Yönetim / Muhasebe ve Finans Yönetimi | 5143 - Yönetim Bilimleri / Yönetim Bilimleri Programları | 8207 - İş İdaresi | 8208 - İş İdaresi ve İktisat | 8296 - Yönetim ve Organizasyon | 8334 - Pazarlama | 9552 - İşletme-Maliye | 9584 - Yönetim Bilimleri ve Liderlik | 4459 - Aşağıdaki lisans programlarından birinden mezun olmak. | 3254 - Maliye | 4322 - Muhasebe ve Maliye | 8225 - Maliye-Muhasebe | 4503 - Aşağıdaki lisans programlarından birinden mezun olmak. | 3237 - Kamu Yönetimi | 3313 - Siyaset Bilimi | 3314 - Siyaset Bilimi ve Kamu Yönetimi | 6225 - M.E.B.'Dan Onaylı Bilgisayar İşletmeni Sertifikası Sahibi olmak.;e2759aa0-82ce-ef11-b177-a0369f7d1d8e
2025;3;303010703;Çevre, Şehircilik ve İklim Değişikliği Bakanlığı;Büro Personeli;Gümüşhane;Lisans;3;20;;;"4421;3159;3213;4386;5106;8208;9113;9221;4431;3226;3227;3381;5123;5143;8207;8208;8296;8334;9552;9584;4459;3254;4322;8225;4503;3237;3313;3314;6225";4421 - Aşağıdaki lisans programlarından birinden mezun olmak. | 3159 - Ekonomi | 3213 - İktisat | 4386 - Uluslararası Ekonomi | 5106 - Ekonomi-Yönetim Bilimleri Programları | 8208 - İş İdaresi ve İktisat | 9113 - Ekonomi Politik ve Toplum Felsefesi | 9221 - Ekonomi ve İdari Bilimler / Ekonomi ve İdari Bilimler Programları | 4431 - Aşağıdaki lisans programlarından birinden mezun olmak. | 3226 - İşletme / İşletmecilik | 3227 - İşletme Bilgi Yönetimi | 3381 - Muhasebe ve Finansman | 5123 - Muhasebe ve Finansal Yönetim / Muhasebe ve Finans Yönetimi | 5143 - Yönetim Bilimleri / Yönetim Bilimleri Programları | 8207 - İş İdaresi | 8208 - İş İdaresi ve İktisat | 8296 - Yönetim ve Organizasyon | 8334 - Pazarlama | 9552 - İşletme-Maliye | 9584 - Yönetim Bilimleri ve Liderlik | 4459 - Aşağıdaki lisans programlarından birinden mezun olmak. | 3254 - Maliye | 4322 - Muhasebe ve Maliye | 8225 - Maliye-Muhasebe | 4503 - Aşağıdaki lisans programlarından birinden mezun olmak. | 3237 - Kamu Yönetimi | 3313 - Siyaset Bilimi | 3314 - Siyaset Bilimi ve Kamu Yönetimi | 6225 - M.E.B.'Dan Onaylı Bilgisayar İşletmeni Sertifikası Sahibi olmak.;e3759aa0-82ce-ef11-b177-a0369f7d1d8e
2025;3;303010710;Çevre, Şehircilik ve İklim Değişikliği Bakanlığı;Büro Personeli;Hakkari;Lisans;3;14;;;"4421;3159;3213;4386;5106;8208;9113;9221;4431;3226;3227;3381;5123;5143;8207;8208;8296;8334;9552;9584;4459;3254;4322;8225;4503;3237;3313;3314;6225";4421 - Aşağıdaki lisans programlarından birinden mezun olmak. | 3159 - Ekonomi | 3213 - İktisat | 4386 - Uluslararası Ekonomi | 5106 - Ekonomi-Yönetim Bilimleri Programları | 8208 - İş İdaresi ve İktisat | 9113 - Ekonomi Politik ve Toplum Felsefesi | 9221 - Ekonomi ve İdari Bilimler / Ekonomi ve İdari Bilimler Programları | 4431 - Aşağıdaki lisans programlarından birinden mezun olmak. | 3226 - İşletme / İşletmecilik | 3227 - İşletme Bilgi Yönetimi | 3381 - Muhasebe ve Finansman | 5123 - Muhasebe ve Finansal Yönetim / Muhasebe ve Finans Yönetimi | 5143 - Yönetim Bilimleri / Yönetim Bilimleri Programları | 8207 - İş İdaresi | 8208 - İş İdaresi ve İktisat | 8296 - Yönetim ve Organizasyon | 8334 - Pazarlama | 9552 - İşletme-Maliye | 9584 - Yönetim Bilimleri ve Liderlik | 4459 - Aşağıdaki lisans programlarından birinden mezun olmak. | 3254 - Maliye | 4322 - Muhasebe ve Maliye | 8225 - Maliye-Muhasebe | 4503 - Aşağıdaki lisans programlarından birinden mezun olmak. | 3237 - Kamu Yönetimi | 3313 - Siyaset Bilimi | 3314 - Siyaset Bilimi ve Kamu Yönetimi | 6225 - M.E.B.'Dan Onaylı Bilgisayar İşletmeni Sertifikası Sahibi olmak.;e4759aa0-82ce-ef11-b177-a0369f7d1d8e
2025;3;303010717;Çevre, Şehircilik ve İklim Değişikliği Bakanlığı;Büro Personeli;Hatay;Lisans;1;7;;;"4421;3159;3213;4386;5106;8208;9113;9221;4431;3226;3227;3381;5123;5143;8207;8208;8296;8334;9552;9584;4459;3254;4322;8225;4503;3237;3313;3314;6225";4421 - Aşağıdaki lisans programlarından birinden mezun olmak. | 3159 - Ekonomi | 3213 - İktisat | 4386 - Uluslararası Ekonomi | 5106 - Ekonomi-Yönetim Bilimleri Programları | 8208 - İş İdaresi ve İktisat | 9113 - Ekonomi Politik ve Toplum Felsefesi | 9221 - Ekonomi ve İdari Bilimler / Ekonomi ve İdari Bilimler Programları | 4431 - Aşağıdaki lisans programlarından birinden mezun olmak. | 3226 - İşletme / İşletmecilik | 3227 - İşletme Bilgi Yönetimi | 3381 - Muhasebe ve Finansman | 5123 - Muhasebe ve Finansal Yönetim / Muhasebe ve Finans Yönetimi | 5143 - Yönetim Bilimleri / Yönetim Bilimleri Programları | 8207 - İş İdaresi | 8208 - İş İdaresi ve İktisat | 8296 - Yönetim ve Organizasyon | 8334 - Pazarlama | 9552 - İşletme-Maliye | 9584 - Yönetim Bilimleri ve Liderlik | 4459 - Aşağıdaki lisans programlarından birinden mezun olmak. | 3254 - Maliye | 4322 - Muhasebe ve Maliye | 8225 - Maliye-Muhasebe | 4503 - Aşağıdaki lisans programlarından birinden mezun olmak. | 3237 - Kamu Yönetimi | 3313 - Siyaset Bilimi | 3314 - Siyaset Bilimi ve Kamu Yönetimi | 6225 - M.E.B.'Dan Onaylı Bilgisayar İşletmeni Sertifikası Sahibi olmak.;e9759aa0-82ce-ef11-b177-a0369f7d1d8e
2025;3;303011438;Çevre, Şehircilik ve İklim Değişikliği Bakanlığı;Mühendis;Hatay;Lisans;7;1;;;"4677;3142;7300";4677 - Aşağıdaki lisans programlarından birinden mezun olmak. | 3142 - Çevre Mühendisliği | 7300 - Bu kadro/pozisyonda vardiya sistemi uygulanmaktadır.;ec759aa0-82ce-ef11-b177-a0369f7d1d8e
2025;3;303011606;Çevre, Şehircilik ve İklim Değişikliği Bakanlığı;Mühendis;Hatay;Lisans;3;0;;;"4669;3221";4669 - Aşağıdaki lisans programlarından birinden mezun olmak. | 3221 - İnşaat Mühendisliği;ea759aa0-82ce-ef11-b177-a0369f7d1d8e
2025;3;303011746;Çevre, Şehircilik ve İklim Değişikliği Bakanlığı;Mühendis;Hatay;Lisans;2;1;;;"4639;3252;4314;4315;9441";4639 - Aşağıdaki lisans programlarından birinden mezun olmak. | 3252 - Makine Mühendisliği | 4314 - Makine ve İmalat Mühendisliği | 4315 - Makine ve Üretim Mühendisliği | 9441 - Makine ve Malzeme Mühendisliği;eb759aa0-82ce-ef11-b177-a0369f7d1d8e
2025;3;303010731;Çevre, Şehircilik ve İklim Değişikliği Bakanlığı;Büro Personeli;Isparta;Lisans;2;17;;;"4421;3159;3213;4386;5106;8208;9113;9221;4431;3226;3227;3381;5123;5143;8207;8208;8296;8334;9552;9584;4459;3254;4322;8225;4503;3237;3313;3314;6225";4421 - Aşağıdaki lisans programlarından birinden mezun olmak. | 3159 - Ekonomi | 3213 - İktisat | 4386 - Uluslararası Ekonomi | 5106 - Ekonomi-Yönetim Bilimleri Programları | 8208 - İş İdaresi ve İktisat | 9113 - Ekonomi Politik ve Toplum Felsefesi | 9221 - Ekonomi ve İdari Bilimler / Ekonomi ve İdari Bilimler Programları | 4431 - Aşağıdaki lisans programlarından birinden mezun olmak. | 3226 - İşletme / İşletmecilik | 3227 - İşletme Bilgi Yönetimi | 3381 - Muhasebe ve Finansman | 5123 - Muhasebe ve Finansal Yönetim / Muhasebe ve Finans Yönetimi | 5143 - Yönetim Bilimleri / Yönetim Bilimleri Programları | 8207 - İş İdaresi | 8208 - İş İdaresi ve İktisat | 8296 - Yönetim ve Organizasyon | 8334 - Pazarlama | 9552 - İşletme-Maliye | 9584 - Yönetim Bilimleri ve Liderlik | 4459 - Aşağıdaki lisans programlarından birinden mezun olmak. | 3254 - Maliye | 4322 - Muhasebe ve Maliye | 8225 - Maliye-Muhasebe | 4503 - Aşağıdaki lisans programlarından birinden mezun olmak. | 3237 - Kamu Yönetimi | 3313 - Siyaset Bilimi | 3314 - Siyaset Bilimi ve Kamu Yönetimi | 6225 - M.E.B.'Dan Onaylı Bilgisayar İşletmeni Sertifikası Sahibi olmak.;ed759aa0-82ce-ef11-b177-a0369f7d1d8e
2025;3;303011011;Çevre, Şehircilik ve İklim Değişikliği Bakanlığı;Büro Personeli;Mersin;Lisans;1;8;;;"4421;3159;3213;4386;5106;8208;9113;9221;4431;3226;3227;3381;5123;5143;8207;8208;8296;8334;9552;9584;4459;3254;4322;8225;4503;3237;3313;3314;6225";4421 - Aşağıdaki lisans programlarından birinden mezun olmak. | 3159 - Ekonomi | 3213 - İktisat | 4386 - Uluslararası Ekonomi | 5106 - Ekonomi-Yönetim Bilimleri Programları | 8208 - İş İdaresi ve İktisat | 9113 - Ekonomi Politik ve Toplum Felsefesi | 9221 - Ekonomi ve İdari Bilimler / Ekonomi ve İdari Bilimler Programları | 4431 - Aşağıdaki lisans programlarından birinden mezun olmak. | 3226 - İşletme / İşletmecilik | 3227 - İşletme Bilgi Yönetimi | 3381 - Muhasebe ve Finansman | 5123 - Muhasebe ve Finansal Yönetim / Muhasebe ve Finans Yönetimi | 5143 - Yönetim Bilimleri / Yönetim Bilimleri Programları | 8207 - İş İdaresi | 8208 - İş İdaresi ve İktisat | 8296 - Yönetim ve Organizasyon | 8334 - Pazarlama | 9552 - İşletme-Maliye | 9584 - Yönetim Bilimleri ve Liderlik | 4459 - Aşağıdaki lisans programlarından birinden mezun olmak. | 3254 - Maliye | 4322 - Muhasebe ve Maliye | 8225 - Maliye-Muhasebe | 4503 - Aşağıdaki lisans programlarından birinden mezun olmak. | 3237 - Kamu Yönetimi | 3313 - Siyaset Bilimi | 3314 - Siyaset Bilimi ve Kamu Yönetimi | 6225 - M.E.B.'Dan Onaylı Bilgisayar İşletmeni Sertifikası Sahibi olmak.;f0759aa0-82ce-ef11-b177-a0369f7d1d8e
2025;3;303011018;Çevre, Şehircilik ve İklim Değişikliği Bakanlığı;Büro Personeli;Mersin;Lisans;1;7;;;"4421;3159;3213;4386;5106;8208;9113;9221;4431;3226;3227;3381;5123;5143;8207;8208;8296;8334;9552;9584;4459;3254;4322;8225;4503;3237;3313;3314;6225";4421 - Aşağıdaki lisans programlarından birinden mezun olmak. | 3159 - Ekonomi | 3213 - İktisat | 4386 - Uluslararası Ekonomi | 5106 - Ekonomi-Yönetim Bilimleri Programları | 8208 - İş İdaresi ve İktisat | 9113 - Ekonomi Politik ve Toplum Felsefesi | 9221 - Ekonomi ve İdari Bilimler / Ekonomi ve İdari Bilimler Programları | 4431 - Aşağıdaki lisans programlarından birinden mezun olmak. | 3226 - İşletme / İşletmecilik | 3227 - İşletme Bilgi Yönetimi | 3381 - Muhasebe ve Finansman | 5123 - Muhasebe ve Finansal Yönetim / Muhasebe ve Finans Yönetimi | 5143 - Yönetim Bilimleri / Yönetim Bilimleri Programları | 8207 - İş İdaresi | 8208 - İş İdaresi ve İktisat | 8296 - Yönetim ve Organizasyon | 8334 - Pazarlama | 9552 - İşletme-Maliye | 9584 - Yönetim Bilimleri ve Liderlik | 4459 - Aşağıdaki lisans programlarından birinden mezun olmak. | 3254 - Maliye | 4322 - Muhasebe ve Maliye | 8225 - Maliye-Muhasebe | 4503 - Aşağıdaki lisans programlarından birinden mezun olmak. | 3237 - Kamu Yönetimi | 3313 - Siyaset Bilimi | 3314 - Siyaset Bilimi ve Kamu Yönetimi | 6225 - M.E.B.'Dan Onaylı Bilgisayar İşletmeni Sertifikası Sahibi olmak.;f1759aa0-82ce-ef11-b177-a0369f7d1d8e
2025;3;303010738;Çevre, Şehircilik ve İklim Değişikliği Bakanlığı;Büro Personeli;İstanbul;Lisans;9;31;;;"4421;3159;3213;4386;5106;8208;9113;9221;4431;3226;3227;3381;5123;5143;8207;8208;8296;8334;9552;9584;4459;3254;4322;8225;4503;3237;3313;3314;6225";4421 - Aşağıdaki lisans programlarından birinden mezun olmak. | 3159 - Ekonomi | 3213 - İktisat | 4386 - Uluslararası Ekonomi | 5106 - Ekonomi-Yönetim Bilimleri Programları | 8208 - İş İdaresi ve İktisat | 9113 - Ekonomi Politik ve Toplum Felsefesi | 9221 - Ekonomi ve İdari Bilimler / Ekonomi ve İdari Bilimler Programları | 4431 - Aşağıdaki lisans programlarından birinden mezun olmak. | 3226 - İşletme / İşletmecilik | 3227 - İşletme Bilgi Yönetimi | 3381 - Muhasebe ve Finansman | 5123 - Muhasebe ve Finansal Yönetim / Muhasebe ve Finans Yönetimi | 5143 - Yönetim Bilimleri / Yönetim Bilimleri Programları | 8207 - İş İdaresi | 8208 - İş İdaresi ve İktisat | 8296 - Yönetim ve Organizasyon | 8334 - Pazarlama | 9552 - İşletme-Maliye | 9584 - Yönetim Bilimleri ve Liderlik | 4459 - Aşağıdaki lisans programlarından birinden mezun olmak. | 3254 - Maliye | 4322 - Muhasebe ve Maliye | 8225 - Maliye-Muhasebe | 4503 - Aşağıdaki lisans programlarından birinden mezun olmak. | 3237 - Kamu Yönetimi | 3313 - Siyaset Bilimi | 3314 - Siyaset Bilimi ve Kamu Yönetimi | 6225 - M.E.B.'Dan Onaylı Bilgisayar İşletmeni Sertifikası Sahibi olmak.;f2759aa0-82ce-ef11-b177-a0369f7d1d8e
2025;3;303011452;Çevre, Şehircilik ve İklim Değişikliği Bakanlığı;Mühendis;İstanbul;Lisans;1;2;;;"4677;3142";4677 - Aşağıdaki lisans programlarından birinden mezun olmak. | 3142 - Çevre Mühendisliği;f3759aa0-82ce-ef11-b177-a0369f7d1d8e
2025;3;303011550;Çevre, Şehircilik ve İklim Değişikliği Bakanlığı;Mühendis;İstanbul;Lisans;1;1;;;"4689;3233;8324;9034;9572";4689 - Aşağıdaki lisans programlarından birinden mezun olmak. | 3233 - Jeodezi ve Fotogrametri Mühendisliği | 8324 - Harita Mühendisliği | 9034 - Geomatik Mühendisliği | 9572 - Jeodezi ve Haritacılık Mühendisliği;f4759aa0-82ce-ef11-b177-a0369f7d1d8e
2025;3;303011620;Çevre, Şehircilik ve İklim Değişikliği Bakanlığı;Mühendis;İstanbul;Lisans;2;0;;;"4669;3221";4669 - Aşağıdaki lisans programlarından birinden mezun olmak. | 3221 - İnşaat Mühendisliği;f5759aa0-82ce-ef11-b177-a0369f7d1d8e
2025;3;303010745;Çevre, Şehircilik ve İklim Değişikliği Bakanlığı;Büro Personeli;İzmir;Lisans;1;6;;;"4421;3159;3213;4386;5106;8208;9113;9221;4431;3226;3227;3381;5123;5143;8207;8208;8296;8334;9552;9584;4459;3254;4322;8225;4503;3237;3313;3314;6225";4421 - Aşağıdaki lisans programlarından birinden mezun olmak. | 3159 - Ekonomi | 3213 - İktisat | 4386 - Uluslararası Ekonomi | 5106 - Ekonomi-Yönetim Bilimleri Programları | 8208 - İş İdaresi ve İktisat | 9113 - Ekonomi Politik ve Toplum Felsefesi | 9221 - Ekonomi ve İdari Bilimler / Ekonomi ve İdari Bilimler Programları | 4431 - Aşağıdaki lisans programlarından birinden mezun olmak. | 3226 - İşletme / İşletmecilik | 3227 - İşletme Bilgi Yönetimi | 3381 - Muhasebe ve Finansman | 5123 - Muhasebe ve Finansal Yönetim / Muhasebe ve Finans Yönetimi | 5143 - Yönetim Bilimleri / Yönetim Bilimleri Programları | 8207 - İş İdaresi | 8208 - İş İdaresi ve İktisat | 8296 - Yönetim ve Organizasyon | 8334 - Pazarlama | 9552 - İşletme-Maliye | 9584 - Yönetim Bilimleri ve Liderlik | 4459 - Aşağıdaki lisans programlarından birinden mezun olmak. | 3254 - Maliye | 4322 - Muhasebe ve Maliye | 8225 - Maliye-Muhasebe | 4503 - Aşağıdaki lisans programlarından birinden mezun olmak. | 3237 - Kamu Yönetimi | 3313 - Siyaset Bilimi | 3314 - Siyaset Bilimi ve Kamu Yönetimi | 6225 - M.E.B.'Dan Onaylı Bilgisayar İşletmeni Sertifikası Sahibi olmak.;fc759aa0-82ce-ef11-b177-a0369f7d1d8e
2025;3;303010752;Çevre, Şehircilik ve İklim Değişikliği Bakanlığı;Büro Personeli;İzmir;Lisans;2;12;;;"4421;3159;3213;4386;5106;8208;9113;9221;4431;3226;3227;3381;5123;5143;8207;8208;8296;8334;9552;9584;4459;3254;4322;8225;4503;3237;3313;3314;6225";4421 - Aşağıdaki lisans programlarından birinden mezun olmak. | 3159 - Ekonomi | 3213 - İktisat | 4386 - Uluslararası Ekonomi | 5106 - Ekonomi-Yönetim Bilimleri Programları | 8208 - İş İdaresi ve İktisat | 9113 - Ekonomi Politik ve Toplum Felsefesi | 9221 - Ekonomi ve İdari Bilimler / Ekonomi ve İdari Bilimler Programları | 4431 - Aşağıdaki lisans programlarından birinden mezun olmak. | 3226 - İşletme / İşletmecilik | 3227 - İşletme Bilgi Yönetimi | 3381 - Muhasebe ve Finansman | 5123 - Muhasebe ve Finansal Yönetim / Muhasebe ve Finans Yönetimi | 5143 - Yönetim Bilimleri / Yönetim Bilimleri Programları | 8207 - İş İdaresi | 8208 - İş İdaresi ve İktisat | 8296 - Yönetim ve Organizasyon | 8334 - Pazarlama | 9552 - İşletme-Maliye | 9584 - Yönetim Bilimleri ve Liderlik | 4459 - Aşağıdaki lisans programlarından birinden mezun olmak. | 3254 - Maliye | 4322 - Muhasebe ve Maliye | 8225 - Maliye-Muhasebe | 4503 - Aşağıdaki lisans programlarından birinden mezun olmak. | 3237 - Kamu Yönetimi | 3313 - Siyaset Bilimi | 3314 - Siyaset Bilimi ve Kamu Yönetimi | 6225 - M.E.B.'Dan Onaylı Bilgisayar İşletmeni Sertifikası Sahibi olmak.;fd759aa0-82ce-ef11-b177-a0369f7d1d8e
2025;3;303010759;Çevre, Şehircilik ve İklim Değişikliği Bakanlığı;Büro Personeli;İzmir;Lisans;1;6;;;"4421;3159;3213;4386;5106;8208;9113;9221;4431;3226;3227;3381;5123;5143;8207;8208;8296;8334;9552;9584;4459;3254;4322;8225;4503;3237;3313;3314;6225";4421 - Aşağıdaki lisans programlarından birinden mezun olmak. | 3159 - Ekonomi | 3213 - İktisat | 4386 - Uluslararası Ekonomi | 5106 - Ekonomi-Yönetim Bilimleri Programları | 8208 - İş İdaresi ve İktisat | 9113 - Ekonomi Politik ve Toplum Felsefesi | 9221 - Ekonomi ve İdari Bilimler / Ekonomi ve İdari Bilimler Programları | 4431 - Aşağıdaki lisans programlarından birinden mezun olmak. | 3226 - İşletme / İşletmecilik | 3227 - İşletme Bilgi Yönetimi | 3381 - Muhasebe ve Finansman | 5123 - Muhasebe ve Finansal Yönetim / Muhasebe ve Finans Yönetimi | 5143 - Yönetim Bilimleri / Yönetim Bilimleri Programları | 8207 - İş İdaresi | 8208 - İş İdaresi ve İktisat | 8296 - Yönetim ve Organizasyon | 8334 - Pazarlama | 9552 - İşletme-Maliye | 9584 - Yönetim Bilimleri ve Liderlik | 4459 - Aşağıdaki lisans programlarından birinden mezun olmak. | 3254 - Maliye | 4322 - Muhasebe ve Maliye | 8225 - Maliye-Muhasebe | 4503 - Aşağıdaki lisans programlarından birinden mezun olmak. | 3237 - Kamu Yönetimi | 3313 - Siyaset Bilimi | 3314 - Siyaset Bilimi ve Kamu Yönetimi | 6225 - M.E.B.'Dan Onaylı Bilgisayar İşletmeni Sertifikası Sahibi olmak.;fe759aa0-82ce-ef11-b177-a0369f7d1d8e
2025;3;303010766;Çevre, Şehircilik ve İklim Değişikliği Bakanlığı;Büro Personeli;İzmir;Lisans;2;14;;;"4421;3159;3213;4386;5106;8208;9113;9221;4431;3226;3227;3381;5123;5143;8207;8208;8296;8334;9552;9584;4459;3254;4322;8225;4503;3237;3313;3314;6225";4421 - Aşağıdaki lisans programlarından birinden mezun olmak. | 3159 - Ekonomi | 3213 - İktisat | 4386 - Uluslararası Ekonomi | 5106 - Ekonomi-Yönetim Bilimleri Programları | 8208 - İş İdaresi ve İktisat | 9113 - Ekonomi Politik ve Toplum Felsefesi | 9221 - Ekonomi ve İdari Bilimler / Ekonomi ve İdari Bilimler Programları | 4431 - Aşağıdaki lisans programlarından birinden mezun olmak. | 3226 - İşletme / İşletmecilik | 3227 - İşletme Bilgi Yönetimi | 3381 - Muhasebe ve Finansman | 5123 - Muhasebe ve Finansal Yönetim / Muhasebe ve Finans Yönetimi | 5143 - Yönetim Bilimleri / Yönetim Bilimleri Programları | 8207 - İş İdaresi | 8208 - İş İdaresi ve İktisat | 8296 - Yönetim ve Organizasyon | 8334 - Pazarlama | 9552 - İşletme-Maliye | 9584 - Yönetim Bilimleri ve Liderlik | 4459 - Aşağıdaki lisans programlarından birinden mezun olmak. | 3254 - Maliye | 4322 - Muhasebe ve Maliye | 8225 - Maliye-Muhasebe | 4503 - Aşağıdaki lisans programlarından birinden mezun olmak. | 3237 - Kamu Yönetimi | 3313 - Siyaset Bilimi | 3314 - Siyaset Bilimi ve Kamu Yönetimi | 6225 - M.E.B.'Dan Onaylı Bilgisayar İşletmeni Sertifikası Sahibi olmak.;ff759aa0-82ce-ef11-b177-a0369f7d1d8e
2025;3;303011459;Çevre, Şehircilik ve İklim Değişikliği Bakanlığı;Mühendis;İzmir;Lisans;1;2;;;"4677;3142";4677 - Aşağıdaki lisans programlarından birinden mezun olmak. | 3142 - Çevre Mühendisliği;fb759aa0-82ce-ef11-b177-a0369f7d1d8e
2025;3;303011627;Çevre, Şehircilik ve İklim Değişikliği Bakanlığı;Mühendis;İzmir;Lisans;2;0;;;"4669;3221";4669 - Aşağıdaki lisans programlarından birinden mezun olmak. | 3221 - İnşaat Mühendisliği;fa759aa0-82ce-ef11-b177-a0369f7d1d8e
2025;3;303010780;Çevre, Şehircilik ve İklim Değişikliği Bakanlığı;Büro Personeli;Kars;Lisans;2;12;;;"4421;3159;3213;4386;5106;8208;9113;9221;4431;3226;3227;3381;5123;5143;8207;8208;8296;8334;9552;9584;4459;3254;4322;8225;4503;3237;3313;3314;6225";4421 - Aşağıdaki lisans programlarından birinden mezun olmak. | 3159 - Ekonomi | 3213 - İktisat | 4386 - Uluslararası Ekonomi | 5106 - Ekonomi-Yönetim Bilimleri Programları | 8208 - İş İdaresi ve İktisat | 9113 - Ekonomi Politik ve Toplum Felsefesi | 9221 - Ekonomi ve İdari Bilimler / Ekonomi ve İdari Bilimler Programları | 4431 - Aşağıdaki lisans programlarından birinden mezun olmak. | 3226 - İşletme / İşletmecilik | 3227 - İşletme Bilgi Yönetimi | 3381 - Muhasebe ve Finansman | 5123 - Muhasebe ve Finansal Yönetim / Muhasebe ve Finans Yönetimi | 5143 - Yönetim Bilimleri / Yönetim Bilimleri Programları | 8207 - İş İdaresi | 8208 - İş İdaresi ve İktisat | 8296 - Yönetim ve Organizasyon | 8334 - Pazarlama | 9552 - İşletme-Maliye | 9584 - Yönetim Bilimleri ve Liderlik | 4459 - Aşağıdaki lisans programlarından birinden mezun olmak. | 3254 - Maliye | 4322 - Muhasebe ve Maliye | 8225 - Maliye-Muhasebe | 4503 - Aşağıdaki lisans programlarından birinden mezun olmak. | 3237 - Kamu Yönetimi | 3313 - Siyaset Bilimi | 3314 - Siyaset Bilimi ve Kamu Yönetimi | 6225 - M.E.B.'Dan Onaylı Bilgisayar İşletmeni Sertifikası Sahibi olmak.;00769aa0-82ce-ef11-b177-a0369f7d1d8e
2025;3;303010787;Çevre, Şehircilik ve İklim Değişikliği Bakanlığı;Büro Personeli;Kastamonu;Lisans;1;7;;;"4421;3159;3213;4386;5106;8208;9113;9221;4431;3226;3227;3381;5123;5143;8207;8208;8296;8334;9552;9584;4459;3254;4322;8225;4503;3237;3313;3314;6225";4421 - Aşağıdaki lisans programlarından birinden mezun olmak. | 3159 - Ekonomi | 3213 - İktisat | 4386 - Uluslararası Ekonomi | 5106 - Ekonomi-Yönetim Bilimleri Programları | 8208 - İş İdaresi ve İktisat | 9113 - Ekonomi Politik ve Toplum Felsefesi | 9221 - Ekonomi ve İdari Bilimler / Ekonomi ve İdari Bilimler Programları | 4431 - Aşağıdaki lisans programlarından birinden mezun olmak. | 3226 - İşletme / İşletmecilik | 3227 - İşletme Bilgi Yönetimi | 3381 - Muhasebe ve Finansman | 5123 - Muhasebe ve Finansal Yönetim / Muhasebe ve Finans Yönetimi | 5143 - Yönetim Bilimleri / Yönetim Bilimleri Programları | 8207 - İş İdaresi | 8208 - İş İdaresi ve İktisat | 8296 - Yönetim ve Organizasyon | 8334 - Pazarlama | 9552 - İşletme-Maliye | 9584 - Yönetim Bilimleri ve Liderlik | 4459 - Aşağıdaki lisans programlarından birinden mezun olmak. | 3254 - Maliye | 4322 - Muhasebe ve Maliye | 8225 - Maliye-Muhasebe | 4503 - Aşağıdaki lisans programlarından birinden mezun olmak. | 3237 - Kamu Yönetimi | 3313 - Siyaset Bilimi | 3314 - Siyaset Bilimi ve Kamu Yönetimi | 6225 - M.E.B.'Dan Onaylı Bilgisayar İşletmeni Sertifikası Sahibi olmak.;04769aa0-82ce-ef11-b177-a0369f7d1d8e
2025;3;303010794;Çevre, Şehircilik ve İklim Değişikliği Bakanlığı;Büro Personeli;Kastamonu;Lisans;1;7;;;"4421;3159;3213;4386;5106;8208;9113;9221;4431;3226;3227;3381;5123;5143;8207;8208;8296;8334;9552;9584;4459;3254;4322;8225;4503;3237;3313;3314;6225";4421 - Aşağıdaki lisans programlarından birinden mezun olmak. | 3159 - Ekonomi | 3213 - İktisat | 4386 - Uluslararası Ekonomi | 5106 - Ekonomi-Yönetim Bilimleri Programları | 8208 - İş İdaresi ve İktisat | 9113 - Ekonomi Politik ve Toplum Felsefesi | 9221 - Ekonomi ve İdari Bilimler / Ekonomi ve İdari Bilimler Programları | 4431 - Aşağıdaki lisans programlarından birinden mezun olmak. | 3226 - İşletme / İşletmecilik | 3227 - İşletme Bilgi Yönetimi | 3381 - Muhasebe ve Finansman | 5123 - Muhasebe ve Finansal Yönetim / Muhasebe ve Finans Yönetimi | 5143 - Yönetim Bilimleri / Yönetim Bilimleri Programları | 8207 - İş İdaresi | 8208 - İş İdaresi ve İktisat | 8296 - Yönetim ve Organizasyon | 8334 - Pazarlama | 9552 - İşletme-Maliye | 9584 - Yönetim Bilimleri ve Liderlik | 4459 - Aşağıdaki lisans programlarından birinden mezun olmak. | 3254 - Maliye | 4322 - Muhasebe ve Maliye | 8225 - Maliye-Muhasebe | 4503 - Aşağıdaki lisans programlarından birinden mezun olmak. | 3237 - Kamu Yönetimi | 3313 - Siyaset Bilimi | 3314 - Siyaset Bilimi ve Kamu Yönetimi | 6225 - M.E.B.'Dan Onaylı Bilgisayar İşletmeni Sertifikası Sahibi olmak.;05769aa0-82ce-ef11-b177-a0369f7d1d8e
2025;3;303010801;Çevre, Şehircilik ve İklim Değişikliği Bakanlığı;Büro Personeli;Kastamonu;Lisans;4;22;;;"4421;3159;3213;4386;5106;8208;9113;9221;4431;3226;3227;3381;5123;5143;8207;8208;8296;8334;9552;9584;4459;3254;4322;8225;4503;3237;3313;3314;6225";4421 - Aşağıdaki lisans programlarından birinden mezun olmak. | 3159 - Ekonomi | 3213 - İktisat | 4386 - Uluslararası Ekonomi | 5106 - Ekonomi-Yönetim Bilimleri Programları | 8208 - İş İdaresi ve İktisat | 9113 - Ekonomi Politik ve Toplum Felsefesi | 9221 - Ekonomi ve İdari Bilimler / Ekonomi ve İdari Bilimler Programları | 4431 - Aşağıdaki lisans programlarından birinden mezun olmak. | 3226 - İşletme / İşletmecilik | 3227 - İşletme Bilgi Yönetimi | 3381 - Muhasebe ve Finansman | 5123 - Muhasebe ve Finansal Yönetim / Muhasebe ve Finans Yönetimi | 5143 - Yönetim Bilimleri / Yönetim Bilimleri Programları | 8207 - İş İdaresi | 8208 - İş İdaresi ve İktisat | 8296 - Yönetim ve Organizasyon | 8334 - Pazarlama | 9552 - İşletme-Maliye | 9584 - Yönetim Bilimleri ve Liderlik | 4459 - Aşağıdaki lisans programlarından birinden mezun olmak. | 3254 - Maliye | 4322 - Muhasebe ve Maliye | 8225 - Maliye-Muhasebe | 4503 - Aşağıdaki lisans programlarından birinden mezun olmak. | 3237 - Kamu Yönetimi | 3313 - Siyaset Bilimi | 3314 - Siyaset Bilimi ve Kamu Yönetimi | 6225 - M.E.B.'Dan Onaylı Bilgisayar İşletmeni Sertifikası Sahibi olmak.;06769aa0-82ce-ef11-b177-a0369f7d1d8e
2025;3;303010808;Çevre, Şehircilik ve İklim Değişikliği Bakanlığı;Büro Personeli;Kastamonu;Lisans;1;7;;;"4421;3159;3213;4386;5106;8208;9113;9221;4431;3226;3227;3381;5123;5143;8207;8208;8296;8334;9552;9584;4459;3254;4322;8225;4503;3237;3313;3314;6225";4421 - Aşağıdaki lisans programlarından birinden mezun olmak. | 3159 - Ekonomi | 3213 - İktisat | 4386 - Uluslararası Ekonomi | 5106 - Ekonomi-Yönetim Bilimleri Programları | 8208 - İş İdaresi ve İktisat | 9113 - Ekonomi Politik ve Toplum Felsefesi | 9221 - Ekonomi ve İdari Bilimler / Ekonomi ve İdari Bilimler Programları | 4431 - Aşağıdaki lisans programlarından birinden mezun olmak. | 3226 - İşletme / İşletmecilik | 3227 - İşletme Bilgi Yönetimi | 3381 - Muhasebe ve Finansman | 5123 - Muhasebe ve Finansal Yönetim / Muhasebe ve Finans Yönetimi | 5143 - Yönetim Bilimleri / Yönetim Bilimleri Programları | 8207 - İş İdaresi | 8208 - İş İdaresi ve İktisat | 8296 - Yönetim ve Organizasyon | 8334 - Pazarlama | 9552 - İşletme-Maliye | 9584 - Yönetim Bilimleri ve Liderlik | 4459 - Aşağıdaki lisans programlarından birinden mezun olmak. | 3254 - Maliye | 4322 - Muhasebe ve Maliye | 8225 - Maliye-Muhasebe | 4503 - Aşağıdaki lisans programlarından birinden mezun olmak. | 3237 - Kamu Yönetimi | 3313 - Siyaset Bilimi | 3314 - Siyaset Bilimi ve Kamu Yönetimi | 6225 - M.E.B.'Dan Onaylı Bilgisayar İşletmeni Sertifikası Sahibi olmak.;07769aa0-82ce-ef11-b177-a0369f7d1d8e
2025;3;303010815;Çevre, Şehircilik ve İklim Değişikliği Bakanlığı;Büro Personeli;Kastamonu;Lisans;1;8;;;"4421;3159;3213;4386;5106;8208;9113;9221;4431;3226;3227;3381;5123;5143;8207;8208;8296;8334;9552;9584;4459;3254;4322;8225;4503;3237;3313;3314;6225";4421 - Aşağıdaki lisans programlarından birinden mezun olmak. | 3159 - Ekonomi | 3213 - İktisat | 4386 - Uluslararası Ekonomi | 5106 - Ekonomi-Yönetim Bilimleri Programları | 8208 - İş İdaresi ve İktisat | 9113 - Ekonomi Politik ve Toplum Felsefesi | 9221 - Ekonomi ve İdari Bilimler / Ekonomi ve İdari Bilimler Programları | 4431 - Aşağıdaki lisans programlarından birinden mezun olmak. | 3226 - İşletme / İşletmecilik | 3227 - İşletme Bilgi Yönetimi | 3381 - Muhasebe ve Finansman | 5123 - Muhasebe ve Finansal Yönetim / Muhasebe ve Finans Yönetimi | 5143 - Yönetim Bilimleri / Yönetim Bilimleri Programları | 8207 - İş İdaresi | 8208 - İş İdaresi ve İktisat | 8296 - Yönetim ve Organizasyon | 8334 - Pazarlama | 9552 - İşletme-Maliye | 9584 - Yönetim Bilimleri ve Liderlik | 4459 - Aşağıdaki lisans programlarından birinden mezun olmak. | 3254 - Maliye | 4322 - Muhasebe ve Maliye | 8225 - Maliye-Muhasebe | 4503 - Aşağıdaki lisans programlarından birinden mezun olmak. | 3237 - Kamu Yönetimi | 3313 - Siyaset Bilimi | 3314 - Siyaset Bilimi ve Kamu Yönetimi | 6225 - M.E.B.'Dan Onaylı Bilgisayar İşletmeni Sertifikası Sahibi olmak.;08769aa0-82ce-ef11-b177-a0369f7d1d8e
2025;3;303010143;Çevre, Şehircilik ve İklim Değişikliği Bakanlığı;Avukat;Kayseri;Lisans;1;0;;;"4419;3209;7205;7361";4419 - Aşağıdaki lisans programlarından birinden mezun olmak. | 3209 - Hukuk | 7205 - Avukatlık Ruhsatı Sahibi olmak. | 7361 - (Bakınız Başvurma Özel Şartları Bölümü Avukat).;0b769aa0-82ce-ef11-b177-a0369f7d1d8e
2025;3;303010822;Çevre, Şehircilik ve İklim Değişikliği Bakanlığı;Büro Personeli;Kayseri;Lisans;1;9;;;"4421;3159;3213;4386;5106;8208;9113;9221;4431;3226;3227;3381;5123;5143;8207;8208;8296;8334;9552;9584;4459;3254;4322;8225;4503;3237;3313;3314;6225";4421 - Aşağıdaki lisans programlarından birinden mezun olmak. | 3159 - Ekonomi | 3213 - İktisat | 4386 - Uluslararası Ekonomi | 5106 - Ekonomi-Yönetim Bilimleri Programları | 8208 - İş İdaresi ve İktisat | 9113 - Ekonomi Politik ve Toplum Felsefesi | 9221 - Ekonomi ve İdari Bilimler / Ekonomi ve İdari Bilimler Programları | 4431 - Aşağıdaki lisans programlarından birinden mezun olmak. | 3226 - İşletme / İşletmecilik | 3227 - İşletme Bilgi Yönetimi | 3381 - Muhasebe ve Finansman | 5123 - Muhasebe ve Finansal Yönetim / Muhasebe ve Finans Yönetimi | 5143 - Yönetim Bilimleri / Yönetim Bilimleri Programları | 8207 - İş İdaresi | 8208 - İş İdaresi ve İktisat | 8296 - Yönetim ve Organizasyon | 8334 - Pazarlama | 9552 - İşletme-Maliye | 9584 - Yönetim Bilimleri ve Liderlik | 4459 - Aşağıdaki lisans programlarından birinden mezun olmak. | 3254 - Maliye | 4322 - Muhasebe ve Maliye | 8225 - Maliye-Muhasebe | 4503 - Aşağıdaki lisans programlarından birinden mezun olmak. | 3237 - Kamu Yönetimi | 3313 - Siyaset Bilimi | 3314 - Siyaset Bilimi ve Kamu Yönetimi | 6225 - M.E.B.'Dan Onaylı Bilgisayar İşletmeni Sertifikası Sahibi olmak.;09769aa0-82ce-ef11-b177-a0369f7d1d8e
2025;3;303010829;Çevre, Şehircilik ve İklim Değişikliği Bakanlığı;Büro Personeli;Kayseri;Lisans;2;12;;;"4421;3159;3213;4386;5106;8208;9113;9221;4431;3226;3227;3381;5123;5143;8207;8208;8296;8334;9552;9584;4459;3254;4322;8225;4503;3237;3313;3314;6225";4421 - Aşağıdaki lisans programlarından birinden mezun olmak. | 3159 - Ekonomi | 3213 - İktisat | 4386 - Uluslararası Ekonomi | 5106 - Ekonomi-Yönetim Bilimleri Programları | 8208 - İş İdaresi ve İktisat | 9113 - Ekonomi Politik ve Toplum Felsefesi | 9221 - Ekonomi ve İdari Bilimler / Ekonomi ve İdari Bilimler Programları | 4431 - Aşağıdaki lisans programlarından birinden mezun olmak. | 3226 - İşletme / İşletmecilik | 3227 - İşletme Bilgi Yönetimi | 3381 - Muhasebe ve Finansman | 5123 - Muhasebe ve Finansal Yönetim / Muhasebe ve Finans Yönetimi | 5143 - Yönetim Bilimleri / Yönetim Bilimleri Programları | 8207 - İş İdaresi | 8208 - İş İdaresi ve İktisat | 8296 - Yönetim ve Organizasyon | 8334 - Pazarlama | 9552 - İşletme-Maliye | 9584 - Yönetim Bilimleri ve Liderlik | 4459 - Aşağıdaki lisans programlarından birinden mezun olmak. | 3254 - Maliye | 4322 - Muhasebe ve Maliye | 8225 - Maliye-Muhasebe | 4503 - Aşağıdaki lisans programlarından birinden mezun olmak. | 3237 - Kamu Yönetimi | 3313 - Siyaset Bilimi | 3314 - Siyaset Bilimi ve Kamu Yönetimi | 6225 - M.E.B.'Dan Onaylı Bilgisayar İşletmeni Sertifikası Sahibi olmak.;0a769aa0-82ce-ef11-b177-a0369f7d1d8e
2025;3;303010836;Çevre, Şehircilik ve İklim Değişikliği Bakanlığı;Büro Personeli;Kırklareli;Lisans;2;10;;;"4421;3159;3213;4386;5106;8208;9113;9221;4431;3226;3227;3381;5123;5143;8207;8208;8296;8334;9552;9584;4459;3254;4322;8225;4503;3237;3313;3314;6225";4421 - Aşağıdaki lisans programlarından birinden mezun olmak. | 3159 - Ekonomi | 3213 - İktisat | 4386 - Uluslararası Ekonomi | 5106 - Ekonomi-Yönetim Bilimleri Programları | 8208 - İş İdaresi ve İktisat | 9113 - Ekonomi Politik ve Toplum Felsefesi | 9221 - Ekonomi ve İdari Bilimler / Ekonomi ve İdari Bilimler Programları | 4431 - Aşağıdaki lisans programlarından birinden mezun olmak. | 3226 - İşletme / İşletmecilik | 3227 - İşletme Bilgi Yönetimi | 3381 - Muhasebe ve Finansman | 5123 - Muhasebe ve Finansal Yönetim / Muhasebe ve Finans Yönetimi | 5143 - Yönetim Bilimleri / Yönetim Bilimleri Programları | 8207 - İş İdaresi | 8208 - İş İdaresi ve İktisat | 8296 - Yönetim ve Organizasyon | 8334 - Pazarlama | 9552 - İşletme-Maliye | 9584 - Yönetim Bilimleri ve Liderlik | 4459 - Aşağıdaki lisans programlarından birinden mezun olmak. | 3254 - Maliye | 4322 - Muhasebe ve Maliye | 8225 - Maliye-Muhasebe | 4503 - Aşağıdaki lisans programlarından birinden mezun olmak. | 3237 - Kamu Yönetimi | 3313 - Siyaset Bilimi | 3314 - Siyaset Bilimi ve Kamu Yönetimi | 6225 - M.E.B.'Dan Onaylı Bilgisayar İşletmeni Sertifikası Sahibi olmak.;0f769aa0-82ce-ef11-b177-a0369f7d1d8e
2025;3;303010843;Çevre, Şehircilik ve İklim Değişikliği Bakanlığı;Büro Personeli;Kırşehir;Lisans;4;28;;;"4421;3159;3213;4386;5106;8208;9113;9221;4431;3226;3227;3381;5123;5143;8207;8208;8296;8334;9552;9584;4459;3254;4322;8225;4503;3237;3313;3314;6225";4421 - Aşağıdaki lisans programlarından birinden mezun olmak. | 3159 - Ekonomi | 3213 - İktisat | 4386 - Uluslararası Ekonomi | 5106 - Ekonomi-Yönetim Bilimleri Programları | 8208 - İş İdaresi ve İktisat | 9113 - Ekonomi Politik ve Toplum Felsefesi | 9221 - Ekonomi ve İdari Bilimler / Ekonomi ve İdari Bilimler Programları | 4431 - Aşağıdaki lisans programlarından birinden mezun olmak. | 3226 - İşletme / İşletmecilik | 3227 - İşletme Bilgi Yönetimi | 3381 - Muhasebe ve Finansman | 5123 - Muhasebe ve Finansal Yönetim / Muhasebe ve Finans Yönetimi | 5143 - Yönetim Bilimleri / Yönetim Bilimleri Programları | 8207 - İş İdaresi | 8208 - İş İdaresi ve İktisat | 8296 - Yönetim ve Organizasyon | 8334 - Pazarlama | 9552 - İşletme-Maliye | 9584 - Yönetim Bilimleri ve Liderlik | 4459 - Aşağıdaki lisans programlarından birinden mezun olmak. | 3254 - Maliye | 4322 - Muhasebe ve Maliye | 8225 - Maliye-Muhasebe | 4503 - Aşağıdaki lisans programlarından birinden mezun olmak. | 3237 - Kamu Yönetimi | 3313 - Siyaset Bilimi | 3314 - Siyaset Bilimi ve Kamu Yönetimi | 6225 - M.E.B.'Dan Onaylı Bilgisayar İşletmeni Sertifikası Sahibi olmak.;10769aa0-82ce-ef11-b177-a0369f7d1d8e
2025;3;303010864;Çevre, Şehircilik ve İklim Değişikliği Bakanlığı;Büro Personeli;Kocaeli;Lisans;3;19;;;"4421;3159;3213;4386;5106;8208;9113;9221;4431;3226;3227;3381;5123;5143;8207;8208;8296;8334;9552;9584;4459;3254;4322;8225;4503;3237;3313;3314;6225";4421 - Aşağıdaki lisans programlarından birinden mezun olmak. | 3159 - Ekonomi | 3213 - İktisat | 4386 - Uluslararası Ekonomi | 5106 - Ekonomi-Yönetim Bilimleri Programları | 8208 - İş İdaresi ve İktisat | 9113 - Ekonomi Politik ve Toplum Felsefesi | 9221 - Ekonomi ve İdari Bilimler / Ekonomi ve İdari Bilimler Programları | 4431 - Aşağıdaki lisans programlarından birinden mezun olmak. | 3226 - İşletme / İşletmecilik | 3227 - İşletme Bilgi Yönetimi | 3381 - Muhasebe ve Finansman | 5123 - Muhasebe ve Finansal Yönetim / Muhasebe ve Finans Yönetimi | 5143 - Yönetim Bilimleri / Yönetim Bilimleri Programları | 8207 - İş İdaresi | 8208 - İş İdaresi ve İktisat | 8296 - Yönetim ve Organizasyon | 8334 - Pazarlama | 9552 - İşletme-Maliye | 9584 - Yönetim Bilimleri ve Liderlik | 4459 - Aşağıdaki lisans programlarından birinden mezun olmak. | 3254 - Maliye | 4322 - Muhasebe ve Maliye | 8225 - Maliye-Muhasebe | 4503 - Aşağıdaki lisans programlarından birinden mezun olmak. | 3237 - Kamu Yönetimi | 3313 - Siyaset Bilimi | 3314 - Siyaset Bilimi ve Kamu Yönetimi | 6225 - M.E.B.'Dan Onaylı Bilgisayar İşletmeni Sertifikası Sahibi olmak.;13769aa0-82ce-ef11-b177-a0369f7d1d8e
2025;3;303010871;Çevre, Şehircilik ve İklim Değişikliği Bakanlığı;Büro Personeli;Konya;Lisans;2;13;;;"4421;3159;3213;4386;5106;8208;9113;9221;4431;3226;3227;3381;5123;5143;8207;8208;8296;8334;9552;9584;4459;3254;4322;8225;4503;3237;3313;3314;6225";4421 - Aşağıdaki lisans programlarından birinden mezun olmak. | 3159 - Ekonomi | 3213 - İktisat | 4386 - Uluslararası Ekonomi | 5106 - Ekonomi-Yönetim Bilimleri Programları | 8208 - İş İdaresi ve İktisat | 9113 - Ekonomi Politik ve Toplum Felsefesi | 9221 - Ekonomi ve İdari Bilimler / Ekonomi ve İdari Bilimler Programları | 4431 - Aşağıdaki lisans programlarından birinden mezun olmak. | 3226 - İşletme / İşletmecilik | 3227 - İşletme Bilgi Yönetimi | 3381 - Muhasebe ve Finansman | 5123 - Muhasebe ve Finansal Yönetim / Muhasebe ve Finans Yönetimi | 5143 - Yönetim Bilimleri / Yönetim Bilimleri Programları | 8207 - İş İdaresi | 8208 - İş İdaresi ve İktisat | 8296 - Yönetim ve Organizasyon | 8334 - Pazarlama | 9552 - İşletme-Maliye | 9584 - Yönetim Bilimleri ve Liderlik | 4459 - Aşağıdaki lisans programlarından birinden mezun olmak. | 3254 - Maliye | 4322 - Muhasebe ve Maliye | 8225 - Maliye-Muhasebe | 4503 - Aşağıdaki lisans programlarından birinden mezun olmak. | 3237 - Kamu Yönetimi | 3313 - Siyaset Bilimi | 3314 - Siyaset Bilimi ve Kamu Yönetimi | 6225 - M.E.B.'Dan Onaylı Bilgisayar İşletmeni Sertifikası Sahibi olmak.;14769aa0-82ce-ef11-b177-a0369f7d1d8e
2025;3;303010878;Çevre, Şehircilik ve İklim Değişikliği Bakanlığı;Büro Personeli;Konya;Lisans;1;8;;;"4421;3159;3213;4386;5106;8208;9113;9221;4431;3226;3227;3381;5123;5143;8207;8208;8296;8334;9552;9584;4459;3254;4322;8225;4503;3237;3313;3314;6225";4421 - Aşağıdaki lisans programlarından birinden mezun olmak. | 3159 - Ekonomi | 3213 - İktisat | 4386 - Uluslararası Ekonomi | 5106 - Ekonomi-Yönetim Bilimleri Programları | 8208 - İş İdaresi ve İktisat | 9113 - Ekonomi Politik ve Toplum Felsefesi | 9221 - Ekonomi ve İdari Bilimler / Ekonomi ve İdari Bilimler Programları | 4431 - Aşağıdaki lisans programlarından birinden mezun olmak. | 3226 - İşletme / İşletmecilik | 3227 - İşletme Bilgi Yönetimi | 3381 - Muhasebe ve Finansman | 5123 - Muhasebe ve Finansal Yönetim / Muhasebe ve Finans Yönetimi | 5143 - Yönetim Bilimleri / Yönetim Bilimleri Programları | 8207 - İş İdaresi | 8208 - İş İdaresi ve İktisat | 8296 - Yönetim ve Organizasyon | 8334 - Pazarlama | 9552 - İşletme-Maliye | 9584 - Yönetim Bilimleri ve Liderlik | 4459 - Aşağıdaki lisans programlarından birinden mezun olmak. | 3254 - Maliye | 4322 - Muhasebe ve Maliye | 8225 - Maliye-Muhasebe | 4503 - Aşağıdaki lisans programlarından birinden mezun olmak. | 3237 - Kamu Yönetimi | 3313 - Siyaset Bilimi | 3314 - Siyaset Bilimi ve Kamu Yönetimi | 6225 - M.E.B.'Dan Onaylı Bilgisayar İşletmeni Sertifikası Sahibi olmak.;15769aa0-82ce-ef11-b177-a0369f7d1d8e
2025;3;303010885;Çevre, Şehircilik ve İklim Değişikliği Bakanlığı;Büro Personeli;Konya;Lisans;1;9;;;"4421;3159;3213;4386;5106;8208;9113;9221;4431;3226;3227;3381;5123;5143;8207;8208;8296;8334;9552;9584;4459;3254;4322;8225;4503;3237;3313;3314;6225";4421 - Aşağıdaki lisans programlarından birinden mezun olmak. | 3159 - Ekonomi | 3213 - İktisat | 4386 - Uluslararası Ekonomi | 5106 - Ekonomi-Yönetim Bilimleri Programları | 8208 - İş İdaresi ve İktisat | 9113 - Ekonomi Politik ve Toplum Felsefesi | 9221 - Ekonomi ve İdari Bilimler / Ekonomi ve İdari Bilimler Programları | 4431 - Aşağıdaki lisans programlarından birinden mezun olmak. | 3226 - İşletme / İşletmecilik | 3227 - İşletme Bilgi Yönetimi | 3381 - Muhasebe ve Finansman | 5123 - Muhasebe ve Finansal Yönetim / Muhasebe ve Finans Yönetimi | 5143 - Yönetim Bilimleri / Yönetim Bilimleri Programları | 8207 - İş İdaresi | 8208 - İş İdaresi ve İktisat | 8296 - Yönetim ve Organizasyon | 8334 - Pazarlama | 9552 - İşletme-Maliye | 9584 - Yönetim Bilimleri ve Liderlik | 4459 - Aşağıdaki lisans programlarından birinden mezun olmak. | 3254 - Maliye | 4322 - Muhasebe ve Maliye | 8225 - Maliye-Muhasebe | 4503 - Aşağıdaki lisans programlarından birinden mezun olmak. | 3237 - Kamu Yönetimi | 3313 - Siyaset Bilimi | 3314 - Siyaset Bilimi ve Kamu Yönetimi | 6225 - M.E.B.'Dan Onaylı Bilgisayar İşletmeni Sertifikası Sahibi olmak.;16769aa0-82ce-ef11-b177-a0369f7d1d8e
2025;3;303010892;Çevre, Şehircilik ve İklim Değişikliği Bakanlığı;Büro Personeli;Konya;Lisans;1;8;;;"4421;3159;3213;4386;5106;8208;9113;9221;4431;3226;3227;3381;5123;5143;8207;8208;8296;8334;9552;9584;4459;3254;4322;8225;4503;3237;3313;3314;6225";4421 - Aşağıdaki lisans programlarından birinden mezun olmak. | 3159 - Ekonomi | 3213 - İktisat | 4386 - Uluslararası Ekonomi | 5106 - Ekonomi-Yönetim Bilimleri Programları | 8208 - İş İdaresi ve İktisat | 9113 - Ekonomi Politik ve Toplum Felsefesi | 9221 - Ekonomi ve İdari Bilimler / Ekonomi ve İdari Bilimler Programları | 4431 - Aşağıdaki lisans programlarından birinden mezun olmak. | 3226 - İşletme / İşletmecilik | 3227 - İşletme Bilgi Yönetimi | 3381 - Muhasebe ve Finansman | 5123 - Muhasebe ve Finansal Yönetim / Muhasebe ve Finans Yönetimi | 5143 - Yönetim Bilimleri / Yönetim Bilimleri Programları | 8207 - İş İdaresi | 8208 - İş İdaresi ve İktisat | 8296 - Yönetim ve Organizasyon | 8334 - Pazarlama | 9552 - İşletme-Maliye | 9584 - Yönetim Bilimleri ve Liderlik | 4459 - Aşağıdaki lisans programlarından birinden mezun olmak. | 3254 - Maliye | 4322 - Muhasebe ve Maliye | 8225 - Maliye-Muhasebe | 4503 - Aşağıdaki lisans programlarından birinden mezun olmak. | 3237 - Kamu Yönetimi | 3313 - Siyaset Bilimi | 3314 - Siyaset Bilimi ve Kamu Yönetimi | 6225 - M.E.B.'Dan Onaylı Bilgisayar İşletmeni Sertifikası Sahibi olmak.;17769aa0-82ce-ef11-b177-a0369f7d1d8e
2025;3;303010899;Çevre, Şehircilik ve İklim Değişikliği Bakanlığı;Büro Personeli;Konya;Lisans;1;7;;;"4421;3159;3213;4386;5106;8208;9113;9221;4431;3226;3227;3381;5123;5143;8207;8208;8296;8334;9552;9584;4459;3254;4322;8225;4503;3237;3313;3314;6225";4421 - Aşağıdaki lisans programlarından birinden mezun olmak. | 3159 - Ekonomi | 3213 - İktisat | 4386 - Uluslararası Ekonomi | 5106 - Ekonomi-Yönetim Bilimleri Programları | 8208 - İş İdaresi ve İktisat | 9113 - Ekonomi Politik ve Toplum Felsefesi | 9221 - Ekonomi ve İdari Bilimler / Ekonomi ve İdari Bilimler Programları | 4431 - Aşağıdaki lisans programlarından birinden mezun olmak. | 3226 - İşletme / İşletmecilik | 3227 - İşletme Bilgi Yönetimi | 3381 - Muhasebe ve Finansman | 5123 - Muhasebe ve Finansal Yönetim / Muhasebe ve Finans Yönetimi | 5143 - Yönetim Bilimleri / Yönetim Bilimleri Programları | 8207 - İş İdaresi | 8208 - İş İdaresi ve İktisat | 8296 - Yönetim ve Organizasyon | 8334 - Pazarlama | 9552 - İşletme-Maliye | 9584 - Yönetim Bilimleri ve Liderlik | 4459 - Aşağıdaki lisans programlarından birinden mezun olmak. | 3254 - Maliye | 4322 - Muhasebe ve Maliye | 8225 - Maliye-Muhasebe | 4503 - Aşağıdaki lisans programlarından birinden mezun olmak. | 3237 - Kamu Yönetimi | 3313 - Siyaset Bilimi | 3314 - Siyaset Bilimi ve Kamu Yönetimi | 6225 - M.E.B.'Dan Onaylı Bilgisayar İşletmeni Sertifikası Sahibi olmak.;18769aa0-82ce-ef11-b177-a0369f7d1d8e
2025;3;303010906;Çevre, Şehircilik ve İklim Değişikliği Bakanlığı;Büro Personeli;Konya;Lisans;1;8;;;"4421;3159;3213;4386;5106;8208;9113;9221;4431;3226;3227;3381;5123;5143;8207;8208;8296;8334;9552;9584;4459;3254;4322;8225;4503;3237;3313;3314;6225";4421 - Aşağıdaki lisans programlarından birinden mezun olmak. | 3159 - Ekonomi | 3213 - İktisat | 4386 - Uluslararası Ekonomi | 5106 - Ekonomi-Yönetim Bilimleri Programları | 8208 - İş İdaresi ve İktisat | 9113 - Ekonomi Politik ve Toplum Felsefesi | 9221 - Ekonomi ve İdari Bilimler / Ekonomi ve İdari Bilimler Programları | 4431 - Aşağıdaki lisans programlarından birinden mezun olmak. | 3226 - İşletme / İşletmecilik | 3227 - İşletme Bilgi Yönetimi | 3381 - Muhasebe ve Finansman | 5123 - Muhasebe ve Finansal Yönetim / Muhasebe ve Finans Yönetimi | 5143 - Yönetim Bilimleri / Yönetim Bilimleri Programları | 8207 - İş İdaresi | 8208 - İş İdaresi ve İktisat | 8296 - Yönetim ve Organizasyon | 8334 - Pazarlama | 9552 - İşletme-Maliye | 9584 - Yönetim Bilimleri ve Liderlik | 4459 - Aşağıdaki lisans programlarından birinden mezun olmak. | 3254 - Maliye | 4322 - Muhasebe ve Maliye | 8225 - Maliye-Muhasebe | 4503 - Aşağıdaki lisans programlarından birinden mezun olmak. | 3237 - Kamu Yönetimi | 3313 - Siyaset Bilimi | 3314 - Siyaset Bilimi ve Kamu Yönetimi | 6225 - M.E.B.'Dan Onaylı Bilgisayar İşletmeni Sertifikası Sahibi olmak.;19769aa0-82ce-ef11-b177-a0369f7d1d8e
2025;3;303010913;Çevre, Şehircilik ve İklim Değişikliği Bakanlığı;Büro Personeli;Konya;Lisans;1;7;;;"4421;3159;3213;4386;5106;8208;9113;9221;4431;3226;3227;3381;5123;5143;8207;8208;8296;8334;9552;9584;4459;3254;4322;8225;4503;3237;3313;3314;6225";4421 - Aşağıdaki lisans programlarından birinden mezun olmak. | 3159 - Ekonomi | 3213 - İktisat | 4386 - Uluslararası Ekonomi | 5106 - Ekonomi-Yönetim Bilimleri Programları | 8208 - İş İdaresi ve İktisat | 9113 - Ekonomi Politik ve Toplum Felsefesi | 9221 - Ekonomi ve İdari Bilimler / Ekonomi ve İdari Bilimler Programları | 4431 - Aşağıdaki lisans programlarından birinden mezun olmak. | 3226 - İşletme / İşletmecilik | 3227 - İşletme Bilgi Yönetimi | 3381 - Muhasebe ve Finansman | 5123 - Muhasebe ve Finansal Yönetim / Muhasebe ve Finans Yönetimi | 5143 - Yönetim Bilimleri / Yönetim Bilimleri Programları | 8207 - İş İdaresi | 8208 - İş İdaresi ve İktisat | 8296 - Yönetim ve Organizasyon | 8334 - Pazarlama | 9552 - İşletme-Maliye | 9584 - Yönetim Bilimleri ve Liderlik | 4459 - Aşağıdaki lisans programlarından birinden mezun olmak. | 3254 - Maliye | 4322 - Muhasebe ve Maliye | 8225 - Maliye-Muhasebe | 4503 - Aşağıdaki lisans programlarından birinden mezun olmak. | 3237 - Kamu Yönetimi | 3313 - Siyaset Bilimi | 3314 - Siyaset Bilimi ve Kamu Yönetimi | 6225 - M.E.B.'Dan Onaylı Bilgisayar İşletmeni Sertifikası Sahibi olmak.;1a769aa0-82ce-ef11-b177-a0369f7d1d8e
2025;3;303010920;Çevre, Şehircilik ve İklim Değişikliği Bakanlığı;Büro Personeli;Konya;Lisans;2;13;;;"4421;3159;3213;4386;5106;8208;9113;9221;4431;3226;3227;3381;5123;5143;8207;8208;8296;8334;9552;9584;4459;3254;4322;8225;4503;3237;3313;3314;6225";4421 - Aşağıdaki lisans programlarından birinden mezun olmak. | 3159 - Ekonomi | 3213 - İktisat | 4386 - Uluslararası Ekonomi | 5106 - Ekonomi-Yönetim Bilimleri Programları | 8208 - İş İdaresi ve İktisat | 9113 - Ekonomi Politik ve Toplum Felsefesi | 9221 - Ekonomi ve İdari Bilimler / Ekonomi ve İdari Bilimler Programları | 4431 - Aşağıdaki lisans programlarından birinden mezun olmak. | 3226 - İşletme / İşletmecilik | 3227 - İşletme Bilgi Yönetimi | 3381 - Muhasebe ve Finansman | 5123 - Muhasebe ve Finansal Yönetim / Muhasebe ve Finans Yönetimi | 5143 - Yönetim Bilimleri / Yönetim Bilimleri Programları | 8207 - İş İdaresi | 8208 - İş İdaresi ve İktisat | 8296 - Yönetim ve Organizasyon | 8334 - Pazarlama | 9552 - İşletme-Maliye | 9584 - Yönetim Bilimleri ve Liderlik | 4459 - Aşağıdaki lisans programlarından birinden mezun olmak. | 3254 - Maliye | 4322 - Muhasebe ve Maliye | 8225 - Maliye-Muhasebe | 4503 - Aşağıdaki lisans programlarından birinden mezun olmak. | 3237 - Kamu Yönetimi | 3313 - Siyaset Bilimi | 3314 - Siyaset Bilimi ve Kamu Yönetimi | 6225 - M.E.B.'Dan Onaylı Bilgisayar İşletmeni Sertifikası Sahibi olmak.;1b769aa0-82ce-ef11-b177-a0369f7d1d8e
2025;3;303010927;Çevre, Şehircilik ve İklim Değişikliği Bakanlığı;Büro Personeli;Kütahya;Lisans;2;14;;;"4421;3159;3213;4386;5106;8208;9113;9221;4431;3226;3227;3381;5123;5143;8207;8208;8296;8334;9552;9584;4459;3254;4322;8225;4503;3237;3313;3314;6225";4421 - Aşağıdaki lisans programlarından birinden mezun olmak. | 3159 - Ekonomi | 3213 - İktisat | 4386 - Uluslararası Ekonomi | 5106 - Ekonomi-Yönetim Bilimleri Programları | 8208 - İş İdaresi ve İktisat | 9113 - Ekonomi Politik ve Toplum Felsefesi | 9221 - Ekonomi ve İdari Bilimler / Ekonomi ve İdari Bilimler Programları | 4431 - Aşağıdaki lisans programlarından birinden mezun olmak. | 3226 - İşletme / İşletmecilik | 3227 - İşletme Bilgi Yönetimi | 3381 - Muhasebe ve Finansman | 5123 - Muhasebe ve Finansal Yönetim / Muhasebe ve Finans Yönetimi | 5143 - Yönetim Bilimleri / Yönetim Bilimleri Programları | 8207 - İş İdaresi | 8208 - İş İdaresi ve İktisat | 8296 - Yönetim ve Organizasyon | 8334 - Pazarlama | 9552 - İşletme-Maliye | 9584 - Yönetim Bilimleri ve Liderlik | 4459 - Aşağıdaki lisans programlarından birinden mezun olmak. | 3254 - Maliye | 4322 - Muhasebe ve Maliye | 8225 - Maliye-Muhasebe | 4503 - Aşağıdaki lisans programlarından birinden mezun olmak. | 3237 - Kamu Yönetimi | 3313 - Siyaset Bilimi | 3314 - Siyaset Bilimi ve Kamu Yönetimi | 6225 - M.E.B.'Dan Onaylı Bilgisayar İşletmeni Sertifikası Sahibi olmak.;1d769aa0-82ce-ef11-b177-a0369f7d1d8e
2025;3;303010934;Çevre, Şehircilik ve İklim Değişikliği Bakanlığı;Büro Personeli;Kütahya;Lisans;1;11;;;"4421;3159;3213;4386;5106;8208;9113;9221;4431;3226;3227;3381;5123;5143;8207;8208;8296;8334;9552;9584;4459;3254;4322;8225;4503;3237;3313;3314;6225";4421 - Aşağıdaki lisans programlarından birinden mezun olmak. | 3159 - Ekonomi | 3213 - İktisat | 4386 - Uluslararası Ekonomi | 5106 - Ekonomi-Yönetim Bilimleri Programları | 8208 - İş İdaresi ve İktisat | 9113 - Ekonomi Politik ve Toplum Felsefesi | 9221 - Ekonomi ve İdari Bilimler / Ekonomi ve İdari Bilimler Programları | 4431 - Aşağıdaki lisans programlarından birinden mezun olmak. | 3226 - İşletme / İşletmecilik | 3227 - İşletme Bilgi Yönetimi | 3381 - Muhasebe ve Finansman | 5123 - Muhasebe ve Finansal Yönetim / Muhasebe ve Finans Yönetimi | 5143 - Yönetim Bilimleri / Yönetim Bilimleri Programları | 8207 - İş İdaresi | 8208 - İş İdaresi ve İktisat | 8296 - Yönetim ve Organizasyon | 8334 - Pazarlama | 9552 - İşletme-Maliye | 9584 - Yönetim Bilimleri ve Liderlik | 4459 - Aşağıdaki lisans programlarından birinden mezun olmak. | 3254 - Maliye | 4322 - Muhasebe ve Maliye | 8225 - Maliye-Muhasebe | 4503 - Aşağıdaki lisans programlarından birinden mezun olmak. | 3237 - Kamu Yönetimi | 3313 - Siyaset Bilimi | 3314 - Siyaset Bilimi ve Kamu Yönetimi | 6225 - M.E.B.'Dan Onaylı Bilgisayar İşletmeni Sertifikası Sahibi olmak.;1e769aa0-82ce-ef11-b177-a0369f7d1d8e
2025;3;303010941;Çevre, Şehircilik ve İklim Değişikliği Bakanlığı;Büro Personeli;Kütahya;Lisans;1;8;;;"4421;3159;3213;4386;5106;8208;9113;9221;4431;3226;3227;3381;5123;5143;8207;8208;8296;8334;9552;9584;4459;3254;4322;8225;4503;3237;3313;3314;6225";4421 - Aşağıdaki lisans programlarından birinden mezun olmak. | 3159 - Ekonomi | 3213 - İktisat | 4386 - Uluslararası Ekonomi | 5106 - Ekonomi-Yönetim Bilimleri Programları | 8208 - İş İdaresi ve İktisat | 9113 - Ekonomi Politik ve Toplum Felsefesi | 9221 - Ekonomi ve İdari Bilimler / Ekonomi ve İdari Bilimler Programları | 4431 - Aşağıdaki lisans programlarından birinden mezun olmak. | 3226 - İşletme / İşletmecilik | 3227 - İşletme Bilgi Yönetimi | 3381 - Muhasebe ve Finansman | 5123 - Muhasebe ve Finansal Yönetim / Muhasebe ve Finans Yönetimi | 5143 - Yönetim Bilimleri / Yönetim Bilimleri Programları | 8207 - İş İdaresi | 8208 - İş İdaresi ve İktisat | 8296 - Yönetim ve Organizasyon | 8334 - Pazarlama | 9552 - İşletme-Maliye | 9584 - Yönetim Bilimleri ve Liderlik | 4459 - Aşağıdaki lisans programlarından birinden mezun olmak. | 3254 - Maliye | 4322 - Muhasebe ve Maliye | 8225 - Maliye-Muhasebe | 4503 - Aşağıdaki lisans programlarından birinden mezun olmak. | 3237 - Kamu Yönetimi | 3313 - Siyaset Bilimi | 3314 - Siyaset Bilimi ve Kamu Yönetimi | 6225 - M.E.B.'Dan Onaylı Bilgisayar İşletmeni Sertifikası Sahibi olmak.;1f769aa0-82ce-ef11-b177-a0369f7d1d8e
2025;3;303010948;Çevre, Şehircilik ve İklim Değişikliği Bakanlığı;Büro Personeli;Malatya;Lisans;8;30;;;"4421;3159;3213;4386;5106;8208;9113;9221;4431;3226;3227;3381;5123;5143;8207;8208;8296;8334;9552;9584;4459;3254;4322;8225;4503;3237;3313;3314;6225";4421 - Aşağıdaki lisans programlarından birinden mezun olmak. | 3159 - Ekonomi | 3213 - İktisat | 4386 - Uluslararası Ekonomi | 5106 - Ekonomi-Yönetim Bilimleri Programları | 8208 - İş İdaresi ve İktisat | 9113 - Ekonomi Politik ve Toplum Felsefesi | 9221 - Ekonomi ve İdari Bilimler / Ekonomi ve İdari Bilimler Programları | 4431 - Aşağıdaki lisans programlarından birinden mezun olmak. | 3226 - İşletme / İşletmecilik | 3227 - İşletme Bilgi Yönetimi | 3381 - Muhasebe ve Finansman | 5123 - Muhasebe ve Finansal Yönetim / Muhasebe ve Finans Yönetimi | 5143 - Yönetim Bilimleri / Yönetim Bilimleri Programları | 8207 - İş İdaresi | 8208 - İş İdaresi ve İktisat | 8296 - Yönetim ve Organizasyon | 8334 - Pazarlama | 9552 - İşletme-Maliye | 9584 - Yönetim Bilimleri ve Liderlik | 4459 - Aşağıdaki lisans programlarından birinden mezun olmak. | 3254 - Maliye | 4322 - Muhasebe ve Maliye | 8225 - Maliye-Muhasebe | 4503 - Aşağıdaki lisans programlarından birinden mezun olmak. | 3237 - Kamu Yönetimi | 3313 - Siyaset Bilimi | 3314 - Siyaset Bilimi ve Kamu Yönetimi | 6225 - M.E.B.'Dan Onaylı Bilgisayar İşletmeni Sertifikası Sahibi olmak.;20769aa0-82ce-ef11-b177-a0369f7d1d8e
2025;3;303011641;Çevre, Şehircilik ve İklim Değişikliği Bakanlığı;Mühendis;Malatya;Lisans;2;0;;;"4669;3221";4669 - Aşağıdaki lisans programlarından birinden mezun olmak. | 3221 - İnşaat Mühendisliği;21769aa0-82ce-ef11-b177-a0369f7d1d8e
2025;3;303010955;Çevre, Şehircilik ve İklim Değişikliği Bakanlığı;Büro Personeli;Manisa;Lisans;2;12;;;"4421;3159;3213;4386;5106;8208;9113;9221;4431;3226;3227;3381;5123;5143;8207;8208;8296;8334;9552;9584;4459;3254;4322;8225;4503;3237;3313;3314;6225";4421 - Aşağıdaki lisans programlarından birinden mezun olmak. | 3159 - Ekonomi | 3213 - İktisat | 4386 - Uluslararası Ekonomi | 5106 - Ekonomi-Yönetim Bilimleri Programları | 8208 - İş İdaresi ve İktisat | 9113 - Ekonomi Politik ve Toplum Felsefesi | 9221 - Ekonomi ve İdari Bilimler / Ekonomi ve İdari Bilimler Programları | 4431 - Aşağıdaki lisans programlarından birinden mezun olmak. | 3226 - İşletme / İşletmecilik | 3227 - İşletme Bilgi Yönetimi | 3381 - Muhasebe ve Finansman | 5123 - Muhasebe ve Finansal Yönetim / Muhasebe ve Finans Yönetimi | 5143 - Yönetim Bilimleri / Yönetim Bilimleri Programları | 8207 - İş İdaresi | 8208 - İş İdaresi ve İktisat | 8296 - Yönetim ve Organizasyon | 8334 - Pazarlama | 9552 - İşletme-Maliye | 9584 - Yönetim Bilimleri ve Liderlik | 4459 - Aşağıdaki lisans programlarından birinden mezun olmak. | 3254 - Maliye | 4322 - Muhasebe ve Maliye | 8225 - Maliye-Muhasebe | 4503 - Aşağıdaki lisans programlarından birinden mezun olmak. | 3237 - Kamu Yönetimi | 3313 - Siyaset Bilimi | 3314 - Siyaset Bilimi ve Kamu Yönetimi | 6225 - M.E.B.'Dan Onaylı Bilgisayar İşletmeni Sertifikası Sahibi olmak.;25769aa0-82ce-ef11-b177-a0369f7d1d8e
2025;3;303010962;Çevre, Şehircilik ve İklim Değişikliği Bakanlığı;Büro Personeli;Manisa;Lisans;2;11;;;"4421;3159;3213;4386;5106;8208;9113;9221;4431;3226;3227;3381;5123;5143;8207;8208;8296;8334;9552;9584;4459;3254;4322;8225;4503;3237;3313;3314;6225";4421 - Aşağıdaki lisans programlarından birinden mezun olmak. | 3159 - Ekonomi | 3213 - İktisat | 4386 - Uluslararası Ekonomi | 5106 - Ekonomi-Yönetim Bilimleri Programları | 8208 - İş İdaresi ve İktisat | 9113 - Ekonomi Politik ve Toplum Felsefesi | 9221 - Ekonomi ve İdari Bilimler / Ekonomi ve İdari Bilimler Programları | 4431 - Aşağıdaki lisans programlarından birinden mezun olmak. | 3226 - İşletme / İşletmecilik | 3227 - İşletme Bilgi Yönetimi | 3381 - Muhasebe ve Finansman | 5123 - Muhasebe ve Finansal Yönetim / Muhasebe ve Finans Yönetimi | 5143 - Yönetim Bilimleri / Yönetim Bilimleri Programları | 8207 - İş İdaresi | 8208 - İş İdaresi ve İktisat | 8296 - Yönetim ve Organizasyon | 8334 - Pazarlama | 9552 - İşletme-Maliye | 9584 - Yönetim Bilimleri ve Liderlik | 4459 - Aşağıdaki lisans programlarından birinden mezun olmak. | 3254 - Maliye | 4322 - Muhasebe ve Maliye | 8225 - Maliye-Muhasebe | 4503 - Aşağıdaki lisans programlarından birinden mezun olmak. | 3237 - Kamu Yönetimi | 3313 - Siyaset Bilimi | 3314 - Siyaset Bilimi ve Kamu Yönetimi | 6225 - M.E.B.'Dan Onaylı Bilgisayar İşletmeni Sertifikası Sahibi olmak.;26769aa0-82ce-ef11-b177-a0369f7d1d8e
2025;3;303010969;Çevre, Şehircilik ve İklim Değişikliği Bakanlığı;Büro Personeli;Manisa;Lisans;1;7;;;"4421;3159;3213;4386;5106;8208;9113;9221;4431;3226;3227;3381;5123;5143;8207;8208;8296;8334;9552;9584;4459;3254;4322;8225;4503;3237;3313;3314;6225";4421 - Aşağıdaki lisans programlarından birinden mezun olmak. | 3159 - Ekonomi | 3213 - İktisat | 4386 - Uluslararası Ekonomi | 5106 - Ekonomi-Yönetim Bilimleri Programları | 8208 - İş İdaresi ve İktisat | 9113 - Ekonomi Politik ve Toplum Felsefesi | 9221 - Ekonomi ve İdari Bilimler / Ekonomi ve İdari Bilimler Programları | 4431 - Aşağıdaki lisans programlarından birinden mezun olmak. | 3226 - İşletme / İşletmecilik | 3227 - İşletme Bilgi Yönetimi | 3381 - Muhasebe ve Finansman | 5123 - Muhasebe ve Finansal Yönetim / Muhasebe ve Finans Yönetimi | 5143 - Yönetim Bilimleri / Yönetim Bilimleri Programları | 8207 - İş İdaresi | 8208 - İş İdaresi ve İktisat | 8296 - Yönetim ve Organizasyon | 8334 - Pazarlama | 9552 - İşletme-Maliye | 9584 - Yönetim Bilimleri ve Liderlik | 4459 - Aşağıdaki lisans programlarından birinden mezun olmak. | 3254 - Maliye | 4322 - Muhasebe ve Maliye | 8225 - Maliye-Muhasebe | 4503 - Aşağıdaki lisans programlarından birinden mezun olmak. | 3237 - Kamu Yönetimi | 3313 - Siyaset Bilimi | 3314 - Siyaset Bilimi ve Kamu Yönetimi | 6225 - M.E.B.'Dan Onaylı Bilgisayar İşletmeni Sertifikası Sahibi olmak.;27769aa0-82ce-ef11-b177-a0369f7d1d8e
2025;3;303010976;Çevre, Şehircilik ve İklim Değişikliği Bakanlığı;Büro Personeli;Manisa;Lisans;1;6;;;"4421;3159;3213;4386;5106;8208;9113;9221;4431;3226;3227;3381;5123;5143;8207;8208;8296;8334;9552;9584;4459;3254;4322;8225;4503;3237;3313;3314;6225";4421 - Aşağıdaki lisans programlarından birinden mezun olmak. | 3159 - Ekonomi | 3213 - İktisat | 4386 - Uluslararası Ekonomi | 5106 - Ekonomi-Yönetim Bilimleri Programları | 8208 - İş İdaresi ve İktisat | 9113 - Ekonomi Politik ve Toplum Felsefesi | 9221 - Ekonomi ve İdari Bilimler / Ekonomi ve İdari Bilimler Programları | 4431 - Aşağıdaki lisans programlarından birinden mezun olmak. | 3226 - İşletme / İşletmecilik | 3227 - İşletme Bilgi Yönetimi | 3381 - Muhasebe ve Finansman | 5123 - Muhasebe ve Finansal Yönetim / Muhasebe ve Finans Yönetimi | 5143 - Yönetim Bilimleri / Yönetim Bilimleri Programları | 8207 - İş İdaresi | 8208 - İş İdaresi ve İktisat | 8296 - Yönetim ve Organizasyon | 8334 - Pazarlama | 9552 - İşletme-Maliye | 9584 - Yönetim Bilimleri ve Liderlik | 4459 - Aşağıdaki lisans programlarından birinden mezun olmak. | 3254 - Maliye | 4322 - Muhasebe ve Maliye | 8225 - Maliye-Muhasebe | 4503 - Aşağıdaki lisans programlarından birinden mezun olmak. | 3237 - Kamu Yönetimi | 3313 - Siyaset Bilimi | 3314 - Siyaset Bilimi ve Kamu Yönetimi | 6225 - M.E.B.'Dan Onaylı Bilgisayar İşletmeni Sertifikası Sahibi olmak.;28769aa0-82ce-ef11-b177-a0369f7d1d8e
2025;3;303010983;Çevre, Şehircilik ve İklim Değişikliği Bakanlığı;Büro Personeli;Manisa;Lisans;1;9;;;"4421;3159;3213;4386;5106;8208;9113;9221;4431;3226;3227;3381;5123;5143;8207;8208;8296;8334;9552;9584;4459;3254;4322;8225;4503;3237;3313;3314;6225";4421 - Aşağıdaki lisans programlarından birinden mezun olmak. | 3159 - Ekonomi | 3213 - İktisat | 4386 - Uluslararası Ekonomi | 5106 - Ekonomi-Yönetim Bilimleri Programları | 8208 - İş İdaresi ve İktisat | 9113 - Ekonomi Politik ve Toplum Felsefesi | 9221 - Ekonomi ve İdari Bilimler / Ekonomi ve İdari Bilimler Programları | 4431 - Aşağıdaki lisans programlarından birinden mezun olmak. | 3226 - İşletme / İşletmecilik | 3227 - İşletme Bilgi Yönetimi | 3381 - Muhasebe ve Finansman | 5123 - Muhasebe ve Finansal Yönetim / Muhasebe ve Finans Yönetimi | 5143 - Yönetim Bilimleri / Yönetim Bilimleri Programları | 8207 - İş İdaresi | 8208 - İş İdaresi ve İktisat | 8296 - Yönetim ve Organizasyon | 8334 - Pazarlama | 9552 - İşletme-Maliye | 9584 - Yönetim Bilimleri ve Liderlik | 4459 - Aşağıdaki lisans programlarından birinden mezun olmak. | 3254 - Maliye | 4322 - Muhasebe ve Maliye | 8225 - Maliye-Muhasebe | 4503 - Aşağıdaki lisans programlarından birinden mezun olmak. | 3237 - Kamu Yönetimi | 3313 - Siyaset Bilimi | 3314 - Siyaset Bilimi ve Kamu Yönetimi | 6225 - M.E.B.'Dan Onaylı Bilgisayar İşletmeni Sertifikası Sahibi olmak.;29769aa0-82ce-ef11-b177-a0369f7d1d8e
2025;3;303010990;Çevre, Şehircilik ve İklim Değişikliği Bakanlığı;Büro Personeli;Manisa;Lisans;1;8;;;"4421;3159;3213;4386;5106;8208;9113;9221;4431;3226;3227;3381;5123;5143;8207;8208;8296;8334;9552;9584;4459;3254;4322;8225;4503;3237;3313;3314;6225";4421 - Aşağıdaki lisans programlarından birinden mezun olmak. | 3159 - Ekonomi | 3213 - İktisat | 4386 - Uluslararası Ekonomi | 5106 - Ekonomi-Yönetim Bilimleri Programları | 8208 - İş İdaresi ve İktisat | 9113 - Ekonomi Politik ve Toplum Felsefesi | 9221 - Ekonomi ve İdari Bilimler / Ekonomi ve İdari Bilimler Programları | 4431 - Aşağıdaki lisans programlarından birinden mezun olmak. | 3226 - İşletme / İşletmecilik | 3227 - İşletme Bilgi Yönetimi | 3381 - Muhasebe ve Finansman | 5123 - Muhasebe ve Finansal Yönetim / Muhasebe ve Finans Yönetimi | 5143 - Yönetim Bilimleri / Yönetim Bilimleri Programları | 8207 - İş İdaresi | 8208 - İş İdaresi ve İktisat | 8296 - Yönetim ve Organizasyon | 8334 - Pazarlama | 9552 - İşletme-Maliye | 9584 - Yönetim Bilimleri ve Liderlik | 4459 - Aşağıdaki lisans programlarından birinden mezun olmak. | 3254 - Maliye | 4322 - Muhasebe ve Maliye | 8225 - Maliye-Muhasebe | 4503 - Aşağıdaki lisans programlarından birinden mezun olmak. | 3237 - Kamu Yönetimi | 3313 - Siyaset Bilimi | 3314 - Siyaset Bilimi ve Kamu Yönetimi | 6225 - M.E.B.'Dan Onaylı Bilgisayar İşletmeni Sertifikası Sahibi olmak.;2a769aa0-82ce-ef11-b177-a0369f7d1d8e
2025;3;303010997;Çevre, Şehircilik ve İklim Değişikliği Bakanlığı;Büro Personeli;Manisa;Lisans;1;10;;;"4421;3159;3213;4386;5106;8208;9113;9221;4431;3226;3227;3381;5123;5143;8207;8208;8296;8334;9552;9584;4459;3254;4322;8225;4503;3237;3313;3314;6225";4421 - Aşağıdaki lisans programlarından birinden mezun olmak. | 3159 - Ekonomi | 3213 - İktisat | 4386 - Uluslararası Ekonomi | 5106 - Ekonomi-Yönetim Bilimleri Programları | 8208 - İş İdaresi ve İktisat | 9113 - Ekonomi Politik ve Toplum Felsefesi | 9221 - Ekonomi ve İdari Bilimler / Ekonomi ve İdari Bilimler Programları | 4431 - Aşağıdaki lisans programlarından birinden mezun olmak. | 3226 - İşletme / İşletmecilik | 3227 - İşletme Bilgi Yönetimi | 3381 - Muhasebe ve Finansman | 5123 - Muhasebe ve Finansal Yönetim / Muhasebe ve Finans Yönetimi | 5143 - Yönetim Bilimleri / Yönetim Bilimleri Programları | 8207 - İş İdaresi | 8208 - İş İdaresi ve İktisat | 8296 - Yönetim ve Organizasyon | 8334 - Pazarlama | 9552 - İşletme-Maliye | 9584 - Yönetim Bilimleri ve Liderlik | 4459 - Aşağıdaki lisans programlarından birinden mezun olmak. | 3254 - Maliye | 4322 - Muhasebe ve Maliye | 8225 - Maliye-Muhasebe | 4503 - Aşağıdaki lisans programlarından birinden mezun olmak. | 3237 - Kamu Yönetimi | 3313 - Siyaset Bilimi | 3314 - Siyaset Bilimi ve Kamu Yönetimi | 6225 - M.E.B.'Dan Onaylı Bilgisayar İşletmeni Sertifikası Sahibi olmak.;2b769aa0-82ce-ef11-b177-a0369f7d1d8e
2025;3;303010773;Çevre, Şehircilik ve İklim Değişikliği Bakanlığı;Büro Personeli;Kahramanmaraş;Lisans;3;18;;;"4421;3159;3213;4386;5106;8208;9113;9221;4431;3226;3227;3381;5123;5143;8207;8208;8296;8334;9552;9584;4459;3254;4322;8225;4503;3237;3313;3314;6225";4421 - Aşağıdaki lisans programlarından birinden mezun olmak. | 3159 - Ekonomi | 3213 - İktisat | 4386 - Uluslararası Ekonomi | 5106 - Ekonomi-Yönetim Bilimleri Programları | 8208 - İş İdaresi ve İktisat | 9113 - Ekonomi Politik ve Toplum Felsefesi | 9221 - Ekonomi ve İdari Bilimler / Ekonomi ve İdari Bilimler Programları | 4431 - Aşağıdaki lisans programlarından birinden mezun olmak. | 3226 - İşletme / İşletmecilik | 3227 - İşletme Bilgi Yönetimi | 3381 - Muhasebe ve Finansman | 5123 - Muhasebe ve Finansal Yönetim / Muhasebe ve Finans Yönetimi | 5143 - Yönetim Bilimleri / Yönetim Bilimleri Programları | 8207 - İş İdaresi | 8208 - İş İdaresi ve İktisat | 8296 - Yönetim ve Organizasyon | 8334 - Pazarlama | 9552 - İşletme-Maliye | 9584 - Yönetim Bilimleri ve Liderlik | 4459 - Aşağıdaki lisans programlarından birinden mezun olmak. | 3254 - Maliye | 4322 - Muhasebe ve Maliye | 8225 - Maliye-Muhasebe | 4503 - Aşağıdaki lisans programlarından birinden mezun olmak. | 3237 - Kamu Yönetimi | 3313 - Siyaset Bilimi | 3314 - Siyaset Bilimi ve Kamu Yönetimi | 6225 - M.E.B.'Dan Onaylı Bilgisayar İşletmeni Sertifikası Sahibi olmak.;2c769aa0-82ce-ef11-b177-a0369f7d1d8e
2025;3;303011634;Çevre, Şehircilik ve İklim Değişikliği Bakanlığı;Mühendis;Kahramanmaraş;Lisans;1;0;;;"4669;3221";4669 - Aşağıdaki lisans programlarından birinden mezun olmak. | 3221 - İnşaat Mühendisliği;2d769aa0-82ce-ef11-b177-a0369f7d1d8e
2025;3;303011669;Çevre, Şehircilik ve İklim Değişikliği Bakanlığı;Mühendis;Kahramanmaraş;Lisans;1;1;;;"4681;3234";4681 - Aşağıdaki lisans programlarından birinden mezun olmak. | 3234 - Jeofizik Mühendisliği;2e769aa0-82ce-ef11-b177-a0369f7d1d8e
2025;3;303011004;Çevre, Şehircilik ve İklim Değişikliği Bakanlığı;Büro Personeli;Mardin;Lisans;1;7;;;"4421;3159;3213;4386;5106;8208;9113;9221;4431;3226;3227;3381;5123;5143;8207;8208;8296;8334;9552;9584;4459;3254;4322;8225;4503;3237;3313;3314;6225";4421 - Aşağıdaki lisans programlarından birinden mezun olmak. | 3159 - Ekonomi | 3213 - İktisat | 4386 - Uluslararası Ekonomi | 5106 - Ekonomi-Yönetim Bilimleri Programları | 8208 - İş İdaresi ve İktisat | 9113 - Ekonomi Politik ve Toplum Felsefesi | 9221 - Ekonomi ve İdari Bilimler / Ekonomi ve İdari Bilimler Programları | 4431 - Aşağıdaki lisans programlarından birinden mezun olmak. | 3226 - İşletme / İşletmecilik | 3227 - İşletme Bilgi Yönetimi | 3381 - Muhasebe ve Finansman | 5123 - Muhasebe ve Finansal Yönetim / Muhasebe ve Finans Yönetimi | 5143 - Yönetim Bilimleri / Yönetim Bilimleri Programları | 8207 - İş İdaresi | 8208 - İş İdaresi ve İktisat | 8296 - Yönetim ve Organizasyon | 8334 - Pazarlama | 9552 - İşletme-Maliye | 9584 - Yönetim Bilimleri ve Liderlik | 4459 - Aşağıdaki lisans programlarından birinden mezun olmak. | 3254 - Maliye | 4322 - Muhasebe ve Maliye | 8225 - Maliye-Muhasebe | 4503 - Aşağıdaki lisans programlarından birinden mezun olmak. | 3237 - Kamu Yönetimi | 3313 - Siyaset Bilimi | 3314 - Siyaset Bilimi ve Kamu Yönetimi | 6225 - M.E.B.'Dan Onaylı Bilgisayar İşletmeni Sertifikası Sahibi olmak.;35769aa0-82ce-ef11-b177-a0369f7d1d8e
2025;3;303010150;Çevre, Şehircilik ve İklim Değişikliği Bakanlığı;Avukat;Muğla;Lisans;1;0;;;"4419;3209;7205;7361";4419 - Aşağıdaki lisans programlarından birinden mezun olmak. | 3209 - Hukuk | 7205 - Avukatlık Ruhsatı Sahibi olmak. | 7361 - (Bakınız Başvurma Özel Şartları Bölümü Avukat).;3c769aa0-82ce-ef11-b177-a0369f7d1d8e
2025;3;303011025;Çevre, Şehircilik ve İklim Değişikliği Bakanlığı;Büro Personeli;Muğla;Lisans;4;25;;;"4421;3159;3213;4386;5106;8208;9113;9221;4431;3226;3227;3381;5123;5143;8207;8208;8296;8334;9552;9584;4459;3254;4322;8225;4503;3237;3313;3314;6225";4421 - Aşağıdaki lisans programlarından birinden mezun olmak. | 3159 - Ekonomi | 3213 - İktisat | 4386 - Uluslararası Ekonomi | 5106 - Ekonomi-Yönetim Bilimleri Programları | 8208 - İş İdaresi ve İktisat | 9113 - Ekonomi Politik ve Toplum Felsefesi | 9221 - Ekonomi ve İdari Bilimler / Ekonomi ve İdari Bilimler Programları | 4431 - Aşağıdaki lisans programlarından birinden mezun olmak. | 3226 - İşletme / İşletmecilik | 3227 - İşletme Bilgi Yönetimi | 3381 - Muhasebe ve Finansman | 5123 - Muhasebe ve Finansal Yönetim / Muhasebe ve Finans Yönetimi | 5143 - Yönetim Bilimleri / Yönetim Bilimleri Programları | 8207 - İş İdaresi | 8208 - İş İdaresi ve İktisat | 8296 - Yönetim ve Organizasyon | 8334 - Pazarlama | 9552 - İşletme-Maliye | 9584 - Yönetim Bilimleri ve Liderlik | 4459 - Aşağıdaki lisans programlarından birinden mezun olmak. | 3254 - Maliye | 4322 - Muhasebe ve Maliye | 8225 - Maliye-Muhasebe | 4503 - Aşağıdaki lisans programlarından birinden mezun olmak. | 3237 - Kamu Yönetimi | 3313 - Siyaset Bilimi | 3314 - Siyaset Bilimi ve Kamu Yönetimi | 6225 - M.E.B.'Dan Onaylı Bilgisayar İşletmeni Sertifikası Sahibi olmak.;36769aa0-82ce-ef11-b177-a0369f7d1d8e
2025;3;303011032;Çevre, Şehircilik ve İklim Değişikliği Bakanlığı;Büro Personeli;Muğla;Lisans;2;14;;;"4421;3159;3213;4386;5106;8208;9113;9221;4431;3226;3227;3381;5123;5143;8207;8208;8296;8334;9552;9584;4459;3254;4322;8225;4503;3237;3313;3314;6225";4421 - Aşağıdaki lisans programlarından birinden mezun olmak. | 3159 - Ekonomi | 3213 - İktisat | 4386 - Uluslararası Ekonomi | 5106 - Ekonomi-Yönetim Bilimleri Programları | 8208 - İş İdaresi ve İktisat | 9113 - Ekonomi Politik ve Toplum Felsefesi | 9221 - Ekonomi ve İdari Bilimler / Ekonomi ve İdari Bilimler Programları | 4431 - Aşağıdaki lisans programlarından birinden mezun olmak. | 3226 - İşletme / İşletmecilik | 3227 - İşletme Bilgi Yönetimi | 3381 - Muhasebe ve Finansman | 5123 - Muhasebe ve Finansal Yönetim / Muhasebe ve Finans Yönetimi | 5143 - Yönetim Bilimleri / Yönetim Bilimleri Programları | 8207 - İş İdaresi | 8208 - İş İdaresi ve İktisat | 8296 - Yönetim ve Organizasyon | 8334 - Pazarlama | 9552 - İşletme-Maliye | 9584 - Yönetim Bilimleri ve Liderlik | 4459 - Aşağıdaki lisans programlarından birinden mezun olmak. | 3254 - Maliye | 4322 - Muhasebe ve Maliye | 8225 - Maliye-Muhasebe | 4503 - Aşağıdaki lisans programlarından birinden mezun olmak. | 3237 - Kamu Yönetimi | 3313 - Siyaset Bilimi | 3314 - Siyaset Bilimi ve Kamu Yönetimi | 6225 - M.E.B.'Dan Onaylı Bilgisayar İşletmeni Sertifikası Sahibi olmak.;37769aa0-82ce-ef11-b177-a0369f7d1d8e
2025;3;303011039;Çevre, Şehircilik ve İklim Değişikliği Bakanlığı;Büro Personeli;Muğla;Lisans;1;9;;;"4421;3159;3213;4386;5106;8208;9113;9221;4431;3226;3227;3381;5123;5143;8207;8208;8296;8334;9552;9584;4459;3254;4322;8225;4503;3237;3313;3314;6225";4421 - Aşağıdaki lisans programlarından birinden mezun olmak. | 3159 - Ekonomi | 3213 - İktisat | 4386 - Uluslararası Ekonomi | 5106 - Ekonomi-Yönetim Bilimleri Programları | 8208 - İş İdaresi ve İktisat | 9113 - Ekonomi Politik ve Toplum Felsefesi | 9221 - Ekonomi ve İdari Bilimler / Ekonomi ve İdari Bilimler Programları | 4431 - Aşağıdaki lisans programlarından birinden mezun olmak. | 3226 - İşletme / İşletmecilik | 3227 - İşletme Bilgi Yönetimi | 3381 - Muhasebe ve Finansman | 5123 - Muhasebe ve Finansal Yönetim / Muhasebe ve Finans Yönetimi | 5143 - Yönetim Bilimleri / Yönetim Bilimleri Programları | 8207 - İş İdaresi | 8208 - İş İdaresi ve İktisat | 8296 - Yönetim ve Organizasyon | 8334 - Pazarlama | 9552 - İşletme-Maliye | 9584 - Yönetim Bilimleri ve Liderlik | 4459 - Aşağıdaki lisans programlarından birinden mezun olmak. | 3254 - Maliye | 4322 - Muhasebe ve Maliye | 8225 - Maliye-Muhasebe | 4503 - Aşağıdaki lisans programlarından birinden mezun olmak. | 3237 - Kamu Yönetimi | 3313 - Siyaset Bilimi | 3314 - Siyaset Bilimi ve Kamu Yönetimi | 6225 - M.E.B.'Dan Onaylı Bilgisayar İşletmeni Sertifikası Sahibi olmak.;38769aa0-82ce-ef11-b177-a0369f7d1d8e
2025;3;303011473;Çevre, Şehircilik ve İklim Değişikliği Bakanlığı;Mühendis;Muğla;Lisans;1;2;;;"4677;3142";4677 - Aşağıdaki lisans programlarından birinden mezun olmak. | 3142 - Çevre Mühendisliği;3a769aa0-82ce-ef11-b177-a0369f7d1d8e
2025;3;303011564;Çevre, Şehircilik ve İklim Değişikliği Bakanlığı;Mühendis;Muğla;Lisans;1;1;;;"4689;3233;8324;9034;9572";4689 - Aşağıdaki lisans programlarından birinden mezun olmak. | 3233 - Jeodezi ve Fotogrametri Mühendisliği | 8324 - Harita Mühendisliği | 9034 - Geomatik Mühendisliği | 9572 - Jeodezi ve Haritacılık Mühendisliği;39769aa0-82ce-ef11-b177-a0369f7d1d8e
2025;3;303011046;Çevre, Şehircilik ve İklim Değişikliği Bakanlığı;Büro Personeli;Muş;Lisans;1;7;;;"4421;3159;3213;4386;5106;8208;9113;9221;4431;3226;3227;3381;5123;5143;8207;8208;8296;8334;9552;9584;4459;3254;4322;8225;4503;3237;3313;3314;6225";4421 - Aşağıdaki lisans programlarından birinden mezun olmak. | 3159 - Ekonomi | 3213 - İktisat | 4386 - Uluslararası Ekonomi | 5106 - Ekonomi-Yönetim Bilimleri Programları | 8208 - İş İdaresi ve İktisat | 9113 - Ekonomi Politik ve Toplum Felsefesi | 9221 - Ekonomi ve İdari Bilimler / Ekonomi ve İdari Bilimler Programları | 4431 - Aşağıdaki lisans programlarından birinden mezun olmak. | 3226 - İşletme / İşletmecilik | 3227 - İşletme Bilgi Yönetimi | 3381 - Muhasebe ve Finansman | 5123 - Muhasebe ve Finansal Yönetim / Muhasebe ve Finans Yönetimi | 5143 - Yönetim Bilimleri / Yönetim Bilimleri Programları | 8207 - İş İdaresi | 8208 - İş İdaresi ve İktisat | 8296 - Yönetim ve Organizasyon | 8334 - Pazarlama | 9552 - İşletme-Maliye | 9584 - Yönetim Bilimleri ve Liderlik | 4459 - Aşağıdaki lisans programlarından birinden mezun olmak. | 3254 - Maliye | 4322 - Muhasebe ve Maliye | 8225 - Maliye-Muhasebe | 4503 - Aşağıdaki lisans programlarından birinden mezun olmak. | 3237 - Kamu Yönetimi | 3313 - Siyaset Bilimi | 3314 - Siyaset Bilimi ve Kamu Yönetimi | 6225 - M.E.B.'Dan Onaylı Bilgisayar İşletmeni Sertifikası Sahibi olmak.;3f769aa0-82ce-ef11-b177-a0369f7d1d8e
2025;3;303011053;Çevre, Şehircilik ve İklim Değişikliği Bakanlığı;Büro Personeli;Nevşehir;Lisans;2;16;;;"4421;3159;3213;4386;5106;8208;9113;9221;4431;3226;3227;3381;5123;5143;8207;8208;8296;8334;9552;9584;4459;3254;4322;8225;4503;3237;3313;3314;6225";4421 - Aşağıdaki lisans programlarından birinden mezun olmak. | 3159 - Ekonomi | 3213 - İktisat | 4386 - Uluslararası Ekonomi | 5106 - Ekonomi-Yönetim Bilimleri Programları | 8208 - İş İdaresi ve İktisat | 9113 - Ekonomi Politik ve Toplum Felsefesi | 9221 - Ekonomi ve İdari Bilimler / Ekonomi ve İdari Bilimler Programları | 4431 - Aşağıdaki lisans programlarından birinden mezun olmak. | 3226 - İşletme / İşletmecilik | 3227 - İşletme Bilgi Yönetimi | 3381 - Muhasebe ve Finansman | 5123 - Muhasebe ve Finansal Yönetim / Muhasebe ve Finans Yönetimi | 5143 - Yönetim Bilimleri / Yönetim Bilimleri Programları | 8207 - İş İdaresi | 8208 - İş İdaresi ve İktisat | 8296 - Yönetim ve Organizasyon | 8334 - Pazarlama | 9552 - İşletme-Maliye | 9584 - Yönetim Bilimleri ve Liderlik | 4459 - Aşağıdaki lisans programlarından birinden mezun olmak. | 3254 - Maliye | 4322 - Muhasebe ve Maliye | 8225 - Maliye-Muhasebe | 4503 - Aşağıdaki lisans programlarından birinden mezun olmak. | 3237 - Kamu Yönetimi | 3313 - Siyaset Bilimi | 3314 - Siyaset Bilimi ve Kamu Yönetimi | 6225 - M.E.B.'Dan Onaylı Bilgisayar İşletmeni Sertifikası Sahibi olmak.;40769aa0-82ce-ef11-b177-a0369f7d1d8e
2025;3;303011060;Çevre, Şehircilik ve İklim Değişikliği Bakanlığı;Büro Personeli;Niğde;Lisans;2;11;;;"4421;3159;3213;4386;5106;8208;9113;9221;4431;3226;3227;3381;5123;5143;8207;8208;8296;8334;9552;9584;4459;3254;4322;8225;4503;3237;3313;3314;6225";4421 - Aşağıdaki lisans programlarından birinden mezun olmak. | 3159 - Ekonomi | 3213 - İktisat | 4386 - Uluslararası Ekonomi | 5106 - Ekonomi-Yönetim Bilimleri Programları | 8208 - İş İdaresi ve İktisat | 9113 - Ekonomi Politik ve Toplum Felsefesi | 9221 - Ekonomi ve İdari Bilimler / Ekonomi ve İdari Bilimler Programları | 4431 - Aşağıdaki lisans programlarından birinden mezun olmak. | 3226 - İşletme / İşletmecilik | 3227 - İşletme Bilgi Yönetimi | 3381 - Muhasebe ve Finansman | 5123 - Muhasebe ve Finansal Yönetim / Muhasebe ve Finans Yönetimi | 5143 - Yönetim Bilimleri / Yönetim Bilimleri Programları | 8207 - İş İdaresi | 8208 - İş İdaresi ve İktisat | 8296 - Yönetim ve Organizasyon | 8334 - Pazarlama | 9552 - İşletme-Maliye | 9584 - Yönetim Bilimleri ve Liderlik | 4459 - Aşağıdaki lisans programlarından birinden mezun olmak. | 3254 - Maliye | 4322 - Muhasebe ve Maliye | 8225 - Maliye-Muhasebe | 4503 - Aşağıdaki lisans programlarından birinden mezun olmak. | 3237 - Kamu Yönetimi | 3313 - Siyaset Bilimi | 3314 - Siyaset Bilimi ve Kamu Yönetimi | 6225 - M.E.B.'Dan Onaylı Bilgisayar İşletmeni Sertifikası Sahibi olmak.;41769aa0-82ce-ef11-b177-a0369f7d1d8e
2025;3;303011067;Çevre, Şehircilik ve İklim Değişikliği Bakanlığı;Büro Personeli;Ordu;Lisans;1;7;;;"4421;3159;3213;4386;5106;8208;9113;9221;4431;3226;3227;3381;5123;5143;8207;8208;8296;8334;9552;9584;4459;3254;4322;8225;4503;3237;3313;3314;6225";4421 - Aşağıdaki lisans programlarından birinden mezun olmak. | 3159 - Ekonomi | 3213 - İktisat | 4386 - Uluslararası Ekonomi | 5106 - Ekonomi-Yönetim Bilimleri Programları | 8208 - İş İdaresi ve İktisat | 9113 - Ekonomi Politik ve Toplum Felsefesi | 9221 - Ekonomi ve İdari Bilimler / Ekonomi ve İdari Bilimler Programları | 4431 - Aşağıdaki lisans programlarından birinden mezun olmak. | 3226 - İşletme / İşletmecilik | 3227 - İşletme Bilgi Yönetimi | 3381 - Muhasebe ve Finansman | 5123 - Muhasebe ve Finansal Yönetim / Muhasebe ve Finans Yönetimi | 5143 - Yönetim Bilimleri / Yönetim Bilimleri Programları | 8207 - İş İdaresi | 8208 - İş İdaresi ve İktisat | 8296 - Yönetim ve Organizasyon | 8334 - Pazarlama | 9552 - İşletme-Maliye | 9584 - Yönetim Bilimleri ve Liderlik | 4459 - Aşağıdaki lisans programlarından birinden mezun olmak. | 3254 - Maliye | 4322 - Muhasebe ve Maliye | 8225 - Maliye-Muhasebe | 4503 - Aşağıdaki lisans programlarından birinden mezun olmak. | 3237 - Kamu Yönetimi | 3313 - Siyaset Bilimi | 3314 - Siyaset Bilimi ve Kamu Yönetimi | 6225 - M.E.B.'Dan Onaylı Bilgisayar İşletmeni Sertifikası Sahibi olmak.;43769aa0-82ce-ef11-b177-a0369f7d1d8e
2025;3;303011074;Çevre, Şehircilik ve İklim Değişikliği Bakanlığı;Büro Personeli;Ordu;Lisans;1;7;;;"4421;3159;3213;4386;5106;8208;9113;9221;4431;3226;3227;3381;5123;5143;8207;8208;8296;8334;9552;9584;4459;3254;4322;8225;4503;3237;3313;3314;6225";4421 - Aşağıdaki lisans programlarından birinden mezun olmak. | 3159 - Ekonomi | 3213 - İktisat | 4386 - Uluslararası Ekonomi | 5106 - Ekonomi-Yönetim Bilimleri Programları | 8208 - İş İdaresi ve İktisat | 9113 - Ekonomi Politik ve Toplum Felsefesi | 9221 - Ekonomi ve İdari Bilimler / Ekonomi ve İdari Bilimler Programları | 4431 - Aşağıdaki lisans programlarından birinden mezun olmak. | 3226 - İşletme / İşletmecilik | 3227 - İşletme Bilgi Yönetimi | 3381 - Muhasebe ve Finansman | 5123 - Muhasebe ve Finansal Yönetim / Muhasebe ve Finans Yönetimi | 5143 - Yönetim Bilimleri / Yönetim Bilimleri Programları | 8207 - İş İdaresi | 8208 - İş İdaresi ve İktisat | 8296 - Yönetim ve Organizasyon | 8334 - Pazarlama | 9552 - İşletme-Maliye | 9584 - Yönetim Bilimleri ve Liderlik | 4459 - Aşağıdaki lisans programlarından birinden mezun olmak. | 3254 - Maliye | 4322 - Muhasebe ve Maliye | 8225 - Maliye-Muhasebe | 4503 - Aşağıdaki lisans programlarından birinden mezun olmak. | 3237 - Kamu Yönetimi | 3313 - Siyaset Bilimi | 3314 - Siyaset Bilimi ve Kamu Yönetimi | 6225 - M.E.B.'Dan Onaylı Bilgisayar İşletmeni Sertifikası Sahibi olmak.;44769aa0-82ce-ef11-b177-a0369f7d1d8e
2025;3;303011081;Çevre, Şehircilik ve İklim Değişikliği Bakanlığı;Büro Personeli;Ordu;Lisans;1;11;;;"4421;3159;3213;4386;5106;8208;9113;9221;4431;3226;3227;3381;5123;5143;8207;8208;8296;8334;9552;9584;4459;3254;4322;8225;4503;3237;3313;3314;6225";4421 - Aşağıdaki lisans programlarından birinden mezun olmak. | 3159 - Ekonomi | 3213 - İktisat | 4386 - Uluslararası Ekonomi | 5106 - Ekonomi-Yönetim Bilimleri Programları | 8208 - İş İdaresi ve İktisat | 9113 - Ekonomi Politik ve Toplum Felsefesi | 9221 - Ekonomi ve İdari Bilimler / Ekonomi ve İdari Bilimler Programları | 4431 - Aşağıdaki lisans programlarından birinden mezun olmak. | 3226 - İşletme / İşletmecilik | 3227 - İşletme Bilgi Yönetimi | 3381 - Muhasebe ve Finansman | 5123 - Muhasebe ve Finansal Yönetim / Muhasebe ve Finans Yönetimi | 5143 - Yönetim Bilimleri / Yönetim Bilimleri Programları | 8207 - İş İdaresi | 8208 - İş İdaresi ve İktisat | 8296 - Yönetim ve Organizasyon | 8334 - Pazarlama | 9552 - İşletme-Maliye | 9584 - Yönetim Bilimleri ve Liderlik | 4459 - Aşağıdaki lisans programlarından birinden mezun olmak. | 3254 - Maliye | 4322 - Muhasebe ve Maliye | 8225 - Maliye-Muhasebe | 4503 - Aşağıdaki lisans programlarından birinden mezun olmak. | 3237 - Kamu Yönetimi | 3313 - Siyaset Bilimi | 3314 - Siyaset Bilimi ve Kamu Yönetimi | 6225 - M.E.B.'Dan Onaylı Bilgisayar İşletmeni Sertifikası Sahibi olmak.;45769aa0-82ce-ef11-b177-a0369f7d1d8e
2025;3;303011088;Çevre, Şehircilik ve İklim Değişikliği Bakanlığı;Büro Personeli;Ordu;Lisans;1;6;;;"4421;3159;3213;4386;5106;8208;9113;9221;4431;3226;3227;3381;5123;5143;8207;8208;8296;8334;9552;9584;4459;3254;4322;8225;4503;3237;3313;3314;6225";4421 - Aşağıdaki lisans programlarından birinden mezun olmak. | 3159 - Ekonomi | 3213 - İktisat | 4386 - Uluslararası Ekonomi | 5106 - Ekonomi-Yönetim Bilimleri Programları | 8208 - İş İdaresi ve İktisat | 9113 - Ekonomi Politik ve Toplum Felsefesi | 9221 - Ekonomi ve İdari Bilimler / Ekonomi ve İdari Bilimler Programları | 4431 - Aşağıdaki lisans programlarından birinden mezun olmak. | 3226 - İşletme / İşletmecilik | 3227 - İşletme Bilgi Yönetimi | 3381 - Muhasebe ve Finansman | 5123 - Muhasebe ve Finansal Yönetim / Muhasebe ve Finans Yönetimi | 5143 - Yönetim Bilimleri / Yönetim Bilimleri Programları | 8207 - İş İdaresi | 8208 - İş İdaresi ve İktisat | 8296 - Yönetim ve Organizasyon | 8334 - Pazarlama | 9552 - İşletme-Maliye | 9584 - Yönetim Bilimleri ve Liderlik | 4459 - Aşağıdaki lisans programlarından birinden mezun olmak. | 3254 - Maliye | 4322 - Muhasebe ve Maliye | 8225 - Maliye-Muhasebe | 4503 - Aşağıdaki lisans programlarından birinden mezun olmak. | 3237 - Kamu Yönetimi | 3313 - Siyaset Bilimi | 3314 - Siyaset Bilimi ve Kamu Yönetimi | 6225 - M.E.B.'Dan Onaylı Bilgisayar İşletmeni Sertifikası Sahibi olmak.;46769aa0-82ce-ef11-b177-a0369f7d1d8e
2025;3;303011095;Çevre, Şehircilik ve İklim Değişikliği Bakanlığı;Büro Personeli;Ordu;Lisans;1;11;;;"4421;3159;3213;4386;5106;8208;9113;9221;4431;3226;3227;3381;5123;5143;8207;8208;8296;8334;9552;9584;4459;3254;4322;8225;4503;3237;3313;3314;6225";4421 - Aşağıdaki lisans programlarından birinden mezun olmak. | 3159 - Ekonomi | 3213 - İktisat | 4386 - Uluslararası Ekonomi | 5106 - Ekonomi-Yönetim Bilimleri Programları | 8208 - İş İdaresi ve İktisat | 9113 - Ekonomi Politik ve Toplum Felsefesi | 9221 - Ekonomi ve İdari Bilimler / Ekonomi ve İdari Bilimler Programları | 4431 - Aşağıdaki lisans programlarından birinden mezun olmak. | 3226 - İşletme / İşletmecilik | 3227 - İşletme Bilgi Yönetimi | 3381 - Muhasebe ve Finansman | 5123 - Muhasebe ve Finansal Yönetim / Muhasebe ve Finans Yönetimi | 5143 - Yönetim Bilimleri / Yönetim Bilimleri Programları | 8207 - İş İdaresi | 8208 - İş İdaresi ve İktisat | 8296 - Yönetim ve Organizasyon | 8334 - Pazarlama | 9552 - İşletme-Maliye | 9584 - Yönetim Bilimleri ve Liderlik | 4459 - Aşağıdaki lisans programlarından birinden mezun olmak. | 3254 - Maliye | 4322 - Muhasebe ve Maliye | 8225 - Maliye-Muhasebe | 4503 - Aşağıdaki lisans programlarından birinden mezun olmak. | 3237 - Kamu Yönetimi | 3313 - Siyaset Bilimi | 3314 - Siyaset Bilimi ve Kamu Yönetimi | 6225 - M.E.B.'Dan Onaylı Bilgisayar İşletmeni Sertifikası Sahibi olmak.;47769aa0-82ce-ef11-b177-a0369f7d1d8e
2025;3;303011102;Çevre, Şehircilik ve İklim Değişikliği Bakanlığı;Büro Personeli;Ordu;Lisans;1;6;;;"4421;3159;3213;4386;5106;8208;9113;9221;4431;3226;3227;3381;5123;5143;8207;8208;8296;8334;9552;9584;4459;3254;4322;8225;4503;3237;3313;3314;6225";4421 - Aşağıdaki lisans programlarından birinden mezun olmak. | 3159 - Ekonomi | 3213 - İktisat | 4386 - Uluslararası Ekonomi | 5106 - Ekonomi-Yönetim Bilimleri Programları | 8208 - İş İdaresi ve İktisat | 9113 - Ekonomi Politik ve Toplum Felsefesi | 9221 - Ekonomi ve İdari Bilimler / Ekonomi ve İdari Bilimler Programları | 4431 - Aşağıdaki lisans programlarından birinden mezun olmak. | 3226 - İşletme / İşletmecilik | 3227 - İşletme Bilgi Yönetimi | 3381 - Muhasebe ve Finansman | 5123 - Muhasebe ve Finansal Yönetim / Muhasebe ve Finans Yönetimi | 5143 - Yönetim Bilimleri / Yönetim Bilimleri Programları | 8207 - İş İdaresi | 8208 - İş İdaresi ve İktisat | 8296 - Yönetim ve Organizasyon | 8334 - Pazarlama | 9552 - İşletme-Maliye | 9584 - Yönetim Bilimleri ve Liderlik | 4459 - Aşağıdaki lisans programlarından birinden mezun olmak. | 3254 - Maliye | 4322 - Muhasebe ve Maliye | 8225 - Maliye-Muhasebe | 4503 - Aşağıdaki lisans programlarından birinden mezun olmak. | 3237 - Kamu Yönetimi | 3313 - Siyaset Bilimi | 3314 - Siyaset Bilimi ve Kamu Yönetimi | 6225 - M.E.B.'Dan Onaylı Bilgisayar İşletmeni Sertifikası Sahibi olmak.;48769aa0-82ce-ef11-b177-a0369f7d1d8e
2025;3;303011116;Çevre, Şehircilik ve İklim Değişikliği Bakanlığı;Büro Personeli;Rize;Lisans;4;19;;;"4421;3159;3213;4386;5106;8208;9113;9221;4431;3226;3227;3381;5123;5143;8207;8208;8296;8334;9552;9584;4459;3254;4322;8225;4503;3237;3313;3314;6225";4421 - Aşağıdaki lisans programlarından birinden mezun olmak. | 3159 - Ekonomi | 3213 - İktisat | 4386 - Uluslararası Ekonomi | 5106 - Ekonomi-Yönetim Bilimleri Programları | 8208 - İş İdaresi ve İktisat | 9113 - Ekonomi Politik ve Toplum Felsefesi | 9221 - Ekonomi ve İdari Bilimler / Ekonomi ve İdari Bilimler Programları | 4431 - Aşağıdaki lisans programlarından birinden mezun olmak. | 3226 - İşletme / İşletmecilik | 3227 - İşletme Bilgi Yönetimi | 3381 - Muhasebe ve Finansman | 5123 - Muhasebe ve Finansal Yönetim / Muhasebe ve Finans Yönetimi | 5143 - Yönetim Bilimleri / Yönetim Bilimleri Programları | 8207 - İş İdaresi | 8208 - İş İdaresi ve İktisat | 8296 - Yönetim ve Organizasyon | 8334 - Pazarlama | 9552 - İşletme-Maliye | 9584 - Yönetim Bilimleri ve Liderlik | 4459 - Aşağıdaki lisans programlarından birinden mezun olmak. | 3254 - Maliye | 4322 - Muhasebe ve Maliye | 8225 - Maliye-Muhasebe | 4503 - Aşağıdaki lisans programlarından birinden mezun olmak. | 3237 - Kamu Yönetimi | 3313 - Siyaset Bilimi | 3314 - Siyaset Bilimi ve Kamu Yönetimi | 6225 - M.E.B.'Dan Onaylı Bilgisayar İşletmeni Sertifikası Sahibi olmak.;49769aa0-82ce-ef11-b177-a0369f7d1d8e
2025;3;303011123;Çevre, Şehircilik ve İklim Değişikliği Bakanlığı;Büro Personeli;Sakarya;Lisans;1;8;;;"4421;3159;3213;4386;5106;8208;9113;9221;4431;3226;3227;3381;5123;5143;8207;8208;8296;8334;9552;9584;4459;3254;4322;8225;4503;3237;3313;3314;6225";4421 - Aşağıdaki lisans programlarından birinden mezun olmak. | 3159 - Ekonomi | 3213 - İktisat | 4386 - Uluslararası Ekonomi | 5106 - Ekonomi-Yönetim Bilimleri Programları | 8208 - İş İdaresi ve İktisat | 9113 - Ekonomi Politik ve Toplum Felsefesi | 9221 - Ekonomi ve İdari Bilimler / Ekonomi ve İdari Bilimler Programları | 4431 - Aşağıdaki lisans programlarından birinden mezun olmak. | 3226 - İşletme / İşletmecilik | 3227 - İşletme Bilgi Yönetimi | 3381 - Muhasebe ve Finansman | 5123 - Muhasebe ve Finansal Yönetim / Muhasebe ve Finans Yönetimi | 5143 - Yönetim Bilimleri / Yönetim Bilimleri Programları | 8207 - İş İdaresi | 8208 - İş İdaresi ve İktisat | 8296 - Yönetim ve Organizasyon | 8334 - Pazarlama | 9552 - İşletme-Maliye | 9584 - Yönetim Bilimleri ve Liderlik | 4459 - Aşağıdaki lisans programlarından birinden mezun olmak. | 3254 - Maliye | 4322 - Muhasebe ve Maliye | 8225 - Maliye-Muhasebe | 4503 - Aşağıdaki lisans programlarından birinden mezun olmak. | 3237 - Kamu Yönetimi | 3313 - Siyaset Bilimi | 3314 - Siyaset Bilimi ve Kamu Yönetimi | 6225 - M.E.B.'Dan Onaylı Bilgisayar İşletmeni Sertifikası Sahibi olmak.;4a769aa0-82ce-ef11-b177-a0369f7d1d8e
2025;3;303011130;Çevre, Şehircilik ve İklim Değişikliği Bakanlığı;Büro Personeli;Sakarya;Lisans;2;10;;;"4421;3159;3213;4386;5106;8208;9113;9221;4431;3226;3227;3381;5123;5143;8207;8208;8296;8334;9552;9584;4459;3254;4322;8225;4503;3237;3313;3314;6225";4421 - Aşağıdaki lisans programlarından birinden mezun olmak. | 3159 - Ekonomi | 3213 - İktisat | 4386 - Uluslararası Ekonomi | 5106 - Ekonomi-Yönetim Bilimleri Programları | 8208 - İş İdaresi ve İktisat | 9113 - Ekonomi Politik ve Toplum Felsefesi | 9221 - Ekonomi ve İdari Bilimler / Ekonomi ve İdari Bilimler Programları | 4431 - Aşağıdaki lisans programlarından birinden mezun olmak. | 3226 - İşletme / İşletmecilik | 3227 - İşletme Bilgi Yönetimi | 3381 - Muhasebe ve Finansman | 5123 - Muhasebe ve Finansal Yönetim / Muhasebe ve Finans Yönetimi | 5143 - Yönetim Bilimleri / Yönetim Bilimleri Programları | 8207 - İş İdaresi | 8208 - İş İdaresi ve İktisat | 8296 - Yönetim ve Organizasyon | 8334 - Pazarlama | 9552 - İşletme-Maliye | 9584 - Yönetim Bilimleri ve Liderlik | 4459 - Aşağıdaki lisans programlarından birinden mezun olmak. | 3254 - Maliye | 4322 - Muhasebe ve Maliye | 8225 - Maliye-Muhasebe | 4503 - Aşağıdaki lisans programlarından birinden mezun olmak. | 3237 - Kamu Yönetimi | 3313 - Siyaset Bilimi | 3314 - Siyaset Bilimi ve Kamu Yönetimi | 6225 - M.E.B.'Dan Onaylı Bilgisayar İşletmeni Sertifikası Sahibi olmak.;4b769aa0-82ce-ef11-b177-a0369f7d1d8e
2025;3;303011137;Çevre, Şehircilik ve İklim Değişikliği Bakanlığı;Büro Personeli;Samsun;Lisans;1;6;;;"4421;3159;3213;4386;5106;8208;9113;9221;4431;3226;3227;3381;5123;5143;8207;8208;8296;8334;9552;9584;4459;3254;4322;8225;4503;3237;3313;3314;6225";4421 - Aşağıdaki lisans programlarından birinden mezun olmak. | 3159 - Ekonomi | 3213 - İktisat | 4386 - Uluslararası Ekonomi | 5106 - Ekonomi-Yönetim Bilimleri Programları | 8208 - İş İdaresi ve İktisat | 9113 - Ekonomi Politik ve Toplum Felsefesi | 9221 - Ekonomi ve İdari Bilimler / Ekonomi ve İdari Bilimler Programları | 4431 - Aşağıdaki lisans programlarından birinden mezun olmak. | 3226 - İşletme / İşletmecilik | 3227 - İşletme Bilgi Yönetimi | 3381 - Muhasebe ve Finansman | 5123 - Muhasebe ve Finansal Yönetim / Muhasebe ve Finans Yönetimi | 5143 - Yönetim Bilimleri / Yönetim Bilimleri Programları | 8207 - İş İdaresi | 8208 - İş İdaresi ve İktisat | 8296 - Yönetim ve Organizasyon | 8334 - Pazarlama | 9552 - İşletme-Maliye | 9584 - Yönetim Bilimleri ve Liderlik | 4459 - Aşağıdaki lisans programlarından birinden mezun olmak. | 3254 - Maliye | 4322 - Muhasebe ve Maliye | 8225 - Maliye-Muhasebe | 4503 - Aşağıdaki lisans programlarından birinden mezun olmak. | 3237 - Kamu Yönetimi | 3313 - Siyaset Bilimi | 3314 - Siyaset Bilimi ve Kamu Yönetimi | 6225 - M.E.B.'Dan Onaylı Bilgisayar İşletmeni Sertifikası Sahibi olmak.;4c769aa0-82ce-ef11-b177-a0369f7d1d8e
2025;3;303011144;Çevre, Şehircilik ve İklim Değişikliği Bakanlığı;Büro Personeli;Samsun;Lisans;1;12;;;"4421;3159;3213;4386;5106;8208;9113;9221;4431;3226;3227;3381;5123;5143;8207;8208;8296;8334;9552;9584;4459;3254;4322;8225;4503;3237;3313;3314;6225";4421 - Aşağıdaki lisans programlarından birinden mezun olmak. | 3159 - Ekonomi | 3213 - İktisat | 4386 - Uluslararası Ekonomi | 5106 - Ekonomi-Yönetim Bilimleri Programları | 8208 - İş İdaresi ve İktisat | 9113 - Ekonomi Politik ve Toplum Felsefesi | 9221 - Ekonomi ve İdari Bilimler / Ekonomi ve İdari Bilimler Programları | 4431 - Aşağıdaki lisans programlarından birinden mezun olmak. | 3226 - İşletme / İşletmecilik | 3227 - İşletme Bilgi Yönetimi | 3381 - Muhasebe ve Finansman | 5123 - Muhasebe ve Finansal Yönetim / Muhasebe ve Finans Yönetimi | 5143 - Yönetim Bilimleri / Yönetim Bilimleri Programları | 8207 - İş İdaresi | 8208 - İş İdaresi ve İktisat | 8296 - Yönetim ve Organizasyon | 8334 - Pazarlama | 9552 - İşletme-Maliye | 9584 - Yönetim Bilimleri ve Liderlik | 4459 - Aşağıdaki lisans programlarından birinden mezun olmak. | 3254 - Maliye | 4322 - Muhasebe ve Maliye | 8225 - Maliye-Muhasebe | 4503 - Aşağıdaki lisans programlarından birinden mezun olmak. | 3237 - Kamu Yönetimi | 3313 - Siyaset Bilimi | 3314 - Siyaset Bilimi ve Kamu Yönetimi | 6225 - M.E.B.'Dan Onaylı Bilgisayar İşletmeni Sertifikası Sahibi olmak.;4d769aa0-82ce-ef11-b177-a0369f7d1d8e
2025;3;303011151;Çevre, Şehircilik ve İklim Değişikliği Bakanlığı;Büro Personeli;Samsun;Lisans;2;14;;;"4421;3159;3213;4386;5106;8208;9113;9221;4431;3226;3227;3381;5123;5143;8207;8208;8296;8334;9552;9584;4459;3254;4322;8225;4503;3237;3313;3314;6225";4421 - Aşağıdaki lisans programlarından birinden mezun olmak. | 3159 - Ekonomi | 3213 - İktisat | 4386 - Uluslararası Ekonomi | 5106 - Ekonomi-Yönetim Bilimleri Programları | 8208 - İş İdaresi ve İktisat | 9113 - Ekonomi Politik ve Toplum Felsefesi | 9221 - Ekonomi ve İdari Bilimler / Ekonomi ve İdari Bilimler Programları | 4431 - Aşağıdaki lisans programlarından birinden mezun olmak. | 3226 - İşletme / İşletmecilik | 3227 - İşletme Bilgi Yönetimi | 3381 - Muhasebe ve Finansman | 5123 - Muhasebe ve Finansal Yönetim / Muhasebe ve Finans Yönetimi | 5143 - Yönetim Bilimleri / Yönetim Bilimleri Programları | 8207 - İş İdaresi | 8208 - İş İdaresi ve İktisat | 8296 - Yönetim ve Organizasyon | 8334 - Pazarlama | 9552 - İşletme-Maliye | 9584 - Yönetim Bilimleri ve Liderlik | 4459 - Aşağıdaki lisans programlarından birinden mezun olmak. | 3254 - Maliye | 4322 - Muhasebe ve Maliye | 8225 - Maliye-Muhasebe | 4503 - Aşağıdaki lisans programlarından birinden mezun olmak. | 3237 - Kamu Yönetimi | 3313 - Siyaset Bilimi | 3314 - Siyaset Bilimi ve Kamu Yönetimi | 6225 - M.E.B.'Dan Onaylı Bilgisayar İşletmeni Sertifikası Sahibi olmak.;4e769aa0-82ce-ef11-b177-a0369f7d1d8e
2025;3;303011158;Çevre, Şehircilik ve İklim Değişikliği Bakanlığı;Büro Personeli;Samsun;Lisans;2;14;;;"4421;3159;3213;4386;5106;8208;9113;9221;4431;3226;3227;3381;5123;5143;8207;8208;8296;8334;9552;9584;4459;3254;4322;8225;4503;3237;3313;3314;6225";4421 - Aşağıdaki lisans programlarından birinden mezun olmak. | 3159 - Ekonomi | 3213 - İktisat | 4386 - Uluslararası Ekonomi | 5106 - Ekonomi-Yönetim Bilimleri Programları | 8208 - İş İdaresi ve İktisat | 9113 - Ekonomi Politik ve Toplum Felsefesi | 9221 - Ekonomi ve İdari Bilimler / Ekonomi ve İdari Bilimler Programları | 4431 - Aşağıdaki lisans programlarından birinden mezun olmak. | 3226 - İşletme / İşletmecilik | 3227 - İşletme Bilgi Yönetimi | 3381 - Muhasebe ve Finansman | 5123 - Muhasebe ve Finansal Yönetim / Muhasebe ve Finans Yönetimi | 5143 - Yönetim Bilimleri / Yönetim Bilimleri Programları | 8207 - İş İdaresi | 8208 - İş İdaresi ve İktisat | 8296 - Yönetim ve Organizasyon | 8334 - Pazarlama | 9552 - İşletme-Maliye | 9584 - Yönetim Bilimleri ve Liderlik | 4459 - Aşağıdaki lisans programlarından birinden mezun olmak. | 3254 - Maliye | 4322 - Muhasebe ve Maliye | 8225 - Maliye-Muhasebe | 4503 - Aşağıdaki lisans programlarından birinden mezun olmak. | 3237 - Kamu Yönetimi | 3313 - Siyaset Bilimi | 3314 - Siyaset Bilimi ve Kamu Yönetimi | 6225 - M.E.B.'Dan Onaylı Bilgisayar İşletmeni Sertifikası Sahibi olmak.;4f769aa0-82ce-ef11-b177-a0369f7d1d8e
2025;3;303011165;Çevre, Şehircilik ve İklim Değişikliği Bakanlığı;Büro Personeli;Samsun;Lisans;1;7;;;"4421;3159;3213;4386;5106;8208;9113;9221;4431;3226;3227;3381;5123;5143;8207;8208;8296;8334;9552;9584;4459;3254;4322;8225;4503;3237;3313;3314;6225";4421 - Aşağıdaki lisans programlarından birinden mezun olmak. | 3159 - Ekonomi | 3213 - İktisat | 4386 - Uluslararası Ekonomi | 5106 - Ekonomi-Yönetim Bilimleri Programları | 8208 - İş İdaresi ve İktisat | 9113 - Ekonomi Politik ve Toplum Felsefesi | 9221 - Ekonomi ve İdari Bilimler / Ekonomi ve İdari Bilimler Programları | 4431 - Aşağıdaki lisans programlarından birinden mezun olmak. | 3226 - İşletme / İşletmecilik | 3227 - İşletme Bilgi Yönetimi | 3381 - Muhasebe ve Finansman | 5123 - Muhasebe ve Finansal Yönetim / Muhasebe ve Finans Yönetimi | 5143 - Yönetim Bilimleri / Yönetim Bilimleri Programları | 8207 - İş İdaresi | 8208 - İş İdaresi ve İktisat | 8296 - Yönetim ve Organizasyon | 8334 - Pazarlama | 9552 - İşletme-Maliye | 9584 - Yönetim Bilimleri ve Liderlik | 4459 - Aşağıdaki lisans programlarından birinden mezun olmak. | 3254 - Maliye | 4322 - Muhasebe ve Maliye | 8225 - Maliye-Muhasebe | 4503 - Aşağıdaki lisans programlarından birinden mezun olmak. | 3237 - Kamu Yönetimi | 3313 - Siyaset Bilimi | 3314 - Siyaset Bilimi ve Kamu Yönetimi | 6225 - M.E.B.'Dan Onaylı Bilgisayar İşletmeni Sertifikası Sahibi olmak.;50769aa0-82ce-ef11-b177-a0369f7d1d8e
2025;3;303011172;Çevre, Şehircilik ve İklim Değişikliği Bakanlığı;Büro Personeli;Siirt;Lisans;1;7;;;"4421;3159;3213;4386;5106;8208;9113;9221;4431;3226;3227;3381;5123;5143;8207;8208;8296;8334;9552;9584;4459;3254;4322;8225;4503;3237;3313;3314;6225";4421 - Aşağıdaki lisans programlarından birinden mezun olmak. | 3159 - Ekonomi | 3213 - İktisat | 4386 - Uluslararası Ekonomi | 5106 - Ekonomi-Yönetim Bilimleri Programları | 8208 - İş İdaresi ve İktisat | 9113 - Ekonomi Politik ve Toplum Felsefesi | 9221 - Ekonomi ve İdari Bilimler / Ekonomi ve İdari Bilimler Programları | 4431 - Aşağıdaki lisans programlarından birinden mezun olmak. | 3226 - İşletme / İşletmecilik | 3227 - İşletme Bilgi Yönetimi | 3381 - Muhasebe ve Finansman | 5123 - Muhasebe ve Finansal Yönetim / Muhasebe ve Finans Yönetimi | 5143 - Yönetim Bilimleri / Yönetim Bilimleri Programları | 8207 - İş İdaresi | 8208 - İş İdaresi ve İktisat | 8296 - Yönetim ve Organizasyon | 8334 - Pazarlama | 9552 - İşletme-Maliye | 9584 - Yönetim Bilimleri ve Liderlik | 4459 - Aşağıdaki lisans programlarından birinden mezun olmak. | 3254 - Maliye | 4322 - Muhasebe ve Maliye | 8225 - Maliye-Muhasebe | 4503 - Aşağıdaki lisans programlarından birinden mezun olmak. | 3237 - Kamu Yönetimi | 3313 - Siyaset Bilimi | 3314 - Siyaset Bilimi ve Kamu Yönetimi | 6225 - M.E.B.'Dan Onaylı Bilgisayar İşletmeni Sertifikası Sahibi olmak.;54769aa0-82ce-ef11-b177-a0369f7d1d8e
2025;3;303011179;Çevre, Şehircilik ve İklim Değişikliği Bakanlığı;Büro Personeli;Sivas;Lisans;3;16;;;"4421;3159;3213;4386;5106;8208;9113;9221;4431;3226;3227;3381;5123;5143;8207;8208;8296;8334;9552;9584;4459;3254;4322;8225;4503;3237;3313;3314;6225";4421 - Aşağıdaki lisans programlarından birinden mezun olmak. | 3159 - Ekonomi | 3213 - İktisat | 4386 - Uluslararası Ekonomi | 5106 - Ekonomi-Yönetim Bilimleri Programları | 8208 - İş İdaresi ve İktisat | 9113 - Ekonomi Politik ve Toplum Felsefesi | 9221 - Ekonomi ve İdari Bilimler / Ekonomi ve İdari Bilimler Programları | 4431 - Aşağıdaki lisans programlarından birinden mezun olmak. | 3226 - İşletme / İşletmecilik | 3227 - İşletme Bilgi Yönetimi | 3381 - Muhasebe ve Finansman | 5123 - Muhasebe ve Finansal Yönetim / Muhasebe ve Finans Yönetimi | 5143 - Yönetim Bilimleri / Yönetim Bilimleri Programları | 8207 - İş İdaresi | 8208 - İş İdaresi ve İktisat | 8296 - Yönetim ve Organizasyon | 8334 - Pazarlama | 9552 - İşletme-Maliye | 9584 - Yönetim Bilimleri ve Liderlik | 4459 - Aşağıdaki lisans programlarından birinden mezun olmak. | 3254 - Maliye | 4322 - Muhasebe ve Maliye | 8225 - Maliye-Muhasebe | 4503 - Aşağıdaki lisans programlarından birinden mezun olmak. | 3237 - Kamu Yönetimi | 3313 - Siyaset Bilimi | 3314 - Siyaset Bilimi ve Kamu Yönetimi | 6225 - M.E.B.'Dan Onaylı Bilgisayar İşletmeni Sertifikası Sahibi olmak.;55769aa0-82ce-ef11-b177-a0369f7d1d8e
2025;3;303010157;Çevre, Şehircilik ve İklim Değişikliği Bakanlığı;Avukat;Tekirdağ;Lisans;1;0;;;"4419;3209;7205;7361";4419 - Aşağıdaki lisans programlarından birinden mezun olmak. | 3209 - Hukuk | 7205 - Avukatlık Ruhsatı Sahibi olmak. | 7361 - (Bakınız Başvurma Özel Şartları Bölümü Avukat).;57769aa0-82ce-ef11-b177-a0369f7d1d8e
2025;3;303011200;Çevre, Şehircilik ve İklim Değişikliği Bakanlığı;Büro Personeli;Tekirdağ;Lisans;1;6;;;"4421;3159;3213;4386;5106;8208;9113;9221;4431;3226;3227;3381;5123;5143;8207;8208;8296;8334;9552;9584;4459;3254;4322;8225;4503;3237;3313;3314;6225";4421 - Aşağıdaki lisans programlarından birinden mezun olmak. | 3159 - Ekonomi | 3213 - İktisat | 4386 - Uluslararası Ekonomi | 5106 - Ekonomi-Yönetim Bilimleri Programları | 8208 - İş İdaresi ve İktisat | 9113 - Ekonomi Politik ve Toplum Felsefesi | 9221 - Ekonomi ve İdari Bilimler / Ekonomi ve İdari Bilimler Programları | 4431 - Aşağıdaki lisans programlarından birinden mezun olmak. | 3226 - İşletme / İşletmecilik | 3227 - İşletme Bilgi Yönetimi | 3381 - Muhasebe ve Finansman | 5123 - Muhasebe ve Finansal Yönetim / Muhasebe ve Finans Yönetimi | 5143 - Yönetim Bilimleri / Yönetim Bilimleri Programları | 8207 - İş İdaresi | 8208 - İş İdaresi ve İktisat | 8296 - Yönetim ve Organizasyon | 8334 - Pazarlama | 9552 - İşletme-Maliye | 9584 - Yönetim Bilimleri ve Liderlik | 4459 - Aşağıdaki lisans programlarından birinden mezun olmak. | 3254 - Maliye | 4322 - Muhasebe ve Maliye | 8225 - Maliye-Muhasebe | 4503 - Aşağıdaki lisans programlarından birinden mezun olmak. | 3237 - Kamu Yönetimi | 3313 - Siyaset Bilimi | 3314 - Siyaset Bilimi ve Kamu Yönetimi | 6225 - M.E.B.'Dan Onaylı Bilgisayar İşletmeni Sertifikası Sahibi olmak.;58769aa0-82ce-ef11-b177-a0369f7d1d8e
2025;3;303011207;Çevre, Şehircilik ve İklim Değişikliği Bakanlığı;Büro Personeli;Tekirdağ;Lisans;1;6;;;"4421;3159;3213;4386;5106;8208;9113;9221;4431;3226;3227;3381;5123;5143;8207;8208;8296;8334;9552;9584;4459;3254;4322;8225;4503;3237;3313;3314;6225";4421 - Aşağıdaki lisans programlarından birinden mezun olmak. | 3159 - Ekonomi | 3213 - İktisat | 4386 - Uluslararası Ekonomi | 5106 - Ekonomi-Yönetim Bilimleri Programları | 8208 - İş İdaresi ve İktisat | 9113 - Ekonomi Politik ve Toplum Felsefesi | 9221 - Ekonomi ve İdari Bilimler / Ekonomi ve İdari Bilimler Programları | 4431 - Aşağıdaki lisans programlarından birinden mezun olmak. | 3226 - İşletme / İşletmecilik | 3227 - İşletme Bilgi Yönetimi | 3381 - Muhasebe ve Finansman | 5123 - Muhasebe ve Finansal Yönetim / Muhasebe ve Finans Yönetimi | 5143 - Yönetim Bilimleri / Yönetim Bilimleri Programları | 8207 - İş İdaresi | 8208 - İş İdaresi ve İktisat | 8296 - Yönetim ve Organizasyon | 8334 - Pazarlama | 9552 - İşletme-Maliye | 9584 - Yönetim Bilimleri ve Liderlik | 4459 - Aşağıdaki lisans programlarından birinden mezun olmak. | 3254 - Maliye | 4322 - Muhasebe ve Maliye | 8225 - Maliye-Muhasebe | 4503 - Aşağıdaki lisans programlarından birinden mezun olmak. | 3237 - Kamu Yönetimi | 3313 - Siyaset Bilimi | 3314 - Siyaset Bilimi ve Kamu Yönetimi | 6225 - M.E.B.'Dan Onaylı Bilgisayar İşletmeni Sertifikası Sahibi olmak.;59769aa0-82ce-ef11-b177-a0369f7d1d8e
2025;3;303011214;Çevre, Şehircilik ve İklim Değişikliği Bakanlığı;Büro Personeli;Tekirdağ;Lisans;2;12;;;"4421;3159;3213;4386;5106;8208;9113;9221;4431;3226;3227;3381;5123;5143;8207;8208;8296;8334;9552;9584;4459;3254;4322;8225;4503;3237;3313;3314;6225";4421 - Aşağıdaki lisans programlarından birinden mezun olmak. | 3159 - Ekonomi | 3213 - İktisat | 4386 - Uluslararası Ekonomi | 5106 - Ekonomi-Yönetim Bilimleri Programları | 8208 - İş İdaresi ve İktisat | 9113 - Ekonomi Politik ve Toplum Felsefesi | 9221 - Ekonomi ve İdari Bilimler / Ekonomi ve İdari Bilimler Programları | 4431 - Aşağıdaki lisans programlarından birinden mezun olmak. | 3226 - İşletme / İşletmecilik | 3227 - İşletme Bilgi Yönetimi | 3381 - Muhasebe ve Finansman | 5123 - Muhasebe ve Finansal Yönetim / Muhasebe ve Finans Yönetimi | 5143 - Yönetim Bilimleri / Yönetim Bilimleri Programları | 8207 - İş İdaresi | 8208 - İş İdaresi ve İktisat | 8296 - Yönetim ve Organizasyon | 8334 - Pazarlama | 9552 - İşletme-Maliye | 9584 - Yönetim Bilimleri ve Liderlik | 4459 - Aşağıdaki lisans programlarından birinden mezun olmak. | 3254 - Maliye | 4322 - Muhasebe ve Maliye | 8225 - Maliye-Muhasebe | 4503 - Aşağıdaki lisans programlarından birinden mezun olmak. | 3237 - Kamu Yönetimi | 3313 - Siyaset Bilimi | 3314 - Siyaset Bilimi ve Kamu Yönetimi | 6225 - M.E.B.'Dan Onaylı Bilgisayar İşletmeni Sertifikası Sahibi olmak.;5a769aa0-82ce-ef11-b177-a0369f7d1d8e
2025;3;303011221;Çevre, Şehircilik ve İklim Değişikliği Bakanlığı;Büro Personeli;Tekirdağ;Lisans;1;7;;;"4421;3159;3213;4386;5106;8208;9113;9221;4431;3226;3227;3381;5123;5143;8207;8208;8296;8334;9552;9584;4459;3254;4322;8225;4503;3237;3313;3314;6225";4421 - Aşağıdaki lisans programlarından birinden mezun olmak. | 3159 - Ekonomi | 3213 - İktisat | 4386 - Uluslararası Ekonomi | 5106 - Ekonomi-Yönetim Bilimleri Programları | 8208 - İş İdaresi ve İktisat | 9113 - Ekonomi Politik ve Toplum Felsefesi | 9221 - Ekonomi ve İdari Bilimler / Ekonomi ve İdari Bilimler Programları | 4431 - Aşağıdaki lisans programlarından birinden mezun olmak. | 3226 - İşletme / İşletmecilik | 3227 - İşletme Bilgi Yönetimi | 3381 - Muhasebe ve Finansman | 5123 - Muhasebe ve Finansal Yönetim / Muhasebe ve Finans Yönetimi | 5143 - Yönetim Bilimleri / Yönetim Bilimleri Programları | 8207 - İş İdaresi | 8208 - İş İdaresi ve İktisat | 8296 - Yönetim ve Organizasyon | 8334 - Pazarlama | 9552 - İşletme-Maliye | 9584 - Yönetim Bilimleri ve Liderlik | 4459 - Aşağıdaki lisans programlarından birinden mezun olmak. | 3254 - Maliye | 4322 - Muhasebe ve Maliye | 8225 - Maliye-Muhasebe | 4503 - Aşağıdaki lisans programlarından birinden mezun olmak. | 3237 - Kamu Yönetimi | 3313 - Siyaset Bilimi | 3314 - Siyaset Bilimi ve Kamu Yönetimi | 6225 - M.E.B.'Dan Onaylı Bilgisayar İşletmeni Sertifikası Sahibi olmak.;5b769aa0-82ce-ef11-b177-a0369f7d1d8e
2025;3;303011228;Çevre, Şehircilik ve İklim Değişikliği Bakanlığı;Büro Personeli;Tekirdağ;Lisans;1;8;;;"4421;3159;3213;4386;5106;8208;9113;9221;4431;3226;3227;3381;5123;5143;8207;8208;8296;8334;9552;9584;4459;3254;4322;8225;4503;3237;3313;3314;6225";4421 - Aşağıdaki lisans programlarından birinden mezun olmak. | 3159 - Ekonomi | 3213 - İktisat | 4386 - Uluslararası Ekonomi | 5106 - Ekonomi-Yönetim Bilimleri Programları | 8208 - İş İdaresi ve İktisat | 9113 - Ekonomi Politik ve Toplum Felsefesi | 9221 - Ekonomi ve İdari Bilimler / Ekonomi ve İdari Bilimler Programları | 4431 - Aşağıdaki lisans programlarından birinden mezun olmak. | 3226 - İşletme / İşletmecilik | 3227 - İşletme Bilgi Yönetimi | 3381 - Muhasebe ve Finansman | 5123 - Muhasebe ve Finansal Yönetim / Muhasebe ve Finans Yönetimi | 5143 - Yönetim Bilimleri / Yönetim Bilimleri Programları | 8207 - İş İdaresi | 8208 - İş İdaresi ve İktisat | 8296 - Yönetim ve Organizasyon | 8334 - Pazarlama | 9552 - İşletme-Maliye | 9584 - Yönetim Bilimleri ve Liderlik | 4459 - Aşağıdaki lisans programlarından birinden mezun olmak. | 3254 - Maliye | 4322 - Muhasebe ve Maliye | 8225 - Maliye-Muhasebe | 4503 - Aşağıdaki lisans programlarından birinden mezun olmak. | 3237 - Kamu Yönetimi | 3313 - Siyaset Bilimi | 3314 - Siyaset Bilimi ve Kamu Yönetimi | 6225 - M.E.B.'Dan Onaylı Bilgisayar İşletmeni Sertifikası Sahibi olmak.;5c769aa0-82ce-ef11-b177-a0369f7d1d8e
2025;3;303010164;Çevre, Şehircilik ve İklim Değişikliği Bakanlığı;Avukat;Tokat;Lisans;1;0;;;"4419;3209;7205;7361";4419 - Aşağıdaki lisans programlarından birinden mezun olmak. | 3209 - Hukuk | 7205 - Avukatlık Ruhsatı Sahibi olmak. | 7361 - (Bakınız Başvurma Özel Şartları Bölümü Avukat).;5e769aa0-82ce-ef11-b177-a0369f7d1d8e
2025;3;303011235;Çevre, Şehircilik ve İklim Değişikliği Bakanlığı;Büro Personeli;Tokat;Lisans;3;24;;;"4421;3159;3213;4386;5106;8208;9113;9221;4431;3226;3227;3381;5123;5143;8207;8208;8296;8334;9552;9584;4459;3254;4322;8225;4503;3237;3313;3314;6225";4421 - Aşağıdaki lisans programlarından birinden mezun olmak. | 3159 - Ekonomi | 3213 - İktisat | 4386 - Uluslararası Ekonomi | 5106 - Ekonomi-Yönetim Bilimleri Programları | 8208 - İş İdaresi ve İktisat | 9113 - Ekonomi Politik ve Toplum Felsefesi | 9221 - Ekonomi ve İdari Bilimler / Ekonomi ve İdari Bilimler Programları | 4431 - Aşağıdaki lisans programlarından birinden mezun olmak. | 3226 - İşletme / İşletmecilik | 3227 - İşletme Bilgi Yönetimi | 3381 - Muhasebe ve Finansman | 5123 - Muhasebe ve Finansal Yönetim / Muhasebe ve Finans Yönetimi | 5143 - Yönetim Bilimleri / Yönetim Bilimleri Programları | 8207 - İş İdaresi | 8208 - İş İdaresi ve İktisat | 8296 - Yönetim ve Organizasyon | 8334 - Pazarlama | 9552 - İşletme-Maliye | 9584 - Yönetim Bilimleri ve Liderlik | 4459 - Aşağıdaki lisans programlarından birinden mezun olmak. | 3254 - Maliye | 4322 - Muhasebe ve Maliye | 8225 - Maliye-Muhasebe | 4503 - Aşağıdaki lisans programlarından birinden mezun olmak. | 3237 - Kamu Yönetimi | 3313 - Siyaset Bilimi | 3314 - Siyaset Bilimi ve Kamu Yönetimi | 6225 - M.E.B.'Dan Onaylı Bilgisayar İşletmeni Sertifikası Sahibi olmak.;5d769aa0-82ce-ef11-b177-a0369f7d1d8e
2025;3;303011242;Çevre, Şehircilik ve İklim Değişikliği Bakanlığı;Büro Personeli;Trabzon;Lisans;1;11;;;"4421;3159;3213;4386;5106;8208;9113;9221;4431;3226;3227;3381;5123;5143;8207;8208;8296;8334;9552;9584;4459;3254;4322;8225;4503;3237;3313;3314;6225";4421 - Aşağıdaki lisans programlarından birinden mezun olmak. | 3159 - Ekonomi | 3213 - İktisat | 4386 - Uluslararası Ekonomi | 5106 - Ekonomi-Yönetim Bilimleri Programları | 8208 - İş İdaresi ve İktisat | 9113 - Ekonomi Politik ve Toplum Felsefesi | 9221 - Ekonomi ve İdari Bilimler / Ekonomi ve İdari Bilimler Programları | 4431 - Aşağıdaki lisans programlarından birinden mezun olmak. | 3226 - İşletme / İşletmecilik | 3227 - İşletme Bilgi Yönetimi | 3381 - Muhasebe ve Finansman | 5123 - Muhasebe ve Finansal Yönetim / Muhasebe ve Finans Yönetimi | 5143 - Yönetim Bilimleri / Yönetim Bilimleri Programları | 8207 - İş İdaresi | 8208 - İş İdaresi ve İktisat | 8296 - Yönetim ve Organizasyon | 8334 - Pazarlama | 9552 - İşletme-Maliye | 9584 - Yönetim Bilimleri ve Liderlik | 4459 - Aşağıdaki lisans programlarından birinden mezun olmak. | 3254 - Maliye | 4322 - Muhasebe ve Maliye | 8225 - Maliye-Muhasebe | 4503 - Aşağıdaki lisans programlarından birinden mezun olmak. | 3237 - Kamu Yönetimi | 3313 - Siyaset Bilimi | 3314 - Siyaset Bilimi ve Kamu Yönetimi | 6225 - M.E.B.'Dan Onaylı Bilgisayar İşletmeni Sertifikası Sahibi olmak.;5f769aa0-82ce-ef11-b177-a0369f7d1d8e
2025;3;303011249;Çevre, Şehircilik ve İklim Değişikliği Bakanlığı;Büro Personeli;Trabzon;Lisans;1;11;;;"4421;3159;3213;4386;5106;8208;9113;9221;4431;3226;3227;3381;5123;5143;8207;8208;8296;8334;9552;9584;4459;3254;4322;8225;4503;3237;3313;3314;6225";4421 - Aşağıdaki lisans programlarından birinden mezun olmak. | 3159 - Ekonomi | 3213 - İktisat | 4386 - Uluslararası Ekonomi | 5106 - Ekonomi-Yönetim Bilimleri Programları | 8208 - İş İdaresi ve İktisat | 9113 - Ekonomi Politik ve Toplum Felsefesi | 9221 - Ekonomi ve İdari Bilimler / Ekonomi ve İdari Bilimler Programları | 4431 - Aşağıdaki lisans programlarından birinden mezun olmak. | 3226 - İşletme / İşletmecilik | 3227 - İşletme Bilgi Yönetimi | 3381 - Muhasebe ve Finansman | 5123 - Muhasebe ve Finansal Yönetim / Muhasebe ve Finans Yönetimi | 5143 - Yönetim Bilimleri / Yönetim Bilimleri Programları | 8207 - İş İdaresi | 8208 - İş İdaresi ve İktisat | 8296 - Yönetim ve Organizasyon | 8334 - Pazarlama | 9552 - İşletme-Maliye | 9584 - Yönetim Bilimleri ve Liderlik | 4459 - Aşağıdaki lisans programlarından birinden mezun olmak. | 3254 - Maliye | 4322 - Muhasebe ve Maliye | 8225 - Maliye-Muhasebe | 4503 - Aşağıdaki lisans programlarından birinden mezun olmak. | 3237 - Kamu Yönetimi | 3313 - Siyaset Bilimi | 3314 - Siyaset Bilimi ve Kamu Yönetimi | 6225 - M.E.B.'Dan Onaylı Bilgisayar İşletmeni Sertifikası Sahibi olmak.;60769aa0-82ce-ef11-b177-a0369f7d1d8e
2025;3;303011256;Çevre, Şehircilik ve İklim Değişikliği Bakanlığı;Büro Personeli;Trabzon;Lisans;1;6;;;"4421;3159;3213;4386;5106;8208;9113;9221;4431;3226;3227;3381;5123;5143;8207;8208;8296;8334;9552;9584;4459;3254;4322;8225;4503;3237;3313;3314;6225";4421 - Aşağıdaki lisans programlarından birinden mezun olmak. | 3159 - Ekonomi | 3213 - İktisat | 4386 - Uluslararası Ekonomi | 5106 - Ekonomi-Yönetim Bilimleri Programları | 8208 - İş İdaresi ve İktisat | 9113 - Ekonomi Politik ve Toplum Felsefesi | 9221 - Ekonomi ve İdari Bilimler / Ekonomi ve İdari Bilimler Programları | 4431 - Aşağıdaki lisans programlarından birinden mezun olmak. | 3226 - İşletme / İşletmecilik | 3227 - İşletme Bilgi Yönetimi | 3381 - Muhasebe ve Finansman | 5123 - Muhasebe ve Finansal Yönetim / Muhasebe ve Finans Yönetimi | 5143 - Yönetim Bilimleri / Yönetim Bilimleri Programları | 8207 - İş İdaresi | 8208 - İş İdaresi ve İktisat | 8296 - Yönetim ve Organizasyon | 8334 - Pazarlama | 9552 - İşletme-Maliye | 9584 - Yönetim Bilimleri ve Liderlik | 4459 - Aşağıdaki lisans programlarından birinden mezun olmak. | 3254 - Maliye | 4322 - Muhasebe ve Maliye | 8225 - Maliye-Muhasebe | 4503 - Aşağıdaki lisans programlarından birinden mezun olmak. | 3237 - Kamu Yönetimi | 3313 - Siyaset Bilimi | 3314 - Siyaset Bilimi ve Kamu Yönetimi | 6225 - M.E.B.'Dan Onaylı Bilgisayar İşletmeni Sertifikası Sahibi olmak.;61769aa0-82ce-ef11-b177-a0369f7d1d8e
2025;3;303011263;Çevre, Şehircilik ve İklim Değişikliği Bakanlığı;Büro Personeli;Trabzon;Lisans;1;11;;;"4421;3159;3213;4386;5106;8208;9113;9221;4431;3226;3227;3381;5123;5143;8207;8208;8296;8334;9552;9584;4459;3254;4322;8225;4503;3237;3313;3314;6225";4421 - Aşağıdaki lisans programlarından birinden mezun olmak. | 3159 - Ekonomi | 3213 - İktisat | 4386 - Uluslararası Ekonomi | 5106 - Ekonomi-Yönetim Bilimleri Programları | 8208 - İş İdaresi ve İktisat | 9113 - Ekonomi Politik ve Toplum Felsefesi | 9221 - Ekonomi ve İdari Bilimler / Ekonomi ve İdari Bilimler Programları | 4431 - Aşağıdaki lisans programlarından birinden mezun olmak. | 3226 - İşletme / İşletmecilik | 3227 - İşletme Bilgi Yönetimi | 3381 - Muhasebe ve Finansman | 5123 - Muhasebe ve Finansal Yönetim / Muhasebe ve Finans Yönetimi | 5143 - Yönetim Bilimleri / Yönetim Bilimleri Programları | 8207 - İş İdaresi | 8208 - İş İdaresi ve İktisat | 8296 - Yönetim ve Organizasyon | 8334 - Pazarlama | 9552 - İşletme-Maliye | 9584 - Yönetim Bilimleri ve Liderlik | 4459 - Aşağıdaki lisans programlarından birinden mezun olmak. | 3254 - Maliye | 4322 - Muhasebe ve Maliye | 8225 - Maliye-Muhasebe | 4503 - Aşağıdaki lisans programlarından birinden mezun olmak. | 3237 - Kamu Yönetimi | 3313 - Siyaset Bilimi | 3314 - Siyaset Bilimi ve Kamu Yönetimi | 6225 - M.E.B.'Dan Onaylı Bilgisayar İşletmeni Sertifikası Sahibi olmak.;62769aa0-82ce-ef11-b177-a0369f7d1d8e
2025;3;303011270;Çevre, Şehircilik ve İklim Değişikliği Bakanlığı;Büro Personeli;Trabzon;Lisans;2;14;;;"4421;3159;3213;4386;5106;8208;9113;9221;4431;3226;3227;3381;5123;5143;8207;8208;8296;8334;9552;9584;4459;3254;4322;8225;4503;3237;3313;3314;6225";4421 - Aşağıdaki lisans programlarından birinden mezun olmak. | 3159 - Ekonomi | 3213 - İktisat | 4386 - Uluslararası Ekonomi | 5106 - Ekonomi-Yönetim Bilimleri Programları | 8208 - İş İdaresi ve İktisat | 9113 - Ekonomi Politik ve Toplum Felsefesi | 9221 - Ekonomi ve İdari Bilimler / Ekonomi ve İdari Bilimler Programları | 4431 - Aşağıdaki lisans programlarından birinden mezun olmak. | 3226 - İşletme / İşletmecilik | 3227 - İşletme Bilgi Yönetimi | 3381 - Muhasebe ve Finansman | 5123 - Muhasebe ve Finansal Yönetim / Muhasebe ve Finans Yönetimi | 5143 - Yönetim Bilimleri / Yönetim Bilimleri Programları | 8207 - İş İdaresi | 8208 - İş İdaresi ve İktisat | 8296 - Yönetim ve Organizasyon | 8334 - Pazarlama | 9552 - İşletme-Maliye | 9584 - Yönetim Bilimleri ve Liderlik | 4459 - Aşağıdaki lisans programlarından birinden mezun olmak. | 3254 - Maliye | 4322 - Muhasebe ve Maliye | 8225 - Maliye-Muhasebe | 4503 - Aşağıdaki lisans programlarından birinden mezun olmak. | 3237 - Kamu Yönetimi | 3313 - Siyaset Bilimi | 3314 - Siyaset Bilimi ve Kamu Yönetimi | 6225 - M.E.B.'Dan Onaylı Bilgisayar İşletmeni Sertifikası Sahibi olmak.;63769aa0-82ce-ef11-b177-a0369f7d1d8e
2025;3;303011277;Çevre, Şehircilik ve İklim Değişikliği Bakanlığı;Büro Personeli;Trabzon;Lisans;3;13;;;"4421;3159;3213;4386;5106;8208;9113;9221;4431;3226;3227;3381;5123;5143;8207;8208;8296;8334;9552;9584;4459;3254;4322;8225;4503;3237;3313;3314;6225";4421 - Aşağıdaki lisans programlarından birinden mezun olmak. | 3159 - Ekonomi | 3213 - İktisat | 4386 - Uluslararası Ekonomi | 5106 - Ekonomi-Yönetim Bilimleri Programları | 8208 - İş İdaresi ve İktisat | 9113 - Ekonomi Politik ve Toplum Felsefesi | 9221 - Ekonomi ve İdari Bilimler / Ekonomi ve İdari Bilimler Programları | 4431 - Aşağıdaki lisans programlarından birinden mezun olmak. | 3226 - İşletme / İşletmecilik | 3227 - İşletme Bilgi Yönetimi | 3381 - Muhasebe ve Finansman | 5123 - Muhasebe ve Finansal Yönetim / Muhasebe ve Finans Yönetimi | 5143 - Yönetim Bilimleri / Yönetim Bilimleri Programları | 8207 - İş İdaresi | 8208 - İş İdaresi ve İktisat | 8296 - Yönetim ve Organizasyon | 8334 - Pazarlama | 9552 - İşletme-Maliye | 9584 - Yönetim Bilimleri ve Liderlik | 4459 - Aşağıdaki lisans programlarından birinden mezun olmak. | 3254 - Maliye | 4322 - Muhasebe ve Maliye | 8225 - Maliye-Muhasebe | 4503 - Aşağıdaki lisans programlarından birinden mezun olmak. | 3237 - Kamu Yönetimi | 3313 - Siyaset Bilimi | 3314 - Siyaset Bilimi ve Kamu Yönetimi | 6225 - M.E.B.'Dan Onaylı Bilgisayar İşletmeni Sertifikası Sahibi olmak.;64769aa0-82ce-ef11-b177-a0369f7d1d8e
2025;3;303011284;Çevre, Şehircilik ve İklim Değişikliği Bakanlığı;Büro Personeli;Trabzon;Lisans;1;7;;;"4421;3159;3213;4386;5106;8208;9113;9221;4431;3226;3227;3381;5123;5143;8207;8208;8296;8334;9552;9584;4459;3254;4322;8225;4503;3237;3313;3314;6225";4421 - Aşağıdaki lisans programlarından birinden mezun olmak. | 3159 - Ekonomi | 3213 - İktisat | 4386 - Uluslararası Ekonomi | 5106 - Ekonomi-Yönetim Bilimleri Programları | 8208 - İş İdaresi ve İktisat | 9113 - Ekonomi Politik ve Toplum Felsefesi | 9221 - Ekonomi ve İdari Bilimler / Ekonomi ve İdari Bilimler Programları | 4431 - Aşağıdaki lisans programlarından birinden mezun olmak. | 3226 - İşletme / İşletmecilik | 3227 - İşletme Bilgi Yönetimi | 3381 - Muhasebe ve Finansman | 5123 - Muhasebe ve Finansal Yönetim / Muhasebe ve Finans Yönetimi | 5143 - Yönetim Bilimleri / Yönetim Bilimleri Programları | 8207 - İş İdaresi | 8208 - İş İdaresi ve İktisat | 8296 - Yönetim ve Organizasyon | 8334 - Pazarlama | 9552 - İşletme-Maliye | 9584 - Yönetim Bilimleri ve Liderlik | 4459 - Aşağıdaki lisans programlarından birinden mezun olmak. | 3254 - Maliye | 4322 - Muhasebe ve Maliye | 8225 - Maliye-Muhasebe | 4503 - Aşağıdaki lisans programlarından birinden mezun olmak. | 3237 - Kamu Yönetimi | 3313 - Siyaset Bilimi | 3314 - Siyaset Bilimi ve Kamu Yönetimi | 6225 - M.E.B.'Dan Onaylı Bilgisayar İşletmeni Sertifikası Sahibi olmak.;65769aa0-82ce-ef11-b177-a0369f7d1d8e
2025;3;303011291;Çevre, Şehircilik ve İklim Değişikliği Bakanlığı;Büro Personeli;Tunceli;Lisans;1;7;;;"4421;3159;3213;4386;5106;8208;9113;9221;4431;3226;3227;3381;5123;5143;8207;8208;8296;8334;9552;9584;4459;3254;4322;8225;4503;3237;3313;3314;6225";4421 - Aşağıdaki lisans programlarından birinden mezun olmak. | 3159 - Ekonomi | 3213 - İktisat | 4386 - Uluslararası Ekonomi | 5106 - Ekonomi-Yönetim Bilimleri Programları | 8208 - İş İdaresi ve İktisat | 9113 - Ekonomi Politik ve Toplum Felsefesi | 9221 - Ekonomi ve İdari Bilimler / Ekonomi ve İdari Bilimler Programları | 4431 - Aşağıdaki lisans programlarından birinden mezun olmak. | 3226 - İşletme / İşletmecilik | 3227 - İşletme Bilgi Yönetimi | 3381 - Muhasebe ve Finansman | 5123 - Muhasebe ve Finansal Yönetim / Muhasebe ve Finans Yönetimi | 5143 - Yönetim Bilimleri / Yönetim Bilimleri Programları | 8207 - İş İdaresi | 8208 - İş İdaresi ve İktisat | 8296 - Yönetim ve Organizasyon | 8334 - Pazarlama | 9552 - İşletme-Maliye | 9584 - Yönetim Bilimleri ve Liderlik | 4459 - Aşağıdaki lisans programlarından birinden mezun olmak. | 3254 - Maliye | 4322 - Muhasebe ve Maliye | 8225 - Maliye-Muhasebe | 4503 - Aşağıdaki lisans programlarından birinden mezun olmak. | 3237 - Kamu Yönetimi | 3313 - Siyaset Bilimi | 3314 - Siyaset Bilimi ve Kamu Yönetimi | 6225 - M.E.B.'Dan Onaylı Bilgisayar İşletmeni Sertifikası Sahibi olmak.;66769aa0-82ce-ef11-b177-a0369f7d1d8e
2025;3;303011186;Çevre, Şehircilik ve İklim Değişikliği Bakanlığı;Büro Personeli;Şanlıurfa;Lisans;3;17;;;"4421;3159;3213;4386;5106;8208;9113;9221;4431;3226;3227;3381;5123;5143;8207;8208;8296;8334;9552;9584;4459;3254;4322;8225;4503;3237;3313;3314;6225";4421 - Aşağıdaki lisans programlarından birinden mezun olmak. | 3159 - Ekonomi | 3213 - İktisat | 4386 - Uluslararası Ekonomi | 5106 - Ekonomi-Yönetim Bilimleri Programları | 8208 - İş İdaresi ve İktisat | 9113 - Ekonomi Politik ve Toplum Felsefesi | 9221 - Ekonomi ve İdari Bilimler / Ekonomi ve İdari Bilimler Programları | 4431 - Aşağıdaki lisans programlarından birinden mezun olmak. | 3226 - İşletme / İşletmecilik | 3227 - İşletme Bilgi Yönetimi | 3381 - Muhasebe ve Finansman | 5123 - Muhasebe ve Finansal Yönetim / Muhasebe ve Finans Yönetimi | 5143 - Yönetim Bilimleri / Yönetim Bilimleri Programları | 8207 - İş İdaresi | 8208 - İş İdaresi ve İktisat | 8296 - Yönetim ve Organizasyon | 8334 - Pazarlama | 9552 - İşletme-Maliye | 9584 - Yönetim Bilimleri ve Liderlik | 4459 - Aşağıdaki lisans programlarından birinden mezun olmak. | 3254 - Maliye | 4322 - Muhasebe ve Maliye | 8225 - Maliye-Muhasebe | 4503 - Aşağıdaki lisans programlarından birinden mezun olmak. | 3237 - Kamu Yönetimi | 3313 - Siyaset Bilimi | 3314 - Siyaset Bilimi ve Kamu Yönetimi | 6225 - M.E.B.'Dan Onaylı Bilgisayar İşletmeni Sertifikası Sahibi olmak.;6f769aa0-82ce-ef11-b177-a0369f7d1d8e
2025;3;303011480;Çevre, Şehircilik ve İklim Değişikliği Bakanlığı;Mühendis;Şanlıurfa;Lisans;2;2;;;"4677;3142";4677 - Aşağıdaki lisans programlarından birinden mezun olmak. | 3142 - Çevre Mühendisliği;6e769aa0-82ce-ef11-b177-a0369f7d1d8e
2025;3;303011298;Çevre, Şehircilik ve İklim Değişikliği Bakanlığı;Büro Personeli;Uşak;Lisans;1;9;;;"4421;3159;3213;4386;5106;8208;9113;9221;4431;3226;3227;3381;5123;5143;8207;8208;8296;8334;9552;9584;4459;3254;4322;8225;4503;3237;3313;3314;6225";4421 - Aşağıdaki lisans programlarından birinden mezun olmak. | 3159 - Ekonomi | 3213 - İktisat | 4386 - Uluslararası Ekonomi | 5106 - Ekonomi-Yönetim Bilimleri Programları | 8208 - İş İdaresi ve İktisat | 9113 - Ekonomi Politik ve Toplum Felsefesi | 9221 - Ekonomi ve İdari Bilimler / Ekonomi ve İdari Bilimler Programları | 4431 - Aşağıdaki lisans programlarından birinden mezun olmak. | 3226 - İşletme / İşletmecilik | 3227 - İşletme Bilgi Yönetimi | 3381 - Muhasebe ve Finansman | 5123 - Muhasebe ve Finansal Yönetim / Muhasebe ve Finans Yönetimi | 5143 - Yönetim Bilimleri / Yönetim Bilimleri Programları | 8207 - İş İdaresi | 8208 - İş İdaresi ve İktisat | 8296 - Yönetim ve Organizasyon | 8334 - Pazarlama | 9552 - İşletme-Maliye | 9584 - Yönetim Bilimleri ve Liderlik | 4459 - Aşağıdaki lisans programlarından birinden mezun olmak. | 3254 - Maliye | 4322 - Muhasebe ve Maliye | 8225 - Maliye-Muhasebe | 4503 - Aşağıdaki lisans programlarından birinden mezun olmak. | 3237 - Kamu Yönetimi | 3313 - Siyaset Bilimi | 3314 - Siyaset Bilimi ve Kamu Yönetimi | 6225 - M.E.B.'Dan Onaylı Bilgisayar İşletmeni Sertifikası Sahibi olmak.;70769aa0-82ce-ef11-b177-a0369f7d1d8e
2025;3;303011305;Çevre, Şehircilik ve İklim Değişikliği Bakanlığı;Büro Personeli;Uşak;Lisans;1;9;;;"4421;3159;3213;4386;5106;8208;9113;9221;4431;3226;3227;3381;5123;5143;8207;8208;8296;8334;9552;9584;4459;3254;4322;8225;4503;3237;3313;3314;6225";4421 - Aşağıdaki lisans programlarından birinden mezun olmak. | 3159 - Ekonomi | 3213 - İktisat | 4386 - Uluslararası Ekonomi | 5106 - Ekonomi-Yönetim Bilimleri Programları | 8208 - İş İdaresi ve İktisat | 9113 - Ekonomi Politik ve Toplum Felsefesi | 9221 - Ekonomi ve İdari Bilimler / Ekonomi ve İdari Bilimler Programları | 4431 - Aşağıdaki lisans programlarından birinden mezun olmak. | 3226 - İşletme / İşletmecilik | 3227 - İşletme Bilgi Yönetimi | 3381 - Muhasebe ve Finansman | 5123 - Muhasebe ve Finansal Yönetim / Muhasebe ve Finans Yönetimi | 5143 - Yönetim Bilimleri / Yönetim Bilimleri Programları | 8207 - İş İdaresi | 8208 - İş İdaresi ve İktisat | 8296 - Yönetim ve Organizasyon | 8334 - Pazarlama | 9552 - İşletme-Maliye | 9584 - Yönetim Bilimleri ve Liderlik | 4459 - Aşağıdaki lisans programlarından birinden mezun olmak. | 3254 - Maliye | 4322 - Muhasebe ve Maliye | 8225 - Maliye-Muhasebe | 4503 - Aşağıdaki lisans programlarından birinden mezun olmak. | 3237 - Kamu Yönetimi | 3313 - Siyaset Bilimi | 3314 - Siyaset Bilimi ve Kamu Yönetimi | 6225 - M.E.B.'Dan Onaylı Bilgisayar İşletmeni Sertifikası Sahibi olmak.;71769aa0-82ce-ef11-b177-a0369f7d1d8e
2025;3;303011312;Çevre, Şehircilik ve İklim Değişikliği Bakanlığı;Büro Personeli;Uşak;Lisans;1;8;;;"4421;3159;3213;4386;5106;8208;9113;9221;4431;3226;3227;3381;5123;5143;8207;8208;8296;8334;9552;9584;4459;3254;4322;8225;4503;3237;3313;3314;6225";4421 - Aşağıdaki lisans programlarından birinden mezun olmak. | 3159 - Ekonomi | 3213 - İktisat | 4386 - Uluslararası Ekonomi | 5106 - Ekonomi-Yönetim Bilimleri Programları | 8208 - İş İdaresi ve İktisat | 9113 - Ekonomi Politik ve Toplum Felsefesi | 9221 - Ekonomi ve İdari Bilimler / Ekonomi ve İdari Bilimler Programları | 4431 - Aşağıdaki lisans programlarından birinden mezun olmak. | 3226 - İşletme / İşletmecilik | 3227 - İşletme Bilgi Yönetimi | 3381 - Muhasebe ve Finansman | 5123 - Muhasebe ve Finansal Yönetim / Muhasebe ve Finans Yönetimi | 5143 - Yönetim Bilimleri / Yönetim Bilimleri Programları | 8207 - İş İdaresi | 8208 - İş İdaresi ve İktisat | 8296 - Yönetim ve Organizasyon | 8334 - Pazarlama | 9552 - İşletme-Maliye | 9584 - Yönetim Bilimleri ve Liderlik | 4459 - Aşağıdaki lisans programlarından birinden mezun olmak. | 3254 - Maliye | 4322 - Muhasebe ve Maliye | 8225 - Maliye-Muhasebe | 4503 - Aşağıdaki lisans programlarından birinden mezun olmak. | 3237 - Kamu Yönetimi | 3313 - Siyaset Bilimi | 3314 - Siyaset Bilimi ve Kamu Yönetimi | 6225 - M.E.B.'Dan Onaylı Bilgisayar İşletmeni Sertifikası Sahibi olmak.;72769aa0-82ce-ef11-b177-a0369f7d1d8e
2025;3;303011319;Çevre, Şehircilik ve İklim Değişikliği Bakanlığı;Büro Personeli;Uşak;Lisans;1;8;;;"4421;3159;3213;4386;5106;8208;9113;9221;4431;3226;3227;3381;5123;5143;8207;8208;8296;8334;9552;9584;4459;3254;4322;8225;4503;3237;3313;3314;6225";4421 - Aşağıdaki lisans programlarından birinden mezun olmak. | 3159 - Ekonomi | 3213 - İktisat | 4386 - Uluslararası Ekonomi | 5106 - Ekonomi-Yönetim Bilimleri Programları | 8208 - İş İdaresi ve İktisat | 9113 - Ekonomi Politik ve Toplum Felsefesi | 9221 - Ekonomi ve İdari Bilimler / Ekonomi ve İdari Bilimler Programları | 4431 - Aşağıdaki lisans programlarından birinden mezun olmak. | 3226 - İşletme / İşletmecilik | 3227 - İşletme Bilgi Yönetimi | 3381 - Muhasebe ve Finansman | 5123 - Muhasebe ve Finansal Yönetim / Muhasebe ve Finans Yönetimi | 5143 - Yönetim Bilimleri / Yönetim Bilimleri Programları | 8207 - İş İdaresi | 8208 - İş İdaresi ve İktisat | 8296 - Yönetim ve Organizasyon | 8334 - Pazarlama | 9552 - İşletme-Maliye | 9584 - Yönetim Bilimleri ve Liderlik | 4459 - Aşağıdaki lisans programlarından birinden mezun olmak. | 3254 - Maliye | 4322 - Muhasebe ve Maliye | 8225 - Maliye-Muhasebe | 4503 - Aşağıdaki lisans programlarından birinden mezun olmak. | 3237 - Kamu Yönetimi | 3313 - Siyaset Bilimi | 3314 - Siyaset Bilimi ve Kamu Yönetimi | 6225 - M.E.B.'Dan Onaylı Bilgisayar İşletmeni Sertifikası Sahibi olmak.;73769aa0-82ce-ef11-b177-a0369f7d1d8e
2025;3;303010171;Çevre, Şehircilik ve İklim Değişikliği Bakanlığı;Avukat;Van;Lisans;1;0;;;"4419;3209;7205;7361";4419 - Aşağıdaki lisans programlarından birinden mezun olmak. | 3209 - Hukuk | 7205 - Avukatlık Ruhsatı Sahibi olmak. | 7361 - (Bakınız Başvurma Özel Şartları Bölümü Avukat).;77769aa0-82ce-ef11-b177-a0369f7d1d8e
2025;3;303011326;Çevre, Şehircilik ve İklim Değişikliği Bakanlığı;Büro Personeli;Van;Lisans;1;7;;;"4421;3159;3213;4386;5106;8208;9113;9221;4431;3226;3227;3381;5123;5143;8207;8208;8296;8334;9552;9584;4459;3254;4322;8225;4503;3237;3313;3314;6225";4421 - Aşağıdaki lisans programlarından birinden mezun olmak. | 3159 - Ekonomi | 3213 - İktisat | 4386 - Uluslararası Ekonomi | 5106 - Ekonomi-Yönetim Bilimleri Programları | 8208 - İş İdaresi ve İktisat | 9113 - Ekonomi Politik ve Toplum Felsefesi | 9221 - Ekonomi ve İdari Bilimler / Ekonomi ve İdari Bilimler Programları | 4431 - Aşağıdaki lisans programlarından birinden mezun olmak. | 3226 - İşletme / İşletmecilik | 3227 - İşletme Bilgi Yönetimi | 3381 - Muhasebe ve Finansman | 5123 - Muhasebe ve Finansal Yönetim / Muhasebe ve Finans Yönetimi | 5143 - Yönetim Bilimleri / Yönetim Bilimleri Programları | 8207 - İş İdaresi | 8208 - İş İdaresi ve İktisat | 8296 - Yönetim ve Organizasyon | 8334 - Pazarlama | 9552 - İşletme-Maliye | 9584 - Yönetim Bilimleri ve Liderlik | 4459 - Aşağıdaki lisans programlarından birinden mezun olmak. | 3254 - Maliye | 4322 - Muhasebe ve Maliye | 8225 - Maliye-Muhasebe | 4503 - Aşağıdaki lisans programlarından birinden mezun olmak. | 3237 - Kamu Yönetimi | 3313 - Siyaset Bilimi | 3314 - Siyaset Bilimi ve Kamu Yönetimi | 6225 - M.E.B.'Dan Onaylı Bilgisayar İşletmeni Sertifikası Sahibi olmak.;74769aa0-82ce-ef11-b177-a0369f7d1d8e
2025;3;303011333;Çevre, Şehircilik ve İklim Değişikliği Bakanlığı;Büro Personeli;Van;Lisans;6;22;;;"4421;3159;3213;4386;5106;8208;9113;9221;4431;3226;3227;3381;5123;5143;8207;8208;8296;8334;9552;9584;4459;3254;4322;8225;4503;3237;3313;3314;6225";4421 - Aşağıdaki lisans programlarından birinden mezun olmak. | 3159 - Ekonomi | 3213 - İktisat | 4386 - Uluslararası Ekonomi | 5106 - Ekonomi-Yönetim Bilimleri Programları | 8208 - İş İdaresi ve İktisat | 9113 - Ekonomi Politik ve Toplum Felsefesi | 9221 - Ekonomi ve İdari Bilimler / Ekonomi ve İdari Bilimler Programları | 4431 - Aşağıdaki lisans programlarından birinden mezun olmak. | 3226 - İşletme / İşletmecilik | 3227 - İşletme Bilgi Yönetimi | 3381 - Muhasebe ve Finansman | 5123 - Muhasebe ve Finansal Yönetim / Muhasebe ve Finans Yönetimi | 5143 - Yönetim Bilimleri / Yönetim Bilimleri Programları | 8207 - İş İdaresi | 8208 - İş İdaresi ve İktisat | 8296 - Yönetim ve Organizasyon | 8334 - Pazarlama | 9552 - İşletme-Maliye | 9584 - Yönetim Bilimleri ve Liderlik | 4459 - Aşağıdaki lisans programlarından birinden mezun olmak. | 3254 - Maliye | 4322 - Muhasebe ve Maliye | 8225 - Maliye-Muhasebe | 4503 - Aşağıdaki lisans programlarından birinden mezun olmak. | 3237 - Kamu Yönetimi | 3313 - Siyaset Bilimi | 3314 - Siyaset Bilimi ve Kamu Yönetimi | 6225 - M.E.B.'Dan Onaylı Bilgisayar İşletmeni Sertifikası Sahibi olmak.;75769aa0-82ce-ef11-b177-a0369f7d1d8e
2025;3;303011340;Çevre, Şehircilik ve İklim Değişikliği Bakanlığı;Büro Personeli;Van;Lisans;1;6;;;"4421;3159;3213;4386;5106;8208;9113;9221;4431;3226;3227;3381;5123;5143;8207;8208;8296;8334;9552;9584;4459;3254;4322;8225;4503;3237;3313;3314;6225";4421 - Aşağıdaki lisans programlarından birinden mezun olmak. | 3159 - Ekonomi | 3213 - İktisat | 4386 - Uluslararası Ekonomi | 5106 - Ekonomi-Yönetim Bilimleri Programları | 8208 - İş İdaresi ve İktisat | 9113 - Ekonomi Politik ve Toplum Felsefesi | 9221 - Ekonomi ve İdari Bilimler / Ekonomi ve İdari Bilimler Programları | 4431 - Aşağıdaki lisans programlarından birinden mezun olmak. | 3226 - İşletme / İşletmecilik | 3227 - İşletme Bilgi Yönetimi | 3381 - Muhasebe ve Finansman | 5123 - Muhasebe ve Finansal Yönetim / Muhasebe ve Finans Yönetimi | 5143 - Yönetim Bilimleri / Yönetim Bilimleri Programları | 8207 - İş İdaresi | 8208 - İş İdaresi ve İktisat | 8296 - Yönetim ve Organizasyon | 8334 - Pazarlama | 9552 - İşletme-Maliye | 9584 - Yönetim Bilimleri ve Liderlik | 4459 - Aşağıdaki lisans programlarından birinden mezun olmak. | 3254 - Maliye | 4322 - Muhasebe ve Maliye | 8225 - Maliye-Muhasebe | 4503 - Aşağıdaki lisans programlarından birinden mezun olmak. | 3237 - Kamu Yönetimi | 3313 - Siyaset Bilimi | 3314 - Siyaset Bilimi ve Kamu Yönetimi | 6225 - M.E.B.'Dan Onaylı Bilgisayar İşletmeni Sertifikası Sahibi olmak.;76769aa0-82ce-ef11-b177-a0369f7d1d8e
2025;3;303011361;Çevre, Şehircilik ve İklim Değişikliği Bakanlığı;Büro Personeli;Yozgat;Lisans;4;26;;;"4421;3159;3213;4386;5106;8208;9113;9221;4431;3226;3227;3381;5123;5143;8207;8208;8296;8334;9552;9584;4459;3254;4322;8225;4503;3237;3313;3314;6225";4421 - Aşağıdaki lisans programlarından birinden mezun olmak. | 3159 - Ekonomi | 3213 - İktisat | 4386 - Uluslararası Ekonomi | 5106 - Ekonomi-Yönetim Bilimleri Programları | 8208 - İş İdaresi ve İktisat | 9113 - Ekonomi Politik ve Toplum Felsefesi | 9221 - Ekonomi ve İdari Bilimler / Ekonomi ve İdari Bilimler Programları | 4431 - Aşağıdaki lisans programlarından birinden mezun olmak. | 3226 - İşletme / İşletmecilik | 3227 - İşletme Bilgi Yönetimi | 3381 - Muhasebe ve Finansman | 5123 - Muhasebe ve Finansal Yönetim / Muhasebe ve Finans Yönetimi | 5143 - Yönetim Bilimleri / Yönetim Bilimleri Programları | 8207 - İş İdaresi | 8208 - İş İdaresi ve İktisat | 8296 - Yönetim ve Organizasyon | 8334 - Pazarlama | 9552 - İşletme-Maliye | 9584 - Yönetim Bilimleri ve Liderlik | 4459 - Aşağıdaki lisans programlarından birinden mezun olmak. | 3254 - Maliye | 4322 - Muhasebe ve Maliye | 8225 - Maliye-Muhasebe | 4503 - Aşağıdaki lisans programlarından birinden mezun olmak. | 3237 - Kamu Yönetimi | 3313 - Siyaset Bilimi | 3314 - Siyaset Bilimi ve Kamu Yönetimi | 6225 - M.E.B.'Dan Onaylı Bilgisayar İşletmeni Sertifikası Sahibi olmak.;78769aa0-82ce-ef11-b177-a0369f7d1d8e
2025;3;303011368;Çevre, Şehircilik ve İklim Değişikliği Bakanlığı;Büro Personeli;Zonguldak;Lisans;1;7;;;"4421;3159;3213;4386;5106;8208;9113;9221;4431;3226;3227;3381;5123;5143;8207;8208;8296;8334;9552;9584;4459;3254;4322;8225;4503;3237;3313;3314;6225";4421 - Aşağıdaki lisans programlarından birinden mezun olmak. | 3159 - Ekonomi | 3213 - İktisat | 4386 - Uluslararası Ekonomi | 5106 - Ekonomi-Yönetim Bilimleri Programları | 8208 - İş İdaresi ve İktisat | 9113 - Ekonomi Politik ve Toplum Felsefesi | 9221 - Ekonomi ve İdari Bilimler / Ekonomi ve İdari Bilimler Programları | 4431 - Aşağıdaki lisans programlarından birinden mezun olmak. | 3226 - İşletme / İşletmecilik | 3227 - İşletme Bilgi Yönetimi | 3381 - Muhasebe ve Finansman | 5123 - Muhasebe ve Finansal Yönetim / Muhasebe ve Finans Yönetimi | 5143 - Yönetim Bilimleri / Yönetim Bilimleri Programları | 8207 - İş İdaresi | 8208 - İş İdaresi ve İktisat | 8296 - Yönetim ve Organizasyon | 8334 - Pazarlama | 9552 - İşletme-Maliye | 9584 - Yönetim Bilimleri ve Liderlik | 4459 - Aşağıdaki lisans programlarından birinden mezun olmak. | 3254 - Maliye | 4322 - Muhasebe ve Maliye | 8225 - Maliye-Muhasebe | 4503 - Aşağıdaki lisans programlarından birinden mezun olmak. | 3237 - Kamu Yönetimi | 3313 - Siyaset Bilimi | 3314 - Siyaset Bilimi ve Kamu Yönetimi | 6225 - M.E.B.'Dan Onaylı Bilgisayar İşletmeni Sertifikası Sahibi olmak.;79769aa0-82ce-ef11-b177-a0369f7d1d8e
2025;3;303011375;Çevre, Şehircilik ve İklim Değişikliği Bakanlığı;Büro Personeli;Zonguldak;Lisans;1;7;;;"4421;3159;3213;4386;5106;8208;9113;9221;4431;3226;3227;3381;5123;5143;8207;8208;8296;8334;9552;9584;4459;3254;4322;8225;4503;3237;3313;3314;6225";4421 - Aşağıdaki lisans programlarından birinden mezun olmak. | 3159 - Ekonomi | 3213 - İktisat | 4386 - Uluslararası Ekonomi | 5106 - Ekonomi-Yönetim Bilimleri Programları | 8208 - İş İdaresi ve İktisat | 9113 - Ekonomi Politik ve Toplum Felsefesi | 9221 - Ekonomi ve İdari Bilimler / Ekonomi ve İdari Bilimler Programları | 4431 - Aşağıdaki lisans programlarından birinden mezun olmak. | 3226 - İşletme / İşletmecilik | 3227 - İşletme Bilgi Yönetimi | 3381 - Muhasebe ve Finansman | 5123 - Muhasebe ve Finansal Yönetim / Muhasebe ve Finans Yönetimi | 5143 - Yönetim Bilimleri / Yönetim Bilimleri Programları | 8207 - İş İdaresi | 8208 - İş İdaresi ve İktisat | 8296 - Yönetim ve Organizasyon | 8334 - Pazarlama | 9552 - İşletme-Maliye | 9584 - Yönetim Bilimleri ve Liderlik | 4459 - Aşağıdaki lisans programlarından birinden mezun olmak. | 3254 - Maliye | 4322 - Muhasebe ve Maliye | 8225 - Maliye-Muhasebe | 4503 - Aşağıdaki lisans programlarından birinden mezun olmak. | 3237 - Kamu Yönetimi | 3313 - Siyaset Bilimi | 3314 - Siyaset Bilimi ve Kamu Yönetimi | 6225 - M.E.B.'Dan Onaylı Bilgisayar İşletmeni Sertifikası Sahibi olmak.;7a769aa0-82ce-ef11-b177-a0369f7d1d8e
2025;3;303011382;Çevre, Şehircilik ve İklim Değişikliği Bakanlığı;Büro Personeli;Zonguldak;Lisans;1;6;;;"4421;3159;3213;4386;5106;8208;9113;9221;4431;3226;3227;3381;5123;5143;8207;8208;8296;8334;9552;9584;4459;3254;4322;8225;4503;3237;3313;3314;6225";4421 - Aşağıdaki lisans programlarından birinden mezun olmak. | 3159 - Ekonomi | 3213 - İktisat | 4386 - Uluslararası Ekonomi | 5106 - Ekonomi-Yönetim Bilimleri Programları | 8208 - İş İdaresi ve İktisat | 9113 - Ekonomi Politik ve Toplum Felsefesi | 9221 - Ekonomi ve İdari Bilimler / Ekonomi ve İdari Bilimler Programları | 4431 - Aşağıdaki lisans programlarından birinden mezun olmak. | 3226 - İşletme / İşletmecilik | 3227 - İşletme Bilgi Yönetimi | 3381 - Muhasebe ve Finansman | 5123 - Muhasebe ve Finansal Yönetim / Muhasebe ve Finans Yönetimi | 5143 - Yönetim Bilimleri / Yönetim Bilimleri Programları | 8207 - İş İdaresi | 8208 - İş İdaresi ve İktisat | 8296 - Yönetim ve Organizasyon | 8334 - Pazarlama | 9552 - İşletme-Maliye | 9584 - Yönetim Bilimleri ve Liderlik | 4459 - Aşağıdaki lisans programlarından birinden mezun olmak. | 3254 - Maliye | 4322 - Muhasebe ve Maliye | 8225 - Maliye-Muhasebe | 4503 - Aşağıdaki lisans programlarından birinden mezun olmak. | 3237 - Kamu Yönetimi | 3313 - Siyaset Bilimi | 3314 - Siyaset Bilimi ve Kamu Yönetimi | 6225 - M.E.B.'Dan Onaylı Bilgisayar İşletmeni Sertifikası Sahibi olmak.;7b769aa0-82ce-ef11-b177-a0369f7d1d8e
2025;3;303010108;Çevre, Şehircilik ve İklim Değişikliği Bakanlığı;Avukat;Aksaray;Lisans;1;0;;;"4419;3209;7205;7361";4419 - Aşağıdaki lisans programlarından birinden mezun olmak. | 3209 - Hukuk | 7205 - Avukatlık Ruhsatı Sahibi olmak. | 7361 - (Bakınız Başvurma Özel Şartları Bölümü Avukat).;7f769aa0-82ce-ef11-b177-a0369f7d1d8e
2025;3;303010213;Çevre, Şehircilik ve İklim Değişikliği Bakanlığı;Büro Personeli;Aksaray;Lisans;2;16;;;"4421;3159;3213;4386;5106;8208;9113;9221;4431;3226;3227;3381;5123;5143;8207;8208;8296;8334;9552;9584;4459;3254;4322;8225;4503;3237;3313;3314;6225";4421 - Aşağıdaki lisans programlarından birinden mezun olmak. | 3159 - Ekonomi | 3213 - İktisat | 4386 - Uluslararası Ekonomi | 5106 - Ekonomi-Yönetim Bilimleri Programları | 8208 - İş İdaresi ve İktisat | 9113 - Ekonomi Politik ve Toplum Felsefesi | 9221 - Ekonomi ve İdari Bilimler / Ekonomi ve İdari Bilimler Programları | 4431 - Aşağıdaki lisans programlarından birinden mezun olmak. | 3226 - İşletme / İşletmecilik | 3227 - İşletme Bilgi Yönetimi | 3381 - Muhasebe ve Finansman | 5123 - Muhasebe ve Finansal Yönetim / Muhasebe ve Finans Yönetimi | 5143 - Yönetim Bilimleri / Yönetim Bilimleri Programları | 8207 - İş İdaresi | 8208 - İş İdaresi ve İktisat | 8296 - Yönetim ve Organizasyon | 8334 - Pazarlama | 9552 - İşletme-Maliye | 9584 - Yönetim Bilimleri ve Liderlik | 4459 - Aşağıdaki lisans programlarından birinden mezun olmak. | 3254 - Maliye | 4322 - Muhasebe ve Maliye | 8225 - Maliye-Muhasebe | 4503 - Aşağıdaki lisans programlarından birinden mezun olmak. | 3237 - Kamu Yönetimi | 3313 - Siyaset Bilimi | 3314 - Siyaset Bilimi ve Kamu Yönetimi | 6225 - M.E.B.'Dan Onaylı Bilgisayar İşletmeni Sertifikası Sahibi olmak.;7d769aa0-82ce-ef11-b177-a0369f7d1d8e
2025;3;303010409;Çevre, Şehircilik ve İklim Değişikliği Bakanlığı;Büro Personeli;Bayburt;Lisans;3;15;;;"4421;3159;3213;4386;5106;8208;9113;9221;4431;3226;3227;3381;5123;5143;8207;8208;8296;8334;9552;9584;4459;3254;4322;8225;4503;3237;3313;3314;6225";4421 - Aşağıdaki lisans programlarından birinden mezun olmak. | 3159 - Ekonomi | 3213 - İktisat | 4386 - Uluslararası Ekonomi | 5106 - Ekonomi-Yönetim Bilimleri Programları | 8208 - İş İdaresi ve İktisat | 9113 - Ekonomi Politik ve Toplum Felsefesi | 9221 - Ekonomi ve İdari Bilimler / Ekonomi ve İdari Bilimler Programları | 4431 - Aşağıdaki lisans programlarından birinden mezun olmak. | 3226 - İşletme / İşletmecilik | 3227 - İşletme Bilgi Yönetimi | 3381 - Muhasebe ve Finansman | 5123 - Muhasebe ve Finansal Yönetim / Muhasebe ve Finans Yönetimi | 5143 - Yönetim Bilimleri / Yönetim Bilimleri Programları | 8207 - İş İdaresi | 8208 - İş İdaresi ve İktisat | 8296 - Yönetim ve Organizasyon | 8334 - Pazarlama | 9552 - İşletme-Maliye | 9584 - Yönetim Bilimleri ve Liderlik | 4459 - Aşağıdaki lisans programlarından birinden mezun olmak. | 3254 - Maliye | 4322 - Muhasebe ve Maliye | 8225 - Maliye-Muhasebe | 4503 - Aşağıdaki lisans programlarından birinden mezun olmak. | 3237 - Kamu Yönetimi | 3313 - Siyaset Bilimi | 3314 - Siyaset Bilimi ve Kamu Yönetimi | 6225 - M.E.B.'Dan Onaylı Bilgisayar İşletmeni Sertifikası Sahibi olmak.;80769aa0-82ce-ef11-b177-a0369f7d1d8e
2025;3;303010402;Çevre, Şehircilik ve İklim Değişikliği Bakanlığı;Büro Personeli;Batman;Lisans;1;7;;;"4421;3159;3213;4386;5106;8208;9113;9221;4431;3226;3227;3381;5123;5143;8207;8208;8296;8334;9552;9584;4459;3254;4322;8225;4503;3237;3313;3314;6225";4421 - Aşağıdaki lisans programlarından birinden mezun olmak. | 3159 - Ekonomi | 3213 - İktisat | 4386 - Uluslararası Ekonomi | 5106 - Ekonomi-Yönetim Bilimleri Programları | 8208 - İş İdaresi ve İktisat | 9113 - Ekonomi Politik ve Toplum Felsefesi | 9221 - Ekonomi ve İdari Bilimler / Ekonomi ve İdari Bilimler Programları | 4431 - Aşağıdaki lisans programlarından birinden mezun olmak. | 3226 - İşletme / İşletmecilik | 3227 - İşletme Bilgi Yönetimi | 3381 - Muhasebe ve Finansman | 5123 - Muhasebe ve Finansal Yönetim / Muhasebe ve Finans Yönetimi | 5143 - Yönetim Bilimleri / Yönetim Bilimleri Programları | 8207 - İş İdaresi | 8208 - İş İdaresi ve İktisat | 8296 - Yönetim ve Organizasyon | 8334 - Pazarlama | 9552 - İşletme-Maliye | 9584 - Yönetim Bilimleri ve Liderlik | 4459 - Aşağıdaki lisans programlarından birinden mezun olmak. | 3254 - Maliye | 4322 - Muhasebe ve Maliye | 8225 - Maliye-Muhasebe | 4503 - Aşağıdaki lisans programlarından birinden mezun olmak. | 3237 - Kamu Yönetimi | 3313 - Siyaset Bilimi | 3314 - Siyaset Bilimi ve Kamu Yönetimi | 6225 - M.E.B.'Dan Onaylı Bilgisayar İşletmeni Sertifikası Sahibi olmak.;81769aa0-82ce-ef11-b177-a0369f7d1d8e
2025;3;303011193;Çevre, Şehircilik ve İklim Değişikliği Bakanlığı;Büro Personeli;Şırnak;Lisans;3;16;;;"4421;3159;3213;4386;5106;8208;9113;9221;4431;3226;3227;3381;5123;5143;8207;8208;8296;8334;9552;9584;4459;3254;4322;8225;4503;3237;3313;3314;6225";4421 - Aşağıdaki lisans programlarından birinden mezun olmak. | 3159 - Ekonomi | 3213 - İktisat | 4386 - Uluslararası Ekonomi | 5106 - Ekonomi-Yönetim Bilimleri Programları | 8208 - İş İdaresi ve İktisat | 9113 - Ekonomi Politik ve Toplum Felsefesi | 9221 - Ekonomi ve İdari Bilimler / Ekonomi ve İdari Bilimler Programları | 4431 - Aşağıdaki lisans programlarından birinden mezun olmak. | 3226 - İşletme / İşletmecilik | 3227 - İşletme Bilgi Yönetimi | 3381 - Muhasebe ve Finansman | 5123 - Muhasebe ve Finansal Yönetim / Muhasebe ve Finans Yönetimi | 5143 - Yönetim Bilimleri / Yönetim Bilimleri Programları | 8207 - İş İdaresi | 8208 - İş İdaresi ve İktisat | 8296 - Yönetim ve Organizasyon | 8334 - Pazarlama | 9552 - İşletme-Maliye | 9584 - Yönetim Bilimleri ve Liderlik | 4459 - Aşağıdaki lisans programlarından birinden mezun olmak. | 3254 - Maliye | 4322 - Muhasebe ve Maliye | 8225 - Maliye-Muhasebe | 4503 - Aşağıdaki lisans programlarından birinden mezun olmak. | 3237 - Kamu Yönetimi | 3313 - Siyaset Bilimi | 3314 - Siyaset Bilimi ve Kamu Yönetimi | 6225 - M.E.B.'Dan Onaylı Bilgisayar İşletmeni Sertifikası Sahibi olmak.;84769aa0-82ce-ef11-b177-a0369f7d1d8e
2025;3;303010388;Çevre, Şehircilik ve İklim Değişikliği Bakanlığı;Büro Personeli;Bartın;Lisans;2;11;;;"4421;3159;3213;4386;5106;8208;9113;9221;4431;3226;3227;3381;5123;5143;8207;8208;8296;8334;9552;9584;4459;3254;4322;8225;4503;3237;3313;3314;6225";4421 - Aşağıdaki lisans programlarından birinden mezun olmak. | 3159 - Ekonomi | 3213 - İktisat | 4386 - Uluslararası Ekonomi | 5106 - Ekonomi-Yönetim Bilimleri Programları | 8208 - İş İdaresi ve İktisat | 9113 - Ekonomi Politik ve Toplum Felsefesi | 9221 - Ekonomi ve İdari Bilimler / Ekonomi ve İdari Bilimler Programları | 4431 - Aşağıdaki lisans programlarından birinden mezun olmak. | 3226 - İşletme / İşletmecilik | 3227 - İşletme Bilgi Yönetimi | 3381 - Muhasebe ve Finansman | 5123 - Muhasebe ve Finansal Yönetim / Muhasebe ve Finans Yönetimi | 5143 - Yönetim Bilimleri / Yönetim Bilimleri Programları | 8207 - İş İdaresi | 8208 - İş İdaresi ve İktisat | 8296 - Yönetim ve Organizasyon | 8334 - Pazarlama | 9552 - İşletme-Maliye | 9584 - Yönetim Bilimleri ve Liderlik | 4459 - Aşağıdaki lisans programlarından birinden mezun olmak. | 3254 - Maliye | 4322 - Muhasebe ve Maliye | 8225 - Maliye-Muhasebe | 4503 - Aşağıdaki lisans programlarından birinden mezun olmak. | 3237 - Kamu Yönetimi | 3313 - Siyaset Bilimi | 3314 - Siyaset Bilimi ve Kamu Yönetimi | 6225 - M.E.B.'Dan Onaylı Bilgisayar İşletmeni Sertifikası Sahibi olmak.;85769aa0-82ce-ef11-b177-a0369f7d1d8e
2025;3;303010395;Çevre, Şehircilik ve İklim Değişikliği Bakanlığı;Büro Personeli;Bartın;Lisans;1;8;;;"4421;3159;3213;4386;5106;8208;9113;9221;4431;3226;3227;3381;5123;5143;8207;8208;8296;8334;9552;9584;4459;3254;4322;8225;4503;3237;3313;3314;6225";4421 - Aşağıdaki lisans programlarından birinden mezun olmak. | 3159 - Ekonomi | 3213 - İktisat | 4386 - Uluslararası Ekonomi | 5106 - Ekonomi-Yönetim Bilimleri Programları | 8208 - İş İdaresi ve İktisat | 9113 - Ekonomi Politik ve Toplum Felsefesi | 9221 - Ekonomi ve İdari Bilimler / Ekonomi ve İdari Bilimler Programları | 4431 - Aşağıdaki lisans programlarından birinden mezun olmak. | 3226 - İşletme / İşletmecilik | 3227 - İşletme Bilgi Yönetimi | 3381 - Muhasebe ve Finansman | 5123 - Muhasebe ve Finansal Yönetim / Muhasebe ve Finans Yönetimi | 5143 - Yönetim Bilimleri / Yönetim Bilimleri Programları | 8207 - İş İdaresi | 8208 - İş İdaresi ve İktisat | 8296 - Yönetim ve Organizasyon | 8334 - Pazarlama | 9552 - İşletme-Maliye | 9584 - Yönetim Bilimleri ve Liderlik | 4459 - Aşağıdaki lisans programlarından birinden mezun olmak. | 3254 - Maliye | 4322 - Muhasebe ve Maliye | 8225 - Maliye-Muhasebe | 4503 - Aşağıdaki lisans programlarından birinden mezun olmak. | 3237 - Kamu Yönetimi | 3313 - Siyaset Bilimi | 3314 - Siyaset Bilimi ve Kamu Yönetimi | 6225 - M.E.B.'Dan Onaylı Bilgisayar İşletmeni Sertifikası Sahibi olmak.;86769aa0-82ce-ef11-b177-a0369f7d1d8e
2025;3;303010276;Çevre, Şehircilik ve İklim Değişikliği Bakanlığı;Büro Personeli;Ardahan;Lisans;2;9;;;"4421;3159;3213;4386;5106;8208;9113;9221;4431;3226;3227;3381;5123;5143;8207;8208;8296;8334;9552;9584;4459;3254;4322;8225;4503;3237;3313;3314;6225";4421 - Aşağıdaki lisans programlarından birinden mezun olmak. | 3159 - Ekonomi | 3213 - İktisat | 4386 - Uluslararası Ekonomi | 5106 - Ekonomi-Yönetim Bilimleri Programları | 8208 - İş İdaresi ve İktisat | 9113 - Ekonomi Politik ve Toplum Felsefesi | 9221 - Ekonomi ve İdari Bilimler / Ekonomi ve İdari Bilimler Programları | 4431 - Aşağıdaki lisans programlarından birinden mezun olmak. | 3226 - İşletme / İşletmecilik | 3227 - İşletme Bilgi Yönetimi | 3381 - Muhasebe ve Finansman | 5123 - Muhasebe ve Finansal Yönetim / Muhasebe ve Finans Yönetimi | 5143 - Yönetim Bilimleri / Yönetim Bilimleri Programları | 8207 - İş İdaresi | 8208 - İş İdaresi ve İktisat | 8296 - Yönetim ve Organizasyon | 8334 - Pazarlama | 9552 - İşletme-Maliye | 9584 - Yönetim Bilimleri ve Liderlik | 4459 - Aşağıdaki lisans programlarından birinden mezun olmak. | 3254 - Maliye | 4322 - Muhasebe ve Maliye | 8225 - Maliye-Muhasebe | 4503 - Aşağıdaki lisans programlarından birinden mezun olmak. | 3237 - Kamu Yönetimi | 3313 - Siyaset Bilimi | 3314 - Siyaset Bilimi ve Kamu Yönetimi | 6225 - M.E.B.'Dan Onaylı Bilgisayar İşletmeni Sertifikası Sahibi olmak.;87769aa0-82ce-ef11-b177-a0369f7d1d8e
2025;3;303010724;Çevre, Şehircilik ve İklim Değişikliği Bakanlığı;Büro Personeli;Iğdır;Lisans;2;10;;;"4421;3159;3213;4386;5106;8208;9113;9221;4431;3226;3227;3381;5123;5143;8207;8208;8296;8334;9552;9584;4459;3254;4322;8225;4503;3237;3313;3314;6225";4421 - Aşağıdaki lisans programlarından birinden mezun olmak. | 3159 - Ekonomi | 3213 - İktisat | 4386 - Uluslararası Ekonomi | 5106 - Ekonomi-Yönetim Bilimleri Programları | 8208 - İş İdaresi ve İktisat | 9113 - Ekonomi Politik ve Toplum Felsefesi | 9221 - Ekonomi ve İdari Bilimler / Ekonomi ve İdari Bilimler Programları | 4431 - Aşağıdaki lisans programlarından birinden mezun olmak. | 3226 - İşletme / İşletmecilik | 3227 - İşletme Bilgi Yönetimi | 3381 - Muhasebe ve Finansman | 5123 - Muhasebe ve Finansal Yönetim / Muhasebe ve Finans Yönetimi | 5143 - Yönetim Bilimleri / Yönetim Bilimleri Programları | 8207 - İş İdaresi | 8208 - İş İdaresi ve İktisat | 8296 - Yönetim ve Organizasyon | 8334 - Pazarlama | 9552 - İşletme-Maliye | 9584 - Yönetim Bilimleri ve Liderlik | 4459 - Aşağıdaki lisans programlarından birinden mezun olmak. | 3254 - Maliye | 4322 - Muhasebe ve Maliye | 8225 - Maliye-Muhasebe | 4503 - Aşağıdaki lisans programlarından birinden mezun olmak. | 3237 - Kamu Yönetimi | 3313 - Siyaset Bilimi | 3314 - Siyaset Bilimi ve Kamu Yönetimi | 6225 - M.E.B.'Dan Onaylı Bilgisayar İşletmeni Sertifikası Sahibi olmak.;8b769aa0-82ce-ef11-b177-a0369f7d1d8e
2025;3;303011445;Çevre, Şehircilik ve İklim Değişikliği Bakanlığı;Mühendis;Iğdır;Lisans;2;1;;;"4677;3142;7300";4677 - Aşağıdaki lisans programlarından birinden mezun olmak. | 3142 - Çevre Mühendisliği | 7300 - Bu kadro/pozisyonda vardiya sistemi uygulanmaktadır.;8c769aa0-82ce-ef11-b177-a0369f7d1d8e
2025;3;303011543;Çevre, Şehircilik ve İklim Değişikliği Bakanlığı;Mühendis;Iğdır;Lisans;1;1;;;"4689;3233;8324;9034;9572";4689 - Aşağıdaki lisans programlarından birinden mezun olmak. | 3233 - Jeodezi ve Fotogrametri Mühendisliği | 8324 - Harita Mühendisliği | 9034 - Geomatik Mühendisliği | 9572 - Jeodezi ve Haritacılık Mühendisliği;90769aa0-82ce-ef11-b177-a0369f7d1d8e
2025;3;303011613;Çevre, Şehircilik ve İklim Değişikliği Bakanlığı;Mühendis;Iğdır;Lisans;1;0;;;"4669;3221";4669 - Aşağıdaki lisans programlarından birinden mezun olmak. | 3221 - İnşaat Mühendisliği;8f769aa0-82ce-ef11-b177-a0369f7d1d8e
2025;3;303011697;Çevre, Şehircilik ve İklim Değişikliği Bakanlığı;Mühendis;Iğdır;Lisans;1;0;;;"4685;3206;4334;6235";4685 - Aşağıdaki lisans programlarından birinden mezun olmak. | 3206 - Hidrojeoloji Mühendisliği | 4334 - Petrol ve Doğalgaz Jeolojisi | 6235 - Jeoloji Mühendisliği;8d769aa0-82ce-ef11-b177-a0369f7d1d8e
2025;3;303011753;Çevre, Şehircilik ve İklim Değişikliği Bakanlığı;Mühendis;Iğdır;Lisans;1;1;;;"4639;3252;4314;4315;9441";4639 - Aşağıdaki lisans programlarından birinden mezun olmak. | 3252 - Makine Mühendisliği | 4314 - Makine ve İmalat Mühendisliği | 4315 - Makine ve Üretim Mühendisliği | 9441 - Makine ve Malzeme Mühendisliği;8e769aa0-82ce-ef11-b177-a0369f7d1d8e
2025;3;303011347;Çevre, Şehircilik ve İklim Değişikliği Bakanlığı;Büro Personeli;Yalova;Lisans;2;16;;;"4421;3159;3213;4386;5106;8208;9113;9221;4431;3226;3227;3381;5123;5143;8207;8208;8296;8334;9552;9584;4459;3254;4322;8225;4503;3237;3313;3314;6225";4421 - Aşağıdaki lisans programlarından birinden mezun olmak. | 3159 - Ekonomi | 3213 - İktisat | 4386 - Uluslararası Ekonomi | 5106 - Ekonomi-Yönetim Bilimleri Programları | 8208 - İş İdaresi ve İktisat | 9113 - Ekonomi Politik ve Toplum Felsefesi | 9221 - Ekonomi ve İdari Bilimler / Ekonomi ve İdari Bilimler Programları | 4431 - Aşağıdaki lisans programlarından birinden mezun olmak. | 3226 - İşletme / İşletmecilik | 3227 - İşletme Bilgi Yönetimi | 3381 - Muhasebe ve Finansman | 5123 - Muhasebe ve Finansal Yönetim / Muhasebe ve Finans Yönetimi | 5143 - Yönetim Bilimleri / Yönetim Bilimleri Programları | 8207 - İş İdaresi | 8208 - İş İdaresi ve İktisat | 8296 - Yönetim ve Organizasyon | 8334 - Pazarlama | 9552 - İşletme-Maliye | 9584 - Yönetim Bilimleri ve Liderlik | 4459 - Aşağıdaki lisans programlarından birinden mezun olmak. | 3254 - Maliye | 4322 - Muhasebe ve Maliye | 8225 - Maliye-Muhasebe | 4503 - Aşağıdaki lisans programlarından birinden mezun olmak. | 3237 - Kamu Yönetimi | 3313 - Siyaset Bilimi | 3314 - Siyaset Bilimi ve Kamu Yönetimi | 6225 - M.E.B.'Dan Onaylı Bilgisayar İşletmeni Sertifikası Sahibi olmak.;91769aa0-82ce-ef11-b177-a0369f7d1d8e
2025;3;303011354;Çevre, Şehircilik ve İklim Değişikliği Bakanlığı;Büro Personeli;Yalova;Lisans;1;8;;;"4421;3159;3213;4386;5106;8208;9113;9221;4431;3226;3227;3381;5123;5143;8207;8208;8296;8334;9552;9584;4459;3254;4322;8225;4503;3237;3313;3314;6225";4421 - Aşağıdaki lisans programlarından birinden mezun olmak. | 3159 - Ekonomi | 3213 - İktisat | 4386 - Uluslararası Ekonomi | 5106 - Ekonomi-Yönetim Bilimleri Programları | 8208 - İş İdaresi ve İktisat | 9113 - Ekonomi Politik ve Toplum Felsefesi | 9221 - Ekonomi ve İdari Bilimler / Ekonomi ve İdari Bilimler Programları | 4431 - Aşağıdaki lisans programlarından birinden mezun olmak. | 3226 - İşletme / İşletmecilik | 3227 - İşletme Bilgi Yönetimi | 3381 - Muhasebe ve Finansman | 5123 - Muhasebe ve Finansal Yönetim / Muhasebe ve Finans Yönetimi | 5143 - Yönetim Bilimleri / Yönetim Bilimleri Programları | 8207 - İş İdaresi | 8208 - İş İdaresi ve İktisat | 8296 - Yönetim ve Organizasyon | 8334 - Pazarlama | 9552 - İşletme-Maliye | 9584 - Yönetim Bilimleri ve Liderlik | 4459 - Aşağıdaki lisans programlarından birinden mezun olmak. | 3254 - Maliye | 4322 - Muhasebe ve Maliye | 8225 - Maliye-Muhasebe | 4503 - Aşağıdaki lisans programlarından birinden mezun olmak. | 3237 - Kamu Yönetimi | 3313 - Siyaset Bilimi | 3314 - Siyaset Bilimi ve Kamu Yönetimi | 6225 - M.E.B.'Dan Onaylı Bilgisayar İşletmeni Sertifikası Sahibi olmak.;92769aa0-82ce-ef11-b177-a0369f7d1d8e
2025;3;303010850;Çevre, Şehircilik ve İklim Değişikliği Bakanlığı;Büro Personeli;Kilis;Lisans;1;6;;;"4421;3159;3213;4386;5106;8208;9113;9221;4431;3226;3227;3381;5123;5143;8207;8208;8296;8334;9552;9584;4459;3254;4322;8225;4503;3237;3313;3314;6225";4421 - Aşağıdaki lisans programlarından birinden mezun olmak. | 3159 - Ekonomi | 3213 - İktisat | 4386 - Uluslararası Ekonomi | 5106 - Ekonomi-Yönetim Bilimleri Programları | 8208 - İş İdaresi ve İktisat | 9113 - Ekonomi Politik ve Toplum Felsefesi | 9221 - Ekonomi ve İdari Bilimler / Ekonomi ve İdari Bilimler Programları | 4431 - Aşağıdaki lisans programlarından birinden mezun olmak. | 3226 - İşletme / İşletmecilik | 3227 - İşletme Bilgi Yönetimi | 3381 - Muhasebe ve Finansman | 5123 - Muhasebe ve Finansal Yönetim / Muhasebe ve Finans Yönetimi | 5143 - Yönetim Bilimleri / Yönetim Bilimleri Programları | 8207 - İş İdaresi | 8208 - İş İdaresi ve İktisat | 8296 - Yönetim ve Organizasyon | 8334 - Pazarlama | 9552 - İşletme-Maliye | 9584 - Yönetim Bilimleri ve Liderlik | 4459 - Aşağıdaki lisans programlarından birinden mezun olmak. | 3254 - Maliye | 4322 - Muhasebe ve Maliye | 8225 - Maliye-Muhasebe | 4503 - Aşağıdaki lisans programlarından birinden mezun olmak. | 3237 - Kamu Yönetimi | 3313 - Siyaset Bilimi | 3314 - Siyaset Bilimi ve Kamu Yönetimi | 6225 - M.E.B.'Dan Onaylı Bilgisayar İşletmeni Sertifikası Sahibi olmak.;97769aa0-82ce-ef11-b177-a0369f7d1d8e
2025;3;303010857;Çevre, Şehircilik ve İklim Değişikliği Bakanlığı;Büro Personeli;Kilis;Lisans;1;7;;;"4421;3159;3213;4386;5106;8208;9113;9221;4431;3226;3227;3381;5123;5143;8207;8208;8296;8334;9552;9584;4459;3254;4322;8225;4503;3237;3313;3314;6225";4421 - Aşağıdaki lisans programlarından birinden mezun olmak. | 3159 - Ekonomi | 3213 - İktisat | 4386 - Uluslararası Ekonomi | 5106 - Ekonomi-Yönetim Bilimleri Programları | 8208 - İş İdaresi ve İktisat | 9113 - Ekonomi Politik ve Toplum Felsefesi | 9221 - Ekonomi ve İdari Bilimler / Ekonomi ve İdari Bilimler Programları | 4431 - Aşağıdaki lisans programlarından birinden mezun olmak. | 3226 - İşletme / İşletmecilik | 3227 - İşletme Bilgi Yönetimi | 3381 - Muhasebe ve Finansman | 5123 - Muhasebe ve Finansal Yönetim / Muhasebe ve Finans Yönetimi | 5143 - Yönetim Bilimleri / Yönetim Bilimleri Programları | 8207 - İş İdaresi | 8208 - İş İdaresi ve İktisat | 8296 - Yönetim ve Organizasyon | 8334 - Pazarlama | 9552 - İşletme-Maliye | 9584 - Yönetim Bilimleri ve Liderlik | 4459 - Aşağıdaki lisans programlarından birinden mezun olmak. | 3254 - Maliye | 4322 - Muhasebe ve Maliye | 8225 - Maliye-Muhasebe | 4503 - Aşağıdaki lisans programlarından birinden mezun olmak. | 3237 - Kamu Yönetimi | 3313 - Siyaset Bilimi | 3314 - Siyaset Bilimi ve Kamu Yönetimi | 6225 - M.E.B.'Dan Onaylı Bilgisayar İşletmeni Sertifikası Sahibi olmak.;98769aa0-82ce-ef11-b177-a0369f7d1d8e
2025;3;303011403;Çevre, Şehircilik ve İklim Değişikliği Bakanlığı;Mimar;Kilis;Lisans;1;0;;;"4747;3263";4747 - Aşağıdaki lisans programlarından birinden mezun olmak. | 3263 - Mimarlık;94769aa0-82ce-ef11-b177-a0369f7d1d8e
2025;3;303011466;Çevre, Şehircilik ve İklim Değişikliği Bakanlığı;Mühendis;Kilis;Lisans;2;1;;;"4677;3142;7300";4677 - Aşağıdaki lisans programlarından birinden mezun olmak. | 3142 - Çevre Mühendisliği | 7300 - Bu kadro/pozisyonda vardiya sistemi uygulanmaktadır.;93769aa0-82ce-ef11-b177-a0369f7d1d8e
2025;3;303011557;Çevre, Şehircilik ve İklim Değişikliği Bakanlığı;Mühendis;Kilis;Lisans;1;1;;;"4689;3233;8324;9034;9572";4689 - Aşağıdaki lisans programlarından birinden mezun olmak. | 3233 - Jeodezi ve Fotogrametri Mühendisliği | 8324 - Harita Mühendisliği | 9034 - Geomatik Mühendisliği | 9572 - Jeodezi ve Haritacılık Mühendisliği;95769aa0-82ce-ef11-b177-a0369f7d1d8e
2025;3;303011760;Çevre, Şehircilik ve İklim Değişikliği Bakanlığı;Mühendis;Kilis;Lisans;3;1;;;"4639;3252;4314;4315;9441";4639 - Aşağıdaki lisans programlarından birinden mezun olmak. | 3252 - Makine Mühendisliği | 4314 - Makine ve İmalat Mühendisliği | 4315 - Makine ve Üretim Mühendisliği | 9441 - Makine ve Malzeme Mühendisliği;96769aa0-82ce-ef11-b177-a0369f7d1d8e
2025;3;303011109;Çevre, Şehircilik ve İklim Değişikliği Bakanlığı;Büro Personeli;Osmaniye;Lisans;1;7;;;"4421;3159;3213;4386;5106;8208;9113;9221;4431;3226;3227;3381;5123;5143;8207;8208;8296;8334;9552;9584;4459;3254;4322;8225;4503;3237;3313;3314;6225";4421 - Aşağıdaki lisans programlarından birinden mezun olmak. | 3159 - Ekonomi | 3213 - İktisat | 4386 - Uluslararası Ekonomi | 5106 - Ekonomi-Yönetim Bilimleri Programları | 8208 - İş İdaresi ve İktisat | 9113 - Ekonomi Politik ve Toplum Felsefesi | 9221 - Ekonomi ve İdari Bilimler / Ekonomi ve İdari Bilimler Programları | 4431 - Aşağıdaki lisans programlarından birinden mezun olmak. | 3226 - İşletme / İşletmecilik | 3227 - İşletme Bilgi Yönetimi | 3381 - Muhasebe ve Finansman | 5123 - Muhasebe ve Finansal Yönetim / Muhasebe ve Finans Yönetimi | 5143 - Yönetim Bilimleri / Yönetim Bilimleri Programları | 8207 - İş İdaresi | 8208 - İş İdaresi ve İktisat | 8296 - Yönetim ve Organizasyon | 8334 - Pazarlama | 9552 - İşletme-Maliye | 9584 - Yönetim Bilimleri ve Liderlik | 4459 - Aşağıdaki lisans programlarından birinden mezun olmak. | 3254 - Maliye | 4322 - Muhasebe ve Maliye | 8225 - Maliye-Muhasebe | 4503 - Aşağıdaki lisans programlarından birinden mezun olmak. | 3237 - Kamu Yönetimi | 3313 - Siyaset Bilimi | 3314 - Siyaset Bilimi ve Kamu Yönetimi | 6225 - M.E.B.'Dan Onaylı Bilgisayar İşletmeni Sertifikası Sahibi olmak.;99769aa0-82ce-ef11-b177-a0369f7d1d8e
2025;3;303010612;Çevre, Şehircilik ve İklim Değişikliği Bakanlığı;Büro Personeli;Düzce;Lisans;2;9;;;"4421;3159;3213;4386;5106;8208;9113;9221;4431;3226;3227;3381;5123;5143;8207;8208;8296;8334;9552;9584;4459;3254;4322;8225;4503;3237;3313;3314;6225";4421 - Aşağıdaki lisans programlarından birinden mezun olmak. | 3159 - Ekonomi | 3213 - İktisat | 4386 - Uluslararası Ekonomi | 5106 - Ekonomi-Yönetim Bilimleri Programları | 8208 - İş İdaresi ve İktisat | 9113 - Ekonomi Politik ve Toplum Felsefesi | 9221 - Ekonomi ve İdari Bilimler / Ekonomi ve İdari Bilimler Programları | 4431 - Aşağıdaki lisans programlarından birinden mezun olmak. | 3226 - İşletme / İşletmecilik | 3227 - İşletme Bilgi Yönetimi | 3381 - Muhasebe ve Finansman | 5123 - Muhasebe ve Finansal Yönetim / Muhasebe ve Finans Yönetimi | 5143 - Yönetim Bilimleri / Yönetim Bilimleri Programları | 8207 - İş İdaresi | 8208 - İş İdaresi ve İktisat | 8296 - Yönetim ve Organizasyon | 8334 - Pazarlama | 9552 - İşletme-Maliye | 9584 - Yönetim Bilimleri ve Liderlik | 4459 - Aşağıdaki lisans programlarından birinden mezun olmak. | 3254 - Maliye | 4322 - Muhasebe ve Maliye | 8225 - Maliye-Muhasebe | 4503 - Aşağıdaki lisans programlarından birinden mezun olmak. | 3237 - Kamu Yönetimi | 3313 - Siyaset Bilimi | 3314 - Siyaset Bilimi ve Kamu Yönetimi | 6225 - M.E.B.'Dan Onaylı Bilgisayar İşletmeni Sertifikası Sahibi olmak.;9b769aa0-82ce-ef11-b177-a0369f7d1d8e
